Record,Location,X,Y,lon,lat,Date,Time,Environment,Road_Surface,Traffic_Control,Collision_Location,Light,Collision_Classification,Impact_type,Neighborhood
213,ALBION RD    S btwn TURN LANE & ALBION RD,371920.7969,5024190.777,-75.64333546,45.35444938,2016-06-10,17:35,01 - Clear,01 - Dry,10 - No control,04 - At/near private drive,01 - Daylight,02 - Non-fatal injury,05 - Turning movement,Emerald Woods - Sawmill Creek
214,ALBION RD    S btwn TURN LANE & ALBION RD,371922.1507,5024188.8,-75.64331845,45.35443147,2016-07-03,0:00,01 - Clear,01 - Dry,10 - No control,04 - At/near private drive,07 - Dark,03 - P.D. only,05 - Turning movement,Emerald Woods - Sawmill Creek
215,ALBION RD    S btwn TURN LANE & ALBION RD,371907.4304,5024223.682,-75.64350157,45.35474673,2016-11-14,15:22,01 - Clear,01 - Dry,10 - No control,04 - At/near private drive,01 - Daylight,03 - P.D. only,02 - Angle,South Keys - Heron Gate - Greenboro West
216,ALBION RD @ 210 S OF HIGH RD/EARL ARMSTRONG RD,374709.4442,5017555.438,-75.60868491,45.29447464,2016-02-10,15:30,01 - Clear,02 - Wet,01 - Traffic signal,03 - At intersection,01 - Daylight,03 - P.D. only,02 - Angle,Greenbelt
217,ALBION RD @ BANK ST,371947.3569,5024129.25,-75.64300487,45.35389324,2016-06-18,19:37,01 - Clear,01 - Dry,01 - Traffic signal,03 - At intersection,01 - Daylight,02 - Non-fatal injury,02 - Angle,Emerald Woods - Sawmill Creek
218,ALBION RD @ BANK ST,371946.5084,5024128.841,-75.64301575,45.35388964,2016-12-15,17:32,01 - Clear,01 - Dry,01 - Traffic signal,03 - At intersection,07 - Dark,02 - Non-fatal injury,05 - Turning movement,Emerald Woods - Sawmill Creek
219,ALBION RD @ BANK ST,371946.062,5024130.609,-75.64302121,45.35390559,2016-02-21,16:46,01 - Clear,01 - Dry,01 - Traffic signal,02 - Intersection related,01 - Daylight,03 - P.D. only,03 - Rear end,Emerald Woods - Sawmill Creek
220,ALBION RD @ BANK ST,371947.4021,5024129.05,-75.64300432,45.35389144,2016-05-09,21:35,01 - Clear,01 - Dry,01 - Traffic signal,02 - Intersection related,07 - Dark,03 - P.D. only,03 - Rear end,Emerald Woods - Sawmill Creek
221,ALBION RD @ BANK ST,371946.9534,5024128.823,-75.64301008,45.35388944,2016-05-04,19:00,01 - Clear,01 - Dry,01 - Traffic signal,02 - Intersection related,01 - Daylight,03 - P.D. only,03 - Rear end,Emerald Woods - Sawmill Creek
222,ALBION RD @ BANK ST,371946.5084,5024128.841,-75.64301575,45.35388964,2016-10-31,13:03,01 - Clear,01 - Dry,01 - Traffic signal,03 - At intersection,01 - Daylight,03 - P.D. only,05 - Turning movement,Emerald Woods - Sawmill Creek
223,ALBION RD @ BANK ST,371947.2013,5024129.263,-75.64300685,45.35389337,2016-12-22,7:56,03 - Snow,03 - Loose snow,01 - Traffic signal,02 - Intersection related,01 - Daylight,03 - P.D. only,03 - Rear end,Emerald Woods - Sawmill Creek
224,ALBION RD @ BANK ST,371945.8997,5024129.085,-75.64302349,45.3538919,2016-12-07,19:29,01 - Clear,01 - Dry,01 - Traffic signal,02 - Intersection related,07 - Dark,03 - P.D. only,03 - Rear end,Emerald Woods - Sawmill Creek
225,ALBION RD @ BRIDLE PATH DR,372106.0702,5023740.282,-75.6410324,45.35037823,2016-09-09,14:39,01 - Clear,01 - Dry,01 - Traffic signal,03 - At intersection,01 - Daylight,03 - P.D. only,02 - Angle,Emerald Woods - Sawmill Creek
226,ALBION RD @ CAHILL DR,371725.9505,5024667.859,-75.64575742,45.35876063,2016-12-05,7:45,03 - Snow,03 - Loose snow,02 - Stop sign,02 - Intersection related,03 - Dawn,03 - P.D. only,02 - Angle,South Keys - Heron Gate - Greenboro West
227,ALBION RD @ FINDLAY CREEK DR,374010.0249,5019208.543,-75.61737035,45.30941799,2016-02-05,16:21,01 - Clear,01 - Dry,01 - Traffic signal,03 - At intersection,01 - Daylight,03 - P.D. only,05 - Turning movement,Greenbelt
228,ALBION RD @ GOTH AVE,372332.5137,5023197.6,-75.63821693,45.34547359,2016-06-23,20:24,01 - Clear,01 - Dry,02 - Stop sign,02 - Intersection related,01 - Daylight,03 - P.D. only,03 - Rear end,Blossom Park - Blossom Park West - Sawmill Creek/ Timbermill
229,ALBION RD @ HIGH RD,374627.2907,5017745.67,-75.60970542,45.29619446,2016-08-16,8:36,01 - Clear,01 - Dry,02 - Stop sign,02 - Intersection related,01 - Daylight,03 - P.D. only,03 - Rear end,Greenbelt
230,ALBION RD @ HUNT CLUB RD,371867.9557,5024321.184,-75.64399211,45.3556278,2016-03-10,22:06,"07 - Fog, mist, smoke, dust",02 - Wet,01 - Traffic signal,03 - At intersection,07 - Dark,02 - Non-fatal injury,05 - Turning movement,South Keys - Heron Gate - Greenboro West
231,ALBION RD @ HUNT CLUB RD,371867.6801,5024320.49,-75.64399572,45.35562158,2016-05-24,18:26,01 - Clear,01 - Dry,01 - Traffic signal,02 - Intersection related,01 - Daylight,02 - Non-fatal injury,03 - Rear end,South Keys - Heron Gate - Greenboro West
232,ALBION RD @ HUNT CLUB RD,371867.7671,5024320.627,-75.64399459,45.3556228,2016-07-08,15:49,01 - Clear,01 - Dry,01 - Traffic signal,02 - Intersection related,01 - Daylight,02 - Non-fatal injury,03 - Rear end,South Keys - Heron Gate - Greenboro West
233,ALBION RD @ HUNT CLUB RD,371867.6373,5024320.491,-75.64399626,45.35562159,2016-05-16,10:08,01 - Clear,01 - Dry,01 - Traffic signal,02 - Intersection related,01 - Daylight,03 - P.D. only,03 - Rear end,South Keys - Heron Gate - Greenboro West
234,ALBION RD @ HUNT CLUB RD,371867.674,5024320.468,-75.6439958,45.35562138,2016-01-31,23:05,01 - Clear,02 - Wet,01 - Traffic signal,03 - At intersection,07 - Dark,03 - P.D. only,02 - Angle,South Keys - Heron Gate - Greenboro West
235,ALBION RD @ HUNT CLUB RD,371869.39,5024319.276,-75.64397406,45.35561049,2016-10-21,20:08,02 - Rain,02 - Wet,01 - Traffic signal,02 - Intersection related,07 - Dark,03 - P.D. only,03 - Rear end,South Keys - Heron Gate - Greenboro West
236,ALBION RD @ HUNT CLUB RD,371867.7507,5024320.58,-75.6439948,45.35562238,2016-01-18,18:58,01 - Clear,01 - Dry,01 - Traffic signal,03 - At intersection,07 - Dark,03 - P.D. only,05 - Turning movement,South Keys - Heron Gate - Greenboro West
237,ALBION RD @ HUNT CLUB RD,371867.7102,5024320.458,-75.64399534,45.35562129,2016-08-19,6:46,01 - Clear,01 - Dry,01 - Traffic signal,03 - At intersection,01 - Daylight,03 - P.D. only,02 - Angle,South Keys - Heron Gate - Greenboro West
238,ALBION RD @ HUNT CLUB RD,371868.4071,5024320.293,-75.64398647,45.35561974,2016-04-09,9:26,01 - Clear,01 - Dry,01 - Traffic signal,02 - Intersection related,01 - Daylight,03 - P.D. only,03 - Rear end,South Keys - Heron Gate - Greenboro West
239,ALBION RD @ HUNT CLUB RD,371868.1243,5024320.518,-75.64399005,45.35562179,2016-03-26,13:15,02 - Rain,02 - Wet,01 - Traffic signal,02 - Intersection related,01 - Daylight,03 - P.D. only,03 - Rear end,South Keys - Heron Gate - Greenboro West
240,ALBION RD @ HUNT CLUB RD,371866.9055,5024319.276,-75.64400577,45.35561073,2016-10-06,20:17,01 - Clear,01 - Dry,01 - Traffic signal,02 - Intersection related,07 - Dark,03 - P.D. only,03 - Rear end,South Keys - Heron Gate - Greenboro West
241,ALBION RD @ HUNT CLUB RD,371867.1982,5024321.053,-75.64400179,45.35562669,2016-10-07,23:50,01 - Clear,01 - Dry,01 - Traffic signal,02 - Intersection related,07 - Dark,03 - P.D. only,03 - Rear end,South Keys - Heron Gate - Greenboro West
242,ALBION RD @ HUNT CLUB RD,371867.7102,5024320.458,-75.64399534,45.35562129,2016-12-05,15:33,01 - Clear,01 - Dry,01 - Traffic signal,02 - Intersection related,01 - Daylight,03 - P.D. only,02 - Angle,South Keys - Heron Gate - Greenboro West
243,ALBION RD @ JOHNSTON RD,371502.9564,5025225.515,-75.64852814,45.36379948,2016-07-04,21:21,01 - Clear,01 - Dry,02 - Stop sign,03 - At intersection,07 - Dark,03 - P.D. only,05 - Turning movement,South Keys - Heron Gate - Greenboro West
244,ALBION RD @ KITCHENER AVE,371219.0634,5025904.641,-75.65206037,45.36993698,2016-03-01,15:27,01 - Clear,01 - Dry,02 - Stop sign,03 - At intersection,01 - Daylight,03 - P.D. only,02 - Angle,Ledbury - Heron Gate - Ridgemont - Elmwood
245,ALBION RD @ KITCHENER AVE,371219.7068,5025903.582,-75.6520523,45.36992739,2016-08-25,14:27,01 - Clear,01 - Dry,02 - Stop sign,02 - Intersection related,01 - Daylight,03 - P.D. only,99 - Other,Ledbury - Heron Gate - Ridgemont - Elmwood
246,ALBION RD @ KITCHENER AVE,371219.0707,5025903.75,-75.6520604,45.36992896,2016-12-05,10:24,03 - Snow,05 - Packed snow,02 - Stop sign,03 - At intersection,01 - Daylight,03 - P.D. only,02 - Angle,Ledbury - Heron Gate - Ridgemont - Elmwood
247,ALBION RD @ LESTER RD,372694.9627,5022332.715,-75.63371094,45.33765667,2016-11-06,15:21,01 - Clear,01 - Dry,01 - Traffic signal,03 - At intersection,01 - Daylight,02 - Non-fatal injury,02 - Angle,Greenbelt
248,ALBION RD @ LESTER RD,372693.915,5022332.082,-75.6337244,45.33765107,2016-08-30,15:45,01 - Clear,01 - Dry,01 - Traffic signal,02 - Intersection related,01 - Daylight,03 - P.D. only,03 - Rear end,Greenbelt
249,ALBION RD @ LESTER RD,372694.5237,5022332.715,-75.63371654,45.33765671,2016-09-29,17:46,01 - Clear,01 - Dry,01 - Traffic signal,03 - At intersection,01 - Daylight,03 - P.D. only,05 - Turning movement,Greenbelt
250,ALBION RD @ LESTER RD,372693.6455,5022331.837,-75.63372787,45.33764889,2016-08-10,9:50,01 - Clear,01 - Dry,01 - Traffic signal,03 - At intersection,01 - Daylight,03 - P.D. only,02 - Angle,Greenbelt
251,ALBION RD @ LESTER RD,372693.915,5022332.082,-75.6337244,45.33765107,2016-10-28,18:04,02 - Rain,02 - Wet,01 - Traffic signal,02 - Intersection related,05 - Dusk,03 - P.D. only,03 - Rear end,Greenbelt
252,ALBION RD @ LESTER RD,372695.1779,5022332.501,-75.63370823,45.33765472,2016-10-04,17:07,01 - Clear,01 - Dry,01 - Traffic signal,02 - Intersection related,01 - Daylight,03 - P.D. only,03 - Rear end,Greenbelt
253,ALBION RD @ LESTER RD,372695.8796,5022332.496,-75.63369927,45.33765461,2016-08-04,18:53,01 - Clear,01 - Dry,01 - Traffic signal,02 - Intersection related,01 - Daylight,03 - P.D. only,02 - Angle,Greenbelt
254,ALBION RD @ LESTER RD,372695.5714,5022332.082,-75.63370326,45.33765091,2016-11-20,19:44,03 - Snow,03 - Loose snow,01 - Traffic signal,03 - At intersection,07 - Dark,03 - P.D. only,03 - Rear end,Greenbelt
255,ALBION RD @ LESTER RD,372694.5159,5022332.95,-75.63371661,45.33765882,2016-07-25,16:58,01 - Clear,01 - Dry,01 - Traffic signal,03 - At intersection,01 - Daylight,03 - P.D. only,05 - Turning movement,Greenbelt
256,ALBION RD @ LESTER RD,372695.5714,5022332.082,-75.63370326,45.33765091,2016-12-18,4:30,04 - Freezing Rain,05 - Packed snow,01 - Traffic signal,02 - Intersection related,07 - Dark,03 - P.D. only,07 - SMV other,Greenbelt
257,ALBION RD @ MITCH OWENS RD,375906.0882,5014804.227,-75.5938243,45.26960013,2016-03-11,1:04,01 - Clear,02 - Wet,01 - Traffic signal,03 - At intersection,07 - Dark,02 - Non-fatal injury,07 - SMV other,Osgoode
258,ALBION RD @ MITCH OWENS RD,375907.5823,5014804.863,-75.59380517,45.2696057,2016-12-31,22:45,03 - Snow,06 - Ice,01 - Traffic signal,03 - At intersection,07 - Dark,02 - Non-fatal injury,05 - Turning movement,Osgoode
259,ALBION RD @ MITCH OWENS RD,375907.4283,5014804.899,-75.59380713,45.26960604,2016-03-01,16:23,03 - Snow,03 - Loose snow,01 - Traffic signal,02 - Intersection related,01 - Daylight,03 - P.D. only,03 - Rear end,Osgoode
260,ALBION RD @ MITCH OWENS RD,375908.4104,5014804.863,-75.59379462,45.26960562,2016-11-02,18:20,01 - Clear,01 - Dry,01 - Traffic signal,02 - Intersection related,07 - Dark,03 - P.D. only,03 - Rear end,Osgoode
261,ALBION RD @ MITCH OWENS RD,375905.5707,5014802.038,-75.59383121,45.26958049,2016-01-18,8:31,03 - Snow,03 - Loose snow,01 - Traffic signal,03 - At intersection,01 - Daylight,03 - P.D. only,01 - Approaching,Osgoode
262,ALBION RD @ MITCH OWENS RD,375906.9796,5014803.322,-75.59381307,45.2695919,2016-04-11,15:01,01 - Clear,02 - Wet,01 - Traffic signal,03 - At intersection,01 - Daylight,03 - P.D. only,05 - Turning movement,Greely
263,ALBION RD @ MITCH OWENS RD,375906.5346,5014804.669,-75.59381855,45.26960406,2016-08-11,9:13,01 - Clear,01 - Dry,01 - Traffic signal,03 - At intersection,01 - Daylight,03 - P.D. only,05 - Turning movement,Osgoode
264,ALBION RD @ MITCH OWENS RD,375906.0955,5014804.23,-75.59382421,45.26960016,2016-12-19,7:09,01 - Clear,02 - Wet,01 - Traffic signal,03 - At intersection,03 - Dawn,03 - P.D. only,05 - Turning movement,Osgoode
265,ALBION RD @ QUINN RD/FENTON RD,373630.4062,5020103.781,-75.62208666,45.31751035,2016-03-21,17:20,01 - Clear,01 - Dry,02 - Stop sign,02 - Intersection related,01 - Daylight,03 - P.D. only,05 - Turning movement,Greenbelt
266,ALBION RD @ QUINN RD/FENTON RD,373630.1439,5020103.591,-75.62209003,45.31750867,2016-04-04,7:43,01 - Clear,01 - Dry,02 - Stop sign,02 - Intersection related,01 - Daylight,03 - P.D. only,03 - Rear end,Greenbelt
267,ALBION RD @ RIDEAU RD,375092.9777,5016673.783,-75.60392055,45.28650354,2016-05-24,17:45,01 - Clear,01 - Dry,01 - Traffic signal,03 - At intersection,01 - Daylight,02 - Non-fatal injury,05 - Turning movement,Greenbelt
268,ALBION RD @ RIDEAU RD,375092.0936,5016673.801,-75.60393182,45.28650379,2016-11-16,9:51,02 - Rain,02 - Wet,01 - Traffic signal,03 - At intersection,01 - Daylight,02 - Non-fatal injury,02 - Angle,Greenbelt
269,ALBION RD @ RIDEAU RD,375093.8886,5016675.369,-75.60390872,45.28651772,2016-08-04,9:22,01 - Clear,01 - Dry,01 - Traffic signal,02 - Intersection related,01 - Daylight,03 - P.D. only,03 - Rear end,Greenbelt
270,ALBION RD @ RIDEAU RD,375093.8621,5016675.57,-75.60390903,45.28651953,2016-02-11,16:16,03 - Snow,06 - Ice,01 - Traffic signal,02 - Intersection related,01 - Daylight,03 - P.D. only,03 - Rear end,Greenbelt
271,ALBION RD @ RIDEAU RD,375091.6545,5016673.362,-75.60393748,45.28649989,2016-01-27,0:00,03 - Snow,02 - Wet,01 - Traffic signal,03 - At intersection,00 - Unknown,03 - P.D. only,07 - SMV other,Greenbelt
272,ALBION RD @ RIDEAU RD,375093.4241,5016675.132,-75.60391467,45.28651564,2016-04-11,6:59,04 - Freezing Rain,04 - Slush,01 - Traffic signal,02 - Intersection related,01 - Daylight,03 - P.D. only,03 - Rear end,Greenbelt
273,ALBION RD btwn 210 S OF HIGH RD/EARL ARMSTRONG RD/RIDEAU CARLETON RACE,374864.948,5017190.937,-75.60675403,45.2911795,2016-04-15,18:17,01 - Clear,01 - Dry,10 - No control,01 - Non intersection,01 - Daylight,02 - Non-fatal injury,05 - Turning movement,Greenbelt
274,ALBION RD btwn BADEN AVE & ALADDIN LANE,372581.3263,5022601.046,-75.63512393,45.340082,2016-04-30,17:20,01 - Clear,01 - Dry,10 - No control,01 - Non intersection,01 - Daylight,03 - P.D. only,07 - SMV other,Blossom Park - Blossom Park West - Sawmill Creek/ Timbermill
275,ALBION RD btwn BANK ST & DES MESANGES DR,371949.2778,5024122.865,-75.64298122,45.35383561,2016-11-14,8:21,01 - Clear,01 - Dry,10 - No control,04 - At/near private drive,01 - Daylight,02 - Non-fatal injury,02 - Angle,Emerald Woods - Sawmill Creek
276,ALBION RD btwn BANK ST & DES MESANGES DR,371948.8624,5024122.062,-75.64298663,45.35382842,2016-12-13,12:49,01 - Clear,02 - Wet,10 - No control,04 - At/near private drive,01 - Daylight,03 - P.D. only,05 - Turning movement,Emerald Woods - Sawmill Creek
277,ALBION RD btwn COLLISTON CRES & LILIBET CRES,371038.3896,5026344.173,-75.65430775,45.37390884,2016-07-03,15:00,01 - Clear,01 - Dry,10 - No control,04 - At/near private drive,01 - Daylight,03 - P.D. only,02 - Angle,Ledbury - Heron Gate - Ridgemont - Elmwood
278,ALBION RD btwn HIGH RD/EARL ARMSTRONG RD & 210 S OF HIGH RD/EARL ARMST,374674.348,5017632.814,-75.60912141,45.29517434,2016-04-23,18:01,01 - Clear,01 - Dry,10 - No control,04 - At/near private drive,01 - Daylight,02 - Non-fatal injury,07 - SMV other,Greenbelt
279,ALBION RD btwn KILLYMOON WAY & MITCH OWENS RD,375863.3947,5014903.668,-75.59435409,45.27049918,2016-07-06,3:08,01 - Clear,01 - Dry,10 - No control,01 - Non intersection,07 - Dark,03 - P.D. only,07 - SMV other,Osgoode
280,ALBION RD btwn LESTER RD & LEITRIM RD,373419.3861,5020603.732,-75.62470858,45.3220294,2016-05-20,23:17,01 - Clear,01 - Dry,10 - No control,01 - Non intersection,07 - Dark,02 - Non-fatal injury,01 - Approaching,Greenbelt
281,ALBION RD btwn LESTER RD & LEITRIM RD,373114.3734,5021336.081,-75.62849775,45.32864858,2016-03-31,13:45,02 - Rain,02 - Wet,10 - No control,01 - Non intersection,01 - Daylight,02 - Non-fatal injury,04 - Sideswipe,Greenbelt
282,ALBION RD btwn LESTER RD & LEITRIM RD,373085.9993,5021400.25,-75.62885083,45.32922872,2016-01-06,17:31,01 - Clear,01 - Dry,10 - No control,01 - Non intersection,05 - Dusk,03 - P.D. only,03 - Rear end,Greenbelt
283,ALBION RD btwn LESTER RD & LEITRIM RD,373000.4071,5021611.748,-75.6299135,45.33114003,2016-04-11,5:10,03 - Snow,03 - Loose snow,10 - No control,01 - Non intersection,03 - Dawn,03 - P.D. only,07 - SMV other,Greenbelt
284,ALBION RD btwn LESTER RD & LEITRIM RD,372771.2864,5022145.964,-75.63276287,45.33596895,2016-04-16,18:24,01 - Clear,01 - Dry,10 - No control,01 - Non intersection,01 - Daylight,03 - P.D. only,07 - SMV other,Greenbelt
285,ALBION RD btwn QUINN RD & DEL ZOTTO AVE,373649.7853,5020061.427,-75.6218454,45.31712737,2016-09-21,3:21,01 - Clear,01 - Dry,10 - No control,01 - Non intersection,07 - Dark,02 - Non-fatal injury,07 - SMV other,Greenbelt
286,ALBION RD btwn RIDEAU RD & TULLAMORE ST,375507.0042,5015711.54,-75.59878038,45.27780408,2016-12-26,19:06,04 - Freezing Rain,06 - Ice,10 - No control,01 - Non intersection,07 - Dark,02 - Non-fatal injury,07 - SMV other,Osgoode
287,ALBION RD btwn RIDEAU RD & TULLAMORE ST,375326.9227,5016124.656,-75.60101668,45.28153925,2016-07-18,8:39,01 - Clear,01 - Dry,10 - No control,01 - Non intersection,01 - Daylight,03 - P.D. only,07 - SMV other,Greenbelt
288,ALBION RD btwn RIDEAU RD & TULLAMORE ST,375288.9416,5016226.168,-75.60148634,45.28245643,2016-11-30,23:55,02 - Rain,02 - Wet,10 - No control,01 - Non intersection,07 - Dark,03 - P.D. only,07 - SMV other,Greenbelt
289,ALBION RD/COLLISTON CRES E @ WALKLEY RD,371032.5578,5026354.534,-75.65438081,45.37400261,2016-07-25,22:13,01 - Clear,01 - Dry,01 - Traffic signal,03 - At intersection,07 - Dark,02 - Non-fatal injury,05 - Turning movement,Ledbury - Heron Gate - Ridgemont - Elmwood
290,ALBION RD/COLLISTON CRES E @ WALKLEY RD,371032.632,5026354.315,-75.65437989,45.37400064,2016-12-01,18:09,01 - Clear,02 - Wet,01 - Traffic signal,03 - At intersection,07 - Dark,02 - Non-fatal injury,05 - Turning movement,Ledbury - Heron Gate - Ridgemont - Elmwood
291,ALBION RD/COLLISTON CRES E @ WALKLEY RD,371034.5177,5026355.457,-75.65435567,45.37401073,2016-03-04,19:00,01 - Clear,01 - Dry,01 - Traffic signal,02 - Intersection related,07 - Dark,03 - P.D. only,03 - Rear end,Ledbury - Heron Gate - Ridgemont - Elmwood
292,ALBION RD/COLLISTON CRES E @ WALKLEY RD,371035.0165,5026354.243,-75.65434946,45.37399976,2016-02-19,18:17,01 - Clear,01 - Dry,01 - Traffic signal,03 - At intersection,07 - Dark,03 - P.D. only,05 - Turning movement,Ledbury - Heron Gate - Ridgemont - Elmwood
293,ALBION RD/COLLISTON CRES E @ WALKLEY RD,371033.6179,5026354.805,-75.65436724,45.37400495,2016-01-18,16:20,03 - Snow,03 - Loose snow,01 - Traffic signal,02 - Intersection related,05 - Dusk,03 - P.D. only,03 - Rear end,Ledbury - Heron Gate - Ridgemont - Elmwood
294,ALBION RD/COLLISTON CRES E @ WALKLEY RD,371033.7539,5026354.635,-75.65436553,45.37400341,2016-01-19,6:38,01 - Clear,06 - Ice,01 - Traffic signal,03 - At intersection,07 - Dark,03 - P.D. only,05 - Turning movement,Ledbury - Heron Gate - Ridgemont - Elmwood
295,ALBION RD/COLLISTON CRES E @ WALKLEY RD,371033.9675,5026355.68,-75.65436266,45.37401279,2016-11-10,9:00,01 - Clear,01 - Dry,01 - Traffic signal,03 - At intersection,01 - Daylight,03 - P.D. only,05 - Turning movement,Ledbury - Heron Gate - Ridgemont - Elmwood
296,ALERT RD/AIRPORT PKWY/UPLANDS DR RAMP 62 @ LES,371307.8797,5021353.781,-75.65153866,45.32898136,2016-06-07,17:38,02 - Rain,02 - Wet,01 - Traffic signal,02 - Intersection related,01 - Daylight,02 - Non-fatal injury,03 - Rear end,Greenbelt
297,ALERT RD/AIRPORT PKWY/UPLANDS DR RAMP 62 @ LES,371307.3555,5021353.044,-75.65154544,45.32897477,2016-03-02,7:10,03 - Snow,03 - Loose snow,01 - Traffic signal,03 - At intersection,01 - Daylight,02 - Non-fatal injury,05 - Turning movement,Greenbelt
298,ALERT RD/AIRPORT PKWY/UPLANDS DR RAMP 62 @ LES,371306.4182,5021353.282,-75.65155737,45.328977,2016-02-06,12:03,01 - Clear,01 - Dry,01 - Traffic signal,03 - At intersection,01 - Daylight,03 - P.D. only,02 - Angle,Greenbelt
299,ALERT RD/AIRPORT PKWY/UPLANDS DR RAMP 62 @ LES,371305.4094,5021355.539,-75.65156993,45.32899741,2016-05-03,15:45,01 - Clear,01 - Dry,01 - Traffic signal,03 - At intersection,01 - Daylight,03 - P.D. only,05 - Turning movement,Greenbelt
300,ALERT RD/AIRPORT PKWY/UPLANDS DR RAMP 62 @ LES,371305.5359,5021354.563,-75.65156845,45.32898861,2016-02-10,15:45,03 - Snow,02 - Wet,01 - Traffic signal,02 - Intersection related,01 - Daylight,03 - P.D. only,03 - Rear end,Greenbelt
301,ALERT RD/AIRPORT PKWY/UPLANDS DR RAMP 62 @ LES,371306.8317,5021353.489,-75.65155207,45.32897883,2016-11-08,1:23,01 - Clear,01 - Dry,01 - Traffic signal,03 - At intersection,07 - Dark,03 - P.D. only,02 - Angle,Greenbelt
302,ALERT RD/AIRPORT PKWY/UPLANDS DR RAMP 62 @ LES,371302.94,5021358.081,-75.65160109,45.32902051,2016-11-21,9:48,03 - Snow,05 - Packed snow,01 - Traffic signal,03 - At intersection,01 - Daylight,03 - P.D. only,02 - Angle,Greenbelt
303,ALESTHER ST @ DONALD ST,371990.7674,5032461.365,-75.64131632,45.42885809,2016-03-11,15:54,01 - Clear,02 - Wet,02 - Stop sign,02 - Intersection related,01 - Daylight,03 - P.D. only,03 - Rear end,Overbrook
304,ALESTHER ST @ DONALD ST,371992.94,5032461.681,-75.64128851,45.42886072,2016-02-18,23:02,01 - Clear,05 - Packed snow,02 - Stop sign,03 - At intersection,07 - Dark,03 - P.D. only,02 - Angle,Overbrook
305,ALESTHER ST @ DONALD ST,371993.1111,5032461.365,-75.64128637,45.42885786,2016-02-17,22:11,03 - Snow,06 - Ice,02 - Stop sign,02 - Intersection related,07 - Dark,03 - P.D. only,03 - Rear end,Overbrook
306,ALESTHER ST @ DONALD ST,371992.7205,5032460.354,-75.6412915,45.42884881,2016-06-02,7:22,01 - Clear,01 - Dry,02 - Stop sign,02 - Intersection related,01 - Daylight,03 - P.D. only,03 - Rear end,Overbrook
307,ALEXANDRA BR btwn MURRAY ST & END,367190.5772,5032481.204,-75.70265301,45.42948127,2016-12-14,12:30,01 - Clear,01 - Dry,10 - No control,07 - Overpass or bridge,01 - Daylight,03 - P.D. only,03 - Rear end,Bywar
308,ALFRED ST @ MONTFORT ST,370873.1049,5033644.817,-75.65543941,45.43961275,2016-08-22,18:48,01 - Clear,02 - Wet,02 - Stop sign,03 - At intersection,01 - Daylight,03 - P.D. only,02 - Angle,Vanier North
309,ALFRED ST @ MONTREAL RD,370945.5338,5033530.183,-75.65452911,45.43857447,2016-10-05,17:28,01 - Clear,01 - Dry,02 - Stop sign,02 - Intersection related,01 - Daylight,03 - P.D. only,03 - Rear end,Vanier South
310,ALFRED ST @ MONTREAL RD,370944.047,5033531.256,-75.65454797,45.43858427,2016-12-20,23:14,01 - Clear,02 - Wet,02 - Stop sign,03 - At intersection,07 - Dark,03 - P.D. only,02 - Angle,Vanier South
311,ALFRED ST btwn MONTFORT ST & MONTREAL RD,370935.5025,5033549.228,-75.65465476,45.43874678,2016-04-19,18:51,01 - Clear,01 - Dry,10 - No control,01 - Non intersection,01 - Daylight,02 - Non-fatal injury,07 - SMV other,Vanier North
312,ALLANFORD AVE @ JOHNSTON RD N,373230.3065,5026228.086,-75.62634197,45.37265371,2016-09-05,14:40,01 - Clear,01 - Dry,02 - Stop sign,03 - At intersection,01 - Daylight,02 - Non-fatal injury,07 - SMV other,South Keys - Heron Gate - Greenboro West
313,ALLENBY RD/GATESHEAD AVE @ MORGAN'S GRANT WAY,349480.2115,5023493.661,-75.92979041,45.3499656,2016-12-02,18:14,01 - Clear,01 - Dry,02 - Stop sign,03 - At intersection,07 - Dark,02 - Non-fatal injury,07 - SMV other,Morgan's Grant
314,ALLGROVE WAY btwn BAYWOOD DR & HARTSMERE DR,351101.3583,5011999.535,-75.91017569,45.24643313,2016-12-02,0:00,01 - Clear,01 - Dry,10 - No control,01 - Non intersection,00 - Unknown,03 - P.D. only,06 - SMV unattended vehicle,Stittsville
315,ALLOWAY CRES btwn PLUMBER AVE & CHARLTON DR,373043.9519,5033295.897,-75.62774274,45.43626482,2016-12-14,0:00,01 - Clear,01 - Dry,10 - No control,01 - Non intersection,00 - Unknown,03 - P.D. only,06 - SMV unattended vehicle,Carson Grove - Carson Meadows
316,ALPINE AVE @ CARLING AVE,360496.2036,5024942.756,-75.78905068,45.36221619,2016-09-16,16:27,01 - Clear,01 - Dry,01 - Traffic signal,03 - At intersection,01 - Daylight,02 - Non-fatal injury,02 - Angle,Whitehaven - Queensway Terrace North
317,ALPINE AVE @ CARLING AVE,360496.0184,5024942.299,-75.78905309,45.36221209,2016-10-25,16:56,01 - Clear,01 - Dry,01 - Traffic signal,03 - At intersection,01 - Daylight,02 - Non-fatal injury,02 - Angle,Whitehaven - Queensway Terrace North