Record,Location,X,Y,lon,lat,Date,Time,Environment,Road_Surface,Traffic_Control,Collision_Location,Light,Collision_Classification,Impact_type,Neighborhood
318,ALPINE AVE @ CARLING AVE,360496.455,5024942.741,-75.78904747,45.36221603,2016-03-04,17:30,01 - Clear,01 - Dry,01 - Traffic signal,03 - At intersection,01 - Daylight,03 - P.D. only,05 - Turning movement,Whitehaven - Queensway Terrace North
319,ALPINE AVE @ CARLING AVE,360496.4575,5024942.738,-75.78904744,45.36221601,2016-08-19,12:09,01 - Clear,01 - Dry,01 - Traffic signal,03 - At intersection,01 - Daylight,03 - P.D. only,02 - Angle,Whitehaven - Queensway Terrace North
320,ALPINE AVE @ CARLING AVE,360496.453,5024942.743,-75.7890475,45.36221605,2016-03-11,15:32,01 - Clear,01 - Dry,01 - Traffic signal,03 - At intersection,01 - Daylight,03 - P.D. only,03 - Rear end,Whitehaven - Queensway Terrace North
321,ALPINE AVE @ CARLING AVE,360495.5793,5024942.299,-75.7890587,45.36221213,2016-06-28,15:55,01 - Clear,01 - Dry,01 - Traffic signal,02 - Intersection related,01 - Daylight,03 - P.D. only,03 - Rear end,Whitehaven - Queensway Terrace North
322,ALPINE AVE @ CARLING AVE,360498.3333,5024942.105,-75.78902357,45.36221016,2016-12-09,6:50,01 - Clear,06 - Ice,01 - Traffic signal,02 - Intersection related,07 - Dark,03 - P.D. only,03 - Rear end,Whitehaven - Queensway Terrace North
323,ALPINE AVE @ CARLING AVE,360496.4575,5024942.738,-75.78904744,45.36221601,2016-09-29,23:58,01 - Clear,01 - Dry,01 - Traffic signal,02 - Intersection related,07 - Dark,03 - P.D. only,05 - Turning movement,Whitehaven - Queensway Terrace North
324,ALPINE AVE @ CARLING AVE,360496.677,5024944.589,-75.78904443,45.36223264,2016-12-09,6:39,01 - Clear,06 - Ice,01 - Traffic signal,02 - Intersection related,07 - Dark,03 - P.D. only,03 - Rear end,Whitehaven - Queensway Terrace North
325,ALPINE AVE btwn CARLING AVE & ELMHURST ST,360557.9094,5024781.461,-75.78828128,45.36075996,2016-02-01,17:51,01 - Clear,01 - Dry,10 - No control,04 - At/near private drive,07 - Dark,02 - Non-fatal injury,07 - SMV other,Whitehaven - Queensway Terrace North
326,ALTA VISTA DR @ BANK ST,370247.3873,5026201.194,-75.66442466,45.37269668,2016-08-30,11:00,01 - Clear,01 - Dry,01 - Traffic signal,02 - Intersection related,01 - Daylight,03 - P.D. only,03 - Rear end,Ledbury - Heron Gate - Ridgemont - Elmwood
327,ALTA VISTA DR @ BANK ST,370246.9714,5026200.52,-75.66443006,45.37269066,2016-10-30,18:30,01 - Clear,01 - Dry,01 - Traffic signal,03 - At intersection,07 - Dark,03 - P.D. only,05 - Turning movement,Ledbury - Heron Gate - Ridgemont - Elmwood
328,ALTA VISTA DR @ BANK ST,370247.8496,5026199.642,-75.66441896,45.37268267,2016-01-25,11:54,03 - Snow,02 - Wet,01 - Traffic signal,02 - Intersection related,01 - Daylight,03 - P.D. only,07 - SMV other,Ledbury - Heron Gate - Ridgemont - Elmwood
329,ALTA VISTA DR @ BILLINGS AVE,370350.1839,5028611.82,-75.66279228,45.39437706,2016-09-19,15:54,01 - Clear,01 - Dry,02 - Stop sign,02 - Intersection related,01 - Daylight,03 - P.D. only,03 - Rear end,Alta Vista
330,ALTA VISTA DR @ CLUNY ST,370541.7257,5029824.973,-75.66018446,45.4052746,2016-11-22,9:20,01 - Clear,06 - Ice,02 - Stop sign,02 - Intersection related,01 - Daylight,02 - Non-fatal injury,03 - Rear end,Elmvale - Eastway - Riverview - Riverview Park West
331,ALTA VISTA DR @ CLUNY ST,370541.3451,5029824.572,-75.66018938,45.40527103,2016-06-16,12:48,01 - Clear,01 - Dry,02 - Stop sign,02 - Intersection related,01 - Daylight,03 - P.D. only,03 - Rear end,Elmvale - Eastway - Riverview - Riverview Park West
332,ALTA VISTA DR @ CRESTVIEW RD,370380.5487,5028801.308,-75.66237931,45.39607916,2016-12-09,14:42,01 - Clear,02 - Wet,02 - Stop sign,03 - At intersection,01 - Daylight,03 - P.D. only,03 - Rear end,Alta Vista
333,ALTA VISTA DR @ CUNNINGHAM AVE,370344.7229,5028017.131,-75.66294101,45.38902677,2016-12-06,11:03,01 - Clear,02 - Wet,02 - Stop sign,02 - Intersection related,01 - Daylight,02 - Non-fatal injury,03 - Rear end,Alta Vista
334,ALTA VISTA DR @ CUNNINGHAM AVE,370344.4984,5028016.871,-75.66294391,45.38902445,2016-04-11,6:01,03 - Snow,05 - Packed snow,02 - Stop sign,02 - Intersection related,03 - Dawn,03 - P.D. only,01 - Approaching,Alta Vista
335,ALTA VISTA DR @ CUNNINGHAM AVE,370342.2384,5028018.787,-75.66297252,45.3890419,2016-11-24,11:59,03 - Snow,03 - Loose snow,02 - Stop sign,02 - Intersection related,01 - Daylight,03 - P.D. only,03 - Rear end,Alta Vista
336,ALTA VISTA DR @ CUNNINGHAM AVE,370344.9502,5028016.181,-75.66293824,45.3890182,2016-06-05,11:00,02 - Rain,02 - Wet,02 - Stop sign,02 - Intersection related,01 - Daylight,03 - P.D. only,03 - Rear end,Alta Vista
337,ALTA VISTA DR @ DALE AVE,370696.5815,5030198.555,-75.65815655,45.40862138,2016-08-09,15:00,01 - Clear,01 - Dry,02 - Stop sign,02 - Intersection related,01 - Daylight,02 - Non-fatal injury,03 - Rear end,Industrial Park
338,ALTA VISTA DR @ DALE AVE,370699.3742,5030200.626,-75.6581206,45.40863976,2016-11-18,12:30,01 - Clear,01 - Dry,02 - Stop sign,02 - Intersection related,01 - Daylight,03 - P.D. only,03 - Rear end,Elmvale - Eastway - Riverview - Riverview Park West
339,ALTA VISTA DR @ DORION AVE,370672.942,5030135.458,-75.65846694,45.40805589,2016-05-11,12:20,01 - Clear,01 - Dry,01 - Traffic signal,02 - Intersection related,01 - Daylight,03 - P.D. only,03 - Rear end,Elmvale - Eastway - Riverview - Riverview Park West
340,ALTA VISTA DR @ KILBORN AVE,370366.833,5027751.761,-75.66269393,45.386637,2016-02-18,9:29,01 - Clear,01 - Dry,01 - Traffic signal,02 - Intersection related,01 - Daylight,02 - Non-fatal injury,03 - Rear end,Alta Vista
341,ALTA VISTA DR @ KILBORN AVE,370365.9894,5027751.273,-75.66270477,45.38663268,2016-03-28,13:10,02 - Rain,02 - Wet,01 - Traffic signal,03 - At intersection,01 - Daylight,03 - P.D. only,02 - Angle,Alta Vista
342,ALTA VISTA DR @ KILBORN AVE,370366.1823,5027750.391,-75.66270242,45.38662473,2016-06-07,15:30,02 - Rain,02 - Wet,01 - Traffic signal,03 - At intersection,01 - Daylight,03 - P.D. only,02 - Angle,Alta Vista
343,ALTA VISTA DR @ RANDALL AVE,370408.7216,5027367.784,-75.6622101,45.38317818,2016-09-09,15:59,01 - Clear,01 - Dry,01 - Traffic signal,02 - Intersection related,01 - Daylight,03 - P.D. only,03 - Rear end,Alta Vista
344,ALTA VISTA DR @ RIDGEMONT AVE,370518.5988,5026672.848,-75.66089967,45.37691509,2016-05-27,14:50,01 - Clear,01 - Dry,01 - Traffic signal,02 - Intersection related,01 - Daylight,02 - Non-fatal injury,03 - Rear end,Ledbury - Heron Gate - Ridgemont - Elmwood
345,ALTA VISTA DR @ RIDGEMONT AVE,370517.9426,5026673.745,-75.66090793,45.37692322,2016-02-26,15:21,01 - Clear,01 - Dry,01 - Traffic signal,03 - At intersection,01 - Daylight,03 - P.D. only,04 - Sideswipe,Ledbury - Heron Gate - Ridgemont - Elmwood
346,ALTA VISTA DR @ RIDGEMONT AVE,370517.7231,5026673.288,-75.6609108,45.37691913,2016-11-17,12:14,01 - Clear,01 - Dry,01 - Traffic signal,02 - Intersection related,01 - Daylight,03 - P.D. only,03 - Rear end,Ledbury - Heron Gate - Ridgemont - Elmwood
347,ALTA VISTA DR @ SMYTH RD,370431.829,5029082.888,-75.66168694,45.39860791,2016-01-11,19:52,01 - Clear,01 - Dry,01 - Traffic signal,02 - Intersection related,07 - Dark,02 - Non-fatal injury,03 - Rear end,Alta Vista
348,ALTA VISTA DR @ SMYTH RD,370432.2665,5029081.558,-75.66168153,45.3985959,2016-05-06,16:03,01 - Clear,01 - Dry,01 - Traffic signal,02 - Intersection related,01 - Daylight,02 - Non-fatal injury,07 - SMV other,Alta Vista
349,ALTA VISTA DR @ SMYTH RD,370432.9354,5029081.338,-75.66167302,45.39859386,2016-09-24,11:57,01 - Clear,01 - Dry,01 - Traffic signal,03 - At intersection,01 - Daylight,02 - Non-fatal injury,02 - Angle,Alta Vista
350,ALTA VISTA DR @ SMYTH RD,370432.9379,5029081.779,-75.66167293,45.39859783,2016-03-11,7:40,01 - Clear,01 - Dry,01 - Traffic signal,03 - At intersection,01 - Daylight,03 - P.D. only,04 - Sideswipe,Alta Vista
351,ALTA VISTA DR @ SMYTH RD,370431.6182,5029081.777,-75.66168978,45.39859793,2016-08-31,20:54,01 - Clear,01 - Dry,01 - Traffic signal,03 - At intersection,07 - Dark,03 - P.D. only,05 - Turning movement,Alta Vista
352,ALTA VISTA DR @ SMYTH RD,370433.3745,5029081.777,-75.66166735,45.39859777,2016-02-04,13:01,01 - Clear,02 - Wet,01 - Traffic signal,02 - Intersection related,01 - Daylight,03 - P.D. only,03 - Rear end,Alta Vista
353,ALTA VISTA DR @ SMYTH RD,370432.9414,5029082.234,-75.66167282,45.39860192,2016-03-17,8:14,01 - Clear,01 - Dry,01 - Traffic signal,03 - At intersection,01 - Daylight,03 - P.D. only,05 - Turning movement,Alta Vista
354,ALTA VISTA DR @ SMYTH RD,370433.4664,5029081.933,-75.66166616,45.39859916,2016-01-14,19:52,01 - Clear,02 - Wet,01 - Traffic signal,02 - Intersection related,07 - Dark,03 - P.D. only,03 - Rear end,Alta Vista
355,ALTA VISTA DR @ SMYTH RD,370432.9634,5029082.472,-75.66167251,45.39860406,2016-03-22,19:27,02 - Rain,02 - Wet,01 - Traffic signal,03 - At intersection,07 - Dark,03 - P.D. only,05 - Turning movement,Alta Vista
356,ALTA VISTA DR @ SMYTH RD,370433.3977,5029081.103,-75.66166715,45.3985917,2016-07-27,11:05,01 - Clear,01 - Dry,01 - Traffic signal,03 - At intersection,01 - Daylight,03 - P.D. only,05 - Turning movement,Alta Vista
357,ALTA VISTA DR @ SMYTH RD,370433.1751,5029080.869,-75.66167002,45.39858962,2016-06-10,12:25,01 - Clear,01 - Dry,01 - Traffic signal,02 - Intersection related,01 - Daylight,03 - P.D. only,03 - Rear end,Alta Vista
358,ALTA VISTA DR @ SMYTH RD,370433.3923,5029081.783,-75.66166712,45.39859782,2016-06-09,17:30,01 - Clear,01 - Dry,01 - Traffic signal,02 - Intersection related,01 - Daylight,03 - P.D. only,03 - Rear end,Alta Vista
359,ALTA VISTA DR @ SMYTH RD,370432.9414,5029081.332,-75.66167294,45.39859381,2016-06-01,15:09,01 - Clear,01 - Dry,01 - Traffic signal,02 - Intersection related,01 - Daylight,03 - P.D. only,03 - Rear end,Alta Vista
360,ALTA VISTA DR @ SMYTH RD,370432.0573,5029082.655,-75.66168406,45.39860579,2016-10-20,13:29,02 - Rain,02 - Wet,01 - Traffic signal,03 - At intersection,01 - Daylight,03 - P.D. only,05 - Turning movement,Alta Vista
361,ALTA VISTA DR @ SMYTH RD,370432.4964,5029081.777,-75.66167857,45.39859785,2016-09-29,10:36,01 - Clear,01 - Dry,01 - Traffic signal,03 - At intersection,01 - Daylight,03 - P.D. only,05 - Turning movement,Alta Vista
362,ALTA VISTA DR @ SMYTH RD,370431.8877,5029081.972,-75.66168631,45.39859966,2016-12-15,17:53,03 - Snow,05 - Packed snow,01 - Traffic signal,02 - Intersection related,07 - Dark,03 - P.D. only,04 - Sideswipe,Alta Vista
363,ALTA VISTA DR @ SUMMIT AVE,370403.9421,5028243.547,-75.66215472,45.39105844,2016-07-21,9:42,01 - Clear,01 - Dry,02 - Stop sign,02 - Intersection related,01 - Daylight,02 - Non-fatal injury,03 - Rear end,Alta Vista
364,ALTA VISTA DR @ SUMMIT AVE,370403.72,5028244.33,-75.66215745,45.3910655,2016-11-30,20:00,02 - Rain,02 - Wet,02 - Stop sign,02 - Intersection related,07 - Dark,03 - P.D. only,07 - SMV other,Alta Vista
365,ALTA VISTA DR @ VALOUR DR,370440.547,5029579.485,-75.66150951,45.40307529,2016-11-21,21:00,03 - Snow,03 - Loose snow,02 - Stop sign,02 - Intersection related,07 - Dark,03 - P.D. only,07 - SMV other,Elmvale - Eastway - Riverview - Riverview Park West
366,ALTA VISTA DR btwn 75 S OF CALEDON ST & CALEDON ST,370768.3714,5030375.613,-75.65721582,45.41020772,2016-05-04,8:31,01 - Clear,01 - Dry,10 - No control,01 - Non intersection,01 - Daylight,03 - P.D. only,03 - Rear end,Industrial Park
367,ALTA VISTA DR btwn 75 S OF CALEDON ST & CALEDON ST,370783.1808,5030406.352,-75.65702253,45.4104829,2016-05-21,15:10,01 - Clear,01 - Dry,10 - No control,04 - At/near private drive,01 - Daylight,03 - P.D. only,03 - Rear end,Industrial Park
368,ALTA VISTA DR btwn 75 S OF CALEDON ST & CALEDON ST,370776.433,5030396.388,-75.65711006,45.41039388,2016-01-14,7:19,03 - Snow,03 - Loose snow,10 - No control,04 - At/near private drive,03 - Dawn,03 - P.D. only,02 - Angle,Industrial Park
369,ALTA VISTA DR btwn 75 S OF CALEDON ST & CALEDON ST,370779.5646,5030403.454,-75.65706911,45.41045717,2016-09-08,19:07,01 - Clear,01 - Dry,10 - No control,04 - At/near private drive,01 - Daylight,03 - P.D. only,05 - Turning movement,Industrial Park
370,ALTA VISTA DR btwn 75 S OF CALEDON ST & CALEDON ST,370772.5396,5030385.881,-75.6571612,45.41029971,2016-09-09,14:49,01 - Clear,01 - Dry,10 - No control,01 - Non intersection,01 - Daylight,03 - P.D. only,04 - Sideswipe,Industrial Park
371,ALTA VISTA DR btwn AYERS AVE & RIDGEMONT AVE,370486.0438,5026410.098,-75.66135024,45.374554,2016-09-23,11:46,01 - Clear,01 - Dry,10 - No control,01 - Non intersection,01 - Daylight,02 - Non-fatal injury,03 - Rear end,Ledbury - Heron Gate - Ridgemont - Elmwood
372,ALTA VISTA DR btwn AYERS AVE & RIDGEMONT AVE,370517.5138,5026474.695,-75.6609399,45.37513227,2016-11-22,18:03,03 - Snow,03 - Loose snow,10 - No control,01 - Non intersection,07 - Dark,03 - P.D. only,03 - Rear end,Ledbury - Heron Gate - Ridgemont - Elmwood
373,ALTA VISTA DR btwn CLONTARF AVE & RANDALL AVE,370406.0082,5027391.003,-75.66224166,45.38338735,2016-01-21,14:04,01 - Clear,02 - Wet,10 - No control,01 - Non intersection,01 - Daylight,03 - P.D. only,03 - Rear end,Alta Vista
374,ALTA VISTA DR btwn CLUNY ST & ABBEY RD,370552.4703,5029853.406,-75.66004343,45.40552942,2016-02-26,15:44,01 - Clear,01 - Dry,10 - No control,01 - Non intersection,01 - Daylight,03 - P.D. only,03 - Rear end,Elmvale - Eastway - Riverview - Riverview Park West
375,ALTA VISTA DR btwn CRESTVIEW RD & ROGER RD,370396.279,5028849.349,-75.66217203,45.39650994,2016-02-16,8:05,03 - Snow,03 - Loose snow,10 - No control,01 - Non intersection,01 - Daylight,03 - P.D. only,03 - Rear end,Alta Vista
376,ALTA VISTA DR btwn DALE AVE & 75 S OF CALEDON ST,370727.9892,5030275.958,-75.657745,45.40931487,2016-01-30,2:16,01 - Clear,01 - Dry,10 - No control,01 - Non intersection,07 - Dark,02 - Non-fatal injury,06 - SMV unattended vehicle,Industrial Park
377,ALTA VISTA DR btwn DALE AVE & 75 S OF CALEDON ST,370708.3154,5030223.583,-75.65800331,45.40884547,2016-05-18,12:03,01 - Clear,01 - Dry,10 - No control,04 - At/near private drive,01 - Daylight,02 - Non-fatal injury,02 - Angle,Industrial Park
378,ALTA VISTA DR btwn EDGE HILL PL & AYERS AVE,370387.4795,5026312.164,-75.66262154,45.37368206,2016-01-13,22:48,01 - Clear,01 - Dry,10 - No control,01 - Non intersection,07 - Dark,02 - Non-fatal injury,07 - SMV other,Ledbury - Heron Gate - Ridgemont - Elmwood
379,ALTA VISTA DR btwn EDGE HILL PL & AYERS AVE,370432.8429,5026355.651,-75.66203665,45.37406909,2016-09-09,9:57,01 - Clear,01 - Dry,10 - No control,04 - At/near private drive,01 - Daylight,02 - Non-fatal injury,02 - Angle,Ledbury - Heron Gate - Ridgemont - Elmwood
380,ALTA VISTA DR btwn EDGE HILL PL & AYERS AVE,370387.4763,5026310.728,-75.66262177,45.37366914,2016-08-16,12:24,02 - Rain,02 - Wet,10 - No control,04 - At/near private drive,01 - Daylight,03 - P.D. only,02 - Angle,Ledbury - Heron Gate - Ridgemont - Elmwood
381,ALTA VISTA DR btwn FAIRCREST RD & SMYTH RD,370437.2052,5029005.239,-75.66162861,45.39790875,2016-02-11,8:50,03 - Snow,03 - Loose snow,10 - No control,01 - Non intersection,01 - Daylight,03 - P.D. only,03 - Rear end,Alta Vista
382,ALTA VISTA DR btwn HERON RD & RIDGEMONT AVE,370493.6203,5026885.029,-75.66119034,45.37882656,2016-04-21,8:13,01 - Clear,01 - Dry,10 - No control,01 - Non intersection,01 - Daylight,03 - P.D. only,04 - Sideswipe,Alta Vista
383,ALTA VISTA DR btwn HERON RD & RIDGEMONT AVE,370499.3477,5026851.605,-75.66112166,45.37852529,2016-11-08,11:41,01 - Clear,01 - Dry,10 - No control,01 - Non intersection,01 - Daylight,03 - P.D. only,03 - Rear end,Ledbury - Heron Gate - Ridgemont - Elmwood
384,ALTA VISTA DR btwn KILBORN AVE & CAVENDISH RD,370343.0957,5028012.728,-75.66296237,45.38898731,2016-02-12,14:02,01 - Clear,01 - Dry,10 - No control,01 - Non intersection,01 - Daylight,03 - P.D. only,06 - SMV unattended vehicle,Alta Vista
385,ALTA VISTA DR btwn PALEN AVE & WESMAR DR,370473.2955,5026999.214,-75.66143464,45.37985586,2016-03-07,9:55,01 - Clear,01 - Dry,10 - No control,01 - Non intersection,01 - Daylight,03 - P.D. only,99 - Other,Alta Vista
386,ALTA VISTA DR btwn SMYTH RD & VALOUR DR,370408.5896,5029201.738,-75.66196794,45.39967946,2016-05-27,18:30,01 - Clear,01 - Dry,10 - No control,04 - At/near private drive,01 - Daylight,03 - P.D. only,03 - Rear end,Industrial Park
387,ALVIN RD btwn DAVENPORT PRIV & LONDON TER,371326.7846,5035154.871,-75.64943684,45.45315648,2016-12-31,0:00,03 - Snow,03 - Loose snow,10 - No control,04 - At/near private drive,00 - Unknown,03 - P.D. only,06 - SMV unattended vehicle,Manor Park
388,AMBERWOOD CRES @ MERIVALE RD,366408.9367,5020017.055,-75.71419613,45.31740082,2016-09-07,12:45,01 - Clear,01 - Dry,01 - Traffic signal,02 - Intersection related,01 - Daylight,02 - Non-fatal injury,03 - Rear end,Merivale Gardens - Grenfell Glen - Pineglen - Country Place
389,AMBERWOOD CRES @ MERIVALE RD,366409.0237,5020016.028,-75.71419515,45.31739157,2016-07-14,17:40,01 - Clear,01 - Dry,01 - Traffic signal,03 - At intersection,01 - Daylight,03 - P.D. only,02 - Angle,Merivale Gardens - Grenfell Glen - Pineglen - Country Place
390,AMBERWOOD CRES @ MERIVALE RD,366409.0291,5020016.257,-75.71419505,45.31739363,2016-05-26,8:08,01 - Clear,01 - Dry,01 - Traffic signal,02 - Intersection related,01 - Daylight,03 - P.D. only,03 - Rear end,Merivale Gardens - Grenfell Glen - Pineglen - Country Place
391,AMBERWOOD CRES @ PRINCE OF WALES DR,367436.7767,5020647.761,-75.70100784,45.32298487,2016-09-02,17:18,01 - Clear,01 - Dry,02 - Stop sign,02 - Intersection related,01 - Daylight,02 - Non-fatal injury,03 - Rear end,Merivale Gardens - Grenfell Glen - Pineglen - Country Place
392,AMBERWOOD CRES @ PRINCE OF WALES DR,367435.9252,5020647.274,-75.70101876,45.32298056,2016-01-13,11:12,01 - Clear,06 - Ice,02 - Stop sign,02 - Intersection related,01 - Daylight,03 - P.D. only,03 - Rear end,Merivale Gardens - Grenfell Glen - Pineglen - Country Place
393,AMBERWOOD CRES @ PRINCE OF WALES DR,367436.3875,5020648.402,-75.70101273,45.32299067,2016-07-14,18:27,01 - Clear,01 - Dry,02 - Stop sign,02 - Intersection related,01 - Daylight,03 - P.D. only,03 - Rear end,Merivale Gardens - Grenfell Glen - Pineglen - Country Place
394,AMBERWOOD CRES btwn WEATHERWOOD CRES & CALAIS CRT,366537.7567,5020466.755,-75.71249717,45.32143584,2016-02-25,11:55,03 - Snow,06 - Ice,10 - No control,01 - Non intersection,01 - Daylight,03 - P.D. only,06 - SMV unattended vehicle,Merivale Gardens - Grenfell Glen - Pineglen - Country Place
395,AMBLESIDE DR btwn MCEWEN AVE & NEW ORCHARD AVE,361072.4427,5026078.815,-75.7815663,45.37239236,2016-07-29,14:49,01 - Clear,01 - Dry,10 - No control,04 - At/near private drive,01 - Daylight,03 - P.D. only,04 - Sideswipe,Woodroffe - Lincoln Heights
396,AMBLESIDE DR btwn MCEWEN AVE & NEW ORCHARD AVE,361196.0827,5026188.53,-75.77997538,45.37336962,2016-12-15,0:00,01 - Clear,01 - Dry,10 - No control,01 - Non intersection,00 - Unknown,03 - P.D. only,06 - SMV unattended vehicle,Carlingwood West - Glabar Park - McKellar Heights
397,AMESBROOKE DR @ MAITLAND AVE,363769.9711,5025177.68,-75.74723728,45.36406226,2016-09-27,9:07,01 - Clear,01 - Dry,02 - Stop sign,02 - Intersection related,01 - Daylight,03 - P.D. only,03 - Rear end,Braemar Park - Bel Air Heights - Copeland Park
398,AMESBROOKE DR @ MAITLAND AVE,363770.0028,5025177.446,-75.7472369,45.36406015,2016-12-09,8:45,01 - Clear,06 - Ice,02 - Stop sign,02 - Intersection related,01 - Daylight,03 - P.D. only,03 - Rear end,Braemar Park - Bel Air Heights - Copeland Park
399,AMICI TER btwn BRIGITTA ST & LOKOYA ST,354776.2391,5015165.216,-75.86304644,45.2746674,2016-12-29,18:00,03 - Snow,03 - Loose snow,10 - No control,01 - Non intersection,07 - Dark,03 - P.D. only,06 - SMV unattended vehicle,Stittsville - Basswood
400,AMIENS ST @ ROXDALE AVE,383285.6501,5037539.243,-75.4961806,45.47336818,2016-11-02,17:11,01 - Clear,01 - Dry,02 - Stop sign,03 - At intersection,05 - Dusk,03 - P.D. only,05 - Turning movement,Queenswood Heights
401,AMIENS ST @ TENTH LINE RD,383351.0716,5037568.639,-75.4953393,45.4736253,2016-10-21,14:59,02 - Rain,02 - Wet,01 - Traffic signal,02 - Intersection related,01 - Daylight,02 - Non-fatal injury,03 - Rear end,Orlans
402,AMIENS ST @ TENTH LINE RD,383352.5084,5037567.566,-75.4953211,45.47361549,2016-11-22,17:17,01 - Clear,01 - Dry,01 - Traffic signal,03 - At intersection,07 - Dark,02 - Non-fatal injury,05 - Turning movement,Orlans
403,AMIENS ST @ TENTH LINE RD,383352.9552,5037567.316,-75.49531542,45.47361319,2016-07-31,22:00,01 - Clear,01 - Dry,01 - Traffic signal,03 - At intersection,07 - Dark,03 - P.D. only,05 - Turning movement,Orlans
404,AMIENS ST @ TENTH LINE RD,383352.5059,5037568.891,-75.49532092,45.47362741,2016-02-26,15:00,01 - Clear,01 - Dry,01 - Traffic signal,02 - Intersection related,01 - Daylight,03 - P.D. only,03 - Rear end,Orlans
405,AMIENS ST @ TENTH LINE RD,383352.5084,5037567.566,-75.4953211,45.47361549,2016-10-01,21:45,01 - Clear,01 - Dry,01 - Traffic signal,03 - At intersection,07 - Dark,03 - P.D. only,05 - Turning movement,Orlans
406,AMIENS ST @ TENTH LINE RD,383352.9474,5037568.444,-75.49531534,45.47362334,2016-09-13,12:57,01 - Clear,01 - Dry,01 - Traffic signal,02 - Intersection related,01 - Daylight,03 - P.D. only,04 - Sideswipe,Orlans
407,ANALDEA DR @ BANK ST,375698.347,5020809.105,-75.59561291,45.3236508,2016-12-18,19:17,01 - Clear,06 - Ice,01 - Traffic signal,02 - Intersection related,07 - Dark,02 - Non-fatal injury,03 - Rear end,Greenbelt
408,ANALDEA DR @ BANK ST,375697.5304,5020814.148,-75.59562261,45.32369626,2016-01-08,18:04,01 - Clear,03 - Loose snow,01 - Traffic signal,03 - At intersection,07 - Dark,03 - P.D. only,04 - Sideswipe,Greenbelt
409,ANALDEA DR @ BANK ST,375698.5781,5020813.075,-75.5956094,45.3236865,2016-10-18,20:18,02 - Rain,02 - Wet,01 - Traffic signal,02 - Intersection related,07 - Dark,03 - P.D. only,03 - Rear end,Greenbelt
410,ANALDEA DR @ BANK ST,375697.7499,5020813.222,-75.59561994,45.32368791,2016-09-27,15:30,01 - Clear,01 - Dry,01 - Traffic signal,02 - Intersection related,01 - Daylight,03 - P.D. only,03 - Rear end,Greenbelt
411,ANAND PRIV btwn END & WALKLEY RD,370209.861,5025871.531,-75.66494736,45.36973398,2016-07-05,11:41,01 - Clear,01 - Dry,10 - No control,04 - At/near private drive,01 - Daylight,02 - Non-fatal injury,05 - Turning movement,Ledbury - Heron Gate - Ridgemont - Elmwood
412,ANAND PRIV btwn END & WALKLEY RD,370209.861,5025871.531,-75.66494736,45.36973398,2016-11-11,15:58,01 - Clear,01 - Dry,10 - No control,04 - At/near private drive,01 - Daylight,03 - P.D. only,02 - Angle,Ledbury - Heron Gate - Ridgemont - Elmwood
413,ANDERSON RD @ DOLMAN RIDGE RD,378311.7495,5030274.957,-75.56087216,45.40855041,2016-12-20,11:30,06 - Strong wind,02 - Wet,02 - Stop sign,03 - At intersection,01 - Daylight,02 - Non-fatal injury,02 - Angle,Greenbelt
414,ANDERSON RD @ INNES RD,376280.5216,5031840.905,-75.58659102,45.4228503,2016-01-08,8:10,01 - Clear,02 - Wet,01 - Traffic signal,02 - Intersection related,01 - Daylight,02 - Non-fatal injury,03 - Rear end,Greenbelt
415,ANDERSON RD @ INNES RD,376280.9666,5031841.789,-75.5865852,45.42285821,2016-06-15,17:13,01 - Clear,01 - Dry,01 - Traffic signal,03 - At intersection,01 - Daylight,02 - Non-fatal injury,02 - Angle,Greenbelt
416,ANDERSON RD @ INNES RD,376281.5693,5031841.15,-75.5865776,45.4228524,2016-09-17,17:56,02 - Rain,02 - Wet,01 - Traffic signal,02 - Intersection related,01 - Daylight,03 - P.D. only,03 - Rear end,Greenbelt
417,ANDERSON RD @ INNES RD,376280.5216,5031841.344,-75.58659095,45.42285425,2016-07-23,19:08,01 - Clear,01 - Dry,01 - Traffic signal,03 - At intersection,01 - Daylight,03 - P.D. only,02 - Angle,Greenbelt
418,ANDERSON RD @ INNES RD,376281.8121,5031840.761,-75.58657455,45.42284887,2016-08-17,16:38,01 - Clear,01 - Dry,01 - Traffic signal,02 - Intersection related,01 - Daylight,03 - P.D. only,03 - Rear end,Greenbelt
419,ANDERSON RD @ INNES RD,376280.5156,5031841.789,-75.58659097,45.42285825,2016-05-24,9:01,01 - Clear,01 - Dry,01 - Traffic signal,03 - At intersection,01 - Daylight,03 - P.D. only,05 - Turning movement,Greenbelt
420,ANDERSON RD @ INNES RD,376280.9986,5031840.887,-75.58658492,45.42285009,2016-03-24,13:26,04 - Freezing Rain,06 - Ice,01 - Traffic signal,02 - Intersection related,01 - Daylight,03 - P.D. only,02 - Angle,Greenbelt
421,ANDERSON RD @ INNES RD,376280.9666,5031842.24,-75.58658514,45.42286227,2016-06-02,9:14,02 - Rain,02 - Wet,01 - Traffic signal,02 - Intersection related,01 - Daylight,03 - P.D. only,07 - SMV other,Greenbelt
422,ANDERSON RD @ INNES RD,376280.0677,5031840.442,-75.58659688,45.42284618,2016-04-26,8:25,01 - Clear,01 - Dry,01 - Traffic signal,02 - Intersection related,01 - Daylight,03 - P.D. only,03 - Rear end,Greenbelt