Record,Location,X,Y,lon,lat,Date,Time,Environment,Road_Surface,Traffic_Control,Collision_Location,Light,Collision_Classification,Impact_type,Neighborhood
423,ANDERSON RD @ INNES RD,376281.5693,5031840.322,-75.58657772,45.42284495,2016-10-21,8:23,02 - Rain,02 - Wet,01 - Traffic signal,02 - Intersection related,01 - Daylight,03 - P.D. only,03 - Rear end,Greenbelt
424,ANDERSON RD @ INNES RD,376280.5138,5031841.564,-75.58659102,45.42285623,2016-07-13,16:40,01 - Clear,02 - Wet,01 - Traffic signal,02 - Intersection related,01 - Daylight,03 - P.D. only,03 - Rear end,Greenbelt
425,ANDERSON RD @ INNES RD,376279.6434,5031840.905,-75.58660224,45.42285039,2016-12-05,6:55,03 - Snow,03 - Loose snow,01 - Traffic signal,03 - At intersection,07 - Dark,03 - P.D. only,05 - Turning movement,Greenbelt
426,ANDERSON RD @ RIDGE RD,379031.6349,5028512.85,-75.55194194,45.39262012,2016-08-25,11:58,01 - Clear,01 - Dry,02 - Stop sign,03 - At intersection,01 - Daylight,02 - Non-fatal injury,05 - Turning movement,Greenbelt
427,ANDERSON RD @ RIDGE RD,379030.881,5028509.431,-75.55195209,45.39258944,2016-05-14,17:15,01 - Clear,01 - Dry,02 - Stop sign,02 - Intersection related,01 - Daylight,03 - P.D. only,03 - Rear end,Greenbelt
428,ANDERSON RD @ RIDGE RD,379029.5301,5028508.078,-75.55196954,45.39257741,2016-08-03,14:22,01 - Clear,01 - Dry,02 - Stop sign,03 - At intersection,01 - Daylight,03 - P.D. only,02 - Angle,Greenbelt
429,ANDERSON RD @ RIDGE RD,379029.7574,5028508.118,-75.55196663,45.39257774,2016-12-20,7:53,01 - Clear,01 - Dry,02 - Stop sign,03 - At intersection,01 - Daylight,03 - P.D. only,02 - Angle,Greenbelt
430,ANDERSON RD @ RIDGE RD,379029.7574,5028508.946,-75.55196651,45.39258519,2016-12-08,22:13,03 - Snow,06 - Ice,02 - Stop sign,02 - Intersection related,07 - Dark,03 - P.D. only,07 - SMV other,Greenbelt
431,ANDERSON RD @ RUSSELL RD,379788.2431,5026706.282,-75.54255463,45.37628517,2016-09-12,12:15,01 - Clear,01 - Dry,02 - Stop sign,03 - At intersection,01 - Daylight,02 - Non-fatal injury,02 - Angle,Greenbelt
432,ANDERSON RD @ RUSSELL RD,379786.672,5026706.299,-75.54257468,45.37628549,2016-08-04,16:06,01 - Clear,01 - Dry,02 - Stop sign,03 - At intersection,01 - Daylight,02 - Non-fatal injury,02 - Angle,Greenbelt
433,ANDERSON RD @ RUSSELL RD,379789.1474,5026707.207,-75.54254294,45.37629339,2016-05-26,11:39,01 - Clear,01 - Dry,02 - Stop sign,02 - Intersection related,01 - Daylight,03 - P.D. only,03 - Rear end,Greenbelt
434,ANDERSON RD btwn DOLMAN RIDGE RD & RIDGE RD,379011.8648,5028562.183,-75.55218699,45.39306608,2016-02-15,22:15,01 - Clear,01 - Dry,10 - No control,01 - Non intersection,07 - Dark,03 - P.D. only,07 - SMV other,Greenbelt
435,ANDERSON RD btwn DOLMAN RIDGE RD & RIDGE RD,378851.0062,5028982.095,-75.55417812,45.39686122,2016-04-06,17:00,03 - Snow,03 - Loose snow,10 - No control,01 - Non intersection,01 - Daylight,03 - P.D. only,01 - Approaching,Greenbelt
436,ANDERSON RD btwn DOLMAN RIDGE RD & RIDGE RD,379000.4568,5028598.204,-75.55232725,45.39339139,2016-11-24,20:23,01 - Clear,02 - Wet,10 - No control,01 - Non intersection,07 - Dark,03 - P.D. only,03 - Rear end,Greenbelt
437,ANDERSON RD btwn EIGHTH LINE RD & NINTH LINE RD,381620.5875,5022159.607,-75.51986928,45.33517868,2016-07-12,22:28,01 - Clear,01 - Dry,10 - No control,04 - At/near private drive,07 - Dark,03 - P.D. only,02 - Angle,Greenbelt
438,ANDERSON RD btwn EIGHTH LINE RD & NINTH LINE RD,381970.6241,5021315.736,-75.51553549,45.32754765,2016-12-08,8:05,03 - Snow,06 - Ice,10 - No control,01 - Non intersection,01 - Daylight,03 - P.D. only,07 - SMV other,Greenbelt
439,ANDERSON RD btwn INNES RD & DESJARDINS ST,376320.4927,5031816.305,-75.58608389,45.42262488,2016-09-17,17:49,02 - Rain,02 - Wet,10 - No control,01 - Non intersection,01 - Daylight,03 - P.D. only,03 - Rear end,Greenbelt
440,ANDERSON RD btwn INNES RD & DESJARDINS ST,377571.2607,5031554.275,-75.5701419,45.4201383,2016-01-25,2:45,01 - Clear,02 - Wet,10 - No control,01 - Non intersection,07 - Dark,03 - P.D. only,07 - SMV other,Greenbelt
441,ANDERSON RD btwn INNES RD & DESJARDINS ST,376662.6905,5031609.256,-75.58174192,45.42072691,2016-06-22,23:01,02 - Rain,02 - Wet,10 - No control,01 - Non intersection,07 - Dark,03 - P.D. only,07 - SMV other,Greenbelt
442,ANDERSON RD btwn INNES RD & DESJARDINS ST,376284.7815,5031838.87,-75.58653688,45.42283155,2016-04-05,16:35,01 - Clear,01 - Dry,10 - No control,01 - Non intersection,01 - Daylight,03 - P.D. only,04 - Sideswipe,Greenbelt
443,ANDERSON RD btwn INNES RD & DESJARDINS ST,377473.7536,5031578.878,-75.57138403,45.4203698,2016-06-06,21:20,01 - Clear,01 - Dry,10 - No control,01 - Non intersection,07 - Dark,03 - P.D. only,07 - SMV other,Greenbelt
444,ANDERSON RD btwn INNES RD & DESJARDINS ST,377277.3982,5031623.56,-75.57388613,45.42079219,2016-10-13,7:15,02 - Rain,02 - Wet,10 - No control,01 - Non intersection,03 - Dawn,03 - P.D. only,07 - SMV other,Greenbelt
445,ANDERSON RD btwn LEITRIM RD & EIGHTH LINE RD,381173.1998,5023129,-75.5254269,45.34394952,2016-01-21,19:11,01 - Clear,01 - Dry,10 - No control,01 - Non intersection,07 - Dark,03 - P.D. only,07 - SMV other,Greenbelt
446,ANDERSON RD btwn NINTH LINE RD & MITCH OWENS RD,382441.3224,5019974.289,-75.50974199,45.31542624,2016-10-31,12:10,01 - Clear,01 - Dry,10 - No control,01 - Non intersection,01 - Daylight,02 - Non-fatal injury,07 - SMV other,Greenbelt
447,ANDERSON RD btwn RIDGE RD & RUSSELL RD,379545.6507,5027240.204,-75.54557077,45.38111499,2016-03-17,7:20,01 - Clear,06 - Ice,10 - No control,01 - Non intersection,01 - Daylight,03 - P.D. only,07 - SMV other,Greenbelt
448,ANDERSON RD btwn RIDGE RD & RUSSELL RD,379081.5774,5028383.307,-75.55132369,45.39144928,2016-08-10,20:09,01 - Clear,01 - Dry,10 - No control,01 - Non intersection,05 - Dusk,03 - P.D. only,07 - SMV other,Greenbelt
449,ANDERSON RD btwn RIDGE RD & RUSSELL RD,379037.4039,5028488.432,-75.55187195,45.39239981,2016-04-06,17:51,03 - Snow,06 - Ice,10 - No control,01 - Non intersection,01 - Daylight,03 - P.D. only,03 - Rear end,Greenbelt
450,ANDERSON RD btwn RIDGE RD & RUSSELL RD,379795.8926,5026766.891,-75.54244777,45.37682967,2016-09-25,11:29,01 - Clear,01 - Dry,10 - No control,01 - Non intersection,01 - Daylight,03 - P.D. only,07 - SMV other,Greenbelt
451,ANDERSON RD btwn WEIR RD & DOLMAN RIDGE RD,377928.3838,5031138.293,-75.56564099,45.41635833,2016-10-27,22:49,02 - Rain,03 - Loose snow,10 - No control,01 - Non intersection,07 - Dark,03 - P.D. only,07 - SMV other,Greenbelt
452,ANDERSON RD/WEIR RD @ RENAUD RD,377763.6145,5031501.904,-75.56769212,45.41964707,2016-11-19,3:00,01 - Clear,01 - Dry,11 - Roundabout,02 - Intersection related,07 - Dark,03 - P.D. only,07 - SMV other,Greenbelt
453,ANDERSON RD/WEIR RD @ RENAUD RD,377766.9199,5031502.319,-75.56764983,45.41965046,2016-12-17,9:40,03 - Snow,04 - Slush,11 - Roundabout,03 - At intersection,01 - Daylight,03 - P.D. only,04 - Sideswipe,Greenbelt
454,ANDERSON RD/WEIR RD @ RENAUD RD,377768.929,5031503.652,-75.56762396,45.41966224,2016-11-23,15:54,01 - Clear,01 - Dry,11 - Roundabout,03 - At intersection,01 - Daylight,03 - P.D. only,02 - Angle,Greenbelt
455,ANDERSON ST @ PRESTON ST,366360.7023,5030006.845,-75.71356687,45.40729123,2016-08-23,12:13,01 - Clear,01 - Dry,02 - Stop sign,02 - Intersection related,01 - Daylight,03 - P.D. only,03 - Rear end,Little Italy
456,ANDRE AUDET AVE @ DUNDONALD DR,364934.617,5012032.691,-75.73396639,45.24568554,2016-06-22,17:23,01 - Clear,01 - Dry,02 - Stop sign,03 - At intersection,01 - Daylight,03 - P.D. only,02 - Angle,New Barrhaven
457,ANDRE AUDET AVE btwn PONDHAWK WAY/SWITCH GRASS CRES & SOLDATS-RIENDEAU ST,365024.49,5011876.919,-75.7328405,45.24427621,2016-02-23,15:31,01 - Clear,01 - Dry,10 - No control,01 - Non intersection,01 - Daylight,02 - Non-fatal injury,07 - SMV other,New Barrhaven
458,ANGLEHART AVE E @ DES ARBRES ST E,383242.1456,5036179.594,-75.49695393,45.46114016,2016-02-17,7:54,01 - Clear,05 - Packed snow,03 - Yield sign,03 - At intersection,01 - Daylight,03 - P.D. only,02 - Angle,Queenswood Heights
459,ANOKA ST @ BANK ST,370022.0664,5026775.203,-75.66722524,45.37788244,2016-02-13,11:19,01 - Clear,02 - Wet,02 - Stop sign,02 - Intersection related,01 - Daylight,03 - P.D. only,03 - Rear end,Alta Vista
460,ANOKA ST btwn EDGE HILL PL & GRASMERE CRES,370317.4262,5026806.788,-75.66345021,45.37813907,2016-05-25,17:35,01 - Clear,01 - Dry,10 - No control,01 - Non intersection,01 - Daylight,03 - P.D. only,06 - SMV unattended vehicle,Ledbury - Heron Gate - Ridgemont - Elmwood
461,ANTARES DR btwn CAPELLA CRT & AURIGA DR (1),366753.9252,5021565.711,-75.70960256,45.33130504,2016-02-25,11:43,03 - Snow,02 - Wet,10 - No control,04 - At/near private drive,01 - Daylight,03 - P.D. only,02 - Angle,Industrial Park
462,ANTARES DR btwn CAPELLA CRT & AURIGA DR (1),366722.1955,5021632.158,-75.70999902,45.33190572,2016-11-24,9:52,03 - Snow,03 - Loose snow,10 - No control,01 - Non intersection,01 - Daylight,03 - P.D. only,01 - Approaching,Industrial Park
463,ANTARES DR btwn CAPELLA CRT & AURIGA DR (2),366896.4355,5021948.056,-75.70773665,45.33473273,2016-02-10,15:02,03 - Snow,03 - Loose snow,10 - No control,01 - Non intersection,01 - Daylight,03 - P.D. only,03 - Rear end,Industrial Park
464,ANTARES DR N @ AURIGA DR N,366968.7389,5021995.483,-75.70680829,45.33515306,2016-04-11,13:25,01 - Clear,01 - Dry,02 - Stop sign,02 - Intersection related,01 - Daylight,03 - P.D. only,02 - Angle,Industrial Park
465,APELDOORN AVE btwn MEADOWLANDS DR & NORMANDY CRES,366894.6462,5025198.615,-75.70735132,45.3639808,2016-09-16,5:47,"07 - Fog, mist, smoke, dust",01 - Dry,10 - No control,01 - Non intersection,07 - Dark,03 - P.D. only,06 - SMV unattended vehicle,Carleton Heights - Rideauview
466,APOLLO WAY btwn PROULX DR & MATHIEU WAY,384109.9616,5037919.751,-75.48557801,45.4766985,2016-05-01,0:00,01 - Clear,01 - Dry,10 - No control,01 - Non intersection,00 - Unknown,03 - P.D. only,06 - SMV unattended vehicle,Fallingbrook
467,APPLE ORCHARD RD @ MANOTICK STATION RD,374365.2512,5011409.903,-75.61393344,45.23921297,2016-11-18,5:31,"07 - Fog, mist, smoke, dust",02 - Wet,02 - Stop sign,02 - Intersection related,07 - Dark,02 - Non-fatal injury,07 - SMV other,Osgoode
468,APPLE ORCHARD RD @ STAGECOACH RD,376239.9747,5012603.646,-75.5898862,45.24976617,2016-11-15,23:45,01 - Clear,01 - Dry,02 - Stop sign,02 - Intersection related,07 - Dark,03 - P.D. only,05 - Turning movement,Greely
469,APPLEBY PRIV @ FISHER AVE,366964.3621,5024102.265,-75.70659936,45.35410989,2016-10-22,8:00,01 - Clear,01 - Dry,10 - No control,02 - Intersection related,01 - Daylight,03 - P.D. only,07 - SMV other,Borden Farm - Stewart Farm - Parkwood Hills - Fisher Glen
470,APPLEDALE DR btwn GATESBURY ST & CONLAN WAY,365338.9567,5015468.558,-75.72839745,45.2765668,2016-05-09,15:31,01 - Clear,01 - Dry,10 - No control,04 - At/near private drive,01 - Daylight,03 - P.D. only,02 - Angle,New Barrhaven
471,APPLEFORD ST @ OGILVIE RD,375316.9466,5033688.241,-75.5986379,45.43956937,2016-01-20,16:13,01 - Clear,01 - Dry,01 - Traffic signal,02 - Intersection related,05 - Dusk,03 - P.D. only,03 - Rear end,Beacon Hill South - Cardinal Heights
472,AQUAVIEW DR @ BRIAN COBURN BLVD,384775.1329,5035180.014,-75.47751717,45.45197307,2016-02-18,18:46,01 - Clear,06 - Ice,02 - Stop sign,03 - At intersection,07 - Dark,03 - P.D. only,02 - Angle,Avalon
473,AQUAVIEW DR @ BRIAN COBURN BLVD,384777.1663,5035178.688,-75.47749139,45.45196091,2016-12-16,16:15,03 - Snow,03 - Loose snow,02 - Stop sign,03 - At intersection,05 - Dusk,03 - P.D. only,02 - Angle,Avalon
474,AQUAVIEW DR @ ESPRIT DR,384966.2204,5035747.142,-75.47498207,45.45705366,2016-05-24,7:32,01 - Clear,01 - Dry,02 - Stop sign,03 - At intersection,01 - Daylight,03 - P.D. only,02 - Angle,Avalon
475,AQUAVIEW DR btwn SERRANO ST & BOIS VERT PL,384532.6595,5035760.884,-75.48052253,45.45722691,2016-11-20,23:33,03 - Snow,03 - Loose snow,10 - No control,01 - Non intersection,07 - Dark,03 - P.D. only,06 - SMV unattended vehicle,Avalon
476,AQUAVIEW DR btwn SERRANO ST & BOIS VERT PL,384513.0428,5035762.512,-75.48077305,45.45724379,2016-12-04,8:04,01 - Clear,01 - Dry,10 - No control,04 - At/near private drive,01 - Daylight,03 - P.D. only,06 - SMV unattended vehicle,Avalon
477,AQUAVIEW DR btwn SERRANO ST & BOIS VERT PL,384511.4454,5035762.429,-75.48079349,45.45724323,2016-12-04,11:18,01 - Clear,01 - Dry,10 - No control,04 - At/near private drive,01 - Daylight,03 - P.D. only,06 - SMV unattended vehicle,Avalon
478,AQUILO CRES btwn PAR-LA-VILLE CIRC & PAR-LA-VILLE CIRC,349907.6899,5016752.427,-75.92494914,45.28927882,2016-01-04,0:00,01 - Clear,01 - Dry,10 - No control,01 - Non intersection,00 - Unknown,03 - P.D. only,06 - SMV unattended vehicle,Stittsville
479,ARENA PL @ BANK ST,375400.5307,5021519.709,-75.59931009,45.33007455,2016-03-10,9:10,01 - Clear,02 - Wet,02 - Stop sign,03 - At intersection,01 - Daylight,03 - P.D. only,02 - Angle,Greenbelt
480,ARENA PL @ BANK ST,375404.5442,5021515.109,-75.59925955,45.33003275,2016-11-19,16:02,01 - Clear,01 - Dry,02 - Stop sign,03 - At intersection,05 - Dusk,03 - P.D. only,07 - SMV other,Greenbelt
481,ARGUE DR btwn SEYMOUR AVE & END,366075.012,5023947.277,-75.71796823,45.35279361,2016-11-11,20:15,01 - Clear,01 - Dry,10 - No control,01 - Non intersection,07 - Dark,03 - P.D. only,06 - SMV unattended vehicle,Borden Farm - Stewart Farm - Parkwood Hills - Fisher Glen
482,ARGYLE AVE @ BANK ST,367995.7088,5030373.698,-75.69263482,45.41044635,2016-05-19,15:09,01 - Clear,01 - Dry,10 - No control,03 - At intersection,01 - Daylight,02 - Non-fatal injury,07 - SMV other,Centretown
483,ARGYLE AVE @ BANK ST,367994.7621,5030373.756,-75.69264691,45.41044695,2016-10-27,20:45,03 - Snow,02 - Wet,10 - No control,02 - Intersection related,07 - Dark,03 - P.D. only,04 - Sideswipe,Centretown
484,ARGYLE AVE @ BANK ST,367994.9099,5030372.306,-75.69264521,45.41043389,2016-02-19,17:09,03 - Snow,05 - Packed snow,10 - No control,03 - At intersection,01 - Daylight,03 - P.D. only,02 - Angle,Centretown
485,ARGYLE AVE @ O'CONNOR ST,368183.5389,5030484.792,-75.69022113,45.41142895,2016-03-16,15:53,01 - Clear,01 - Dry,01 - Traffic signal,02 - Intersection related,01 - Daylight,03 - P.D. only,05 - Turning movement,Centretown
486,ARGYLE AVE @ O'CONNOR ST,368184.4863,5030485.349,-75.69020896,45.41143388,2016-04-28,10:29,01 - Clear,01 - Dry,01 - Traffic signal,03 - At intersection,01 - Daylight,03 - P.D. only,04 - Sideswipe,Centretown
487,ARGYLE AVE @ O'CONNOR ST,368183.5927,5030485.568,-75.69022034,45.41143593,2016-11-30,14:11,02 - Rain,02 - Wet,01 - Traffic signal,03 - At intersection,01 - Daylight,03 - P.D. only,07 - SMV other,Centretown
488,ARGYLE AVE @ QUEEN ELIZABETH DRWY,368693.9139,5030753.223,-75.68366652,45.41379779,2016-01-25,0:00,01 - Clear,02 - Wet,02 - Stop sign,02 - Intersection related,07 - Dark,03 - P.D. only,03 - Rear end,Golden Triangle
489,ARGYLE AVE btwn BANK ST & O'CONNOR ST,368119.9468,5030447.154,-75.69103833,45.41109605,2016-09-19,0:00,01 - Clear,01 - Dry,10 - No control,01 - Non intersection,00 - Unknown,03 - P.D. only,06 - SMV unattended vehicle,Centretown
490,ARGYLE AVE btwn CARTIER ST & QUEEN ELIZABETH DRWY,368670.832,5030742.617,-75.68396277,45.41370447,2016-02-21,12:22,01 - Clear,01 - Dry,10 - No control,01 - Non intersection,01 - Daylight,03 - P.D. only,06 - SMV unattended vehicle,Centretown
491,ARGYLE AVE btwn METCALFE ST & METCALFE ST,368440.3989,5030640.219,-75.68691979,45.41280412,2016-08-24,11:46,01 - Clear,01 - Dry,10 - No control,01 - Non intersection,01 - Daylight,03 - P.D. only,04 - Sideswipe,Golden Triangle
492,ARGYLE AVE E @ METCALFE ST,368442.8687,5030641.701,-75.68688805,45.41281723,2016-08-26,8:51,01 - Clear,01 - Dry,10 - No control,03 - At intersection,01 - Daylight,03 - P.D. only,05 - Turning movement,Centretown
493,ARGYLE AVE E @ METCALFE ST,368442.4845,5030641.635,-75.68689296,45.41281667,2016-09-19,15:30,01 - Clear,01 - Dry,10 - No control,02 - Intersection related,01 - Daylight,03 - P.D. only,04 - Sideswipe,Centretown
494,ARGYLE AVE E @ METCALFE ST,368442.5019,5030641.367,-75.68689277,45.41281426,2016-03-17,12:20,02 - Rain,02 - Wet,10 - No control,02 - Intersection related,01 - Daylight,03 - P.D. only,04 - Sideswipe,Centretown
495,ARGYLE AVE E @ METCALFE ST,368442.4735,5030641.404,-75.68689313,45.41281459,2016-10-11,15:15,01 - Clear,01 - Dry,10 - No control,02 - Intersection related,01 - Daylight,03 - P.D. only,05 - Turning movement,Centretown
496,ARGYLE AVE N @ ELGIN ST,368493.482,5030672.48,-75.68623749,45.41308956,2016-08-01,13:15,01 - Clear,01 - Dry,01 - Traffic signal,02 - Intersection related,01 - Daylight,03 - P.D. only,05 - Turning movement,Centretown
497,ARGYLE AVE N @ ELGIN ST,368493.6374,5030672.122,-75.68623555,45.41308633,2016-07-01,15:30,01 - Clear,01 - Dry,01 - Traffic signal,03 - At intersection,01 - Daylight,03 - P.D. only,04 - Sideswipe,Centretown
498,ARGYLE AVE N @ ELGIN ST,368493.3115,5030671.408,-75.68623981,45.41307993,2016-10-27,13:46,01 - Clear,01 - Dry,01 - Traffic signal,03 - At intersection,01 - Daylight,03 - P.D. only,07 - SMV other,Centretown
499,ARGYLE AVE S @ ELGIN ST,368508.9366,5030645.662,-75.68604353,45.41284686,2016-08-07,14:22,01 - Clear,01 - Dry,02 - Stop sign,02 - Intersection related,01 - Daylight,03 - P.D. only,02 - Angle,Centretown
500,ARGYLE AVE W @ METCALFE ST,368337.9444,5030579.936,-75.6882364,45.41227102,2016-06-22,7:47,01 - Clear,01 - Dry,01 - Traffic signal,02 - Intersection related,01 - Daylight,03 - P.D. only,04 - Sideswipe,Centretown
501,ARLINGTON AVE @ BANK ST,368006.2446,5030345.799,-75.69250381,45.41019437,2016-08-31,10:30,01 - Clear,01 - Dry,02 - Stop sign,03 - At intersection,01 - Daylight,02 - Non-fatal injury,02 - Angle,Centretown
502,ARLINGTON AVE @ BRONSON AVE,367222.9314,5029867.341,-75.70257069,45.40595965,2016-02-04,10:18,01 - Clear,02 - Wet,01 - Traffic signal,02 - Intersection related,01 - Daylight,03 - P.D. only,04 - Sideswipe,Centretown
503,ARLINGTON AVE @ BRONSON AVE,367222.4839,5029867.338,-75.70257641,45.40595966,2016-06-01,18:20,01 - Clear,01 - Dry,01 - Traffic signal,02 - Intersection related,01 - Daylight,03 - P.D. only,03 - Rear end,Centretown West
504,ARLINGTON AVE @ BRONSON AVE,367221.6117,5029867.344,-75.70258755,45.40595979,2016-10-16,11:56,02 - Rain,02 - Wet,01 - Traffic signal,03 - At intersection,01 - Daylight,03 - P.D. only,05 - Turning movement,Centretown West
505,ARLINGTON AVE @ BRONSON AVE,367223.5376,5029867.149,-75.70256297,45.40595787,2016-12-02,19:42,02 - Rain,02 - Wet,01 - Traffic signal,03 - At intersection,07 - Dark,03 - P.D. only,03 - Rear end,Centretown West
506,ARLINGTON AVE @ KENT ST,367869.1001,5030257.571,-75.69426703,45.40941289,2016-06-05,0:15,01 - Clear,01 - Dry,01 - Traffic signal,03 - At intersection,07 - Dark,02 - Non-fatal injury,02 - Angle,Centretown West
507,ARLINGTON AVE @ KENT ST,367868.174,5030257.303,-75.69427889,45.40941057,2016-09-06,22:23,01 - Clear,01 - Dry,01 - Traffic signal,02 - Intersection related,07 - Dark,02 - Non-fatal injury,03 - Rear end,Centretown
508,ARLINGTON AVE @ KENT ST,367868.4855,5030256.899,-75.69427496,45.4094069,2016-03-14,18:24,02 - Rain,02 - Wet,01 - Traffic signal,03 - At intersection,07 - Dark,03 - P.D. only,02 - Angle,Centretown
509,ARLINGTON AVE btwn BOOTH ST & LEBRETON ST N,366916.2539,5029738.967,-75.70650417,45.40483186,2016-05-10,0:00,01 - Clear,01 - Dry,10 - No control,01 - Non intersection,00 - Unknown,03 - P.D. only,06 - SMV unattended vehicle,Centretown
510,ARLINGTON AVE btwn KENT ST & BANK ST,367997.0441,5030340.74,-75.69262199,45.41014968,2016-09-07,13:30,01 - Clear,01 - Dry,10 - No control,01 - Non intersection,01 - Daylight,03 - P.D. only,04 - Sideswipe,Centretown West
511,ARLINGTON AVE btwn KENT ST & BANK ST,367982.5984,5030331.191,-75.69280775,45.41006507,2016-06-03,19:20,01 - Clear,01 - Dry,10 - No control,04 - At/near private drive,01 - Daylight,03 - P.D. only,02 - Angle,Centretown
512,ARMAGH WAY btwn WOODFORD WAY & WOODPARK WAY,365011.8196,5017306.412,-75.7323436,45.29313184,2016-01-19,10:02,02 - Rain,03 - Loose snow,10 - No control,01 - Non intersection,01 - Daylight,03 - P.D. only,06 - SMV unattended vehicle,Centretown
513,ARMAGH WAY btwn WOODFORD WAY & WOODPARK WAY,365026.2919,5017314.273,-75.73215815,45.29320133,2016-07-20,10:59,01 - Clear,01 - Dry,10 - No control,04 - At/near private drive,01 - Daylight,03 - P.D. only,02 - Angle,New Barrhaven
514,ARMSTRONG ST @ BAYVIEW RD,365684.6034,5030022.666,-75.72220122,45.40749272,2016-08-31,9:40,01 - Clear,01 - Dry,02 - Stop sign,02 - Intersection related,01 - Daylight,03 - P.D. only,99 - Other,New Barrhaven
515,ARMSTRONG ST @ MERTON ST,365452.8736,5029675.7,-75.72520397,45.40439093,2016-11-30,0:17,01 - Clear,02 - Wet,02 - Stop sign,02 - Intersection related,07 - Dark,02 - Non-fatal injury,07 - SMV other,Centretow
516,ARMSTRONG ST @ MERTON ST,365453.1145,5029674.028,-75.7252011,45.40437586,2016-06-27,20:32,01 - Clear,01 - Dry,02 - Stop sign,03 - At intersection,05 - Dusk,03 - P.D. only,02 - Angle,Hintonburg
517,ARMSTRONG ST @ PARKDALE AVE,365090.6921,5029404.145,-75.72986335,45.40197882,2016-08-15,19:00,01 - Clear,01 - Dry,01 - Traffic signal,03 - At intersection,01 - Daylight,02 - Non-fatal injury,07 - SMV other,Hintonburg
518,ARMSTRONG ST @ PARKDALE AVE,365090.9116,5029404.778,-75.72986047,45.4019845,2016-12-09,0:21,01 - Clear,06 - Ice,01 - Traffic signal,03 - At intersection,07 - Dark,02 - Non-fatal injury,02 - Angle,Islan
519,ARMSTRONG ST @ PARKDALE AVE,365090.3337,5029404.681,-75.72986787,45.40198368,2016-01-22,21:34,01 - Clear,03 - Loose snow,01 - Traffic signal,03 - At intersection,07 - Dark,03 - P.D. only,02 - Angle,Islan
520,ARMSTRONG ST @ PARKDALE AVE,365090.3015,5029405.34,-75.7298682,45.40198961,2016-07-05,7:00,01 - Clear,01 - Dry,01 - Traffic signal,02 - Intersection related,01 - Daylight,03 - P.D. only,03 - Rear end,Islan
521,ARMSTRONG ST @ PARKDALE AVE,365090.9116,5029403.9,-75.72986058,45.4019766,2016-10-08,12:01,02 - Rain,02 - Wet,01 - Traffic signal,03 - At intersection,01 - Daylight,03 - P.D. only,02 - Angle,Islan
522,ARNOT RD btwn FISHER AVE & DYNES RD,366544.9757,5025639.359,-75.71175942,45.36797741,2016-03-11,15:15,01 - Clear,01 - Dry,10 - No control,01 - Non intersection,01 - Daylight,03 - P.D. only,06 - SMV unattended vehicle,Islan
523,ARTHUR LANE  S btwn PLYMOUTH ST & END,367142.6141,5029646.979,-75.70362447,45.40398405,2016-06-20,11:07,01 - Clear,01 - Dry,10 - No control,04 - At/near private drive,01 - Daylight,03 - P.D. only,06 - SMV unattended vehicle,Civic Hospital - Experimental Farm - Central Park
524,ARTHUR ST @ SOMERSET ST,366827.9958,5030392.162,-75.70754932,45.41071695,2016-02-26,15:37,01 - Clear,01 - Dry,01 - Traffic signal,03 - At intersection,01 - Daylight,03 - P.D. only,04 - Sideswipe,The Glebe Annex
525,ARTHUR ST btwn SOMERSET ST W & CHRISTIE ST,366866.8669,5030299.311,-75.70706446,45.40987806,2016-07-31,13:28,01 - Clear,01 - Dry,10 - No control,04 - At/near private drive,01 - Daylight,03 - P.D. only,06 - SMV unattended vehicle,Centretown West
526,ASHBOURNE CRES btwn KILBIRNIE DR & Continuation of ASHBOURNE CRES,365320.4325,5012994.409,-75.72893499,45.25430602,2016-01-17,14:20,03 - Snow,03 - Loose snow,10 - No control,04 - At/near private drive,01 - Daylight,03 - P.D. only,02 - Angle,Chinatown
527,ASHBURN DR btwn WIGAN DR & NESS ST,366263.4452,5024615.686,-75.71548044,45.35879135,2016-06-07,20:00,01 - Clear,01 - Dry,10 - No control,04 - At/near private drive,01 - Daylight,03 - P.D. only,06 - SMV unattended vehicle,New Barrhaven
528,ASHBURN DR btwn WIGAN DR & NESS ST,366293.2259,5024633.827,-75.7150981,45.35895196,2016-04-19,0:00,01 - Clear,01 - Dry,10 - No control,01 - Non intersection,00 - Unknown,03 - P.D. only,06 - SMV unattended vehicle,Borden Farm - Stewart Farm - Parkwood Hills - Fisher Glen
529,ASHENVALE WAY btwn EMERILLON RIDGE & RAVENSWOOD WAY,385758.3818,5034938.504,-75.46498812,45.44968698,2016-02-14,14:15,01 - Clear,06 - Ice,10 - No control,04 - At/near private drive,01 - Daylight,03 - P.D. only,05 - Turning movement,Borden Farm - Stewart Farm - Parkwood Hills - Fisher Glen
530,ASHENVALE WAY btwn EMERILLON RIDGE & VALLIER WAY,385681.7876,5034834.604,-75.46598426,45.44876106,2016-11-22,0:00,01 - Clear,03 - Loose snow,10 - No control,01 - Non intersection,00 - Unknown,03 - P.D. only,06 - SMV unattended vehicle,Avalon