Record,Location,X,Y,lon,lat,Date,Time,Environment,Road_Surface,Traffic_Control,Collision_Location,Light,Collision_Classification,Impact_type,Neighborhood
531,ASHGROVE CRES btwn CARLAW AVE & GLENBROOK WAY,361540.1446,5022289.271,-75.77603054,45.33825654,2016-05-22,19:00,01 - Clear,01 - Dry,10 - No control,01 - Non intersection,01 - Daylight,03 - P.D. only,06 - SMV unattended vehicle,Avalon
532,ASHMORE DR btwn HEARTHSTONE PL & WHITEWATER ST,366877.0105,5014620.202,-75.70890202,45.26879923,2016-10-16,9:20,01 - Clear,01 - Dry,10 - No control,04 - At/near private drive,01 - Daylight,03 - P.D. only,06 - SMV unattended vehicle,Briar Green - Leslie Park
533,ASHTON STATION RD @ FLEWELLYN RD,341540.8269,5001976.211,-76.03269986,45.15680119,2016-01-25,13:35,03 - Snow,02 - Wet,02 - Stop sign,03 - At intersection,01 - Daylight,02 - Non-fatal injury,07 - SMV other,Chapman Mills - Rideau Crest - Davidson Heights
534,ASHTON STATION RD @ FRANKTOWN RD,346299.4954,4996556.597,-75.97262728,45.10776839,2016-02-15,22:00,01 - Clear,02 - Wet,02 - Stop sign,02 - Intersection related,07 - Dark,02 - Non-fatal injury,07 - SMV other,Munster Hamlet - Richmond
535,ASHTON STATION RD @ FRANKTOWN RD,346298.8136,4996556.367,-75.97263596,45.10776636,2016-07-22,6:20,01 - Clear,01 - Dry,02 - Stop sign,02 - Intersection related,01 - Daylight,03 - P.D. only,03 - Rear end,Munster Hamlet - Richmond
536,ASHTON STATION RD @ HIGHWAY 7,339968.8922,5003783.85,-76.05256508,45.17314763,2016-07-17,14:03,01 - Clear,01 - Dry,02 - Stop sign,02 - Intersection related,01 - Daylight,03 - P.D. only,07 - SMV other,Munster Hamlet - Richmond
537,ASHTON STATION RD btwn MALLOCH LANE & COPELAND RD,344570.3307,4998466.338,-75.99444879,45.12505291,2016-10-16,8:51,01 - Clear,02 - Wet,10 - No control,01 - Non intersection,01 - Daylight,02 - Non-fatal injury,07 - SMV other,Beckwith
538,ASHTON STATION RD btwn OVERPASS RD & HIGHWAY 7,339858.9119,5003909.136,-76.05395546,45.17428051,2016-06-26,20:14,01 - Clear,01 - Dry,10 - No control,01 - Non intersection,01 - Daylight,03 - P.D. only,07 - SMV other,Beckwith
539,ASSALY RD @ RICHMOND RD,360728.8457,5025528.949,-75.78601494,45.3674722,2016-12-19,12:57,01 - Clear,06 - Ice,01 - Traffic signal,02 - Intersection related,01 - Daylight,02 - Non-fatal injury,03 - Rear end,Beckwith
540,ASTORIA CRES btwn STONEWAY DR & REDPATH DR,366378.378,5016242.994,-75.7150546,45.28344486,2016-08-10,1:09,01 - Clear,01 - Dry,10 - No control,01 - Non intersection,07 - Dark,03 - P.D. only,06 - SMV unattended vehicle,Woodroffe - Lincoln Heights
541,ASTURCON ST btwn BALIKUN HTS & PERCHERON WAY,352798.2459,5015070.966,-75.88826385,45.27395712,2016-03-17,0:00,01 - Clear,01 - Dry,10 - No control,01 - Non intersection,00 - Unknown,03 - P.D. only,06 - SMV unattended vehicle,Chapman Mills - Rideau Crest - Davidson Heights
542,ATHLONE AVE @ SCOTT ST,363328.3699,5028733.998,-75.75245234,45.39609852,2016-08-12,8:27,02 - Rain,02 - Wet,01 - Traffic signal,03 - At intersection,01 - Daylight,02 - Non-fatal injury,05 - Turning movement,Stittsville - Basswood
543,ATHLONE AVE btwn RICHMOND RD & BYRON AVE,363481.6411,5028371.244,-75.75053801,45.39282169,2016-02-11,15:31,01 - Clear,03 - Loose snow,10 - No control,04 - At/near private drive,01 - Daylight,03 - P.D. only,02 - Angle,Westboro
544,ATHLONE AVE btwn RICHMOND RD & BYRON AVE,363470.2527,5028398.906,-75.75068016,45.39307154,2016-12-17,17:07,03 - Snow,03 - Loose snow,10 - No control,01 - Non intersection,07 - Dark,03 - P.D. only,04 - Sideswipe,Westboro
545,ATHLONE AVE btwn SCOTT ST & RICHMOND RD,363394.7689,5028579.921,-75.75162263,45.3947066,2016-10-29,0:00,02 - Rain,02 - Wet,10 - No control,01 - Non intersection,00 - Unknown,03 - P.D. only,06 - SMV unattended vehicle,Westboro
546,AUGUSTA ST @ DALY AVE,369090.0479,5032576.353,-75.67836796,45.43016536,2016-11-10,19:00,01 - Clear,01 - Dry,02 - Stop sign,02 - Intersection related,07 - Dark,03 - P.D. only,06 - SMV unattended vehicle,Westboro
547,AUGUSTA ST @ DALY AVE,369093.3605,5032578.837,-75.67832531,45.43018741,2016-12-14,16:13,01 - Clear,04 - Slush,02 - Stop sign,03 - At intersection,05 - Dusk,03 - P.D. only,02 - Angle,Sandy Hill
548,AUGUSTA ST @ RIDEAU ST,369012.5895,5032717.039,-75.67933944,45.43143832,2016-11-04,16:04,01 - Clear,01 - Dry,01 - Traffic signal,03 - At intersection,01 - Daylight,02 - Non-fatal injury,05 - Turning movement,Sandy Hill
549,AUGUSTA ST @ RIDEAU ST,369011.9808,5032716.844,-75.67934724,45.43143662,2016-07-15,10:34,01 - Clear,01 - Dry,01 - Traffic signal,02 - Intersection related,01 - Daylight,02 - Non-fatal injury,05 - Turning movement,Lower Town
550,AUGUSTA ST @ RIDEAU ST,369011.7871,5032718.133,-75.67934955,45.43144823,2016-09-06,20:59,01 - Clear,01 - Dry,01 - Traffic signal,02 - Intersection related,07 - Dark,03 - P.D. only,03 - Rear end,Lower Town
551,AUGUSTA ST @ RIDEAU ST,369012.5895,5032717.039,-75.67933944,45.43143832,2016-11-10,13:49,01 - Clear,01 - Dry,01 - Traffic signal,02 - Intersection related,01 - Daylight,03 - P.D. only,99 - Other,Lower Town
552,AUGUSTA ST btwn BESSERER ST & DALY AVE,369056.0263,5032638.4,-75.67879462,45.43072676,2016-08-15,23:30,01 - Clear,01 - Dry,10 - No control,01 - Non intersection,07 - Dark,03 - P.D. only,06 - SMV unattended vehicle,Lower Town
553,AURIGA DR @ DEAKIN ST,367145.6318,5021589.265,-75.70460276,45.33148229,2016-06-03,13:44,01 - Clear,01 - Dry,02 - Stop sign,03 - At intersection,01 - Daylight,03 - P.D. only,02 - Angle,Sandy Hill
554,AURIGA DR btwn ANTARES DR & DEAKIN ST (1),367139.6639,5021582.249,-75.70467977,45.33141969,2016-07-29,12:29,01 - Clear,01 - Dry,10 - No control,01 - Non intersection,01 - Daylight,03 - P.D. only,06 - SMV unattended vehicle,Industrial Park
555,AURIGA DR btwn CORVUS CRT & ANTARES DR,366594.8574,5021275.784,-75.71166792,45.32871035,2016-01-27,17:09,01 - Clear,01 - Dry,10 - No control,01 - Non intersection,05 - Dusk,03 - P.D. only,06 - SMV unattended vehicle,Industrial Park
556,AUTUMNFIELD ST @ CROWNRIDGE DR,356065.311,5015255.183,-75.84660882,45.27538414,2016-08-12,17:29,01 - Clear,01 - Dry,02 - Stop sign,03 - At intersection,01 - Daylight,03 - P.D. only,02 - Angle,Industrial Park
557,AVATION PKWY/ROCKCLIFFE PKWY EB OFFRAMP btwn ROCKCLIFFE PKWY & AVIATIO,371430.5859,5035539.402,-75.64805776,45.45660641,2016-11-16,23:00,01 - Clear,01 - Dry,10 - No control,01 - Non intersection,07 - Dark,02 - Non-fatal injury,07 - SMV other,Bridlewood - Emerald Meadows
558,AVE. VINCENT MASSEY AVE @ NAUGHTON ST,371317.4897,5032213.044,-75.64995325,45.42668816,2016-12-23,14:35,01 - Clear,01 - Dry,10 - No control,02 - Intersection related,01 - Daylight,03 - P.D. only,03 - Rear end,Gloucester
559,AVENUE L btwn TREMBLAY RD & END,371496.8281,5031307.642,-75.64778426,45.41852468,2016-10-14,10:14,01 - Clear,01 - Dry,10 - No control,04 - At/near private drive,01 - Daylight,03 - P.D. only,06 - SMV unattended vehicle,Overbrook
560,AVENUE L btwn TREMBLAY RD & END,371513.9397,5031153.08,-75.64758657,45.41713236,2016-07-12,0:00,01 - Clear,01 - Dry,10 - No control,04 - At/near private drive,00 - Unknown,03 - P.D. only,06 - SMV unattended vehicle,Industrial Park
561,AVENUE N btwn TREMBLAY RD & END,371638.7431,5031309.262,-75.64597093,45.41852571,2016-02-23,11:49,01 - Clear,06 - Ice,10 - No control,01 - Non intersection,01 - Daylight,03 - P.D. only,06 - SMV unattended vehicle,Industrial Park
562,AVENUE R @ TREMBLAY RD,371916.3884,5031361.677,-75.64241659,45.41897074,2016-01-27,15:10,01 - Clear,02 - Wet,02 - Stop sign,02 - Intersection related,01 - Daylight,03 - P.D. only,05 - Turning movement,Industrial Park
563,AVIATION PKWY @ AVIATION/ROCKCLIFFE PKWY WB ON,371678.4006,5035485.127,-75.64489693,45.4560944,2016-09-25,13:06,01 - Clear,01 - Dry,02 - Stop sign,02 - Intersection related,01 - Daylight,03 - P.D. only,03 - Rear end,Industrial Park
564,AVIATION PKWY @ MONTREAL RD,372146.9029,5034108.325,-75.63909585,45.44366163,2016-08-18,0:08,01 - Clear,01 - Dry,01 - Traffic signal,03 - At intersection,07 - Dark,02 - Non-fatal injury,05 - Turning movement,Gloucester
565,AVIATION PKWY @ MONTREAL RD,372146.4971,5034108.363,-75.63910103,45.44366201,2016-10-25,10:00,01 - Clear,01 - Dry,01 - Traffic signal,03 - At intersection,01 - Daylight,02 - Non-fatal injury,05 - Turning movement,Cummings
566,AVIATION PKWY @ MONTREAL RD,372146.4778,5034108.477,-75.63910127,45.44366303,2016-07-13,22:07,01 - Clear,01 - Dry,01 - Traffic signal,02 - Intersection related,07 - Dark,02 - Non-fatal injury,03 - Rear end,Cummings
567,AVIATION PKWY @ MONTREAL RD,372145.8884,5034107.341,-75.63910895,45.44365287,2016-11-18,13:28,01 - Clear,01 - Dry,01 - Traffic signal,02 - Intersection related,01 - Daylight,02 - Non-fatal injury,03 - Rear end,Cummings
568,AVIATION PKWY @ MONTREAL RD,372146.9484,5034110.484,-75.63909498,45.44368105,2016-12-19,15:05,01 - Clear,01 - Dry,01 - Traffic signal,03 - At intersection,01 - Daylight,02 - Non-fatal injury,05 - Turning movement,Cummings
569,AVIATION PKWY @ MONTREAL RD,372147.0437,5034108.888,-75.63909398,45.44366668,2016-02-13,9:28,01 - Clear,01 - Dry,01 - Traffic signal,03 - At intersection,01 - Daylight,03 - P.D. only,05 - Turning movement,Cummings
570,AVIATION PKWY @ MONTREAL RD,372146.8096,5034108.92,-75.63909696,45.44366699,2016-03-02,18:48,01 - Clear,02 - Wet,01 - Traffic signal,03 - At intersection,07 - Dark,03 - P.D. only,05 - Turning movement,Cummings
571,AVIATION PKWY @ MONTREAL RD,372142.9281,5034110.516,-75.63914636,45.44368172,2016-01-20,7:49,03 - Snow,04 - Slush,01 - Traffic signal,02 - Intersection related,03 - Dawn,03 - P.D. only,03 - Rear end,Cummings
572,AVIATION PKWY @ MONTREAL RD,372147.3752,5034107.924,-75.63908987,45.44365797,2016-02-02,17:10,01 - Clear,01 - Dry,01 - Traffic signal,02 - Intersection related,01 - Daylight,03 - P.D. only,03 - Rear end,Cummings
573,AVIATION PKWY @ MONTREAL RD,372145.6138,5034109.494,-75.63911217,45.44367227,2016-01-21,7:14,01 - Clear,01 - Dry,01 - Traffic signal,03 - At intersection,03 - Dawn,03 - P.D. only,05 - Turning movement,Cummings
574,AVIATION PKWY @ MONTREAL RD,372146.0447,5034108.359,-75.63910682,45.44366201,2016-02-15,17:56,01 - Clear,01 - Dry,01 - Traffic signal,02 - Intersection related,05 - Dusk,03 - P.D. only,03 - Rear end,Cummings
575,AVIATION PKWY @ MONTREAL RD,372146.4503,5034107.784,-75.63910171,45.4436568,2016-03-17,10:40,01 - Clear,01 - Dry,01 - Traffic signal,03 - At intersection,01 - Daylight,03 - P.D. only,05 - Turning movement,Cummings
576,AVIATION PKWY @ MONTREAL RD,372146.4893,5034109.946,-75.63910092,45.44367625,2016-07-20,10:36,01 - Clear,01 - Dry,01 - Traffic signal,02 - Intersection related,01 - Daylight,03 - P.D. only,03 - Rear end,Cummings
577,AVIATION PKWY @ MONTREAL RD,372152.6175,5034110.484,-75.63902251,45.4436805,2016-10-05,12:30,01 - Clear,01 - Dry,01 - Traffic signal,03 - At intersection,01 - Daylight,03 - P.D. only,05 - Turning movement,Cummings
578,AVIATION PKWY @ MONTREAL RD,372148.3888,5034107.914,-75.63907692,45.44365778,2016-07-18,8:08,01 - Clear,01 - Dry,01 - Traffic signal,03 - At intersection,01 - Daylight,03 - P.D. only,05 - Turning movement,Carson Grove - Carson Meadows
579,AVIATION PKWY @ MONTREAL RD,372147.0511,5034107.914,-75.63909401,45.44365791,2016-07-12,16:00,01 - Clear,01 - Dry,01 - Traffic signal,02 - Intersection related,01 - Daylight,03 - P.D. only,02 - Angle,Cummings
580,AVIATION PKWY @ MONTREAL RD,372146.058,5034108.363,-75.63910665,45.44366205,2016-12-15,18:16,01 - Clear,02 - Wet,01 - Traffic signal,03 - At intersection,07 - Dark,03 - P.D. only,05 - Turning movement,Cummings
581,AVIATION PKWY @ MONTREAL RD,372147.8001,5034108.005,-75.63908443,45.44365866,2016-10-05,10:25,01 - Clear,01 - Dry,01 - Traffic signal,02 - Intersection related,01 - Daylight,03 - P.D. only,05 - Turning movement,Cummings
582,AVIATION PKWY @ MONTREAL RD,372144.2321,5034106.512,-75.63913024,45.44364557,2016-12-01,8:08,02 - Rain,02 - Wet,01 - Traffic signal,02 - Intersection related,01 - Daylight,03 - P.D. only,03 - Rear end,Cummings
583,AVIATION PKWY @ MONTREAL RD,372146.762,5034108.606,-75.63909761,45.44366417,2016-12-01,20:07,01 - Clear,02 - Wet,01 - Traffic signal,03 - At intersection,07 - Dark,03 - P.D. only,05 - Turning movement,Cummings
584,AVIATION PKWY @ OGILVIE RD,373112.3206,5032376.318,-75.62699657,45.42798423,2016-09-07,20:08,01 - Clear,01 - Dry,01 - Traffic signal,02 - Intersection related,07 - Dark,02 - Non-fatal injury,03 - Rear end,Cummings
585,AVIATION PKWY @ OGILVIE RD,373109.0579,5032377.828,-75.62703805,45.42799814,2016-08-12,11:42,01 - Clear,01 - Dry,01 - Traffic signal,02 - Intersection related,01 - Daylight,02 - Non-fatal injury,03 - Rear end,Industrial Park
586,AVIATION PKWY @ OGILVIE RD,373111.8416,5032377.262,-75.62700256,45.42799278,2016-05-10,7:45,01 - Clear,01 - Dry,01 - Traffic signal,02 - Intersection related,01 - Daylight,02 - Non-fatal injury,03 - Rear end,Industrial Park
587,AVIATION PKWY @ OGILVIE RD,373110.4947,5032376.366,-75.62701989,45.42798484,2016-05-26,16:09,01 - Clear,01 - Dry,01 - Traffic signal,03 - At intersection,01 - Daylight,02 - Non-fatal injury,05 - Turning movement,Industrial Park
588,AVIATION PKWY @ OGILVIE RD,373108.2297,5032375.343,-75.62704897,45.42797586,2016-12-14,17:50,01 - Clear,05 - Packed snow,01 - Traffic signal,03 - At intersection,07 - Dark,02 - Non-fatal injury,05 - Turning movement,Industrial Park
589,AVIATION PKWY @ OGILVIE RD,373110.4869,5032377.04,-75.6270199,45.42799091,2016-08-05,8:50,01 - Clear,01 - Dry,01 - Traffic signal,02 - Intersection related,01 - Daylight,03 - P.D. only,03 - Rear end,Industrial Park
590,AVIATION PKWY @ OGILVIE RD,373110.7142,5032376.172,-75.62701711,45.42798308,2016-09-17,19:49,02 - Rain,02 - Wet,01 - Traffic signal,02 - Intersection related,07 - Dark,03 - P.D. only,03 - Rear end,Industrial Park
591,AVIATION PKWY @ OGILVIE RD,373111.7852,5032375.247,-75.62700356,45.42797465,2016-08-17,16:03,01 - Clear,01 - Dry,01 - Traffic signal,02 - Intersection related,01 - Daylight,03 - P.D. only,03 - Rear end,Industrial Park
592,AVIATION PKWY @ OGILVIE RD,373110.4887,5032375.909,-75.62702003,45.42798073,2016-05-16,16:15,01 - Clear,01 - Dry,01 - Traffic signal,02 - Intersection related,01 - Daylight,03 - P.D. only,03 - Rear end,Industrial Park
593,AVIATION PKWY @ OGILVIE RD,373110.9397,5032376.36,-75.6270142,45.42798475,2016-05-27,16:40,01 - Clear,01 - Dry,01 - Traffic signal,02 - Intersection related,01 - Daylight,03 - P.D. only,03 - Rear end,Industrial Park
594,AVIATION PKWY @ OGILVIE RD,373110.0556,5032376.805,-75.62702544,45.42798884,2016-02-08,13:09,01 - Clear,01 - Dry,01 - Traffic signal,02 - Intersection related,01 - Daylight,03 - P.D. only,03 - Rear end,Industrial Park
595,AVIATION PKWY @ OGILVIE RD,373110.6402,5032376.89,-75.62701796,45.42798955,2016-07-04,17:35,01 - Clear,01 - Dry,01 - Traffic signal,02 - Intersection related,01 - Daylight,03 - P.D. only,03 - Rear end,Industrial Park
596,AVIATION PKWY @ OGILVIE RD,373109.9637,5032376.961,-75.62702659,45.42799025,2016-01-16,11:20,03 - Snow,04 - Slush,01 - Traffic signal,03 - At intersection,01 - Daylight,03 - P.D. only,05 - Turning movement,Industrial Park
597,AVIATION PKWY @ OGILVIE RD,373110.0408,5032375.912,-75.62702575,45.4279808,2016-02-18,8:01,01 - Clear,06 - Ice,01 - Traffic signal,02 - Intersection related,01 - Daylight,03 - P.D. only,03 - Rear end,Industrial Park
598,AVIATION PKWY @ OGILVIE RD,373110.7142,5032376.142,-75.62701712,45.42798281,2016-01-11,17:06,04 - Freezing Rain,02 - Wet,01 - Traffic signal,02 - Intersection related,05 - Dusk,03 - P.D. only,03 - Rear end,Industrial Park
599,AVIATION PKWY @ OGILVIE RD,373110.3236,5032376.586,-75.62702205,45.42798684,2016-05-06,15:55,01 - Clear,01 - Dry,01 - Traffic signal,02 - Intersection related,01 - Daylight,03 - P.D. only,03 - Rear end,Industrial Park
600,AVIATION PKWY @ OGILVIE RD,373109.5868,5032376.36,-75.62703149,45.42798488,2016-05-29,14:05,01 - Clear,01 - Dry,01 - Traffic signal,02 - Intersection related,01 - Daylight,03 - P.D. only,03 - Rear end,Industrial Park
601,AVIATION PKWY @ OGILVIE RD,373110.4887,5032376.811,-75.62701991,45.42798885,2016-07-04,16:30,01 - Clear,01 - Dry,01 - Traffic signal,02 - Intersection related,01 - Daylight,03 - P.D. only,03 - Rear end,Industrial Park
602,AVIATION PKWY @ OGILVIE RD,373109.0579,5032377.828,-75.62703805,45.42799814,2016-11-23,16:44,01 - Clear,01 - Dry,01 - Traffic signal,02 - Intersection related,05 - Dusk,03 - P.D. only,03 - Rear end,Industrial Park
603,AVIATION PKWY @ OGILVIE RD,373109.7957,5032376.815,-75.62702876,45.42798895,2016-07-13,14:45,01 - Clear,01 - Dry,01 - Traffic signal,02 - Intersection related,01 - Daylight,03 - P.D. only,03 - Rear end,Industrial Park
604,AVIATION PKWY @ OGILVIE RD,373110.7142,5032376.172,-75.62701711,45.42798308,2016-10-13,9:30,02 - Rain,02 - Wet,01 - Traffic signal,02 - Intersection related,01 - Daylight,03 - P.D. only,03 - Rear end,Industrial Park
605,AVIATION PKWY @ OGILVIE RD,373111.0487,5032377.255,-75.62701269,45.42799279,2016-07-22,7:41,01 - Clear,01 - Dry,01 - Traffic signal,02 - Intersection related,01 - Daylight,03 - P.D. only,03 - Rear end,Industrial Park
606,AVIATION PKWY @ OGILVIE RD,373109.886,5032376.586,-75.62702764,45.42798688,2016-12-14,11:59,01 - Clear,01 - Dry,01 - Traffic signal,03 - At intersection,01 - Daylight,03 - P.D. only,05 - Turning movement,Industrial Park
607,AVIATION PKWY @ OGILVIE RD,373109.0579,5032377.828,-75.62703805,45.42799814,2016-12-04,21:20,01 - Clear,01 - Dry,01 - Traffic signal,03 - At intersection,07 - Dark,03 - P.D. only,05 - Turning movement,Industrial Park
608,AVIATION PKWY @ OGILVIE RD,373110.4947,5032376.366,-75.62701989,45.42798484,2016-12-02,10:37,01 - Clear,01 - Dry,01 - Traffic signal,02 - Intersection related,01 - Daylight,03 - P.D. only,02 - Angle,Industrial Park
609,AVIATION PKWY @ OGILVIE RD,373109.886,5032377,-75.62702758,45.42799061,2016-11-28,20:26,01 - Clear,01 - Dry,01 - Traffic signal,02 - Intersection related,07 - Dark,03 - P.D. only,03 - Rear end,Industrial Park
610,AVIATION PKWY @ OGILVIE RD,373111.661,5032375.876,-75.62700506,45.42798032,2016-11-10,18:10,01 - Clear,01 - Dry,01 - Traffic signal,02 - Intersection related,07 - Dark,03 - P.D. only,03 - Rear end,Industrial Park
611,AVIATION PKWY btwn AVIATION PKWY & TO BE DETERMINED,372933.7216,5032682.894,-75.62923631,45.43076007,2016-05-15,20:50,00 - Unknown,01 - Dry,10 - No control,01 - Non intersection,07 - Dark,02 - Non-fatal injury,07 - SMV other,Industrial Park
612,AVIATION PKWY btwn LA CITE PRIV & AVIATION PKWY (2),372522.7769,5033200.619,-75.63441645,45.43545823,2016-08-07,21:10,01 - Clear,01 - Dry,10 - No control,01 - Non intersection,07 - Dark,03 - P.D. only,07 - SMV other,Carson Grove - Carson Meadows
613,AVIATION PKWY btwn MONTREAL RD & LA CITE PRIV (1),372367.6779,5033554.372,-75.63635003,45.43865613,2016-06-09,11:30,01 - Clear,01 - Dry,10 - No control,04 - At/near private drive,01 - Daylight,03 - P.D. only,03 - Rear end,Carson Grove - Carson Meadows
614,AVIATION PKWY btwn MONTREAL RD & LA CITE PRIV (2),372389.2889,5033580.905,-75.63607019,45.43889277,2016-02-24,17:21,03 - Snow,04 - Slush,10 - No control,01 - Non intersection,05 - Dusk,03 - P.D. only,03 - Rear end,Cummings
615,AVIATION PKWY btwn RAMP & MONTREAL RD,371929.6729,5034383.286,-75.64183491,45.44615648,2016-04-05,8:25,01 - Clear,01 - Dry,10 - No control,04 - At/near private drive,01 - Daylight,02 - Non-fatal injury,02 - Angle,Carson Grove - Carson Meadows
616,AVIATION PKWY btwn RAMP & MONTREAL RD,372077.2338,5034229.316,-75.6399698,45.44475695,2016-11-02,13:50,01 - Clear,01 - Dry,10 - No control,04 - At/near private drive,01 - Daylight,03 - P.D. only,03 - Rear end,Rockcliffe - Manor Park
617,AVIATION PKWY NB @ LA CITE PRIV,372501.4111,5033247.788,-75.63468302,45.4358847,2016-09-07,13:44,01 - Clear,01 - Dry,02 - Stop sign,03 - At intersection,01 - Daylight,02 - Non-fatal injury,02 - Angle,Gloucester
618,AVIATION PKWY NB @ LA CITE PRIV,372501.2821,5033246.722,-75.63468481,45.43587512,2016-11-24,10:08,01 - Clear,04 - Slush,02 - Stop sign,02 - Intersection related,01 - Daylight,03 - P.D. only,07 - SMV other,Carson Grove - Carson Meadows
619,AVIATION PKWY SB @ LA CITE PRIV,372462.8621,5033233.813,-75.63517759,45.43576269,2016-02-23,7:50,01 - Clear,01 - Dry,02 - Stop sign,03 - At intersection,01 - Daylight,02 - Non-fatal injury,07 - SMV other,Carson Grove - Carson Meadows
620,AVONCOURT WAY @ WALKLEY RD,369604.0584,5025514.291,-75.67272736,45.36657592,2016-11-19,22:55,01 - Clear,01 - Dry,01 - Traffic signal,03 - At intersection,07 - Dark,03 - P.D. only,03 - Rear end,Cummings
621,AVONCOURT WAY btwn HARKNESS AVE & WALKLEY RD,369588.6693,5025545.533,-75.6729197,45.36685845,2016-06-26,20:30,01 - Clear,01 - Dry,10 - No control,01 - Non intersection,05 - Dusk,03 - P.D. only,06 - SMV unattended vehicle,Riverside Park
622,AVONDALE AVE @ CHURCHILL AVE,363530.4685,5027590.897,-75.75000733,45.38579616,2016-07-12,9:12,01 - Clear,01 - Dry,02 - Stop sign,02 - Intersection related,01 - Daylight,03 - P.D. only,03 - Rear end,Riverside Park
623,AYERS AVE @ WALKLEY RD,370553.6688,5026072.712,-75.66053185,45.37151197,2016-09-22,19:31,02 - Rain,02 - Wet,02 - Stop sign,02 - Intersection related,07 - Dark,02 - Non-fatal injury,03 - Rear end,Westboro
624,AYERS AVE @ WALKLEY RD,370553.4631,5026074.269,-75.66053426,45.371526,2016-07-11,11:49,01 - Clear,01 - Dry,02 - Stop sign,03 - At intersection,01 - Daylight,03 - P.D. only,03 - Rear end,Ledbury - Heron Gate - Ridgemont - Elmwood
625,AYLMER AVE @ BANK ST,368673.4851,5028729.089,-75.6841897,45.39558716,2016-06-12,11:35,02 - Rain,02 - Wet,01 - Traffic signal,03 - At intersection,01 - Daylight,02 - Non-fatal injury,07 - SMV other,Ledbury - Heron Gate - Ridgemont - Elmwood
626,AYLMER AVE @ BANK ST,368673.8956,5028730.181,-75.68418431,45.39559695,2016-03-17,18:15,01 - Clear,01 - Dry,01 - Traffic signal,02 - Intersection related,05 - Dusk,03 - P.D. only,03 - Rear end,Old Ottawa South
627,AYLMER AVE @ BANK ST,368673.0306,5028729.089,-75.6841955,45.3955872,2016-07-18,17:37,01 - Clear,01 - Dry,01 - Traffic signal,02 - Intersection related,01 - Daylight,03 - P.D. only,03 - Rear end,Old Ottawa South
628,AYLMER AVE @ BANK ST,368673.3218,5028730.325,-75.68419162,45.3955983,2016-07-06,13:32,01 - Clear,01 - Dry,01 - Traffic signal,02 - Intersection related,01 - Daylight,03 - P.D. only,04 - Sideswipe,Old Ottawa South
629,AYLMER AVE @ ROSEDALE AVE,368354.0351,5028536.555,-75.68829419,45.39388387,2016-08-13,13:03,02 - Rain,02 - Wet,02 - Stop sign,03 - At intersection,01 - Daylight,03 - P.D. only,02 - Angle,Old Ottawa South
630,AYLMER AVE btwn BARTON ST & GALT ST,368546.5993,5028652.485,-75.68582005,45.39490946,2016-10-16,12:15,02 - Rain,02 - Wet,10 - No control,01 - Non intersection,01 - Daylight,03 - P.D. only,04 - Sideswipe,Old Ottawa South
631,BACHMAN TER btwn IRWIN GT & PICKFORD DR,353408.519,5018334.445,-75.88016663,45.30328077,2016-08-31,14:40,01 - Clear,01 - Dry,10 - No control,04 - At/near private drive,01 - Daylight,03 - P.D. only,99 - Other,Old Ottawa South
632,BADEN AVE btwn AUTUMNWOOD ST & AUTUMNWOOD ST,372301.8303,5022692.558,-75.63867736,45.34093235,2016-07-03,15:23,01 - Clear,01 - Dry,10 - No control,04 - At/near private drive,01 - Daylight,03 - P.D. only,06 - SMV unattended vehicle,Katimavik - Hazeldean
633,BALLANTYNE DR btwn SERENITY AVE & VENUS AVE,385797.8988,5037023.296,-75.46413957,45.46843933,2016-02-13,0:00,01 - Clear,06 - Ice,10 - No control,01 - Non intersection,00 - Unknown,03 - P.D. only,06 - SMV unattended vehicle,Emerald Woods - Sawmill Creek
634,BALMORAL DR btwn RIVER RD & LIMEBANK RD,368145.5056,5019599.401,-75.69210229,45.31348831,2016-05-12,13:45,01 - Clear,01 - Dry,10 - No control,01 - Non intersection,01 - Daylight,03 - P.D. only,06 - SMV unattended vehicle,Cardinal Creek
635,BALSAM ST @ ROCHESTER ST,366633.0895,5029861.563,-75.7101057,45.40596001,2016-07-14,16:03,01 - Clear,01 - Dry,02 - Stop sign,03 - At intersection,01 - Daylight,03 - P.D. only,04 - Sideswipe,Nepean
636,BALSAM ST @ ROCHESTER ST,366632.4794,5029861.782,-75.71011346,45.40596204,2016-09-27,9:30,01 - Clear,01 - Dry,02 - Stop sign,03 - At intersection,01 - Daylight,03 - P.D. only,02 - Angle,Centretown West
637,BALSAM ST btwn PRESTON ST & ROCHESTER ST,366532.4454,5029819.521,-75.71139653,45.40559062,2016-02-16,9:36,03 - Snow,03 - Loose snow,10 - No control,04 - At/near private drive,01 - Daylight,03 - P.D. only,02 - Angle,Centretown West