Record,Location,X,Y,lon,lat,Date,Time,Environment,Road_Surface,Traffic_Control,Collision_Location,Light,Collision_Classification,Impact_type,Neighborhood
638,BANDELIER WAY btwn OVERLAND DR & END,349223.019,5014907.707,-75.93384229,45.27272301,2016-08-31,0:00,01 - Clear,01 - Dry,10 - No control,01 - Non intersection,00 - Unknown,03 - P.D. only,06 - SMV unattended vehicle,Little Italy
639,BANEBERRY CRES btwn ALDBURN PL & STOKES CRES,353299.3332,5017061.628,-75.88168333,45.29183522,2016-12-30,9:15,01 - Clear,05 - Packed snow,10 - No control,01 - Non intersection,01 - Daylight,03 - P.D. only,05 - Turning movement,Stittsville
640,BANFF AVE @ SURREY AVE,370575.9448,5025920.435,-75.66026776,45.37013974,2016-11-08,12:54,01 - Clear,01 - Dry,02 - Stop sign,03 - At intersection,01 - Daylight,03 - P.D. only,02 - Angle,Glen Cairn - Kanata South Business Park
641,BANFF AVE @ WALKLEY RD,370504.3843,5026043.754,-75.66116484,45.37125604,2016-07-05,19:38,01 - Clear,01 - Dry,01 - Traffic signal,02 - Intersection related,01 - Daylight,03 - P.D. only,03 - Rear end,Ledbury - Heron Gate - Ridgemont - Elmwood
642,BANFF AVE btwn FOXBAR AVE & ST. PAUL AVE,370693.9112,5025676.339,-75.65879445,45.36793237,2016-10-11,0:00,01 - Clear,01 - Dry,10 - No control,01 - Non intersection,00 - Unknown,03 - P.D. only,06 - SMV unattended vehicle,Ledbury - Heron Gate - Ridgemont - Elmwood
643,BANGS ST btwn CHELSEA DR & CARPENTER WAY,371557.5673,5034506.966,-75.64657448,45.44730494,2016-07-22,16:50,01 - Clear,01 - Dry,10 - No control,04 - At/near private drive,01 - Daylight,03 - P.D. only,06 - SMV unattended vehicle,Ledbury - Heron Gate - Ridgemont - Elmwood
644,BANK ST @ BANK ST,371876.2757,5024122.99,-75.64391282,45.35384372,2016-06-23,16:18,01 - Clear,01 - Dry,10 - No control,03 - At intersection,01 - Daylight,03 - P.D. only,02 - Angle,Rockcliffe - Manor Park
645,BANK ST @ BELMEADE RD/MARIONVILLE RD,388030.0472,5001134.095,-75.4416248,45.1452748,2016-12-05,10:25,03 - Snow,03 - Loose snow,02 - Stop sign,03 - At intersection,01 - Daylight,02 - Non-fatal injury,02 - Angle,Emerald Woods - Sawmill Creek
646,BANK ST @ BILLINGS TRANSIT,369446.5385,5027742.402,-75.67444633,45.38663833,2016-01-14,8:15,03 - Snow,03 - Loose snow,01 - Traffic signal,02 - Intersection related,01 - Daylight,03 - P.D. only,03 - Rear end,Osgoode
647,BANK ST @ CAHILL DR/DAZE ST,371306.5731,5024317.058,-75.65115696,45.35564414,2016-08-01,16:21,01 - Clear,01 - Dry,01 - Traffic signal,02 - Intersection related,01 - Daylight,03 - P.D. only,03 - Rear end,Alta Vista
648,BANK ST @ CAHILL DR/DAZE ST,371305.7441,5024315.389,-75.65116776,45.35562921,2016-09-09,12:10,01 - Clear,01 - Dry,01 - Traffic signal,02 - Intersection related,01 - Daylight,03 - P.D. only,03 - Rear end,South Keys - Heron Gate - Greenboro West
649,BANK ST @ CAHILL DR/DAZE ST,371305.6952,5024316.951,-75.65116818,45.35564326,2016-03-14,11:10,02 - Rain,02 - Wet,01 - Traffic signal,03 - At intersection,01 - Daylight,03 - P.D. only,05 - Turning movement,South Keys - Heron Gate - Greenboro West
650,BANK ST @ CAHILL DR/DAZE ST,371304.3305,5024316.313,-75.65118568,45.35563765,2016-11-18,13:45,01 - Clear,01 - Dry,01 - Traffic signal,02 - Intersection related,01 - Daylight,03 - P.D. only,03 - Rear end,South Keys - Heron Gate - Greenboro West
651,BANK ST @ CAMERON AVE,368944.5422,5028262.134,-75.68078874,45.39136087,2016-11-20,18:19,03 - Snow,02 - Wet,01 - Traffic signal,02 - Intersection related,07 - Dark,03 - P.D. only,03 - Rear end,South Keys - Heron Gate - Greenboro West
652,BANK ST @ CAMERON AVE,368944.3958,5028262.548,-75.68079056,45.39136461,2016-07-21,22:35,01 - Clear,01 - Dry,01 - Traffic signal,02 - Intersection related,07 - Dark,03 - P.D. only,05 - Turning movement,Old Ottawa South
653,BANK ST @ CATHERINE ST,368038.7869,5030267.342,-75.69209817,45.4094855,2016-08-23,20:22,01 - Clear,01 - Dry,01 - Traffic signal,03 - At intersection,07 - Dark,02 - Non-fatal injury,02 - Angle,Old Ottawa South
654,BANK ST @ CATHERINE ST,368040.8418,5030267.117,-75.69207195,45.40948329,2016-06-29,12:12,01 - Clear,01 - Dry,01 - Traffic signal,02 - Intersection related,01 - Daylight,02 - Non-fatal injury,07 - SMV other,Centretown
655,BANK ST @ CATHERINE ST,368038.569,5030267.572,-75.69210093,45.40948759,2016-07-27,16:40,01 - Clear,01 - Dry,01 - Traffic signal,03 - At intersection,01 - Daylight,02 - Non-fatal injury,07 - SMV other,Centretown
656,BANK ST @ CATHERINE ST,368040.5336,5030266.33,-75.69207599,45.40947624,2016-12-11,14:05,01 - Clear,01 - Dry,01 - Traffic signal,03 - At intersection,01 - Daylight,02 - Non-fatal injury,02 - Angle,Centretown
657,BANK ST @ CATHERINE ST,368040.1646,5030267.802,-75.69208051,45.40948951,2016-01-31,13:08,01 - Clear,01 - Dry,01 - Traffic signal,02 - Intersection related,01 - Daylight,03 - P.D. only,03 - Rear end,Centretown
658,BANK ST @ CATHERINE ST,368040.3713,5030267.35,-75.69207793,45.40948543,2016-02-16,7:06,03 - Snow,03 - Loose snow,01 - Traffic signal,03 - At intersection,03 - Dawn,03 - P.D. only,02 - Angle,Centretown
659,BANK ST @ CATHERINE ST,368038.2045,5030267.197,-75.69210563,45.40948425,2016-01-03,0:22,01 - Clear,02 - Wet,01 - Traffic signal,03 - At intersection,07 - Dark,03 - P.D. only,02 - Angle,Centretown
660,BANK ST @ CATHERINE ST,368040.1646,5030267.342,-75.69208057,45.40948537,2016-08-17,7:53,01 - Clear,01 - Dry,01 - Traffic signal,02 - Intersection related,01 - Daylight,03 - P.D. only,04 - Sideswipe,Centretown
661,BANK ST @ CATHERINE ST,368039.9327,5030267.117,-75.69208356,45.40948337,2016-07-02,20:08,01 - Clear,01 - Dry,01 - Traffic signal,02 - Intersection related,01 - Daylight,03 - P.D. only,02 - Angle,Centretown
662,BANK ST @ CATHERINE ST,368039.9989,5030267.566,-75.69208266,45.4094874,2016-10-04,16:16,01 - Clear,01 - Dry,01 - Traffic signal,02 - Intersection related,01 - Daylight,03 - P.D. only,03 - Rear end,Centretown
663,BANK ST @ CECIL AVE,369944.9319,5026988.887,-75.66818182,45.37981227,2016-08-18,12:04,01 - Clear,01 - Dry,02 - Stop sign,03 - At intersection,01 - Daylight,02 - Non-fatal injury,02 - Angle,Centretown
664,BANK ST @ CECIL AVE,369944.4869,5026988.869,-75.66818751,45.37981215,2016-03-19,10:41,01 - Clear,01 - Dry,02 - Stop sign,03 - At intersection,01 - Daylight,03 - P.D. only,02 - Angle,Alta Vista
665,BANK ST @ CHAMBERLAIN AVE N/ISABELLA ST,368082.8936,5030166.56,-75.69154768,45.40857471,2016-01-11,21:08,01 - Clear,02 - Wet,01 - Traffic signal,03 - At intersection,07 - Dark,02 - Non-fatal injury,07 - SMV other,Alta Vista
666,BANK ST @ CHAMBERLAIN AVE N/ISABELLA ST,368082.4926,5030166.782,-75.69155278,45.40857674,2016-10-30,15:08,01 - Clear,01 - Dry,01 - Traffic signal,03 - At intersection,01 - Daylight,02 - Non-fatal injury,02 - Angle,The Glebe
667,BANK ST @ CHAMBERLAIN AVE N/ISABELLA ST,368081.7873,5030165.263,-75.69156198,45.40856314,2016-08-26,13:33,01 - Clear,01 - Dry,01 - Traffic signal,02 - Intersection related,01 - Daylight,03 - P.D. only,03 - Rear end,The Glebe
668,BANK ST @ CHAMBERLAIN AVE N/ISABELLA ST,368082.4926,5030166.343,-75.69155283,45.40857279,2016-09-20,18:46,01 - Clear,01 - Dry,01 - Traffic signal,02 - Intersection related,01 - Daylight,03 - P.D. only,04 - Sideswipe,The Glebe
669,BANK ST @ CHAMBERLAIN AVE N/ISABELLA ST,368082.0535,5030167.221,-75.69155833,45.40858073,2016-10-13,10:56,01 - Clear,01 - Dry,01 - Traffic signal,02 - Intersection related,01 - Daylight,03 - P.D. only,04 - Sideswipe,The Glebe
670,BANK ST @ CHAMBERLAIN AVE N/ISABELLA ST,368082.4926,5030166.343,-75.69155283,45.40857279,2016-11-05,13:49,01 - Clear,01 - Dry,01 - Traffic signal,03 - At intersection,01 - Daylight,03 - P.D. only,02 - Angle,The Glebe
671,BANK ST @ CHAMBERLAIN AVE N/ISABELLA ST,368083.654,5030165.768,-75.69153807,45.40856751,2016-01-11,1:39,03 - Snow,03 - Loose snow,01 - Traffic signal,02 - Intersection related,07 - Dark,03 - P.D. only,02 - Angle,The Glebe
672,BANK ST @ CHAMBERLAIN AVE N/ISABELLA ST,368083.7769,5030166.121,-75.69153646,45.40857068,2016-01-03,22:14,01 - Clear,02 - Wet,01 - Traffic signal,03 - At intersection,07 - Dark,03 - P.D. only,02 - Angle,The Glebe
673,BANK ST @ CHAMBERLAIN AVE N/ISABELLA ST,368082.8897,5030167.03,-75.69154767,45.40857894,2016-03-04,14:55,01 - Clear,01 - Dry,01 - Traffic signal,03 - At intersection,01 - Daylight,03 - P.D. only,02 - Angle,The Glebe
674,BANK ST @ CHAMBERLAIN AVE N/ISABELLA ST,368083.3855,5030166.338,-75.69154143,45.40857267,2016-03-21,11:12,01 - Clear,01 - Dry,01 - Traffic signal,03 - At intersection,01 - Daylight,03 - P.D. only,05 - Turning movement,The Glebe
675,BANK ST @ CHAMBERLAIN AVE N/ISABELLA ST,368083.3855,5030166.787,-75.69154137,45.40857671,2016-04-21,15:40,01 - Clear,01 - Dry,01 - Traffic signal,02 - Intersection related,01 - Daylight,03 - P.D. only,03 - Rear end,The Glebe
676,BANK ST @ CHAMBERLAIN AVE N/ISABELLA ST,368082.119,5030166.21,-75.69155762,45.40857163,2016-07-04,0:24,01 - Clear,01 - Dry,01 - Traffic signal,03 - At intersection,07 - Dark,03 - P.D. only,02 - Angle,The Glebe
677,BANK ST @ CHAMBERLAIN AVE N/ISABELLA ST,368082.3334,5030166.852,-75.6915548,45.40857739,2016-06-25,10:38,01 - Clear,01 - Dry,01 - Traffic signal,03 - At intersection,01 - Daylight,03 - P.D. only,02 - Angle,The Glebe
678,BANK ST @ CHAMBERLAIN AVE N/ISABELLA ST,368082.791,5030166.601,-75.69154899,45.40857509,2016-06-20,2:12,01 - Clear,01 - Dry,01 - Traffic signal,03 - At intersection,07 - Dark,03 - P.D. only,02 - Angle,The Glebe
679,BANK ST @ CHAMBERLAIN AVE N/ISABELLA ST,368081.6276,5030166.242,-75.6915639,45.40857196,2016-05-31,8:32,01 - Clear,01 - Dry,01 - Traffic signal,02 - Intersection related,01 - Daylight,03 - P.D. only,04 - Sideswipe,The Glebe
680,BANK ST @ CHAMBERLAIN AVE N/ISABELLA ST,368082.7572,5030167.007,-75.69154937,45.40857874,2016-12-31,15:23,03 - Snow,03 - Loose snow,01 - Traffic signal,02 - Intersection related,01 - Daylight,03 - P.D. only,03 - Rear end,The Glebe
681,BANK ST @ CHAMBERLAIN AVE N/ISABELLA ST,368082.6684,5030166.732,-75.69155054,45.40857628,2016-10-10,19:17,01 - Clear,01 - Dry,01 - Traffic signal,02 - Intersection related,07 - Dark,03 - P.D. only,04 - Sideswipe,The Glebe
682,BANK ST @ CLEMOW AVE,368206.8829,5029866.344,-75.69000246,45.40586224,2016-08-29,17:15,01 - Clear,01 - Dry,02 - Stop sign,03 - At intersection,01 - Daylight,03 - P.D. only,02 - Angle,The Glebe
683,BANK ST @ COLLINS AVE/WILDWOOD AVE,370050.4238,5026697.456,-75.66687348,45.37718026,2016-05-01,16:51,02 - Rain,02 - Wet,02 - Stop sign,03 - At intersection,01 - Daylight,03 - P.D. only,04 - Sideswipe,The Glebe
684,BANK ST @ CONROY RD,375044.7501,5022239.625,-75.60374625,45.33658776,2016-01-05,8:01,01 - Clear,01 - Dry,01 - Traffic signal,02 - Intersection related,01 - Daylight,02 - Non-fatal injury,07 - SMV other,Ledbury - Heron Gate - Ridgemont - Elmwood
685,BANK ST @ CONROY RD,375044.0256,5022239.058,-75.60375557,45.33658273,2016-05-28,12:50,01 - Clear,01 - Dry,01 - Traffic signal,02 - Intersection related,01 - Daylight,03 - P.D. only,03 - Rear end,Greenbelt
686,BANK ST @ DALMENY RD/MARVELVILLE RD,385828.5535,5004368.806,-75.46909021,45.17463514,2016-07-17,16:00,01 - Clear,01 - Dry,02 - Stop sign,03 - At intersection,01 - Daylight,02 - Non-fatal injury,02 - Angle,Greenbelt
687,BANK ST @ DAVIDSON RD/LESTER RD,373672.2083,5022924.186,-75.62116115,45.34288325,2016-02-20,17:13,02 - Rain,02 - Wet,01 - Traffic signal,02 - Intersection related,01 - Daylight,03 - P.D. only,05 - Turning movement,Metcalfe
688,BANK ST @ ECHO DR,368661.9384,5028760.455,-75.6843331,45.39587044,2016-08-16,17:39,02 - Rain,02 - Wet,02 - Stop sign,03 - At intersection,01 - Daylight,03 - P.D. only,02 - Angle,Blossom Park - Blossom Park West - Sawmill Creek/ Timbermill
689,BANK ST @ ERIE AVE,370137.5222,5026479.446,-75.66579036,45.37521056,2016-08-18,19:31,01 - Clear,01 - Dry,01 - Traffic signal,02 - Intersection related,01 - Daylight,03 - P.D. only,03 - Rear end,Old Ottawa South
690,BANK ST @ ERIE AVE,370136.3769,5026479.94,-75.66580491,45.37521511,2016-12-05,9:48,03 - Snow,05 - Packed snow,01 - Traffic signal,02 - Intersection related,01 - Daylight,03 - P.D. only,07 - SMV other,Ledbury - Heron Gate - Ridgemont - Elmwood
691,BANK ST @ EVANS AVE,369917.8513,5027062.757,-75.66851783,45.38047945,2016-06-26,15:55,01 - Clear,01 - Dry,02 - Stop sign,02 - Intersection related,01 - Daylight,02 - Non-fatal injury,02 - Angle,Ledbury - Heron Gate - Ridgemont - Elmwood
692,BANK ST @ EXHIBITION WAY,368529.1428,5029086.037,-75.68598698,45.39881202,2016-09-03,21:58,01 - Clear,01 - Dry,01 - Traffic signal,03 - At intersection,07 - Dark,02 - Non-fatal injury,05 - Turning movement,Alta Vista
693,BANK ST @ EXHIBITION WAY,368530.1905,5029087.499,-75.68597341,45.39882508,2016-11-13,11:35,01 - Clear,01 - Dry,01 - Traffic signal,03 - At intersection,01 - Daylight,02 - Non-fatal injury,07 - SMV other,The Glebe
694,BANK ST @ EXHIBITION WAY,368529.3623,5029085.843,-75.6859842,45.39881025,2016-11-24,6:52,03 - Snow,03 - Loose snow,01 - Traffic signal,02 - Intersection related,03 - Dawn,03 - P.D. only,03 - Rear end,The Glebe
695,BANK ST @ FIFTH AVE,368398.4939,5029400.339,-75.68761506,45.40165189,2016-10-19,16:29,01 - Clear,01 - Dry,01 - Traffic signal,02 - Intersection related,01 - Daylight,03 - P.D. only,05 - Turning movement,The Glebe
696,BANK ST @ FIFTH AVE,368398.0548,5029401.217,-75.68762055,45.40165983,2016-10-06,18:44,01 - Clear,01 - Dry,01 - Traffic signal,02 - Intersection related,07 - Dark,03 - P.D. only,04 - Sideswipe,The Glebe
697,BANK ST @ FIFTH AVE,368398.9407,5029400.104,-75.68760938,45.40164974,2016-03-04,18:42,01 - Clear,01 - Dry,01 - Traffic signal,02 - Intersection related,05 - Dusk,03 - P.D. only,04 - Sideswipe,The Glebe
698,BANK ST @ FIFTH AVE,368398.4939,5029400.339,-75.68761506,45.40165189,2016-11-25,19:26,01 - Clear,02 - Wet,01 - Traffic signal,03 - At intersection,07 - Dark,03 - P.D. only,05 - Turning movement,The Glebe
699,BANK ST @ FINDLAY CREEK SC/310 S OF FINDLAY CREEK DR,375967.5345,5020175.263,-75.59227064,45.31792052,2016-11-21,8:43,03 - Snow,02 - Wet,01 - Traffic signal,03 - At intersection,01 - Daylight,02 - Non-fatal injury,03 - Rear end,The Glebe
700,BANK ST @ FINDLAY CREEK SC/310 S OF FINDLAY CREEK DR,375967.5345,5020175.263,-75.59227064,45.31792052,2016-07-05,6:35,01 - Clear,01 - Dry,01 - Traffic signal,02 - Intersection related,01 - Daylight,03 - P.D. only,99 - Other,Greenbelt
701,BANK ST @ FINDLAY CREEK SC/310 S OF FINDLAY CREEK DR,375967.5345,5020175.263,-75.59227064,45.31792052,2016-11-24,10:42,03 - Snow,03 - Loose snow,01 - Traffic signal,03 - At intersection,01 - Daylight,03 - P.D. only,02 - Angle,Greenbelt
702,BANK ST @ FOURTH AVE,368367.4908,5029475.889,-75.6880013,45.40233448,2016-05-16,4:48,01 - Clear,01 - Dry,02 - Stop sign,02 - Intersection related,03 - Dawn,03 - P.D. only,07 - SMV other,Greenbelt
703,BANK ST @ FOURTH AVE,368368.1069,5029475.784,-75.68799345,45.40233348,2016-03-29,14:35,01 - Clear,01 - Dry,02 - Stop sign,03 - At intersection,01 - Daylight,03 - P.D. only,02 - Angle,The Glebe
704,BANK ST @ GILMOUR ST,367785.7014,5030774.571,-75.69526631,45.41407221,2016-06-03,18:00,01 - Clear,01 - Dry,01 - Traffic signal,03 - At intersection,01 - Daylight,02 - Non-fatal injury,05 - Turning movement,The Glebe
705,BANK ST @ GLADSTONE AVE,367915.6087,5030561.912,-75.69363395,45.41214707,2016-01-13,13:25,03 - Snow,03 - Loose snow,01 - Traffic signal,03 - At intersection,01 - Daylight,02 - Non-fatal injury,07 - SMV other,Centretown
706,BANK ST @ GLADSTONE AVE,367918.3627,5030561.328,-75.69359884,45.41214156,2016-10-06,8:05,01 - Clear,01 - Dry,01 - Traffic signal,03 - At intersection,01 - Daylight,02 - Non-fatal injury,07 - SMV other,Centretown
707,BANK ST @ GLADSTONE AVE,367916.2018,5030561.841,-75.69362638,45.41214637,2016-03-02,19:38,01 - Clear,02 - Wet,01 - Traffic signal,02 - Intersection related,07 - Dark,03 - P.D. only,02 - Angle,Centretown
708,BANK ST @ GLADSTONE AVE,367915.6087,5030562.79,-75.69363384,45.41215497,2016-12-06,19:16,01 - Clear,02 - Wet,01 - Traffic signal,03 - At intersection,07 - Dark,03 - P.D. only,05 - Turning movement,Centretown
709,BANK ST @ GLEBE AVE,368239.8826,5029787.562,-75.68959108,45.40515039,2016-12-02,19:35,01 - Clear,01 - Dry,01 - Traffic signal,02 - Intersection related,07 - Dark,03 - P.D. only,99 - Other,Centretown
710,BANK ST @ GLOUCESTER ST,367523.4875,5031197.484,-75.69856231,45.417901,2016-01-12,16:10,03 - Snow,02 - Wet,01 - Traffic signal,02 - Intersection related,05 - Dusk,03 - P.D. only,04 - Sideswipe,The Glebe
711,BANK ST @ HERON RD,369995.0382,5026851.088,-75.66756029,45.37856774,2016-07-09,21:11,02 - Rain,02 - Wet,01 - Traffic signal,02 - Intersection related,05 - Dusk,02 - Non-fatal injury,03 - Rear end,Centretown
712,BANK ST @ HERON RD,369995.942,5026851.764,-75.66754866,45.37857374,2016-03-05,11:49,01 - Clear,01 - Dry,01 - Traffic signal,03 - At intersection,01 - Daylight,03 - P.D. only,05 - Turning movement,Alta Vista
713,BANK ST @ HERON RD,369996.3786,5026850.884,-75.66754321,45.37856578,2016-01-08,13:37,01 - Clear,01 - Dry,01 - Traffic signal,02 - Intersection related,01 - Daylight,03 - P.D. only,04 - Sideswipe,Alta Vista
714,BANK ST @ HERON RD,369995.498,5026852.652,-75.66755422,45.37858177,2016-02-17,11:40,01 - Clear,02 - Wet,01 - Traffic signal,02 - Intersection related,01 - Daylight,03 - P.D. only,05 - Turning movement,Alta Vista
715,BANK ST @ HERON RD,369995.9445,5026851.318,-75.66754869,45.37856973,2016-02-25,7:35,04 - Freezing Rain,06 - Ice,01 - Traffic signal,02 - Intersection related,01 - Daylight,03 - P.D. only,03 - Rear end,Alta Vista
716,BANK ST @ HERON RD,369995.9445,5026851.767,-75.66754863,45.37857377,2016-04-04,8:52,01 - Clear,01 - Dry,01 - Traffic signal,02 - Intersection related,01 - Daylight,03 - P.D. only,03 - Rear end,Alta Vista
717,BANK ST @ HERON RD,369995.4953,5026850.643,-75.66755452,45.3785637,2016-05-04,11:03,01 - Clear,01 - Dry,01 - Traffic signal,02 - Intersection related,01 - Daylight,03 - P.D. only,03 - Rear end,Alta Vista
718,BANK ST @ HERON RD,369996.8474,5026851.768,-75.6675371,45.37857369,2016-05-05,12:10,01 - Clear,01 - Dry,01 - Traffic signal,03 - At intersection,01 - Daylight,03 - P.D. only,05 - Turning movement,Alta Vista
719,BANK ST @ HERON RD,369993.2355,5026852.784,-75.66758308,45.37858317,2016-08-28,16:59,02 - Rain,02 - Wet,01 - Traffic signal,03 - At intersection,01 - Daylight,03 - P.D. only,03 - Rear end,Alta Vista
720,BANK ST @ HERON RD,369994.6491,5026851.81,-75.66756516,45.37857428,2016-08-22,14:59,01 - Clear,01 - Dry,01 - Traffic signal,02 - Intersection related,01 - Daylight,03 - P.D. only,03 - Rear end,Alta Vista
721,BANK ST @ HERON RD,369997.3763,5026851.128,-75.66753044,45.37856789,2016-11-20,21:31,03 - Snow,04 - Slush,01 - Traffic signal,02 - Intersection related,07 - Dark,03 - P.D. only,07 - SMV other,Alta Vista
722,BANK ST @ HERON RD,369996.4018,5026851.542,-75.66754282,45.3785717,2016-08-06,14:49,01 - Clear,01 - Dry,01 - Traffic signal,02 - Intersection related,01 - Daylight,03 - P.D. only,03 - Rear end,Alta Vista
723,BANK ST @ HERON RD,369995.0466,5026851.318,-75.66756015,45.37856981,2016-02-25,17:44,02 - Rain,04 - Slush,01 - Traffic signal,02 - Intersection related,05 - Dusk,03 - P.D. only,03 - Rear end,Alta Vista
724,BANK ST @ HERON RD,369995.0614,5026851.323,-75.66755997,45.37856986,2016-05-03,7:57,"07 - Fog, mist, smoke, dust",01 - Dry,01 - Traffic signal,02 - Intersection related,01 - Daylight,03 - P.D. only,03 - Rear end,Alta Vista
725,BANK ST @ HERON RD,369996.1792,5026851.772,-75.66754563,45.37857379,2016-06-22,12:30,01 - Clear,01 - Dry,01 - Traffic signal,02 - Intersection related,01 - Daylight,03 - P.D. only,04 - Sideswipe,Alta Vista
726,BANK ST @ HERON RD,369995.0436,5026852.67,-75.66756001,45.37858198,2016-05-30,11:23,01 - Clear,01 - Dry,01 - Traffic signal,02 - Intersection related,01 - Daylight,03 - P.D. only,03 - Rear end,Alta Vista
727,BANK ST @ HERON RD,369996.3964,5026852.219,-75.6675428,45.37857779,2016-04-23,14:38,01 - Clear,01 - Dry,01 - Traffic signal,03 - At intersection,01 - Daylight,03 - P.D. only,05 - Turning movement,Alta Vista
728,BANK ST @ HERON RD,369995.9473,5026851.997,-75.66754857,45.37857584,2016-08-19,15:40,01 - Clear,01 - Dry,01 - Traffic signal,03 - At intersection,01 - Daylight,03 - P.D. only,05 - Turning movement,Alta Vista
729,BANK ST @ HERON RD,369996.3964,5026851.317,-75.66754292,45.37856968,2016-05-30,9:07,01 - Clear,01 - Dry,01 - Traffic signal,03 - At intersection,01 - Daylight,03 - P.D. only,05 - Turning movement,Alta Vista
730,BANK ST @ HERON RD,369995.72,5026850.3,-75.66755169,45.37856059,2016-08-23,14:47,01 - Clear,01 - Dry,01 - Traffic signal,03 - At intersection,01 - Daylight,03 - P.D. only,03 - Rear end,Alta Vista
731,BANK ST @ HERON RD,369997.3763,5026852.784,-75.66753022,45.37858279,2016-09-13,12:46,01 - Clear,01 - Dry,01 - Traffic signal,02 - Intersection related,01 - Daylight,03 - P.D. only,03 - Rear end,Alta Vista
732,BANK ST @ HERON RD,369994.8918,5026851.128,-75.66756216,45.37856812,2016-12-22,14:26,03 - Snow,03 - Loose snow,01 - Traffic signal,02 - Intersection related,01 - Daylight,03 - P.D. only,03 - Rear end,Alta Vista
733,BANK ST @ HERON RD,369994.2999,5026851.306,-75.66756969,45.37856977,2016-12-23,19:46,01 - Clear,02 - Wet,01 - Traffic signal,02 - Intersection related,07 - Dark,03 - P.D. only,03 - Rear end,Alta Vista
734,BANK ST @ HERON RD,369995.72,5026851.128,-75.66755158,45.37856804,2016-12-06,14:54,01 - Clear,02 - Wet,01 - Traffic signal,02 - Intersection related,01 - Daylight,03 - P.D. only,03 - Rear end,Alta Vista
735,BANK ST @ HERON RD,369994.0637,5026850.3,-75.66757284,45.37856074,2016-12-01,13:11,01 - Clear,01 - Dry,01 - Traffic signal,02 - Intersection related,01 - Daylight,03 - P.D. only,03 - Rear end,Alta Vista
736,BANK ST @ HOLMWOOD AVE,368483.3643,5029195.488,-75.68655751,45.39980099,2016-11-15,15:24,01 - Clear,01 - Dry,01 - Traffic signal,02 - Intersection related,01 - Daylight,02 - Non-fatal injury,03 - Rear end,Alta Vista
737,BANK ST @ HOLMWOOD AVE,368480.8798,5029197.145,-75.68658903,45.39981613,2016-12-18,12:26,01 - Clear,03 - Loose snow,01 - Traffic signal,02 - Intersection related,01 - Daylight,02 - Non-fatal injury,01 - Approaching,The Glebe
738,BANK ST @ HOLMWOOD AVE,368482.5362,5029198.801,-75.68656766,45.39983088,2016-08-12,11:30,01 - Clear,01 - Dry,01 - Traffic signal,02 - Intersection related,01 - Daylight,03 - P.D. only,03 - Rear end,The Glebe
739,BANK ST @ HOLMWOOD AVE,368482.3844,5029196.431,-75.68656991,45.39980956,2016-06-16,9:00,01 - Clear,01 - Dry,01 - Traffic signal,02 - Intersection related,01 - Daylight,03 - P.D. only,04 - Sideswipe,The Glebe
740,BANK ST @ HOLMWOOD AVE,368482.215,5029196.291,-75.68657209,45.39980832,2016-07-07,14:06,01 - Clear,01 - Dry,01 - Traffic signal,03 - At intersection,01 - Daylight,03 - P.D. only,03 - Rear end,The Glebe
741,BANK ST @ HOLMWOOD AVE,368481.9335,5029197.784,-75.68657549,45.39982178,2016-05-17,17:08,01 - Clear,01 - Dry,01 - Traffic signal,02 - Intersection related,01 - Daylight,03 - P.D. only,03 - Rear end,The Glebe
742,BANK ST @ HOLMWOOD AVE,368482.8354,5029198.235,-75.68656392,45.39982576,2016-05-25,8:51,01 - Clear,01 - Dry,01 - Traffic signal,02 - Intersection related,01 - Daylight,03 - P.D. only,03 - Rear end,The Glebe
743,BANK ST @ HUNT CLUB RD,371607.6388,5024096.726,-75.64734457,45.35363305,2016-02-12,18:12,03 - Snow,06 - Ice,01 - Traffic signal,02 - Intersection related,07 - Dark,02 - Non-fatal injury,03 - Rear end,The Glebe
744,BANK ST @ HUNT CLUB RD,371608.956,5024097.165,-75.6473277,45.35363687,2016-02-06,21:12,01 - Clear,01 - Dry,01 - Traffic signal,03 - At intersection,07 - Dark,02 - Non-fatal injury,02 - Angle,South Keys - Heron Gate - Greenboro West
745,BANK ST @ HUNT CLUB RD,371608.0413,5024096.738,-75.64733943,45.35363312,2016-07-19,14:40,01 - Clear,01 - Dry,01 - Traffic signal,02 - Intersection related,01 - Daylight,02 - Non-fatal injury,03 - Rear end,South Keys - Heron Gate - Greenboro West
746,BANK ST @ HUNT CLUB RD,371608.956,5024096.726,-75.64732776,45.35363292,2016-06-23,15:44,01 - Clear,01 - Dry,01 - Traffic signal,02 - Intersection related,01 - Daylight,02 - Non-fatal injury,02 - Angle,South Keys - Heron Gate - Greenboro West
747,BANK ST @ HUNT CLUB RD,371608.7365,5024096.92,-75.64733053,45.35363469,2016-12-15,10:26,01 - Clear,01 - Dry,01 - Traffic signal,03 - At intersection,01 - Daylight,02 - Non-fatal injury,02 - Angle,South Keys - Heron Gate - Greenboro West
748,BANK ST @ HUNT CLUB RD,371609.8601,5024096.956,-75.64731619,45.35363491,2016-05-13,19:43,01 - Clear,01 - Dry,01 - Traffic signal,03 - At intersection,01 - Daylight,03 - P.D. only,04 - Sideswipe,South Keys - Heron Gate - Greenboro West