Record,Location,X,Y,lon,lat,Date,Time,Environment,Road_Surface,Traffic_Control,Collision_Location,Light,Collision_Classification,Impact_type,Neighborhood
749,BANK ST @ HUNT CLUB RD,371608.517,5024096.287,-75.64733342,45.35362902,2016-02-05,17:13,01 - Clear,01 - Dry,01 - Traffic signal,02 - Intersection related,01 - Daylight,03 - P.D. only,04 - Sideswipe,South Keys - Heron Gate - Greenboro West
750,BANK ST @ HUNT CLUB RD,371611.221,5024094.85,-75.64729911,45.35361583,2016-08-31,17:36,01 - Clear,01 - Dry,01 - Traffic signal,02 - Intersection related,01 - Daylight,03 - P.D. only,03 - Rear end,South Keys - Heron Gate - Greenboro West
751,BANK ST @ HUNT CLUB RD,371607.9083,5024095.264,-75.64734133,45.35361987,2016-08-28,16:26,02 - Rain,02 - Wet,01 - Traffic signal,02 - Intersection related,01 - Daylight,03 - P.D. only,03 - Rear end,South Keys - Heron Gate - Greenboro West
752,BANK ST @ HUNT CLUB RD,371608.956,5024096.726,-75.64732776,45.35363292,2016-02-19,10:52,01 - Clear,01 - Dry,01 - Traffic signal,02 - Intersection related,01 - Daylight,03 - P.D. only,04 - Sideswipe,South Keys - Heron Gate - Greenboro West
753,BANK ST @ HUNT CLUB RD,371608.956,5024096.287,-75.64732782,45.35362897,2016-09-02,14:38,01 - Clear,01 - Dry,01 - Traffic signal,02 - Intersection related,01 - Daylight,03 - P.D. only,99 - Other,South Keys - Heron Gate - Greenboro West
754,BANK ST @ HUNT CLUB RD,371609.5647,5024094.436,-75.6473203,45.35361226,2016-08-11,16:06,01 - Clear,01 - Dry,01 - Traffic signal,02 - Intersection related,01 - Daylight,03 - P.D. only,03 - Rear end,South Keys - Heron Gate - Greenboro West
755,BANK ST @ HUNT CLUB RD,371608.961,5024096.731,-75.64732769,45.35363297,2016-04-29,0:46,01 - Clear,01 - Dry,01 - Traffic signal,03 - At intersection,07 - Dark,03 - P.D. only,02 - Angle,South Keys - Heron Gate - Greenboro West
756,BANK ST @ HUNT CLUB RD,371608.6597,5024096.491,-75.64733157,45.35363084,2016-01-16,10:58,02 - Rain,02 - Wet,01 - Traffic signal,02 - Intersection related,01 - Daylight,03 - P.D. only,04 - Sideswipe,South Keys - Heron Gate - Greenboro West
757,BANK ST @ HUNT CLUB RD,371608.5021,5024096.57,-75.64733357,45.35363156,2016-01-08,11:46,01 - Clear,01 - Dry,01 - Traffic signal,02 - Intersection related,01 - Daylight,03 - P.D. only,04 - Sideswipe,South Keys - Heron Gate - Greenboro West
758,BANK ST @ HUNT CLUB RD,371609.3951,5024095.848,-75.64732227,45.35362498,2016-01-18,8:28,03 - Snow,03 - Loose snow,01 - Traffic signal,02 - Intersection related,01 - Daylight,03 - P.D. only,03 - Rear end,Centretown
759,BANK ST @ HUNT CLUB RD,371608.961,5024095.833,-75.64732782,45.35362489,2016-02-19,22:30,03 - Snow,03 - Loose snow,01 - Traffic signal,02 - Intersection related,07 - Dark,03 - P.D. only,03 - Rear end,South Keys - Heron Gate - Greenboro West
760,BANK ST @ HUNT CLUB RD,371609.0028,5024095.707,-75.6473273,45.35362375,2016-04-02,16:48,01 - Clear,01 - Dry,01 - Traffic signal,03 - At intersection,01 - Daylight,03 - P.D. only,03 - Rear end,South Keys - Heron Gate - Greenboro West
761,BANK ST @ HUNT CLUB RD,371608.4702,5024096.773,-75.64733395,45.35363339,2016-03-28,6:40,02 - Rain,02 - Wet,01 - Traffic signal,02 - Intersection related,01 - Daylight,03 - P.D. only,03 - Rear end,South Keys - Heron Gate - Greenboro West
762,BANK ST @ HUNT CLUB RD,371609.3951,5024096.726,-75.64732215,45.35363288,2016-09-20,0:25,01 - Clear,01 - Dry,01 - Traffic signal,03 - At intersection,07 - Dark,03 - P.D. only,02 - Angle,South Keys - Heron Gate - Greenboro West
763,BANK ST @ HUNT CLUB RD,371609.4318,5024097.201,-75.64732162,45.35363715,2016-04-19,14:00,01 - Clear,01 - Dry,01 - Traffic signal,03 - At intersection,01 - Daylight,03 - P.D. only,05 - Turning movement,South Keys - Heron Gate - Greenboro West
764,BANK ST @ HUNT CLUB RD,371608.4702,5024096.24,-75.64733402,45.3536286,2016-02-08,17:08,01 - Clear,01 - Dry,01 - Traffic signal,02 - Intersection related,01 - Daylight,03 - P.D. only,03 - Rear end,South Keys - Heron Gate - Greenboro West
765,BANK ST @ HUNT CLUB RD,371608.962,5024096.732,-75.64732768,45.35363298,2016-05-19,17:39,01 - Clear,01 - Dry,01 - Traffic signal,02 - Intersection related,01 - Daylight,03 - P.D. only,04 - Sideswipe,South Keys - Heron Gate - Greenboro West
766,BANK ST @ HUNT CLUB RD,371608.0601,5024097.183,-75.64733913,45.35363712,2016-06-03,17:10,01 - Clear,01 - Dry,01 - Traffic signal,02 - Intersection related,01 - Daylight,03 - P.D. only,03 - Rear end,South Keys - Heron Gate - Greenboro West
767,BANK ST @ HUNT CLUB RD,371609.191,5024096.506,-75.64732479,45.35363092,2016-05-03,17:30,01 - Clear,01 - Dry,01 - Traffic signal,02 - Intersection related,01 - Daylight,03 - P.D. only,04 - Sideswipe,South Keys - Heron Gate - Greenboro West
768,BANK ST @ HUNT CLUB RD,371609.5647,5024096.92,-75.64731996,45.35363461,2016-07-25,16:10,01 - Clear,01 - Dry,01 - Traffic signal,02 - Intersection related,01 - Daylight,03 - P.D. only,07 - SMV other,South Keys - Heron Gate - Greenboro West
769,BANK ST @ HUNT CLUB RD,371607.6388,5024096.287,-75.64734463,45.3536291,2016-11-15,16:50,01 - Clear,01 - Dry,01 - Traffic signal,02 - Intersection related,05 - Dusk,03 - P.D. only,04 - Sideswipe,South Keys - Heron Gate - Greenboro West
770,BANK ST @ HUNT CLUB RD,371607.9083,5024095.264,-75.64734133,45.35361987,2016-11-24,8:45,01 - Clear,03 - Loose snow,01 - Traffic signal,02 - Intersection related,01 - Daylight,03 - P.D. only,03 - Rear end,South Keys - Heron Gate - Greenboro West
771,BANK ST @ HUNT CLUB RD,371607.9083,5024096.92,-75.6473411,45.35363477,2016-11-30,12:41,02 - Rain,02 - Wet,01 - Traffic signal,02 - Intersection related,01 - Daylight,03 - P.D. only,04 - Sideswipe,South Keys - Heron Gate - Greenboro West
772,BANK ST @ JOHN QUINN RD,383423.8851,5010702.633,-75.49868025,45.23189597,2016-12-01,7:54,01 - Clear,01 - Dry,02 - Stop sign,03 - At intersection,01 - Daylight,03 - P.D. only,02 - Angle,South Keys - Heron Gate - Greenboro West
773,BANK ST @ JOHNSTON RD,370851.511,5024839.308,-75.65689463,45.3603862,2016-02-25,18:15,01 - Clear,06 - Ice,01 - Traffic signal,02 - Intersection related,05 - Dusk,02 - Non-fatal injury,03 - Rear end,South Keys - Heron Gate - Greenboro West
774,BANK ST @ JOHNSTON RD,370851.95,5024838.43,-75.65688914,45.36037826,2016-02-01,15:28,01 - Clear,01 - Dry,01 - Traffic signal,03 - At intersection,01 - Daylight,02 - Non-fatal injury,05 - Turning movement,Osgoode
775,BANK ST @ JOHNSTON RD,370851.0719,5024838.869,-75.65690029,45.36038229,2016-02-01,17:00,01 - Clear,01 - Dry,01 - Traffic signal,02 - Intersection related,05 - Dusk,02 - Non-fatal injury,03 - Rear end,South Keys - Heron Gate - Greenboro West
776,BANK ST @ JOHNSTON RD,370851.5061,5024839.77,-75.65689463,45.36039036,2016-03-31,8:27,02 - Rain,02 - Wet,01 - Traffic signal,03 - At intersection,01 - Daylight,02 - Non-fatal injury,02 - Angle,South Keys - Heron Gate - Greenboro West
777,BANK ST @ JOHNSTON RD,370851.955,5024838.406,-75.65688908,45.36037804,2016-04-22,11:47,02 - Rain,02 - Wet,01 - Traffic signal,03 - At intersection,01 - Daylight,02 - Non-fatal injury,05 - Turning movement,South Keys - Heron Gate - Greenboro West
778,BANK ST @ JOHNSTON RD,370851.7305,5024837.458,-75.65689208,45.36036953,2016-11-07,9:03,01 - Clear,01 - Dry,01 - Traffic signal,02 - Intersection related,01 - Daylight,02 - Non-fatal injury,03 - Rear end,South Keys - Heron Gate - Greenboro West
779,BANK ST @ JOHNSTON RD,370852.0859,5024841.553,-75.65688699,45.36040634,2016-12-07,14:19,03 - Snow,02 - Wet,01 - Traffic signal,02 - Intersection related,01 - Daylight,02 - Non-fatal injury,03 - Rear end,South Keys - Heron Gate - Greenboro West
780,BANK ST @ JOHNSTON RD,370850.6328,5024839.747,-75.65690578,45.36039023,2016-11-16,20:13,01 - Clear,01 - Dry,01 - Traffic signal,03 - At intersection,07 - Dark,02 - Non-fatal injury,05 - Turning movement,South Keys - Heron Gate - Greenboro West
781,BANK ST @ JOHNSTON RD,370851.7305,5024839.298,-75.65689183,45.36038609,2016-03-07,8:45,01 - Clear,04 - Slush,01 - Traffic signal,03 - At intersection,01 - Daylight,03 - P.D. only,02 - Angle,South Keys - Heron Gate - Greenboro West
782,BANK ST @ JOHNSTON RD,370851.5032,5024839.073,-75.65689476,45.36038409,2016-08-11,18:15,01 - Clear,01 - Dry,01 - Traffic signal,02 - Intersection related,01 - Daylight,03 - P.D. only,04 - Sideswipe,South Keys - Heron Gate - Greenboro West
783,BANK ST @ JOHNSTON RD,370851.0541,5024840.204,-75.65690034,45.3603943,2016-06-22,12:00,01 - Clear,01 - Dry,01 - Traffic signal,03 - At intersection,01 - Daylight,03 - P.D. only,01 - Approaching,South Keys - Heron Gate - Greenboro West
784,BANK ST @ JOHNSTON RD,370852.1897,5024839.298,-75.65688597,45.36038605,2016-06-22,12:21,01 - Clear,01 - Dry,01 - Traffic signal,03 - At intersection,01 - Daylight,03 - P.D. only,04 - Sideswipe,South Keys - Heron Gate - Greenboro West
785,BANK ST @ JOHNSTON RD,370850.8523,5024839.528,-75.65690301,45.36038824,2016-01-18,16:05,01 - Clear,02 - Wet,01 - Traffic signal,02 - Intersection related,01 - Daylight,03 - P.D. only,03 - Rear end,South Keys - Heron Gate - Greenboro West
786,BANK ST @ JOHNSTON RD,370852.266,5024840.867,-75.65688479,45.36040016,2016-09-06,12:44,01 - Clear,01 - Dry,01 - Traffic signal,02 - Intersection related,01 - Daylight,03 - P.D. only,03 - Rear end,South Keys - Heron Gate - Greenboro West
787,BANK ST @ JOHNSTON RD,370851.0541,5024839.302,-75.65690046,45.36038619,2016-05-10,9:58,01 - Clear,01 - Dry,01 - Traffic signal,03 - At intersection,01 - Daylight,03 - P.D. only,05 - Turning movement,South Keys - Heron Gate - Greenboro West
788,BANK ST @ KILBORN AVE/BELANGER AVE,369654.1545,5027427.426,-75.67183668,45.38378509,2016-09-01,11:46,01 - Clear,01 - Dry,01 - Traffic signal,02 - Intersection related,01 - Daylight,02 - Non-fatal injury,02 - Angle,South Keys - Heron Gate - Greenboro West
789,BANK ST @ KILBORN AVE/BELANGER AVE,369651.2354,5027428.79,-75.67187377,45.38379763,2016-10-06,12:05,01 - Clear,01 - Dry,01 - Traffic signal,02 - Intersection related,01 - Daylight,02 - Non-fatal injury,03 - Rear end,South Keys - Heron Gate - Greenboro West
790,BANK ST @ KILBORN AVE/BELANGER AVE,369653.6016,5027427.104,-75.67184378,45.38378224,2016-09-26,5:41,01 - Clear,01 - Dry,01 - Traffic signal,03 - At intersection,07 - Dark,02 - Non-fatal injury,02 - Angle,Alta Vista
791,BANK ST @ KILBORN AVE/BELANGER AVE,369652.649,5027427.816,-75.67185585,45.38378873,2016-08-12,14:51,01 - Clear,01 - Dry,01 - Traffic signal,02 - Intersection related,01 - Daylight,03 - P.D. only,03 - Rear end,Alta Vista
792,BANK ST @ KILBORN AVE/BELANGER AVE,369653.7199,5027425.477,-75.67184249,45.38376759,2016-08-12,14:51,01 - Clear,01 - Dry,01 - Traffic signal,02 - Intersection related,01 - Daylight,03 - P.D. only,03 - Rear end,Alta Vista
793,BANK ST @ KILBORN AVE/BELANGER AVE,369653.0435,5027426.871,-75.67185094,45.38378019,2016-06-03,7:03,01 - Clear,01 - Dry,01 - Traffic signal,02 - Intersection related,01 - Daylight,03 - P.D. only,03 - Rear end,Alta Vista
794,BANK ST @ LAURIER AVE,367480.9198,5031266.247,-75.69909741,45.41852352,2016-01-26,11:05,01 - Clear,02 - Wet,01 - Traffic signal,03 - At intersection,01 - Daylight,02 - Non-fatal injury,07 - SMV other,Alta Vista
795,BANK ST @ LAURIER AVE,367480.3097,5031264.026,-75.69910549,45.41850359,2016-05-23,7:59,01 - Clear,01 - Dry,01 - Traffic signal,02 - Intersection related,01 - Daylight,03 - P.D. only,02 - Angle,Alta Vista
796,BANK ST @ LAURIER AVE,367480.9258,5031265.814,-75.69909739,45.41851963,2016-05-24,15:30,01 - Clear,01 - Dry,01 - Traffic signal,02 - Intersection related,01 - Daylight,03 - P.D. only,03 - Rear end,Downtown
797,BANK ST @ LAURIER AVE,367480.4808,5031264.93,-75.69910319,45.41851171,2016-01-21,14:03,01 - Clear,01 - Dry,01 - Traffic signal,02 - Intersection related,01 - Daylight,03 - P.D. only,04 - Sideswipe,Downtown
798,BANK ST @ LAURIER AVE,367481.8722,5031264.807,-75.69908543,45.41851048,2016-04-10,2:30,01 - Clear,01 - Dry,01 - Traffic signal,02 - Intersection related,07 - Dark,03 - P.D. only,03 - Rear end,Downtown
799,BANK ST @ LAURIER AVE,367479.6026,5031266.247,-75.69911424,45.41852364,2016-12-20,21:07,01 - Clear,03 - Loose snow,01 - Traffic signal,02 - Intersection related,07 - Dark,03 - P.D. only,05 - Turning movement,Downtown
800,BANK ST @ LAWRENCE ST,386401.0932,5002845.345,-75.46205609,45.16086185,2016-08-28,20:48,01 - Clear,01 - Dry,02 - Stop sign,02 - Intersection related,05 - Dusk,03 - P.D. only,03 - Rear end,Downtown
801,BANK ST @ LEITRIM RD,375357.5322,5021618.831,-75.59984445,45.33097073,2016-03-09,10:46,01 - Clear,02 - Wet,01 - Traffic signal,03 - At intersection,01 - Daylight,02 - Non-fatal injury,05 - Turning movement,Downtown
802,BANK ST @ LEITRIM RD,375357.3636,5021619.497,-75.59984651,45.33097674,2016-09-22,10:44,01 - Clear,01 - Dry,01 - Traffic signal,03 - At intersection,01 - Daylight,02 - Non-fatal injury,02 - Angle,Vernon
803,BANK ST @ LEITRIM RD,375357.5287,5021619.272,-75.59984443,45.3309747,2016-06-15,8:22,01 - Clear,01 - Dry,01 - Traffic signal,03 - At intersection,01 - Daylight,02 - Non-fatal injury,05 - Turning movement,Greenbelt
804,BANK ST @ LEITRIM RD,375358.8816,5021619.272,-75.59982717,45.33097456,2016-06-28,21:31,02 - Rain,02 - Wet,01 - Traffic signal,03 - At intersection,07 - Dark,02 - Non-fatal injury,02 - Angle,Greenbelt
805,BANK ST @ LEITRIM RD,375356.6565,5021619.717,-75.59985549,45.33097879,2016-01-20,16:15,01 - Clear,01 - Dry,01 - Traffic signal,02 - Intersection related,01 - Daylight,03 - P.D. only,03 - Rear end,Greenbelt
806,BANK ST @ LEITRIM RD,375356.2533,5021619.872,-75.59986062,45.33098023,2016-01-07,14:17,01 - Clear,06 - Ice,01 - Traffic signal,02 - Intersection related,01 - Daylight,03 - P.D. only,03 - Rear end,Greenbelt
807,BANK ST @ LEITRIM RD,375357.0956,5021620.156,-75.59984983,45.3309827,2016-05-29,18:48,01 - Clear,01 - Dry,01 - Traffic signal,03 - At intersection,01 - Daylight,03 - P.D. only,05 - Turning movement,Greenbelt
808,BANK ST @ LEITRIM RD,375356.926,5021619.083,-75.59985215,45.33097306,2016-12-30,17:03,01 - Clear,01 - Dry,01 - Traffic signal,02 - Intersection related,07 - Dark,03 - P.D. only,03 - Rear end,Greenbelt
809,BANK ST @ LEITRIM RD,375357.0956,5021619.278,-75.59984996,45.3309748,2016-10-31,21:19,01 - Clear,01 - Dry,01 - Traffic signal,03 - At intersection,07 - Dark,03 - P.D. only,05 - Turning movement,Greenbelt
810,BANK ST @ LEITRIM RD,375357.7542,5021620.739,-75.59984135,45.33098788,2016-11-25,5:20,01 - Clear,01 - Dry,01 - Traffic signal,02 - Intersection related,07 - Dark,03 - P.D. only,07 - SMV other,Greenbelt
811,BANK ST @ LEITRIM RD,375357.5347,5021619.278,-75.59984435,45.33097475,2016-12-05,7:54,03 - Snow,05 - Packed snow,01 - Traffic signal,03 - At intersection,01 - Daylight,03 - P.D. only,05 - Turning movement,Greenbelt
812,BANK ST @ MCLEOD ST,367948.4826,5030488.482,-75.6932234,45.4114834,2016-08-04,16:51,01 - Clear,01 - Dry,02 - Stop sign,02 - Intersection related,01 - Daylight,03 - P.D. only,05 - Turning movement,Greenbelt
813,BANK ST @ MCLEOD ST,367949.3818,5030487.797,-75.693212,45.41147716,2016-02-26,2:19,04 - Freezing Rain,06 - Ice,02 - Stop sign,03 - At intersection,07 - Dark,03 - P.D. only,05 - Turning movement,Greenbelt
814,BANK ST @ MEADOW DR S,379200.7268,5013966.219,-75.55196861,45.26171927,2016-03-16,8:23,01 - Clear,01 - Dry,02 - Stop sign,02 - Intersection related,01 - Daylight,03 - P.D. only,99 - Other,Centretown
815,BANK ST @ MITCH OWENS RD,377758.0589,5015946.896,-75.57005796,45.27969173,2016-09-16,6:32,01 - Clear,01 - Dry,01 - Traffic signal,03 - At intersection,03 - Dawn,02 - Non-fatal injury,05 - Turning movement,Centretown
816,BANK ST @ MITCH OWENS RD,377758.9852,5015947.24,-75.5700461,45.27969473,2016-09-12,14:36,01 - Clear,01 - Dry,01 - Traffic signal,02 - Intersection related,01 - Daylight,02 - Non-fatal injury,07 - SMV other,Osgoode
817,BANK ST @ MITCH OWENS RD,377758.1071,5015947.24,-75.57005729,45.27969482,2016-07-08,22:53,02 - Rain,02 - Wet,01 - Traffic signal,03 - At intersection,07 - Dark,02 - Non-fatal injury,05 - Turning movement,Osgoode
818,BANK ST @ MITCH OWENS RD,377760.3721,5015948.798,-75.5700282,45.27970861,2016-08-29,4:33,01 - Clear,01 - Dry,01 - Traffic signal,02 - Intersection related,07 - Dark,03 - P.D. only,03 - Rear end,Osgoode
819,BANK ST @ MITCH OWENS RD,377758.5437,5015947.238,-75.57005173,45.27969476,2016-01-25,9:39,03 - Snow,05 - Packed snow,01 - Traffic signal,02 - Intersection related,01 - Daylight,03 - P.D. only,07 - SMV other,Osgoode
820,BANK ST @ MITCH OWENS RD,377759.032,5015947.726,-75.57004544,45.2796991,2016-04-03,14:31,01 - Clear,01 - Dry,01 - Traffic signal,03 - At intersection,01 - Daylight,03 - P.D. only,05 - Turning movement,Osgoode
821,BANK ST @ MITCH OWENS RD,377759.0753,5015947.456,-75.57004492,45.27969666,2016-12-22,8:26,03 - Snow,04 - Slush,01 - Traffic signal,02 - Intersection related,01 - Daylight,03 - P.D. only,03 - Rear end,Osgoode
822,BANK ST @ MITCH OWENS RD,377760.422,5015949.53,-75.57002746,45.27971519,2016-12-15,6:36,01 - Clear,01 - Dry,01 - Traffic signal,03 - At intersection,07 - Dark,03 - P.D. only,05 - Turning movement,Osgoode
823,BANK ST @ MITCH OWENS RD,377758.9852,5015948.118,-75.57004597,45.27970263,2016-12-02,18:18,01 - Clear,01 - Dry,01 - Traffic signal,03 - At intersection,07 - Dark,03 - P.D. only,02 - Angle,Osgoode
824,BANK ST @ NOTTING HILL AVE,370410.0983,5025744.511,-75.66240818,45.36857238,2016-02-26,14:30,01 - Clear,01 - Dry,02 - Stop sign,02 - Intersection related,01 - Daylight,03 - P.D. only,05 - Turning movement,Osgoode
825,BANK ST @ NOTTING HILL AVE,370410.7045,5025743.431,-75.66240059,45.36856261,2016-11-25,19:14,01 - Clear,06 - Ice,02 - Stop sign,02 - Intersection related,07 - Dark,03 - P.D. only,03 - Rear end,Osgoode
826,BANK ST @ ORVILLE KEMP ST,375213.2843,5021968.304,-75.60163479,45.33412963,2016-09-28,16:15,01 - Clear,01 - Dry,02 - Stop sign,02 - Intersection related,01 - Daylight,03 - P.D. only,03 - Rear end,Ledbury - Heron Gate - Ridgemont - Elmwood
827,BANK ST @ OSSINGTON AVE,368889.6197,5028321.213,-75.68148243,45.39189747,2016-11-30,17:21,02 - Rain,02 - Wet,10 - No control,03 - At intersection,07 - Dark,03 - P.D. only,05 - Turning movement,Ledbury - Heron Gate - Ridgemont - Elmwood
828,BANK ST @ PARKWAY RD,378746.5385,5014207.442,-75.55771929,45.26393759,2016-07-26,11:56,01 - Clear,01 - Dry,01 - Traffic signal,03 - At intersection,01 - Daylight,02 - Non-fatal injury,02 - Angle,Greenbelt
829,BANK ST @ PARKWAY RD,378746.9905,5014207.891,-75.55771346,45.26394158,2016-05-08,17:00,01 - Clear,01 - Dry,01 - Traffic signal,02 - Intersection related,01 - Daylight,03 - P.D. only,03 - Rear end,Old Ottawa South
830,BANK ST @ PATTERSON AVE,368156.7078,5029983.876,-75.69062826,45.4069243,2016-09-02,10:38,01 - Clear,01 - Dry,02 - Stop sign,03 - At intersection,01 - Daylight,02 - Non-fatal injury,05 - Turning movement,Greely
831,BANK ST @ PATTERSON AVE,368155.6101,5029983.906,-75.69064228,45.40692467,2016-10-27,15:05,01 - Clear,01 - Dry,02 - Stop sign,02 - Intersection related,01 - Daylight,03 - P.D. only,04 - Sideswipe,Greely
832,BANK ST @ PATTERSON AVE,368156.7078,5029984.328,-75.69062821,45.40692836,2016-11-22,12:40,01 - Clear,02 - Wet,02 - Stop sign,02 - Intersection related,01 - Daylight,03 - P.D. only,06 - SMV unattended vehicle,The Glebe
833,BANK ST @ PORTLAND AVE,370106.9396,5026553.633,-75.66617098,45.37588092,2016-02-20,17:55,02 - Rain,02 - Wet,02 - Stop sign,03 - At intersection,07 - Dark,02 - Non-fatal injury,02 - Angle,The Glebe
834,BANK ST @ PORTLAND AVE,370107.3479,5026553.319,-75.6661658,45.37587805,2016-08-30,13:04,01 - Clear,01 - Dry,02 - Stop sign,03 - At intersection,01 - Daylight,02 - Non-fatal injury,04 - Sideswipe,The Glebe
835,BANK ST @ PORTLAND AVE,370106.9449,5026552.523,-75.66617106,45.37587093,2016-05-22,15:56,01 - Clear,01 - Dry,02 - Stop sign,02 - Intersection related,01 - Daylight,03 - P.D. only,04 - Sideswipe,Ledbury - Heron Gate - Ridgemont - Elmwood
836,BANK ST @ POWELL AVE,368173.4881,5029944.902,-75.69041893,45.4065721,2016-12-02,14:34,01 - Clear,01 - Dry,02 - Stop sign,02 - Intersection related,01 - Daylight,03 - P.D. only,04 - Sideswipe,Ledbury - Heron Gate - Ridgemont - Elmwood
837,BANK ST @ QUEENSDALE AVE,373336.0687,5023444.615,-75.62537782,45.3475988,2016-05-04,13:50,01 - Clear,01 - Dry,01 - Traffic signal,03 - At intersection,01 - Daylight,02 - Non-fatal injury,05 - Turning movement,Ledbury - Heron Gate - Ridgemont - Elmwood
838,BANK ST @ QUEENSDALE AVE,373337.5711,5023445.099,-75.62535858,45.34760301,2016-10-04,13:51,01 - Clear,01 - Dry,01 - Traffic signal,03 - At intersection,01 - Daylight,02 - Non-fatal injury,07 - SMV other,The Glebe
839,BANK ST @ QUEENSDALE AVE,373338.0317,5023445.509,-75.62535265,45.34760666,2016-12-14,15:05,01 - Clear,01 - Dry,01 - Traffic signal,02 - Intersection related,01 - Daylight,02 - Non-fatal injury,03 - Rear end,Blossom Park - Blossom Park West - Sawmill Creek/ Timbermill
840,BANK ST @ QUEENSDALE AVE,373335.6452,5023444.855,-75.62538319,45.347601,2016-09-23,11:04,01 - Clear,01 - Dry,01 - Traffic signal,03 - At intersection,01 - Daylight,03 - P.D. only,02 - Angle,Blossom Park - Blossom Park West - Sawmill Creek/ Timbermill
841,BANK ST @ QUEENSDALE AVE,373336.9624,5023445.733,-75.62536626,45.34760878,2016-09-26,18:54,01 - Clear,01 - Dry,01 - Traffic signal,03 - At intersection,05 - Dusk,03 - P.D. only,05 - Turning movement,Blossom Park - Blossom Park West - Sawmill Creek/ Timbermill
842,BANK ST @ RANDALL AVE,369739.4997,5027282.769,-75.670766,45.3824756,2016-06-04,14:31,01 - Clear,01 - Dry,01 - Traffic signal,02 - Intersection related,01 - Daylight,02 - Non-fatal injury,03 - Rear end,Blossom Park - Blossom Park West - Sawmill Creek/ Timbermill
843,BANK ST @ RIDEAU RD,376955.4184,5017843.807,-75.5800114,45.29684223,2016-03-07,21:45,01 - Clear,02 - Wet,01 - Traffic signal,03 - At intersection,07 - Dark,02 - Non-fatal injury,05 - Turning movement,Blossom Park - Blossom Park West - Sawmill Creek/ Timbermill
844,BANK ST @ RIDEAU RD,376954.5252,5017844.473,-75.58002269,45.29684831,2016-06-16,15:05,01 - Clear,01 - Dry,01 - Traffic signal,03 - At intersection,01 - Daylight,02 - Non-fatal injury,02 - Angle,Alta Vista
845,BANK ST @ RIDEAU RD,376955.6394,5017844.029,-75.58000855,45.29684421,2016-01-22,13:39,01 - Clear,01 - Dry,01 - Traffic signal,02 - Intersection related,01 - Daylight,03 - P.D. only,03 - Rear end,Greenbelt
846,BANK ST @ RIDEAU RD,376954.978,5017844.247,-75.58001695,45.29684623,2016-05-02,16:26,01 - Clear,01 - Dry,01 - Traffic signal,03 - At intersection,01 - Daylight,03 - P.D. only,02 - Angle,Greenbelt
847,BANK ST @ RIDEAU RD,376954.533,5017843.375,-75.58002275,45.29683843,2016-12-19,16:44,01 - Clear,02 - Wet,01 - Traffic signal,03 - At intersection,05 - Dusk,03 - P.D. only,05 - Turning movement,Greenbelt
848,BANK ST @ RIDEAU RD,376953.9243,5017843.23,-75.58003053,45.29683719,2016-11-22,9:22,03 - Snow,02 - Wet,01 - Traffic signal,02 - Intersection related,01 - Daylight,03 - P.D. only,03 - Rear end,Greenbelt
849,BANK ST @ RIDGEMONT AVE,370079.7209,5026627.117,-75.66650875,45.37654464,2016-11-10,19:42,01 - Clear,01 - Dry,02 - Stop sign,02 - Intersection related,07 - Dark,03 - P.D. only,03 - Rear end,Greenbelt
850,BANK ST @ RIVERDALE AVE,369078.6715,5028116.986,-75.67909482,45.39004258,2016-06-11,6:38,01 - Clear,01 - Dry,01 - Traffic signal,03 - At intersection,01 - Daylight,02 - Non-fatal injury,05 - Turning movement,Greenbelt
851,BANK ST @ RIVERDALE AVE,369077.3096,5028116.761,-75.67911224,45.39004068,2016-06-09,9:08,01 - Clear,01 - Dry,01 - Traffic signal,02 - Intersection related,01 - Daylight,02 - Non-fatal injury,03 - Rear end,Ledbury - Heron Gate - Ridgemont - Elmwood
852,BANK ST @ RIVERDALE AVE,369077.3156,5028115.888,-75.67911227,45.39003282,2016-02-17,16:48,01 - Clear,04 - Slush,01 - Traffic signal,02 - Intersection related,01 - Daylight,03 - P.D. only,03 - Rear end,Old Ottawa South
853,BANK ST @ RIVERDALE AVE,369076.3757,5028117.237,-75.6791241,45.39004504,2016-08-12,13:51,02 - Rain,02 - Wet,01 - Traffic signal,03 - At intersection,01 - Daylight,03 - P.D. only,05 - Turning movement,Old Ottawa South
854,BANK ST @ RIVERDALE AVE,369076.7069,5028116.572,-75.67911996,45.39003903,2016-12-08,19:15,03 - Snow,06 - Ice,01 - Traffic signal,02 - Intersection related,07 - Dark,03 - P.D. only,01 - Approaching,Old Ottawa South