Record,Location,X,Y,lon,lat,Date,Time,Environment,Road_Surface,Traffic_Control,Collision_Location,Light,Collision_Classification,Impact_type,Neighborhood
855,BANK ST @ RIVERSIDE DR N,369226.7808,5027983.905,-75.67722088,45.38883155,2016-09-13,14:28,01 - Clear,01 - Dry,01 - Traffic signal,03 - At intersection,01 - Daylight,02 - Non-fatal injury,07 - SMV other,Old Ottawa South
856,BANK ST @ RIVERSIDE DR N,369225.9399,5027984.218,-75.67723158,45.38883444,2016-04-04,12:58,01 - Clear,01 - Dry,01 - Traffic signal,02 - Intersection related,01 - Daylight,02 - Non-fatal injury,03 - Rear end,Old Ottawa South
857,BANK ST @ RIVERSIDE DR N,369226.6028,5027983.103,-75.67722326,45.38882435,2016-03-28,11:25,02 - Rain,02 - Wet,01 - Traffic signal,03 - At intersection,01 - Daylight,02 - Non-fatal injury,02 - Angle,Alta Vista
858,BANK ST @ RIVERSIDE DR N,369226.3923,5027982.87,-75.67722597,45.38882227,2016-06-09,16:15,01 - Clear,01 - Dry,01 - Traffic signal,02 - Intersection related,01 - Daylight,02 - Non-fatal injury,05 - Turning movement,Alta Vista
859,BANK ST @ RIVERSIDE DR N,369225.9432,5027983.546,-75.67723162,45.38882839,2016-07-29,10:11,01 - Clear,01 - Dry,01 - Traffic signal,03 - At intersection,01 - Daylight,02 - Non-fatal injury,02 - Angle,Alta Vista
860,BANK ST @ RIVERSIDE DR N,369225.05,5027984.656,-75.67724288,45.38883846,2016-03-06,8:55,01 - Clear,01 - Dry,01 - Traffic signal,03 - At intersection,01 - Daylight,03 - P.D. only,02 - Angle,Alta Vista
861,BANK ST @ RIVERSIDE DR N,369225.9379,5027984.656,-75.67723154,45.38883838,2016-02-26,14:06,01 - Clear,01 - Dry,01 - Traffic signal,03 - At intersection,01 - Daylight,03 - P.D. only,04 - Sideswipe,Alta Vista
862,BANK ST @ RIVERSIDE DR N,369224.7974,5027983.316,-75.67724628,45.38882643,2016-09-01,11:06,01 - Clear,01 - Dry,01 - Traffic signal,03 - At intersection,01 - Daylight,03 - P.D. only,04 - Sideswipe,Alta Vista
863,BANK ST @ RIVERSIDE DR N,369225.1025,5027981.924,-75.67724257,45.38881388,2016-09-20,17:27,01 - Clear,01 - Dry,01 - Traffic signal,02 - Intersection related,01 - Daylight,03 - P.D. only,03 - Rear end,Alta Vista
864,BANK ST @ RIVERSIDE DR N,369225.4914,5027983.322,-75.67723742,45.38882642,2016-04-23,7:55,01 - Clear,01 - Dry,01 - Traffic signal,03 - At intersection,01 - Daylight,03 - P.D. only,02 - Angle,Alta Vista
865,BANK ST @ RIVERSIDE DR N,369225.9822,5027982.214,-75.6772313,45.3888164,2016-03-16,12:10,01 - Clear,01 - Dry,01 - Traffic signal,03 - At intersection,01 - Daylight,03 - P.D. only,02 - Angle,Alta Vista
866,BANK ST @ RIVERSIDE DR N,369224.544,5027981.984,-75.67724969,45.38881447,2016-08-25,10:25,01 - Clear,01 - Dry,01 - Traffic signal,03 - At intersection,01 - Daylight,03 - P.D. only,04 - Sideswipe,Alta Vista
867,BANK ST @ RIVERSIDE DR N,369226.3417,5027984.344,-75.67722643,45.38883554,2016-11-23,18:12,01 - Clear,01 - Dry,01 - Traffic signal,02 - Intersection related,07 - Dark,03 - P.D. only,04 - Sideswipe,Alta Vista
868,BANK ST @ RIVERSIDE DR N,369225.0573,5027982.887,-75.67724302,45.38882254,2016-10-04,9:10,01 - Clear,01 - Dry,01 - Traffic signal,02 - Intersection related,01 - Daylight,03 - P.D. only,04 - Sideswipe,Alta Vista
869,BANK ST @ RIVERSIDE DR N,369224.3858,5027984.408,-75.6772514,45.38883629,2016-11-20,23:44,03 - Snow,03 - Loose snow,01 - Traffic signal,02 - Intersection related,07 - Dark,03 - P.D. only,03 - Rear end,Alta Vista
870,BANK ST @ RIVERSIDE DR N,369226.5441,5027984.788,-75.67722379,45.38883951,2016-12-08,19:45,05 - Drifting Snow,06 - Ice,01 - Traffic signal,02 - Intersection related,07 - Dark,03 - P.D. only,03 - Rear end,Alta Vista
871,BANK ST @ RIVERSIDE DR S,369304.0585,5027895.651,-75.67624562,45.38803035,2016-01-20,10:02,01 - Clear,02 - Wet,01 - Traffic signal,03 - At intersection,01 - Daylight,02 - Non-fatal injury,02 - Angle,Alta Vista
872,BANK ST @ RIVERSIDE DR S,369304.7171,5027894.139,-75.67623741,45.38801669,2016-08-30,17:06,01 - Clear,01 - Dry,01 - Traffic signal,02 - Intersection related,01 - Daylight,03 - P.D. only,03 - Rear end,Alta Vista
873,BANK ST @ RIVERSIDE DR S,369304.5304,5027894.194,-75.67623979,45.3880172,2016-02-09,15:15,01 - Clear,02 - Wet,01 - Traffic signal,03 - At intersection,01 - Daylight,03 - P.D. only,04 - Sideswipe,Alta Vista
874,BANK ST @ RIVERSIDE DR S,369305.8476,5027894.633,-75.67622291,45.38802103,2016-01-20,15:28,01 - Clear,01 - Dry,01 - Traffic signal,02 - Intersection related,01 - Daylight,03 - P.D. only,03 - Rear end,Alta Vista
875,BANK ST @ RIVERSIDE DR S,369305.4086,5027895.511,-75.6762284,45.38802897,2016-10-27,13:32,01 - Clear,01 - Dry,01 - Traffic signal,03 - At intersection,01 - Daylight,03 - P.D. only,02 - Angle,Alta Vista
876,BANK ST @ RIVERSIDE DR S,369305.5453,5027894.139,-75.67622683,45.38801661,2016-11-02,11:27,01 - Clear,01 - Dry,01 - Traffic signal,02 - Intersection related,01 - Daylight,03 - P.D. only,03 - Rear end,Alta Vista
877,BANK ST @ RIVERSIDE DR S,369304.9695,5027895.072,-75.67623406,45.38802506,2016-01-21,13:34,01 - Clear,01 - Dry,01 - Traffic signal,03 - At intersection,01 - Daylight,03 - P.D. only,02 - Angle,Alta Vista
878,BANK ST @ RIVERSIDE DR S,369305.3757,5027894.333,-75.67622897,45.38801837,2016-01-20,13:55,01 - Clear,02 - Wet,01 - Traffic signal,02 - Intersection related,01 - Daylight,03 - P.D. only,03 - Rear end,Alta Vista
879,BANK ST @ RIVERSIDE DR S,369303.7647,5027894.615,-75.67624951,45.38802106,2016-01-01,3:21,03 - Snow,03 - Loose snow,01 - Traffic signal,03 - At intersection,07 - Dark,03 - P.D. only,02 - Angle,Alta Vista
880,BANK ST @ RIVERSIDE DR S,369303.6705,5027894.91,-75.67625067,45.38802372,2016-07-08,12:30,01 - Clear,01 - Dry,01 - Traffic signal,03 - At intersection,01 - Daylight,03 - P.D. only,03 - Rear end,Alta Vista
881,BANK ST @ RIVERSIDE DR S,369305.3935,5027894.327,-75.67622875,45.38801832,2016-06-29,23:14,01 - Clear,01 - Dry,01 - Traffic signal,02 - Intersection related,07 - Dark,03 - P.D. only,02 - Angle,Alta Vista
882,BANK ST @ RIVERSIDE DR S,369305.1077,5027894.553,-75.67623237,45.38802038,2016-09-24,15:44,01 - Clear,01 - Dry,01 - Traffic signal,02 - Intersection related,01 - Daylight,03 - P.D. only,04 - Sideswipe,Alta Vista
883,BANK ST @ RIVERSIDE DR S,369307.2016,5027894.139,-75.67620568,45.38801646,2016-12-30,15:47,01 - Clear,01 - Dry,01 - Traffic signal,02 - Intersection related,01 - Daylight,03 - P.D. only,03 - Rear end,Alta Vista
884,BANK ST @ RIVERSIDE DR S,369305.3305,5027895.507,-75.6762294,45.38802894,2016-12-10,14:26,01 - Clear,06 - Ice,01 - Traffic signal,02 - Intersection related,01 - Daylight,03 - P.D. only,03 - Rear end,Alta Vista
885,BANK ST @ RIVERSIDE DR S,369303.0608,5027894.967,-75.67625845,45.38802429,2016-12-30,13:43,01 - Clear,01 - Dry,01 - Traffic signal,02 - Intersection related,01 - Daylight,03 - P.D. only,04 - Sideswipe,Alta Vista
886,BANK ST @ ROCKINGHAM AVE,369714.8364,5027322.77,-75.67107564,45.3828378,2016-02-17,15:30,01 - Clear,02 - Wet,02 - Stop sign,02 - Intersection related,01 - Daylight,03 - P.D. only,03 - Rear end,Alta Vista
887,BANK ST @ ROSEBELLA AVE,373206.5713,5023548.443,-75.62701584,45.34854565,2016-11-05,9:33,01 - Clear,01 - Dry,01 - Traffic signal,02 - Intersection related,01 - Daylight,02 - Non-fatal injury,03 - Rear end,Alta Vista
888,BANK ST @ ROSEBELLA AVE,373206.4173,5023550.963,-75.62701746,45.34856834,2016-03-24,16:00,03 - Snow,03 - Loose snow,01 - Traffic signal,03 - At intersection,01 - Daylight,03 - P.D. only,02 - Angle,Alta Vista
889,BANK ST @ ROSEBERY AVE,368121.5808,5030065.327,-75.6910665,45.40766035,2016-05-22,12:25,01 - Clear,01 - Dry,02 - Stop sign,02 - Intersection related,01 - Daylight,03 - P.D. only,03 - Rear end,Blossom Park - Blossom Park West - Sawmill Creek/ Timbermill
890,BANK ST @ ROTARY WAY,375523.5441,5021226.117,-75.59778288,45.32742054,2016-09-14,7:25,01 - Clear,01 - Dry,01 - Traffic signal,03 - At intersection,01 - Daylight,02 - Non-fatal injury,05 - Turning movement,Blossom Park - Blossom Park West - Sawmill Creek/ Timbermill
891,BANK ST @ SECOND AVE,368305.0468,5029628.341,-75.68877924,45.40371186,2016-02-09,11:06,03 - Snow,03 - Loose snow,02 - Stop sign,03 - At intersection,01 - Daylight,03 - P.D. only,02 - Angle,The Glebe
892,BANK ST @ SECOND AVE,368304.6077,5029628.78,-75.68878479,45.40371585,2016-09-23,8:54,01 - Clear,02 - Wet,02 - Stop sign,02 - Intersection related,01 - Daylight,03 - P.D. only,02 - Angle,Greenbelt
893,BANK ST @ SECOND AVE,368304.8035,5029629.011,-75.68878226,45.40371791,2016-05-20,15:00,01 - Clear,01 - Dry,02 - Stop sign,02 - Intersection related,01 - Daylight,03 - P.D. only,04 - Sideswipe,The Glebe
894,BANK ST @ SLATER ST,367426.3587,5031354.991,-75.69978322,45.4193269,2016-12-29,13:42,03 - Snow,03 - Loose snow,01 - Traffic signal,02 - Intersection related,01 - Daylight,02 - Non-fatal injury,03 - Rear end,The Glebe
895,BANK ST @ SLATER ST,367424.4751,5031354.577,-75.69980733,45.41932334,2016-08-03,1:08,01 - Clear,01 - Dry,01 - Traffic signal,03 - At intersection,07 - Dark,03 - P.D. only,02 - Angle,The Glebe
896,BANK ST @ SLATER ST,367424.0438,5031354.357,-75.69981287,45.4193214,2016-09-02,10:30,01 - Clear,01 - Dry,01 - Traffic signal,02 - Intersection related,01 - Daylight,03 - P.D. only,04 - Sideswipe,Downtown
897,BANK ST @ SLATER ST,367424.4829,5031354.796,-75.69980721,45.41932531,2016-01-26,13:15,01 - Clear,02 - Wet,01 - Traffic signal,02 - Intersection related,01 - Daylight,03 - P.D. only,04 - Sideswipe,Downtown
898,BANK ST @ SLATER ST,367424.0438,5031354.357,-75.69981287,45.4193214,2016-01-21,16:23,01 - Clear,02 - Wet,01 - Traffic signal,02 - Intersection related,01 - Daylight,03 - P.D. only,04 - Sideswipe,Downtown
899,BANK ST @ SLATER ST,367425.8247,5031354.801,-75.69979006,45.41932524,2016-04-25,9:45,01 - Clear,01 - Dry,01 - Traffic signal,03 - At intersection,01 - Daylight,03 - P.D. only,04 - Sideswipe,Downtown
900,BANK ST @ SNAKE ISLAND RD/VICTORIA ST,383696.5688,5010121.187,-75.49530019,45.22663393,2016-09-28,13:56,01 - Clear,01 - Dry,01 - Traffic signal,03 - At intersection,01 - Daylight,02 - Non-fatal injury,05 - Turning movement,Downtown
901,BANK ST @ SNAKE ISLAND RD/VICTORIA ST,383696.5688,5010122.066,-75.49530005,45.22664184,2016-01-22,8:15,01 - Clear,01 - Dry,01 - Traffic signal,02 - Intersection related,01 - Daylight,03 - P.D. only,03 - Rear end,Downtown
902,BANK ST @ SNAKE ISLAND RD/VICTORIA ST,383696.7319,5010121.116,-75.49529812,45.22663327,2016-04-28,20:19,01 - Clear,01 - Dry,01 - Traffic signal,03 - At intersection,07 - Dark,03 - P.D. only,05 - Turning movement,Metcalfe
903,BANK ST @ SNAKE ISLAND RD/VICTORIA ST,383696.5636,5010121.856,-75.49530015,45.22663995,2016-05-16,15:47,01 - Clear,01 - Dry,01 - Traffic signal,03 - At intersection,01 - Daylight,03 - P.D. only,05 - Turning movement,Metcalfe
904,BANK ST @ SNAKE ISLAND RD/VICTORIA ST,383696.5628,5010121.182,-75.49530026,45.22663389,2016-05-07,11:28,01 - Clear,01 - Dry,01 - Traffic signal,02 - Intersection related,01 - Daylight,03 - P.D. only,03 - Rear end,Metcalfe
905,BANK ST @ SOMERSET ST,367695.3615,5030914.467,-75.69640256,45.41533907,2016-09-21,7:22,01 - Clear,01 - Dry,01 - Traffic signal,03 - At intersection,01 - Daylight,02 - Non-fatal injury,05 - Turning movement,Metcalfe
906,BANK ST @ SOMERSET ST,367693.6052,5030915.784,-75.69642483,45.41535108,2016-02-14,17:20,01 - Clear,01 - Dry,01 - Traffic signal,02 - Intersection related,07 - Dark,03 - P.D. only,03 - Rear end,Metcalfe
907,BANK ST @ SOMERSET ST,367694.7029,5030916.69,-75.69641069,45.41535913,2016-02-17,13:25,03 - Snow,03 - Loose snow,01 - Traffic signal,03 - At intersection,01 - Daylight,03 - P.D. only,03 - Rear end,Centretown
908,BANK ST @ SOMERSET ST,367694.4834,5030915.784,-75.69641361,45.415351,2016-12-12,14:03,03 - Snow,04 - Slush,01 - Traffic signal,02 - Intersection related,01 - Daylight,03 - P.D. only,04 - Sideswipe,Centretown
909,BANK ST @ SOUTHKEYS SC,371085.7739,5024520.199,-75.65394753,45.35749285,2016-08-31,20:33,01 - Clear,01 - Dry,01 - Traffic signal,02 - Intersection related,05 - Dusk,03 - P.D. only,03 - Rear end,Centretown
910,BANK ST @ SOUTHKEYS SC,371084.1574,5024522.32,-75.65396788,45.35751209,2016-02-17,17:29,03 - Snow,03 - Loose snow,01 - Traffic signal,02 - Intersection related,05 - Dusk,03 - P.D. only,03 - Rear end,Centretown
911,BANK ST @ SOUTHKEYS SC,371083.1446,5024522.436,-75.65398079,45.35751323,2016-07-02,16:21,01 - Clear,01 - Dry,01 - Traffic signal,02 - Intersection related,01 - Daylight,03 - P.D. only,04 - Sideswipe,South Keys - Heron Gate - Greenboro West
912,BANK ST @ SOUTHKEYS SC,371084.4113,5024521.061,-75.65396481,45.35750073,2016-07-21,11:05,01 - Clear,01 - Dry,01 - Traffic signal,03 - At intersection,01 - Daylight,03 - P.D. only,05 - Turning movement,South Keys - Heron Gate - Greenboro West
913,BANK ST @ ST. BERNARD ST,373003.1334,5023708.231,-75.62958972,45.35000318,2016-09-10,15:34,02 - Rain,02 - Wet,01 - Traffic signal,02 - Intersection related,01 - Daylight,02 - Non-fatal injury,03 - Rear end,South Keys - Heron Gate - Greenboro West
914,BANK ST @ ST. BERNARD ST,373003.6421,5023708.718,-75.62958316,45.35000751,2016-09-09,8:30,01 - Clear,01 - Dry,01 - Traffic signal,03 - At intersection,01 - Daylight,02 - Non-fatal injury,02 - Angle,South Keys - Heron Gate - Greenboro West
915,BANK ST @ ST. BERNARD ST,373005.3984,5023708.718,-75.62956075,45.35000734,2016-09-30,14:15,01 - Clear,01 - Dry,01 - Traffic signal,03 - At intersection,01 - Daylight,03 - P.D. only,04 - Sideswipe,Blossom Park - Blossom Park West - Sawmill Creek/ Timbermill
916,BANK ST @ ST. BERNARD ST,373004.9593,5023708.279,-75.62956641,45.35000343,2016-06-26,4:44,01 - Clear,01 - Dry,01 - Traffic signal,02 - Intersection related,07 - Dark,03 - P.D. only,07 - SMV other,Blossom Park - Blossom Park West - Sawmill Creek/ Timbermill
917,BANK ST @ ST. PAUL AVE,370508.1056,5025560.308,-75.66118164,45.3669058,2016-11-20,18:45,01 - Clear,01 - Dry,02 - Stop sign,02 - Intersection related,07 - Dark,02 - Non-fatal injury,03 - Rear end,Blossom Park - Blossom Park West - Sawmill Creek/ Timbermill
918,BANK ST @ ST. PAUL AVE,370508.3311,5025561.435,-75.66117861,45.36691592,2016-06-15,8:15,01 - Clear,01 - Dry,02 - Stop sign,02 - Intersection related,01 - Daylight,03 - P.D. only,03 - Rear end,Blossom Park - Blossom Park West - Sawmill Creek/ Timbermill
919,BANK ST @ ST. PAUL AVE,370507.2132,5025559.896,-75.66119308,45.36690218,2016-12-03,13:03,01 - Clear,01 - Dry,02 - Stop sign,02 - Intersection related,01 - Daylight,03 - P.D. only,04 - Sideswipe,Ledbury - Heron Gate - Ridgemont - Elmwood
920,BANK ST @ STONE SCHOOL RD,382130.4627,5011521.422,-75.51502298,45.23940627,2016-08-04,23:35,01 - Clear,01 - Dry,02 - Stop sign,02 - Intersection related,07 - Dark,03 - P.D. only,07 - SMV other,Ledbury - Heron Gate - Ridgemont - Elmwood
921,BANK ST @ STRATHCONA AVE,368138.2554,5030029.013,-75.69085817,45.4073321,2016-07-19,15:12,01 - Clear,01 - Dry,01 - Traffic signal,02 - Intersection related,01 - Daylight,03 - P.D. only,03 - Rear end,Ledbury - Heron Gate - Ridgemont - Elmwood
922,BANK ST @ STRATHCONA AVE,368139.3863,5030027.882,-75.69084387,45.40732182,2016-06-10,16:36,01 - Clear,01 - Dry,01 - Traffic signal,02 - Intersection related,01 - Daylight,03 - P.D. only,03 - Rear end,Osgoode
923,BANK ST @ SUNNYSIDE AVE,368737.1932,5028580.307,-75.68339537,45.39424265,2016-11-30,16:44,02 - Rain,02 - Wet,01 - Traffic signal,03 - At intersection,05 - Dusk,02 - Non-fatal injury,07 - SMV other,The Glebe
924,BANK ST @ SUNNYSIDE AVE,368734.0501,5028580.891,-75.68343543,45.39424819,2016-06-09,20:39,01 - Clear,01 - Dry,01 - Traffic signal,02 - Intersection related,05 - Dusk,03 - P.D. only,03 - Rear end,The Glebe
925,BANK ST @ SUNNYSIDE AVE,368736.365,5028581.963,-75.68340573,45.39425763,2016-10-08,21:31,01 - Clear,01 - Dry,01 - Traffic signal,02 - Intersection related,07 - Dark,03 - P.D. only,03 - Rear end,Old Ottawa South
926,BANK ST @ SUNNYSIDE AVE,368735.5369,5028580.307,-75.68341652,45.3942428,2016-12-17,11:41,01 - Clear,03 - Loose snow,01 - Traffic signal,02 - Intersection related,01 - Daylight,03 - P.D. only,03 - Rear end,Old Ottawa South
927,BANK ST @ SURREY AVE,370382.6021,5025810.097,-75.66275046,45.36916508,2016-04-21,10:30,01 - Clear,01 - Dry,02 - Stop sign,02 - Intersection related,01 - Daylight,03 - P.D. only,05 - Turning movement,Old Ottawa South
928,BANK ST @ THIRD AVE,368337.4613,5029551.188,-75.68837515,45.40301472,2016-01-22,9:05,01 - Clear,02 - Wet,01 - Traffic signal,03 - At intersection,01 - Daylight,02 - Non-fatal injury,07 - SMV other,Old Ottawa South
929,BANK ST @ THIRD AVE,368336.3202,5029550,-75.68838988,45.40300414,2016-06-04,6:45,01 - Clear,01 - Dry,01 - Traffic signal,02 - Intersection related,01 - Daylight,03 - P.D. only,05 - Turning movement,Ledbury - Heron Gate - Ridgemont - Elmwood
930,BANK ST @ THIRD AVE,368336.9303,5029551.782,-75.68838186,45.40302012,2016-06-26,17:41,01 - Clear,01 - Dry,01 - Traffic signal,02 - Intersection related,01 - Daylight,03 - P.D. only,03 - Rear end,The Glebe
931,BANK ST @ THIRD AVE,368336.029,5029552.017,-75.68839334,45.40302231,2016-07-18,18:45,01 - Clear,01 - Dry,01 - Traffic signal,03 - At intersection,01 - Daylight,03 - P.D. only,02 - Angle,The Glebe
932,BANK ST @ WALKLEY RD,370338.2426,5025946.954,-75.66329855,45.37040062,2016-07-16,8:54,01 - Clear,01 - Dry,01 - Traffic signal,02 - Intersection related,01 - Daylight,02 - Non-fatal injury,04 - Sideswipe,The Glebe
933,BANK ST @ WALKLEY RD,370338.5284,5025947.509,-75.66329483,45.37040559,2016-06-14,13:48,01 - Clear,01 - Dry,01 - Traffic signal,02 - Intersection related,01 - Daylight,02 - Non-fatal injury,02 - Angle,The Glebe
934,BANK ST @ WALKLEY RD,370338.7988,5025947.498,-75.66329138,45.37040546,2016-10-06,21:34,01 - Clear,01 - Dry,01 - Traffic signal,02 - Intersection related,07 - Dark,02 - Non-fatal injury,02 - Angle,Ledbury - Heron Gate - Ridgemont - Elmwood
935,BANK ST @ WALKLEY RD,370338.0765,5025947.959,-75.66330054,45.37040968,2016-02-22,17:05,01 - Clear,01 - Dry,01 - Traffic signal,02 - Intersection related,05 - Dusk,02 - Non-fatal injury,03 - Rear end,Ledbury - Heron Gate - Ridgemont - Elmwood
936,BANK ST @ WALKLEY RD,370338.679,5025947.735,-75.66329288,45.37040761,2016-09-27,8:59,01 - Clear,01 - Dry,01 - Traffic signal,03 - At intersection,01 - Daylight,02 - Non-fatal injury,03 - Rear end,Ledbury - Heron Gate - Ridgemont - Elmwood
937,BANK ST @ WALKLEY RD,370339.5083,5025945.665,-75.66328257,45.3703889,2016-11-02,8:01,01 - Clear,01 - Dry,01 - Traffic signal,02 - Intersection related,01 - Daylight,02 - Non-fatal injury,03 - Rear end,Ledbury - Heron Gate - Ridgemont - Elmwood
938,BANK ST @ WALKLEY RD,370337.0238,5025948.977,-75.66331384,45.37041894,2016-12-08,21:13,03 - Snow,06 - Ice,01 - Traffic signal,03 - At intersection,07 - Dark,02 - Non-fatal injury,02 - Angle,Ledbury - Heron Gate - Ridgemont - Elmwood
939,BANK ST @ WALKLEY RD,370336.7543,5025948.833,-75.6633173,45.37041767,2016-02-16,16:28,03 - Snow,03 - Loose snow,01 - Traffic signal,03 - At intersection,01 - Daylight,03 - P.D. only,04 - Sideswipe,Ledbury - Heron Gate - Ridgemont - Elmwood
940,BANK ST @ WALKLEY RD,370336.7811,5025948.003,-75.66331707,45.3704102,2016-09-19,13:23,01 - Clear,01 - Dry,01 - Traffic signal,02 - Intersection related,01 - Daylight,03 - P.D. only,03 - Rear end,Ledbury - Heron Gate - Ridgemont - Elmwood
941,BANK ST @ WALKLEY RD,370338.5106,5025947.076,-75.66329511,45.37040169,2016-01-29,17:18,01 - Clear,02 - Wet,01 - Traffic signal,02 - Intersection related,05 - Dusk,03 - P.D. only,03 - Rear end,Ledbury - Heron Gate - Ridgemont - Elmwood
942,BANK ST @ WALKLEY RD,370338.0715,5025947.076,-75.66330072,45.37040174,2016-01-20,10:54,01 - Clear,01 - Dry,01 - Traffic signal,02 - Intersection related,01 - Daylight,03 - P.D. only,03 - Rear end,Ledbury - Heron Gate - Ridgemont - Elmwood
943,BANK ST @ WALKLEY RD,370336.1957,5025948.977,-75.66332441,45.37041902,2016-09-13,8:24,01 - Clear,01 - Dry,01 - Traffic signal,02 - Intersection related,01 - Daylight,03 - P.D. only,03 - Rear end,Ledbury - Heron Gate - Ridgemont - Elmwood
944,BANK ST @ WALKLEY RD,370338.7705,5025948.424,-75.66329162,45.3704138,2016-03-25,18:28,01 - Clear,01 - Dry,01 - Traffic signal,03 - At intersection,05 - Dusk,03 - P.D. only,02 - Angle,Ledbury - Heron Gate - Ridgemont - Elmwood
945,BANK ST @ WALKLEY RD,370336.7246,5025946.608,-75.66331798,45.37039765,2016-04-16,10:20,01 - Clear,01 - Dry,01 - Traffic signal,02 - Intersection related,01 - Daylight,03 - P.D. only,03 - Rear end,Ledbury - Heron Gate - Ridgemont - Elmwood
946,BANK ST @ WALKLEY RD,370337.6265,5025947.509,-75.66330634,45.37040567,2016-04-16,19:10,01 - Clear,01 - Dry,01 - Traffic signal,02 - Intersection related,01 - Daylight,03 - P.D. only,03 - Rear end,Ledbury - Heron Gate - Ridgemont - Elmwood
947,BANK ST @ WALKLEY RD,370336.9335,5025947.965,-75.66331513,45.37040984,2016-04-19,15:00,01 - Clear,01 - Dry,01 - Traffic signal,03 - At intersection,01 - Daylight,03 - P.D. only,05 - Turning movement,Ledbury - Heron Gate - Ridgemont - Elmwood
948,BANK ST @ WALKLEY RD,370336.9335,5025947.046,-75.66331525,45.37040157,2016-06-19,23:23,01 - Clear,01 - Dry,01 - Traffic signal,03 - At intersection,07 - Dark,03 - P.D. only,02 - Angle,Ledbury - Heron Gate - Ridgemont - Elmwood
949,BANK ST @ WALKLEY RD,370338.6802,5025947.321,-75.66329292,45.37040388,2016-10-12,16:22,01 - Clear,01 - Dry,01 - Traffic signal,02 - Intersection related,01 - Daylight,03 - P.D. only,03 - Rear end,Ledbury - Heron Gate - Ridgemont - Elmwood
950,BANK ST @ WALKLEY RD,370339.5083,5025947.321,-75.66328235,45.37040381,2016-09-26,16:03,01 - Clear,01 - Dry,01 - Traffic signal,02 - Intersection related,01 - Daylight,03 - P.D. only,03 - Rear end,Ledbury - Heron Gate - Ridgemont - Elmwood
951,BANK ST @ WALKLEY RD,370338.6802,5025945.665,-75.66329314,45.37038898,2016-11-04,22:41,01 - Clear,01 - Dry,01 - Traffic signal,02 - Intersection related,07 - Dark,03 - P.D. only,03 - Rear end,Ledbury - Heron Gate - Ridgemont - Elmwood
952,BANK ST @ WALKLEY RD,370337.0238,5025947.321,-75.66331406,45.37040404,2016-11-02,18:40,01 - Clear,01 - Dry,01 - Traffic signal,02 - Intersection related,07 - Dark,03 - P.D. only,03 - Rear end,Ledbury - Heron Gate - Ridgemont - Elmwood
953,BANK ST @ WALKLEY RD,370335.3675,5025946.493,-75.66333531,45.37039674,2016-12-08,20:22,03 - Snow,06 - Ice,01 - Traffic signal,02 - Intersection related,07 - Dark,03 - P.D. only,03 - Rear end,Ledbury - Heron Gate - Ridgemont - Elmwood
954,BANK ST @ WALKLEY RD,370337.852,5025948.977,-75.66330327,45.37041886,2016-11-18,18:00,01 - Clear,01 - Dry,01 - Traffic signal,02 - Intersection related,07 - Dark,03 - P.D. only,03 - Rear end,Ledbury - Heron Gate - Ridgemont - Elmwood
955,BANK ST @ WALKLEY RD,370337.852,5025948.977,-75.66330327,45.37041886,2016-11-28,10:52,01 - Clear,01 - Dry,01 - Traffic signal,03 - At intersection,01 - Daylight,03 - P.D. only,03 - Rear end,Ledbury - Heron Gate - Ridgemont - Elmwood
956,BANK ST @ WELLINGTON ST,367257.929,5031628.351,-75.70190049,45.42180156,2016-03-09,19:46,01 - Clear,02 - Wet,01 - Traffic signal,02 - Intersection related,07 - Dark,02 - Non-fatal injury,05 - Turning movement,Ledbury - Heron Gate - Ridgemont - Elmwood
957,BANK ST @ WELLINGTON ST,367257.4815,5031627.897,-75.70190626,45.42179752,2016-06-21,12:28,01 - Clear,01 - Dry,01 - Traffic signal,02 - Intersection related,01 - Daylight,02 - Non-fatal injury,07 - SMV other,Ledbury - Heron Gate - Ridgemont - Elmwood
958,BANK ST @ WELLINGTON ST,367256.0507,5031630.644,-75.70192419,45.42182236,2016-11-23,6:25,01 - Clear,01 - Dry,01 - Traffic signal,03 - At intersection,07 - Dark,02 - Non-fatal injury,07 - SMV other,Downtown
959,BANK ST @ WELLINGTON ST,367259.3633,5031628.159,-75.70188218,45.42179971,2016-12-22,18:12,01 - Clear,02 - Wet,01 - Traffic signal,03 - At intersection,07 - Dark,02 - Non-fatal injury,01 - Approaching,Downtown
960,BANK ST @ WELLINGTON ST,367258.8047,5031627.915,-75.70188935,45.42179756,2016-01-18,17:37,03 - Snow,02 - Wet,01 - Traffic signal,02 - Intersection related,05 - Dusk,03 - P.D. only,01 - Approaching,Downtown
961,BANK ST @ WELLINGTON ST,367258.1662,5031629.262,-75.70189734,45.42180974,2016-07-24,15:45,01 - Clear,01 - Dry,01 - Traffic signal,02 - Intersection related,01 - Daylight,03 - P.D. only,03 - Rear end,Downtown
962,BANK ST @ WELLINGTON ST,367257.707,5031628.159,-75.70190335,45.42179985,2016-12-16,9:03,01 - Clear,06 - Ice,01 - Traffic signal,02 - Intersection related,01 - Daylight,03 - P.D. only,03 - Rear end,Downtown