Record,Location,X,Y,lon,lat,Date,Time,Environment,Road_Surface,Traffic_Control,Collision_Location,Light,Collision_Classification,Impact_type,Neighborhood
963,BANK ST @ WILTON CRES,368578.6287,5028965.858,-75.6853705,45.39772618,2016-02-07,12:07,01 - Clear,01 - Dry,02 - Stop sign,02 - Intersection related,01 - Daylight,02 - Non-fatal injury,03 - Rear end,Downtown
964,BANK ST @ WILTON CRES,368578.3866,5028966.772,-75.68537347,45.39773443,2016-06-15,14:08,01 - Clear,01 - Dry,02 - Stop sign,03 - At intersection,01 - Daylight,02 - Non-fatal injury,05 - Turning movement,Downtown
965,BANK ST @ WILTON CRES,368577.9297,5028966.766,-75.68537931,45.39773441,2016-10-11,10:30,01 - Clear,01 - Dry,02 - Stop sign,02 - Intersection related,01 - Daylight,02 - Non-fatal injury,02 - Angle,The Glebe
966,BANK ST @ WILTON CRES,368578.3836,5028965.873,-75.68537362,45.39772634,2016-04-19,14:40,01 - Clear,01 - Dry,02 - Stop sign,02 - Intersection related,01 - Daylight,03 - P.D. only,03 - Rear end,The Glebe
967,BANK ST @ WILTON CRES,368577.4439,5028967.345,-75.68538544,45.39773967,2016-04-01,18:31,01 - Clear,01 - Dry,02 - Stop sign,03 - At intersection,05 - Dusk,03 - P.D. only,02 - Angle,The Glebe
968,BANK ST @ WILTON CRES,368577.7102,5028966.776,-75.68538211,45.39773452,2016-05-28,14:38,01 - Clear,01 - Dry,02 - Stop sign,03 - At intersection,01 - Daylight,03 - P.D. only,02 - Angle,The Glebe
969,BANK ST @ WILTON CRES,368577.7102,5028966.96,-75.68538208,45.39773618,2016-12-12,14:20,05 - Drifting Snow,05 - Packed snow,02 - Stop sign,02 - Intersection related,01 - Daylight,03 - P.D. only,03 - Rear end,The Glebe
970,BANK ST @ WILTON CRES,368576.882,5028966.132,-75.68539277,45.3977288,2016-10-01,13:19,01 - Clear,01 - Dry,02 - Stop sign,02 - Intersection related,01 - Daylight,03 - P.D. only,02 - Angle,The Glebe
971,BANK ST btwn ALBION RD & SIEVERIGHT AVE,372171.9469,5024138.826,-75.64013747,45.35395786,2016-06-25,5:56,01 - Clear,01 - Dry,10 - No control,01 - Non intersection,01 - Daylight,02 - Non-fatal injury,07 - SMV other,The Glebe
972,BANK ST btwn ALBION RD & SIEVERIGHT AVE,372136.2604,5024140.105,-75.6405927,45.3539728,2016-04-21,20:25,01 - Clear,01 - Dry,10 - No control,04 - At/near private drive,07 - Dark,03 - P.D. only,03 - Rear end,The Glebe
973,BANK ST btwn ALTA VISTA DR & ERIE AVE,370209.2055,5026294.376,-75.66489974,45.37353867,2016-08-04,21:25,01 - Clear,01 - Dry,10 - No control,01 - Non intersection,07 - Dark,03 - P.D. only,03 - Rear end,Blossom Park - Blossom Park West - Sawmill Creek/ Timbermill
974,BANK ST btwn ALTA VISTA DR & ERIE AVE,370212.2179,5026285.745,-75.66486242,45.37346073,2016-05-13,13:55,01 - Clear,01 - Dry,10 - No control,01 - Non intersection,01 - Daylight,03 - P.D. only,03 - Rear end,Blossom Park - Blossom Park West - Sawmill Creek/ Timbermill
975,BANK ST btwn ALTA VISTA DR & ERIE AVE,370179.6631,5026364.072,-75.66526765,45.37416853,2016-02-19,12:06,01 - Clear,01 - Dry,10 - No control,04 - At/near private drive,01 - Daylight,03 - P.D. only,02 - Angle,Ledbury - Heron Gate - Ridgemont - Elmwood
976,BANK ST btwn ALTA VISTA DR & ERIE AVE,370142.5025,5026460.097,-75.66572934,45.375036,2016-01-18,17:23,01 - Clear,02 - Wet,10 - No control,01 - Non intersection,05 - Dusk,03 - P.D. only,02 - Angle,Ledbury - Heron Gate - Ridgemont - Elmwood
977,BANK ST btwn ALTA VISTA DR & ERIE AVE,370190.121,5026340.762,-75.66513723,45.37395782,2016-06-07,18:27,01 - Clear,01 - Dry,10 - No control,01 - Non intersection,01 - Daylight,03 - P.D. only,03 - Rear end,Ledbury - Heron Gate - Ridgemont - Elmwood
978,BANK ST btwn ALTA VISTA DR & WALKLEY RD,370309.5315,5026030.062,-75.66365403,45.37115108,2016-09-13,15:35,01 - Clear,01 - Dry,10 - No control,01 - Non intersection,01 - Daylight,02 - Non-fatal injury,07 - SMV other,Ledbury - Heron Gate - Ridgemont - Elmwood
979,BANK ST btwn ALTA VISTA DR & WALKLEY RD,370322.9452,5025992.041,-75.66348785,45.37080773,2016-12-09,9:09,01 - Clear,06 - Ice,10 - No control,01 - Non intersection,01 - Daylight,02 - Non-fatal injury,03 - Rear end,Ledbury - Heron Gate - Ridgemont - Elmwood
980,BANK ST btwn ALTA VISTA DR & WALKLEY RD,370302.9453,5026052.894,-75.66373508,45.37135714,2016-08-31,14:23,01 - Clear,01 - Dry,10 - No control,01 - Non intersection,01 - Daylight,03 - P.D. only,04 - Sideswipe,Ledbury - Heron Gate - Ridgemont - Elmwood
981,BANK ST btwn ANOKA ST & WILDWOOD AVE,370031.1202,5026752.557,-75.66711265,45.37767783,2016-05-02,19:00,01 - Clear,01 - Dry,10 - No control,01 - Non intersection,01 - Daylight,03 - P.D. only,06 - SMV unattended vehicle,Ledbury - Heron Gate - Ridgemont - Elmwood
982,BANK ST btwn ARENA PL & WHITE ALDER AVE,375515.4948,5021237.557,-75.59788392,45.32752429,2016-09-30,7:42,01 - Clear,01 - Dry,10 - No control,01 - Non intersection,01 - Daylight,02 - Non-fatal injury,03 - Rear end,Ledbury - Heron Gate - Ridgemont - Elmwood
983,BANK ST btwn ARENA PL & WHITE ALDER AVE,375689.6593,5020833.208,-75.59572027,45.32386855,2016-10-29,16:08,01 - Clear,02 - Wet,10 - No control,01 - Non intersection,01 - Daylight,03 - P.D. only,03 - Rear end,Alta Vista
984,BANK ST btwn ARENA PL & WHITE ALDER AVE,375477.0517,5021332.779,-75.59836068,45.32838493,2016-01-06,17:24,01 - Clear,02 - Wet,10 - No control,01 - Non intersection,05 - Dusk,03 - P.D. only,03 - Rear end,Greenbelt
985,BANK ST btwn ARENA PL & WHITE ALDER AVE,375495.8442,5021293.701,-75.59812655,45.32803143,2016-11-11,13:18,01 - Clear,01 - Dry,10 - No control,01 - Non intersection,01 - Daylight,03 - P.D. only,04 - Sideswipe,Greenbelt
986,BANK ST btwn ARLINGTON AVE & CATHERINE ST,368019.2883,5030315.212,-75.69234111,45.40991798,2016-09-09,7:55,01 - Clear,01 - Dry,10 - No control,01 - Non intersection,01 - Daylight,03 - P.D. only,04 - Sideswipe,Greenbelt
987,BANK ST btwn AYLMER AVE & EUCLID AVE,368700.626,5028661.408,-75.68385185,45.39497571,2016-05-25,18:34,01 - Clear,01 - Dry,10 - No control,04 - At/near private drive,01 - Daylight,02 - Non-fatal injury,05 - Turning movement,Greenbelt
988,BANK ST btwn AYLMER AVE & EUCLID AVE,368675.5081,5028723.258,-75.68416462,45.39553451,2016-03-31,16:19,01 - Clear,01 - Dry,10 - No control,01 - Non intersection,01 - Daylight,03 - P.D. only,04 - Sideswipe,Centretown
989,BANK ST btwn AYLMER AVE & EUCLID AVE,368684.6866,5028702.892,-75.68405004,45.39535043,2016-03-24,11:32,03 - Snow,04 - Slush,10 - No control,04 - At/near private drive,01 - Daylight,03 - P.D. only,05 - Turning movement,Old Ottawa South
990,BANK ST btwn BANK ST & TURN LANE,377781.3207,5015904.316,-75.56976776,45.2793062,2016-09-19,9:19,01 - Clear,01 - Dry,10 - No control,01 - Non intersection,01 - Daylight,03 - P.D. only,03 - Rear end,Old Ottawa South
991,BANK ST btwn BANK ST EXTENSION NB & JOHNSTON RD,370835.2651,5024876.63,-75.65709699,45.36072354,2016-02-13,21:57,01 - Clear,01 - Dry,10 - No control,01 - Non intersection,07 - Dark,02 - Non-fatal injury,07 - SMV other,Old Ottawa South
992,BANK ST btwn BANK ST EXTENSION NB & JOHNSTON RD,370763.1622,5025021.193,-75.65799795,45.36203106,2016-02-17,20:44,04 - Freezing Rain,06 - Ice,10 - No control,07 - Overpass or bridge,07 - Dark,03 - P.D. only,03 - Rear end,Downtown
993,BANK ST btwn BANK ST EXTENSION NB & JOHNSTON RD,370582.9263,5025406.543,-75.66024706,45.36551525,2016-01-16,13:39,02 - Rain,03 - Loose snow,10 - No control,01 - Non intersection,01 - Daylight,03 - P.D. only,04 - Sideswipe,Osgoode
994,BANK ST btwn BANK ST EXTENSION NB & JOHNSTON RD,370808.4453,5024933.424,-75.65743171,45.36123708,2016-02-17,20:48,03 - Snow,06 - Ice,10 - No control,01 - Non intersection,07 - Dark,03 - P.D. only,03 - Rear end,South Keys - Heron Gate - Greenboro West
995,BANK ST btwn BANK ST EXTENSION NB & JOHNSTON RD,370808.1002,5024930.04,-75.65743656,45.36120667,2016-10-15,13:03,01 - Clear,01 - Dry,10 - No control,01 - Non intersection,01 - Daylight,03 - P.D. only,03 - Rear end,South Keys - Heron Gate - Greenboro West
996,BANK ST btwn BELANGER AVE & ROCKINGHAM AVE,369663.013,5027411.022,-75.67172573,45.38363667,2016-01-26,13:33,01 - Clear,01 - Dry,10 - No control,01 - Non intersection,01 - Daylight,03 - P.D. only,03 - Rear end,Ledbury - Heron Gate - Ridgemont - Elmwood
997,BANK ST btwn BELMONT AVE & GROVE AVE,368834.7412,5028388.798,-75.68217447,45.3925106,2016-06-01,6:46,01 - Clear,01 - Dry,10 - No control,04 - At/near private drive,01 - Daylight,02 - Non-fatal injury,05 - Turning movement,South Keys - Heron Gate - Greenboro West
998,BANK ST btwn BLAIS RD & RIDEAU RD,376641.3434,5018581.291,-75.58390851,45.30351,2016-07-20,12:33,01 - Clear,01 - Dry,10 - No control,04 - At/near private drive,01 - Daylight,02 - Non-fatal injury,02 - Angle,South Keys - Heron Gate - Greenboro West
999,BANK ST btwn BLAIS RD & RIDEAU RD,376661.9667,5018535.838,-75.58365216,45.30309892,2016-03-08,12:37,01 - Clear,02 - Wet,10 - No control,04 - At/near private drive,01 - Daylight,03 - P.D. only,03 - Rear end,Alta Vista
1000,BANK ST btwn BLAIS RD & RIDEAU RD,376528.432,5018842.391,-75.58531035,45.30587081,2016-02-29,17:36,01 - Clear,02 - Wet,10 - No control,04 - At/near private drive,05 - Dusk,03 - P.D. only,03 - Rear end,Old Ottawa South
1001,BANK ST btwn BLAIS RD & RIDEAU RD,376947.9468,5017862.694,-75.58010391,45.29701294,2016-06-28,14:00,01 - Clear,01 - Dry,10 - No control,04 - At/near private drive,01 - Daylight,03 - P.D. only,05 - Turning movement,Greenbelt
1002,BANK ST btwn BLAIS RD & RIDEAU RD,376755.8559,5018306.408,-75.58248838,45.30102499,2016-04-27,12:20,01 - Clear,01 - Dry,10 - No control,01 - Non intersection,01 - Daylight,03 - P.D. only,03 - Rear end,Greenbelt
1003,BANK ST btwn BLAIS RD & RIDEAU RD,376353.2088,5019262.224,-75.58748392,45.30966617,2016-07-20,18:12,01 - Clear,01 - Dry,10 - No control,01 - Non intersection,01 - Daylight,03 - P.D. only,03 - Rear end,Greenbelt
1004,BANK ST btwn BLAIS RD & RIDEAU RD,376950.0188,5017854.65,-75.58007866,45.29694035,2016-06-13,12:10,01 - Clear,01 - Dry,10 - No control,01 - Non intersection,01 - Daylight,03 - P.D. only,03 - Rear end,Greenbelt
1005,BANK ST btwn BLAIS RD & RIDEAU RD,376156.4126,5019723.748,-75.58992687,45.3138388,2016-12-11,15:59,01 - Clear,01 - Dry,10 - No control,01 - Non intersection,05 - Dusk,03 - P.D. only,04 - Sideswipe,Greenbelt
1006,BANK ST btwn CAHILL DR & TURN LANE (1),371441.9576,5024181.579,-75.64944746,45.35441229,2016-03-26,15:56,01 - Clear,01 - Dry,10 - No control,04 - At/near private drive,01 - Daylight,03 - P.D. only,07 - SMV other,Greenbelt
1007,BANK ST btwn CAHILL DR & TURN LANE (1),371423.834,5024201.539,-75.64967606,45.35459361,2016-04-02,13:45,01 - Clear,01 - Dry,10 - No control,04 - At/near private drive,01 - Daylight,03 - P.D. only,05 - Turning movement,Greenbelt
1008,BANK ST btwn CATHERINE ST & CHAMBERLAIN AVE N/ISABELLA ST,368051.1532,5030240.412,-75.69194366,45.40924207,2016-04-13,15:05,01 - Clear,01 - Dry,10 - No control,01 - Non intersection,01 - Daylight,02 - Non-fatal injury,03 - Rear end,Greenbelt
1009,BANK ST btwn CATHERINE ST & CHAMBERLAIN AVE N/ISABELLA ST,368051.9996,5030237.715,-75.69193319,45.40921773,2016-09-21,17:51,01 - Clear,01 - Dry,10 - No control,01 - Non intersection,01 - Daylight,03 - P.D. only,04 - Sideswipe,South Keys - Heron Gate - Greenboro West
1010,BANK ST btwn CECIL AVE & HERON RD,369992.866,5026856.592,-75.6675873,45.37861747,2016-10-21,10:51,02 - Rain,02 - Wet,10 - No control,01 - Non intersection,01 - Daylight,03 - P.D. only,04 - Sideswipe,South Keys - Heron Gate - Greenboro West
1011,BANK ST btwn CECIL AVE & HERON RD,369961.2524,5026944.407,-75.66797932,45.37941054,2016-10-16,21:37,01 - Clear,01 - Dry,10 - No control,01 - Non intersection,07 - Dark,03 - P.D. only,04 - Sideswipe,Centretown
1012,BANK ST btwn CECIL AVE & HERON RD,369991.3292,5026863.836,-75.66760596,45.37868279,2016-04-19,17:27,01 - Clear,01 - Dry,10 - No control,01 - Non intersection,01 - Daylight,03 - P.D. only,04 - Sideswipe,Centretown
1013,BANK ST btwn CENOTE RD & STONE SCHOOL RD,382112.5357,5011535.084,-75.51524917,45.23953116,2016-03-27,16:30,01 - Clear,01 - Dry,10 - No control,01 - Non intersection,01 - Daylight,03 - P.D. only,07 - SMV other,Alta Vista
1014,BANK ST btwn CHAMBERLAIN AVE & ROSEBERY AVE,368110.9666,5030096.548,-75.69119807,45.40794222,2016-03-17,18:05,01 - Clear,01 - Dry,10 - No control,01 - Non intersection,05 - Dusk,02 - Non-fatal injury,04 - Sideswipe,Alta Vista
1015,BANK ST btwn CHAMBERLAIN AVE N/ISABELLA ST & CHAMBERLAIN AVE S,368094.5672,5030135.388,-75.69140257,45.40829318,2016-08-22,2:29,01 - Clear,01 - Dry,10 - No control,01 - Non intersection,07 - Dark,03 - P.D. only,07 - SMV other,Alta Vista
1016,BANK ST btwn CHAMBERLAIN AVE S & PRETORIA AVE,368104.7142,5030113.813,-75.69127572,45.40809813,2016-08-20,15:00,01 - Clear,01 - Dry,10 - No control,01 - Non intersection,01 - Daylight,03 - P.D. only,04 - Sideswipe,Osgoode
1017,BANK ST btwn CHESLEY ST & RIVERDALE AVE,368998.7214,5028201.847,-75.68010472,45.39081346,2016-07-03,12:36,01 - Clear,01 - Dry,10 - No control,04 - At/near private drive,01 - Daylight,03 - P.D. only,02 - Angle,The Glebe
1018,BANK ST btwn CLAREY AVE & HOLMWOOD AVE,368464.1534,5029237.05,-75.68679751,45.4001767,2016-08-13,13:39,02 - Rain,02 - Wet,10 - No control,01 - Non intersection,01 - Daylight,02 - Non-fatal injury,03 - Rear end,The Glebe
1019,BANK ST btwn CLAREY AVE & HOLMWOOD AVE,368479.5126,5029200.632,-75.68660604,45.39984762,2016-09-16,23:13,01 - Clear,01 - Dry,10 - No control,01 - Non intersection,07 - Dark,03 - P.D. only,04 - Sideswipe,The Glebe
1020,BANK ST btwn CLAREY AVE & HOLMWOOD AVE,368458.4435,5029252.718,-75.68686842,45.40031819,2016-05-26,18:53,01 - Clear,01 - Dry,10 - No control,04 - At/near private drive,01 - Daylight,03 - P.D. only,05 - Turning movement,Old Ottawa South
1021,BANK ST btwn CLEMOW AVE & GLEBE AVE,368230.9291,5029805.129,-75.68970319,45.40530927,2016-09-28,9:17,01 - Clear,01 - Dry,10 - No control,01 - Non intersection,01 - Daylight,03 - P.D. only,04 - Sideswipe,The Glebe
1022,BANK ST btwn COOPER ST & SOMERSET ST W,367668.409,5030959.225,-75.69674118,45.41574421,2016-06-03,20:21,01 - Clear,01 - Dry,10 - No control,01 - Non intersection,01 - Daylight,03 - P.D. only,04 - Sideswipe,The Glebe
1023,BANK ST btwn COUNCILLOR'S WAY & ST. BERNARD ST,372981.5514,5023725.476,-75.62986274,45.35016044,2016-12-09,8:26,01 - Clear,06 - Ice,10 - No control,01 - Non intersection,01 - Daylight,02 - Non-fatal injury,07 - SMV other,The Glebe
1024,BANK ST btwn COUNCILLOR'S WAY & ST. BERNARD ST,372926.8035,5023771.506,-75.63055501,45.35057992,2016-01-22,15:28,01 - Clear,01 - Dry,10 - No control,01 - Non intersection,01 - Daylight,03 - P.D. only,03 - Rear end,The Glebe
1025,BANK ST btwn DALMENY RD & POPHAM ST,385844.4493,5004319.875,-75.46889594,45.17419306,2016-11-29,16:18,01 - Clear,02 - Wet,10 - No control,04 - At/near private drive,05 - Dusk,02 - Non-fatal injury,05 - Turning movement,Centretown
1026,BANK ST btwn ECHO DR & AYLMER AVE,368666.6872,5028744.472,-75.68427452,45.39572619,2016-10-19,21:38,01 - Clear,01 - Dry,10 - No control,01 - Non intersection,07 - Dark,03 - P.D. only,04 - Sideswipe,Blossom Park - Blossom Park West - Sawmill Creek/ Timbermill
1027,BANK ST btwn EVANS AVE & EVANS BLVD,369925.5786,5027046.848,-75.66842127,45.38033559,2016-08-12,12:48,01 - Clear,01 - Dry,10 - No control,01 - Non intersection,01 - Daylight,03 - P.D. only,03 - Rear end,Blossom Park - Blossom Park West - Sawmill Creek/ Timbermill
1028,BANK ST btwn FINDLAY CREEK DR & BLAIS RD,376144.3709,5019750.147,-75.59007663,45.31407755,2016-04-18,19:31,02 - Rain,02 - Wet,10 - No control,01 - Non intersection,05 - Dusk,03 - P.D. only,07 - SMV other,Metcalfe
1029,BANK ST btwn FINDLAY CREEK DR & BLAIS RD,375901.9588,5020337.598,-75.59308364,45.31938778,2016-09-30,6:55,01 - Clear,01 - Dry,10 - No control,01 - Non intersection,03 - Dawn,03 - P.D. only,03 - Rear end,Old Ottawa South
1030,BANK ST btwn FIRST AVE & SECOND AVE,368298.9512,5029643.194,-75.68885518,45.40384606,2016-01-14,11:57,01 - Clear,04 - Slush,10 - No control,01 - Non intersection,01 - Daylight,03 - P.D. only,04 - Sideswipe,Alta Vista
1031,BANK ST btwn FOURTH AVE & FIFTH AVE,368371.2679,5029466.355,-75.68795429,45.40224835,2016-03-10,19:38,02 - Rain,02 - Wet,10 - No control,01 - Non intersection,07 - Dark,02 - Non-fatal injury,03 - Rear end,Greenbelt
1032,BANK ST btwn FOURTH AVE & FIFTH AVE,368370.1312,5029469.76,-75.68796837,45.40227909,2016-09-05,15:14,01 - Clear,01 - Dry,10 - No control,01 - Non intersection,01 - Daylight,03 - P.D. only,04 - Sideswipe,Greenbelt
1033,BANK ST btwn FOURTH AVE & FIFTH AVE,368395.7589,5029406.467,-75.6876492,45.40170728,2016-08-28,12:36,01 - Clear,01 - Dry,10 - No control,01 - Non intersection,01 - Daylight,03 - P.D. only,04 - Sideswipe,The Glebe
1034,BANK ST btwn FOURTH AVE & FIFTH AVE,368394.7187,5029408.281,-75.68766225,45.40172369,2016-02-18,19:55,01 - Clear,05 - Packed snow,10 - No control,01 - Non intersection,07 - Dark,03 - P.D. only,06 - SMV unattended vehicle,The Glebe
1035,BANK ST btwn GLADSTONE AVE & MCLEOD ST,367919.9503,5030556.728,-75.69357915,45.41210003,2016-01-02,15:41,01 - Clear,01 - Dry,10 - No control,01 - Non intersection,01 - Daylight,03 - P.D. only,04 - Sideswipe,The Glebe
1036,BANK ST btwn GLADSTONE AVE & MCLEOD ST,367922.767,5030550.674,-75.69354395,45.4120453,2016-02-27,14:47,01 - Clear,01 - Dry,10 - No control,01 - Non intersection,01 - Daylight,03 - P.D. only,06 - SMV unattended vehicle,The Glebe
1037,BANK ST btwn GLADSTONE AVE & MCLEOD ST,367917.8041,5030559.277,-75.69360624,45.41212316,2016-10-05,11:30,01 - Clear,01 - Dry,10 - No control,01 - Non intersection,01 - Daylight,03 - P.D. only,04 - Sideswipe,The Glebe
1038,BANK ST btwn GLEN AVE & BELMONT AVE,368807.8315,5028427.792,-75.68251305,45.39286392,2016-12-05,15:59,03 - Snow,04 - Slush,10 - No control,01 - Non intersection,05 - Dusk,03 - P.D. only,05 - Turning movement,Centretown
1039,BANK ST btwn HERON RD & ANOKA ST,369998.7219,5026842.161,-75.66751444,45.37848708,2016-01-14,20:43,01 - Clear,02 - Wet,10 - No control,04 - At/near private drive,07 - Dark,02 - Non-fatal injury,02 - Angle,Centretown
1040,BANK ST btwn HERON RD & ANOKA ST,370019.6498,5026781.509,-75.66725526,45.3779394,2016-06-21,17:27,01 - Clear,01 - Dry,10 - No control,04 - At/near private drive,01 - Daylight,02 - Non-fatal injury,05 - Turning movement,Centretown
1041,BANK ST btwn HERON RD & ANOKA ST,369998.574,5026842.98,-75.66751622,45.37849446,2016-10-19,9:32,01 - Clear,01 - Dry,10 - No control,04 - At/near private drive,01 - Daylight,03 - P.D. only,02 - Angle,Old Ottawa South
1042,BANK ST btwn HERON RD & ANOKA ST,370005.821,5026825.28,-75.66742604,45.37833453,2016-03-08,15:50,01 - Clear,01 - Dry,10 - No control,01 - Non intersection,01 - Daylight,03 - P.D. only,04 - Sideswipe,Alta Vista
1043,BANK ST btwn HERON RD & ANOKA ST,369999.7514,5026838.104,-75.66750183,45.37845048,2016-03-25,11:42,01 - Clear,02 - Wet,10 - No control,01 - Non intersection,01 - Daylight,03 - P.D. only,02 - Angle,Alta Vista
1044,BANK ST btwn HERON RD & ANOKA ST,370009.1119,5026813.562,-75.66738557,45.37822879,2016-09-20,18:28,01 - Clear,01 - Dry,10 - No control,04 - At/near private drive,05 - Dusk,03 - P.D. only,02 - Angle,Alta Vista
1045,BANK ST btwn HERON RD & ANOKA ST,370000.1108,5026837.931,-75.66749727,45.37844889,2016-10-16,16:32,01 - Clear,01 - Dry,10 - No control,04 - At/near private drive,01 - Daylight,03 - P.D. only,02 - Angle,Alta Vista
1046,BANK ST btwn HERON RD & ANOKA ST,370003.4039,5026827.612,-75.66745659,45.37835573,2016-10-27,9:41,01 - Clear,01 - Dry,10 - No control,04 - At/near private drive,01 - Daylight,03 - P.D. only,02 - Angle,Alta Vista
1047,BANK ST btwn HOLMWOOD AVE & LANSDOWNE PARK,368508.8178,5029134.373,-75.68624032,45.39924878,2016-05-14,18:19,01 - Clear,01 - Dry,10 - No control,01 - Non intersection,01 - Daylight,02 - Non-fatal injury,99 - Other,Alta Vista
1048,BANK ST btwn HOLMWOOD AVE & LANSDOWNE PARK,368489.9211,5029178.691,-75.68647594,45.39964926,2016-03-18,12:47,01 - Clear,01 - Dry,10 - No control,01 - Non intersection,01 - Daylight,03 - P.D. only,04 - Sideswipe,Alta Vista
1049,BANK ST btwn HOLMWOOD AVE & LANSDOWNE PARK,368516.9399,5029109.859,-75.68613975,45.39902747,2016-11-09,18:45,01 - Clear,01 - Dry,10 - No control,01 - Non intersection,07 - Dark,03 - P.D. only,06 - SMV unattended vehicle,Alta Vista
1050,BANK ST btwn HOPEWELL AVE & GLEN AVE,368772.7669,5028494.082,-75.68295225,45.39346358,2016-05-19,10:44,01 - Clear,01 - Dry,10 - No control,04 - At/near private drive,01 - Daylight,02 - Non-fatal injury,02 - Angle,The Glebe
1051,BANK ST btwn HOPEWELL AVE & GLEN AVE,368787.402,5028468.361,-75.68276868,45.39323081,2016-02-19,20:42,03 - Snow,03 - Loose snow,10 - No control,01 - Non intersection,07 - Dark,03 - P.D. only,06 - SMV unattended vehicle,The Glebe
1052,BANK ST btwn HOPEWELL AVE & GLEN AVE,368776.6406,5028486.928,-75.6829037,45.39339885,2016-11-18,17:39,01 - Clear,01 - Dry,10 - No control,01 - Non intersection,07 - Dark,03 - P.D. only,04 - Sideswipe,The Glebe
1053,BANK ST btwn JOHN QUINN RD & TURN LANE,383614.9003,5010333.35,-75.49630643,45.22855201,2016-10-12,22:45,01 - Clear,01 - Dry,10 - No control,01 - Non intersection,07 - Dark,03 - P.D. only,07 - SMV other,Old Ottawa South
1054,BANK ST btwn KEMP DR & CONROY RD,375109.3966,5022164.994,-75.60293213,45.33590979,2016-10-04,17:55,01 - Clear,01 - Dry,10 - No control,01 - Non intersection,05 - Dusk,02 - Non-fatal injury,07 - SMV other,Old Ottawa South
1055,BANK ST btwn KITCHENER AVE & TO BE DETERMINED,370542.852,5025496.679,-75.66074658,45.36633003,2016-02-27,10:51,01 - Clear,01 - Dry,10 - No control,04 - At/near private drive,01 - Daylight,03 - P.D. only,02 - Angle,Old Ottawa South
1056,BANK ST btwn KITCHENER AVE & TO BE DETERMINED,370543.9496,5025493.825,-75.66073295,45.36630425,2016-11-07,8:19,01 - Clear,01 - Dry,10 - No control,01 - Non intersection,01 - Daylight,03 - P.D. only,04 - Sideswipe,Osgoode
1057,BANK ST btwn LANSDOWNE PARK & WILTON CRES,368538.6069,5029063.935,-75.68586896,45.39861229,2016-06-18,17:38,01 - Clear,01 - Dry,10 - No control,01 - Non intersection,01 - Daylight,02 - Non-fatal injury,04 - Sideswipe,Greenbelt
1058,BANK ST btwn LANSDOWNE PARK & WILTON CRES,368559.0001,5029010.077,-75.68561547,45.39812584,2016-10-29,13:12,02 - Rain,02 - Wet,10 - No control,01 - Non intersection,01 - Daylight,03 - P.D. only,04 - Sideswipe,Ledbury - Heron Gate - Ridgemont - Elmwood
1059,BANK ST btwn LANSDOWNE PARK & WILTON CRES,368534.5483,5029072.954,-75.68591963,45.39869381,2016-04-16,0:00,01 - Clear,01 - Dry,10 - No control,01 - Non intersection,00 - Unknown,03 - P.D. only,06 - SMV unattended vehicle,Ledbury - Heron Gate - Ridgemont - Elmwood
1060,BANK ST btwn LAWRENCE ST & MORNINGSIDE AVE,386426.4069,5002779.213,-75.46174497,45.1602639,2016-08-17,5:59,01 - Clear,02 - Wet,10 - No control,04 - At/near private drive,03 - Dawn,02 - Non-fatal injury,03 - Rear end,The Glebe
1061,BANK ST btwn LEITRIM RD & ARENA PL,375361.7059,5021610.716,-75.59979237,45.3308973,2016-10-21,16:00,02 - Rain,02 - Wet,10 - No control,01 - Non intersection,01 - Daylight,03 - P.D. only,04 - Sideswipe,The Glebe
1062,BANK ST btwn LISGAR ST & COOPER ST,367642.6497,5031001.122,-75.69706493,45.4161235,2016-04-27,15:10,01 - Clear,01 - Dry,10 - No control,01 - Non intersection,01 - Daylight,03 - P.D. only,04 - Sideswipe,The Glebe
1063,BANK ST btwn LYNCH ST & CONROY RD,375003.5581,5022271.026,-75.6042673,45.33687442,2016-12-17,6:16,03 - Snow,03 - Loose snow,10 - No control,01 - Non intersection,07 - Dark,02 - Non-fatal injury,01 - Approaching,Vernon
1064,BANK ST btwn MACLAREN ST & GILMOUR ST,367748.9549,5030833.054,-75.69572828,45.41460173,2016-09-12,0:35,01 - Clear,01 - Dry,10 - No control,01 - Non intersection,07 - Dark,03 - P.D. only,06 - SMV unattended vehicle,Greenbelt
1065,BANK ST btwn MASON ST & MEADOW DR,377975.4283,5015454.108,-75.56736032,45.27523523,2016-08-20,2:41,01 - Clear,01 - Dry,10 - No control,01 - Non intersection,07 - Dark,02 - Non-fatal injury,06 - SMV unattended vehicle,Centretown
1066,BANK ST btwn MASON ST & MEADOW DR,378120.9069,5015040.998,-75.56556741,45.27150308,2016-07-29,7:33,01 - Clear,01 - Dry,10 - No control,01 - Non intersection,01 - Daylight,02 - Non-fatal injury,03 - Rear end,Greenbelt
1067,BANK ST btwn MASON ST & MEADOW DR,378314.0951,5014567.138,-75.56317582,45.26721931,2016-01-28,0:00,01 - Clear,05 - Packed snow,10 - No control,01 - Non intersection,07 - Dark,03 - P.D. only,07 - SMV other,Centretown