Record,Location,X,Y,lon,lat,Date,Time,Environment,Road_Surface,Traffic_Control,Collision_Location,Light,Collision_Classification,Impact_type,Neighborhood
1068,BANK ST btwn MASON ST & MEADOW DR,378240.3606,5014703.295,-75.56409519,45.2684521,2016-10-17,16:00,01 - Clear,01 - Dry,10 - No control,01 - Non intersection,01 - Daylight,03 - P.D. only,03 - Rear end,Osgoode
1069,BANK ST btwn NEPEAN ST & LISGAR ST,367582.5177,5031100.108,-75.69782055,45.41701955,2016-09-27,19:24,01 - Clear,01 - Dry,10 - No control,01 - Non intersection,07 - Dark,03 - P.D. only,03 - Rear end,Greely
1070,BANK ST btwn OHIO ST & BELANGER AVE,369634.9971,5027462.748,-75.67207665,45.38410468,2016-02-25,1:54,02 - Rain,04 - Slush,10 - No control,01 - Non intersection,07 - Dark,02 - Non-fatal injury,07 - SMV other,Osgoode
1071,BANK ST btwn ORVILLE KEMP ST & LEITRIM RD,375350.2495,5021636.383,-75.59993485,45.33112939,2016-01-11,15:21,01 - Clear,02 - Wet,10 - No control,04 - At/near private drive,01 - Daylight,03 - P.D. only,02 - Angle,Greely
1072,BANK ST btwn ORVILLE KEMP ST & LEITRIM RD,375278.2811,5021814.009,-75.6008276,45.33273483,2016-09-13,3:17,01 - Clear,01 - Dry,10 - No control,01 - Non intersection,07 - Dark,03 - P.D. only,07 - SMV other,Centretown
1073,BANK ST btwn OSSINGTON AVE & CAMERON AVE,368923.8678,5028284.33,-75.68104987,45.39156248,2016-11-04,8:44,01 - Clear,01 - Dry,10 - No control,01 - Non intersection,01 - Daylight,02 - Non-fatal injury,04 - Sideswipe,Alta Vista
1074,BANK ST btwn OSSINGTON AVE & CAMERON AVE,368902.6275,5028307.071,-75.68131816,45.39176904,2016-05-07,16:52,01 - Clear,01 - Dry,10 - No control,01 - Non intersection,01 - Daylight,03 - P.D. only,03 - Rear end,Greenbelt
1075,BANK ST btwn PATTERSON AVE & POWELL AVE,368164.6112,5029966.123,-75.69052959,45.40676385,2016-02-16,12:50,03 - Snow,03 - Loose snow,10 - No control,01 - Non intersection,01 - Daylight,02 - Non-fatal injury,03 - Rear end,Greenbelt
1076,BANK ST btwn PATTERSON AVE & POWELL AVE,368159.1923,5029978.354,-75.69059724,45.40687439,2016-10-27,1:07,01 - Clear,01 - Dry,10 - No control,01 - Non intersection,07 - Dark,02 - Non-fatal injury,03 - Rear end,Old Ottawa South
1077,BANK ST btwn PATTERSON AVE & POWELL AVE,368171.856,5029950.975,-75.690439,45.40662689,2016-06-30,19:49,01 - Clear,01 - Dry,10 - No control,01 - Non intersection,01 - Daylight,03 - P.D. only,04 - Sideswipe,Old Ottawa South
1078,BANK ST btwn PHILNOR ST & SALE BARN RD,379877.0923,5013600.538,-75.54340666,45.25835718,2016-05-05,18:21,01 - Clear,01 - Dry,10 - No control,01 - Non intersection,01 - Daylight,03 - P.D. only,03 - Rear end,The Glebe
1079,BANK ST btwn PHILNOR ST & SALE BARN RD,379964.7752,5013552.59,-75.54229686,45.2579164,2016-12-29,18:20,03 - Snow,03 - Loose snow,10 - No control,01 - Non intersection,07 - Dark,03 - P.D. only,07 - SMV other,The Glebe
1080,BANK ST btwn POPHAM ST & LAWRENCE ST,386377.8453,5002908.791,-75.46234139,45.16143539,2016-02-18,17:24,01 - Clear,01 - Dry,10 - No control,04 - At/near private drive,05 - Dusk,03 - P.D. only,03 - Rear end,The Glebe
1081,BANK ST btwn PORTEOUS RD & BOYD RD,387135.5005,5002199.737,-75.4528226,45.15496773,2016-10-24,10:58,01 - Clear,01 - Dry,10 - No control,01 - Non intersection,01 - Daylight,02 - Non-fatal injury,07 - SMV other,Osgoode
1082,BANK ST btwn QUEENSDALE AVE & LESTER RD,373427.0322,5023349.083,-75.62423038,45.34673035,2016-03-24,14:31,03 - Snow,03 - Loose snow,10 - No control,04 - At/near private drive,01 - Daylight,02 - Non-fatal injury,02 - Angle,Greely
1083,BANK ST btwn RANDALL AVE & 73 N OF EVANS BLVD,369836.8504,5027169.514,-75.66953795,45.38144754,2016-12-19,19:04,03 - Snow,02 - Wet,10 - No control,04 - At/near private drive,07 - Dark,02 - Non-fatal injury,02 - Angle,Vernon
1084,BANK ST btwn RANDALL AVE & 73 N OF EVANS BLVD,369791.7559,5027220.853,-75.67010694,45.38191366,2016-10-31,7:03,01 - Clear,01 - Dry,10 - No control,04 - At/near private drive,01 - Daylight,03 - P.D. only,04 - Sideswipe,Metcalfe
1085,BANK ST btwn RANDALL AVE & 73 N OF EVANS BLVD,369744.9112,5027271.946,-75.67069833,45.38237772,2016-05-28,15:40,01 - Clear,01 - Dry,10 - No control,04 - At/near private drive,01 - Daylight,03 - P.D. only,02 - Angle,Blossom Park - Blossom Park West - Sawmill Creek/ Timbermill
1086,BANK ST btwn RANDALL AVE & 73 N OF EVANS BLVD,369753.8039,5027263.082,-75.67058595,45.38229714,2016-12-20,16:35,01 - Clear,01 - Dry,10 - No control,04 - At/near private drive,05 - Dusk,03 - P.D. only,02 - Angle,Alta Vista
1087,BANK ST btwn RIDEAU RD & TURN LANE,377534.2562,5016458.287,-75.57283528,45.28431621,2016-09-09,16:16,01 - Clear,01 - Dry,10 - No control,04 - At/near private drive,01 - Daylight,02 - Non-fatal injury,02 - Angle,Alta Vista
1088,BANK ST btwn RIDEAU RD & TURN LANE,377674.6961,5016125.505,-75.57109416,45.28130743,2016-09-07,10:15,01 - Clear,01 - Dry,10 - No control,04 - At/near private drive,01 - Daylight,02 - Non-fatal injury,03 - Rear end,Alta Vista
1089,BANK ST btwn RIDEAU RD & TURN LANE,377066.5537,5017576.564,-75.57863354,45.29442626,2016-12-21,11:22,01 - Clear,01 - Dry,10 - No control,01 - Non intersection,01 - Daylight,02 - Non-fatal injury,03 - Rear end,Alta Vista
1090,BANK ST btwn RIDEAU RD & TURN LANE,377148.7056,5017373.954,-75.57761583,45.29259481,2016-11-27,17:08,01 - Clear,02 - Wet,10 - No control,01 - Non intersection,07 - Dark,02 - Non-fatal injury,03 - Rear end,Osgoode
1091,BANK ST btwn RIDEAU RD & TURN LANE,377675.1214,5016125.067,-75.5710888,45.28130344,2016-09-20,9:40,01 - Clear,01 - Dry,10 - No control,01 - Non intersection,01 - Daylight,03 - P.D. only,07 - SMV other,Osgoode
1092,BANK ST btwn RIDEAU RD & TURN LANE,377363.3689,5016861.377,-75.5749544,45.28796072,2016-02-14,23:19,01 - Clear,01 - Dry,10 - No control,01 - Non intersection,07 - Dark,03 - P.D. only,07 - SMV other,Greenbelt
1093,BANK ST btwn RIDEAU RD & TURN LANE,377628.745,5016222.822,-75.57166552,45.28218781,2016-10-28,16:00,01 - Clear,02 - Wet,10 - No control,01 - Non intersection,01 - Daylight,03 - P.D. only,03 - Rear end,Greenbelt
1094,BANK ST btwn RIDEAU RD & TURN LANE,377549.1191,5016410.12,-75.57265291,45.28388129,2016-09-09,15:52,01 - Clear,01 - Dry,10 - No control,04 - At/near private drive,01 - Daylight,03 - P.D. only,02 - Angle,Osgoode
1095,BANK ST btwn RIDGEMONT AVE & PORTLAND AVE,370080.8186,5026623.798,-75.66649517,45.37651467,2016-11-16,16:45,01 - Clear,01 - Dry,10 - No control,04 - At/near private drive,05 - Dusk,03 - P.D. only,02 - Angle,Osgoode
1096,BANK ST btwn RIVERDALE AVE & RIVERSIDE DR,369203.6819,5028001.799,-75.6775135,45.38899467,2016-10-04,12:10,01 - Clear,01 - Dry,10 - No control,01 - Non intersection,01 - Daylight,02 - Non-fatal injury,03 - Rear end,Osgoode
1097,BANK ST btwn RIVERDALE AVE & RIVERSIDE DR,369092.6833,5028100.96,-75.67891798,45.38989709,2016-10-07,13:03,01 - Clear,01 - Dry,10 - No control,01 - Non intersection,01 - Daylight,03 - P.D. only,04 - Sideswipe,Osgoode
1098,BANK ST btwn RIVERSIDE DR & RIVERSIDE DR,369261.625,5027942.637,-75.67678133,45.38845702,2016-08-03,13:16,01 - Clear,01 - Dry,10 - No control,04 - At/near private drive,01 - Daylight,03 - P.D. only,05 - Turning movement,Ledbury - Heron Gate - Ridgemont - Elmwood
1099,BANK ST btwn RIVERSIDE DR & RIVERSIDE DR,369257.9881,5027946.005,-75.67682733,45.38848766,2016-01-22,7:35,01 - Clear,01 - Dry,10 - No control,01 - Non intersection,03 - Dawn,03 - P.D. only,04 - Sideswipe,Alta Vista
1100,BANK ST btwn RIVERSIDE DR & RIVERSIDE DR,369298.8224,5027902.097,-75.67631164,45.38808883,2016-08-24,15:23,01 - Clear,01 - Dry,10 - No control,01 - Non intersection,01 - Daylight,03 - P.D. only,99 - Other,Old Ottawa South
1101,BANK ST btwn RIVERSIDE DR & TURN LANE,369311.0161,5027888.722,-75.67615768,45.38796737,2016-10-18,23:49,01 - Clear,01 - Dry,10 - No control,01 - Non intersection,07 - Dark,02 - Non-fatal injury,07 - SMV other,Alta Vista
1102,BANK ST btwn SALE BARN RD & GREY'S CREEK RD,380408.0834,5012880.077,-75.53675161,45.25181793,2016-05-05,23:07,01 - Clear,01 - Dry,10 - No control,01 - Non intersection,07 - Dark,03 - P.D. only,07 - SMV other,Alta Vista
1103,BANK ST btwn SALE BARN RD & GREY'S CREEK RD,380318.102,5013059.889,-75.53787049,45.25344546,2016-12-21,17:48,01 - Clear,01 - Dry,10 - No control,01 - Non intersection,07 - Dark,03 - P.D. only,07 - SMV other,Alta Vista
1104,BANK ST btwn SCRIVENS DR & JOHN QUINN RD,383304.0168,5010794.839,-75.50019206,45.23273897,2016-01-05,7:31,01 - Clear,01 - Dry,10 - No control,01 - Non intersection,03 - Dawn,03 - P.D. only,07 - SMV other,Alta Vista
1105,BANK ST btwn SCRIVENS DR & JOHN QUINN RD,382820.2985,5011059.945,-75.50631008,45.23517802,2016-06-04,4:59,01 - Clear,01 - Dry,10 - No control,01 - Non intersection,03 - Dawn,03 - P.D. only,07 - SMV other,Osgoode
1106,BANK ST btwn SCRIVENS DR & JOHN QUINN RD,382562.6722,5011204.137,-75.50956825,45.23650389,2016-01-03,0:28,03 - Snow,03 - Loose snow,10 - No control,01 - Non intersection,07 - Dark,03 - P.D. only,07 - SMV other,Osgoode
1107,BANK ST btwn SECOND AVE & THIRD AVE,368330.1199,5029565.199,-75.68846712,45.40314146,2016-07-26,17:00,01 - Clear,01 - Dry,10 - No control,01 - Non intersection,01 - Daylight,02 - Non-fatal injury,03 - Rear end,Osgoode
1108,BANK ST btwn SECOND AVE & THIRD AVE,368308.8621,5029621.345,-75.68873141,45.40364857,2016-06-29,16:50,01 - Clear,01 - Dry,10 - No control,01 - Non intersection,01 - Daylight,03 - P.D. only,04 - Sideswipe,Osgoode
1109,BANK ST btwn SECOND AVE & THIRD AVE,368331.0928,5029563.248,-75.68845494,45.40312381,2016-05-19,19:39,01 - Clear,01 - Dry,10 - No control,01 - Non intersection,05 - Dusk,03 - P.D. only,06 - SMV unattended vehicle,Osgoode
1110,BANK ST btwn SOMERSET ST W & MACLAREN ST,367719.1842,5030878.475,-75.69610281,45.41501309,2016-02-21,8:15,01 - Clear,01 - Dry,10 - No control,01 - Non intersection,01 - Daylight,03 - P.D. only,06 - SMV unattended vehicle,The Glebe
1111,BANK ST btwn ST. PAUL AVE & KITCHENER AVE,370540.5417,5025500.646,-75.66077555,45.36636594,2016-08-02,16:42,01 - Clear,01 - Dry,10 - No control,01 - Non intersection,01 - Daylight,02 - Non-fatal injury,03 - Rear end,The Glebe
1112,BANK ST btwn ST. PAUL AVE & KITCHENER AVE,370510.5205,5025554.819,-75.66115154,45.36685619,2016-08-24,17:11,01 - Clear,01 - Dry,10 - No control,04 - At/near private drive,01 - Daylight,02 - Non-fatal injury,05 - Turning movement,The Glebe
1113,BANK ST btwn ST. PAUL AVE & KITCHENER AVE,370524.0792,5025528.097,-75.66098203,45.36661448,2016-03-19,11:53,01 - Clear,01 - Dry,10 - No control,04 - At/near private drive,01 - Daylight,03 - P.D. only,03 - Rear end,Centretown
1114,BANK ST btwn ST. PAUL AVE & KITCHENER AVE,370524.3128,5025530.14,-75.66097877,45.36663284,2016-04-05,9:30,01 - Clear,01 - Dry,10 - No control,01 - Non intersection,01 - Daylight,03 - P.D. only,03 - Rear end,Ledbury - Heron Gate - Ridgemont - Elmwood
1115,BANK ST btwn STONE SCHOOL RD & SCRIVENS DR,382175.1795,5011483.069,-75.51445947,45.23905627,2016-11-30,16:35,02 - Rain,02 - Wet,10 - No control,01 - Non intersection,05 - Dusk,02 - Non-fatal injury,07 - SMV other,Ledbury - Heron Gate - Ridgemont - Elmwood
1116,BANK ST btwn STONE SCHOOL RD & SCRIVENS DR,382408.9518,5011306.592,-75.51150985,45.23744269,2016-03-31,19:32,04 - Freezing Rain,02 - Wet,10 - No control,01 - Non intersection,07 - Dark,03 - P.D. only,07 - SMV other,Ledbury - Heron Gate - Ridgemont - Elmwood
1117,BANK ST btwn STRATHCONA AVE & PATTERSON AVE,368153.5355,5029991.188,-75.69066785,45.40699038,2016-05-03,10:35,01 - Clear,01 - Dry,10 - No control,01 - Non intersection,01 - Daylight,02 - Non-fatal injury,04 - Sideswipe,Ledbury - Heron Gate - Ridgemont - Elmwood
1118,BANK ST btwn SUNNYSIDE AVE & HOPEWELL AVE,368739.4814,5028570.64,-75.6833674,45.39415546,2016-07-25,9:06,01 - Clear,01 - Dry,10 - No control,01 - Non intersection,01 - Daylight,03 - P.D. only,04 - Sideswipe,Osgoode
1119,BANK ST btwn SURREY AVE & NOTTING HILL AVE,370400.0293,5025759.856,-75.66253467,45.36871139,2016-04-08,11:34,03 - Snow,02 - Wet,10 - No control,01 - Non intersection,01 - Daylight,03 - P.D. only,03 - Rear end,Osgoode
1120,BANK ST btwn THIRD AVE & FOURTH AVE,368338.6867,5029545.196,-75.68836027,45.4029607,2016-10-28,19:35,02 - Rain,02 - Wet,10 - No control,01 - Non intersection,07 - Dark,03 - P.D. only,06 - SMV unattended vehicle,The Glebe
1121,BANK ST btwn THORNTON AVE & CLAREY AVE,368434.1299,5029313.316,-75.68717113,45.40086565,2016-09-18,0:23,02 - Rain,02 - Wet,10 - No control,01 - Non intersection,07 - Dark,02 - Non-fatal injury,99 - Other,Old Ottawa South
1122,BANK ST btwn TURN LANE & MITCH OWENS RD,377713.0839,5016043.369,-75.57061697,45.28056442,2016-07-20,16:55,01 - Clear,01 - Dry,10 - No control,01 - Non intersection,01 - Daylight,03 - P.D. only,03 - Rear end,Ledbury - Heron Gate - Ridgemont - Elmwood
1123,BANK ST btwn TURN LANE & SPRINGHILL RD,384791.112,5007181.205,-75.4818362,45.20005809,2016-08-13,16:06,02 - Rain,02 - Wet,10 - No control,01 - Non intersection,01 - Daylight,03 - P.D. only,07 - SMV other,The Glebe
1124,BANK ST btwn VANCOUVER AVE & FOXBAR AVE,370458.818,5025653.509,-75.66179838,45.36774901,2016-08-17,17:22,01 - Clear,01 - Dry,10 - No control,04 - At/near private drive,01 - Daylight,02 - Non-fatal injury,02 - Angle,The Glebe
1125,BANK ST btwn VANCOUVER AVE & FOXBAR AVE,370448.0149,5025669.983,-75.66193409,45.36789825,2016-03-02,10:54,03 - Snow,05 - Packed snow,10 - No control,04 - At/near private drive,01 - Daylight,03 - P.D. only,05 - Turning movement,Osgoode
1126,BANK ST btwn VANCOUVER AVE & FOXBAR AVE,370454.6489,5025663.36,-75.66185029,45.36783804,2016-06-17,18:11,01 - Clear,01 - Dry,10 - No control,04 - At/near private drive,01 - Daylight,03 - P.D. only,02 - Angle,Metcalfe
1127,BANK ST btwn VANCOUVER AVE & FOXBAR AVE,370444.8099,5025678.44,-75.66197387,45.36797465,2016-12-17,9:06,03 - Snow,03 - Loose snow,10 - No control,01 - Non intersection,01 - Daylight,03 - P.D. only,03 - Rear end,Ledbury - Heron Gate - Ridgemont - Elmwood
1128,BANK ST btwn WALKLEY RD & SURREY AVE,370350.3385,5025911.481,-75.66314885,45.37008032,2016-02-12,19:20,03 - Snow,06 - Ice,10 - No control,04 - At/near private drive,07 - Dark,03 - P.D. only,07 - SMV other,Ledbury - Heron Gate - Ridgemont - Elmwood
1129,BANK ST btwn WALKLEY RD & SURREY AVE,370369.431,5025852.102,-75.66291301,45.36954426,2016-03-20,15:18,01 - Clear,01 - Dry,10 - No control,01 - Non intersection,01 - Daylight,03 - P.D. only,04 - Sideswipe,Ledbury - Heron Gate - Ridgemont - Elmwood
1130,BANK ST btwn WALKLEY RD & SURREY AVE,370340.2669,5025938.295,-75.66327386,45.37032252,2016-09-14,19:00,01 - Clear,01 - Dry,10 - No control,04 - At/near private drive,01 - Daylight,03 - P.D. only,02 - Angle,Ledbury - Heron Gate - Ridgemont - Elmwood
1131,BANK ST btwn WALKLEY RD & SURREY AVE,370342.4623,5025934.782,-75.6632463,45.37029071,2016-11-04,16:30,01 - Clear,01 - Dry,10 - No control,04 - At/near private drive,05 - Dusk,03 - P.D. only,02 - Angle,Ledbury - Heron Gate - Ridgemont - Elmwood
1132,BANK ST btwn WALKLEY RD & SURREY AVE,370344.2186,5025929.952,-75.66322452,45.37024708,2016-11-18,17:00,01 - Clear,01 - Dry,10 - No control,01 - Non intersection,05 - Dusk,03 - P.D. only,04 - Sideswipe,Ledbury - Heron Gate - Ridgemont - Elmwood
1133,BANK ST btwn WALKLEY RD & SURREY AVE,370344.2186,5025927.318,-75.66322487,45.37022338,2016-12-05,21:04,01 - Clear,01 - Dry,10 - No control,01 - Non intersection,07 - Dark,03 - P.D. only,04 - Sideswipe,Ledbury - Heron Gate - Ridgemont - Elmwood
1134,BANK ST btwn WILTON CRES & ECHO DR,368595.974,5028919.421,-75.68515498,45.39730677,2016-06-19,1:11,01 - Clear,01 - Dry,10 - No control,01 - Non intersection,07 - Dark,03 - P.D. only,07 - SMV other,Ledbury - Heron Gate - Ridgemont - Elmwood
1135,BANK ST btwn WILTON CRES & ECHO DR,368613.6703,5028875.092,-75.68493471,45.3969063,2016-01-15,12:35,01 - Clear,01 - Dry,10 - No control,01 - Non intersection,01 - Daylight,03 - P.D. only,04 - Sideswipe,Ledbury - Heron Gate - Ridgemont - Elmwood
1136,BANK ST NB btwn HUNT CLUB RD & 80 S OF HUNT CLUB RD/TOWNGATE PLAZA SC,371681.6144,5024110.171,-75.64639872,45.35374697,2016-12-08,15:10,01 - Clear,01 - Dry,10 - No control,04 - At/near private drive,01 - Daylight,03 - P.D. only,02 - Angle,Ledbury - Heron Gate - Ridgemont - Elmwood
1137,BANK ST SB btwn 80 S OF HUNT CLUB RD & 112 N OF ALBION RD,371797.9064,5024107.277,-75.64491505,45.35370983,2016-04-29,18:00,01 - Clear,01 - Dry,10 - No control,01 - Non intersection,01 - Daylight,03 - P.D. only,03 - Rear end,The Glebe
1138,BANK ST SB btwn 80 S OF HUNT CLUB RD & 112 N OF ALBION RD,371708.9435,5024097.748,-75.64605164,45.35363259,2016-12-12,20:47,03 - Snow,04 - Slush,10 - No control,01 - Non intersection,07 - Dark,03 - P.D. only,07 - SMV other,The Glebe
1139,BANK ST/PRETORIA AVE @ CHAMBERLAIN AVE S,368108.0762,5030104.559,-75.69123397,45.40801457,2016-12-22,14:15,01 - Clear,04 - Slush,02 - Stop sign,03 - At intersection,01 - Daylight,02 - Non-fatal injury,07 - SMV other,South Keys - Heron Gate - Greenboro West
1140,BANK ST/PRETORIA AVE @ CHAMBERLAIN AVE S,368108.1027,5030104.062,-75.69123369,45.40801009,2016-05-25,16:43,01 - Clear,01 - Dry,02 - Stop sign,03 - At intersection,01 - Daylight,03 - P.D. only,02 - Angle,Emerald Woods - Sawmill Creek
1141,BANKFIELD RD @ HWY 416 BANKFIEL IC57R24,364913.5575,5008137.342,-75.73470515,45.21063675,2016-05-24,7:45,01 - Clear,01 - Dry,02 - Stop sign,03 - At intersection,01 - Daylight,03 - P.D. only,03 - Rear end,South Keys - Heron Gate - Greenboro West
1142,BANKFIELD RD @ MANOTICK MAIN ST/RIDEAU VALLEY ,368430.1976,5010159.277,-75.68968141,45.22852133,2016-01-12,17:38,03 - Snow,03 - Loose snow,01 - Traffic signal,03 - At intersection,05 - Dusk,03 - P.D. only,05 - Turning movement,The Glebe
1143,BANKFIELD RD @ MANOTICK MAIN ST/RIDEAU VALLEY ,368432.3719,5010157.176,-75.68965399,45.22850223,2016-04-24,11:34,01 - Clear,01 - Dry,01 - Traffic signal,02 - Intersection related,01 - Daylight,03 - P.D. only,03 - Rear end,The Glebe
1144,BANKFIELD RD @ MANOTICK MAIN ST/RIDEAU VALLEY ,368431.479,5010157.62,-75.68966531,45.2285063,2016-12-05,6:41,03 - Snow,03 - Loose snow,01 - Traffic signal,03 - At intersection,07 - Dark,03 - P.D. only,02 - Angle,Manotick
1145,BANKFIELD RD @ PRINCE OF WALES DR,366381.2963,5008974.048,-75.71591791,45.21803874,2016-08-03,6:34,01 - Clear,01 - Dry,01 - Traffic signal,02 - Intersection related,01 - Daylight,02 - Non-fatal injury,03 - Rear end,Manotick
1146,BANKFIELD RD @ PRINCE OF WALES DR,366378.8617,5008973.316,-75.715949,45.21803237,2016-10-11,17:20,01 - Clear,01 - Dry,01 - Traffic signal,02 - Intersection related,01 - Daylight,03 - P.D. only,03 - Rear end,Manotick
1147,BANKFIELD RD @ PRINCE OF WALES DR,366379.0135,5008975.161,-75.71594684,45.21804895,2016-06-10,16:35,01 - Clear,01 - Dry,01 - Traffic signal,02 - Intersection related,01 - Daylight,03 - P.D. only,03 - Rear end,Manotick
1148,BANKFIELD RD @ PRINCE OF WALES DR,366380.2254,5008975.119,-75.71593141,45.21804847,2016-09-09,10:55,01 - Clear,01 - Dry,01 - Traffic signal,02 - Intersection related,01 - Daylight,03 - P.D. only,03 - Rear end,Manotick
1149,BANKFIELD RD @ PRINCE OF WALES DR,366381.3462,5008974.972,-75.71591716,45.21804705,2016-09-14,12:19,01 - Clear,01 - Dry,01 - Traffic signal,03 - At intersection,01 - Daylight,03 - P.D. only,03 - Rear end,Manotick
1150,BANKFIELD RD btwn FIRST LINE RD & LOCKMASTER CRES,367214.3335,5009462.847,-75.70525103,45.22236365,2016-08-11,11:43,01 - Clear,01 - Dry,10 - No control,01 - Non intersection,01 - Daylight,03 - P.D. only,01 - Approaching,Manotick
1151,BANKFIELD RD btwn FIRST LINE RD & LOCKMASTER CRES,367374.2311,5009551.817,-75.703204,45.22315002,2016-09-20,14:04,01 - Clear,01 - Dry,10 - No control,01 - Non intersection,01 - Daylight,03 - P.D. only,07 - SMV other,Manotick
1152,BANKFIELD RD btwn HWY416 IC57 RAMP24 & HWY416 IC57 RAMP62,364997.8072,5008187.813,-75.73362658,45.2110837,2016-12-05,7:55,03 - Snow,03 - Loose snow,10 - No control,01 - Non intersection,01 - Daylight,03 - P.D. only,07 - SMV other,Manotick
1153,BANKFIELD RD btwn HWY416 IC57 RAMP62 & KILREEN LANE,365388.7437,5008413.838,-75.72862256,45.21308399,2016-08-17,17:21,01 - Clear,01 - Dry,10 - No control,01 - Non intersection,01 - Daylight,03 - P.D. only,03 - Rear end,Manotick
1154,BANKFIELD RD btwn KILREEN LANE & PRINCE OF WALES DR,366029.0862,5008781.533,-75.72042567,45.21633718,2016-06-23,3:16,01 - Clear,01 - Dry,10 - No control,01 - Non intersection,07 - Dark,03 - P.D. only,07 - SMV other,Manotick
1155,BANKFIELD RD btwn KILREEN LANE & PRINCE OF WALES DR,365989.2227,5008764.379,-75.72093528,45.21618629,2016-11-20,23:46,05 - Drifting Snow,06 - Ice,10 - No control,01 - Non intersection,07 - Dark,03 - P.D. only,07 - SMV other,Manotick
1156,BANKFIELD RD btwn KILREEN LANE & PRINCE OF WALES DR,366335.2455,5008953.164,-75.71650678,45.21785485,2016-10-07,8:14,01 - Clear,01 - Dry,10 - No control,01 - Non intersection,01 - Daylight,03 - P.D. only,03 - Rear end,Manotick
1157,BANKFIELD RD btwn KILREEN LANE & PRINCE OF WALES DR,365779.2997,5008642.066,-75.72362276,45.21510391,2016-09-02,3:25,01 - Clear,01 - Dry,10 - No control,01 - Non intersection,07 - Dark,03 - P.D. only,07 - SMV other,Manotick
1158,BANKFIELD RD btwn LOCKMASTER CRES & COLONY HEIGHTS RD,367775.9102,5009786.094,-75.69806003,45.22522224,2016-03-11,6:40,01 - Clear,01 - Dry,10 - No control,01 - Non intersection,01 - Daylight,03 - P.D. only,99 - Other,New Barrhaven
1159,BANKFIELD RD btwn LOCKMASTER CRES & COLONY HEIGHTS RD,367978.5943,5009900.26,-75.6954648,45.22623136,2016-04-14,11:37,01 - Clear,01 - Dry,10 - No control,01 - Non intersection,01 - Daylight,03 - P.D. only,03 - Rear end,Manotick
1160,BANNER RD @ GREENBANK RD,361021.4506,5021566.714,-75.78273032,45.33179673,2016-03-05,10:16,01 - Clear,01 - Dry,01 - Traffic signal,02 - Intersection related,01 - Daylight,02 - Non-fatal injury,03 - Rear end,Manotick
1161,BANNER RD @ GREENBANK RD,361022.6014,5021566.268,-75.78271569,45.33179263,2016-11-04,18:15,01 - Clear,01 - Dry,01 - Traffic signal,03 - At intersection,07 - Dark,03 - P.D. only,05 - Turning movement,Manotick
1162,BANNER RD @ GREENBANK RD,361021.8921,5021565.394,-75.78272483,45.33178482,2016-12-02,21:07,01 - Clear,01 - Dry,01 - Traffic signal,03 - At intersection,07 - Dark,03 - P.D. only,05 - Turning movement,Manotick
1163,BANNER RD @ GREENBANK RD,361021.014,5021565.833,-75.78273598,45.33178884,2016-11-20,13:59,03 - Snow,02 - Wet,01 - Traffic signal,03 - At intersection,01 - Daylight,03 - P.D. only,05 - Turning movement,Woodvale - Craig Henry - Manordale - Estates of Arlington Wo
1164,BANNER RD btwn PARKMOUNT CRES & GREENBANK RD,361001.2555,5021563.199,-75.78298834,45.33176672,2016-02-08,9:00,01 - Clear,01 - Dry,10 - No control,04 - At/near private drive,01 - Daylight,03 - P.D. only,99 - Other,Woodvale - Craig Henry - Manordale - Estates of Arlington Wo
1165,BANNER RD btwn PARKMOUNT CRES & PARKMOUNT CRES,360909.0491,5021594.812,-75.78416103,45.33205856,2016-09-25,3:56,01 - Clear,01 - Dry,10 - No control,01 - Non intersection,07 - Dark,03 - P.D. only,06 - SMV unattended vehicle,Woodvale - Craig Henry - Manordale - Estates of Arlington Wo
1166,BANNING RD btwn BRADLEY FARM CRT & DESMOND AVE,353100.8263,5017894.762,-75.8841328,45.29934563,2016-04-20,16:00,01 - Clear,01 - Dry,10 - No control,01 - Non intersection,01 - Daylight,03 - P.D. only,06 - SMV unattended vehicle,Woodvale - Craig Henry - Manordale - Estates of Arlington Wo
1167,BANNING RD btwn MORRENA RD & BRADLEY FARM CRT,353085.6334,5017882.101,-75.88432774,45.29923274,2016-05-22,14:35,01 - Clear,01 - Dry,10 - No control,04 - At/near private drive,01 - Daylight,03 - P.D. only,99 - Other,Sheahan Estates - Trend Village - Arlington Woods
1168,BANTON ST @ WALKLEY RD,374247.2775,5028248.848,-75.61307547,45.39073556,2016-06-09,17:08,01 - Clear,01 - Dry,01 - Traffic signal,02 - Intersection related,01 - Daylight,02 - Non-fatal injury,03 - Rear end,Sheahan Estates - Trend Village - Arlington Woods
1169,BANTON ST @ WALKLEY RD,374247.7367,5028248.827,-75.61306961,45.39073533,2016-09-15,11:40,01 - Clear,01 - Dry,01 - Traffic signal,02 - Intersection related,01 - Daylight,03 - P.D. only,04 - Sideswipe,Glen Cairn - Kanata South Business Park
1170,BANTREE ST @ BLACKWELL ST,374450.0692,5029962.65,-75.61024389,45.40613537,2016-01-08,12:15,01 - Clear,02 - Wet,02 - Stop sign,03 - At intersection,01 - Daylight,02 - Non-fatal injury,02 - Angle,Glen Cairn - Kanata South Business Park
1171,BANTREE ST @ BLACKWELL ST,374451.402,5029962.451,-75.6102269,45.40613345,2016-05-13,14:45,01 - Clear,01 - Dry,02 - Stop sign,02 - Intersection related,01 - Daylight,03 - P.D. only,03 - Rear end,Hawthorne Meadows