Record,Location,X,Y,lon,lat,Date,Time,Environment,Road_Surface,Traffic_Control,Collision_Location,Light,Collision_Classification,Impact_type,Neighborhood
1172,BANTREE ST @ BLACKWELL ST,374450.5083,5029962.211,-75.61023835,45.40613138,2016-12-19,13:54,03 - Snow,05 - Packed snow,02 - Stop sign,02 - Intersection related,01 - Daylight,03 - P.D. only,02 - Angle,Hawthorne Meadows
1173,BANTREE ST @ INNES RD,373705.4013,5030408.557,-75.61969332,45.41022113,2016-08-30,9:07,01 - Clear,01 - Dry,01 - Traffic signal,03 - At intersection,01 - Daylight,02 - Non-fatal injury,05 - Turning movement,Industrial Park
1174,BANTREE ST @ INNES RD,373706.3996,5030406.781,-75.61968081,45.41020505,2016-06-20,14:25,01 - Clear,01 - Dry,01 - Traffic signal,03 - At intersection,01 - Daylight,02 - Non-fatal injury,05 - Turning movement,Industrial Park
1175,BANTREE ST @ INNES RD,373706.1349,5030405.651,-75.61968435,45.41019491,2016-08-25,13:00,01 - Clear,01 - Dry,01 - Traffic signal,02 - Intersection related,01 - Daylight,03 - P.D. only,03 - Rear end,Industrial Park
1176,BANTREE ST @ INNES RD,373705.6578,5030405.978,-75.6196904,45.4101979,2016-02-16,10:13,03 - Snow,05 - Packed snow,01 - Traffic signal,02 - Intersection related,01 - Daylight,03 - P.D. only,03 - Rear end,Industrial Park
1177,BANTREE ST @ INNES RD,373705.7232,5030406.141,-75.61968954,45.41019936,2016-10-20,16:09,02 - Rain,02 - Wet,01 - Traffic signal,02 - Intersection related,01 - Daylight,03 - P.D. only,03 - Rear end,Industrial Park
1178,BANTREE ST @ INNES RD,373705.8628,5030406.498,-75.61968771,45.41020256,2016-06-23,16:28,01 - Clear,01 - Dry,01 - Traffic signal,03 - At intersection,01 - Daylight,03 - P.D. only,05 - Turning movement,Industrial Park
1179,BANTREE ST @ INNES RD,373707.2241,5030407.681,-75.61967015,45.41021307,2016-01-13,21:44,01 - Clear,01 - Dry,01 - Traffic signal,03 - At intersection,07 - Dark,03 - P.D. only,05 - Turning movement,Industrial Park
1180,BANTREE ST @ INNES RD,373704.5868,5030406.555,-75.619704,45.4102032,2016-07-19,19:35,01 - Clear,01 - Dry,01 - Traffic signal,02 - Intersection related,01 - Daylight,03 - P.D. only,07 - SMV other,Industrial Park
1181,BANTREE ST @ INNES RD,373705.4992,5030406.779,-75.61969231,45.41020512,2016-03-15,16:19,02 - Rain,02 - Wet,01 - Traffic signal,02 - Intersection related,01 - Daylight,03 - P.D. only,03 - Rear end,Industrial Park
1182,BANTREE ST @ INNES RD,373705.4987,5030407.678,-75.6196922,45.41021321,2016-04-27,16:15,01 - Clear,01 - Dry,01 - Traffic signal,02 - Intersection related,01 - Daylight,03 - P.D. only,03 - Rear end,Industrial Park
1183,BANTREE ST @ INNES RD,373705.5037,5030406.336,-75.61969232,45.41020114,2016-10-21,6:15,02 - Rain,02 - Wet,01 - Traffic signal,03 - At intersection,07 - Dark,03 - P.D. only,05 - Turning movement,Industrial Park
1184,BANTREE ST @ INNES RD,373705.9427,5030406.775,-75.61968665,45.41020504,2016-10-13,18:30,01 - Clear,01 - Dry,01 - Traffic signal,03 - At intersection,07 - Dark,03 - P.D. only,05 - Turning movement,Industrial Park
1185,BANTREE ST @ INNES RD,373705.6156,5030406.677,-75.61969084,45.41020419,2016-12-13,7:20,03 - Snow,02 - Wet,01 - Traffic signal,03 - At intersection,03 - Dawn,03 - P.D. only,05 - Turning movement,Industrial Park
1186,BANTREE ST @ INNES RD,373705.7232,5030405.313,-75.61968966,45.41019191,2016-02-17,19:15,01 - Clear,06 - Ice,01 - Traffic signal,02 - Intersection related,07 - Dark,03 - P.D. only,04 - Sideswipe,Industrial Park
1187,BANTREE ST @ SHEFFIELD RD,374646.5214,5030044.76,-75.60772296,45.40685458,2016-01-26,19:16,01 - Clear,01 - Dry,03 - Yield sign,02 - Intersection related,07 - Dark,03 - P.D. only,03 - Rear end,Industrial Park
1188,BANTREE ST @ SHEFFIELD RD,374647.5691,5030045.783,-75.60770943,45.40686368,2016-12-30,17:03,01 - Clear,04 - Slush,03 - Yield sign,03 - At intersection,07 - Dark,03 - P.D. only,05 - Turning movement,Industrial Park
1189,BANTREE ST btwn OLD INNES RD & EDINBURGH PL,373832.3884,5030115.53,-75.61811221,45.4075721,2016-02-20,14:10,02 - Rain,02 - Wet,10 - No control,04 - At/near private drive,01 - Daylight,03 - P.D. only,06 - SMV unattended vehicle,Industrial Park
1190,BANTREE ST btwn OLD INNES RD & EDINBURGH PL,373887.6841,5029986.06,-75.61742403,45.40640174,2016-03-23,7:08,02 - Rain,02 - Wet,10 - No control,04 - At/near private drive,01 - Daylight,03 - P.D. only,02 - Angle,Industrial Park
1191,BARLOW CRES btwn VANCES SIDE RD & HEATHER ST,345005.8416,5036980.08,-75.98578993,45.47159007,2016-01-11,15:14,01 - Clear,01 - Dry,10 - No control,04 - At/near private drive,01 - Daylight,03 - P.D. only,02 - Angle,Industrial Park
1192,BARNSDALE RD @ PRINCE OF WALES DR,366646.6962,5011532.184,-75.71222111,45.24103363,2016-04-27,11:42,01 - Clear,01 - Dry,02 - Stop sign,03 - At intersection,01 - Daylight,02 - Non-fatal injury,02 - Angle,Industrial Park
1193,BARNSDALE RD @ PRINCE OF WALES DR,366646.4767,5011533.072,-75.7122238,45.24104164,2016-12-09,16:36,01 - Clear,01 - Dry,02 - Stop sign,03 - At intersection,05 - Dusk,03 - P.D. only,02 - Angle,Industrial Park
1194,BARNSDALE RD @ RIDEAU VALLEY DR,367139.5714,5011811.508,-75.70590865,45.24350351,2016-07-15,19:15,02 - Rain,02 - Wet,02 - Stop sign,03 - At intersection,01 - Daylight,03 - P.D. only,02 - Angle,Car
1195,BARNSDALE RD @ TWIN ELM RD N,360185.5428,5007832.871,-75.79492573,45.20828451,2016-07-18,21:59,01 - Clear,01 - Dry,02 - Stop sign,03 - At intersection,07 - Dark,03 - P.D. only,07 - SMV other,New Barrhaven
1196,BARNSDALE RD btwn MOODIE DR & TRAIL RD,362230.8014,5008994.563,-75.76875713,45.21857389,2016-03-11,14:12,01 - Clear,01 - Dry,10 - No control,01 - Non intersection,01 - Daylight,03 - P.D. only,07 - SMV other,New Barrhaven
1197,BARNSDALE RD btwn VIEWBANK RD & GREENBANK RD,365529.5839,5010891.995,-75.72652729,45.23537045,2016-06-10,21:24,01 - Clear,01 - Dry,10 - No control,01 - Non intersection,05 - Dusk,03 - P.D. only,07 - SMV other,New Barrhaven
1198,BARNSDALE RD N @ MOODIE DR,361924.0698,5008870.833,-75.77267649,45.21748549,2016-12-05,11:30,03 - Snow,04 - Slush,02 - Stop sign,02 - Intersection related,01 - Daylight,03 - P.D. only,07 - SMV other,Munster Hamlet - Richmond
1199,BARNSDALE RD S @ MOODIE DR,361949.5566,5008824.287,-75.77235735,45.2170646,2016-02-11,10:19,01 - Clear,06 - Ice,02 - Stop sign,02 - Intersection related,01 - Daylight,02 - Non-fatal injury,03 - Rear end,Munster Hamlet - Richmond
1200,BARNSDALE RD S @ TWIN ELM RD S,360232.0369,5007720.297,-75.79434642,45.20726789,2016-10-28,19:28,01 - Clear,02 - Wet,02 - Stop sign,02 - Intersection related,07 - Dark,03 - P.D. only,07 - SMV other,New Barrhaven
1201,BARNSTONE DR btwn CRESTHAVEN DR & MARCAY ST,366960.7739,5015072.193,-75.70777808,45.27285882,2016-05-31,23:30,01 - Clear,01 - Dry,10 - No control,04 - At/near private drive,07 - Dark,03 - P.D. only,06 - SMV unattended vehicle,Munster Hamlet - Richmond
1202,BARRETTE ST @ ST. CHARLES ST,369470.6063,5033730.836,-75.67335325,45.44051785,2016-02-17,15:44,03 - Snow,03 - Loose snow,02 - Stop sign,03 - At intersection,01 - Daylight,02 - Non-fatal injury,02 - Angle,Munster Hamlet - Richmond
1203,BARRETTE ST @ ST. CHARLES ST,369470.9392,5033730.157,-75.67334908,45.44051171,2016-05-05,17:04,01 - Clear,01 - Dry,02 - Stop sign,03 - At intersection,01 - Daylight,03 - P.D. only,02 - Angle,Munster Hamlet - Richmond
1204,BARRETTE ST btwn LOYER ST & ST. CHARLES ST,369384.1229,5033649.778,-75.67446923,45.43979652,2016-06-25,13:00,01 - Clear,01 - Dry,10 - No control,04 - At/near private drive,01 - Daylight,03 - P.D. only,02 - Angle,Chapman Mills - Rideau Crest - Davidson Heights
1205,BARRETTE ST btwn LOYER ST & ST. CHARLES ST,369422.9074,5033685.418,-75.67396885,45.44011361,2016-09-03,16:17,01 - Clear,01 - Dry,10 - No control,01 - Non intersection,01 - Daylight,03 - P.D. only,07 - SMV other,Vanier North
1206,BARRETTE ST btwn ST. CHARLES ST & MARIER AVE,369548.6508,5033807.664,-75.67234565,45.44120189,2016-09-18,0:00,02 - Rain,02 - Wet,10 - No control,01 - Non intersection,00 - Unknown,03 - P.D. only,06 - SMV unattended vehicle,Vanier North
1207,BARRICK HILL RD btwn AKERSON RD & MOORPARK AVE,354175.9094,5016094.985,-75.87060476,45.2830761,2016-06-19,15:00,01 - Clear,01 - Dry,10 - No control,04 - At/near private drive,01 - Daylight,03 - P.D. only,06 - SMV unattended vehicle,Vanier North
1208,BARRICK HILL RD btwn AKERSON RD & MOORPARK AVE,354175.9094,5016094.985,-75.87060476,45.2830761,2016-10-16,16:37,01 - Clear,02 - Wet,10 - No control,04 - At/near private drive,01 - Daylight,03 - P.D. only,02 - Angle,Vanier North
1209,BARRINGTON ST btwn NUGGETT DR & BROMONT WAY,381471.5576,5035655.474,-75.51967294,45.45662112,2016-02-22,17:00,01 - Clear,01 - Dry,10 - No control,01 - Non intersection,07 - Dark,03 - P.D. only,06 - SMV unattended vehicle,Vanier North
1210,BASELINE RD @ 207 E OF CLYDE AVE,364535.2552,5025000.75,-75.73749053,45.36240547,2016-06-15,9:59,01 - Clear,01 - Dry,01 - Traffic signal,03 - At intersection,01 - Daylight,02 - Non-fatal injury,05 - Turning movement,Glen Cairn - Kanata South Business Park
1211,BASELINE RD @ 207 E OF CLYDE AVE,364536.1625,5025001.43,-75.73747887,45.36241151,2016-07-21,15:23,01 - Clear,01 - Dry,01 - Traffic signal,03 - At intersection,01 - Daylight,02 - Non-fatal injury,05 - Turning movement,Glen Cairn - Kanata South Business Park
1212,BASELINE RD @ 207 E OF CLYDE AVE,364535.893,5025002.33,-75.7374822,45.36241963,2016-09-29,8:30,01 - Clear,01 - Dry,01 - Traffic signal,03 - At intersection,01 - Daylight,02 - Non-fatal injury,07 - SMV other,Orleans Village - Chateauneuf
1213,BASELINE RD @ 207 E OF CLYDE AVE,364533.4445,5024999.416,-75.73751381,45.36239362,2016-10-21,15:03,02 - Rain,02 - Wet,01 - Traffic signal,02 - Intersection related,01 - Daylight,02 - Non-fatal injury,07 - SMV other,Civic Hospital - Experimental Farm - Central Park
1214,BASELINE RD @ 207 E OF CLYDE AVE,364535.6351,5025003.446,-75.73748536,45.3624297,2016-02-12,21:20,03 - Snow,04 - Slush,01 - Traffic signal,03 - At intersection,07 - Dark,03 - P.D. only,05 - Turning movement,Civic Hospital - Experimental Farm - Central Park
1215,BASELINE RD @ 207 E OF CLYDE AVE,364534.8051,5025002.532,-75.73749606,45.36242155,2016-08-15,15:58,01 - Clear,01 - Dry,01 - Traffic signal,02 - Intersection related,01 - Daylight,03 - P.D. only,03 - Rear end,Civic Hospital - Experimental Farm - Central Park
1216,BASELINE RD @ 207 E OF CLYDE AVE,364536.2566,5025002.073,-75.73747759,45.36241729,2016-03-26,14:34,01 - Clear,01 - Dry,01 - Traffic signal,02 - Intersection related,01 - Daylight,03 - P.D. only,03 - Rear end,Civic Hospital - Experimental Farm - Central Park
1217,BASELINE RD @ 207 E OF CLYDE AVE,364535.2144,5025000.709,-75.73749106,45.36240511,2016-03-31,18:09,02 - Rain,02 - Wet,01 - Traffic signal,02 - Intersection related,05 - Dusk,03 - P.D. only,03 - Rear end,Civic Hospital - Experimental Farm - Central Park
1218,BASELINE RD @ 207 E OF CLYDE AVE,364537.5853,5024999.416,-75.73746095,45.36239327,2016-10-14,18:40,01 - Clear,01 - Dry,01 - Traffic signal,02 - Intersection related,05 - Dusk,03 - P.D. only,03 - Rear end,Civic Hospital - Experimental Farm - Central Park
1219,BASELINE RD @ BASSANO ST,363764.8622,5024515.457,-75.7473815,45.35810409,2016-12-14,18:31,01 - Clear,01 - Dry,02 - Stop sign,02 - Intersection related,07 - Dark,03 - P.D. only,03 - Rear end,Civic Hospital - Experimental Farm - Central Park
1220,BASELINE RD @ CEDARVIEW RD,358972.347,5021688.231,-75.8088574,45.33305132,2016-09-25,10:36,01 - Clear,01 - Dry,01 - Traffic signal,02 - Intersection related,01 - Daylight,02 - Non-fatal injury,03 - Rear end,Civic Hospital - Experimental Farm - Central Park
1221,BASELINE RD @ CEDARVIEW RD,358967.4454,5021674.271,-75.80892146,45.33292609,2016-10-11,15:46,01 - Clear,01 - Dry,01 - Traffic signal,03 - At intersection,01 - Daylight,03 - P.D. only,05 - Turning movement,Civic Hospital - Experimental Farm - Central Park
1222,BASELINE RD @ CEDARVIEW RD,358967.8844,5021674.271,-75.80891586,45.33292605,2016-08-25,19:16,01 - Clear,01 - Dry,01 - Traffic signal,03 - At intersection,05 - Dusk,03 - P.D. only,02 - Angle,Crestview - Meadowlands
1223,BASELINE RD @ CENTREPOINTE DR E/HIGHGATE RD,362061.0207,5023466.615,-75.76924873,45.3488079,2016-03-11,15:30,01 - Clear,01 - Dry,01 - Traffic signal,02 - Intersection related,01 - Daylight,02 - Non-fatal injury,03 - Rear end,Briar Green - Leslie Park
1224,BASELINE RD @ CENTREPOINTE DR E/HIGHGATE RD,362060.5889,5023465.286,-75.7692544,45.34879598,2016-10-16,9:10,01 - Clear,01 - Dry,01 - Traffic signal,03 - At intersection,01 - Daylight,02 - Non-fatal injury,02 - Angle,Briar Green - Leslie Park
1225,BASELINE RD @ CENTREPOINTE DR E/HIGHGATE RD,362060.8584,5023464.263,-75.76925108,45.34878675,2016-09-07,15:03,"07 - Fog, mist, smoke, dust",01 - Dry,01 - Traffic signal,03 - At intersection,01 - Daylight,02 - Non-fatal injury,03 - Rear end,Briar Green - Leslie Park
1226,BASELINE RD @ CENTREPOINTE DR E/HIGHGATE RD,362061.0048,5023466.414,-75.76924896,45.3488061,2016-08-17,6:00,02 - Rain,02 - Wet,01 - Traffic signal,03 - At intersection,03 - Dawn,03 - P.D. only,07 - SMV other,Iris
1227,BASELINE RD @ CENTREPOINTE DR E/HIGHGATE RD,362061.4203,5023464.706,-75.76924386,45.34879069,2016-01-29,7:26,03 - Snow,03 - Loose snow,01 - Traffic signal,03 - At intersection,03 - Dawn,03 - P.D. only,02 - Angle,Iris
1228,BASELINE RD @ CENTREPOINTE DR E/HIGHGATE RD,362061.8388,5023467.966,-75.76923814,45.34881999,2016-12-15,19:52,01 - Clear,06 - Ice,01 - Traffic signal,02 - Intersection related,07 - Dark,03 - P.D. only,04 - Sideswipe,Iris
1229,BASELINE RD @ CENTREPOINTE DR E/HIGHGATE RD,362060.0693,5023466.476,-75.76926089,45.34880673,2016-12-22,9:00,03 - Snow,03 - Loose snow,01 - Traffic signal,02 - Intersection related,01 - Daylight,03 - P.D. only,07 - SMV other,Iris
1230,BASELINE RD @ CENTREPOINTE DR E/HIGHGATE RD,362062.4321,5023465.165,-75.76923089,45.34879474,2016-12-04,21:16,01 - Clear,01 - Dry,01 - Traffic signal,03 - At intersection,07 - Dark,03 - P.D. only,05 - Turning movement,Iris
1231,BASELINE RD @ CLYDE AVE,364359.8132,5024890.735,-75.73974308,45.3614305,2016-03-26,20:29,01 - Clear,01 - Dry,01 - Traffic signal,03 - At intersection,07 - Dark,02 - Non-fatal injury,02 - Angle,Iris
1232,BASELINE RD @ CLYDE AVE,364357.8751,5024888.443,-75.73976809,45.36141004,2016-09-30,8:20,01 - Clear,01 - Dry,01 - Traffic signal,02 - Intersection related,01 - Daylight,02 - Non-fatal injury,03 - Rear end,Iris
1233,BASELINE RD @ CLYDE AVE,364357.8751,5024888.443,-75.73976809,45.36141004,2016-12-11,16:05,03 - Snow,02 - Wet,01 - Traffic signal,02 - Intersection related,05 - Dusk,02 - Non-fatal injury,03 - Rear end,Iris
1234,BASELINE RD @ CLYDE AVE,364358.928,5024890.513,-75.7397544,45.36142858,2016-05-07,14:45,01 - Clear,01 - Dry,01 - Traffic signal,02 - Intersection related,01 - Daylight,03 - P.D. only,05 - Turning movement,Civic Hospital - Experimental Farm - Central Park
1235,BASELINE RD @ CLYDE AVE,364358.0447,5024890.293,-75.7397657,45.36142667,2016-01-16,22:50,03 - Snow,03 - Loose snow,01 - Traffic signal,03 - At intersection,07 - Dark,03 - P.D. only,05 - Turning movement,Braemar Park - Bel Air Heights - Copeland Park
1236,BASELINE RD @ CLYDE AVE,364358.7033,5024890.099,-75.73975732,45.36142487,2016-10-26,20:00,01 - Clear,01 - Dry,01 - Traffic signal,02 - Intersection related,07 - Dark,03 - P.D. only,03 - Rear end,Braemar Park - Bel Air Heights - Copeland Park
1237,BASELINE RD @ CLYDE AVE,364357.2024,5024892.389,-75.7397762,45.36144561,2016-01-09,9:45,02 - Rain,02 - Wet,01 - Traffic signal,02 - Intersection related,01 - Daylight,03 - P.D. only,03 - Rear end,Civic Hospital - Experimental Farm - Central Park
1238,BASELINE RD @ CLYDE AVE,364358.4786,5024890.063,-75.73976019,45.36142457,2016-04-25,17:13,01 - Clear,01 - Dry,01 - Traffic signal,02 - Intersection related,01 - Daylight,03 - P.D. only,03 - Rear end,Braemar Park - Bel Air Heights - Copeland Park
1239,BASELINE RD @ CLYDE AVE,364359.5022,5024890.247,-75.73974711,45.36142614,2016-03-26,21:04,01 - Clear,01 - Dry,01 - Traffic signal,02 - Intersection related,07 - Dark,03 - P.D. only,03 - Rear end,Braemar Park - Bel Air Heights - Copeland Park
1240,BASELINE RD @ CLYDE AVE,364359.3619,5024889.854,-75.73974894,45.36142261,2016-08-24,15:30,01 - Clear,01 - Dry,01 - Traffic signal,02 - Intersection related,01 - Daylight,03 - P.D. only,04 - Sideswipe,Civic Hospital - Experimental Farm - Central Park
1241,BASELINE RD @ CLYDE AVE,364359.1478,5024890.62,-75.73975158,45.36142952,2016-03-29,12:53,01 - Clear,01 - Dry,01 - Traffic signal,02 - Intersection related,01 - Daylight,03 - P.D. only,03 - Rear end,Braemar Park - Bel Air Heights - Copeland Park
1242,BASELINE RD @ CLYDE AVE,364358.9306,5024890.058,-75.73975442,45.36142448,2016-06-30,15:45,01 - Clear,01 - Dry,01 - Traffic signal,02 - Intersection related,01 - Daylight,03 - P.D. only,03 - Rear end,Braemar Park - Bel Air Heights - Copeland Park
1243,BASELINE RD @ CLYDE AVE,364359.8256,5024889.84,-75.73974303,45.36142245,2016-04-13,17:19,01 - Clear,01 - Dry,01 - Traffic signal,02 - Intersection related,01 - Daylight,03 - P.D. only,04 - Sideswipe,Braemar Park - Bel Air Heights - Copeland Park
1244,BASELINE RD @ CLYDE AVE,364359.8307,5024891.189,-75.7397428,45.36143458,2016-05-25,19:33,01 - Clear,01 - Dry,01 - Traffic signal,02 - Intersection related,01 - Daylight,03 - P.D. only,04 - Sideswipe,Civic Hospital - Experimental Farm - Central Park
1245,BASELINE RD @ CLYDE AVE,364357.6324,5024890.245,-75.73977097,45.36142628,2016-09-03,11:50,01 - Clear,01 - Dry,01 - Traffic signal,02 - Intersection related,01 - Daylight,03 - P.D. only,03 - Rear end,Braemar Park - Bel Air Heights - Copeland Park
1246,BASELINE RD @ CLYDE AVE,364358.928,5024890.513,-75.7397544,45.36142858,2016-04-10,10:40,01 - Clear,01 - Dry,01 - Traffic signal,03 - At intersection,01 - Daylight,03 - P.D. only,03 - Rear end,Braemar Park - Bel Air Heights - Copeland Park
1247,BASELINE RD @ CLYDE AVE,364358.4048,5024890.722,-75.73976106,45.3614305,2016-07-28,14:05,01 - Clear,01 - Dry,01 - Traffic signal,02 - Intersection related,01 - Daylight,03 - P.D. only,03 - Rear end,Civic Hospital - Experimental Farm - Central Park
1248,BASELINE RD @ CLYDE AVE,364357.8751,5024890.099,-75.73976789,45.36142494,2016-11-09,17:55,01 - Clear,01 - Dry,01 - Traffic signal,02 - Intersection related,07 - Dark,03 - P.D. only,03 - Rear end,Braemar Park - Bel Air Heights - Copeland Park
1249,BASELINE RD @ CLYDE AVE,364356.4583,5024891.487,-75.73978581,45.36143755,2016-10-11,13:00,01 - Clear,01 - Dry,01 - Traffic signal,02 - Intersection related,01 - Daylight,03 - P.D. only,03 - Rear end,Civic Hospital - Experimental Farm - Central Park
1250,BASELINE RD @ CLYDE AVE,364357.8751,5024890.099,-75.73976789,45.36142494,2016-10-19,16:55,01 - Clear,01 - Dry,01 - Traffic signal,02 - Intersection related,01 - Daylight,03 - P.D. only,03 - Rear end,Civic Hospital - Experimental Farm - Central Park
1251,BASELINE RD @ CLYDE AVE,364358.0215,5024891.422,-75.73976586,45.36143683,2016-06-30,17:02,01 - Clear,01 - Dry,01 - Traffic signal,02 - Intersection related,01 - Daylight,03 - P.D. only,03 - Rear end,Braemar Park - Bel Air Heights - Copeland Park
1252,BASELINE RD @ CLYDE AVE,364357.4269,5024890.416,-75.73977357,45.36142783,2016-10-14,17:30,01 - Clear,01 - Dry,01 - Traffic signal,02 - Intersection related,01 - Daylight,03 - P.D. only,03 - Rear end,Civic Hospital - Experimental Farm - Central Park
1253,BASELINE RD @ CLYDE AVE,364359.5315,5024890.099,-75.73974675,45.3614248,2016-12-20,19:35,01 - Clear,04 - Slush,01 - Traffic signal,02 - Intersection related,07 - Dark,03 - P.D. only,02 - Angle,Braemar Park - Bel Air Heights - Copeland Park
1254,BASELINE RD @ CLYDE AVE,364357.5446,5024890.745,-75.73977203,45.36143078,2016-11-30,16:22,02 - Rain,02 - Wet,01 - Traffic signal,02 - Intersection related,05 - Dusk,03 - P.D. only,04 - Sideswipe,Civic Hospital - Experimental Farm - Central Park
1255,BASELINE RD @ CLYDE AVE,364359.5315,5024890.927,-75.73974665,45.36143225,2016-11-28,17:17,01 - Clear,01 - Dry,01 - Traffic signal,02 - Intersection related,07 - Dark,03 - P.D. only,07 - SMV other,Braemar Park - Bel Air Heights - Copeland Park
1256,BASELINE RD @ COLLEGE SQUARE SC,362760.8082,5023896.77,-75.76026854,45.35262092,2016-12-23,13:49,01 - Clear,02 - Wet,01 - Traffic signal,03 - At intersection,01 - Daylight,02 - Non-fatal injury,07 - SMV other,Braemar Park - Bel Air Heights - Copeland Park
1257,BASELINE RD @ COLLEGE SQUARE SC,362760.849,5023898.402,-75.76026783,45.3526356,2016-10-02,15:45,01 - Clear,01 - Dry,01 - Traffic signal,02 - Intersection related,01 - Daylight,03 - P.D. only,99 - Other,Civic Hospital - Experimental Farm - Central Park
1258,BASELINE RD @ COLLEGE SQUARE SC,362760.3742,5023898.707,-75.76027385,45.35263839,2016-01-07,7:52,01 - Clear,01 - Dry,01 - Traffic signal,03 - At intersection,03 - Dawn,03 - P.D. only,05 - Turning movement,Civic Hospital - Experimental Farm - Central Park
1259,BASELINE RD @ CORDOVA ST,363593.4687,5024409.307,-75.74958157,45.35716336,2016-02-14,19:28,01 - Clear,02 - Wet,01 - Traffic signal,03 - At intersection,07 - Dark,03 - P.D. only,05 - Turning movement,Braemar Park - Bel Air Heights - Copeland Park
1260,BASELINE RD @ CORDOVA ST,363593.6882,5024409.083,-75.7495788,45.35716132,2016-02-18,18:00,01 - Clear,04 - Slush,01 - Traffic signal,02 - Intersection related,05 - Dusk,03 - P.D. only,03 - Rear end,Braemar Park - Bel Air Heights - Copeland Park
1261,BASELINE RD @ CORDOVA ST,363593.0901,5024409.99,-75.74958632,45.35716953,2016-04-09,15:08,02 - Rain,02 - Wet,01 - Traffic signal,03 - At intersection,01 - Daylight,03 - P.D. only,05 - Turning movement,Braemar Park - Bel Air Heights - Copeland Park
1262,BASELINE RD @ FARLANE BLVD,365357.3663,5025518.432,-75.72693395,45.36699295,2016-05-04,16:31,01 - Clear,01 - Dry,01 - Traffic signal,03 - At intersection,01 - Daylight,02 - Non-fatal injury,05 - Turning movement,Braemar Park - Bel Air Heights - Copeland Park
1263,BASELINE RD @ FARLANE BLVD,365357.3685,5025517.759,-75.726934,45.3669869,2016-05-24,17:31,01 - Clear,01 - Dry,01 - Traffic signal,02 - Intersection related,01 - Daylight,02 - Non-fatal injury,03 - Rear end,Braemar Park - Bel Air Heights - Copeland Park
1264,BASELINE RD @ FARLANE BLVD,365356.9194,5025516.17,-75.72693993,45.36697264,2016-07-27,19:02,01 - Clear,01 - Dry,01 - Traffic signal,03 - At intersection,01 - Daylight,02 - Non-fatal injury,02 - Angle,Braemar Park - Bel Air Heights - Copeland Park
1265,BASELINE RD @ FARLANE BLVD,365356.6167,5025517.756,-75.7269436,45.36698693,2016-11-04,13:53,01 - Clear,01 - Dry,01 - Traffic signal,03 - At intersection,01 - Daylight,02 - Non-fatal injury,05 - Turning movement,Civic Hospital - Experimental Farm - Central Park
1266,BASELINE RD @ FARLANE BLVD,365356.9116,5025517.753,-75.72693983,45.36698688,2016-08-17,18:02,01 - Clear,01 - Dry,01 - Traffic signal,03 - At intersection,01 - Daylight,03 - P.D. only,05 - Turning movement,Cityview - Skyline - Fisher Heights
1267,BASELINE RD @ FARLANE BLVD,365356.9116,5025518.192,-75.72693978,45.36699083,2016-01-19,10:26,01 - Clear,05 - Packed snow,01 - Traffic signal,02 - Intersection related,01 - Daylight,03 - P.D. only,03 - Rear end,Cityview - Skyline - Fisher Heights
1268,BASELINE RD @ FARLANE BLVD,365356.9176,5025516.857,-75.72693987,45.36697882,2016-05-21,21:25,01 - Clear,01 - Dry,01 - Traffic signal,02 - Intersection related,07 - Dark,03 - P.D. only,02 - Angle,Cityview - Skyline - Fisher Heights
1269,BASELINE RD @ FERGUSON ST,363440.4628,5024316.416,-75.75154534,45.35634035,2016-07-12,8:23,01 - Clear,01 - Dry,01 - Traffic signal,02 - Intersection related,01 - Daylight,03 - P.D. only,03 - Rear end,Cityview - Skyline - Fisher Heights
1270,BASELINE RD @ FISHER AVE,366166.303,5026028.533,-75.71654478,45.37151238,2016-04-01,16:56,01 - Clear,01 - Dry,01 - Traffic signal,02 - Intersection related,01 - Daylight,02 - Non-fatal injury,07 - SMV other,Civic Hospital - Experimental Farm - Central Park
1271,BASELINE RD @ FISHER AVE,366166.6936,5026029.775,-75.71653964,45.37152352,2016-09-20,17:20,01 - Clear,01 - Dry,01 - Traffic signal,02 - Intersection related,01 - Daylight,03 - P.D. only,03 - Rear end,Cityview - Skyline - Fisher Heights
1272,BASELINE RD @ FISHER AVE,366168.3499,5026028.119,-75.71651871,45.37150848,2016-10-15,12:50,01 - Clear,01 - Dry,01 - Traffic signal,02 - Intersection related,01 - Daylight,03 - P.D. only,03 - Rear end,Braemar Park - Bel Air Heights - Copeland Park