Record,Location,X,Y,lon,lat,Date,Time,Environment,Road_Surface,Traffic_Control,Collision_Location,Light,Collision_Classification,Impact_type,Neighborhood
1273,BASELINE RD @ FISHER AVE,366166.6936,5026028.303,-75.71653983,45.37151028,2016-01-05,9:17,01 - Clear,01 - Dry,01 - Traffic signal,02 - Intersection related,01 - Daylight,03 - P.D. only,04 - Sideswipe,Civic Hospital - Experimental Farm - Central Park
1274,BASELINE RD @ FISHER AVE,366166.9131,5026028.313,-75.71653702,45.37151035,2016-01-28,16:44,01 - Clear,01 - Dry,01 - Traffic signal,02 - Intersection related,05 - Dusk,03 - P.D. only,03 - Rear end,Civic Hospital - Experimental Farm - Central Park
1275,BASELINE RD @ FISHER AVE,366166.0118,5026028.533,-75.7165485,45.37151241,2016-07-16,20:52,01 - Clear,01 - Dry,01 - Traffic signal,02 - Intersection related,05 - Dusk,03 - P.D. only,03 - Rear end,Civic Hospital - Experimental Farm - Central Park
1276,BASELINE RD @ FISHER AVE,366167.0842,5026026.97,-75.71653501,45.37149825,2016-03-22,12:14,01 - Clear,01 - Dry,01 - Traffic signal,03 - At intersection,01 - Daylight,03 - P.D. only,03 - Rear end,Civic Hospital - Experimental Farm - Central Park
1277,BASELINE RD @ FISHER AVE,366165.0373,5026028.119,-75.71656099,45.37150877,2016-11-02,18:06,01 - Clear,01 - Dry,01 - Traffic signal,02 - Intersection related,07 - Dark,03 - P.D. only,03 - Rear end,Civic Hospital - Experimental Farm - Central Park
1278,BASELINE RD @ FISHER AVE,366166.4663,5026027.624,-75.71654281,45.37150419,2016-07-20,16:30,01 - Clear,01 - Dry,01 - Traffic signal,02 - Intersection related,01 - Daylight,03 - P.D. only,03 - Rear end,Civic Hospital - Experimental Farm - Central Park
1279,BASELINE RD @ FISHER AVE,366169.1781,5026027.29,-75.71650824,45.37150094,2016-10-11,16:15,01 - Clear,01 - Dry,01 - Traffic signal,02 - Intersection related,01 - Daylight,03 - P.D. only,03 - Rear end,Civic Hospital - Experimental Farm - Central Park
1280,BASELINE RD @ FISHER AVE,366166.6936,5026029.775,-75.71653964,45.37152352,2016-10-19,3:08,01 - Clear,01 - Dry,01 - Traffic signal,02 - Intersection related,07 - Dark,03 - P.D. only,06 - SMV unattended vehicle,Civic Hospital - Experimental Farm - Central Park
1281,BASELINE RD @ FISHER AVE,366168.3499,5026029.775,-75.7165185,45.37152338,2016-12-21,16:48,01 - Clear,01 - Dry,01 - Traffic signal,03 - At intersection,05 - Dusk,03 - P.D. only,03 - Rear end,Civic Hospital - Experimental Farm - Central Park
1282,BASELINE RD @ FISHER AVE,366166.035,5026027.874,-75.71654829,45.37150647,2016-11-26,21:20,01 - Clear,01 - Dry,01 - Traffic signal,03 - At intersection,07 - Dark,03 - P.D. only,02 - Angle,Civic Hospital - Experimental Farm - Central Park
1283,BASELINE RD @ GREENBANK RD,360596.8561,5022584.086,-75.78803213,45.34098493,2016-08-31,14:06,01 - Clear,01 - Dry,01 - Traffic signal,02 - Intersection related,01 - Daylight,02 - Non-fatal injury,03 - Rear end,Civic Hospital - Experimental Farm - Central Park
1284,BASELINE RD @ GREENBANK RD,360596.5866,5022585.159,-75.78803545,45.34099461,2016-02-12,15:38,01 - Clear,06 - Ice,01 - Traffic signal,02 - Intersection related,01 - Daylight,02 - Non-fatal injury,03 - Rear end,Civic Hospital - Experimental Farm - Central Park
1285,BASELINE RD @ GREENBANK RD,360597.9038,5022583.842,-75.78801879,45.34098265,2016-10-23,17:17,01 - Clear,01 - Dry,01 - Traffic signal,02 - Intersection related,01 - Daylight,02 - Non-fatal injury,99 - Other,Civic Hospital - Experimental Farm - Central Park
1286,BASELINE RD @ GREENBANK RD,360598.3661,5022583.591,-75.78801292,45.34098036,2016-07-21,18:20,01 - Clear,01 - Dry,01 - Traffic signal,02 - Intersection related,01 - Daylight,02 - Non-fatal injury,04 - Sideswipe,Qualicum - Redwood Park
1287,BASELINE RD @ GREENBANK RD,360598.8207,5022584.955,-75.78800697,45.3409926,2016-07-03,16:47,01 - Clear,01 - Dry,01 - Traffic signal,02 - Intersection related,01 - Daylight,02 - Non-fatal injury,02 - Angle,Qualicum - Redwood Park
1288,BASELINE RD @ GREENBANK RD,360597.4648,5022585.159,-75.78802424,45.34099454,2016-10-19,4:07,01 - Clear,01 - Dry,01 - Traffic signal,03 - At intersection,07 - Dark,02 - Non-fatal injury,02 - Angle,Qualicum - Redwood Park
1289,BASELINE RD @ GREENBANK RD,360597.1488,5022585.303,-75.78802826,45.34099586,2016-10-05,14:32,01 - Clear,01 - Dry,01 - Traffic signal,03 - At intersection,01 - Daylight,02 - Non-fatal injury,03 - Rear end,Qualicum - Redwood Park
1290,BASELINE RD @ GREENBANK RD,360597.6631,5022584.301,-75.78802181,45.3409868,2016-11-22,22:46,01 - Clear,01 - Dry,01 - Traffic signal,03 - At intersection,07 - Dark,02 - Non-fatal injury,02 - Angle,Qualicum - Redwood Park
1291,BASELINE RD @ GREENBANK RD,360597.4648,5022584.281,-75.78802434,45.34098664,2016-02-17,7:45,01 - Clear,04 - Slush,01 - Traffic signal,02 - Intersection related,01 - Daylight,03 - P.D. only,03 - Rear end,Qualicum - Redwood Park
1292,BASELINE RD @ GREENBANK RD,360597.4648,5022584.72,-75.78802429,45.34099059,2016-02-25,18:34,03 - Snow,06 - Ice,01 - Traffic signal,02 - Intersection related,07 - Dark,03 - P.D. only,04 - Sideswipe,Qualicum - Redwood Park
1293,BASELINE RD @ GREENBANK RD,360598.5125,5022584.086,-75.788011,45.3409848,2016-10-11,7:48,01 - Clear,01 - Dry,01 - Traffic signal,02 - Intersection related,01 - Daylight,03 - P.D. only,03 - Rear end,Qualicum - Redwood Park
1294,BASELINE RD @ GREENBANK RD,360598.8562,5022585.281,-75.78800648,45.34099553,2016-04-17,18:20,01 - Clear,01 - Dry,01 - Traffic signal,02 - Intersection related,01 - Daylight,03 - P.D. only,03 - Rear end,Qualicum - Redwood Park
1295,BASELINE RD @ GREENBANK RD,360597.2333,5022584.049,-75.78802732,45.34098457,2016-06-21,9:33,01 - Clear,01 - Dry,01 - Traffic signal,02 - Intersection related,01 - Daylight,03 - P.D. only,04 - Sideswipe,Qualicum - Redwood Park
1296,BASELINE RD @ GREENBANK RD,360597.9038,5022583.842,-75.78801879,45.34098265,2016-02-10,17:05,01 - Clear,02 - Wet,01 - Traffic signal,02 - Intersection related,01 - Daylight,03 - P.D. only,03 - Rear end,Qualicum - Redwood Park
1297,BASELINE RD @ GREENBANK RD,360597.0109,5022584.725,-75.78803008,45.34099067,2016-03-30,18:42,01 - Clear,01 - Dry,01 - Traffic signal,02 - Intersection related,05 - Dusk,03 - P.D. only,03 - Rear end,Qualicum - Redwood Park
1298,BASELINE RD @ GREENBANK RD,360597.9083,5022584.276,-75.78801868,45.34098656,2016-03-04,10:09,01 - Clear,01 - Dry,01 - Traffic signal,03 - At intersection,01 - Daylight,03 - P.D. only,02 - Angle,Qualicum - Redwood Park
1299,BASELINE RD @ GREENBANK RD,360596.7658,5022584.271,-75.78803326,45.34098661,2016-03-08,18:06,02 - Rain,02 - Wet,01 - Traffic signal,03 - At intersection,05 - Dusk,03 - P.D. only,02 - Angle,Qualicum - Redwood Park
1300,BASELINE RD @ GREENBANK RD,360598.8066,5022584.276,-75.78800722,45.34098649,2016-04-09,9:14,01 - Clear,01 - Dry,01 - Traffic signal,02 - Intersection related,01 - Daylight,03 - P.D. only,04 - Sideswipe,Qualicum - Redwood Park
1301,BASELINE RD @ GREENBANK RD,360596.5569,5022584.275,-75.78803593,45.34098666,2016-05-20,14:00,01 - Clear,01 - Dry,01 - Traffic signal,02 - Intersection related,01 - Daylight,03 - P.D. only,03 - Rear end,Qualicum - Redwood Park
1302,BASELINE RD @ GREENBANK RD,360596.8561,5022584.086,-75.78803213,45.34098493,2016-06-05,15:23,02 - Rain,02 - Wet,01 - Traffic signal,02 - Intersection related,01 - Daylight,03 - P.D. only,03 - Rear end,Qualicum - Redwood Park
1303,BASELINE RD @ GREENBANK RD,360598.5125,5022583.258,-75.78801109,45.34097735,2016-11-03,16:55,01 - Clear,01 - Dry,01 - Traffic signal,02 - Intersection related,05 - Dusk,03 - P.D. only,03 - Rear end,Qualicum - Redwood Park
1304,BASELINE RD @ GREENBANK RD,360599.3406,5022584.086,-75.78800043,45.34098474,2016-12-18,14:20,01 - Clear,04 - Slush,01 - Traffic signal,02 - Intersection related,01 - Daylight,03 - P.D. only,04 - Sideswipe,Qualicum - Redwood Park
1305,BASELINE RD @ GUTHRIE ST,360241.8484,5022370.257,-75.79258564,45.33908905,2016-12-28,10:57,01 - Clear,02 - Wet,01 - Traffic signal,03 - At intersection,01 - Daylight,02 - Non-fatal injury,07 - SMV other,Qualicum - Redwood Park
1306,BASELINE RD @ JOHN SUTHERLAND DR/VALLEY STREAM,359309.5694,5021788.393,-75.80454433,45.33392647,2016-08-29,20:15,01 - Clear,01 - Dry,01 - Traffic signal,03 - At intersection,07 - Dark,03 - P.D. only,04 - Sideswipe,Qualicum - Redwood Park
1307,BASELINE RD @ JOHN SUTHERLAND DR/VALLEY STREAM,359310.5147,5021789.491,-75.80453215,45.33393628,2016-10-03,8:02,01 - Clear,02 - Wet,01 - Traffic signal,02 - Intersection related,01 - Daylight,03 - P.D. only,03 - Rear end,Qualicum - Redwood Park
1308,BASELINE RD @ JOHN SUTHERLAND DR/VALLEY STREAM,359309.5694,5021789.711,-75.80454419,45.33393833,2016-12-16,6:56,01 - Clear,02 - Wet,01 - Traffic signal,03 - At intersection,07 - Dark,03 - P.D. only,05 - Turning movement,Qualicum - Redwood Park
1309,BASELINE RD @ JOHN SUTHERLAND DR/VALLEY STREAM,359311.2103,5021789.839,-75.80452324,45.33393935,2016-12-17,13:33,03 - Snow,03 - Loose snow,01 - Traffic signal,02 - Intersection related,01 - Daylight,03 - P.D. only,04 - Sideswipe,Briar Green - Leslie Park
1310,BASELINE RD @ LEXINGTON ST,366390.8795,5026167.456,-75.71366059,45.37274268,2016-12-10,13:13,01 - Clear,01 - Dry,02 - Stop sign,02 - Intersection related,01 - Daylight,02 - Non-fatal injury,03 - Rear end,Briar Green - Leslie Park
1311,BASELINE RD @ LOBLAWS SC,364742.5879,5025129.714,-75.73482856,45.36354817,2016-01-12,6:45,01 - Clear,01 - Dry,01 - Traffic signal,03 - At intersection,07 - Dark,03 - P.D. only,05 - Turning movement,Briar Green - Leslie Park
1312,BASELINE RD @ LOBLAWS SC,364742.0669,5025130.723,-75.73483509,45.3635573,2016-10-06,18:17,01 - Clear,01 - Dry,01 - Traffic signal,03 - At intersection,05 - Dusk,03 - P.D. only,05 - Turning movement,Briar Green - Leslie Park
1313,BASELINE RD @ MERIVALE RD,365054.4691,5025325.969,-75.73082381,45.36528731,2016-08-05,11:36,01 - Clear,01 - Dry,01 - Traffic signal,02 - Intersection related,01 - Daylight,02 - Non-fatal injury,03 - Rear end,Civic Hospital - Experimental Farm - Central Park
1314,BASELINE RD @ MERIVALE RD,365054.4744,5025325.293,-75.73082382,45.36528122,2016-03-06,9:14,01 - Clear,01 - Dry,01 - Traffic signal,02 - Intersection related,01 - Daylight,02 - Non-fatal injury,03 - Rear end,Civic Hospital - Experimental Farm - Central Park
1315,BASELINE RD @ MERIVALE RD,365054.4719,5025325.739,-75.7308238,45.36528524,2016-03-08,16:25,01 - Clear,01 - Dry,01 - Traffic signal,02 - Intersection related,01 - Daylight,02 - Non-fatal injury,03 - Rear end,Civic Hospital - Experimental Farm - Central Park
1316,BASELINE RD @ MERIVALE RD,365054.023,5025326.188,-75.73082947,45.36528931,2016-04-21,13:00,01 - Clear,01 - Dry,01 - Traffic signal,02 - Intersection related,01 - Daylight,02 - Non-fatal injury,03 - Rear end,Civic Hospital - Experimental Farm - Central Park
1317,BASELINE RD @ MERIVALE RD,365053.8682,5025324.273,-75.73083168,45.3652721,2016-09-19,13:43,01 - Clear,01 - Dry,01 - Traffic signal,02 - Intersection related,01 - Daylight,02 - Non-fatal injury,03 - Rear end,Civic Hospital - Experimental Farm - Central Park
1318,BASELINE RD @ MERIVALE RD,365054.4744,5025325.293,-75.73082382,45.36528122,2016-02-17,16:49,03 - Snow,05 - Packed snow,01 - Traffic signal,02 - Intersection related,01 - Daylight,03 - P.D. only,03 - Rear end,Civic Hospital - Experimental Farm - Central Park
1319,BASELINE RD @ MERIVALE RD,365054.4769,5025325.295,-75.73082379,45.36528124,2016-09-07,10:03,02 - Rain,02 - Wet,01 - Traffic signal,02 - Intersection related,01 - Daylight,03 - P.D. only,99 - Other,Civic Hospital - Experimental Farm - Central Park
1320,BASELINE RD @ MERIVALE RD,365054.4769,5025325.734,-75.73082373,45.36528519,2016-10-26,9:16,01 - Clear,01 - Dry,01 - Traffic signal,03 - At intersection,01 - Daylight,03 - P.D. only,02 - Angle,Civic Hospital - Experimental Farm - Central Park
1321,BASELINE RD @ MERIVALE RD,365053.9459,5025325.89,-75.73083049,45.36528664,2016-01-04,16:41,01 - Clear,06 - Ice,01 - Traffic signal,02 - Intersection related,05 - Dusk,03 - P.D. only,03 - Rear end,Civic Hospital - Experimental Farm - Central Park
1322,BASELINE RD @ MERIVALE RD,365055.1556,5025325.285,-75.73081513,45.36528109,2016-02-13,16:52,06 - Strong wind,06 - Ice,01 - Traffic signal,02 - Intersection related,05 - Dusk,03 - P.D. only,03 - Rear end,Civic Hospital - Experimental Farm - Central Park
1323,BASELINE RD @ MERIVALE RD,365055.087,5025325.515,-75.73081597,45.36528317,2016-04-01,18:17,01 - Clear,01 - Dry,01 - Traffic signal,02 - Intersection related,01 - Daylight,03 - P.D. only,04 - Sideswipe,Civic Hospital - Experimental Farm - Central Park
1324,BASELINE RD @ MERIVALE RD,365054.0378,5025324.417,-75.7308295,45.36527338,2016-07-09,10:06,02 - Rain,02 - Wet,01 - Traffic signal,02 - Intersection related,01 - Daylight,03 - P.D. only,03 - Rear end,Civic Hospital - Experimental Farm - Central Park
1325,BASELINE RD @ MERIVALE RD,365054.4719,5025325.29,-75.73082385,45.3652812,2016-04-20,16:41,01 - Clear,01 - Dry,01 - Traffic signal,02 - Intersection related,01 - Daylight,03 - P.D. only,03 - Rear end,Civic Hospital - Experimental Farm - Central Park
1326,BASELINE RD @ MERIVALE RD,365055.3782,5025325.515,-75.73081226,45.36528314,2016-07-22,16:39,01 - Clear,01 - Dry,01 - Traffic signal,02 - Intersection related,01 - Daylight,03 - P.D. only,03 - Rear end,Civic Hospital - Experimental Farm - Central Park
1327,BASELINE RD @ MERIVALE RD,365054.6964,5025323.859,-75.73082116,45.3652683,2016-11-10,20:50,01 - Clear,01 - Dry,01 - Traffic signal,02 - Intersection related,07 - Dark,03 - P.D. only,03 - Rear end,Civic Hospital - Experimental Farm - Central Park
1328,BASELINE RD @ MERIVALE RD,365054.4691,5025325.06,-75.73082392,45.36527913,2016-07-27,16:55,01 - Clear,01 - Dry,01 - Traffic signal,02 - Intersection related,01 - Daylight,03 - P.D. only,03 - Rear end,Civic Hospital - Experimental Farm - Central Park
1329,BASELINE RD @ MERIVALE RD,365053.0401,5025326.757,-75.73084195,45.36529452,2016-12-02,14:58,01 - Clear,01 - Dry,01 - Traffic signal,03 - At intersection,01 - Daylight,03 - P.D. only,02 - Angle,Civic Hospital - Experimental Farm - Central Park
1330,BASELINE RD @ MERIVALE RD,365054.4769,5025325.734,-75.73082373,45.36528519,2016-12-13,23:19,01 - Clear,02 - Wet,01 - Traffic signal,03 - At intersection,07 - Dark,03 - P.D. only,05 - Turning movement,Cityview - Skyline - Fisher Heights
1331,BASELINE RD @ MERIVALE RD,365053.8682,5025325.929,-75.73083148,45.365287,2016-12-09,9:35,01 - Clear,06 - Ice,01 - Traffic signal,02 - Intersection related,01 - Daylight,03 - P.D. only,03 - Rear end,Civic Hospital - Experimental Farm - Central Park
1332,BASELINE RD @ MONTEREY DR,359792.5734,5022155.279,-75.79834166,45.33719003,2016-01-21,15:00,01 - Clear,01 - Dry,01 - Traffic signal,03 - At intersection,01 - Daylight,02 - Non-fatal injury,02 - Angle,Civic Hospital - Experimental Farm - Central Park
1333,BASELINE RD @ MONTEREY DR,359794.3529,5022155.953,-75.79831888,45.33719596,2016-08-09,15:45,01 - Clear,01 - Dry,01 - Traffic signal,03 - At intersection,01 - Daylight,03 - P.D. only,05 - Turning movement,Civic Hospital - Experimental Farm - Central Park
1334,BASELINE RD @ MONTEREY DR,359793.0125,5022154.84,-75.7983361,45.33718605,2016-09-11,14:50,01 - Clear,01 - Dry,01 - Traffic signal,02 - Intersection related,01 - Daylight,03 - P.D. only,07 - SMV other,Civic Hospital - Experimental Farm - Central Park
1335,BASELINE RD @ NAVAHO DR,363085.9127,5024097.728,-75.75609602,45.35440218,2016-02-19,16:24,01 - Clear,02 - Wet,01 - Traffic signal,02 - Intersection related,01 - Daylight,02 - Non-fatal injury,03 - Rear end,Qualicum - Redwood Park
1336,BASELINE RD @ NAVAHO DR,363085.0089,5024097.961,-75.75610752,45.35440435,2016-07-20,17:34,01 - Clear,01 - Dry,01 - Traffic signal,02 - Intersection related,01 - Daylight,02 - Non-fatal injury,03 - Rear end,Qualicum - Redwood Park
1337,BASELINE RD @ NAVAHO DR,363084.8625,5024097.092,-75.75610949,45.35439654,2016-12-22,8:12,03 - Snow,03 - Loose snow,01 - Traffic signal,02 - Intersection related,01 - Daylight,02 - Non-fatal injury,03 - Rear end,Qualicum - Redwood Park
1338,BASELINE RD @ NAVAHO DR,363085.6907,5024097.052,-75.75609893,45.35439611,2016-08-03,12:25,01 - Clear,01 - Dry,01 - Traffic signal,02 - Intersection related,01 - Daylight,03 - P.D. only,04 - Sideswipe,Braemar Park - Bel Air Heights - Copeland Park
1339,BASELINE RD @ NAVAHO DR,363084.5633,5024097.732,-75.75611324,45.35440232,2016-06-08,14:05,01 - Clear,01 - Dry,01 - Traffic signal,02 - Intersection related,01 - Daylight,03 - P.D. only,03 - Rear end,Braemar Park - Bel Air Heights - Copeland Park
1340,BASELINE RD @ NAVAHO DR,363086.8626,5024099.069,-75.75608374,45.35441416,2016-03-05,22:33,01 - Clear,01 - Dry,01 - Traffic signal,02 - Intersection related,07 - Dark,03 - P.D. only,03 - Rear end,Braemar Park - Bel Air Heights - Copeland Park
1341,BASELINE RD @ NAVAHO DR,363085.9102,5024096.848,-75.75609615,45.35439426,2016-11-13,20:30,01 - Clear,01 - Dry,01 - Traffic signal,02 - Intersection related,07 - Dark,03 - P.D. only,04 - Sideswipe,Braemar Park - Bel Air Heights - Copeland Park
1342,BASELINE RD @ NAVAHO DR,363085.6907,5024097.743,-75.75609885,45.35440233,2016-10-01,14:23,01 - Clear,01 - Dry,01 - Traffic signal,02 - Intersection related,01 - Daylight,03 - P.D. only,04 - Sideswipe,Braemar Park - Bel Air Heights - Copeland Park
1343,BASELINE RD @ PENDER ST,363935.6882,5024624.941,-75.74518819,45.35907483,2016-12-05,14:10,03 - Snow,05 - Packed snow,02 - Stop sign,02 - Intersection related,01 - Daylight,03 - P.D. only,03 - Rear end,Braemar Park - Bel Air Heights - Copeland Park
1344,BASELINE RD @ SANDCASTLE DR,359629.447,5021988.159,-75.80044137,45.33569905,2016-03-08,13:05,01 - Clear,02 - Wet,01 - Traffic signal,03 - At intersection,01 - Daylight,02 - Non-fatal injury,05 - Turning movement,Braemar Park - Bel Air Heights - Copeland Park
1345,BASELINE RD @ WOODROFFE AVE,362549.0316,5023770.724,-75.76298586,45.35150424,2016-10-30,0:27,01 - Clear,01 - Dry,01 - Traffic signal,03 - At intersection,07 - Dark,02 - Non-fatal injury,99 - Other,Braemar Park - Bel Air Heights - Copeland Park
1346,BASELINE RD @ WOODROFFE AVE,362549.4629,5023769.141,-75.76298054,45.35148996,2016-08-09,16:31,01 - Clear,01 - Dry,01 - Traffic signal,03 - At intersection,01 - Daylight,02 - Non-fatal injury,04 - Sideswipe,Crestview - Meadowlands
1347,BASELINE RD @ WOODROFFE AVE,362549.2996,5023769.723,-75.76298256,45.35149521,2016-02-26,8:00,01 - Clear,01 - Dry,01 - Traffic signal,02 - Intersection related,01 - Daylight,02 - Non-fatal injury,03 - Rear end,Briar Green - Leslie Park
1348,BASELINE RD @ WOODROFFE AVE,362549.4657,5023769.831,-75.76298042,45.35149617,2016-02-09,14:55,01 - Clear,01 - Dry,01 - Traffic signal,02 - Intersection related,01 - Daylight,02 - Non-fatal injury,03 - Rear end,Iris
1349,BASELINE RD @ WOODROFFE AVE,362548.862,5023769.262,-75.76298819,45.3514911,2016-10-23,11:14,01 - Clear,01 - Dry,01 - Traffic signal,02 - Intersection related,01 - Daylight,02 - Non-fatal injury,03 - Rear end,Iris
1350,BASELINE RD @ WOODROFFE AVE,362549.922,5023770.736,-75.7629745,45.35150427,2016-12-16,15:38,03 - Snow,02 - Wet,01 - Traffic signal,02 - Intersection related,01 - Daylight,02 - Non-fatal injury,03 - Rear end,Iris
1351,BASELINE RD @ WOODROFFE AVE,362549.4585,5023770.273,-75.76298046,45.35150015,2016-05-14,13:42,01 - Clear,02 - Wet,01 - Traffic signal,02 - Intersection related,01 - Daylight,03 - P.D. only,03 - Rear end,Iris
1352,BASELINE RD @ WOODROFFE AVE,362549.4585,5023770.273,-75.76298046,45.35150015,2016-03-04,19:20,03 - Snow,05 - Packed snow,01 - Traffic signal,02 - Intersection related,07 - Dark,03 - P.D. only,03 - Rear end,Iris
1353,BASELINE RD @ WOODROFFE AVE,362548.5925,5023771.163,-75.76299141,45.35150823,2016-02-13,14:02,01 - Clear,01 - Dry,01 - Traffic signal,02 - Intersection related,01 - Daylight,03 - P.D. only,03 - Rear end,Iris
1354,BASELINE RD @ WOODROFFE AVE,362549.9175,5023770.505,-75.76297458,45.3515022,2016-08-15,17:59,01 - Clear,01 - Dry,01 - Traffic signal,02 - Intersection related,01 - Daylight,03 - P.D. only,03 - Rear end,Iris
1355,BASELINE RD @ WOODROFFE AVE,362548.995,5023769.809,-75.76298643,45.35149601,2016-06-19,6:20,01 - Clear,01 - Dry,01 - Traffic signal,02 - Intersection related,01 - Daylight,03 - P.D. only,03 - Rear end,Iris
1356,BASELINE RD @ WOODROFFE AVE,362549.6902,5023771.63,-75.76297735,45.35151234,2016-01-11,11:26,01 - Clear,06 - Ice,01 - Traffic signal,02 - Intersection related,01 - Daylight,03 - P.D. only,03 - Rear end,Iris
1357,BASELINE RD @ WOODROFFE AVE,362548.5925,5023770.724,-75.76299146,45.35150428,2016-09-19,7:50,01 - Clear,01 - Dry,01 - Traffic signal,03 - At intersection,01 - Daylight,03 - P.D. only,04 - Sideswipe,Iris
1358,BASELINE RD @ WOODROFFE AVE,362549.0183,5023769.833,-75.76298613,45.35149622,2016-03-14,11:43,01 - Clear,01 - Dry,01 - Traffic signal,03 - At intersection,01 - Daylight,03 - P.D. only,03 - Rear end,Iris
1359,BASELINE RD @ WOODROFFE AVE,362549.9142,5023770.281,-75.76297465,45.35150018,2016-04-07,16:07,01 - Clear,02 - Wet,01 - Traffic signal,02 - Intersection related,01 - Daylight,03 - P.D. only,03 - Rear end,Iris
1360,BASELINE RD @ WOODROFFE AVE,362549.9157,5023769.828,-75.76297468,45.35149611,2016-05-12,9:55,01 - Clear,01 - Dry,01 - Traffic signal,02 - Intersection related,01 - Daylight,03 - P.D. only,03 - Rear end,Iris
1361,BASELINE RD @ WOODROFFE AVE,362549.0138,5023770.73,-75.76298609,45.3515043,2016-05-26,7:54,01 - Clear,01 - Dry,01 - Traffic signal,02 - Intersection related,01 - Daylight,03 - P.D. only,03 - Rear end,Iris
1362,BASELINE RD @ WOODROFFE AVE,362549.4629,5023770.505,-75.76298038,45.35150223,2016-07-25,16:48,01 - Clear,01 - Dry,01 - Traffic signal,02 - Intersection related,01 - Daylight,03 - P.D. only,03 - Rear end,Iris
1363,BASELINE RD @ WOODROFFE AVE,362549.0316,5023770.285,-75.76298591,45.35150029,2016-05-31,16:52,01 - Clear,01 - Dry,01 - Traffic signal,02 - Intersection related,01 - Daylight,03 - P.D. only,02 - Angle,Iris
1364,BASELINE RD @ WOODROFFE AVE,362549.0084,5023770.959,-75.76298613,45.35150636,2016-07-30,13:27,01 - Clear,01 - Dry,01 - Traffic signal,02 - Intersection related,01 - Daylight,03 - P.D. only,03 - Rear end,Iris
1365,BASELINE RD @ WOODROFFE AVE,362547.2057,5023772.575,-75.76300894,45.35152105,2016-11-09,13:21,01 - Clear,01 - Dry,01 - Traffic signal,02 - Intersection related,01 - Daylight,03 - P.D. only,03 - Rear end,Iris
1366,BASELINE RD @ WOODROFFE AVE,362549.6902,5023771.747,-75.76297734,45.35151339,2016-10-15,8:58,01 - Clear,01 - Dry,01 - Traffic signal,02 - Intersection related,01 - Daylight,03 - P.D. only,03 - Rear end,Iris
1367,BASELINE RD @ WOODROFFE AVE,362549.9175,5023769.596,-75.76297469,45.35149402,2016-07-07,8:57,01 - Clear,01 - Dry,01 - Traffic signal,02 - Intersection related,01 - Daylight,03 - P.D. only,03 - Rear end,Iris
1368,BASELINE RD @ WOODROFFE AVE,362548.862,5023770.919,-75.762988,45.35150601,2016-11-07,15:48,01 - Clear,01 - Dry,01 - Traffic signal,02 - Intersection related,01 - Daylight,03 - P.D. only,03 - Rear end,Iris
1369,BASELINE RD @ WOODROFFE AVE,362548.0838,5023770.772,-75.76299795,45.35150475,2016-09-29,9:19,01 - Clear,01 - Dry,01 - Traffic signal,02 - Intersection related,01 - Daylight,03 - P.D. only,03 - Rear end,Iris
1370,BASELINE RD @ WOODROFFE AVE,362550.5184,5023770.919,-75.76296686,45.35150587,2016-12-13,10:27,01 - Clear,02 - Wet,01 - Traffic signal,02 - Intersection related,01 - Daylight,03 - P.D. only,03 - Rear end,Iris
1371,BASELINE RD @ WOODROFFE AVE,362549.0316,5023769.407,-75.76298601,45.35149239,2016-12-16,6:43,01 - Clear,01 - Dry,01 - Traffic signal,02 - Intersection related,07 - Dark,03 - P.D. only,05 - Turning movement,Iris
1372,BASELINE RD @ WOODROFFE AVE,362549.4707,5023769.846,-75.76298036,45.3514963,2016-12-06,12:50,01 - Clear,01 - Dry,01 - Traffic signal,02 - Intersection related,01 - Daylight,03 - P.D. only,05 - Turning movement,Iris
1373,BASELINE RD @ ZENA ST,365628.0311,5025689.64,-75.72345792,45.36851001,2016-03-15,18:39,02 - Rain,02 - Wet,02 - Stop sign,02 - Intersection related,05 - Dusk,03 - P.D. only,03 - Rear end,Iris
1374,BASELINE RD btwn 180 E OF CEDARVIEW RD & 180 E OF CEDARVIEW RD,359136.1336,5021685.21,-75.80676826,45.33301148,2016-01-26,8:12,01 - Clear,02 - Wet,10 - No control,01 - Non intersection,01 - Daylight,02 - Non-fatal injury,07 - SMV other,Iris