Record,Location,X,Y,lon,lat,Date,Time,Environment,Road_Surface,Traffic_Control,Collision_Location,Light,Collision_Classification,Impact_type,Neighborhood
1375,BASELINE RD btwn 207 E OF CLYDE AVE & LOBLAWS SC,364629.8517,5025060.09,-75.73627595,45.36293134,2016-08-11,16:45,01 - Clear,01 - Dry,10 - No control,01 - Non intersection,01 - Daylight,03 - P.D. only,03 - Rear end,Iris
1376,BASELINE RD btwn BARBARA ANN PRIV & HIGHGATE RD,362029.0002,5023447.069,-75.7696596,45.34863464,2016-05-16,7:55,01 - Clear,01 - Dry,10 - No control,01 - Non intersection,01 - Daylight,03 - P.D. only,04 - Sideswipe,Civic Hospital - Experimental Farm - Central Park
1377,BASELINE RD btwn BARBARA ANN PRIV & HIGHGATE RD,361974.7301,5023414.574,-75.77035588,45.34834668,2016-09-17,22:40,02 - Rain,02 - Wet,10 - No control,01 - Non intersection,07 - Dark,03 - P.D. only,03 - Rear end,Briar Green - Leslie Park
1378,BASELINE RD btwn CLYDE AVE & 207 E OF CLYDE AVE,364359.5315,5024889.271,-75.73974685,45.36141735,2016-12-08,15:53,03 - Snow,02 - Wet,10 - No control,04 - At/near private drive,05 - Dusk,02 - Non-fatal injury,03 - Rear end,Civic Hospital - Experimental Farm - Central Park
1379,BASELINE RD btwn CLYDE AVE & 207 E OF CLYDE AVE,364394.2502,5024916.294,-75.73930046,45.36165755,2016-06-04,15:55,01 - Clear,01 - Dry,10 - No control,01 - Non intersection,01 - Daylight,03 - P.D. only,03 - Rear end,Iris
1380,BASELINE RD btwn CLYDE AVE & 207 E OF CLYDE AVE,364478.0279,5024966.686,-75.73822508,45.36210384,2016-01-03,18:14,01 - Clear,01 - Dry,10 - No control,01 - Non intersection,07 - Dark,03 - P.D. only,07 - SMV other,Iris
1381,BASELINE RD btwn CLYDE AVE & 207 E OF CLYDE AVE,364382.0538,5024905.132,-75.73945747,45.36155815,2016-07-29,16:16,01 - Clear,01 - Dry,10 - No control,01 - Non intersection,01 - Daylight,03 - P.D. only,03 - Rear end,Braemar Park - Bel Air Heights - Copeland Park
1382,BASELINE RD btwn CLYDE AVE & 207 E OF CLYDE AVE,364477.9807,5024966.43,-75.73822571,45.36210154,2016-06-04,15:50,01 - Clear,01 - Dry,10 - No control,04 - At/near private drive,01 - Daylight,03 - P.D. only,03 - Rear end,Civic Hospital - Experimental Farm - Central Park
1383,BASELINE RD btwn CLYDE AVE & 207 E OF CLYDE AVE,364430.5937,5024937.207,-75.73883407,45.36184263,2016-12-08,16:14,03 - Snow,02 - Wet,10 - No control,01 - Non intersection,05 - Dusk,03 - P.D. only,04 - Sideswipe,Civic Hospital - Experimental Farm - Central Park
1384,BASELINE RD btwn COLLEGE SQUARE SC & WOODROFFE AVE,362637.4749,5023818.952,-75.76185157,45.3519309,2016-10-13,23:51,01 - Clear,01 - Dry,10 - No control,01 - Non intersection,07 - Dark,02 - Non-fatal injury,07 - SMV other,Civic Hospital - Experimental Farm - Central Park
1385,BASELINE RD btwn COLLEGE SQUARE SC & WOODROFFE AVE,362654.3465,5023831.259,-75.76163482,45.35204025,2016-01-21,18:54,01 - Clear,01 - Dry,10 - No control,01 - Non intersection,07 - Dark,03 - P.D. only,03 - Rear end,Civic Hospital - Experimental Farm - Central Park
1386,BASELINE RD btwn COLLEGE SQUARE SC & WOODROFFE AVE,362558.2578,5023775.592,-75.76286755,45.35154728,2016-08-20,18:22,01 - Clear,01 - Dry,10 - No control,01 - Non intersection,01 - Daylight,03 - P.D. only,03 - Rear end,Civic Hospital - Experimental Farm - Central Park
1387,BASELINE RD btwn COLLEGE SQUARE SC & WOODROFFE AVE,362664.1433,5023833.786,-75.7615095,45.35206218,2016-04-10,13:14,01 - Clear,01 - Dry,10 - No control,01 - Non intersection,01 - Daylight,03 - P.D. only,03 - Rear end,Braemar Park - Bel Air Heights - Copeland Park
1388,BASELINE RD btwn CONSTELLATION CRES & WOODROFFE AVE,362487.5607,5023730.768,-75.76377497,45.35114978,2016-01-30,11:48,01 - Clear,01 - Dry,10 - No control,01 - Non intersection,01 - Daylight,03 - P.D. only,03 - Rear end,Braemar Park - Bel Air Heights - Copeland Park
1389,BASELINE RD btwn CONSTELLATION CRES & WOODROFFE AVE,362464.8872,5023715.345,-75.76406611,45.35101287,2016-01-16,13:46,03 - Snow,03 - Loose snow,10 - No control,01 - Non intersection,01 - Daylight,03 - P.D. only,03 - Rear end,Braemar Park - Bel Air Heights - Copeland Park
1390,BASELINE RD btwn CONSTELLATION CRES & WOODROFFE AVE,362539.5914,5023764.797,-75.76310702,45.35145169,2016-07-05,16:35,01 - Clear,01 - Dry,10 - No control,01 - Non intersection,01 - Daylight,03 - P.D. only,03 - Rear end,Crestview - Meadowlands
1391,BASELINE RD btwn CORNELL ST & GREENBANK RD,360571.9982,5022566.278,-75.7883513,45.34082667,2016-02-21,15:13,01 - Clear,02 - Wet,10 - No control,01 - Non intersection,01 - Daylight,03 - P.D. only,04 - Sideswipe,Iris
1392,BASELINE RD btwn CORNELL ST & GREENBANK RD,360592.1958,5022581.646,-75.78809187,45.34096335,2016-09-18,9:36,02 - Rain,02 - Wet,10 - No control,01 - Non intersection,01 - Daylight,03 - P.D. only,04 - Sideswipe,Iris
1393,BASELINE RD btwn FERGUSON ST & CORDOVA ST,363445.7395,5024318.8,-75.75147771,45.35636136,2016-09-14,15:25,01 - Clear,01 - Dry,10 - No control,04 - At/near private drive,01 - Daylight,02 - Non-fatal injury,02 - Angle,Iris
1394,BASELINE RD btwn FERGUSON ST & CORDOVA ST,363508.6716,5024356.918,-75.75067002,45.35669907,2016-02-18,0:45,01 - Clear,02 - Wet,10 - No control,04 - At/near private drive,07 - Dark,03 - P.D. only,02 - Angle,Qualicum - Redwood Park
1395,BASELINE RD btwn FISHER AVE & LEXINGTON ST,366366.3144,5026152.448,-75.71397606,45.3726098,2016-05-11,17:43,01 - Clear,01 - Dry,10 - No control,01 - Non intersection,01 - Daylight,03 - P.D. only,03 - Rear end,Qualicum - Redwood Park
1396,BASELINE RD btwn FISHER AVE & LEXINGTON ST,366336.4659,5026133.295,-75.71435949,45.37244008,2016-11-08,17:55,01 - Clear,01 - Dry,10 - No control,01 - Non intersection,07 - Dark,03 - P.D. only,03 - Rear end,Crestview - Meadowlands
1397,BASELINE RD btwn GREENBANK RD & PINECREST RD,360624.2485,5022600.527,-75.78768078,45.34113069,2016-07-13,14:07,01 - Clear,01 - Dry,10 - No control,04 - At/near private drive,01 - Daylight,03 - P.D. only,02 - Angle,Braemar Park - Bel Air Heights - Copeland Park
1398,BASELINE RD btwn GREENBANK RD & PINECREST RD,360603.3661,5022587.682,-75.78794866,45.34101677,2016-07-04,12:30,01 - Clear,01 - Dry,10 - No control,04 - At/near private drive,01 - Daylight,03 - P.D. only,04 - Sideswipe,Civic Hospital - Experimental Farm - Central Park
1399,BASELINE RD btwn GREENBANK RD & PINECREST RD,360772.1144,5022689,-75.78578414,45.34191499,2016-07-30,15:21,01 - Clear,01 - Dry,10 - No control,04 - At/near private drive,01 - Daylight,03 - P.D. only,02 - Angle,Civic Hospital - Experimental Farm - Central Park
1400,BASELINE RD btwn HIGHGATE RD & TURN LANE,362068.5129,5023470.432,-75.76915269,45.34884164,2016-05-05,17:20,01 - Clear,01 - Dry,10 - No control,01 - Non intersection,01 - Daylight,03 - P.D. only,04 - Sideswipe,Iris
1401,BASELINE RD btwn HWY416 IC75A RAMP53 & TURN LANE,358648.592,5021815.142,-75.81297383,45.33421819,2016-10-22,14:16,02 - Rain,02 - Wet,10 - No control,01 - Non intersection,01 - Daylight,03 - P.D. only,04 - Sideswipe,Qualicum - Redwood Park
1402,BASELINE RD btwn JOHN SUTHERLAND DR & SIOUX CRES,359402.9054,5021846.001,-75.80334724,45.33443757,2016-07-04,19:00,01 - Clear,01 - Dry,10 - No control,01 - Non intersection,01 - Daylight,03 - P.D. only,07 - SMV other,Iris
1403,BASELINE RD btwn LOBLAWS SC & MERIVALE RD,364894.8495,5025227.129,-75.73287326,45.36441166,2016-06-16,17:51,01 - Clear,01 - Dry,10 - No control,04 - At/near private drive,01 - Daylight,02 - Non-fatal injury,02 - Angle,Centretown
1404,BASELINE RD btwn LOBLAWS SC & MERIVALE RD,364925.5035,5025246.8,-75.7324796,45.36458603,2016-07-13,16:06,02 - Rain,02 - Wet,10 - No control,01 - Non intersection,01 - Daylight,02 - Non-fatal injury,03 - Rear end,Iris
1405,BASELINE RD btwn LOBLAWS SC & MERIVALE RD,364870.8455,5025209.987,-75.73318173,45.36425948,2016-11-17,17:14,01 - Clear,01 - Dry,10 - No control,04 - At/near private drive,07 - Dark,02 - Non-fatal injury,03 - Rear end,Briar Green - Leslie Park
1406,BASELINE RD btwn LOBLAWS SC & MERIVALE RD,364960.2865,5025267.13,-75.73203315,45.36476597,2016-11-08,15:29,01 - Clear,01 - Dry,10 - No control,01 - Non intersection,01 - Daylight,02 - Non-fatal injury,03 - Rear end,Briar Green - Leslie Park
1407,BASELINE RD btwn LOBLAWS SC & MERIVALE RD,364970.1417,5025273.429,-75.73190658,45.3648218,2016-06-17,9:28,01 - Clear,01 - Dry,10 - No control,01 - Non intersection,01 - Daylight,03 - P.D. only,07 - SMV other,Civic Hospital - Experimental Farm - Central Park
1408,BASELINE RD btwn LOBLAWS SC & MERIVALE RD,364885.7523,5025218.269,-75.73299046,45.36433272,2016-08-28,14:41,02 - Rain,02 - Wet,10 - No control,04 - At/near private drive,01 - Daylight,03 - P.D. only,03 - Rear end,Civic Hospital - Experimental Farm - Central Park
1409,BASELINE RD btwn MERIVALE RD & FARLANE BLVD,365119.4604,5025363.934,-75.7299896,45.36562332,2016-02-09,12:14,01 - Clear,02 - Wet,10 - No control,04 - At/near private drive,01 - Daylight,03 - P.D. only,02 - Angle,Civic Hospital - Experimental Farm - Central Park
1410,BASELINE RD btwn MERIVALE RD & FARLANE BLVD,365157.4711,5025389.222,-75.72950133,45.36584758,2016-02-18,9:12,01 - Clear,06 - Ice,10 - No control,01 - Non intersection,01 - Daylight,03 - P.D. only,03 - Rear end,Civic Hospital - Experimental Farm - Central Park
1411,BASELINE RD btwn MORLEY BLVD & PRINCE OF WALES DR,366776.1984,5026409.228,-75.70871131,45.37488412,2016-12-01,16:14,02 - Rain,02 - Wet,10 - No control,01 - Non intersection,05 - Dusk,02 - Non-fatal injury,03 - Rear end,Civic Hospital - Experimental Farm - Central Park
1412,BASELINE RD btwn MORLEY BLVD & PRINCE OF WALES DR,366694.0406,5026355.729,-75.70976687,45.37441001,2016-01-07,17:20,01 - Clear,01 - Dry,10 - No control,01 - Non intersection,05 - Dusk,03 - P.D. only,03 - Rear end,Civic Hospital - Experimental Farm - Central Park
1413,BASELINE RD btwn MORLEY BLVD & PRINCE OF WALES DR,366695.5218,5026357.894,-75.70974769,45.37442936,2016-02-09,3:45,03 - Snow,03 - Loose snow,10 - No control,01 - Non intersection,07 - Dark,03 - P.D. only,07 - SMV other,Cityview - Skyline - Fisher Heights
1414,BASELINE RD btwn NAVAHO DR & DEERFIELD DR,363171.9695,5024151.293,-75.75499144,45.35487699,2016-08-18,19:56,01 - Clear,01 - Dry,10 - No control,01 - Non intersection,05 - Dusk,02 - Non-fatal injury,07 - SMV other,Civic Hospital - Experimental Farm - Central Park
1415,BASELINE RD btwn NAVAHO DR & DEERFIELD DR,363098.9412,5024104.546,-75.75592894,45.35446244,2016-08-29,14:13,01 - Clear,01 - Dry,10 - No control,01 - Non intersection,01 - Daylight,03 - P.D. only,03 - Rear end,Civic Hospital - Experimental Farm - Central Park
1416,BASELINE RD btwn NAVAHO DR & DEERFIELD DR,363150.287,5024139.328,-75.75526957,45.35477113,2016-12-29,11:07,03 - Snow,05 - Packed snow,10 - No control,01 - Non intersection,01 - Daylight,03 - P.D. only,03 - Rear end,Civic Hospital - Experimental Farm - Central Park
1417,BASELINE RD btwn PINECREST RD & ROCKWAY CRES,361031.6572,5022841.834,-75.78245521,45.34326943,2016-10-15,15:30,01 - Clear,01 - Dry,10 - No control,01 - Non intersection,01 - Daylight,03 - P.D. only,99 - Other,Civic Hospital - Experimental Farm - Central Park
1418,BASELINE RD btwn PINECREST RD & ROCKWAY CRES,360898.6224,5022762.737,-75.78416164,45.34256837,2016-01-13,17:35,01 - Clear,05 - Packed snow,10 - No control,04 - At/near private drive,05 - Dusk,03 - P.D. only,02 - Angle,Braemar Park - Bel Air Heights - Copeland Park
1419,BASELINE RD btwn PINECREST RD & ROCKWAY CRES,360804.8064,5022707.804,-75.78536489,45.34208158,2016-12-22,22:40,03 - Snow,02 - Wet,10 - No control,01 - Non intersection,07 - Dark,03 - P.D. only,03 - Rear end,Braemar Park - Bel Air Heights - Copeland Park
1420,BASELINE RD btwn SANDCASTLE DR & MONTEREY DR,359657.0991,5022006.934,-75.80008651,45.33586582,2016-03-11,9:00,01 - Clear,01 - Dry,10 - No control,01 - Non intersection,01 - Daylight,03 - P.D. only,03 - Rear end,Braemar Park - Bel Air Heights - Copeland Park
1421,BASELINE RD btwn SOUTHWOOD DR & COBDEN RD,361429.1479,5023080.224,-75.77735614,45.34538248,2016-01-18,16:59,01 - Clear,01 - Dry,10 - No control,04 - At/near private drive,05 - Dusk,02 - Non-fatal injury,07 - SMV other,Iris
1422,BASELINE RD btwn SOUTHWOOD DR & COBDEN RD,361249.0488,5022972.015,-75.77966654,45.34442333,2016-02-18,20:44,01 - Clear,05 - Packed snow,10 - No control,01 - Non intersection,07 - Dark,03 - P.D. only,03 - Rear end,Iris
1423,BASELINE RD btwn ST. HELEN'S PL & CLYDE AVE,364135.7724,5024747.934,-75.74261976,45.36016459,2016-10-30,19:06,01 - Clear,01 - Dry,10 - No control,04 - At/near private drive,07 - Dark,01 - Fatal injury,05 - Turning movement,Iris
1424,BASELINE RD btwn ST. HELEN'S PL & CLYDE AVE,364197.7812,5024791.501,-75.74182309,45.36055135,2016-09-02,20:19,01 - Clear,01 - Dry,10 - No control,04 - At/near private drive,07 - Dark,02 - Non-fatal injury,99 - Other,Briar Green - Leslie Park
1425,BASELINE RD btwn ST. HELEN'S PL & CLYDE AVE,364272.7958,5024838.878,-75.74085996,45.36097129,2016-06-01,15:16,01 - Clear,01 - Dry,10 - No control,01 - Non intersection,01 - Daylight,02 - Non-fatal injury,04 - Sideswipe,Iris
1426,BASELINE RD btwn ST. HELEN'S PL & CLYDE AVE,364232.8234,5024812.252,-75.74137335,45.3607351,2016-09-06,14:10,01 - Clear,01 - Dry,10 - No control,01 - Non intersection,01 - Daylight,03 - P.D. only,03 - Rear end,Iris
1427,BASELINE RD btwn ST. HELEN'S PL & CLYDE AVE,364189.2308,5024786.136,-75.74193287,45.3605038,2016-04-08,16:34,01 - Clear,01 - Dry,10 - No control,01 - Non intersection,01 - Daylight,03 - P.D. only,04 - Sideswipe,Crestview - Meadowlands
1428,BASELINE RD btwn ST. HELEN'S PL & CLYDE AVE,364332.262,5024872.922,-75.74009687,45.36127256,2016-04-18,21:01,02 - Rain,02 - Wet,10 - No control,01 - Non intersection,07 - Dark,03 - P.D. only,07 - SMV other,Braemar Park - Bel Air Heights - Copeland Park
1429,BASELINE RD btwn ST. HELEN'S PL & CLYDE AVE,364147.5232,5024756.765,-75.74246872,45.36024306,2016-12-21,9:59,01 - Clear,02 - Wet,10 - No control,01 - Non intersection,01 - Daylight,03 - P.D. only,04 - Sideswipe,Braemar Park - Bel Air Heights - Copeland Park
1430,BASELINE RD btwn TURN LANE & CEDARVIEW RD,358860.0974,5021718.757,-75.81028607,45.33333465,2016-01-16,18:11,01 - Clear,02 - Wet,10 - No control,01 - Non intersection,07 - Dark,03 - P.D. only,07 - SMV other,Braemar Park - Bel Air Heights - Copeland Park
1431,BASELINE RD btwn TURN LANE & PRINCE OF WALES DR,366852.3666,5026436.231,-75.70773552,45.37512034,2016-04-01,16:46,01 - Clear,01 - Dry,10 - No control,01 - Non intersection,01 - Daylight,03 - P.D. only,04 - Sideswipe,Braemar Park - Bel Air Heights - Copeland Park
1432,BASELINE RD btwn ZENA ST & MARSON ST,365635.2359,5025692.814,-75.72336556,45.36853795,2016-05-20,23:29,01 - Clear,01 - Dry,10 - No control,01 - Non intersection,07 - Dark,03 - P.D. only,04 - Sideswipe,Braemar Park - Bel Air Heights - Copeland Park
1433,BASELINE RD btwn ZENA ST & MARSON ST,365662.2283,5025707.332,-75.72301921,45.36866623,2016-01-13,10:10,05 - Drifting Snow,04 - Slush,10 - No control,01 - Non intersection,01 - Daylight,03 - P.D. only,03 - Rear end,Braemar Park - Bel Air Heights - Copeland Park
1434,BASELINE RD btwn ZENA ST & MARSON ST,365656.4849,5025708.994,-75.72309232,45.36868169,2016-01-13,10:27,05 - Drifting Snow,05 - Packed snow,10 - No control,01 - Non intersection,01 - Daylight,03 - P.D. only,07 - SMV other,Briar Green - Leslie Park
1435,BASELINE RD/HERON RD @ PRINCE OF WALES DR,366873.9338,5026437.623,-75.70746001,45.37513096,2016-08-08,19:26,01 - Clear,01 - Dry,01 - Traffic signal,02 - Intersection related,01 - Daylight,02 - Non-fatal injury,03 - Rear end,Civic Hospital - Experimental Farm - Central Park
1436,BASELINE RD/HERON RD @ PRINCE OF WALES DR,366874.2013,5026438.739,-75.70745645,45.37514097,2016-07-17,10:00,01 - Clear,01 - Dry,01 - Traffic signal,02 - Intersection related,01 - Daylight,02 - Non-fatal injury,03 - Rear end,Civic Hospital - Experimental Farm - Central Park
1437,BASELINE RD/HERON RD @ PRINCE OF WALES DR,366873.94,5026438.057,-75.70745987,45.37513486,2016-10-27,7:53,01 - Clear,01 - Dry,01 - Traffic signal,02 - Intersection related,01 - Daylight,03 - P.D. only,03 - Rear end,Cityview - Skyline - Fisher Heights
1438,BASELINE RD/HERON RD @ PRINCE OF WALES DR,366874.3621,5026440.783,-75.70745414,45.37515935,2016-05-26,16:55,01 - Clear,01 - Dry,01 - Traffic signal,02 - Intersection related,01 - Daylight,03 - P.D. only,04 - Sideswipe,Civic Hospital - Experimental Farm - Central Park
1439,BASELINE RD/HERON RD @ PRINCE OF WALES DR,366873.2808,5026438.432,-75.70746824,45.37513829,2016-07-20,17:00,01 - Clear,01 - Dry,01 - Traffic signal,02 - Intersection related,01 - Daylight,03 - P.D. only,03 - Rear end,Civic Hospital - Experimental Farm - Central Park
1440,BASELINE RD/HERON RD @ PRINCE OF WALES DR,366874.0403,5026438.837,-75.7074585,45.37514187,2016-04-30,13:41,01 - Clear,01 - Dry,01 - Traffic signal,02 - Intersection related,01 - Daylight,03 - P.D. only,03 - Rear end,Civic Hospital - Experimental Farm - Central Park
1441,BASELINE RD/HERON RD @ PRINCE OF WALES DR,366873.9877,5026439.244,-75.70745912,45.37514554,2016-06-03,14:08,01 - Clear,01 - Dry,01 - Traffic signal,02 - Intersection related,01 - Daylight,03 - P.D. only,03 - Rear end,Civic Hospital - Experimental Farm - Central Park
1442,BASELINE RD/HERON RD @ PRINCE OF WALES DR,366873.2846,5026438.628,-75.70746817,45.37514006,2016-07-23,15:10,01 - Clear,01 - Dry,01 - Traffic signal,02 - Intersection related,01 - Daylight,03 - P.D. only,03 - Rear end,Civic Hospital - Experimental Farm - Central Park
1443,BASELINE RD/HERON RD @ PRINCE OF WALES DR,366873.2759,5026438.606,-75.70746828,45.37513986,2016-05-31,16:21,01 - Clear,01 - Dry,01 - Traffic signal,02 - Intersection related,01 - Daylight,03 - P.D. only,03 - Rear end,Civic Hospital - Experimental Farm - Central Park
1444,BASELINE RD/HERON RD @ PRINCE OF WALES DR,366873.9367,5026441.471,-75.70745949,45.37516558,2016-09-30,17:08,01 - Clear,01 - Dry,01 - Traffic signal,02 - Intersection related,01 - Daylight,03 - P.D. only,03 - Rear end,Civic Hospital - Experimental Farm - Central Park
1445,BASELINE RD/HERON RD @ PRINCE OF WALES DR,366874.1215,5026439.143,-75.70745742,45.37514462,2016-12-29,7:47,01 - Clear,01 - Dry,01 - Traffic signal,02 - Intersection related,03 - Dawn,03 - P.D. only,01 - Approaching,Civic Hospital - Experimental Farm - Central Park
1446,BASELINE RD/HWY 416 RICHMOND IC75R53 @ RICHMON,358637.1395,5021819.718,-75.81311944,45.33426025,2016-09-09,15:04,01 - Clear,01 - Dry,01 - Traffic signal,02 - Intersection related,01 - Daylight,02 - Non-fatal injury,03 - Rear end,Civic Hospital - Experimental Farm - Central Park
1447,BASELINE RD/HWY 416 RICHMOND IC75R53 @ RICHMON,358633.4336,5021823.033,-75.81316636,45.33429036,2016-10-31,11:33,01 - Clear,01 - Dry,01 - Traffic signal,02 - Intersection related,01 - Daylight,03 - P.D. only,03 - Rear end,Civic Hospital - Experimental Farm - Central Park
1448,BASELINE RD/HWY 416 RICHMOND IC75R53 @ RICHMON,358635.7807,5021821.437,-75.81313659,45.33427582,2016-01-09,12:33,01 - Clear,01 - Dry,01 - Traffic signal,02 - Intersection related,01 - Daylight,03 - P.D. only,99 - Other,Civic Hospital - Experimental Farm - Central Park
1449,BASELINE RD/HWY 416 RICHMOND IC75R53 @ RICHMON,358636.3383,5021821.262,-75.81312949,45.3342742,2016-04-10,9:45,01 - Clear,01 - Dry,01 - Traffic signal,03 - At intersection,01 - Daylight,03 - P.D. only,05 - Turning movement,Civic Hospital - Experimental Farm - Central Park
1450,BASELINE RD/HWY 416 RICHMOND IC75R53 @ RICHMON,358634.782,5021821.352,-75.81314934,45.33427513,2016-11-10,9:58,01 - Clear,01 - Dry,01 - Traffic signal,03 - At intersection,01 - Daylight,03 - P.D. only,03 - Rear end,Briar Green - Leslie Park
1451,BASELINE RD/HWY 416 RICHMOND IC75R53 @ RICHMON,358636.0004,5021821.672,-75.81313376,45.33427792,2016-04-14,16:29,01 - Clear,01 - Dry,01 - Traffic signal,03 - At intersection,01 - Daylight,03 - P.D. only,03 - Rear end,Greenbelt
1452,BASIL MACDONALD WAY @ GRANT CARMAN DR,365350.0942,5023323.042,-75.72729569,45.34723981,2016-02-26,12:12,01 - Clear,01 - Dry,02 - Stop sign,03 - At intersection,01 - Daylight,03 - P.D. only,02 - Angle,Greenbelt
1453,BASIL MACDONALD WAY @ GRANT CARMAN DR,365350.0915,5023324.601,-75.72729553,45.34725384,2016-05-03,17:58,01 - Clear,01 - Dry,02 - Stop sign,02 - Intersection related,01 - Daylight,03 - P.D. only,03 - Rear end,Greenbelt
1454,BASIL MACDONALD WAY btwn MERIVALE RD & GRANT CARMAN DR,365182.8567,5023222.992,-75.72944189,45.34635399,2016-09-03,15:30,01 - Clear,01 - Dry,10 - No control,04 - At/near private drive,01 - Daylight,03 - P.D. only,02 - Angle,Greenbelt
1455,BASIN CRT btwn BELLMAN DR & END,360952.632,5020891.304,-75.78368484,45.3257249,2016-07-22,17:35,01 - Clear,01 - Dry,10 - No control,01 - Non intersection,01 - Daylight,03 - P.D. only,06 - SMV unattended vehicle,Greenbelt
1456,BASSANO ST @ LOTTA AVE,363971.862,5024178.1,-75.74477999,45.35505115,2016-12-05,9:02,03 - Snow,03 - Loose snow,02 - Stop sign,02 - Intersection related,01 - Daylight,03 - P.D. only,02 - Angle,Borden Farm - Stewart Farm - Parkwood Hills - Fisher Glen
1457,BASSETT LANE @ ISLAND PARK DR,364235.575,5028646.135,-75.74087675,45.39523152,2016-12-03,20:33,01 - Clear,01 - Dry,02 - Stop sign,02 - Intersection related,07 - Dark,02 - Non-fatal injury,03 - Rear end,Borden Farm - Stewart Farm - Parkwood Hills - Fisher Glen
1458,BASSETT LANE btwn PICCADILLY AVE & MAYFAIR AVE,364394.9128,5028724.65,-75.73883235,45.39592444,2016-11-21,12:35,01 - Clear,06 - Ice,10 - No control,01 - Non intersection,01 - Daylight,03 - P.D. only,01 - Approaching,Borden Farm - Stewart Farm - Parkwood Hills - Fisher Glen
1459,BATEMAN DR btwn BELLMAN DR & DUNBAR CRT,361308.0213,5021033.638,-75.7791354,45.3269771,2016-12-27,17:06,03 - Snow,03 - Loose snow,10 - No control,01 - Non intersection,07 - Dark,02 - Non-fatal injury,07 - SMV other,Sheahan Estates - Trend Village - Arlington Woods
1460,BATHGATE DR @ DEN HAAG DR,373407.5001,5033926.234,-75.62300874,45.44190068,2016-09-22,21:13,02 - Rain,02 - Wet,02 - Stop sign,03 - At intersection,07 - Dark,02 - Non-fatal injury,07 - SMV other,Crestview - Meadowlands
1461,BATHGATE DR @ DEN HAAG DR,373407.5001,5033924.916,-75.62300893,45.44188883,2016-10-27,17:32,02 - Rain,02 - Wet,02 - Stop sign,03 - At intersection,07 - Dark,03 - P.D. only,05 - Turning movement,Island Park
1462,BATHGATE DR @ DES PIONNIERS PRIV,373477.0645,5033759.921,-75.62214283,45.44039746,2016-10-18,8:39,01 - Clear,02 - Wet,02 - Stop sign,03 - At intersection,01 - Daylight,03 - P.D. only,05 - Turning movement,Island Park
1463,BATHGATE DR @ MATHESON RD,373641.7162,5033374.458,-75.62009235,45.43691307,2016-01-14,0:00,03 - Snow,04 - Slush,02 - Stop sign,03 - At intersection,00 - Unknown,03 - P.D. only,07 - SMV other,Woodvale - Craig Henry - Manordale - Estates of Arlington Wo
1464,BATHGATE DR btwn LEIGH CRES & LEIGH CRES,373802.7699,5032992.077,-75.61808767,45.43345674,2016-04-06,17:42,03 - Snow,04 - Slush,10 - No control,01 - Non intersection,01 - Daylight,03 - P.D. only,99 - Other,Carson Grove - Carson Meadows
1465,BATHGATE DR btwn MONTREAL RD & GULF PL,373232.9561,5034437.791,-75.62516849,45.44652051,2016-11-13,16:50,01 - Clear,01 - Dry,10 - No control,04 - At/near private drive,05 - Dusk,03 - P.D. only,02 - Angle,Carson Grove - Carson Meadows
1466,BATHGATE DR btwn QUIGG PRIV & DEN HAAG DR,373344.2011,5034074.713,-75.6237971,45.44324283,2016-10-24,0:46,01 - Clear,01 - Dry,10 - No control,01 - Non intersection,07 - Dark,03 - P.D. only,06 - SMV unattended vehicle,Carson Grove - Carson Meadows
1467,BATON CRT btwn AIRD PL & END,351812.3711,5018990.124,-75.90045664,45.30928937,2016-03-26,17:25,01 - Clear,01 - Dry,10 - No control,04 - At/near private drive,01 - Daylight,03 - P.D. only,06 - SMV unattended vehicle,Carson Grove - Carson Meadows
1468,BAXTER RD btwn IRIS ST & END,361016.3191,5023922.303,-75.7825281,45.35299268,2016-01-22,22:47,01 - Clear,01 - Dry,10 - No control,01 - Non intersection,07 - Dark,02 - Non-fatal injury,06 - SMV unattended vehicle,Carson Grove - Carson Meadows
1469,BAXTER RD btwn IRIS ST & END,361025.5199,5023656.283,-75.78244093,45.35059831,2016-01-13,16:22,01 - Clear,05 - Packed snow,10 - No control,01 - Non intersection,01 - Daylight,02 - Non-fatal injury,06 - SMV unattended vehicle,Carson Grove - Carson Meadows
1470,BAY ST @ COOPER ST,367202.1601,5030719.877,-75.70272809,45.41363237,2016-02-17,8:15,03 - Snow,03 - Loose snow,02 - Stop sign,03 - At intersection,01 - Daylight,03 - P.D. only,02 - Angle,Carson Grove - Carson Meadows