Record,Location,X,Y,lon,lat,Date,Time,Environment,Road_Surface,Traffic_Control,Collision_Location,Light,Collision_Classification,Impact_type,Neighborhood
1471,BAY ST @ FLORENCE ST,367420.0516,5030356.351,-75.69999069,45.41034201,2016-02-01,13:27,01 - Clear,02 - Wet,02 - Stop sign,03 - At intersection,01 - Daylight,02 - Non-fatal injury,02 - Angle,Katimavik - Hazeldean
1472,BAY ST @ GILMOUR ST,367332.6175,5030502.223,-75.7010891,45.41166234,2016-09-19,12:52,01 - Clear,01 - Dry,02 - Stop sign,03 - At intersection,01 - Daylight,03 - P.D. only,02 - Angle,Iris
1473,BAY ST @ GLADSTONE AVE,367462.4887,5030288.342,-75.69945723,45.40972629,2016-02-17,8:58,01 - Clear,04 - Slush,02 - Stop sign,03 - At intersection,01 - Daylight,03 - P.D. only,02 - Angle,Iris
1474,BAY ST @ GLADSTONE AVE,367462.4852,5030287.888,-75.69945733,45.4097222,2016-07-05,18:22,01 - Clear,01 - Dry,02 - Stop sign,03 - At intersection,01 - Daylight,03 - P.D. only,02 - Angle,Centretown
1475,BAY ST @ GLOUCESTER ST,367075.1255,5030934.826,-75.70432381,45.41557773,2016-11-01,11:58,02 - Rain,02 - Wet,02 - Stop sign,02 - Intersection related,01 - Daylight,03 - P.D. only,03 - Rear end,Centretown
1476,BAY ST @ JAMES ST,367378.3882,5030428.342,-75.70051377,45.41099349,2016-06-22,9:37,01 - Clear,01 - Dry,02 - Stop sign,03 - At intersection,01 - Daylight,03 - P.D. only,02 - Angle,Centretown
1477,BAY ST @ LISGAR ST,367156.4708,5030793.209,-75.7033025,45.41429626,2016-08-04,22:26,01 - Clear,01 - Dry,02 - Stop sign,03 - At intersection,07 - Dark,03 - P.D. only,03 - Rear end,Centretown
1478,BAY ST @ QUEEN ST,366898.81,5031211.253,-75.7065415,45.41808061,2016-04-14,6:33,01 - Clear,01 - Dry,01 - Traffic signal,02 - Intersection related,01 - Daylight,02 - Non-fatal injury,04 - Sideswipe,Downtown
1479,BAY ST @ QUEEN ST,366899.4729,5031211.911,-75.70653295,45.41808647,2016-03-16,15:30,01 - Clear,02 - Wet,01 - Traffic signal,02 - Intersection related,01 - Daylight,03 - P.D. only,03 - Rear end,Downtown
1480,BAY ST @ SLATER ST,366984.3796,5031078.116,-75.70546506,45.41687508,2016-07-01,20:06,02 - Rain,02 - Wet,01 - Traffic signal,03 - At intersection,01 - Daylight,02 - Non-fatal injury,05 - Turning movement,Downtown
1481,BAY ST @ SLATER ST,366983.4758,5031077.904,-75.70547663,45.41687326,2016-03-12,10:35,01 - Clear,01 - Dry,01 - Traffic signal,03 - At intersection,01 - Daylight,03 - P.D. only,05 - Turning movement,Downtown
1482,BAY ST @ SLATER ST,366983.9223,5031077.897,-75.70547093,45.41687315,2016-04-26,1:51,01 - Clear,01 - Dry,01 - Traffic signal,03 - At intersection,07 - Dark,03 - P.D. only,02 - Angle,Downtown
1483,BAY ST @ SOMERSET ST,367244.4721,5030645.023,-75.70219703,45.41295508,2016-06-17,9:17,01 - Clear,01 - Dry,02 - Stop sign,03 - At intersection,01 - Daylight,02 - Non-fatal injury,02 - Angle,Chinatown
1484,BAY ST @ SOMERSET ST,367244.4754,5030645.24,-75.70219696,45.41295703,2016-03-11,8:31,01 - Clear,01 - Dry,02 - Stop sign,03 - At intersection,01 - Daylight,03 - P.D. only,02 - Angle,Chinatown
1485,BAY ST @ SPARKS ST,366857.1577,5031280.279,-75.70706497,45.41870538,2016-07-25,0:37,01 - Clear,01 - Dry,01 - Traffic signal,03 - At intersection,07 - Dark,02 - Non-fatal injury,02 - Angle,Downtown
1486,BAY ST @ SPARKS ST,366856.479,5031279.809,-75.7070737,45.41870121,2016-10-08,20:58,01 - Clear,01 - Dry,01 - Traffic signal,03 - At intersection,07 - Dark,03 - P.D. only,05 - Turning movement,Downtown
1487,BAY ST @ WELLINGTON ST,366814.0394,5031351.347,-75.70760691,45.41934865,2016-02-24,22:27,02 - Rain,02 - Wet,01 - Traffic signal,02 - Intersection related,07 - Dark,03 - P.D. only,04 - Sideswipe,Downtown
1488,BAY ST @ WELLINGTON ST,366813.0417,5031350.324,-75.70761979,45.41933954,2016-06-10,23:05,01 - Clear,01 - Dry,01 - Traffic signal,02 - Intersection related,07 - Dark,03 - P.D. only,03 - Rear end,Downtown
1489,BAY ST @ WELLINGTON ST,366813.8698,5031352.809,-75.70760889,45.41936182,2016-12-19,8:23,01 - Clear,05 - Packed snow,01 - Traffic signal,02 - Intersection related,01 - Daylight,03 - P.D. only,04 - Sideswipe,Downtown
1490,BAY ST btwn MACLAREN ST & GILMOUR ST,367298.6218,5030560.147,-75.70151604,45.41218656,2016-12-31,23:55,03 - Snow,04 - Slush,10 - No control,01 - Non intersection,07 - Dark,03 - P.D. only,04 - Sideswipe,Centretown
1491,BAY ST btwn SLATER ST & LAURIER AVE W,366994.8943,5031060.788,-75.70533291,45.41671824,2016-08-18,14:12,01 - Clear,01 - Dry,10 - No control,04 - At/near private drive,01 - Daylight,03 - P.D. only,05 - Turning movement,Downtown
1492,BAY ST btwn SLATER ST & LAURIER AVE W,367019.6661,5031020.244,-75.70502155,45.41635123,2016-04-16,12:53,01 - Clear,01 - Dry,10 - No control,01 - Non intersection,01 - Daylight,03 - P.D. only,04 - Sideswipe,Downtown
1493,BAYCREST DR @ CEDARWOOD DR,371229.7263,5026790.778,-75.65180507,45.37790912,2016-12-26,14:35,04 - Freezing Rain,06 - Ice,02 - Stop sign,03 - At intersection,01 - Daylight,03 - P.D. only,02 - Angle,Ledbury - Heron Gate - Ridgemont - Elmwood
1494,BAYCREST DR @ SANDALWOOD DR,371357.4286,5026703.627,-75.65018646,45.37711284,2016-10-29,12:28,01 - Clear,02 - Wet,03 - Yield sign,02 - Intersection related,01 - Daylight,03 - P.D. only,02 - Angle,Ledbury - Heron Gate - Ridgemont - Elmwood
1495,BAYCREST DR @ WALKLEY RD,371420.9801,5026592.403,-75.64939012,45.37610605,2016-05-17,11:19,01 - Clear,01 - Dry,01 - Traffic signal,03 - At intersection,01 - Daylight,02 - Non-fatal injury,02 - Angle,Ledbury - Heron Gate - Ridgemont - Elmwood
1496,BAYCREST DR @ WALKLEY RD,371422.407,5026590.752,-75.64937212,45.37609106,2016-06-09,13:07,01 - Clear,01 - Dry,01 - Traffic signal,03 - At intersection,01 - Daylight,02 - Non-fatal injury,05 - Turning movement,Ledbury - Heron Gate - Ridgemont - Elmwood
1497,BAYCREST DR @ WALKLEY RD,371421.7306,5026590.297,-75.64938082,45.37608703,2016-09-01,21:27,01 - Clear,01 - Dry,01 - Traffic signal,03 - At intersection,07 - Dark,03 - P.D. only,04 - Sideswipe,Ledbury - Heron Gate - Ridgemont - Elmwood
1498,BAYCREST DR @ WALKLEY RD,371420.9317,5026590.261,-75.64939102,45.37608678,2016-03-22,8:49,01 - Clear,01 - Dry,01 - Traffic signal,03 - At intersection,01 - Daylight,03 - P.D. only,03 - Rear end,Ledbury - Heron Gate - Ridgemont - Elmwood
1499,BAYCREST DR @ WALKLEY RD,371421.2486,5026590.425,-75.64938696,45.37608823,2016-05-13,20:24,01 - Clear,01 - Dry,01 - Traffic signal,03 - At intersection,05 - Dusk,03 - P.D. only,03 - Rear end,Ledbury - Heron Gate - Ridgemont - Elmwood
1500,BAYCREST DR @ WALKLEY RD,371421.9501,5026590.747,-75.64937796,45.37609106,2016-09-23,16:46,01 - Clear,01 - Dry,01 - Traffic signal,03 - At intersection,01 - Daylight,03 - P.D. only,02 - Angle,Ledbury - Heron Gate - Ridgemont - Elmwood
1501,BAYCREST DR @ WALKLEY RD,371420.9246,5026590.749,-75.64939105,45.37609117,2016-06-15,7:30,01 - Clear,01 - Dry,01 - Traffic signal,03 - At intersection,01 - Daylight,03 - P.D. only,02 - Angle,Ledbury - Heron Gate - Ridgemont - Elmwood
1502,BAYCREST DR @ WALKLEY RD,371421.9501,5026590.307,-75.64937802,45.3760871,2016-10-27,10:40,01 - Clear,01 - Dry,01 - Traffic signal,02 - Intersection related,01 - Daylight,03 - P.D. only,04 - Sideswipe,Ledbury - Heron Gate - Ridgemont - Elmwood
1503,BAYCREST DR @ WALKLEY RD,371421.9501,5026590.747,-75.64937796,45.37609106,2016-11-04,12:42,01 - Clear,01 - Dry,01 - Traffic signal,02 - Intersection related,01 - Daylight,03 - P.D. only,03 - Rear end,Ledbury - Heron Gate - Ridgemont - Elmwood
1504,BAYCREST DR btwn CEDARWOOD DR & SANDALWOOD DR,371274.4779,5026757.998,-75.65123815,45.37760993,2016-07-03,19:13,01 - Clear,01 - Dry,10 - No control,01 - Non intersection,01 - Daylight,02 - Non-fatal injury,07 - SMV other,Ledbury - Heron Gate - Ridgemont - Elmwood
1505,BAYCREST DR btwn CEDARWOOD DR & SANDALWOOD DR,371237.4955,5026781.767,-75.6517071,45.3778273,2016-02-17,14:44,01 - Clear,02 - Wet,10 - No control,01 - Non intersection,01 - Daylight,03 - P.D. only,04 - Sideswipe,Ledbury - Heron Gate - Ridgemont - Elmwood
1506,BAYCREST DR btwn HERON RD & CEDARWOOD DR,371174.2182,5026881.756,-75.65250151,45.37873297,2016-05-26,8:11,01 - Clear,01 - Dry,10 - No control,01 - Non intersection,01 - Daylight,02 - Non-fatal injury,03 - Rear end,Ledbury - Heron Gate - Ridgemont - Elmwood
1507,BAYCREST DR btwn HERON RD & CEDARWOOD DR,371191.446,5026856.802,-75.65228491,45.37850681,2016-12-17,0:00,04 - Freezing Rain,03 - Loose snow,10 - No control,01 - Non intersection,00 - Unknown,03 - P.D. only,06 - SMV unattended vehicle,Ledbury - Heron Gate - Ridgemont - Elmwood
1508,BAYFIELD AVE @ CARLING AVE,352347.1623,5022370.161,-75.89331234,45.33966764,2016-08-24,11:03,01 - Clear,01 - Dry,02 - Stop sign,03 - At intersection,01 - Daylight,02 - Non-fatal injury,03 - Rear end,Greenbelt
1509,BAYFIELD AVE @ CARLING AVE,352347.4257,5022371.233,-75.89330887,45.33967727,2016-03-29,7:59,01 - Clear,01 - Dry,02 - Stop sign,02 - Intersection related,01 - Daylight,03 - P.D. only,02 - Angle,Greenbelt
1510,BAYFIELD AVE @ CARLING AVE,352345.5291,5022370.841,-75.89333311,45.33967387,2016-04-06,17:09,03 - Snow,03 - Loose snow,02 - Stop sign,03 - At intersection,01 - Daylight,03 - P.D. only,03 - Rear end,Greenbelt
1511,BAYNE AVE btwn DAVID DR & MEADOWLANDS DR W,364744.7448,5023733.123,-75.73497039,45.35098166,2016-05-11,17:36,01 - Clear,01 - Dry,10 - No control,04 - At/near private drive,01 - Daylight,02 - Non-fatal injury,07 - SMV other,Crestview - Meadowlands
1512,BAYNES SOUND WAY @ BLUE ASTER ST E,364192.4721,5012360.323,-75.74338034,45.2486966,2016-02-09,9:16,01 - Clear,03 - Loose snow,02 - Stop sign,02 - Intersection related,01 - Daylight,03 - P.D. only,06 - SMV unattended vehicle,New Barrhaven
1513,BAYSHORE DR @ BAYSHORE CS,359143.8594,5023738.621,-75.80644413,45.35148752,2016-03-26,12:23,01 - Clear,01 - Dry,01 - Traffic signal,02 - Intersection related,01 - Daylight,03 - P.D. only,04 - Sideswipe,Bayshore
1514,BAYSHORE DR @ RICHMOND RD,359371.0289,5023367.284,-75.80358611,45.34812859,2016-10-18,7:58,01 - Clear,02 - Wet,01 - Traffic signal,02 - Intersection related,01 - Daylight,03 - P.D. only,07 - SMV other,Bayshore
1515,BAYSHORE DR @ RICHMOND RD,359372.0266,5023369.185,-75.80357317,45.34814561,2016-01-28,6:30,01 - Clear,01 - Dry,01 - Traffic signal,03 - At intersection,07 - Dark,03 - P.D. only,04 - Sideswipe,Bayshore
1516,BAYSHORE DR @ RICHMOND RD,359372.0266,5023368.745,-75.80357321,45.34814166,2016-02-11,8:40,03 - Snow,03 - Loose snow,01 - Traffic signal,02 - Intersection related,01 - Daylight,03 - P.D. only,04 - Sideswipe,Bayshore
1517,BAYSHORE DR @ RICHMOND RD,359373.5134,5023368.112,-75.80355431,45.34813584,2016-11-01,10:54,01 - Clear,01 - Dry,01 - Traffic signal,02 - Intersection related,01 - Daylight,03 - P.D. only,03 - Rear end,Bayshore
1518,BAYSHORE DR @ RICHMOND RD,359372.9125,5023368.98,-75.80356188,45.3481437,2016-08-10,10:16,01 - Clear,01 - Dry,01 - Traffic signal,03 - At intersection,01 - Daylight,03 - P.D. only,02 - Angle,Bayshore
1519,BAYSHORE DR @ RICHMOND RD,359372.8528,5023368.38,-75.80356271,45.34813831,2016-03-08,19:45,01 - Clear,02 - Wet,01 - Traffic signal,02 - Intersection related,07 - Dark,03 - P.D. only,03 - Rear end,Bayshore
1520,BAYSHORE DR @ RICHMOND RD,359372.4657,5023367.867,-75.80356771,45.34813372,2016-11-19,12:54,01 - Clear,01 - Dry,01 - Traffic signal,02 - Intersection related,01 - Daylight,03 - P.D. only,99 - Other,Bayshore
1521,BAYSHORE DR @ RICHMOND RD,359371.857,5023368.94,-75.80357536,45.34814342,2016-12-31,14:13,03 - Snow,03 - Loose snow,01 - Traffic signal,02 - Intersection related,01 - Daylight,03 - P.D. only,04 - Sideswipe,Bayshore
1522,BAYSHORE DR @ RICHMOND RD,359372.4676,5023369.191,-75.80356754,45.34814563,2016-12-03,16:56,01 - Clear,01 - Dry,01 - Traffic signal,03 - At intersection,07 - Dark,03 - P.D. only,05 - Turning movement,Bayshore
1523,BAYSHORE DR @ WOODRIDGE CRES N,359070.1462,5023875.783,-75.80736976,45.35272741,2016-02-16,13:09,03 - Snow,03 - Loose snow,01 - Traffic signal,03 - At intersection,01 - Daylight,02 - Non-fatal injury,07 - SMV other,Bayshore
1524,BAYSHORE DR @ WOODRIDGE CRES N,359072.2653,5023873.476,-75.80734297,45.35270649,2016-02-04,20:02,01 - Clear,01 - Dry,01 - Traffic signal,03 - At intersection,07 - Dark,02 - Non-fatal injury,07 - SMV other,Bayshore
1525,BAYSHORE DR @ WOODRIDGE CRES N,359072.871,5023874.664,-75.80733511,45.35271713,2016-11-20,14:45,03 - Snow,06 - Ice,01 - Traffic signal,02 - Intersection related,01 - Daylight,03 - P.D. only,03 - Rear end,Bayshore
1526,BAYSHORE DR @ WOODRIDGE CRES N,359072.1991,5023874.854,-75.80734367,45.3527189,2016-04-09,11:27,01 - Clear,01 - Dry,01 - Traffic signal,02 - Intersection related,01 - Daylight,03 - P.D. only,05 - Turning movement,Bayshore
1527,BAYSHORE DR @ WOODRIDGE CRES N,359072.0428,5023873.008,-75.80734586,45.3527023,2016-12-26,19:23,04 - Freezing Rain,06 - Ice,01 - Traffic signal,02 - Intersection related,07 - Dark,03 - P.D. only,03 - Rear end,Bayshore
1528,BAYSHORE DR @ WOODRIDGE CRES S,359234.7095,5023509.799,-75.80530995,45.34942153,2016-12-04,23:42,01 - Clear,01 - Dry,01 - Traffic signal,03 - At intersection,07 - Dark,03 - P.D. only,05 - Turning movement,Bayshore
1529,BAYSHORE DR btwn CARLING AVE & WOODRIDGE CRES N,359033.5893,5023938.153,-75.80782945,45.35329145,2016-04-30,10:50,01 - Clear,01 - Dry,10 - No control,04 - At/near private drive,01 - Daylight,03 - P.D. only,05 - Turning movement,Bayshore
1530,BAYSHORE DR btwn WOODRIDGE CRES & HWY417 IC130 RAMP66,359260.17,5023490.044,-75.80498722,45.3492418,2016-12-18,17:16,01 - Clear,05 - Packed snow,10 - No control,01 - Non intersection,07 - Dark,03 - P.D. only,04 - Sideswipe,Bayshore
1531,BAYSHORE DR btwn WOODRIDGE CRES N & BAYSHORE CS,359090.1988,5023847.772,-75.80711693,45.35247382,2016-05-07,12:54,01 - Clear,01 - Dry,10 - No control,01 - Non intersection,01 - Daylight,03 - P.D. only,04 - Sideswipe,Bayshore
1532,BAYSHORE DR btwn WOODRIDGE CRES S & BAYSHORE CS,359176.9785,5023619.114,-75.80603463,45.35040963,2016-02-10,19:26,03 - Snow,04 - Slush,10 - No control,04 - At/near private drive,07 - Dark,03 - P.D. only,01 - Approaching,Bayshore
1533,BAYSHORE DR btwn WOODRIDGE CRES S & BAYSHORE CS,359227.7415,5023517.629,-75.805398,45.34949253,2016-10-27,8:33,01 - Clear,01 - Dry,10 - No control,01 - Non intersection,01 - Daylight,03 - P.D. only,04 - Sideswipe,Bayshore
1534,BAYSHORE DR btwn WOODRIDGE CRES S & BAYSHORE CS,359210.1816,5023545.758,-75.80561899,45.34974699,2016-12-10,16:50,01 - Clear,02 - Wet,10 - No control,04 - At/near private drive,05 - Dusk,03 - P.D. only,02 - Angle,Bayshore
1535,BAYSHORE DR btwn WOODRIDGE CRES S & BAYSHORE CS,359180.6669,5023601.431,-75.8059895,45.35025023,2016-12-26,12:37,04 - Freezing Rain,06 - Ice,10 - No control,04 - At/near private drive,01 - Daylight,03 - P.D. only,02 - Angle,Bayshore
1536,BAYSHORE DR btwn WOODRIDGE CRES S & BAYSHORE CS,359192.2611,5023573.688,-75.8058446,45.3499997,2016-12-23,15:16,01 - Clear,01 - Dry,10 - No control,04 - At/near private drive,01 - Daylight,03 - P.D. only,02 - Angle,Bayshore
1537,BAYSHORE DR SB btwn WOODRIDGE CRES & BAYSHORE DR SB RAMPS TO RICHMOND ,359259.3419,5023480.106,-75.80499888,45.34915244,2016-12-27,16:55,03 - Snow,06 - Ice,10 - No control,04 - At/near private drive,07 - Dark,03 - P.D. only,04 - Sideswipe,Bayshore
1538,BAYSWATER AVE @ CARLING AVE,366365.4813,5028642.336,-75.71367616,45.39501331,2016-10-14,14:59,01 - Clear,01 - Dry,02 - Stop sign,02 - Intersection related,01 - Daylight,02 - Non-fatal injury,04 - Sideswipe,Centretown West
1539,BAYSWATER AVE @ GLADSTONE AVE,366001.5326,5029477.496,-75.71822051,45.40255978,2016-10-02,13:33,02 - Rain,02 - Wet,01 - Traffic signal,02 - Intersection related,01 - Daylight,02 - Non-fatal injury,03 - Rear end,Civi
1540,BAYSWATER AVE @ GLADSTONE AVE,366001.8318,5029479.34,-75.71821646,45.40257635,2016-06-14,17:42,01 - Clear,01 - Dry,01 - Traffic signal,02 - Intersection related,01 - Daylight,03 - P.D. only,03 - Rear end,Civi
1541,BAYSWATER AVE @ GLADSTONE AVE,366002.3607,5029480.808,-75.71820952,45.40258951,2016-11-12,18:01,01 - Clear,01 - Dry,01 - Traffic signal,02 - Intersection related,07 - Dark,03 - P.D. only,03 - Rear end,Civi
1542,BAYSWATER AVE @ SOMERSET ST,365812.0419,5029911.348,-75.72058713,45.40648002,2016-08-27,11:09,01 - Clear,01 - Dry,01 - Traffic signal,03 - At intersection,01 - Daylight,03 - P.D. only,04 - Sideswipe,Centretow
1543,BAYSWATER AVE @ SOMERSET ST,365813.3739,5029912.241,-75.72057,45.40648793,2016-04-06,19:49,03 - Snow,03 - Loose snow,01 - Traffic signal,02 - Intersection related,07 - Dark,03 - P.D. only,07 - SMV other,Centretow
1544,BAYSWATER AVE @ SOMERSET ST,365811.8723,5029910.325,-75.72058942,45.40647083,2016-12-18,17:41,03 - Snow,03 - Loose snow,01 - Traffic signal,02 - Intersection related,07 - Dark,03 - P.D. only,99 - Other,Centretow
1545,BAYSWATER AVE @ SOMERSET ST,365816.2736,5029912.937,-75.72053288,45.40649394,2016-12-20,19:05,01 - Clear,04 - Slush,01 - Traffic signal,03 - At intersection,07 - Dark,03 - P.D. only,05 - Turning movement,Centretow
1546,BAYSWATER AVE btwn WELLINGTON ST W & SOMERSET ST W,365792.7225,5029955.256,-75.72082847,45.40687677,2016-01-14,9:57,03 - Snow,03 - Loose snow,10 - No control,01 - Non intersection,01 - Daylight,03 - P.D. only,07 - SMV other,Centretow
1547,BAYVIEW DR btwn LEN PURCELL DR & BISHOP DAVIS DR,336738.2095,5039025.494,-76.09139221,45.49042224,2016-11-26,3:04,01 - Clear,01 - Dry,10 - No control,01 - Non intersection,07 - Dark,03 - P.D. only,07 - SMV other,Buckham'
1548,BAYVIEW DR btwn LEN PURCELL DR & STIVER RD,337319.1981,5040406.477,-76.0838679,45.50282178,2016-08-07,0:19,01 - Clear,01 - Dry,10 - No control,01 - Non intersection,07 - Dark,03 - P.D. only,06 - SMV unattended vehicle,Buckham'
1549,BAYVIEW DR W @ BISHOP DAVIS DR W,336773.329,5038969.82,-76.09094654,45.48991967,2016-07-09,1:55,02 - Rain,02 - Wet,02 - Stop sign,03 - At intersection,07 - Dark,03 - P.D. only,07 - SMV other,Buckham'
1550,BAYVIEW RD @ SCOTT ST/ALBERT ST,365519.1513,5030071.735,-75.72430863,45.40794861,2016-08-02,19:13,01 - Clear,01 - Dry,01 - Traffic signal,03 - At intersection,01 - Daylight,02 - Non-fatal injury,05 - Turning movement,Mechanicsville
1551,BAYVIEW RD @ SCOTT ST/ALBERT ST,365518.8352,5030071.792,-75.72431266,45.40794915,2016-02-10,8:11,03 - Snow,04 - Slush,01 - Traffic signal,03 - At intersection,01 - Daylight,02 - Non-fatal injury,05 - Turning movement,Mechanicsville
1552,BAYVIEW RD @ SCOTT ST/ALBERT ST,365520.5379,5030071.939,-75.72429089,45.40795032,2016-03-02,18:24,01 - Clear,02 - Wet,01 - Traffic signal,03 - At intersection,05 - Dusk,02 - Non-fatal injury,07 - SMV other,Mechanicsville
1553,BAYVIEW RD @ SCOTT ST/ALBERT ST,365519.023,5030071.607,-75.72431028,45.40794747,2016-06-16,8:38,01 - Clear,01 - Dry,01 - Traffic signal,03 - At intersection,01 - Daylight,02 - Non-fatal injury,05 - Turning movement,Mechanicsville
1554,BAYVIEW RD @ SCOTT ST/ALBERT ST,365518.1185,5030071.794,-75.72432181,45.40794923,2016-08-18,7:50,01 - Clear,01 - Dry,01 - Traffic signal,03 - At intersection,01 - Daylight,03 - P.D. only,04 - Sideswipe,Mechanicsville
1555,BAYVIEW RD @ SCOTT ST/ALBERT ST,365518.8175,5030071.784,-75.72431289,45.40794908,2016-09-15,13:14,01 - Clear,01 - Dry,01 - Traffic signal,03 - At intersection,01 - Daylight,03 - P.D. only,05 - Turning movement,Mechanicsville
1556,BAYVIEW RD @ SCOTT ST/ALBERT ST,365518.8175,5030071.345,-75.72431294,45.40794513,2016-12-15,17:07,01 - Clear,03 - Loose snow,01 - Traffic signal,03 - At intersection,07 - Dark,03 - P.D. only,05 - Turning movement,Mechanicsville
1557,BAYVIEW RD @ SCOTT ST/ALBERT ST,365519.8652,5030071.15,-75.72429958,45.40794328,2016-12-20,9:07,01 - Clear,04 - Slush,01 - Traffic signal,02 - Intersection related,01 - Daylight,03 - P.D. only,02 - Angle,Mechanicsville
1558,BEARBROOK RD @ WESTPARK DR S,377735.1066,5033568.388,-75.56775029,45.43824293,2016-06-13,19:53,01 - Clear,01 - Dry,02 - Stop sign,02 - Intersection related,01 - Daylight,02 - Non-fatal injury,03 - Rear end,Blackburn Hamlet
1559,BEARBROOK RD/ROCKCLIFFE PKWY @ ST. JOSEPH BLVD,377128.439,5035238.665,-75.57525811,45.45333402,2016-05-23,10:32,01 - Clear,01 - Dry,01 - Traffic signal,03 - At intersection,01 - Daylight,02 - Non-fatal injury,05 - Turning movement,Greenbelt
1560,BEARBROOK RD/ROCKCLIFFE PKWY @ ST. JOSEPH BLVD,377128.7343,5035240.006,-75.57525414,45.45334605,2016-06-06,15:37,01 - Clear,01 - Dry,01 - Traffic signal,03 - At intersection,01 - Daylight,02 - Non-fatal injury,05 - Turning movement,Greenbelt
1561,BEARBROOK RD/ROCKCLIFFE PKWY @ ST. JOSEPH BLVD,377129.1249,5035238.811,-75.57524932,45.45333526,2016-03-04,13:07,01 - Clear,01 - Dry,01 - Traffic signal,02 - Intersection related,01 - Daylight,03 - P.D. only,03 - Rear end,Greenbelt
1562,BEARBROOK RD/ROCKCLIFFE PKWY @ ST. JOSEPH BLVD,377126.9632,5035241.22,-75.5752766,45.45335716,2016-02-17,16:30,03 - Snow,03 - Loose snow,01 - Traffic signal,02 - Intersection related,01 - Daylight,03 - P.D. only,05 - Turning movement,Greenbelt
1563,BEARBROOK RD/ROCKCLIFFE PKWY @ ST. JOSEPH BLVD,377128.0757,5035239.372,-75.57526265,45.45334041,2016-03-01,15:40,01 - Clear,01 - Dry,01 - Traffic signal,02 - Intersection related,01 - Daylight,03 - P.D. only,03 - Rear end,Greenbelt
1564,BEARBROOK RD/ROCKCLIFFE PKWY @ ST. JOSEPH BLVD,377131.0269,5035244.004,-75.57522424,45.45338178,2016-03-03,22:56,01 - Clear,02 - Wet,01 - Traffic signal,03 - At intersection,07 - Dark,03 - P.D. only,05 - Turning movement,Greenbelt
1565,BEARBROOK RD/ROCKCLIFFE PKWY @ ST. JOSEPH BLVD,377121.0879,5035244.004,-75.5753513,45.45338281,2016-03-11,20:17,01 - Clear,01 - Dry,01 - Traffic signal,03 - At intersection,07 - Dark,03 - P.D. only,05 - Turning movement,Greenbelt
1566,BEARBROOK RD/ROCKCLIFFE PKWY @ ST. JOSEPH BLVD,377128.0757,5035239.812,-75.57526259,45.45334437,2016-02-04,18:00,01 - Clear,01 - Dry,01 - Traffic signal,03 - At intersection,07 - Dark,03 - P.D. only,05 - Turning movement,Greenbelt
1567,BEARBROOK RD/ROCKCLIFFE PKWY @ ST. JOSEPH BLVD,377129.4077,5035239.368,-75.57524562,45.45334024,2016-04-05,19:22,01 - Clear,01 - Dry,01 - Traffic signal,03 - At intersection,01 - Daylight,03 - P.D. only,05 - Turning movement,Greenbelt
1568,BEARBROOK RD/ROCKCLIFFE PKWY @ ST. JOSEPH BLVD,377128.5148,5035240.251,-75.57525691,45.45334828,2016-01-20,7:38,01 - Clear,02 - Wet,01 - Traffic signal,02 - Intersection related,03 - Dawn,03 - P.D. only,03 - Rear end,Greenbelt
1569,BEARBROOK RD/ROCKCLIFFE PKWY @ ST. JOSEPH BLVD,377131.8135,5035245.158,-75.57521402,45.45339209,2016-03-03,15:38,01 - Clear,01 - Dry,01 - Traffic signal,02 - Intersection related,01 - Daylight,03 - P.D. only,03 - Rear end,Greenbelt
1570,BEARBROOK RD/ROCKCLIFFE PKWY @ ST. JOSEPH BLVD,377129.4133,5035238.77,-75.57524564,45.45333486,2016-02-18,8:25,01 - Clear,06 - Ice,01 - Traffic signal,02 - Intersection related,01 - Daylight,03 - P.D. only,03 - Rear end,Greenbelt
1571,BEARBROOK RD/ROCKCLIFFE PKWY @ ST. JOSEPH BLVD,377128.4015,5035239.905,-75.57525841,45.45334518,2016-11-17,7:49,01 - Clear,01 - Dry,01 - Traffic signal,02 - Intersection related,01 - Daylight,03 - P.D. only,03 - Rear end,Greenbelt
1572,BEARBROOK RD/ROCKCLIFFE PKWY @ ST. JOSEPH BLVD,377128.0315,5035242.833,-75.57526271,45.45337156,2016-11-17,8:33,01 - Clear,01 - Dry,01 - Traffic signal,02 - Intersection related,01 - Daylight,03 - P.D. only,03 - Rear end,Greenbelt
1573,BEATRICE DR @ CLARIDGE DR,365145.9115,5016523.61,-75.73072941,45.28607672,2016-02-26,8:30,01 - Clear,06 - Ice,02 - Stop sign,03 - At intersection,01 - Daylight,03 - P.D. only,02 - Angle,Greenbelt
1574,BEATRICE DR @ CLARIDGE DR,365145.9056,5016523.021,-75.73072955,45.28607142,2016-03-10,8:10,01 - Clear,02 - Wet,02 - Stop sign,02 - Intersection related,01 - Daylight,03 - P.D. only,03 - Rear end,Greenbelt
1575,BEATRICE DR @ CLARIDGE DR,365146.1428,5016522.585,-75.73072658,45.28606747,2016-01-05,8:54,01 - Clear,06 - Ice,02 - Stop sign,03 - At intersection,01 - Daylight,03 - P.D. only,02 - Angle,Greenbelt
1576,BEATRICE DR @ CLARIDGE DR,365144.8602,5016523.084,-75.73074287,45.28607207,2016-01-20,9:02,01 - Clear,01 - Dry,02 - Stop sign,03 - At intersection,01 - Daylight,03 - P.D. only,02 - Angle,Greenbelt
1577,BEATRICE DR @ STRANDHERD DR,365527.5965,5015321.701,-75.72601131,45.27522911,2016-08-31,13:47,01 - Clear,01 - Dry,01 - Traffic signal,03 - At intersection,01 - Daylight,02 - Non-fatal injury,02 - Angle,New Barrhaven