Record,Location,X,Y,lon,lat,Date,Time,Environment,Road_Surface,Traffic_Control,Collision_Location,Light,Collision_Classification,Impact_type,Neighborhood
1578,BEATRICE DR btwn GLEESON WAY & DEERFOX DR,365377.8035,5015718.232,-75.7278719,45.27881001,2016-02-25,19:00,01 - Clear,02 - Wet,10 - No control,01 - Non intersection,07 - Dark,03 - P.D. only,06 - SMV unattended vehicle,New Barrhaven
1579,BEATRICE DR btwn KILBARRON RD & LETOURNEAU ST,364991.0558,5016682.58,-75.73268399,45.2875204,2016-12-02,17:20,01 - Clear,01 - Dry,10 - No control,01 - Non intersection,07 - Dark,03 - P.D. only,06 - SMV unattended vehicle,Greenbelt
1580,BEATRICE DR btwn NO NAME & HOLLOWBROOK DR,365482.3635,5015096.947,-75.72661524,45.27321069,2016-05-22,10:54,01 - Clear,01 - Dry,10 - No control,04 - At/near private drive,01 - Daylight,03 - P.D. only,04 - Sideswipe,New Barrhaven
1581,BEAUFORT DR @ HERSCHEL CRES E,352563.413,5019280.461,-75.89085125,45.31185121,2016-03-08,7:33,01 - Clear,02 - Wet,,03 - At intersection,01 - Daylight,03 - P.D. only,02 - Angle,Katimavik - Hazeldean
1582,BEAUSEJOUR DR @ CHAMPNEUF DR,381546.5212,5036132.568,-75.51864012,45.46090539,2016-07-27,7:20,01 - Clear,01 - Dry,02 - Stop sign,03 - At intersection,01 - Daylight,03 - P.D. only,02 - Angle,Orleans Village - Chateauneuf
1583,BEAUSEJOUR DR @ JEANNE D'ARC BLVD,381420.9666,5036061.669,-75.52025641,45.46028128,2016-02-13,14:05,01 - Clear,01 - Dry,01 - Traffic signal,02 - Intersection related,01 - Daylight,03 - P.D. only,03 - Rear end,Orleans Village - Chateauneuf
1584,BEAUSEJOUR DR @ JEANNE D'ARC BLVD,381420.5276,5036060.352,-75.52026222,45.46026948,2016-02-13,13:45,01 - Clear,01 - Dry,01 - Traffic signal,03 - At intersection,01 - Daylight,03 - P.D. only,02 - Angle,Orleans Village - Chateauneuf
1585,BEAUSEJOUR DR @ JEANNE D'ARC BLVD,381420.0885,5036060.791,-75.52026777,45.46027347,2016-01-26,13:39,02 - Rain,02 - Wet,01 - Traffic signal,02 - Intersection related,01 - Daylight,03 - P.D. only,03 - Rear end,Orleans Village - Chateauneuf
1586,BEAUSEJOUR DR @ JEANNE D'ARC BLVD,381419.3181,5036061.446,-75.52027752,45.46027945,2016-01-05,8:28,01 - Clear,02 - Wet,01 - Traffic signal,03 - At intersection,01 - Daylight,03 - P.D. only,05 - Turning movement,Orleans Village - Chateauneuf
1587,BEAUSEJOUR DR @ JEANNE D'ARC BLVD,381420.5216,5036060.346,-75.5202623,45.46026942,2016-06-19,17:45,01 - Clear,01 - Dry,01 - Traffic signal,03 - At intersection,01 - Daylight,03 - P.D. only,05 - Turning movement,Orleans Village - Chateauneuf
1588,BEAUSEJOUR DR @ JEANNE D'ARC BLVD,381421.5753,5036062.642,-75.52024847,45.46028996,2016-12-11,16:52,01 - Clear,01 - Dry,01 - Traffic signal,02 - Intersection related,05 - Dusk,03 - P.D. only,03 - Rear end,Orleans Village - Chateauneuf
1589,BEAUSEJOUR DR @ JEANNE D'ARC BLVD,381421.1398,5036060.127,-75.52025443,45.46026738,2016-12-18,10:35,03 - Snow,03 - Loose snow,01 - Traffic signal,02 - Intersection related,01 - Daylight,03 - P.D. only,03 - Rear end,Orleans Village - Chateauneuf
1590,BEAUSOLEIL DR @ CLARENCE ST,368601.9241,5032845.483,-75.68457071,45.43263159,2016-11-14,19:49,01 - Clear,01 - Dry,02 - Stop sign,03 - At intersection,07 - Dark,02 - Non-fatal injury,02 - Angle,Lower Town
1591,BEAUSOLEIL DR @ OLD ST. PATRICK ST,368516.8086,5032987.591,-75.68564004,45.43391799,2016-04-19,16:27,01 - Clear,01 - Dry,02 - Stop sign,02 - Intersection related,01 - Daylight,03 - P.D. only,03 - Rear end,Lower Town
1592,BEAUSOLEIL DR btwn OLD ST. PATRICK ST & MURRAY ST,368540.7273,5032948.306,-75.68533946,45.43356234,2016-02-16,18:00,03 - Snow,04 - Slush,10 - No control,01 - Non intersection,05 - Dusk,03 - P.D. only,06 - SMV unattended vehicle,Lower Town
1593,BEAVER RDG @ EAGLE LANE,365232.8194,5024490.851,-75.72864941,45.3577577,2016-03-07,15:41,01 - Clear,01 - Dry,02 - Stop sign,03 - At intersection,01 - Daylight,03 - P.D. only,05 - Turning movement,Cityview - Skyline - Fisher Heights
1594,BEAVER RDG btwn COMMANCHE DR & LEAVER AVE,364950.8702,5024571.389,-75.73223802,45.35850661,2016-02-24,14:39,03 - Snow,06 - Ice,10 - No control,01 - Non intersection,01 - Daylight,03 - P.D. only,01 - Approaching,Cityview - Skyline - Fisher Heights
1595,BEAVERBROOK LANE btwn BEAVERBROOK RD & TERON RD,351762.5291,5021320.944,-75.90087123,45.33026595,2016-08-04,13:36,01 - Clear,01 - Dry,10 - No control,04 - At/near private drive,01 - Daylight,03 - P.D. only,03 - Rear end,Beaverbrook
1596,BEAVERPOND DR @ BLAIR RD,375399.5104,5031873.908,-75.59784282,45.42323671,2016-07-14,20:47,01 - Clear,01 - Dry,01 - Traffic signal,02 - Intersection related,05 - Dusk,03 - P.D. only,03 - Rear end,Pineview
1597,BEAVERTAIL RD @ OLD ALMONTE RD,341307.4875,5014600.975,-76.03474215,45.27041839,2016-11-05,6:01,01 - Clear,01 - Dry,02 - Stop sign,02 - Intersection related,07 - Dark,03 - P.D. only,07 - SMV other,Stittsville - Basswood
1598,BEAVERTAIL RD btwn OLD ALMONTE RD & RICHARDSON SIDE RD,341477.0464,5014417.376,-76.0325949,45.26875745,2016-03-23,18:33,01 - Clear,01 - Dry,10 - No control,01 - Non intersection,07 - Dark,01 - Fatal injury,07 - SMV other,Stittsville - Basswood
1599,BEAVERWOOD RD btwn Continuation of BEAVERWOOD RD & ANN ST,368824.8554,5009678.648,-75.68471785,45.22416088,2016-12-03,14:02,01 - Clear,01 - Dry,10 - No control,04 - At/near private drive,01 - Daylight,02 - Non-fatal injury,07 - SMV other,Manotick
1600,BECKENHAM LANE @ MONTREAL RD,374504.2053,5034383.137,-75.60892683,45.44590315,2016-01-05,3:43,01 - Clear,01 - Dry,02 - Stop sign,02 - Intersection related,07 - Dark,03 - P.D. only,07 - SMV other,Beacon Hill South - Cardinal Heights
1601,BECKWITH BOUNDARY RD @ ASHTON STATION RD,348809.8318,4993484.731,-75.94099733,45.07997399,2016-03-26,9:39,01 - Clear,06 - Ice,02 - Stop sign,02 - Intersection related,01 - Daylight,03 - P.D. only,07 - SMV other,Munster Hamlet - Richmond
1602,BEECH ST @ LORETTA AVE,366382.0419,5029142.222,-75.71340226,45.3995097,2016-09-23,8:27,02 - Rain,02 - Wet,02 - Stop sign,02 - Intersection related,01 - Daylight,02 - Non-fatal injury,07 - SMV other,Centretown West
1603,BEECH ST @ ROCHESTER ST,366855.8703,5029341.32,-75.7073255,45.4012593,2016-11-04,15:20,01 - Clear,01 - Dry,02 - Stop sign,02 - Intersection related,01 - Daylight,02 - Non-fatal injury,03 - Rear end,Little Italy
1604,BEECH ST @ ROCHESTER ST,366857.5267,5029342.149,-75.70730424,45.40126661,2016-12-17,22:24,03 - Snow,05 - Packed snow,02 - Stop sign,03 - At intersection,07 - Dark,03 - P.D. only,02 - Angle,Little Italy
1605,BEECH ST btwn BAYSWATER AVE & BREEZEHILL AVE S,366237.601,5029078.044,-75.71525505,45.39894494,2016-02-12,9:00,01 - Clear,06 - Ice,10 - No control,04 - At/near private drive,01 - Daylight,03 - P.D. only,07 - SMV other,Centretown West
1606,BEECH ST btwn BREEZEHILL AVE S & LORETTA AVE S,366344.8099,5029126.72,-75.71387972,45.39937349,2016-04-21,8:48,01 - Clear,01 - Dry,10 - No control,01 - Non intersection,01 - Daylight,02 - Non-fatal injury,04 - Sideswipe,Centretown West
1607,BEECH ST btwn CHAMPAGNE AVE S & RAILWAY ST,366514.5146,5029198.036,-75.71170334,45.40000024,2016-12-22,11:18,01 - Clear,02 - Wet,10 - No control,01 - Non intersection,01 - Daylight,03 - P.D. only,07 - SMV other,Centretown West
1608,BEECH ST btwn PRESTON ST & ROCHESTER ST,366691.502,5029272.41,-75.70943351,45.40065381,2016-01-23,17:55,01 - Clear,01 - Dry,10 - No control,01 - Non intersection,07 - Dark,03 - P.D. only,06 - SMV unattended vehicle,Little Italy
1609,BEECH ST btwn PRESTON ST & ROCHESTER ST,366830.9782,5029331.487,-75.70764467,45.40117303,2016-02-17,9:26,03 - Snow,05 - Packed snow,10 - No control,01 - Non intersection,01 - Daylight,03 - P.D. only,06 - SMV unattended vehicle,Little Italy
1610,BEECH ST btwn PRESTON ST & ROCHESTER ST,366764.7117,5029304.143,-75.70849448,45.40093286,2016-05-31,15:38,01 - Clear,01 - Dry,10 - No control,01 - Non intersection,01 - Daylight,03 - P.D. only,04 - Sideswipe,Little Italy
1611,BEECH ST btwn RAILWAY ST & PRESTON ST,366669.7677,5029262.53,-75.70971235,45.40056684,2016-11-16,18:30,01 - Clear,01 - Dry,10 - No control,01 - Non intersection,07 - Dark,03 - P.D. only,04 - Sideswipe,Little Italy
1612,BEECHWOOD AVE @ CHARLEVOIX ST/MACKAY ST,369186.093,5033592.129,-75.67700778,45.43929608,2016-03-03,18:12,01 - Clear,02 - Wet,01 - Traffic signal,03 - At intersection,05 - Dusk,03 - P.D. only,05 - Turning movement,Lindenlea - New Edinburgh
1613,BEECHWOOD AVE @ CORONA AVE,369697.0582,5034149.183,-75.67040378,45.44426098,2016-12-17,11:22,03 - Snow,03 - Loose snow,02 - Stop sign,03 - At intersection,01 - Daylight,03 - P.D. only,02 - Angle,Rockcliffe - Manor Park
1614,BEECHWOOD AVE @ LOYER ST,369300.7049,5033688.596,-75.67553031,45.44015349,2016-02-19,19:00,03 - Snow,04 - Slush,02 - Stop sign,03 - At intersection,07 - Dark,03 - P.D. only,02 - Angle,Lindenlea
1615,BEECHWOOD AVE @ MARIER AVE/PUTMAN AVE,369606.5347,5033906.351,-75.67159282,45.44208447,2016-10-18,10:06,01 - Clear,02 - Wet,01 - Traffic signal,02 - Intersection related,01 - Daylight,02 - Non-fatal injury,03 - Rear end,Vanier North
1616,BEECHWOOD AVE @ MARIER AVE/PUTMAN AVE,369607.3628,5033907.179,-75.67158213,45.44209185,2016-12-13,8:29,01 - Clear,02 - Wet,01 - Traffic signal,03 - At intersection,01 - Daylight,03 - P.D. only,04 - Sideswipe,Vanier North
1617,BEECHWOOD AVE @ SPRINGFIELD RD,369238.3577,5033651.519,-75.67633202,45.43982563,2016-10-31,13:02,01 - Clear,01 - Dry,01 - Traffic signal,03 - At intersection,01 - Daylight,02 - Non-fatal injury,07 - SMV other,Vanier North
1618,BEECHWOOD AVE @ SPRINGFIELD RD,369236.0428,5033653.369,-75.67636136,45.43984249,2016-01-13,15:15,01 - Clear,01 - Dry,01 - Traffic signal,02 - Intersection related,01 - Daylight,03 - P.D. only,03 - Rear end,Vanier North
1619,BEECHWOOD AVE @ ST. CHARLES ST,369415.4892,5033785.376,-75.67405054,45.44101367,2016-05-12,8:52,01 - Clear,01 - Dry,01 - Traffic signal,02 - Intersection related,01 - Daylight,03 - P.D. only,03 - Rear end,Vanier North
1620,BEECHWOOD AVE @ STE. CECILE ST,369650.9288,5033965.379,-75.67101762,45.44261147,2016-01-23,16:30,01 - Clear,01 - Dry,02 - Stop sign,02 - Intersection related,01 - Daylight,02 - Non-fatal injury,03 - Rear end,Vanier North
1621,BEECHWOOD AVE btwn CHAPLEAU AVE & PUTMAN AVE,369556.6873,5033873.958,-75.67223421,45.44179763,2016-01-23,12:09,01 - Clear,01 - Dry,10 - No control,01 - Non intersection,01 - Daylight,03 - P.D. only,02 - Angle,Vanier North
1622,BEECHWOOD AVE btwn CHAPLEAU AVE & PUTMAN AVE,369550.7919,5033871.669,-75.67230986,45.44177758,2016-05-06,10:08,01 - Clear,01 - Dry,10 - No control,01 - Non intersection,01 - Daylight,03 - P.D. only,04 - Sideswipe,Vanier North
1623,BEECHWOOD AVE btwn CHAPLEAU AVE & PUTMAN AVE,369568.7021,5033881.948,-75.67207959,45.44186841,2016-12-21,12:25,01 - Clear,02 - Wet,10 - No control,04 - At/near private drive,01 - Daylight,03 - P.D. only,06 - SMV unattended vehicle,Lindenlea
1624,BEECHWOOD AVE btwn CORONA AVE & OAKHILL RD,369698.9418,5034154.597,-75.67037899,45.44430951,2016-07-21,20:25,01 - Clear,01 - Dry,10 - No control,04 - At/near private drive,01 - Daylight,03 - P.D. only,02 - Angle,Rockcliffe - Manor Park
1625,BEECHWOOD AVE btwn DOUGLAS AVE & LANGEVIN AVE,369309.6281,5033694.348,-75.6754155,45.44020442,2016-03-08,7:28,01 - Clear,01 - Dry,10 - No control,01 - Non intersection,01 - Daylight,03 - P.D. only,03 - Rear end,Lindenlea
1626,BEECHWOOD AVE btwn MACKAY ST & SPRINGFIELD RD,369220.9179,5033637.805,-75.67655671,45.43970385,2016-05-11,10:08,01 - Clear,01 - Dry,10 - No control,01 - Non intersection,01 - Daylight,03 - P.D. only,04 - Sideswipe,Vanier North
1627,BEECHWOOD AVE btwn MACKAY ST & SPRINGFIELD RD,369188.725,5033596.522,-75.67697357,45.43933536,2016-12-22,11:57,01 - Clear,02 - Wet,10 - No control,04 - At/near private drive,01 - Daylight,03 - P.D. only,05 - Turning movement,Vanier North
1628,BEECHWOOD AVE btwn SPRINGFIELD RD & LOYER ST,369241.8068,5033656.475,-75.67628729,45.43986991,2016-02-18,15:34,01 - Clear,02 - Wet,10 - No control,01 - Non intersection,01 - Daylight,03 - P.D. only,05 - Turning movement,Vanier North
1629,BEECHWOOD AVE btwn ST. PATRICK ST & MACKAY ST,369158.8521,5033540.738,-75.67736266,45.43883619,2016-12-22,6:03,03 - Snow,03 - Loose snow,10 - No control,01 - Non intersection,07 - Dark,02 - Non-fatal injury,07 - SMV other,Vanier North
1630,BEECHWOOD AVE btwn ST. PATRICK ST & MACKAY ST,369160.8263,5033546.825,-75.67733663,45.43889078,2016-03-30,20:42,01 - Clear,01 - Dry,10 - No control,01 - Non intersection,07 - Dark,03 - P.D. only,06 - SMV unattended vehicle,Vanier North
1631,BEECHWOOD AVE btwn ST. PATRICK ST & MACKAY ST,369133.3395,5033497.775,-75.67769435,45.43845198,2016-07-18,16:31,01 - Clear,01 - Dry,10 - No control,01 - Non intersection,01 - Daylight,03 - P.D. only,04 - Sideswipe,Vanier North
1632,BELANGER AVE @ CLEMENTINE BLVD,369465.4965,5027401.877,-75.67424887,45.38357265,2016-09-09,9:45,01 - Clear,01 - Dry,02 - Stop sign,02 - Intersection related,01 - Daylight,03 - P.D. only,99 - Other,Alta Vista
1633,BELANGER AVE btwn CLEMENTINE BLVD & BANK ST,369633.024,5027421.446,-75.67210727,45.38373324,2016-02-29,13:05,01 - Clear,02 - Wet,10 - No control,01 - Non intersection,01 - Daylight,03 - P.D. only,06 - SMV unattended vehicle,Alta Vista
1634,BELCOURT BLVD @ INNES RD,382123.7842,5035270.449,-75.51139531,45.45308511,2016-04-03,17:09,01 - Clear,01 - Dry,01 - Traffic signal,03 - At intersection,01 - Daylight,02 - Non-fatal injury,05 - Turning movement,Orleans Village - Chateauneuf
1635,BELCOURT BLVD @ INNES RD,382120.9203,5035267.269,-75.51143242,45.45305682,2016-10-11,18:39,01 - Clear,01 - Dry,01 - Traffic signal,03 - At intersection,07 - Dark,02 - Non-fatal injury,05 - Turning movement,Chapel Hill South
1636,BELCOURT BLVD @ INNES RD,382122.1144,5035266.342,-75.5114173,45.45304834,2016-10-04,17:49,01 - Clear,01 - Dry,01 - Traffic signal,03 - At intersection,01 - Daylight,02 - Non-fatal injury,03 - Rear end,Chapel Hill South
1637,BELCOURT BLVD @ INNES RD,382122.2375,5035266.391,-75.51141572,45.45304877,2016-02-05,15:16,01 - Clear,01 - Dry,01 - Traffic signal,02 - Intersection related,01 - Daylight,03 - P.D. only,03 - Rear end,Chapel Hill South
1638,BELCOURT BLVD @ INNES RD,382122.018,5035267.049,-75.51141842,45.45305472,2016-01-22,18:55,01 - Clear,01 - Dry,01 - Traffic signal,02 - Intersection related,07 - Dark,03 - P.D. only,03 - Rear end,Chapel Hill South
1639,BELCOURT BLVD @ INNES RD,382122.2523,5035265.937,-75.5114156,45.45304469,2016-04-29,16:15,01 - Clear,01 - Dry,01 - Traffic signal,02 - Intersection related,01 - Daylight,03 - P.D. only,05 - Turning movement,Chapel Hill South
1640,BELCOURT BLVD @ NOTRE DAME ST,381316.4224,5037214.906,-75.52141348,45.47066861,2016-05-27,7:45,01 - Clear,01 - Dry,02 - Stop sign,02 - Intersection related,01 - Daylight,03 - P.D. only,03 - Rear end,Orleans Village - Chateauneuf
1641,BELCOURT BLVD @ ST. JOSEPH BLVD,381204.5335,5037359.337,-75.52282179,45.47198033,2016-07-07,9:52,01 - Clear,01 - Dry,01 - Traffic signal,03 - At intersection,01 - Daylight,02 - Non-fatal injury,07 - SMV other,Orleans Village - Chateauneuf
1642,BELCOURT BLVD @ ST. JOSEPH BLVD,381206.3965,5037359.011,-75.52279801,45.47197719,2016-12-01,14:40,02 - Rain,02 - Wet,01 - Traffic signal,03 - At intersection,01 - Daylight,02 - Non-fatal injury,02 - Angle,Orleans Village - Chateauneuf
1643,BELCOURT BLVD @ ST. JOSEPH BLVD,381204.7402,5037357.354,-75.52281945,45.47196247,2016-11-22,14:45,01 - Clear,01 - Dry,01 - Traffic signal,02 - Intersection related,01 - Daylight,02 - Non-fatal injury,03 - Rear end,Orleans Village - Chateauneuf
1644,BELCOURT BLVD @ SUNVIEW DR,381509.8165,5036784.711,-75.51900763,45.46677686,2016-01-05,9:24,01 - Clear,01 - Dry,02 - Stop sign,03 - At intersection,01 - Daylight,03 - P.D. only,06 - SMV unattended vehicle,Orleans Village - Chateauneuf
1645,BELFAST RD @ COVENTRY RD,371524.387,5031642.674,-75.6473868,45.42153652,2016-03-05,16:05,01 - Clear,01 - Dry,01 - Traffic signal,03 - At intersection,01 - Daylight,03 - P.D. only,05 - Turning movement,Overbrook
1646,BELFAST RD @ COVENTRY RD,371523.9484,5031642.019,-75.64739249,45.42153067,2016-07-19,17:00,01 - Clear,01 - Dry,01 - Traffic signal,02 - Intersection related,01 - Daylight,03 - P.D. only,03 - Rear end,Overbrook
1647,BELFAST RD @ COVENTRY RD,371523.9484,5031640.656,-75.64739267,45.42151841,2016-01-14,12:50,01 - Clear,04 - Slush,01 - Traffic signal,02 - Intersection related,01 - Daylight,03 - P.D. only,03 - Rear end,Overbrook
1648,BELFAST RD @ COVENTRY RD,371523.5016,5031640.467,-75.64739841,45.42151675,2016-11-15,11:43,01 - Clear,01 - Dry,01 - Traffic signal,03 - At intersection,01 - Daylight,03 - P.D. only,05 - Turning movement,Overbrook
1649,BELFAST RD @ COVENTRY RD,371523.5016,5031640.467,-75.64739841,45.42151675,2016-12-13,15:50,03 - Snow,02 - Wet,01 - Traffic signal,03 - At intersection,01 - Daylight,03 - P.D. only,03 - Rear end,Overbrook
1650,BELFAST RD @ COVENTRY RD,371526.2056,5031641.979,-75.64736366,45.42153009,2016-12-10,8:13,01 - Clear,06 - Ice,01 - Traffic signal,02 - Intersection related,01 - Daylight,03 - P.D. only,03 - Rear end,Overbrook
1651,BELFAST RD @ COVENTRY RD,371523.7211,5031639.494,-75.64739574,45.42150797,2016-12-29,18:29,03 - Snow,05 - Packed snow,01 - Traffic signal,02 - Intersection related,07 - Dark,03 - P.D. only,03 - Rear end,Overbrook
1652,BELFAST RD @ COVENTRY RD,371525.3774,5031641.979,-75.64737424,45.42153017,2016-11-18,17:36,01 - Clear,02 - Wet,01 - Traffic signal,02 - Intersection related,07 - Dark,03 - P.D. only,03 - Rear end,Overbrook
1653,BELFAST RD @ ST. LAURENT BLVD,372859.8959,5030579.804,-75.63047024,45.41184467,2016-10-28,8:19,02 - Rain,02 - Wet,01 - Traffic signal,02 - Intersection related,01 - Daylight,02 - Non-fatal injury,03 - Rear end,Industrial Park
1654,BELFAST RD @ ST. LAURENT BLVD,372860.5021,5030577.896,-75.63046276,45.41182744,2016-01-20,13:55,01 - Clear,02 - Wet,01 - Traffic signal,02 - Intersection related,01 - Daylight,02 - Non-fatal injury,03 - Rear end,Industrial Park
1655,BELFAST RD @ ST. LAURENT BLVD,372861.5523,5030580.632,-75.63044896,45.41185195,2016-12-16,11:50,01 - Clear,02 - Wet,01 - Traffic signal,02 - Intersection related,01 - Daylight,02 - Non-fatal injury,03 - Rear end,Industrial Park
1656,BELFAST RD @ ST. LAURENT BLVD,372860.9436,5030578.342,-75.63045706,45.41183141,2016-12-08,18:19,03 - Snow,03 - Loose snow,01 - Traffic signal,03 - At intersection,07 - Dark,02 - Non-fatal injury,05 - Turning movement,Industrial Park
1657,BELFAST RD @ ST. LAURENT BLVD,372856.6315,5030581.707,-75.63051168,45.41186211,2016-03-23,15:11,01 - Clear,01 - Dry,01 - Traffic signal,03 - At intersection,01 - Daylight,03 - P.D. only,05 - Turning movement,Industrial Park
1658,BELFAST RD @ ST. LAURENT BLVD,372860.4054,5030579.82,-75.63046373,45.41184476,2016-09-29,17:29,01 - Clear,01 - Dry,01 - Traffic signal,03 - At intersection,01 - Daylight,03 - P.D. only,05 - Turning movement,Industrial Park
1659,BELFAST RD @ ST. LAURENT BLVD,372860.7241,5030577.32,-75.63046,45.41182224,2016-08-12,16:13,02 - Rain,02 - Wet,01 - Traffic signal,03 - At intersection,01 - Daylight,03 - P.D. only,03 - Rear end,Industrial Park
1660,BELFAST RD @ ST. LAURENT BLVD,372864.1793,5030579.82,-75.63041552,45.41184439,2016-01-28,12:39,03 - Snow,04 - Slush,01 - Traffic signal,02 - Intersection related,01 - Daylight,03 - P.D. only,03 - Rear end,Industrial Park
1661,BELFAST RD @ ST. LAURENT BLVD,372860.7241,5030580.438,-75.63045957,45.41185029,2016-01-12,7:21,03 - Snow,04 - Slush,01 - Traffic signal,02 - Intersection related,03 - Dawn,03 - P.D. only,04 - Sideswipe,Industrial Park
1662,BELFAST RD @ ST. LAURENT BLVD,372859.2232,5030578.937,-75.63047895,45.41183693,2016-01-06,8:13,01 - Clear,02 - Wet,01 - Traffic signal,02 - Intersection related,01 - Daylight,03 - P.D. only,99 - Other,Industrial Park
1663,BELFAST RD @ ST. LAURENT BLVD,372858.5184,5030576.046,-75.63048835,45.41181099,2016-01-21,12:59,01 - Clear,02 - Wet,01 - Traffic signal,02 - Intersection related,01 - Daylight,03 - P.D. only,03 - Rear end,Industrial Park
1664,BELFAST RD @ ST. LAURENT BLVD,372861.523,5030577.763,-75.63044973,45.41182614,2016-02-19,21:13,03 - Snow,05 - Packed snow,01 - Traffic signal,03 - At intersection,07 - Dark,03 - P.D. only,02 - Angle,Industrial Park
1665,BELFAST RD @ ST. LAURENT BLVD,372859.8959,5030577.32,-75.63047058,45.41182232,2016-09-04,14:18,01 - Clear,01 - Dry,01 - Traffic signal,02 - Intersection related,01 - Daylight,03 - P.D. only,03 - Rear end,Industrial Park
1666,BELFAST RD @ ST. LAURENT BLVD,372861.4059,5030579.017,-75.63045106,45.41183744,2016-04-19,6:48,01 - Clear,01 - Dry,01 - Traffic signal,03 - At intersection,01 - Daylight,03 - P.D. only,05 - Turning movement,Industrial Park
1667,BELFAST RD @ ST. LAURENT BLVD,372860.4968,5030578.562,-75.63046273,45.41183343,2016-07-28,15:35,01 - Clear,01 - Dry,01 - Traffic signal,03 - At intersection,01 - Daylight,03 - P.D. only,05 - Turning movement,Industrial Park
1668,BELFAST RD @ ST. LAURENT BLVD,372860.7241,5030579.879,-75.63045965,45.41184526,2016-09-06,11:58,01 - Clear,01 - Dry,01 - Traffic signal,02 - Intersection related,01 - Daylight,03 - P.D. only,04 - Sideswipe,Industrial Park
1669,BELFAST RD @ ST. LAURENT BLVD,372859.6264,5030578.782,-75.63047382,45.4118355,2016-09-22,10:18,01 - Clear,01 - Dry,01 - Traffic signal,02 - Intersection related,01 - Daylight,03 - P.D. only,04 - Sideswipe,Industrial Park
1670,BELFAST RD @ ST. LAURENT BLVD,372861.6332,5030579.471,-75.63044809,45.4118415,2016-06-09,6:42,01 - Clear,01 - Dry,01 - Traffic signal,02 - Intersection related,01 - Daylight,03 - P.D. only,02 - Angle,Industrial Park
1671,BELFAST RD @ ST. LAURENT BLVD,372861.8218,5030578.782,-75.63044578,45.41183528,2016-11-16,15:51,01 - Clear,01 - Dry,01 - Traffic signal,02 - Intersection related,01 - Daylight,03 - P.D. only,04 - Sideswipe,Industrial Park
1672,BELFAST RD @ ST. LAURENT BLVD,372861.5523,5030578.148,-75.63044931,45.41182961,2016-12-29,15:16,03 - Snow,05 - Packed snow,01 - Traffic signal,02 - Intersection related,01 - Daylight,03 - P.D. only,02 - Angle,Industrial Park
1673,BELFAST RD @ ST. LAURENT BLVD,372861.3827,5030579.221,-75.63045133,45.41183928,2016-11-28,15:55,01 - Clear,01 - Dry,01 - Traffic signal,03 - At intersection,01 - Daylight,03 - P.D. only,05 - Turning movement,Industrial Park
1674,BELFAST RD @ ST. LAURENT BLVD,372863.2086,5030578.976,-75.63042803,45.41183689,2016-11-21,6:34,03 - Snow,03 - Loose snow,01 - Traffic signal,03 - At intersection,07 - Dark,03 - P.D. only,07 - SMV other,Industrial Park
1675,BELFAST RD @ TREMBLAY RD,371558.4914,5031319.655,-75.64699482,45.41862688,2016-07-07,11:58,01 - Clear,01 - Dry,01 - Traffic signal,03 - At intersection,01 - Daylight,02 - Non-fatal injury,05 - Turning movement,Industrial Park
1676,BELFAST RD @ TREMBLAY RD,371551.3464,5031320.57,-75.64708598,45.4186358,2016-11-24,8:28,02 - Rain,02 - Wet,01 - Traffic signal,03 - At intersection,01 - Daylight,02 - Non-fatal injury,02 - Angle,Industrial Park
1677,BELFAST RD @ TRIOLE ST,372980.0703,5030623.776,-75.62892899,45.41222861,2016-10-28,9:51,02 - Rain,02 - Wet,02 - Stop sign,03 - At intersection,01 - Daylight,03 - P.D. only,02 - Angle,Industrial Park
1678,BELFAST RD @ TRIOLE ST,372980.5094,5030623.337,-75.62892344,45.41222462,2016-11-19,11:03,01 - Clear,01 - Dry,02 - Stop sign,03 - At intersection,01 - Daylight,03 - P.D. only,02 - Angle,Industrial Park
1679,BELFAST RD btwn COVENTRY RD & TREMBLAY RD,371532.9657,5031540.415,-75.64729104,45.42061562,2016-06-21,15:28,01 - Clear,01 - Dry,10 - No control,01 - Non intersection,01 - Daylight,03 - P.D. only,03 - Rear end,Overbrook
1680,BELFAST RD btwn TRAINYARDS DR & ST. LAURENT BLVD,372020.8109,5030857.592,-75.64115124,45.41442518,2016-11-15,10:27,01 - Clear,01 - Dry,10 - No control,04 - At/near private drive,01 - Daylight,03 - P.D. only,02 - Angle,Industrial Park
1681,BELFAST RD btwn TRAINYARDS DR & ST. LAURENT BLVD,372317.1368,5030679.768,-75.63739001,45.41279667,2016-07-06,15:37,01 - Clear,01 - Dry,10 - No control,04 - At/near private drive,01 - Daylight,03 - P.D. only,05 - Turning movement,Industrial Park
1682,BELFAST RD btwn TRAINYARDS DR & ST. LAURENT BLVD,371929.0977,5030897.425,-75.64231746,45.41479238,2016-10-28,7:24,02 - Rain,02 - Wet,10 - No control,01 - Non intersection,03 - Dawn,03 - P.D. only,03 - Rear end,Industrial Park
1683,BELFAST RD btwn TREMBLAY RD & TRAINYARDS DR,371790.7364,5030945.368,-75.64407853,45.41523701,2016-11-11,12:20,01 - Clear,01 - Dry,10 - No control,04 - At/near private drive,01 - Daylight,02 - Non-fatal injury,02 - Angle,Industrial Park