Record,Location,X,Y,lon,lat,Date,Time,Environment,Road_Surface,Traffic_Control,Collision_Location,Light,Collision_Classification,Impact_type,Neighborhood
1684,BELGRAVE RD btwn MARLOWE CRES & ONSLOW CRES,369663.6475,5029713.582,-75.67141491,45.40435426,2016-01-29,17:33,03 - Snow,03 - Loose snow,10 - No control,01 - Non intersection,05 - Dusk,03 - P.D. only,06 - SMV unattended vehicle,Old Ottawa East
1685,BELGREEN DR btwn STEVENAGE DR & RUSSELL RD,375868.9021,5027353.48,-75.5924969,45.38251682,2016-11-21,6:50,03 - Snow,03 - Loose snow,10 - No control,04 - At/near private drive,03 - Dawn,03 - P.D. only,05 - Turning movement,Greenbelt
1686,BELISLE ST btwn MCARTHUR AVE & END,371295.2871,5032919.812,-75.65014151,45.43304946,2016-12-27,7:03,01 - Clear,06 - Ice,10 - No control,04 - At/near private drive,03 - Dawn,03 - P.D. only,06 - SMV unattended vehicle,Vanier South
1687,BELL ST @ ECCLES ST,366820.7533,5030255.673,-75.70765902,45.4094895,2016-07-16,13:30,01 - Clear,01 - Dry,02 - Stop sign,02 - Intersection related,01 - Daylight,03 - P.D. only,99 - Other,Centretown West
1688,BELL ST @ GLADSTONE AVE,366944.9436,5029970.07,-75.70610859,45.40690871,2016-03-07,8:01,03 - Snow,06 - Ice,02 - Stop sign,02 - Intersection related,01 - Daylight,03 - P.D. only,06 - SMV unattended vehicle,Centretown West
1689,BELL ST @ GLADSTONE AVE,366943.2133,5029970.805,-75.7061306,45.40691548,2016-08-12,14:07,01 - Clear,01 - Dry,02 - Stop sign,02 - Intersection related,01 - Daylight,03 - P.D. only,03 - Rear end,Centretown West
1690,BELL ST @ GLADSTONE AVE,366946.0539,5029970.704,-75.70609432,45.40691432,2016-12-14,15:30,01 - Clear,02 - Wet,02 - Stop sign,02 - Intersection related,01 - Daylight,03 - P.D. only,03 - Rear end,Centretown West
1691,BELL ST @ WILLOW ST,366908.8088,5030053.473,-75.70655965,45.40766236,2016-10-13,14:24,01 - Clear,01 - Dry,02 - Stop sign,02 - Intersection related,01 - Daylight,03 - P.D. only,05 - Turning movement,Centretown West
1692,BELL ST btwn WEST RIDGE DR & ELM CRES,350043.2456,5012336.632,-75.92362342,45.24953527,2016-05-28,3:52,01 - Clear,01 - Dry,10 - No control,01 - Non intersection,07 - Dark,03 - P.D. only,06 - SMV unattended vehicle,Stittsville
1693,BELLEVIEW DR btwn PINEVIEW RD & OAKVIEW RD,353202.0336,5018711.728,-75.88276265,45.3066899,2016-08-11,21:12,01 - Clear,01 - Dry,10 - No control,01 - Non intersection,07 - Dark,02 - Non-fatal injury,07 - SMV other,Katimavik - Hazeldean
1694,BELLMAN DR @ GLENCOE ST,361075.0167,5020965.15,-75.78211536,45.32637957,2016-02-18,8:45,01 - Clear,06 - Ice,02 - Stop sign,02 - Intersection related,01 - Daylight,03 - P.D. only,03 - Rear end,Sheahan Estates - Trend Village - Arlington Woods
1695,BELLMAN DR btwn BASIN CRT & GLENCOE ST,361018.5397,5020945.85,-75.78283796,45.32621043,2016-12-28,10:41,01 - Clear,06 - Ice,10 - No control,01 - Non intersection,01 - Daylight,03 - P.D. only,02 - Angle,Sheahan Estates - Trend Village - Arlington Woods
1696,BELLMAN DR btwn GLENCOE ST & GREENBANK RD,361147.6105,5020985.904,-75.78118701,45.32656049,2016-05-28,12:44,01 - Clear,01 - Dry,10 - No control,04 - At/near private drive,01 - Daylight,03 - P.D. only,02 - Angle,Sheahan Estates - Trend Village - Arlington Woods
1697,BELMEADE RD btwn 4TH LINE RD & 5TH LINE RD,382826.7873,4998416.786,-75.50820446,45.12141933,2016-11-09,13:14,01 - Clear,01 - Dry,10 - No control,04 - At/near private drive,01 - Daylight,03 - P.D. only,05 - Turning movement,Osgoode
1698,BELMEADE RD btwn STAGECOACH RD & 3RD LINE RD,380230.2943,4996887.707,-75.54143405,45.10794283,2016-01-14,18:12,01 - Clear,02 - Wet,10 - No control,01 - Non intersection,07 - Dark,03 - P.D. only,07 - SMV other,Osgoode
1699,BELMEADE RD btwn STAGECOACH RD & 3RD LINE RD,380198.4283,4996871.854,-75.54184133,45.10780359,2016-03-13,22:53,01 - Clear,01 - Dry,10 - No control,01 - Non intersection,07 - Dark,03 - P.D. only,07 - SMV other,Kars - Osgoode
1700,BELMONT @ WILLARD ST,368876.8783,5028466.91,-75.68162622,45.39320957,2016-12-08,13:52,03 - Snow,02 - Wet,02 - Stop sign,03 - At intersection,01 - Daylight,02 - Non-fatal injury,02 - Angle,Old Ottawa South
1701,BELVAL CRES btwn BELCOURT BLVD & BELCOURT BLVD,381814.5492,5036337.916,-75.51518118,45.46272344,2016-05-19,19:26,01 - Clear,01 - Dry,10 - No control,01 - Non intersection,01 - Daylight,03 - P.D. only,06 - SMV unattended vehicle,Orleans Village - Chateauneuf
1702,BENJAMIN AVE btwn FAIRLAWN AVE & BLYTHDALE RD,362210.9733,5025105.38,-75.76714492,45.36354113,2016-12-03,0:00,01 - Clear,01 - Dry,10 - No control,01 - Non intersection,00 - Unknown,03 - P.D. only,06 - SMV unattended vehicle,Glabar Park
1703,BENLEA DR btwn ANCROFT CRT & WOODFIELD DR,364523.7853,5021856.214,-75.73801667,45.3341123,2016-03-25,12:53,01 - Clear,01 - Dry,10 - No control,01 - Non intersection,01 - Daylight,03 - P.D. only,06 - SMV unattended vehicle,Tanglewood
1704,BENLEA DR btwn BRYDON CRT & ANCROFT CRT,364460.7533,5021789.158,-75.73882888,45.3335143,2016-12-23,8:25,01 - Clear,04 - Slush,10 - No control,01 - Non intersection,01 - Daylight,03 - P.D. only,06 - SMV unattended vehicle,Tanglewood
1705,BENLEA DR E @ WOODFIELD DR E,364526.6959,5021864.518,-75.73797854,45.33418677,2016-11-25,8:38,01 - Clear,02 - Wet,02 - Stop sign,02 - Intersection related,01 - Daylight,03 - P.D. only,07 - SMV other,Tanglewood
1706,BENOIT ST btwn DUMAS ST & BELCOURT BLVD,381821.6702,5035654.762,-75.51519715,45.45657621,2016-06-10,0:00,01 - Clear,01 - Dry,10 - No control,01 - Non intersection,00 - Unknown,03 - P.D. only,06 - SMV unattended vehicle,Orleans Village - Chateauneuf
1707,BENSINGER WAY @ GRENADINE ST,349726.8994,5016345.793,-75.92729064,45.28563138,2016-01-13,9:55,03 - Snow,05 - Packed snow,02 - Stop sign,03 - At intersection,01 - Daylight,03 - P.D. only,02 - Angle,Stittsville
1708,BENSINGER WAY btwn MALOJA WAY & MYKONOS WAY,349676.6372,5016300.236,-75.92793545,45.28522465,2016-05-24,8:00,01 - Clear,01 - Dry,10 - No control,01 - Non intersection,01 - Daylight,03 - P.D. only,04 - Sideswipe,Stittsville
1709,BENTLEY AVE @ SUNDERLAND ST,366151.3587,5021837.596,-75.71725558,45.33380436,2016-09-28,17:35,01 - Clear,01 - Dry,02 - Stop sign,03 - At intersection,01 - Daylight,03 - P.D. only,02 - Angle,Industrial Park
1710,BENTLEY AVE btwn GIFFORD ST & END,366445.1876,5022019.173,-75.71348453,45.33541241,2016-10-10,11:52,01 - Clear,01 - Dry,10 - No control,04 - At/near private drive,01 - Daylight,02 - Non-fatal injury,07 - SMV other,Industrial Park
1711,BENTLEY AVE btwn GIFFORD ST & END,366867.8909,5022291.474,-75.70805773,45.33782527,2016-10-14,21:04,01 - Clear,01 - Dry,10 - No control,01 - Non intersection,07 - Dark,03 - P.D. only,07 - SMV other,Industrial Park
1712,BENTLEY AVE btwn SUNDERLAND ST & CAMELOT DR,365922.2141,5021690.14,-75.72019703,45.33249757,2016-06-18,11:05,01 - Clear,01 - Dry,10 - No control,04 - At/near private drive,01 - Daylight,03 - P.D. only,99 - Other,Industrial Park
1713,BENTLEY AVE btwn SUNDERLAND ST & CAMELOT DR,366125.2411,5021819.756,-75.71759098,45.33364613,2016-11-23,12:02,01 - Clear,02 - Wet,10 - No control,04 - At/near private drive,01 - Daylight,03 - P.D. only,02 - Angle,Industrial Park
1714,BERGAMOT CIRC btwn TO BE DETERMINED & AZALEA LANE (1),385834.2623,5038150.337,-75.46348872,45.47857511,2016-05-24,16:00,01 - Clear,01 - Dry,10 - No control,01 - Non intersection,01 - Daylight,03 - P.D. only,06 - SMV unattended vehicle,Springridge
1715,BERKELEY AVE @ RICHMOND RD,362910.9134,5028065.549,-75.75786253,45.39011868,2016-06-25,21:50,01 - Clear,01 - Dry,02 - Stop sign,03 - At intersection,07 - Dark,02 - Non-fatal injury,05 - Turning movement,Westboro
1716,BERRIGAN DR @ CROXLEY WAY,364420.1263,5015711.857,-75.74007819,45.27883451,2016-05-15,16:00,01 - Clear,01 - Dry,02 - Stop sign,03 - At intersection,01 - Daylight,03 - P.D. only,02 - Angle,New Barrhaven
1717,BERRIGAN DR @ LONGFIELDS DR,364304.9658,5015646.018,-75.74155379,45.27825185,2016-09-06,16:50,01 - Clear,01 - Dry,11 - Roundabout,02 - Intersection related,01 - Daylight,02 - Non-fatal injury,02 - Angle,New Barrhaven
1718,BERRIGAN DR @ LONGFIELDS DR,364304.9714,5015645.551,-75.74155378,45.27824765,2016-05-30,8:35,01 - Clear,01 - Dry,11 - Roundabout,02 - Intersection related,01 - Daylight,03 - P.D. only,03 - Rear end,New Barrhaven
1719,BERRIGAN DR @ LONGFIELDS DR,364305.9036,5015646.128,-75.74154183,45.27825276,2016-02-17,18:50,03 - Snow,05 - Packed snow,11 - Roundabout,02 - Intersection related,07 - Dark,03 - P.D. only,03 - Rear end,New Barrhaven
1720,BERRIGAN DR @ LONGFIELDS DR,364305.9036,5015647.46,-75.74154167,45.27826474,2016-02-17,18:06,01 - Clear,06 - Ice,11 - Roundabout,02 - Intersection related,07 - Dark,03 - P.D. only,03 - Rear end,New Barrhaven
1721,BERRIGAN DR @ WANSTEAD GT,365005.4714,5015977.074,-75.73258584,45.28117105,2016-06-07,8:27,01 - Clear,01 - Dry,02 - Stop sign,03 - At intersection,01 - Daylight,03 - P.D. only,02 - Angle,New Barrhaven
1722,BERRIGAN DR btwn CROXLEY WAY & CLARIDGE DR,364430.2152,5015718.042,-75.73994886,45.27888931,2016-03-03,9:00,01 - Clear,01 - Dry,10 - No control,01 - Non intersection,01 - Daylight,03 - P.D. only,06 - SMV unattended vehicle,New Barrhaven
1723,BERRIGAN DR btwn LONGFIELDS DR & CROXLEY WAY,364309.941,5015648.366,-75.7414901,45.27827256,2016-03-23,9:04,01 - Clear,02 - Wet,10 - No control,01 - Non intersection,01 - Daylight,03 - P.D. only,03 - Rear end,New Barrhaven
1724,BERRIGAN DR btwn PLUMAS GT & WANSTEAD GT,364807.7198,5015880.389,-75.73511796,45.28031798,2016-05-05,19:00,01 - Clear,01 - Dry,10 - No control,01 - Non intersection,01 - Daylight,02 - Non-fatal injury,06 - SMV unattended vehicle,New Barrhaven
1725,BERRIGAN DR btwn WESSEX RD & EDGEWARE DR (1),363863.6403,5015334.396,-75.74721549,45.27548508,2016-10-25,13:41,01 - Clear,01 - Dry,10 - No control,01 - Non intersection,01 - Daylight,03 - P.D. only,03 - Rear end,New Barrhaven
1726,BERRIGAN DR btwn WESSEX RD & EDGEWARE DR (1),363808.3244,5015312.457,-75.74792305,45.27529232,2016-05-31,17:21,01 - Clear,01 - Dry,10 - No control,04 - At/near private drive,01 - Daylight,03 - P.D. only,02 - Angle,New Barrhaven
1727,BERRY SIDE RD btwn FIFTH LINE RD & SIXTH LINE RD,347959.4521,5031225.211,-75.94852142,45.41963088,2016-09-15,8:51,01 - Clear,08 - Loose sand or gravel,10 - No control,01 - Non intersection,01 - Daylight,03 - P.D. only,07 - SMV other,Carp - Hardwood Plains
1728,BERRY SIDE RD btwn FIFTH LINE RD & SIXTH LINE RD,348052.6417,5031324.318,-75.94732202,45.4205169,2016-11-24,11:48,03 - Snow,03 - Loose snow,10 - No control,01 - Non intersection,01 - Daylight,03 - P.D. only,07 - SMV other,Carp - Hardwood Plains
1729,BERTONA ST @ CRAIG HENRY DR,362580.4679,5021848.27,-75.76280923,45.33420353,2016-09-19,15:10,01 - Clear,01 - Dry,02 - Stop sign,03 - At intersection,01 - Daylight,03 - P.D. only,05 - Turning movement,Woodvale - Craig Henry - Manordale - Estates of Arlington Wo
1730,BERTONA ST @ KNOXDALE RD,362754.3694,5021448.4,-75.76063752,45.33059118,2016-07-18,11:53,01 - Clear,01 - Dry,02 - Stop sign,02 - Intersection related,01 - Daylight,03 - P.D. only,03 - Rear end,Woodvale - Craig Henry - Manordale - Estates of Arlington Wo
1731,BERWICK AVE btwn MAJOR ST & FIELD ST,362591.3825,5024385.194,-75.76237358,45.3570297,2016-02-03,13:30,04 - Freezing Rain,06 - Ice,10 - No control,04 - At/near private drive,01 - Daylight,03 - P.D. only,02 - Angle,Braemar Park - Bel Air Heights - Copeland Park
1732,BESSERER ST @ CHARLOTTE ST,369292.927,5032790.488,-75.67574737,45.43207338,2016-05-25,17:24,01 - Clear,01 - Dry,02 - Stop sign,03 - At intersection,01 - Daylight,03 - P.D. only,05 - Turning movement,Sandy Hill
1733,BESSERER ST @ CHARLOTTE ST,369292.9295,5032791.364,-75.67574723,45.43208127,2016-02-16,13:50,03 - Snow,03 - Loose snow,02 - Stop sign,03 - At intersection,01 - Daylight,03 - P.D. only,02 - Angle,Sandy Hill
1734,BESSERER ST @ CHARLOTTE ST,369292.933,5032791.811,-75.67574712,45.43208529,2016-02-14,10:00,01 - Clear,06 - Ice,02 - Stop sign,02 - Intersection related,01 - Daylight,03 - P.D. only,07 - SMV other,Sandy Hill
1735,BESSERER ST @ CUMBERLAND ST,368416.0444,5032255.476,-75.68702236,45.42733986,2016-10-05,14:04,01 - Clear,01 - Dry,01 - Traffic signal,02 - Intersection related,01 - Daylight,03 - P.D. only,04 - Sideswipe,Byward Market - Parliament Hill
1736,BESSERER ST @ DALHOUSIE ST,368252.929,5032157.575,-75.68911928,45.4264738,2016-08-03,7:14,01 - Clear,01 - Dry,01 - Traffic signal,02 - Intersection related,01 - Daylight,03 - P.D. only,04 - Sideswipe,Byward Market - Parliament Hill
1737,BESSERER ST @ DALHOUSIE ST,368253.3603,5032156.916,-75.68911386,45.42646783,2016-01-08,12:00,01 - Clear,01 - Dry,01 - Traffic signal,03 - At intersection,01 - Daylight,03 - P.D. only,04 - Sideswipe,Byward Market - Parliament Hill
1738,BESSERER ST @ DALHOUSIE ST,368253.3759,5032158.473,-75.68911346,45.42648183,2016-05-04,8:47,01 - Clear,01 - Dry,01 - Traffic signal,03 - At intersection,01 - Daylight,03 - P.D. only,04 - Sideswipe,Byward Market - Parliament Hill
1739,BESSERER ST @ DALHOUSIE ST,368252.0431,5032158.233,-75.68913052,45.4264798,2016-11-27,23:28,01 - Clear,01 - Dry,01 - Traffic signal,02 - Intersection related,07 - Dark,03 - P.D. only,04 - Sideswipe,Byward Market - Parliament Hill
1740,BESSERER ST @ KING EDWARD AVE,368551.4557,5032340.207,-75.68528108,45.42808991,2016-02-03,18:42,01 - Clear,02 - Wet,01 - Traffic signal,03 - At intersection,07 - Dark,02 - Non-fatal injury,07 - SMV other,Sand
1741,BESSERER ST @ KING EDWARD AVE,368551.0159,5032340.584,-75.68528665,45.42809334,2016-12-25,11:30,01 - Clear,01 - Dry,01 - Traffic signal,03 - At intersection,01 - Daylight,02 - Non-fatal injury,02 - Angle,Sand
1742,BESSERER ST @ KING EDWARD AVE,368550.3146,5032339.02,-75.68529582,45.42807933,2016-04-09,15:24,01 - Clear,01 - Dry,01 - Traffic signal,03 - At intersection,01 - Daylight,03 - P.D. only,02 - Angle,Sand
1743,BESSERER ST @ KING EDWARD AVE,368551.5334,5032342.652,-75.68527977,45.4281119,2016-12-18,15:53,06 - Strong wind,04 - Slush,01 - Traffic signal,03 - At intersection,01 - Daylight,03 - P.D. only,04 - Sideswipe,Sand
1744,BESSERER ST @ NICHOLAS ST,368185.0325,5032111.805,-75.68999275,45.42606813,2016-06-24,12:25,01 - Clear,01 - Dry,01 - Traffic signal,02 - Intersection related,01 - Daylight,03 - P.D. only,04 - Sideswipe,Byward Market - Parliament Hill
1745,BESSERER ST @ NICHOLAS ST,368185.4816,5032111.125,-75.6899871,45.42606197,2016-08-16,15:30,01 - Clear,02 - Wet,01 - Traffic signal,02 - Intersection related,01 - Daylight,03 - P.D. only,03 - Rear end,Byward Market - Parliament Hill
1746,BESSERER ST @ NICHOLAS ST,368184.6112,5032111.36,-75.68999819,45.42606416,2016-11-23,14:51,01 - Clear,01 - Dry,01 - Traffic signal,03 - At intersection,01 - Daylight,03 - P.D. only,02 - Angle,Byward Market - Parliament Hill
1747,BESSERER ST @ NICHOLAS ST,368184.6112,5032111.8,-75.68999813,45.42606812,2016-10-02,3:21,01 - Clear,01 - Dry,01 - Traffic signal,03 - At intersection,07 - Dark,03 - P.D. only,04 - Sideswipe,Byward Market - Parliament Hill
1748,BESSERER ST @ WALLER ST,368315.7138,5032192.636,-75.6883125,45.42678356,2016-01-22,17:38,01 - Clear,01 - Dry,01 - Traffic signal,02 - Intersection related,05 - Dusk,02 - Non-fatal injury,07 - SMV other,Byward Market - Parliament Hill
1749,BESSERER ST @ WALLER ST,368316.1588,5032191.301,-75.68830698,45.42677151,2016-05-30,14:44,01 - Clear,01 - Dry,01 - Traffic signal,03 - At intersection,01 - Daylight,02 - Non-fatal injury,07 - SMV other,Byward Market - Parliament Hill
1750,BESSERER ST @ WALLER ST,368315.706,5032192.887,-75.68831257,45.42678582,2016-08-15,10:03,01 - Clear,01 - Dry,01 - Traffic signal,02 - Intersection related,01 - Daylight,02 - Non-fatal injury,04 - Sideswipe,Byward Market - Parliament Hill
1751,BESSERER ST @ WALLER ST,368316.1553,5032192.644,-75.68830686,45.4267836,2016-03-11,13:10,01 - Clear,01 - Dry,01 - Traffic signal,02 - Intersection related,01 - Daylight,03 - P.D. only,04 - Sideswipe,Byward Market - Parliament Hill
1752,BESSERER ST @ WALLER ST,368315.7138,5032192.636,-75.6883125,45.42678356,2016-10-19,14:00,01 - Clear,01 - Dry,01 - Traffic signal,03 - At intersection,01 - Daylight,03 - P.D. only,05 - Turning movement,Byward Market - Parliament Hill
1753,BESSERER ST @ WALLER ST,368316.5919,5032191.319,-75.68830145,45.42677163,2016-09-01,12:49,01 - Clear,01 - Dry,01 - Traffic signal,02 - Intersection related,01 - Daylight,03 - P.D. only,04 - Sideswipe,Byward Market - Parliament Hill
1754,BESSERER ST @ WALLER ST,368316.5919,5032192.197,-75.68830134,45.42677953,2016-10-26,7:04,01 - Clear,01 - Dry,01 - Traffic signal,02 - Intersection related,03 - Dawn,03 - P.D. only,04 - Sideswipe,Byward Market - Parliament Hill
1755,BESSERER ST @ WALLER ST,368314.8356,5032192.197,-75.68832378,45.42677969,2016-08-13,19:32,02 - Rain,02 - Wet,01 - Traffic signal,02 - Intersection related,01 - Daylight,03 - P.D. only,05 - Turning movement,Byward Market - Parliament Hill
1756,BESSERER ST @ WALLER ST,368315.7078,5032191.301,-75.68831275,45.42677155,2016-06-18,11:44,01 - Clear,01 - Dry,01 - Traffic signal,02 - Intersection related,01 - Daylight,03 - P.D. only,06 - SMV unattended vehicle,Byward Market - Parliament Hill
1757,BESSERER ST @ WALLER ST,368316.6097,5032190.85,-75.68830128,45.42676741,2016-05-21,12:49,01 - Clear,01 - Dry,01 - Traffic signal,03 - At intersection,01 - Daylight,03 - P.D. only,04 - Sideswipe,Byward Market - Parliament Hill
1758,BESSERER ST @ WALLER ST,368315.9999,5032191.645,-75.68830897,45.42677462,2016-01-18,8:28,01 - Clear,04 - Slush,01 - Traffic signal,03 - At intersection,01 - Daylight,03 - P.D. only,04 - Sideswipe,Byward Market - Parliament Hill
1759,BESSERER ST @ WALLER ST,368315.4741,5032191.748,-75.68831568,45.4267756,2016-04-14,12:15,01 - Clear,01 - Dry,01 - Traffic signal,03 - At intersection,01 - Daylight,03 - P.D. only,05 - Turning movement,Byward Market - Parliament Hill
1760,BESSERER ST @ WALLER ST,368316.1573,5032192.202,-75.68830689,45.42677962,2016-03-28,15:16,02 - Rain,02 - Wet,01 - Traffic signal,03 - At intersection,01 - Daylight,03 - P.D. only,04 - Sideswipe,Byward Market - Parliament Hill
1761,BESSERER ST @ WALLER ST,368315.7078,5032191.752,-75.68831269,45.42677561,2016-03-25,13:35,01 - Clear,02 - Wet,01 - Traffic signal,03 - At intersection,01 - Daylight,03 - P.D. only,04 - Sideswipe,Byward Market - Parliament Hill
1762,BESSERER ST @ WALLER ST,368315.2747,5032191.758,-75.68831822,45.4267757,2016-10-15,12:08,01 - Clear,01 - Dry,01 - Traffic signal,02 - Intersection related,01 - Daylight,03 - P.D. only,04 - Sideswipe,Byward Market - Parliament Hill
1763,BESSERER ST @ WALLER ST,368316.1627,5032192.787,-75.68830674,45.42678488,2016-11-14,11:34,01 - Clear,01 - Dry,01 - Traffic signal,02 - Intersection related,01 - Daylight,03 - P.D. only,04 - Sideswipe,Byward Market - Parliament Hill
1764,BESSERER ST @ WALLER ST,368316.1528,5032191.319,-75.68830706,45.42677167,2016-12-13,23:54,01 - Clear,04 - Slush,01 - Traffic signal,03 - At intersection,07 - Dark,03 - P.D. only,04 - Sideswipe,Byward Market - Parliament Hill
1765,BESSERER ST @ WALLER ST,368315.2433,5032191.984,-75.68831859,45.42677774,2016-12-31,22:10,03 - Snow,03 - Loose snow,01 - Traffic signal,02 - Intersection related,07 - Dark,03 - P.D. only,03 - Rear end,Byward Market - Parliament Hill
1766,BESSERER ST btwn AUGUSTA ST & COBOURG ST,369069.5205,5032658.443,-75.67861956,45.43090586,2016-11-04,16:38,01 - Clear,01 - Dry,10 - No control,01 - Non intersection,05 - Dusk,03 - P.D. only,04 - Sideswipe,Sand
1767,BESSERER ST btwn CUMBERLAND ST & KING EDWARD AVE,368485.0232,5032301.444,-75.68613499,45.42774718,2016-05-27,12:30,01 - Clear,01 - Dry,10 - No control,01 - Non intersection,01 - Daylight,03 - P.D. only,06 - SMV unattended vehicle,Sand
1768,BESSERER ST btwn CUMBERLAND ST & KING EDWARD AVE,368533.7943,5032331.788,-75.68550785,45.42801577,2016-06-26,0:00,01 - Clear,01 - Dry,10 - No control,01 - Non intersection,00 - Unknown,03 - P.D. only,06 - SMV unattended vehicle,Sand
1769,BESSERER ST btwn CUMBERLAND ST & KING EDWARD AVE,368458.7485,5032283.847,-75.68647301,45.42759124,2016-06-29,20:59,01 - Clear,01 - Dry,10 - No control,01 - Non intersection,05 - Dusk,03 - P.D. only,06 - SMV unattended vehicle,Bywar
1770,BESSERER ST btwn DALHOUSIE ST & WALLER ST,368267.6304,5032165.478,-75.68893041,45.42654357,2016-08-23,9:42,01 - Clear,01 - Dry,10 - No control,01 - Non intersection,01 - Daylight,03 - P.D. only,04 - Sideswipe,Byward Market - Parliament Hill
1771,BESSERER ST btwn KING EDWARD AVE & NELSON ST,368559.4594,5032347.99,-75.6851778,45.42815921,2016-04-24,10:00,01 - Clear,01 - Dry,10 - No control,01 - Non intersection,01 - Daylight,03 - P.D. only,06 - SMV unattended vehicle,Sand
1772,BESSERER ST btwn KING EDWARD AVE & NELSON ST,368681.4987,5032420.197,-75.68360898,45.42879776,2016-04-15,16:50,01 - Clear,01 - Dry,10 - No control,01 - Non intersection,01 - Daylight,03 - P.D. only,03 - Rear end,Sandy Hill
1773,BESSERER ST btwn NELSON ST & FRIEL ST,368772.3249,5032476.926,-75.68244099,45.42929989,2016-04-26,13:44,01 - Clear,01 - Dry,10 - No control,01 - Non intersection,01 - Daylight,03 - P.D. only,06 - SMV unattended vehicle,Sandy Hill
1774,BESSERER ST btwn NELSON ST & FRIEL ST,368706.2995,5032435.909,-75.68329002,45.42893687,2016-11-03,17:25,01 - Clear,01 - Dry,10 - No control,01 - Non intersection,07 - Dark,03 - P.D. only,04 - Sideswipe,Sandy Hill
1775,BESSERER ST btwn NICHOLAS ST & DALHOUSIE ST,368237.2161,5032146.708,-75.68932146,45.42637744,2016-06-22,18:00,01 - Clear,01 - Dry,10 - No control,01 - Non intersection,01 - Daylight,02 - Non-fatal injury,04 - Sideswipe,Byward Market - Parliament Hill
1776,BESSERER ST btwn NICHOLAS ST & DALHOUSIE ST,368236.6754,5032146.378,-75.68932841,45.42637452,2016-02-02,12:29,01 - Clear,02 - Wet,10 - No control,01 - Non intersection,01 - Daylight,03 - P.D. only,04 - Sideswipe,Byward Market - Parliament Hill
1777,BESSERER ST btwn WALLER ST & CUMBERLAND ST,368338.4333,5032207.887,-75.68802022,45.42691872,2016-07-30,17:40,01 - Clear,01 - Dry,10 - No control,01 - Non intersection,01 - Daylight,03 - P.D. only,06 - SMV unattended vehicle,Byward Market - Parliament Hill
1778,BETHUNE CRT @ TERON RD,351584.3896,5021521.712,-75.90312476,45.3320844,2016-05-02,16:38,01 - Clear,01 - Dry,02 - Stop sign,02 - Intersection related,01 - Daylight,03 - P.D. only,03 - Rear end,Beaverbrook
1779,BEVERLY ST @ STITTSVILLE MAIN ST,349845.2399,5013824.182,-75.92601095,45.26293349,2016-10-19,12:08,01 - Clear,01 - Dry,01 - Traffic signal,03 - At intersection,01 - Daylight,03 - P.D. only,03 - Rear end,Stittsville
1780,BEVERLY ST @ STITTSVILLE MAIN ST,349843.6336,5013825.571,-75.92603129,45.26294609,2016-01-05,9:23,01 - Clear,06 - Ice,01 - Traffic signal,02 - Intersection related,01 - Daylight,03 - P.D. only,03 - Rear end,Stittsville
1781,BEVERLY ST @ STITTSVILLE MAIN ST,349843.8031,5013825.644,-75.92602913,45.26294674,2016-02-03,6:45,01 - Clear,02 - Wet,01 - Traffic signal,03 - At intersection,07 - Dark,03 - P.D. only,07 - SMV other,Stittsville
1782,BEVERLY ST @ STITTSVILLE MAIN ST,349842.7554,5013825.839,-75.92604246,45.26294856,2016-11-07,18:52,01 - Clear,01 - Dry,01 - Traffic signal,02 - Intersection related,07 - Dark,03 - P.D. only,03 - Rear end,Stittsville
1783,BEVERLY ST @ STITTSVILLE MAIN ST,349845.2399,5013823.354,-75.92601103,45.26292604,2016-12-21,11:16,01 - Clear,01 - Dry,01 - Traffic signal,02 - Intersection related,01 - Daylight,03 - P.D. only,03 - Rear end,Stittsville
1784,BEXLEY PL @ STAFFORD RD,358055.0539,5021289.415,-75.8206025,45.32953296,2016-05-05,13:16,01 - Clear,01 - Dry,02 - Stop sign,03 - At intersection,01 - Daylight,03 - P.D. only,02 - Angle,Bells Corners East
1785,BILBERRY DR btwn CHANTENAY DR & JEANNE D'ARC BLVD N,380399.4617,5038592.374,-75.53292703,45.48316181,2016-12-21,18:30,03 - Snow,04 - Slush,10 - No control,01 - Non intersection,07 - Dark,03 - P.D. only,99 - Other,Orleans South West
1786,BILBERRY DR btwn DU BOIS AVE S & JEANNE D'ARC BLVD N,380487.346,5038339.137,-75.53184199,45.48087387,2016-10-11,14:59,01 - Clear,01 - Dry,10 - No control,04 - At/near private drive,01 - Daylight,03 - P.D. only,02 - Angle,Orleans South West
1787,BILBERRY DR W @ JEANNE D'ARC BLVD,380449.8641,5038398.698,-75.5323122,45.48141381,2016-04-25,11:02,01 - Clear,01 - Dry,01 - Traffic signal,02 - Intersection related,01 - Daylight,02 - Non-fatal injury,02 - Angle,Orleans South West