Record,Location,X,Y,lon,lat,Date,Time,Environment,Road_Surface,Traffic_Control,Collision_Location,Light,Collision_Classification,Impact_type,Neighborhood
1788,BILBERRY DR W @ JEANNE D'ARC BLVD,380447.7901,5038399.069,-75.53233867,45.48141737,2016-05-11,7:54,01 - Clear,01 - Dry,01 - Traffic signal,03 - At intersection,01 - Daylight,02 - Non-fatal injury,02 - Angle,Orleans South West
1789,BILBERRY DR W @ JEANNE D'ARC BLVD,380449.0068,5038399.863,-75.53232299,45.48142438,2016-04-06,8:19,01 - Clear,01 - Dry,01 - Traffic signal,02 - Intersection related,01 - Daylight,03 - P.D. only,03 - Rear end,Orleans South West
1790,BILL LEATHEM DR @ LEIKIN DR S,366925.9234,5017440.112,-75.70792574,45.29416824,2016-02-14,11:12,05 - Drifting Snow,06 - Ice,02 - Stop sign,02 - Intersection related,01 - Daylight,03 - P.D. only,07 - SMV other,Greenbelt
1791,BILL LEATHEM DR @ LEIKIN DR S,366925.4376,5017438.655,-75.70793212,45.29415517,2016-03-28,15:59,01 - Clear,02 - Wet,02 - Stop sign,02 - Intersection related,01 - Daylight,03 - P.D. only,03 - Rear end,Greenbelt
1792,BILL LEATHEM DR btwn Continuation of BILL LEATHEM DR & LEIKIN DR,366906.8803,5017462.353,-75.70816573,45.29437004,2016-08-12,9:23,02 - Rain,02 - Wet,10 - No control,01 - Non intersection,01 - Daylight,03 - P.D. only,07 - SMV other,Greenbelt
1793,BILL LEATHEM DR btwn PARAGON AVE & Continuation of BILL LEATHEM DR,366670.678,5017517.065,-75.71117008,45.29488317,2016-01-03,9:29,03 - Snow,03 - Loose snow,10 - No control,01 - Non intersection,01 - Daylight,03 - P.D. only,01 - Approaching,Greenbelt
1794,BILLINGS BRIDGE NB RAMP @ RIVERSIDE DR EB,369366.0452,5028026.584,-75.67543697,45.38920273,2016-05-03,13:15,01 - Clear,01 - Dry,10 - No control,02 - Intersection related,01 - Daylight,03 - P.D. only,04 - Sideswipe,Alta Vista
1795,BILLINGS BRIDGESC RAMP NB @ RIVERSIDE DR EB,369081.6543,5027762.603,-75.67910289,45.38685367,2016-03-10,12:22,01 - Clear,02 - Wet,02 - Stop sign,03 - At intersection,01 - Daylight,02 - Non-fatal injury,02 - Angle,Alta Vista
1796,BILLINGS BRIDGESC RAMP NB @ RIVERSIDE DR EB,369083.0504,5027762.907,-75.67908502,45.38685628,2016-01-22,16:16,01 - Clear,03 - Loose snow,02 - Stop sign,03 - At intersection,01 - Daylight,03 - P.D. only,02 - Angle,Alta Vista
1797,BILLINGS BRIDGESC RAMP NB @ RIVERSIDE DR WB,369023.4721,5027794.025,-75.67984173,45.38714174,2016-01-11,11:54,01 - Clear,01 - Dry,03 - Yield sign,02 - Intersection related,01 - Daylight,02 - Non-fatal injury,02 - Angle,Alta Vista
1798,BILLINGS BRIDGESC RAMP NB @ RIVERSIDE DR WB,369024.3055,5027793.078,-75.67983121,45.38713314,2016-03-10,14:09,01 - Clear,02 - Wet,03 - Yield sign,03 - At intersection,01 - Daylight,03 - P.D. only,02 - Angle,Alta Vista
1799,BILLINGS BRIDGESC RAMP NB @ RIVERSIDE DR WB,369022.389,5027794.67,-75.67985547,45.38714764,2016-11-10,14:25,01 - Clear,01 - Dry,03 - Yield sign,03 - At intersection,01 - Daylight,03 - P.D. only,02 - Angle,Alta Vista
1800,BINBURY WAY btwn INVERKIP AVE & PENNARD WAY,372675.5952,5025757.175,-75.63348792,45.36847059,2016-11-23,7:59,01 - Clear,06 - Ice,10 - No control,04 - At/near private drive,01 - Daylight,03 - P.D. only,05 - Turning movement,Greenboro East
1801,BINSCARTH CRES E @ SHELDRAKE DR E,353363.7019,5016950.168,-75.88087366,45.29082783,2016-02-29,7:42,04 - Freezing Rain,06 - Ice,,02 - Intersection related,01 - Daylight,03 - P.D. only,06 - SMV unattended vehicle,Glen Cairn - Kanata South Business Park
1802,BIRCH AVE @ HEMLOCK RD,370286.4877,5034693.498,-75.6627973,45.44910351,2016-04-06,18:27,03 - Snow,04 - Slush,01 - Traffic signal,02 - Intersection related,05 - Dusk,03 - P.D. only,03 - Rear end,Cemetery
1803,BIRCH AVE @ HEMLOCK RD,370286.6177,5034693.795,-75.6627956,45.44910617,2016-11-07,9:04,01 - Clear,01 - Dry,01 - Traffic signal,03 - At intersection,01 - Daylight,03 - P.D. only,02 - Angle,Cemetery
1804,BIRCH DR btwn MAPLE DR & NATIONAL CAPITAL COMM DRWY,366455.3032,5028339.964,-75.71256684,45.39228474,2016-05-24,12:30,01 - Clear,01 - Dry,10 - No control,01 - Non intersection,01 - Daylight,03 - P.D. only,99 - Other,Civic Hospital - Experimental Farm - Central Park
1805,BIRCHGROVE RD btwn LARMOURS RD & WATSON RD,398434.3468,5033628.691,-75.30321472,45.43631997,2016-01-16,6:43,03 - Snow,06 - Ice,10 - No control,01 - Non intersection,07 - Dark,03 - P.D. only,07 - SMV other,Navan - Vars
1806,BIRCHGROVE RD btwn LARMOURS RD & WATSON RD,398463.5886,5033563.079,-75.30285353,45.43572577,2016-11-18,6:19,"07 - Fog, mist, smoke, dust",01 - Dry,10 - No control,01 - Non intersection,07 - Dark,03 - P.D. only,07 - SMV other,Navan - Vars
1807,BIRCHMOUNT DR @ CEDARCROFT CRES W,374129.5914,5032164.275,-75.61402766,45.42597629,2016-01-09,13:46,01 - Clear,02 - Wet,02 - Stop sign,02 - Intersection related,01 - Daylight,03 - P.D. only,06 - SMV unattended vehicle,Pineview
1808,BIRCHMOUNT DR btwn CEDARCROFT CRES & LILY LANE,374221.7355,5032082.543,-75.6128618,45.42523177,2016-11-14,13:10,01 - Clear,01 - Dry,10 - No control,04 - At/near private drive,01 - Daylight,03 - P.D. only,02 - Angle,Pineview
1809,BIRKENDALE DR btwn EDENVALE DR & TEESWATER ST,352470.8763,5020199.655,-75.89194289,45.32012861,2016-01-21,7:45,01 - Clear,01 - Dry,10 - No control,04 - At/near private drive,03 - Dawn,03 - P.D. only,06 - SMV unattended vehicle,Kanata
1810,BISHOPS MILLS WAY btwn EDENVALE DR & KETTLEBY ST,352472.7267,5020077.421,-75.89193105,45.31902859,2016-11-25,20:00,02 - Rain,02 - Wet,10 - No control,04 - At/near private drive,07 - Dark,03 - P.D. only,06 - SMV unattended vehicle,Kanata
1811,BLACKBURN AVE @ LAURIER AVE,369187.7146,5032308.909,-75.67715487,45.42775002,2016-02-14,8:14,01 - Clear,06 - Ice,02 - Stop sign,03 - At intersection,01 - Daylight,03 - P.D. only,02 - Angle,Sandy Hill
1812,BLACKBURN AVE @ SOMERSET ST,369407.0292,5031948.81,-75.67439966,45.42448976,2016-05-25,16:51,01 - Clear,01 - Dry,02 - Stop sign,03 - At intersection,01 - Daylight,02 - Non-fatal injury,02 - Angle,Greenbelt
1813,BLACKBURN AVE @ SOMERSET ST,369406.5782,5031948.81,-75.67440542,45.4244898,2016-06-03,12:42,01 - Clear,01 - Dry,02 - Stop sign,03 - At intersection,01 - Daylight,03 - P.D. only,02 - Angle,Sandy Hill
1814,BLACKBURN BYPASS @ INNES RD E,379791.3573,5033782.346,-75.54143854,45.43995045,2016-06-18,9:35,01 - Clear,01 - Dry,01 - Traffic signal,02 - Intersection related,01 - Daylight,02 - Non-fatal injury,03 - Rear end,Sandy Hill
1815,BLACKBURN BYPASS @ INNES RD E,379791.3819,5033781.914,-75.54143829,45.43994656,2016-06-29,16:50,01 - Clear,01 - Dry,01 - Traffic signal,02 - Intersection related,01 - Daylight,03 - P.D. only,03 - Rear end,Greenbelt
1816,BLACKBURN BYPASS @ INNES RD E,379792.3618,5033781.486,-75.54142583,45.43994261,2016-01-22,16:44,01 - Clear,01 - Dry,01 - Traffic signal,02 - Intersection related,05 - Dusk,03 - P.D. only,03 - Rear end,Greenbelt
1817,BLACKBURN BYPASS @ INNES RD E,379790.0614,5033783.251,-75.54145496,45.43995873,2016-01-04,15:50,01 - Clear,01 - Dry,01 - Traffic signal,02 - Intersection related,01 - Daylight,03 - P.D. only,03 - Rear end,Greenbelt
1818,BLACKBURN BYPASS @ INNES RD E,379792.2387,5033781.81,-75.54142735,45.43994553,2016-02-16,6:55,03 - Snow,05 - Packed snow,01 - Traffic signal,02 - Intersection related,03 - Dawn,03 - P.D. only,07 - SMV other,Greenbelt
1819,BLACKBURN BYPASS @ INNES RD E,379790.4163,5033780.846,-75.54145079,45.43993706,2016-05-27,16:20,01 - Clear,02 - Wet,01 - Traffic signal,03 - At intersection,01 - Daylight,03 - P.D. only,07 - SMV other,Greenbelt
1820,BLACKBURN BYPASS @ INNES RD E,379788.9087,5033782.464,-75.54146981,45.43995178,2016-09-12,7:50,01 - Clear,01 - Dry,01 - Traffic signal,02 - Intersection related,01 - Daylight,03 - P.D. only,03 - Rear end,Greenbelt
1821,BLACKBURN BYPASS @ INNES RD E,379791.7479,5033782.807,-75.54143348,45.43995456,2016-09-28,12:49,01 - Clear,01 - Dry,01 - Traffic signal,02 - Intersection related,01 - Daylight,03 - P.D. only,03 - Rear end,Greenbelt
1822,BLACKBURN BYPASS @ INNES RD E,379790.0916,5033781.565,-75.54145483,45.43994356,2016-10-22,18:11,02 - Rain,02 - Wet,01 - Traffic signal,02 - Intersection related,01 - Daylight,03 - P.D. only,03 - Rear end,Greenbelt
1823,BLACKBURN BYPASS @ INNES RD W,377184.7411,5032183.462,-75.57498768,45.42583944,2016-10-24,16:10,01 - Clear,01 - Dry,01 - Traffic signal,03 - At intersection,01 - Daylight,02 - Non-fatal injury,03 - Rear end,Greenbelt
1824,BLACKBURN BYPASS @ INNES RD W,377186.5266,5032175.466,-75.57496604,45.42576731,2016-01-07,9:53,01 - Clear,01 - Dry,01 - Traffic signal,02 - Intersection related,01 - Daylight,03 - P.D. only,03 - Rear end,Greenbelt
1825,BLACKBURN BYPASS @ INNES RD W,377187.4539,5032174.936,-75.57495427,45.42576245,2016-01-18,1:47,03 - Snow,03 - Loose snow,01 - Traffic signal,02 - Intersection related,07 - Dark,03 - P.D. only,07 - SMV other,Greenbelt
1826,BLACKBURN BYPASS @ INNES RD W,377187.7167,5032174.524,-75.57495097,45.42575871,2016-08-25,17:07,01 - Clear,01 - Dry,01 - Traffic signal,02 - Intersection related,01 - Daylight,03 - P.D. only,03 - Rear end,Greenbelt
1827,BLACKBURN BYPASS @ INNES RD W,377188.0901,5032176.135,-75.57494596,45.42577317,2016-08-05,16:23,01 - Clear,01 - Dry,01 - Traffic signal,02 - Intersection related,01 - Daylight,03 - P.D. only,03 - Rear end,Greenbelt
1828,BLACKBURN BYPASS @ INNES RD W,377187.4273,5032176.599,-75.57495436,45.42577741,2016-07-05,13:37,01 - Clear,01 - Dry,01 - Traffic signal,02 - Intersection related,01 - Daylight,03 - P.D. only,04 - Sideswipe,Greenbelt
1829,BLACKBURN BYPASS @ INNES RD W,377184.4674,5032179.287,-75.57499179,45.4258019,2016-10-18,21:58,01 - Clear,01 - Dry,01 - Traffic signal,03 - At intersection,07 - Dark,03 - P.D. only,05 - Turning movement,Greenbelt
1830,BLACKBURN BYPASS @ NAVAN RD,379617.214,5033278.931,-75.54374069,45.43543974,2016-02-10,17:55,03 - Snow,03 - Loose snow,01 - Traffic signal,02 - Intersection related,07 - Dark,02 - Non-fatal injury,03 - Rear end,Greenbelt
1831,BLACKBURN BYPASS @ NAVAN RD,379617.8041,5033274.605,-75.54373381,45.43540076,2016-03-17,19:26,02 - Rain,02 - Wet,01 - Traffic signal,03 - At intersection,07 - Dark,03 - P.D. only,05 - Turning movement,Greenbelt
1832,BLACKBURN BYPASS @ NAVAN RD,379617.7471,5033275.299,-75.54373443,45.43540701,2016-08-12,7:21,02 - Rain,02 - Wet,01 - Traffic signal,02 - Intersection related,01 - Daylight,03 - P.D. only,03 - Rear end,Greenbelt
1833,BLACKBURN BYPASS @ NAVAN RD,379622.8722,5033277.711,-75.54366857,45.43542816,2016-10-28,17:49,01 - Clear,01 - Dry,01 - Traffic signal,02 - Intersection related,01 - Daylight,03 - P.D. only,03 - Rear end,Greenbelt
1834,BLACKBURN BYPASS @ NAVAN RD,379617.5198,5033275.471,-75.54373731,45.43540858,2016-07-01,7:23,01 - Clear,01 - Dry,01 - Traffic signal,02 - Intersection related,01 - Daylight,03 - P.D. only,03 - Rear end,Greenbelt
1835,BLACKBURN BYPASS @ NAVAN RD,379618.3704,5033274.724,-75.54372655,45.43540177,2016-08-29,18:14,01 - Clear,01 - Dry,01 - Traffic signal,02 - Intersection related,01 - Daylight,03 - P.D. only,03 - Rear end,Greenbelt
1836,BLACKBURN BYPASS @ NAVAN RD,379617.9277,5033274.607,-75.54373223,45.43540076,2016-11-08,16:11,01 - Clear,01 - Dry,01 - Traffic signal,02 - Intersection related,01 - Daylight,03 - P.D. only,03 - Rear end,Greenbelt
1837,BLACKBURN BYPASS @ NAVAN RD,379617.9666,5033274.343,-75.54373177,45.43539838,2016-11-03,13:46,02 - Rain,02 - Wet,01 - Traffic signal,02 - Intersection related,01 - Daylight,03 - P.D. only,02 - Angle,Greenbelt
1838,BLACKBURN BYPASS @ NAVAN RD,379617.7329,5033274.562,-75.54373472,45.43540038,2016-12-05,6:45,03 - Snow,03 - Loose snow,01 - Traffic signal,02 - Intersection related,07 - Dark,03 - P.D. only,07 - SMV other,Greenbelt
1839,BLACKBURN BYPASS @ NAVAN RD,379615.4215,5033277.138,-75.54376387,45.4354238,2016-11-16,19:06,01 - Clear,01 - Dry,01 - Traffic signal,02 - Intersection related,07 - Dark,03 - P.D. only,04 - Sideswipe,Greenbelt
1840,BLACKBURN BYPASS EB btwn 1700 W OF NAVAN RD & NAVAN RD,379575.7494,5033208.475,-75.54428129,45.43481027,2016-04-06,14:49,03 - Snow,05 - Packed snow,10 - No control,01 - Non intersection,01 - Daylight,02 - Non-fatal injury,03 - Rear end,Greenbelt
1841,BLACKBURN BYPASS EB btwn 1700 W OF NAVAN RD & NAVAN RD,378941.5828,5032827.484,-75.55244291,45.4314499,2016-06-30,10:28,01 - Clear,01 - Dry,10 - No control,01 - Non intersection,01 - Daylight,02 - Non-fatal injury,07 - SMV other,Blackburn Hamlet
1842,BLACKBURN BYPASS EB btwn 1700 W OF NAVAN RD & NAVAN RD,379473.2026,5033136.839,-75.54560263,45.43417669,2016-03-04,17:00,01 - Clear,01 - Dry,10 - No control,01 - Non intersection,01 - Daylight,03 - P.D. only,03 - Rear end,Greenbelt
1843,BLACKBURN BYPASS EB btwn 1700 W OF NAVAN RD & NAVAN RD,379214.6076,5032988.952,-75.54892963,45.43287368,2016-01-13,17:00,01 - Clear,04 - Slush,10 - No control,01 - Non intersection,05 - Dusk,03 - P.D. only,03 - Rear end,Greenbelt
1844,BLACKBURN BYPASS EB btwn NAVAN RD & INNES RD E,379782.6469,5033677.902,-75.54156577,45.43901167,2016-03-18,11:25,01 - Clear,01 - Dry,10 - No control,01 - Non intersection,01 - Daylight,03 - P.D. only,04 - Sideswipe,Greenbelt
1845,BLACKBURN BYPASS EB btwn NAVAN RD & INNES RD E,379808.2133,5033772.125,-75.54122467,45.43985668,2016-01-23,2:40,01 - Clear,01 - Dry,10 - No control,01 - Non intersection,07 - Dark,03 - P.D. only,07 - SMV other,Greenbelt
1846,BLACKBURN BYPASS WB btwn 1700 W OF NAVAN RD & INNES RD W,377269.4495,5032169.795,-75.57390733,45.4257077,2016-01-19,18:21,01 - Clear,01 - Dry,10 - No control,01 - Non intersection,07 - Dark,03 - P.D. only,03 - Rear end,Greenbelt
1847,BLACKBURN BYPASS WB btwn 1700 W OF NAVAN RD & INNES RD W,378075.9942,5032349.761,-75.56357504,45.42724289,2016-09-23,8:27,02 - Rain,02 - Wet,10 - No control,01 - Non intersection,01 - Daylight,03 - P.D. only,03 - Rear end,Greenbelt
1848,BLACKBURN BYPASS WB btwn 1700 W OF NAVAN RD & INNES RD W,377352.4762,5032156.073,-75.57284849,45.42557563,2016-06-07,7:13,01 - Clear,01 - Dry,10 - No control,01 - Non intersection,01 - Daylight,03 - P.D. only,03 - Rear end,Greenbelt
1849,BLACKBURN BYPASS WB btwn NAVAN RD & 1700 W OF NAVAN RD,379198.5193,5033002.549,-75.54913316,45.43299773,2016-01-28,10:31,03 - Snow,03 - Loose snow,10 - No control,01 - Non intersection,01 - Daylight,02 - Non-fatal injury,07 - SMV other,Greenbelt
1850,BLACKBURN BYPASS WB btwn NAVAN RD & 1700 W OF NAVAN RD,378886.9224,5032816.186,-75.55314309,45.43135404,2016-11-25,7:47,02 - Rain,02 - Wet,10 - No control,01 - Non intersection,01 - Daylight,02 - Non-fatal injury,07 - SMV other,Greenbelt
1851,BLACKBURN BYPASS WB btwn NAVAN RD & 1700 W OF NAVAN RD,379537.6761,5033207.62,-75.54476797,45.43480664,2016-09-15,16:17,01 - Clear,01 - Dry,10 - No control,01 - Non intersection,01 - Daylight,03 - P.D. only,03 - Rear end,Greenbelt
1852,BLACKBURN BYPASS WB btwn NAVAN RD & 1700 W OF NAVAN RD,379563.4897,5033223.885,-75.54443562,45.43495023,2016-11-23,16:25,01 - Clear,01 - Dry,10 - No control,01 - Non intersection,05 - Dusk,03 - P.D. only,03 - Rear end,Blackburn Hamlet
1853,BLACKBURN BYPASS WB btwn NAVAN RD & 1700 W OF NAVAN RD,379462.1263,5033155.69,-75.54574132,45.43434749,2016-12-14,18:22,01 - Clear,01 - Dry,10 - No control,01 - Non intersection,07 - Dark,03 - P.D. only,03 - Rear end,Blackburn Hamlet
1854,BLACKBURN BYPASS WB btwn NAVAN RD & 1700 W OF NAVAN RD,379469.0805,5033163.342,-75.54565129,45.43441559,2016-12-26,17:09,03 - Snow,04 - Slush,10 - No control,01 - Non intersection,07 - Dark,03 - P.D. only,07 - SMV other,Greenbelt
1855,BLACKBURN BYPASS WB btwn NAVAN RD & 1700 W OF NAVAN RD,379300.5173,5033061.826,-75.54782077,45.4335202,2016-12-15,17:16,01 - Clear,01 - Dry,10 - No control,01 - Non intersection,07 - Dark,03 - P.D. only,03 - Rear end,Blackburn Hamlet
1856,BLACKBURN BYPASS WB btwn NAVAN RD & INNES RD E,379713.5757,5033448.407,-75.54248345,45.43695425,2016-05-26,7:26,01 - Clear,01 - Dry,10 - No control,01 - Non intersection,01 - Daylight,02 - Non-fatal injury,03 - Rear end,Greenbelt
1857,BLACKBURN BYPASS WB btwn NAVAN RD & INNES RD E,379765.1191,5033692.953,-75.54178749,45.43914897,2016-03-03,7:15,01 - Clear,02 - Wet,10 - No control,01 - Non intersection,01 - Daylight,03 - P.D. only,03 - Rear end,Greenbelt
1858,BLACKBURN BYPASS WB btwn NAVAN RD & INNES RD E,379774.0284,5033746.925,-75.54166541,45.43963362,2016-09-06,17:38,01 - Clear,01 - Dry,10 - No control,01 - Non intersection,01 - Daylight,03 - P.D. only,03 - Rear end,Greenbelt
1859,BLACKDOME CRES btwn KALBROOK ST & GOLDRIDGE DR,350088.7352,5020055.123,-75.92233948,45.31898579,2016-02-20,9:00,01 - Clear,04 - Slush,10 - No control,04 - At/near private drive,01 - Daylight,03 - P.D. only,07 - SMV other,Greenbelt
1860,BLACKDOME CRES btwn KALBROOK ST & KALBROOK ST,350114.0147,5020172.137,-75.92200635,45.32003708,2016-03-19,21:30,01 - Clear,01 - Dry,10 - No control,01 - Non intersection,07 - Dark,03 - P.D. only,06 - SMV unattended vehicle,Kanata Lakes - Marchwood Lakeside - Morgan's Grant - Kanata
1861,BLACKLEAF DR @ JOCKVALE RD,365567.3359,5012899.706,-75.72580116,45.25343261,2016-01-09,11:11,02 - Rain,02 - Wet,02 - Stop sign,03 - At intersection,01 - Daylight,02 - Non-fatal injury,02 - Angle,Kanata Lakes - Marchwood Lakeside - Morgan's Grant - Kanata
1862,BLACKLEAF DR @ JOCKVALE RD,365567.3359,5012899.706,-75.72580116,45.25343261,2016-10-28,15:53,01 - Clear,02 - Wet,02 - Stop sign,03 - At intersection,01 - Daylight,02 - Non-fatal injury,02 - Angle,New Barrhaven
1863,BLACKLEAF DR @ JOCKVALE RD,365567.3359,5012899.706,-75.72580116,45.25343261,2016-10-29,19:49,01 - Clear,02 - Wet,02 - Stop sign,03 - At intersection,07 - Dark,03 - P.D. only,02 - Angle,New Barrhaven
1864,BLACKLEAF DR btwn CHEYENNE WAY/KENNACRAIG PRIV S & DUNDONALD DR,365215.3079,5012239.134,-75.73036601,45.24751908,2016-01-14,12:45,03 - Snow,04 - Slush,10 - No control,04 - At/near private drive,01 - Daylight,03 - P.D. only,06 - SMV unattended vehicle,New Barrhaven
1865,BLACK'S SIDE RD @ FLEWELLYN RD,350714.3763,5010138.618,-75.9152769,45.22971324,2016-12-30,13:52,01 - Clear,05 - Packed snow,02 - Stop sign,02 - Intersection related,01 - Daylight,03 - P.D. only,07 - SMV other,New Barrhaven
1866,BLAIR PL @ OGILVIE RD,374798.6248,5033372.24,-75.60530732,45.43677826,2016-02-06,17:42,01 - Clear,02 - Wet,01 - Traffic signal,02 - Intersection related,07 - Dark,03 - P.D. only,03 - Rear end,Stittsville - Basswood
1867,BLAIR PL @ OGILVIE RD,374799.942,5033371.801,-75.60529055,45.43677417,2016-02-13,17:00,01 - Clear,01 - Dry,01 - Traffic signal,02 - Intersection related,07 - Dark,03 - P.D. only,03 - Rear end,Beacon Hill South - Cardinal Heights
1868,BLAIR PL @ OGILVIE RD,374799.9498,5033372.036,-75.60529041,45.43677629,2016-08-09,18:20,01 - Clear,01 - Dry,01 - Traffic signal,02 - Intersection related,01 - Daylight,03 - P.D. only,03 - Rear end,Beacon Hill South - Cardinal Heights
1869,BLAIR PL @ OGILVIE RD,374799.9445,5033372.248,-75.60529045,45.4367782,2016-02-17,20:10,01 - Clear,06 - Ice,01 - Traffic signal,02 - Intersection related,07 - Dark,03 - P.D. only,03 - Rear end,Beacon Hill South - Cardinal Heights
1870,BLAIR PL @ OGILVIE RD,374797.4711,5033373.458,-75.60532189,45.43678933,2016-01-12,17:40,03 - Snow,03 - Loose snow,01 - Traffic signal,02 - Intersection related,07 - Dark,03 - P.D. only,03 - Rear end,Beacon Hill South - Cardinal Heights
1871,BLAIR PL btwn OGILVIE RD & END,374832.954,5033286.844,-75.60488074,45.43600647,2016-03-09,10:36,01 - Clear,01 - Dry,10 - No control,04 - At/near private drive,01 - Daylight,03 - P.D. only,02 - Angle,Beacon Hill South - Cardinal Heights
1872,BLAIR PL btwn OGILVIE RD & END,374843.829,5033270.531,-75.60474408,45.43585861,2016-09-30,0:00,01 - Clear,01 - Dry,10 - No control,01 - Non intersection,00 - Unknown,03 - P.D. only,06 - SMV unattended vehicle,Beacon Hill South - Cardinal Heights
1873,BLAIR PL btwn OGILVIE RD & END,374818.8882,5033324.908,-75.60505508,45.43635036,2016-06-07,16:00,02 - Rain,02 - Wet,10 - No control,01 - Non intersection,01 - Daylight,03 - P.D. only,04 - Sideswipe,Beacon Hill South - Cardinal Heights
1874,BLAIR RD @ CLAVER ST,374416.9478,5033434.797,-75.61017631,45.43737921,2016-02-25,7:45,02 - Rain,06 - Ice,02 - Stop sign,02 - Intersection related,01 - Daylight,03 - P.D. only,03 - Rear end,Beacon Hill South - Cardinal Heights
1875,BLAIR RD @ CLAVER ST,374417.5565,5033434.164,-75.61016862,45.43737346,2016-11-21,14:45,03 - Snow,03 - Loose snow,02 - Stop sign,02 - Intersection related,01 - Daylight,03 - P.D. only,06 - SMV unattended vehicle,Beacon Hill South - Cardinal Heights
1876,BLAIR RD @ DUNHAM ST,374306.4964,5033710.36,-75.61154898,45.43986957,2016-03-26,12:07,01 - Clear,01 - Dry,02 - Stop sign,02 - Intersection related,01 - Daylight,02 - Non-fatal injury,03 - Rear end,Beacon Hill South - Cardinal Heights
1877,BLAIR RD @ DUNHAM ST,374306.7204,5033710.852,-75.61154605,45.43987397,2016-08-15,16:18,01 - Clear,01 - Dry,02 - Stop sign,02 - Intersection related,01 - Daylight,03 - P.D. only,03 - Rear end,Beacon Hill South - Cardinal Heights
1878,BLAIR RD @ INNES RD,375579.5338,5031438.756,-75.59560519,45.41930326,2016-03-24,10:49,04 - Freezing Rain,06 - Ice,01 - Traffic signal,02 - Intersection related,01 - Daylight,02 - Non-fatal injury,03 - Rear end,Beacon Hill South - Cardinal Heights
1879,BLAIR RD @ INNES RD,375578.5076,5031440.01,-75.59561812,45.41931465,2016-06-11,17:00,01 - Clear,01 - Dry,01 - Traffic signal,02 - Intersection related,01 - Daylight,02 - Non-fatal injury,03 - Rear end,Greenbelt
1880,BLAIR RD @ INNES RD,375578.9622,5031439.101,-75.59561244,45.41930643,2016-07-03,14:52,01 - Clear,01 - Dry,01 - Traffic signal,02 - Intersection related,01 - Daylight,02 - Non-fatal injury,03 - Rear end,Greenbelt
1881,BLAIR RD @ INNES RD,375578.1994,5031438.752,-75.59562224,45.41930336,2016-09-27,18:00,01 - Clear,01 - Dry,01 - Traffic signal,02 - Intersection related,01 - Daylight,02 - Non-fatal injury,03 - Rear end,Greenbelt
1882,BLAIR RD @ INNES RD,375577.0786,5031439.969,-75.59563638,45.41931443,2016-12-12,5:59,03 - Snow,03 - Loose snow,01 - Traffic signal,02 - Intersection related,07 - Dark,02 - Non-fatal injury,03 - Rear end,Greenbelt
1883,BLAIR RD @ INNES RD,375581.2194,5031439.969,-75.59558348,45.41931401,2016-12-01,14:50,02 - Rain,02 - Wet,01 - Traffic signal,02 - Intersection related,01 - Daylight,02 - Non-fatal injury,03 - Rear end,Greenbelt
1884,BLAIR RD @ INNES RD,375578.7349,5031440.014,-75.59561521,45.41931466,2016-02-25,7:43,02 - Rain,06 - Ice,01 - Traffic signal,02 - Intersection related,01 - Daylight,03 - P.D. only,03 - Rear end,Greenbelt
1885,BLAIR RD @ INNES RD,375580.3912,5031439.969,-75.59559406,45.41931409,2016-07-24,18:01,01 - Clear,01 - Dry,01 - Traffic signal,02 - Intersection related,01 - Daylight,03 - P.D. only,03 - Rear end,Greenbelt
1886,BLAIR RD @ INNES RD,375578.9604,5031440.683,-75.59561224,45.41932066,2016-05-26,15:31,01 - Clear,01 - Dry,01 - Traffic signal,03 - At intersection,01 - Daylight,03 - P.D. only,02 - Angle,Greenbelt
1887,BLAIR RD @ INNES RD,375578.7349,5031439.823,-75.59561524,45.41931295,2016-08-16,16:51,02 - Rain,02 - Wet,01 - Traffic signal,02 - Intersection related,01 - Daylight,03 - P.D. only,03 - Rear end,Greenbelt
1888,BLAIR RD @ INNES RD,375577.9067,5031439.969,-75.5956258,45.41931434,2016-08-12,19:42,02 - Rain,02 - Wet,01 - Traffic signal,02 - Intersection related,01 - Daylight,03 - P.D. only,03 - Rear end,Greenbelt
1889,BLAIR RD @ INNES RD,375578.7349,5031438.313,-75.59561546,45.41929936,2016-08-12,12:01,01 - Clear,01 - Dry,01 - Traffic signal,02 - Intersection related,01 - Daylight,03 - P.D. only,03 - Rear end,Greenbelt
1890,BLAIR RD @ INNES RD,375578.9604,5031439.33,-75.59561243,45.41930849,2016-06-15,14:09,01 - Clear,01 - Dry,01 - Traffic signal,02 - Intersection related,01 - Daylight,03 - P.D. only,04 - Sideswipe,Greenbelt
1891,BLAIR RD @ INNES RD,375579.0012,5031439.821,-75.59561184,45.4193129,2016-03-10,9:23,01 - Clear,01 - Dry,01 - Traffic signal,02 - Intersection related,01 - Daylight,03 - P.D. only,05 - Turning movement,Greenbelt
1892,BLAIR RD @ INNES RD,375578.7349,5031439.287,-75.59561532,45.41930812,2016-08-22,23:45,01 - Clear,01 - Dry,01 - Traffic signal,02 - Intersection related,07 - Dark,03 - P.D. only,03 - Rear end,Greenbelt
1893,BLAIR RD @ INNES RD,375579.4083,5031439.78,-75.59560664,45.41931249,2016-04-07,20:15,02 - Rain,02 - Wet,01 - Traffic signal,02 - Intersection related,07 - Dark,03 - P.D. only,03 - Rear end,Greenbelt
1894,BLAIR RD @ INNES RD,375579.8572,5031440.677,-75.59560078,45.41932052,2016-04-28,10:35,01 - Clear,01 - Dry,01 - Traffic signal,02 - Intersection related,01 - Daylight,03 - P.D. only,03 - Rear end,Greenbelt