Record,Location,X,Y,lon,lat,Date,Time,Environment,Road_Surface,Traffic_Control,Collision_Location,Light,Collision_Classification,Impact_type,Neighborhood
1895,BLAIR RD @ INNES RD,375578.9594,5031439.331,-75.59561244,45.4193085,2016-04-23,12:24,01 - Clear,01 - Dry,01 - Traffic signal,02 - Intersection related,01 - Daylight,03 - P.D. only,03 - Rear end,Greenbelt
1896,BLAIR RD @ INNES RD,375578.7349,5031440.885,-75.59561509,45.4193225,2016-02-25,7:50,04 - Freezing Rain,06 - Ice,01 - Traffic signal,02 - Intersection related,01 - Daylight,03 - P.D. only,03 - Rear end,Greenbelt
1897,BLAIR RD @ INNES RD,375579.4167,5031439.555,-75.59560657,45.41931047,2016-08-02,18:10,01 - Clear,01 - Dry,01 - Traffic signal,02 - Intersection related,01 - Daylight,03 - P.D. only,03 - Rear end,Greenbelt
1898,BLAIR RD @ INNES RD,375578.9596,5031440.005,-75.59561234,45.41931456,2016-02-05,15:30,01 - Clear,01 - Dry,01 - Traffic signal,02 - Intersection related,01 - Daylight,03 - P.D. only,03 - Rear end,Greenbelt
1899,BLAIR RD @ INNES RD,375579.4113,5031439.33,-75.59560667,45.41930844,2016-06-11,11:10,02 - Rain,02 - Wet,01 - Traffic signal,02 - Intersection related,01 - Daylight,03 - P.D. only,03 - Rear end,Greenbelt
1900,BLAIR RD @ INNES RD,375578.7349,5031439.141,-75.59561534,45.41930681,2016-11-23,9:00,01 - Clear,01 - Dry,01 - Traffic signal,02 - Intersection related,01 - Daylight,03 - P.D. only,03 - Rear end,Greenbelt
1901,BLAIR RD @ INNES RD,375579.5631,5031439.969,-75.59560464,45.41931418,2016-11-16,12:18,02 - Rain,02 - Wet,01 - Traffic signal,02 - Intersection related,01 - Daylight,03 - P.D. only,03 - Rear end,Greenbelt
1902,BLAIR RD @ INNES RD,375578.7349,5031438.752,-75.5956154,45.41930331,2016-09-17,17:56,02 - Rain,02 - Wet,01 - Traffic signal,02 - Intersection related,01 - Daylight,03 - P.D. only,03 - Rear end,Greenbelt
1903,BLAIR RD @ INNES RD,375578.7349,5031439.141,-75.59561534,45.41930681,2016-12-20,13:01,01 - Clear,01 - Dry,01 - Traffic signal,02 - Intersection related,01 - Daylight,03 - P.D. only,03 - Rear end,Greenbelt
1904,BLAIR RD @ MEADOWBROOK RD,375194.0626,5032310.449,-75.60040542,45.42718516,2016-03-22,8:56,01 - Clear,01 - Dry,01 - Traffic signal,03 - At intersection,01 - Daylight,02 - Non-fatal injury,02 - Angle,Greenbelt
1905,BLAIR RD @ MEADOWBROOK RD,375194.2753,5032311.799,-75.60040251,45.42719729,2016-06-25,9:04,01 - Clear,01 - Dry,01 - Traffic signal,03 - At intersection,01 - Daylight,03 - P.D. only,05 - Turning movement,Greenbelt
1906,BLAIR RD @ MEADOWBROOK RD,375195.825,5032311.854,-75.6003827,45.42719763,2016-03-24,10:15,04 - Freezing Rain,03 - Loose snow,01 - Traffic signal,02 - Intersection related,01 - Daylight,03 - P.D. only,03 - Rear end,Greenbelt
1907,BLAIR RD @ MEADOWBROOK RD,375194.7345,5032311.983,-75.60039662,45.4271989,2016-11-29,17:37,06 - Strong wind,01 - Dry,01 - Traffic signal,02 - Intersection related,07 - Dark,03 - P.D. only,03 - Rear end,Greenbelt
1908,BLAIR RD @ MONTREAL RD,374019.0616,5034438.487,-75.61512019,45.44644937,2016-11-11,20:44,01 - Clear,01 - Dry,01 - Traffic signal,03 - At intersection,07 - Dark,02 - Non-fatal injury,02 - Angle,Carson Grove - Carson Meadows
1909,BLAIR RD @ MONTREAL RD,374020.6585,5034440.04,-75.61509956,45.44646319,2016-02-25,18:28,06 - Strong wind,06 - Ice,01 - Traffic signal,02 - Intersection related,07 - Dark,03 - P.D. only,03 - Rear end,Gloucester
1910,BLAIR RD @ MONTREAL RD,374020.8179,5034439.365,-75.61509762,45.4464571,2016-02-25,18:13,03 - Snow,06 - Ice,01 - Traffic signal,02 - Intersection related,05 - Dusk,03 - P.D. only,03 - Rear end,Gloucester
1911,BLAIR RD @ MONTREAL RD,374019.4982,5034439.807,-75.61511443,45.4464612,2016-02-26,12:06,02 - Rain,06 - Ice,01 - Traffic signal,03 - At intersection,01 - Daylight,03 - P.D. only,05 - Turning movement,Gloucester
1912,BLAIR RD @ MONTREAL RD,374019.3296,5034438.804,-75.61511672,45.4464522,2016-08-26,8:28,01 - Clear,01 - Dry,01 - Traffic signal,03 - At intersection,01 - Daylight,03 - P.D. only,05 - Turning movement,Carson Grove - Carson Meadows
1913,BLAIR RD @ MONTREAL RD,374019.9447,5034439.36,-75.61510878,45.44645714,2016-04-19,8:27,01 - Clear,01 - Dry,01 - Traffic signal,02 - Intersection related,01 - Daylight,03 - P.D. only,03 - Rear end,Carson Grove - Carson Meadows
1914,BLAIR RD @ MONTREAL RD,374021.494,5034437.368,-75.61508926,45.44643906,2016-03-02,14:29,01 - Clear,02 - Wet,01 - Traffic signal,02 - Intersection related,01 - Daylight,03 - P.D. only,03 - Rear end,Beacon Hill South - Cardinal Heights
1915,BLAIR RD @ OGILVIE RD,374508.178,5033198.639,-75.60904381,45.43524531,2016-06-09,6:35,01 - Clear,01 - Dry,01 - Traffic signal,03 - At intersection,01 - Daylight,02 - Non-fatal injury,07 - SMV other,Industrial Park
1916,BLAIR RD @ OGILVIE RD,374508.3896,5033198.797,-75.60904109,45.43524671,2016-02-07,13:34,01 - Clear,01 - Dry,01 - Traffic signal,02 - Intersection related,01 - Daylight,03 - P.D. only,03 - Rear end,Industrial Park
1917,BLAIR RD @ OGILVIE RD,374508.8214,5033199.234,-75.60903551,45.4352506,2016-02-12,17:15,03 - Snow,03 - Loose snow,01 - Traffic signal,02 - Intersection related,05 - Dusk,03 - P.D. only,03 - Rear end,Beacon Hill South - Cardinal Heights
1918,BLAIR RD @ OGILVIE RD,374507.2645,5033197.886,-75.60905559,45.43523862,2016-08-12,16:16,01 - Clear,02 - Wet,01 - Traffic signal,02 - Intersection related,01 - Daylight,03 - P.D. only,03 - Rear end,Industrial Park
1919,BLAIR RD @ OGILVIE RD,374506.0674,5033196.505,-75.60907109,45.43522632,2016-09-10,17:02,01 - Clear,01 - Dry,01 - Traffic signal,02 - Intersection related,01 - Daylight,03 - P.D. only,03 - Rear end,Industrial Park
1920,BLAIR RD @ OGILVIE RD,374506.9952,5033198.854,-75.6090589,45.43524736,2016-08-02,21:37,01 - Clear,01 - Dry,01 - Traffic signal,02 - Intersection related,07 - Dark,03 - P.D. only,03 - Rear end,Industrial Park
1921,BLAIR RD @ OGILVIE RD,374506.2228,5033200.451,-75.60906854,45.4352618,2016-01-12,18:26,01 - Clear,02 - Wet,01 - Traffic signal,02 - Intersection related,07 - Dark,03 - P.D. only,03 - Rear end,Industrial Park
1922,BLAIR RD @ OGILVIE RD,374507.4992,5033199.248,-75.6090524,45.43525085,2016-05-03,8:59,01 - Clear,01 - Dry,01 - Traffic signal,02 - Intersection related,01 - Daylight,03 - P.D. only,03 - Rear end,Beacon Hill South - Cardinal Heights
1923,BLAIR RD @ OGILVIE RD,374508.2592,5033198.307,-75.60904282,45.43524231,2016-09-19,7:32,01 - Clear,01 - Dry,01 - Traffic signal,02 - Intersection related,01 - Daylight,03 - P.D. only,03 - Rear end,Industrial Park
1924,BLAIR RD @ OGILVIE RD,374507.0651,5033197.916,-75.60905814,45.43523891,2016-05-12,16:34,01 - Clear,01 - Dry,01 - Traffic signal,03 - At intersection,01 - Daylight,03 - P.D. only,04 - Sideswipe,Industrial Park
1925,BLAIR RD @ OGILVIE RD,374508.1316,5033197.491,-75.60904457,45.43523498,2016-07-22,14:29,01 - Clear,01 - Dry,01 - Traffic signal,02 - Intersection related,01 - Daylight,03 - P.D. only,03 - Rear end,Industrial Park
1926,BLAIR RD @ OGILVIE RD,374507.7237,5033198.161,-75.60904969,45.43524105,2016-12-14,14:25,01 - Clear,04 - Slush,01 - Traffic signal,02 - Intersection related,01 - Daylight,03 - P.D. only,03 - Rear end,Industrial Park
1927,BLAIR RD @ OR174 IC112 RAMP26,374752.5266,5032847.71,-75.60597098,45.43206344,2016-11-26,11:07,01 - Clear,01 - Dry,10 - No control,02 - Intersection related,01 - Daylight,03 - P.D. only,07 - SMV other,Industrial Park
1928,BLAIR RD @ OR174 IC112 RAMP52,374816.9259,5032774.184,-75.60515848,45.43139545,2016-12-08,17:12,03 - Snow,03 - Loose snow,10 - No control,02 - Intersection related,07 - Dark,02 - Non-fatal injury,03 - Rear end,Pineview
1929,BLAIR RD @ REGIONAL RD 174 N/OR174 IC112 RAMP61,374634.5118,5032991.399,-75.60745871,45.43336807,2016-02-09,15:48,01 - Clear,01 - Dry,01 - Traffic signal,03 - At intersection,01 - Daylight,02 - Non-fatal injury,05 - Turning movement,Industrial Park
1930,BLAIR RD @ REGIONAL RD 174 N/OR174 IC112 RAMP61,374634.4591,5032991.15,-75.60745941,45.43336584,2016-10-22,0:33,02 - Rain,02 - Wet,01 - Traffic signal,02 - Intersection related,07 - Dark,02 - Non-fatal injury,03 - Rear end,Industrial Park
1931,BLAIR RD @ REGIONAL RD 174 N/OR174 IC112 RAMP61,374634.465,5032991.309,-75.60745932,45.43336727,2016-04-01,16:00,01 - Clear,01 - Dry,01 - Traffic signal,02 - Intersection related,01 - Daylight,02 - Non-fatal injury,03 - Rear end,Industrial Park
1932,BLAIR RD @ REGIONAL RD 174 N/OR174 IC112 RAMP61,374635.6499,5032991.288,-75.60744418,45.43336696,2016-06-29,8:52,01 - Clear,01 - Dry,01 - Traffic signal,03 - At intersection,01 - Daylight,02 - Non-fatal injury,02 - Angle,Industrial Park
1933,BLAIR RD @ REGIONAL RD 174 N/OR174 IC112 RAMP61,374634.3977,5032992.296,-75.60746004,45.43337615,2016-09-10,23:18,02 - Rain,02 - Wet,01 - Traffic signal,03 - At intersection,07 - Dark,03 - P.D. only,05 - Turning movement,Industrial Park
1934,BLAIR RD @ REGIONAL RD 174 N/OR174 IC112 RAMP61,374634.1257,5032992.749,-75.60746345,45.43338026,2016-05-17,10:47,01 - Clear,01 - Dry,01 - Traffic signal,02 - Intersection related,01 - Daylight,03 - P.D. only,03 - Rear end,Industrial Park
1935,BLAIR RD @ REGIONAL RD 174 N/OR174 IC112 RAMP61,374633.9031,5032991.989,-75.6074664,45.43337344,2016-11-14,14:08,01 - Clear,01 - Dry,01 - Traffic signal,02 - Intersection related,01 - Daylight,03 - P.D. only,03 - Rear end,Industrial Park
1936,BLAIR RD @ REGIONAL RD 174 N/OR174 IC112 RAMP61,374633.0757,5032992.952,-75.60747684,45.43338219,2016-11-21,9:10,03 - Snow,04 - Slush,01 - Traffic signal,02 - Intersection related,01 - Daylight,03 - P.D. only,03 - Rear end,Industrial Park
1937,BLAIR RD @ REGIONAL RD 174 N/OR174 IC112 RAMP61,374633.8828,5032991.208,-75.60746677,45.43336641,2016-09-19,19:42,01 - Clear,01 - Dry,01 - Traffic signal,02 - Intersection related,05 - Dusk,03 - P.D. only,04 - Sideswipe,Industrial Park
1938,BLAIR RD @ REGIONAL RD 174 N/OR174 IC112 RAMP61,374637.058,5032992.342,-75.60742603,45.4333763,2016-09-23,7:30,02 - Rain,02 - Wet,01 - Traffic signal,02 - Intersection related,01 - Daylight,03 - P.D. only,03 - Rear end,Industrial Park
1939,BLAIR RD @ REGIONAL RD 174 S/OR174 IC112 RAMP15,374907.8687,5032662.28,-75.60401227,45.43037949,2016-08-03,23:01,01 - Clear,01 - Dry,01 - Traffic signal,03 - At intersection,07 - Dark,02 - Non-fatal injury,05 - Turning movement,Pineview
1940,BLAIR RD @ REGIONAL RD 174 S/OR174 IC112 RAMP15,374908.2141,5032662.368,-75.60400785,45.43038025,2016-01-17,11:32,01 - Clear,02 - Wet,01 - Traffic signal,03 - At intersection,01 - Daylight,02 - Non-fatal injury,05 - Turning movement,Pineview
1941,BLAIR RD @ REGIONAL RD 174 S/OR174 IC112 RAMP15,374907.7436,5032661.676,-75.60401396,45.43037407,2016-02-21,10:17,01 - Clear,02 - Wet,01 - Traffic signal,02 - Intersection related,01 - Daylight,02 - Non-fatal injury,05 - Turning movement,Pineview
1942,BLAIR RD @ REGIONAL RD 174 S/OR174 IC112 RAMP15,374907.5161,5032660.934,-75.60401697,45.43036741,2016-11-30,19:50,02 - Rain,02 - Wet,01 - Traffic signal,03 - At intersection,07 - Dark,02 - Non-fatal injury,05 - Turning movement,Pineview
1943,BLAIR RD @ REGIONAL RD 174 S/OR174 IC112 RAMP15,374908.4839,5032660.248,-75.6040047,45.43036115,2016-02-27,21:55,01 - Clear,02 - Wet,01 - Traffic signal,03 - At intersection,07 - Dark,03 - P.D. only,05 - Turning movement,Pineview
1944,BLAIR RD @ REGIONAL RD 174 S/OR174 IC112 RAMP15,374906.8968,5032661.49,-75.60402481,45.43037248,2016-02-06,13:10,01 - Clear,01 - Dry,01 - Traffic signal,02 - Intersection related,01 - Daylight,03 - P.D. only,04 - Sideswipe,Pineview
1945,BLAIR RD @ REGIONAL RD 174 S/OR174 IC112 RAMP15,374906.8098,5032660.767,-75.60402602,45.43036598,2016-01-15,18:30,01 - Clear,02 - Wet,01 - Traffic signal,03 - At intersection,07 - Dark,03 - P.D. only,05 - Turning movement,Pineview
1946,BLAIR RD @ REGIONAL RD 174 S/OR174 IC112 RAMP15,374904.385,5032660.501,-75.60405704,45.43036383,2016-09-07,21:59,02 - Rain,02 - Wet,01 - Traffic signal,03 - At intersection,07 - Dark,03 - P.D. only,03 - Rear end,Pineview
1947,BLAIR RD @ REGIONAL RD 174 S/OR174 IC112 RAMP15,374907.0618,5032662.782,-75.60402251,45.43038409,2016-11-02,15:30,01 - Clear,01 - Dry,01 - Traffic signal,02 - Intersection related,01 - Daylight,03 - P.D. only,03 - Rear end,Pineview
1948,BLAIR RD @ REGIONAL RD 174 S/OR174 IC112 RAMP15,374908.9355,5032661.388,-75.60399877,45.43037136,2016-11-26,15:25,01 - Clear,01 - Dry,01 - Traffic signal,03 - At intersection,01 - Daylight,03 - P.D. only,05 - Turning movement,Pineview
1949,BLAIR RD @ SWANS WAY N,373691.94,5035265.687,-75.61918569,45.45392438,2016-12-19,18:34,01 - Clear,02 - Wet,10 - No control,02 - Intersection related,07 - Dark,03 - P.D. only,07 - SMV other,Gloucester
1950,BLAIR RD btwn BEAVERPOND DR & INNES RD,375413.9999,5031841.417,-75.59766234,45.42294291,2016-01-07,17:30,01 - Clear,02 - Wet,10 - No control,01 - Non intersection,05 - Dusk,03 - P.D. only,03 - Rear end,Pineview
1951,BLAIR RD btwn BEAVERPOND DR & INNES RD,375503.3726,5031630.445,-75.59655072,45.42103568,2016-10-21,11:05,02 - Rain,02 - Wet,10 - No control,04 - At/near private drive,01 - Daylight,03 - P.D. only,03 - Rear end,Greenbelt
1952,BLAIR RD btwn CROWNHILL ST & OGILVIE RD,374503.5089,5033208.14,-75.60910214,45.43533126,2016-09-01,16:53,01 - Clear,01 - Dry,10 - No control,01 - Non intersection,01 - Daylight,03 - P.D. only,03 - Rear end,Industrial Park
1953,BLAIR RD btwn MONTREAL RD & SEGUIN ST,374051.1902,5034358.011,-75.61472085,45.44572211,2016-12-17,16:03,03 - Snow,03 - Loose snow,10 - No control,01 - Non intersection,05 - Dusk,03 - P.D. only,07 - SMV other,Carson Grove - Carson Meadows
1954,BLAIR RD btwn NICOL ST & MONTREAL RD,373933.4414,5034652.845,-75.61618449,45.44838652,2016-09-16,16:22,01 - Clear,01 - Dry,10 - No control,01 - Non intersection,01 - Daylight,02 - Non-fatal injury,07 - SMV other,Gloucester
1955,BLAIR RD btwn OGILVIE RD & OR174 IC112 RAMP36,374583.771,5033048.769,-75.608099,45.43388932,2016-10-27,21:54,03 - Snow,04 - Slush,10 - No control,01 - Non intersection,07 - Dark,03 - P.D. only,03 - Rear end,Industrial Park
1956,BLAIR RD btwn OGILVIE RD & OR174 IC112 RAMP36,374621.3476,5033008.124,-75.60762456,45.43351987,2016-11-14,18:02,01 - Clear,01 - Dry,10 - No control,01 - Non intersection,07 - Dark,03 - P.D. only,04 - Sideswipe,Industrial Park
1957,BLAIR RD btwn OR174 IC112 RAMP15 & MEADOWBROOK RD,375186.0775,5032321.114,-75.60050593,45.42728193,2016-01-14,10:35,01 - Clear,03 - Loose snow,10 - No control,04 - At/near private drive,01 - Daylight,02 - Non-fatal injury,02 - Angle,Greenbelt
1958,BLAIR RD btwn OR174 IC112 RAMP15 & MEADOWBROOK RD,375186.6116,5032321.888,-75.60049899,45.42728884,2016-09-02,17:10,01 - Clear,01 - Dry,10 - No control,01 - Non intersection,01 - Daylight,02 - Non-fatal injury,07 - SMV other,Greenbelt
1959,BLAIR RD btwn OR174 IC112 RAMP15 & MEADOWBROOK RD,374944.6575,5032614.816,-75.60354893,45.42994875,2016-01-26,17:17,01 - Clear,02 - Wet,10 - No control,01 - Non intersection,05 - Dusk,03 - P.D. only,03 - Rear end,Pineview
1960,BLAIR RD btwn OR174 IC112 RAMP15 & MEADOWBROOK RD,375141.0799,5032377.097,-75.60107291,45.42779016,2016-05-27,16:16,02 - Rain,02 - Wet,10 - No control,04 - At/near private drive,01 - Daylight,03 - P.D. only,02 - Angle,Pineview
1961,BLAIR RD btwn OR174 IC112 RAMP15 & MEADOWBROOK RD,375068.4996,5032465.466,-75.60198773,45.42859255,2016-11-26,19:57,01 - Clear,01 - Dry,10 - No control,01 - Non intersection,07 - Dark,03 - P.D. only,05 - Turning movement,Pineview
1962,BLAIR RD btwn OR174 IC112 RAMP26 & OR174 IC112 RAMP52,374799.8595,5032792.948,-75.6053739,45.43156599,2016-10-21,18:27,02 - Rain,02 - Wet,10 - No control,01 - Non intersection,07 - Dark,02 - Non-fatal injury,03 - Rear end,Pineview
1963,BLAIR RD btwn OR174 IC112 RAMP36 & OR174 IC112 RAMP26,374640.5448,5032983.646,-75.60738271,45.43329771,2016-10-31,14:50,01 - Clear,01 - Dry,10 - No control,01 - Non intersection,01 - Daylight,03 - P.D. only,04 - Sideswipe,Industrial Park
1964,BLAIR RD btwn SEGUIN ST & MOWAT ST,374160.8514,5034079.682,-75.61335838,45.44320699,2016-07-29,17:50,01 - Clear,01 - Dry,10 - No control,01 - Non intersection,01 - Daylight,02 - Non-fatal injury,05 - Turning movement,Beacon Hill South - Cardinal Heights
1965,BLAIR ST @ STATION BLVD,371117.1673,5030308.614,-75.65276925,45.40957193,2016-12-07,12:08,03 - Snow,03 - Loose snow,02 - Stop sign,02 - Intersection related,01 - Daylight,02 - Non-fatal injury,03 - Rear end,Elmvale - Eastway - Riverview - Riverview Park West
1966,BLAIR ST btwn DORION AVE & DRAKE AVE,370998.0916,5030216.866,-75.65430265,45.40875769,2016-01-29,8:50,01 - Clear,01 - Dry,10 - No control,01 - Non intersection,01 - Daylight,03 - P.D. only,06 - SMV unattended vehicle,Elmvale - Eastway - Riverview - Riverview Park West
1967,BLAIS RD @ BANK ST,376155.8273,5019726.136,-75.58993399,45.31386034,2016-10-02,15:56,01 - Clear,02 - Wet,02 - Stop sign,02 - Intersection related,01 - Daylight,02 - Non-fatal injury,03 - Rear end,Greenbelt
1968,BLAIS RD @ BANK ST,376155.4149,5019728.133,-75.58993896,45.31387835,2016-02-09,9:00,03 - Snow,06 - Ice,02 - Stop sign,02 - Intersection related,01 - Daylight,03 - P.D. only,01 - Approaching,Greenbelt
1969,BLAIS RD @ BANK ST,376154.0058,5019727.099,-75.58995708,45.31386919,2016-01-07,6:35,01 - Clear,01 - Dry,02 - Stop sign,03 - At intersection,07 - Dark,03 - P.D. only,03 - Rear end,Greenbelt
1970,BLAKE BLVD @ LAFONTAINE AVE,370941.3638,5033036.492,-75.65464874,45.43413286,2016-03-07,9:06,01 - Clear,04 - Slush,02 - Stop sign,03 - At intersection,01 - Daylight,03 - P.D. only,02 - Angle,Vanier South
1971,BLAKE BLVD btwn JEAN TALON ST & BLAKE BLVD,371165.1263,5033055.685,-75.65178656,45.43428435,2016-08-28,0:00,01 - Clear,01 - Dry,10 - No control,01 - Non intersection,00 - Unknown,03 - P.D. only,06 - SMV unattended vehicle,Vanier South
1972,BLANCHFIELD RD @ OSGOODE MAIN ST,377912.6925,5002875.436,-75.57000676,45.16206276,2016-01-29,14:08,01 - Clear,02 - Wet,02 - Stop sign,03 - At intersection,01 - Daylight,03 - P.D. only,02 - Angle,Kars - Osgoode
1973,BLANCHFIELD RD @ OSGOODE MAIN ST,377912.3696,5002875.356,-75.57001088,45.16206208,2016-09-25,16:45,01 - Clear,01 - Dry,02 - Stop sign,03 - At intersection,01 - Daylight,03 - P.D. only,02 - Angle,Kars - Osgoode
1974,BLAZER AVE @ PRINCE OF WALES DR,367352.9306,5021106.268,-75.70201935,45.32711792,2016-10-31,18:19,01 - Clear,01 - Dry,02 - Stop sign,02 - Intersection related,05 - Dusk,03 - P.D. only,02 - Angle,Industrial Park
1975,BLEEKS RD @ CONLEY RD,351250.2259,5004818.004,-75.90894919,45.18180098,2016-06-25,0:00,01 - Clear,08 - Loose sand or gravel,02 - Stop sign,02 - Intersection related,07 - Dark,02 - Non-fatal injury,07 - SMV other,Munster Hamlet - Richmond
1976,BLEEKS RD @ CONLEY RD,351249.3478,5004816.686,-75.90896049,45.18178918,2016-09-04,5:31,01 - Clear,01 - Dry,02 - Stop sign,03 - At intersection,07 - Dark,03 - P.D. only,07 - SMV other,Munster Hamlet - Richmond
1977,BLEEKS RD @ MUNSTER RD,348847.8808,5002901.14,-75.93968523,45.16470614,2016-10-07,13:14,01 - Clear,01 - Dry,02 - Stop sign,02 - Intersection related,01 - Daylight,03 - P.D. only,02 - Angle,Munster Hamlet - Richmond
1978,BLEEKS RD btwn DWYER HILL RD & BAYBERRY LANE,348327.8424,5002445.229,-75.94633985,45.16063586,2016-10-28,19:16,01 - Clear,01 - Dry,10 - No control,04 - At/near private drive,07 - Dark,03 - P.D. only,02 - Angle,Munster Hamlet - Richmond
1979,BLOHM DR @ ESSON ST,374368.7395,5026173.113,-75.61181694,45.372047,2016-10-21,9:50,02 - Rain,02 - Wet,02 - Stop sign,03 - At intersection,01 - Daylight,02 - Non-fatal injury,07 - SMV other,Hunt Club
1980,BLOHM DR @ ESSON ST,374368.52,5026173.307,-75.61181971,45.37204877,2016-02-21,2:42,04 - Freezing Rain,06 - Ice,02 - Stop sign,03 - At intersection,07 - Dark,03 - P.D. only,07 - SMV other,Hunt Club
1981,BLOHM DR @ ESSON ST,374369.5677,5026173.941,-75.61180625,45.37205437,2016-12-19,16:11,01 - Clear,05 - Packed snow,02 - Stop sign,02 - Intersection related,05 - Dusk,03 - P.D. only,04 - Sideswipe,Hunt Club
1982,BLOHM DR @ HUNT CLUB RD,375128.6483,5026190.177,-75.60211396,45.37212468,2016-08-22,19:10,01 - Clear,01 - Dry,01 - Traffic signal,03 - At intersection,01 - Daylight,02 - Non-fatal injury,05 - Turning movement,Hunt Club
1983,BLOHM DR @ HUNT CLUB RD,375127.6352,5026191.453,-75.60212671,45.37213627,2016-02-15,11:40,01 - Clear,01 - Dry,01 - Traffic signal,03 - At intersection,01 - Daylight,03 - P.D. only,03 - Rear end,Hunt Club
1984,BLOHM DR @ HUNT CLUB RD,375128.6483,5026189.299,-75.60211408,45.37211678,2016-10-17,13:25,01 - Clear,01 - Dry,01 - Traffic signal,03 - At intersection,01 - Daylight,03 - P.D. only,05 - Turning movement,Hunt Club
1985,BLOHM DR @ HUNT CLUB RD,375129.5265,5026189.738,-75.60210281,45.37212065,2016-08-16,18:05,02 - Rain,02 - Wet,01 - Traffic signal,03 - At intersection,01 - Daylight,03 - P.D. only,05 - Turning movement,Hunt Club
1986,BLOHM DR @ HUNT CLUB RD,375127.2615,5026190.761,-75.60213158,45.37213008,2016-10-31,14:26,01 - Clear,01 - Dry,01 - Traffic signal,02 - Intersection related,01 - Daylight,03 - P.D. only,03 - Rear end,Hunt Club
1987,BLOHM DR @ HUNT CLUB RD,375130.4224,5026188.842,-75.6020915,45.37211249,2016-06-04,15:48,01 - Clear,01 - Dry,01 - Traffic signal,03 - At intersection,01 - Daylight,03 - P.D. only,03 - Rear end,Hunt Club
1988,BLOHM DR @ HUNT CLUB RD,375129.733,5026189.764,-75.60210017,45.37212086,2016-11-10,19:30,01 - Clear,01 - Dry,01 - Traffic signal,02 - Intersection related,07 - Dark,03 - P.D. only,03 - Rear end,Hunt Club
1989,BLOHM DR @ HUNT CLUB RD,375128.0897,5026190.761,-75.602121,45.37212999,2016-12-07,12:25,01 - Clear,01 - Dry,01 - Traffic signal,02 - Intersection related,01 - Daylight,03 - P.D. only,04 - Sideswipe,Hunt Club
1990,BLOHM DR @ JOHNSTON RD,374577.2811,5026456.863,-75.60911473,45.37457932,2016-09-07,8:36,01 - Clear,01 - Dry,02 - Stop sign,02 - Intersection related,01 - Daylight,03 - P.D. only,03 - Rear end,Hunt Club
1991,BLOHM DR @ LORRY GREENBERG DR,373684.8561,5025945.526,-75.62057877,45.37006682,2016-12-08,23:05,03 - Snow,06 - Ice,02 - Stop sign,02 - Intersection related,07 - Dark,03 - P.D. only,03 - Rear end,Hunt Club
1992,BLOHM DR @ PITTAWAY AVE/SWAIN AVE,374262.2369,5025979.913,-75.61320366,45.37031924,2016-01-07,10:54,01 - Clear,01 - Dry,02 - Stop sign,03 - At intersection,01 - Daylight,03 - P.D. only,02 - Angle,Hunt Club
1993,BLOHM DR btwn KARSH DR & ESSON ST,374311.1667,5026071.653,-75.61256616,45.37113982,2016-11-30,0:21,"07 - Fog, mist, smoke, dust",01 - Dry,10 - No control,04 - At/near private drive,07 - Dark,02 - Non-fatal injury,06 - SMV unattended vehicle,Hunt Club
1994,BLOHM DR btwn LORRY GREENBERG DR & 68 N OF BRISTON PRIV,373765.4517,5025805.691,-75.61956948,45.36880072,2016-10-27,13:44,01 - Clear,01 - Dry,10 - No control,01 - Non intersection,01 - Daylight,02 - Non-fatal injury,07 - SMV other,Hunt Club
1995,BLOHM DR btwn MARNIE PRIV & HUNT CLUB RD,375117.6366,5026211.393,-75.6022515,45.37231668,2016-04-18,9:53,01 - Clear,01 - Dry,10 - No control,01 - Non intersection,01 - Daylight,03 - P.D. only,06 - SMV unattended vehicle,Hunt Club
1996,BLUE JAY CRES btwn FILLMORE CRES & FILLMORE CRES,375205.2325,5036224.998,-75.59970259,45.46240484,2016-10-03,13:04,01 - Clear,01 - Dry,10 - No control,04 - At/near private drive,01 - Daylight,03 - P.D. only,02 - Angle,Beacon Hill North
1997,BLUE WILLOW CRES btwn DES PRUCHES AVE & DES PRUCHES AVE,381052.5069,5033198.057,-75.52541099,45.43455706,2016-12-25,0:00,01 - Clear,01 - Dry,10 - No control,01 - Non intersection,00 - Unknown,03 - P.D. only,06 - SMV unattended vehicle,Chapel Hill South
1998,BOIS VERT PL btwn AQUAVIEW DR & SILVERADO CRES,384549.2226,5035838.731,-75.48029816,45.45792541,2016-10-26,8:11,01 - Clear,01 - Dry,10 - No control,01 - Non intersection,01 - Daylight,03 - P.D. only,06 - SMV unattended vehicle,Avalon
1999,BOISFRANC CIRC @ BRIAN COBURN BLVD,385410.743,5035431.659,-75.46935097,45.45416411,2016-03-20,13:10,01 - Clear,01 - Dry,02 - Stop sign,03 - At intersection,01 - Daylight,03 - P.D. only,05 - Turning movement,Avalon
2000,BOLTON ST @ KING EDWARD AVE,368040.1087,5033173.769,-75.69170818,45.43563642,2016-06-22,8:50,01 - Clear,01 - Dry,02 - Stop sign,02 - Intersection related,01 - Daylight,03 - P.D. only,03 - Rear end,Lower Town
2001,BONGARD AVE @ GIFFORD ST/TRISTAN CRT,366408.8072,5021652.832,-75.71399426,45.33211933,2016-12-05,8:55,03 - Snow,05 - Packed snow,03 - Yield sign,02 - Intersection related,01 - Daylight,03 - P.D. only,02 - Angle,Industrial Park