Record,Location,X,Y,lon,lat,Date,Time,Environment,Road_Surface,Traffic_Control,Collision_Location,Light,Collision_Classification,Impact_type,Neighborhood
2002,BOOKTON PL btwn GREY SEAL CIRC & GREY SEAL CIRC,369253.2761,5016361.67,-75.67839629,45.28425497,2016-03-29,0:00,02 - Rain,02 - Wet,10 - No control,01 - Non intersection,07 - Dark,03 - P.D. only,06 - SMV unattended vehicle,Gloucester
2003,BOOTH ST @ 148 N OF MIDDLE ST/E.B.EDDY S,366034.5085,5031416.756,-75.71755841,45.42000585,2016-04-04,9:18,01 - Clear,01 - Dry,01 - Traffic signal,02 - Intersection related,01 - Daylight,03 - P.D. only,03 - Rear end,LeBreto
2004,BOOTH ST @ 208 N OF MIDDLE ST/E.B. EDDY N,366010.3937,5031471.56,-75.7178597,45.42050107,2016-07-07,15:05,01 - Clear,01 - Dry,01 - Traffic signal,02 - Intersection related,01 - Daylight,03 - P.D. only,04 - Sideswipe,LeBreto
2005,BOOTH ST @ CARLING AVE,367094.0533,5029105.901,-75.70431308,45.39911991,2016-10-27,16:41,03 - Snow,02 - Wet,01 - Traffic signal,03 - At intersection,01 - Daylight,03 - P.D. only,05 - Turning movement,Centretown West
2006,BOOTH ST @ ECCLES ST,366623.2009,5030186.596,-75.71019125,45.40888545,2016-10-08,9:19,02 - Rain,02 - Wet,01 - Traffic signal,03 - At intersection,01 - Daylight,03 - P.D. only,02 - Angle,Chinatown
2007,BOOTH ST @ ELM ST,366527.7019,5030399.778,-75.71138447,45.41081203,2016-12-20,7:32,01 - Clear,02 - Wet,02 - Stop sign,02 - Intersection related,03 - Dawn,03 - P.D. only,04 - Sideswipe,Centretown West
2008,BOOTH ST @ FLEET ST,366296.4694,5030935.006,-75.71427157,45.41564822,2016-09-15,9:10,01 - Clear,01 - Dry,02 - Stop sign,03 - At intersection,01 - Daylight,03 - P.D. only,05 - Turning movement,LeBreton Flats
2009,BOOTH ST @ GLADSTONE AVE,366769.3713,5029851.228,-75.70836622,45.40585497,2016-02-17,21:33,03 - Snow,05 - Packed snow,01 - Traffic signal,02 - Intersection related,07 - Dark,03 - P.D. only,03 - Rear end,Centretown West
2010,BOOTH ST @ GLADSTONE AVE,366768.4799,5029850.787,-75.70837766,45.40585108,2016-06-11,10:49,02 - Rain,02 - Wet,01 - Traffic signal,02 - Intersection related,01 - Daylight,03 - P.D. only,99 - Other,Centretown West
2011,BOOTH ST @ GLADSTONE AVE,366768.0468,5029851.22,-75.70838313,45.40585502,2016-11-09,17:48,01 - Clear,01 - Dry,01 - Traffic signal,03 - At intersection,07 - Dark,03 - P.D. only,05 - Turning movement,Centretown West
2012,BOOTH ST @ GLADSTONE AVE,366768.4859,5029850.342,-75.70837764,45.40584708,2016-10-12,16:58,01 - Clear,01 - Dry,01 - Traffic signal,03 - At intersection,01 - Daylight,03 - P.D. only,05 - Turning movement,Centretown West
2013,BOOTH ST @ ORANGEVILLE ST,366891.9541,5029572.186,-75.70683556,45.40333337,2016-05-28,22:08,01 - Clear,01 - Dry,02 - Stop sign,03 - At intersection,07 - Dark,02 - Non-fatal injury,02 - Angle,The Glebe Annex
2014,BOOTH ST @ OTTAWA RIVER PKWY/WELLINGTON ST,366263.7186,5031007.765,-75.7146809,45.41630576,2016-09-04,13:30,01 - Clear,01 - Dry,01 - Traffic signal,02 - Intersection related,01 - Daylight,02 - Non-fatal injury,03 - Rear end,LeBreton Flats
2015,BOOTH ST @ OTTAWA RIVER PKWY/WELLINGTON ST,366264.5005,5031007.257,-75.71467098,45.41630112,2016-05-13,18:03,01 - Clear,01 - Dry,01 - Traffic signal,02 - Intersection related,01 - Daylight,03 - P.D. only,03 - Rear end,LeBreton Flats
2016,BOOTH ST @ OTTAWA RIVER PKWY/WELLINGTON ST,366264.8121,5031006.821,-75.71466705,45.41629717,2016-09-04,13:30,01 - Clear,01 - Dry,01 - Traffic signal,03 - At intersection,01 - Daylight,03 - P.D. only,05 - Turning movement,LeBreton Flats
2017,BOOTH ST @ OTTAWA RIVER PKWY/WELLINGTON ST,366263.9266,5031005.203,-75.71467856,45.41628269,2016-01-15,18:43,01 - Clear,01 - Dry,01 - Traffic signal,02 - Intersection related,07 - Dark,03 - P.D. only,04 - Sideswipe,LeBreton Flats
2018,BOOTH ST @ OTTAWA RIVER PKWY/WELLINGTON ST,366265.3611,5031006.551,-75.71466007,45.41629469,2016-04-07,13:44,03 - Snow,03 - Loose snow,01 - Traffic signal,02 - Intersection related,01 - Daylight,03 - P.D. only,03 - Rear end,LeBreton Flats
2019,BOOTH ST @ OTTAWA RIVER PKWY/WELLINGTON ST,366262.8503,5031006.22,-75.71469219,45.41629194,2016-03-25,22:21,01 - Clear,01 - Dry,01 - Traffic signal,02 - Intersection related,07 - Dark,03 - P.D. only,04 - Sideswipe,LeBreton Flats
2020,BOOTH ST @ OTTAWA RIVER PKWY/WELLINGTON ST,366264.1736,5031006.856,-75.7146752,45.41629754,2016-06-24,13:42,01 - Clear,01 - Dry,01 - Traffic signal,02 - Intersection related,01 - Daylight,03 - P.D. only,04 - Sideswipe,LeBreton Flats
2021,BOOTH ST @ OTTAWA RIVER PKWY/WELLINGTON ST,366264.4491,5031007.846,-75.71467156,45.41630643,2016-10-03,12:15,01 - Clear,01 - Dry,01 - Traffic signal,03 - At intersection,01 - Daylight,03 - P.D. only,02 - Angle,LeBreton Flats
2022,BOOTH ST @ OTTAWA RIVER PKWY/WELLINGTON ST,366264.3945,5031006.961,-75.71467237,45.41629847,2016-08-19,17:11,01 - Clear,01 - Dry,01 - Traffic signal,02 - Intersection related,01 - Daylight,03 - P.D. only,03 - Rear end,LeBreton Flats
2023,BOOTH ST @ OTTAWA RIVER PKWY/WELLINGTON ST,366264.036,5031006.238,-75.71467704,45.41629199,2016-12-06,8:45,01 - Clear,02 - Wet,01 - Traffic signal,03 - At intersection,01 - Daylight,03 - P.D. only,04 - Sideswipe,LeBreton Flats
2024,BOOTH ST @ PRIMROSE AVE,366498.172,5030471.335,-75.71175274,45.41145848,2016-11-14,8:35,01 - Clear,01 - Dry,01 - Traffic signal,02 - Intersection related,01 - Daylight,02 - Non-fatal injury,03 - Rear end,Centretown West
2025,BOOTH ST @ RAYMOND ST,366860.2718,5029641.737,-75.70723148,45.40396198,2016-03-20,9:06,01 - Clear,01 - Dry,01 - Traffic signal,02 - Intersection related,01 - Daylight,03 - P.D. only,02 - Angle,Centretown West
2026,BOOTH ST @ RAYMOND ST,366860.0403,5029642.22,-75.70723437,45.40396634,2016-02-05,12:35,01 - Clear,01 - Dry,01 - Traffic signal,03 - At intersection,01 - Daylight,03 - P.D. only,02 - Angle,Centretown West
2027,BOOTH ST @ RAYMOND ST,366860.7841,5029641.53,-75.70722496,45.40396007,2016-10-06,14:58,01 - Clear,01 - Dry,01 - Traffic signal,02 - Intersection related,01 - Daylight,03 - P.D. only,03 - Rear end,Centretown West
2028,BOOTH ST @ SOMERSET ST,366593.8302,5030254.796,-75.71055789,45.40950168,2016-06-21,10:07,01 - Clear,01 - Dry,01 - Traffic signal,03 - At intersection,01 - Daylight,03 - P.D. only,02 - Angle,Chinatown
2029,BOOTH ST @ WELLINGTON ST S,366401.8745,5030675.985,-75.71295733,45.41330835,2016-10-25,22:41,01 - Clear,01 - Dry,02 - Stop sign,02 - Intersection related,07 - Dark,02 - Non-fatal injury,03 - Rear end,LeBreton Flats
2030,BOOTH ST @ WILLOW ST,366710.917,5029983.684,-75.70909624,45.40705195,2016-01-20,10:00,01 - Clear,04 - Slush,01 - Traffic signal,03 - At intersection,01 - Daylight,03 - P.D. only,02 - Angle,Centretown West
2031,BOOTH ST btwn ALBERT ST & PRIMROSE AVE,366493.3804,5030478.39,-75.71181307,45.41152238,2016-07-09,19:00,01 - Clear,02 - Wet,10 - No control,01 - Non intersection,01 - Daylight,03 - P.D. only,06 - SMV unattended vehicle,Centretown West
2032,BOOTH ST btwn GLADSTONE AVE & LOUISA ST,366795.7323,5029785.982,-75.7080377,45.40526557,2016-05-26,15:24,01 - Clear,01 - Dry,10 - No control,01 - Non intersection,01 - Daylight,02 - Non-fatal injury,05 - Turning movement,Centretown West
2033,BOOTH ST btwn MIDDLE ST & VIMY PLACE PRIV,366129.8444,5031271.286,-75.71635845,45.4186886,2016-01-19,8:05,01 - Clear,02 - Wet,10 - No control,01 - Non intersection,01 - Daylight,03 - P.D. only,07 - SMV other,LeBreto
2034,BOOTH ST btwn MIDDLE ST & VIMY PLACE PRIV,366228.7803,5031102.032,-75.71511551,45.41715702,2016-03-15,15:10,02 - Rain,02 - Wet,10 - No control,01 - Non intersection,01 - Daylight,03 - P.D. only,03 - Rear end,LeBreton Flats
2035,BOOTH ST btwn NORMAN ST & CARLING AVE,367017.2146,5029280.215,-75.70527247,45.40069517,2016-02-18,16:00,03 - Snow,05 - Packed snow,10 - No control,01 - Non intersection,01 - Daylight,03 - P.D. only,06 - SMV unattended vehicle,The Glebe Annex
2036,BOOTH ST btwn NORMAN ST & CARLING AVE,367053.6581,5029198.547,-75.70481731,45.3999571,2016-02-18,12:15,01 - Clear,01 - Dry,10 - No control,01 - Non intersection,01 - Daylight,03 - P.D. only,06 - SMV unattended vehicle,The Glebe Annex
2037,BOOTH ST btwn NORMAN ST & CARLING AVE,367035.4633,5029238.348,-75.70504467,45.40031684,2016-11-30,11:11,01 - Clear,02 - Wet,10 - No control,04 - At/near private drive,01 - Daylight,03 - P.D. only,02 - Angle,The Glebe Annex
2038,BOOTH ST btwn OTTAWA RIVER PKWY & FLEET ST,366267.4974,5030999.204,-75.71463369,45.4162284,2016-06-16,11:45,01 - Clear,01 - Dry,10 - No control,04 - At/near private drive,01 - Daylight,03 - P.D. only,03 - Rear end,LeBreton Flats
2039,BOOTH ST btwn PRIMROSE AVE & ELM ST,366520.1271,5030419.365,-75.71147878,45.41098893,2016-09-13,16:35,01 - Clear,01 - Dry,10 - No control,01 - Non intersection,01 - Daylight,02 - Non-fatal injury,04 - Sideswipe,Centretown West
2040,BOOTH ST btwn PROVINCIAL BOUNDARY & 208 N OF MIDDLE ST/E.B. EDDY N,365990.4919,5031513.603,-75.71810876,45.4208811,2016-08-22,15:37,01 - Clear,01 - Dry,10 - No control,01 - Non intersection,01 - Daylight,02 - Non-fatal injury,05 - Turning movement,LeBreto
2041,BOOTH ST btwn PROVINCIAL BOUNDARY & 208 N OF MIDDLE ST/E.B. EDDY N,366006.6407,5031479.991,-75.71790661,45.42057726,2016-11-04,6:22,01 - Clear,01 - Dry,10 - No control,01 - Non intersection,07 - Dark,03 - P.D. only,04 - Sideswipe,LeBreto
2042,BOOTH ST btwn PROVINCIAL BOUNDARY & 208 N OF MIDDLE ST/E.B. EDDY N,365983.9463,5031527.639,-75.71819065,45.42100796,2016-12-24,7:03,03 - Snow,02 - Wet,10 - No control,07 - Overpass or bridge,07 - Dark,03 - P.D. only,07 - SMV other,LeBreto
2043,BOOTH ST btwn TRANSIT & WELLINGTON ST,366396.7752,5030688.524,-75.71302091,45.41342162,2016-11-07,6:05,01 - Clear,01 - Dry,10 - No control,01 - Non intersection,07 - Dark,03 - P.D. only,04 - Sideswipe,LeBreton Flats
2044,BORDEN SIDE RD @ PRINCE OF WALES DR,367173.0475,5024126.851,-75.70393307,45.35431258,2016-12-20,20:10,01 - Clear,03 - Loose snow,02 - Stop sign,02 - Intersection related,07 - Dark,03 - P.D. only,05 - Turning movement,Borden Farm - Stewart Farm - Parkwood Hills - Fisher Glen
2045,BORDEN ST @ LION ST W,374915.5837,5000831.345,-75.6084121,45.14397431,2016-03-12,19:00,01 - Clear,01 - Dry,10 - No control,02 - Intersection related,07 - Dark,03 - P.D. only,06 - SMV unattended vehicle,Kars - Osgoode
2046,BOREALIS CRES btwn SOLACE CRT & MERGANSER ST,372519.3015,5033586.845,-75.63440773,45.43893363,2016-02-09,14:21,01 - Clear,02 - Wet,10 - No control,01 - Non intersection,01 - Daylight,03 - P.D. only,06 - SMV unattended vehicle,Carson Grove - Carson Meadows
2047,BORTHWICK AVE btwn QUEBEC ST & BURN ST,372216.9085,5033315.306,-75.63830969,45.43651968,2016-09-24,6:56,01 - Clear,01 - Dry,10 - No control,01 - Non intersection,03 - Dawn,03 - P.D. only,06 - SMV unattended vehicle,Cummings
2048,BOTELER ST @ SUSSEX DR,367452.1789,5032953.111,-75.69925004,45.43370395,2016-05-20,23:28,01 - Clear,01 - Dry,01 - Traffic signal,03 - At intersection,07 - Dark,02 - Non-fatal injury,05 - Turning movement,Byward Market - Parliament Hill
2049,BOTELER ST @ SUSSEX DR,367451.3115,5032952.385,-75.69926122,45.43369749,2016-11-04,14:46,01 - Clear,01 - Dry,01 - Traffic signal,02 - Intersection related,01 - Daylight,02 - Non-fatal injury,07 - SMV other,Byward Market - Parliament Hill
2050,BOTELER ST @ SUSSEX DR,367450.4833,5032949.901,-75.69927212,45.43367521,2016-11-24,8:38,03 - Snow,02 - Wet,01 - Traffic signal,02 - Intersection related,01 - Daylight,02 - Non-fatal injury,03 - Rear end,Byward Market - Parliament Hill
2051,BOTELER ST @ SUSSEX DR,367452.1397,5032951.143,-75.69925079,45.43368624,2016-09-20,6:27,01 - Clear,01 - Dry,01 - Traffic signal,02 - Intersection related,07 - Dark,03 - P.D. only,03 - Rear end,Byward Market - Parliament Hill
2052,BOTELER ST @ SUSSEX DR,367451.092,5032951.312,-75.69926416,45.43368786,2016-12-12,11:45,03 - Snow,04 - Slush,01 - Traffic signal,03 - At intersection,01 - Daylight,03 - P.D. only,05 - Turning movement,Byward Market - Parliament Hill
2053,BOTELER ST @ SUSSEX DR,367452.9678,5032949.901,-75.69924037,45.43367499,2016-12-08,20:30,03 - Snow,03 - Loose snow,01 - Traffic signal,03 - At intersection,07 - Dark,03 - P.D. only,07 - SMV other,Byward Market - Parliament Hill
2054,BOTSFORD ST btwn SHELLEY AVE & BROWNING AVE,372164.5558,5030045.683,-75.63942584,45.40710616,2016-08-30,14:44,01 - Clear,01 - Dry,10 - No control,04 - At/near private drive,01 - Daylight,03 - P.D. only,06 - SMV unattended vehicle,Elmvale - Eastway - Riverview - Riverview Park West
2055,BOTTRIELL WAY N @ CHARLEMAGNE BLVD,383695.7912,5037954.257,-75.49086913,45.47705588,2016-06-12,19:48,01 - Clear,01 - Dry,01 - Traffic signal,03 - At intersection,01 - Daylight,02 - Non-fatal injury,07 - SMV other,Fallingbrook
2056,BOTTRIELL WAY N @ CHARLEMAGNE BLVD,383695.8955,5037954.499,-75.49086775,45.47705804,2016-11-25,19:03,01 - Clear,02 - Wet,01 - Traffic signal,03 - At intersection,07 - Dark,03 - P.D. only,05 - Turning movement,Fallingbrook
2057,BOUNDARY RD @ HIGHWAY 417 EB,387397.8289,5023882.046,-75.44588371,45.35001948,2016-12-09,17:08,01 - Clear,01 - Dry,01 - Traffic signal,02 - Intersection related,07 - Dark,03 - P.D. only,03 - Rear end,Greenbelt
2058,BOUNDARY RD @ HWY 417 BOUNDARY IC96R15,387502.7652,5023611.77,-75.44458994,45.3475754,2016-05-01,22:14,02 - Rain,02 - Wet,10 - No control,03 - At intersection,07 - Dark,03 - P.D. only,07 - SMV other,Greenbelt
2059,BOUNDARY RD @ HWY 417 BOUNDARY IC96R15,387506.4403,5023610.931,-75.44454319,45.34756742,2016-11-13,11:05,01 - Clear,01 - Dry,10 - No control,03 - At intersection,01 - Daylight,03 - P.D. only,03 - Rear end,Navan - Vars
2060,BOUNDARY RD @ MITCH OWENS RD,388066.6603,5022162.055,-75.43763902,45.3344654,2016-11-25,16:38,"07 - Fog, mist, smoke, dust",02 - Wet,02 - Stop sign,02 - Intersection related,05 - Dusk,02 - Non-fatal injury,03 - Rear end,Navan - Vars
2061,BOUNDARY RD @ MITCH OWENS RD,388065.6066,5022162.695,-75.43765236,45.33447128,2016-06-18,14:34,01 - Clear,01 - Dry,02 - Stop sign,03 - At intersection,01 - Daylight,03 - P.D. only,02 - Angle,Metcalfe
2062,BOUNDARY RD @ MITCH OWENS RD,388065.1735,5022163.128,-75.43765781,45.33447523,2016-01-17,17:07,03 - Snow,03 - Loose snow,02 - Stop sign,03 - At intersection,05 - Dusk,03 - P.D. only,07 - SMV other,Metcalfe
2063,BOUNDARY RD @ MITCH OWENS RD,388064.3312,5022162.845,-75.4376686,45.33447278,2016-01-01,12:28,03 - Snow,02 - Wet,02 - Stop sign,03 - At intersection,01 - Daylight,03 - P.D. only,02 - Angle,Metcalfe
2064,BOUNDARY RD @ MITCH OWENS RD,388070.1407,5022157.04,-75.43759547,45.33441986,2016-08-18,17:57,01 - Clear,01 - Dry,02 - Stop sign,03 - At intersection,01 - Daylight,03 - P.D. only,02 - Angle,Navan - Vars
2065,BOUNDARY RD @ MITCH OWENS RD,388067.4351,5022162.036,-75.43762914,45.33446513,2016-11-08,17:42,01 - Clear,01 - Dry,02 - Stop sign,03 - At intersection,07 - Dark,03 - P.D. only,02 - Angle,Navan - Vars
2066,BOUNDARY RD @ PARKWAY RD,388799.8253,5020306.702,-75.4286013,45.31768516,2016-12-27,18:51,05 - Drifting Snow,06 - Ice,02 - Stop sign,03 - At intersection,07 - Dark,02 - Non-fatal injury,07 - SMV other,Navan - Vars
2067,BOUNDARY RD btwn EIGHTH LINE RD & HWY417 IC96 RAMP61,386754.6376,5025520.16,-75.45381918,45.3648333,2016-06-01,7:06,01 - Clear,01 - Dry,10 - No control,01 - Non intersection,01 - Daylight,03 - P.D. only,03 - Rear end,Navan - Vars
2068,BOUNDARY RD btwn ENTREPRENEUR CRES & MITCH OWENS RD,387992.9543,5022351.703,-75.43854736,45.33618043,2016-11-02,12:22,01 - Clear,01 - Dry,10 - No control,01 - Non intersection,01 - Daylight,03 - P.D. only,07 - SMV other,Navan - Vars
2069,BOUNDARY RD btwn INDCUM RD & ENTREPRENEUR CRES,387913.9757,5022563.129,-75.43951936,45.33809202,2016-02-28,10:13,03 - Snow,03 - Loose snow,10 - No control,01 - Non intersection,01 - Daylight,03 - P.D. only,07 - SMV other,Navan - Vars
2070,BOUNDARY RD btwn MITCH OWENS RD & DEVINE RD,388295.5425,5021613.445,-75.43481187,45.32950228,2016-01-16,11:45,03 - Snow,03 - Loose snow,10 - No control,01 - Non intersection,01 - Daylight,02 - Non-fatal injury,07 - SMV other,Metcalfe
2071,BOUNDARY RD btwn MITCH OWENS RD & DEVINE RD,388321.0968,5021548.775,-75.43449683,45.32891739,2016-02-11,6:42,03 - Snow,03 - Loose snow,10 - No control,01 - Non intersection,07 - Dark,03 - P.D. only,07 - SMV other,Metcalfe
2072,BOUNDARY RD btwn MITCH OWENS RD & DEVINE RD,388094.8176,5022090.006,-75.43729196,45.33381382,2016-11-05,22:26,01 - Clear,01 - Dry,10 - No control,01 - Non intersection,07 - Dark,03 - P.D. only,07 - SMV other,Metcalfe
2073,BOUNDARY RD btwn NINTH LINE RD & INDCUM RD,387608.0079,5023340.03,-75.44329261,45.3451181,2016-03-26,15:14,01 - Clear,01 - Dry,10 - No control,04 - At/near private drive,01 - Daylight,02 - Non-fatal injury,05 - Turning movement,Greenbelt
2074,BOUNDARY RD btwn RUSSELL RD & EIGHTH LINE RD,386573.974,5025988.954,-75.45604744,45.36907221,2016-04-29,11:13,01 - Clear,01 - Dry,10 - No control,05 - At railway crossing,01 - Daylight,03 - P.D. only,07 - SMV other,Navan - Vars
2075,BOURASSA ST @ GLADWIN CRES,373353.7301,5029739.551,-75.62427861,45.40423627,2016-12-01,15:40,"07 - Fog, mist, smoke, dust",01 - Dry,03 - Yield sign,03 - At intersection,01 - Daylight,03 - P.D. only,02 - Angle,Industrial Park
2076,BOURASSA ST @ ST. LAURENT BLVD,373235.9815,5029692.431,-75.62578913,45.40382382,2016-01-11,8:47,01 - Clear,06 - Ice,01 - Traffic signal,02 - Intersection related,01 - Daylight,02 - Non-fatal injury,03 - Rear end,Industrial Park
2077,BOURASSA ST @ ST. LAURENT BLVD,373237.3987,5029694.223,-75.62577078,45.40383981,2016-11-27,14:51,01 - Clear,01 - Dry,01 - Traffic signal,03 - At intersection,01 - Daylight,02 - Non-fatal injury,07 - SMV other,Industrial Park
2078,BOURASSA ST @ ST. LAURENT BLVD,373234.7349,5029692.373,-75.62580506,45.40382342,2016-01-28,13:10,03 - Snow,04 - Slush,01 - Traffic signal,02 - Intersection related,01 - Daylight,03 - P.D. only,03 - Rear end,Industrial Park
2079,BOURASSA ST @ ST. LAURENT BLVD,373235.6221,5029694.223,-75.62579347,45.40383998,2016-02-17,10:02,03 - Snow,04 - Slush,01 - Traffic signal,03 - At intersection,01 - Daylight,03 - P.D. only,02 - Angle,Industrial Park
2080,BOURASSA ST @ ST. LAURENT BLVD,373237.4084,5029693.331,-75.62577078,45.40383178,2016-05-25,16:40,01 - Clear,01 - Dry,01 - Traffic signal,02 - Intersection related,01 - Daylight,03 - P.D. only,03 - Rear end,Industrial Park
2081,BOURASSA ST @ ST. LAURENT BLVD,373235.9331,5029693.823,-75.62578955,45.40383635,2016-03-11,16:45,01 - Clear,01 - Dry,01 - Traffic signal,03 - At intersection,01 - Daylight,03 - P.D. only,04 - Sideswipe,Industrial Park
2082,BOURASSA ST @ ST. LAURENT BLVD,373235.6611,5029692.753,-75.62579317,45.40382675,2016-08-24,20:48,01 - Clear,01 - Dry,01 - Traffic signal,02 - Intersection related,07 - Dark,03 - P.D. only,03 - Rear end,Industrial Park
2083,BOURASSA ST @ ST. LAURENT BLVD,373236.0734,5029692.459,-75.62578795,45.40382407,2016-04-18,17:00,01 - Clear,01 - Dry,01 - Traffic signal,02 - Intersection related,01 - Daylight,03 - P.D. only,03 - Rear end,Industrial Park
2084,BOURASSA ST @ ST. LAURENT BLVD,373236.732,5029693.971,-75.62577933,45.40383761,2016-12-20,11:05,01 - Clear,04 - Slush,01 - Traffic signal,02 - Intersection related,01 - Daylight,03 - P.D. only,03 - Rear end,Industrial Park
2085,BOURASSA ST @ ST. LAURENT BLVD,373235.9038,5029693.143,-75.62579002,45.40383024,2016-09-07,16:45,01 - Clear,01 - Dry,01 - Traffic signal,02 - Intersection related,01 - Daylight,03 - P.D. only,03 - Rear end,Industrial Park
2086,BOURASSA ST btwn ST. LAURENT BLVD & GLADWIN CRES,373247.2583,5029698.708,-75.62564422,45.4038792,2016-03-05,5:41,01 - Clear,05 - Packed snow,10 - No control,01 - Non intersection,03 - Dawn,03 - P.D. only,06 - SMV unattended vehicle,Industrial Park
2087,BOWER ST btwn MUTCHMOR RD & MAIN ST,369326.464,5029703.917,-75.675723,45.40429846,2016-11-08,7:10,01 - Clear,01 - Dry,10 - No control,01 - Non intersection,03 - Dawn,03 - P.D. only,06 - SMV unattended vehicle,Old Ottawa East
2088,BOWESVILLE RD @ RIDEAU RD,373361.5113,5015567.125,-75.62614318,45.27671716,2016-03-24,11:55,03 - Snow,05 - Packed snow,02 - Stop sign,03 - At intersection,01 - Daylight,02 - Non-fatal injury,02 - Angle,Greenbelt
2089,BOWESVILLE RD btwn HIGH RD & EARL ARMSTRONG RD,371773.3081,5019181.302,-75.64589546,45.30938974,2016-04-06,17:31,03 - Snow,03 - Loose snow,10 - No control,01 - Non intersection,01 - Daylight,03 - P.D. only,07 - SMV other,Gloucester
2090,BOWESVILLE RD btwn RIDEAU RD & MITCH OWENS RD,373847.1235,5014453.551,-75.62010934,45.26665,2016-05-31,1:02,01 - Clear,01 - Dry,10 - No control,01 - Non intersection,07 - Dark,02 - Non-fatal injury,07 - SMV other,Osgoode
2091,BOWESVILLE RD/EMERALD LINKS DR W @ MITCH OWENS,374182.5204,5013708.224,-75.61593987,45.25991074,2016-07-13,7:45,01 - Clear,01 - Dry,02 - Stop sign,03 - At intersection,01 - Daylight,03 - P.D. only,02 - Angle,Greely
2092,BOWESVILLE RD/HIGH RD @ LEITRIM RD,371675.3972,5019287.25,-75.64712967,45.31035236,2016-02-11,8:05,01 - Clear,02 - Wet,02 - Stop sign,02 - Intersection related,01 - Daylight,03 - P.D. only,03 - Rear end,Gloucester
2093,BOWHILL AVE btwn HILLHURST PL & CHESTERTON DR,365550.21,5023765.369,-75.72468783,45.3512025,2016-10-08,0:00,01 - Clear,01 - Dry,10 - No control,01 - Non intersection,00 - Unknown,03 - P.D. only,06 - SMV unattended vehicle,Borden Farm - Stewart Farm - Parkwood Hills - Fisher Glen
2094,BOWHILL AVE btwn OVERLAKE DR & HILLHURST PL,365379.8854,5023663.757,-75.72687381,45.35030294,2016-12-05,14:45,01 - Clear,03 - Loose snow,10 - No control,01 - Non intersection,01 - Daylight,03 - P.D. only,06 - SMV unattended vehicle,Borden Farm - Stewart Farm - Parkwood Hills - Fisher Glen
2095,BOYCE AVE btwn WALTER ST & CARLING AVE,359342.4275,5024226.973,-75.80385625,45.3558663,2016-02-25,13:11,04 - Freezing Rain,02 - Wet,10 - No control,01 - Non intersection,01 - Daylight,03 - P.D. only,06 - SMV unattended vehicle,Bayshore
2096,BOYER RD @ GAULTOIS AVE,380657.0778,5036252.238,-75.52999335,45.46207922,2016-10-12,10:20,01 - Clear,01 - Dry,02 - Stop sign,03 - At intersection,01 - Daylight,03 - P.D. only,02 - Angle,Chapel Hill
2097,BOYER RD @ JEANNE D'ARC BLVD,380683.5106,5036191.462,-75.52966477,45.46152954,2016-05-03,7:01,"07 - Fog, mist, smoke, dust",01 - Dry,02 - Stop sign,02 - Intersection related,01 - Daylight,02 - Non-fatal injury,03 - Rear end,Chapel Hill
2098,BOYER RD @ JEANNE D'ARC BLVD,380683.0617,5036192.808,-75.5296703,45.4615417,2016-04-22,14:44,01 - Clear,01 - Dry,02 - Stop sign,03 - At intersection,01 - Daylight,03 - P.D. only,02 - Angle,Chapel Hill
2099,BOYER RD @ JEANNE D'ARC BLVD,380683.0617,5036193.706,-75.52967016,45.46154978,2016-04-18,15:40,01 - Clear,01 - Dry,02 - Stop sign,02 - Intersection related,01 - Daylight,03 - P.D. only,03 - Rear end,Chapel Hill
2100,BOYER RD @ JEANNE D'ARC BLVD,380683.7351,5036192.17,-75.52966179,45.46153588,2016-12-15,7:55,01 - Clear,02 - Wet,02 - Stop sign,02 - Intersection related,01 - Daylight,03 - P.D. only,04 - Sideswipe,Chapel Hill
2101,BOYER RD @ LOIRE DR,380613.2597,5036352.155,-75.53053817,45.46298295,2016-07-22,16:05,01 - Clear,01 - Dry,02 - Stop sign,03 - At intersection,01 - Daylight,02 - Non-fatal injury,07 - SMV other,Chapel Hill
2102,BOYER RD @ NOTRE DAME ST,380449.3991,5036734.806,-75.53257435,45.46644351,2016-11-02,13:16,01 - Clear,01 - Dry,02 - Stop sign,03 - At intersection,01 - Daylight,03 - P.D. only,02 - Angle,Chapel Hill
2103,BOYER RD @ ORLEANS BLVD,380977.5269,5035508.348,-75.52601151,45.45535143,2016-09-28,8:39,01 - Clear,01 - Dry,02 - Stop sign,03 - At intersection,01 - Daylight,02 - Non-fatal injury,02 - Angle,Orleans Village - Chateauneuf
2104,BOYER RD @ ORLEANS BLVD,380978.5746,5035508.982,-75.52599802,45.45535702,2016-12-29,11:47,03 - Snow,05 - Packed snow,02 - Stop sign,02 - Intersection related,01 - Daylight,03 - P.D. only,03 - Rear end,Orleans Village - Chateauneuf
2105,BOYER RD @ ST. JOSEPH BLVD,380405.4153,5036833.889,-75.5331215,45.46733974,2016-02-05,16:45,01 - Clear,01 - Dry,02 - Stop sign,02 - Intersection related,01 - Daylight,03 - P.D. only,03 - Rear end,Industrial Park
2106,BOYER RD @ ST. JOSEPH BLVD,380405.52,5036833.364,-75.53312024,45.467335,2016-03-01,11:03,01 - Clear,03 - Loose snow,02 - Stop sign,03 - At intersection,01 - Daylight,03 - P.D. only,03 - Rear end,Industrial Park
2107,BOYER RD @ ST. JOSEPH BLVD,380405.0678,5036834.485,-75.53312585,45.46734514,2016-05-03,17:15,01 - Clear,01 - Dry,02 - Stop sign,03 - At intersection,01 - Daylight,03 - P.D. only,02 - Angle,Industrial Park