Record,Location,X,Y,lon,lat,Date,Time,Environment,Road_Surface,Traffic_Control,Collision_Location,Light,Collision_Classification,Impact_type,Neighborhood
2108,BOYER RD @ ST. JOSEPH BLVD,380405.0834,5036833.366,-75.53312583,45.46733507,2016-12-17,10:00,03 - Snow,03 - Loose snow,02 - Stop sign,03 - At intersection,01 - Daylight,03 - P.D. only,05 - Turning movement,Industrial Park
2109,BOYER RD btwn HARTLAND ST & BEAUSEJOUR DR,380741.9394,5036051.713,-75.52893933,45.46026584,2016-04-06,19:25,03 - Snow,05 - Packed snow,10 - No control,04 - At/near private drive,07 - Dark,03 - P.D. only,02 - Angle,Chapel Hill
2110,BRADFORD ST btwn JAMIESON ST & MAUD ST,359652.1974,5025658.389,-75.79974397,45.36872198,2016-12-31,18:20,01 - Clear,03 - Loose snow,10 - No control,01 - Non intersection,07 - Dark,03 - P.D. only,06 - SMV unattended vehicle,Crystal Bay - Lakeview Park - Britannia Village
2111,BRADLEY AVE @ SHAKESPEARE ST,370433.7101,5033632.368,-75.6610569,45.43954213,2016-12-10,12:36,01 - Clear,06 - Ice,02 - Stop sign,03 - At intersection,01 - Daylight,03 - P.D. only,02 - Angle,Vanier North
2112,BRADY AVE btwn HUNTERBROOK ST N & STATEWOOD DR,348649.8126,5022840.116,-75.94044541,45.34413726,2016-01-11,16:59,01 - Clear,01 - Dry,10 - No control,04 - At/near private drive,05 - Dusk,03 - P.D. only,06 - SMV unattended vehicle,Morgan's Grant
2113,BRAEMAR ST @ HEMLOCK RD,370891.0741,5034757.719,-75.65506027,45.44962443,2016-05-09,15:38,01 - Clear,01 - Dry,02 - Stop sign,02 - Intersection related,01 - Daylight,03 - P.D. only,03 - Rear end,Manor Park
2114,BRAEMAR ST @ HEMLOCK RD,370892.5383,5034757.191,-75.65504162,45.44961954,2016-12-08,17:34,03 - Snow,03 - Loose snow,02 - Stop sign,02 - Intersection related,07 - Dark,03 - P.D. only,03 - Rear end,Manor Park
2115,BRAMBLEGROVE CRES btwn LORRY GREENBERG DR & BRIERMOOR CRES (2),373509.2746,5025595.884,-75.6228687,45.36693813,2016-01-17,12:00,01 - Clear,03 - Loose snow,10 - No control,01 - Non intersection,01 - Daylight,03 - P.D. only,06 - SMV unattended vehicle,Greenboro East
2116,BRAMBLEGROVE CRES S @ LORRY GREENBERG DR,373390.7636,5025650.3,-75.62437386,45.36743935,2016-09-06,15:41,01 - Clear,01 - Dry,02 - Stop sign,02 - Intersection related,01 - Daylight,03 - P.D. only,03 - Rear end,Greenboro East
2117,BRANCHWOOD ST btwn WELLS ST & WELLS ST,367048.8397,5015592.489,-75.70659057,45.27753261,2016-06-15,18:38,01 - Clear,01 - Dry,10 - No control,01 - Non intersection,01 - Daylight,03 - P.D. only,06 - SMV unattended vehicle,Chapman Mills - Rideau Crest - Davidson Heights
2118,BRANT ST @ MCARTHUR AVE,371263.0715,5032805.351,-75.65056866,45.43202265,2016-11-08,17:45,01 - Clear,01 - Dry,01 - Traffic signal,02 - Intersection related,07 - Dark,03 - P.D. only,04 - Sideswipe,Vanier South
2119,BRANT ST btwn MCARTHUR AVE & BRANT ST,371280.1108,5032673.486,-75.65036871,45.43083457,2016-11-08,16:49,01 - Clear,01 - Dry,10 - No control,04 - At/near private drive,05 - Dusk,03 - P.D. only,06 - SMV unattended vehicle,Castle Heights
2120,BRANTHAVEN ST @ BRANTHAVEN ST N,384732.7338,5034963.474,-75.47809435,45.45002969,2016-05-11,18:45,01 - Clear,01 - Dry,02 - Stop sign,03 - At intersection,01 - Daylight,03 - P.D. only,02 - Angle,Avalon
2121,BREANNA CARDILL ST btwn Continuation of BREANNA CARDILL ST & MARY ANNE,378188.3365,5012242.611,-75.56512149,45.24631724,2016-01-20,21:30,01 - Clear,05 - Packed snow,10 - No control,01 - Non intersection,07 - Dark,03 - P.D. only,06 - SMV unattended vehicle,Greely
2122,BREEZEHILL AVE   N btwn SOMERSET ST W & LAUREL ST,366002.0906,5029739.927,-75.71818081,45.40492102,2016-09-29,0:00,01 - Clear,01 - Dry,10 - No control,01 - Non intersection,00 - Unknown,03 - P.D. only,06 - SMV unattended vehicle,Centretow
2123,BREEZEHILL AVE   S btwn HICKORY ST & LINDENPARK PRIV,366400.6449,5028830.317,-75.71320362,45.39670163,2016-02-28,13:00,01 - Clear,05 - Packed snow,10 - No control,01 - Non intersection,01 - Daylight,03 - P.D. only,06 - SMV unattended vehicle,Centretown West
2124,BREEZEHILL AVE   S btwn YOUNG ST & NOLAN AVE,366216.7908,5029254.363,-75.71549888,45.40053324,2016-10-15,0:00,01 - Clear,01 - Dry,10 - No control,01 - Non intersection,00 - Unknown,03 - P.D. only,06 - SMV unattended vehicle,Centretown West
2125,BREEZEHILL AVE @ GLADSTONE AVE,366098.9544,5029523.833,-75.71697041,45.40296819,2016-12-07,15:25,01 - Clear,02 - Wet,02 - Stop sign,03 - At intersection,01 - Daylight,02 - Non-fatal injury,05 - Turning movement,Centretow
2126,BREEZEWOOD ST btwn MONDAVI ST & MONDAVI ST,386347.3609,5037931.995,-75.45696301,45.47655095,2016-07-17,21:30,01 - Clear,01 - Dry,10 - No control,04 - At/near private drive,07 - Dark,03 - P.D. only,06 - SMV unattended vehicle,Cardinal Creek
2127,BRENTWOOD AVE @ VICTORIA ST,384704.1324,5010723.485,-75.48237479,45.23193949,2016-06-21,16:03,01 - Clear,01 - Dry,02 - Stop sign,02 - Intersection related,01 - Daylight,02 - Non-fatal injury,03 - Rear end,Metcalfe
2128,BRETTONWOOD RIDGE btwn CALVINGTON AVE & SILVERTIP LANE,349164.4556,5018292.326,-75.93428596,45.30318263,2016-12-16,15:50,01 - Clear,02 - Wet,10 - No control,01 - Non intersection,05 - Dusk,03 - P.D. only,06 - SMV unattended vehicle,Kanata Lakes - Marchwood Lakeside - Morgan's Grant - Kanata
2129,BRETTONWOOD RIDGE btwn HALYARD WAY/FALLENGALE CRES & SWEETWATER LANE/FALLENGALE CRES,348956.3964,5018411.237,-75.93692831,45.30426574,2016-03-22,0:00,01 - Clear,01 - Dry,10 - No control,01 - Non intersection,00 - Unknown,03 - P.D. only,06 - SMV unattended vehicle,Kanata Lakes - Marchwood Lakeside - Morgan's Grant - Kanata
2130,BREWER RD @ BRONSON AVE,368108.7808,5027766.702,-75.69152501,45.38697917,2016-03-31,17:48,02 - Rain,02 - Wet,01 - Traffic signal,03 - At intersection,01 - Daylight,02 - Non-fatal injury,05 - Turning movement,Carleto
2131,BREWER RD @ BRONSON AVE,368105.37,5027771.05,-75.69156801,45.3870186,2016-07-09,11:53,02 - Rain,02 - Wet,01 - Traffic signal,02 - Intersection related,01 - Daylight,02 - Non-fatal injury,03 - Rear end,Carleto
2132,BREWER RD @ BRONSON AVE,368109.8737,5027764.839,-75.69151129,45.3869623,2016-09-08,12:38,01 - Clear,02 - Wet,01 - Traffic signal,02 - Intersection related,01 - Daylight,02 - Non-fatal injury,03 - Rear end,Carleto
2133,BREWER RD @ BRONSON AVE,368109.8753,5027766.85,-75.69151102,45.3869804,2016-10-20,18:44,01 - Clear,01 - Dry,01 - Traffic signal,02 - Intersection related,07 - Dark,03 - P.D. only,03 - Rear end,Carleto
2134,BREWER RD @ BRONSON AVE,368107.9494,5027765.777,-75.69153575,45.38697092,2016-10-22,17:22,02 - Rain,02 - Wet,01 - Traffic signal,03 - At intersection,07 - Dark,03 - P.D. only,05 - Turning movement,Carleto
2135,BREWER RD @ BRONSON AVE,368109.7057,5027766.216,-75.69151326,45.38697471,2016-05-27,16:42,02 - Rain,02 - Wet,01 - Traffic signal,02 - Intersection related,01 - Daylight,03 - P.D. only,03 - Rear end,Carleto
2136,BREWER RD @ BRONSON AVE,368109.2666,5027766.655,-75.69151881,45.3869787,2016-02-03,17:47,01 - Clear,02 - Wet,01 - Traffic signal,03 - At intersection,07 - Dark,03 - P.D. only,03 - Rear end,Carleto
2137,BREWER RD @ BRONSON AVE,368109.0471,5027765.31,-75.69152179,45.38696662,2016-01-06,8:40,01 - Clear,02 - Wet,01 - Traffic signal,02 - Intersection related,01 - Daylight,03 - P.D. only,05 - Turning movement,Carleto
2138,BREWER RD @ BRONSON AVE,368108.3707,5027766.21,-75.69153031,45.38697478,2016-05-26,21:38,02 - Rain,02 - Wet,01 - Traffic signal,03 - At intersection,07 - Dark,03 - P.D. only,05 - Turning movement,Carleto
2139,BREWER RD @ BRONSON AVE,368108.8226,5027765.314,-75.69152466,45.38696667,2016-05-01,13:19,02 - Rain,02 - Wet,01 - Traffic signal,02 - Intersection related,01 - Daylight,03 - P.D. only,03 - Rear end,Carleto
2140,BREWER RD @ BRONSON AVE,368109.2744,5027766.89,-75.69151868,45.38698081,2016-07-25,9:19,02 - Rain,02 - Wet,01 - Traffic signal,02 - Intersection related,01 - Daylight,03 - P.D. only,03 - Rear end,Carleto
2141,BREWER RD @ BRONSON AVE,368108.3885,5027766.216,-75.69153008,45.38697483,2016-09-23,22:47,01 - Clear,01 - Dry,01 - Traffic signal,03 - At intersection,07 - Dark,03 - P.D. only,05 - Turning movement,Carleto
2142,BREWER RD @ BRONSON AVE,368107.9107,5027766.436,-75.69153616,45.38697685,2016-07-25,8:11,02 - Rain,02 - Wet,01 - Traffic signal,02 - Intersection related,01 - Daylight,03 - P.D. only,03 - Rear end,Carleto
2143,BREWER RD @ BRONSON AVE,368109.2666,5027765.777,-75.69151893,45.3869708,2016-10-20,16:14,02 - Rain,02 - Wet,01 - Traffic signal,02 - Intersection related,01 - Daylight,03 - P.D. only,04 - Sideswipe,Carleto
2144,BREWER RD @ BRONSON AVE,368109.8753,5027766.85,-75.69151102,45.3869804,2016-10-08,11:35,02 - Rain,02 - Wet,01 - Traffic signal,02 - Intersection related,01 - Daylight,03 - P.D. only,03 - Rear end,Carleto
2145,BREWER RD @ BRONSON AVE,368108.3653,5027765.981,-75.69153041,45.38697272,2016-07-15,16:00,02 - Rain,02 - Wet,01 - Traffic signal,02 - Intersection related,01 - Daylight,03 - P.D. only,03 - Rear end,Carleto
2146,BREWER RD @ BRONSON AVE,368106.5626,5027768.506,-75.6915531,45.3869956,2016-12-14,15:15,01 - Clear,01 - Dry,01 - Traffic signal,02 - Intersection related,01 - Daylight,03 - P.D. only,03 - Rear end,Carleto
2147,BREWER RD @ BRONSON AVE,368109.8753,5027766.85,-75.69151102,45.3869804,2016-12-23,21:38,03 - Snow,02 - Wet,01 - Traffic signal,03 - At intersection,07 - Dark,03 - P.D. only,03 - Rear end,Carleto
2148,BREWER WAY btwn HOPEWELL AVE & BRONSON AVE,368092.5722,5028095.452,-75.69168982,45.38993863,2016-08-25,1:32,01 - Clear,01 - Dry,10 - No control,01 - Non intersection,07 - Dark,03 - P.D. only,07 - SMV other,Old Ottawa South
2149,BRIAN COBURN BLVD @ ESPRIT DR,385141.9652,5035342.854,-75.47280138,45.45339607,2016-05-20,22:30,01 - Clear,01 - Dry,02 - Stop sign,02 - Intersection related,07 - Dark,03 - P.D. only,04 - Sideswipe,Avalon
2150,BRIAN COBURN BLVD @ ESPRIT DR,385140.2026,5035344.241,-75.47282368,45.45340876,2016-01-14,7:21,03 - Snow,05 - Packed snow,02 - Stop sign,02 - Intersection related,03 - Dawn,03 - P.D. only,03 - Rear end,Avalon
2151,BRIAN COBURN BLVD @ ESPRIT DR,385141.6409,5035342.872,-75.47280552,45.45339627,2016-09-10,20:10,01 - Clear,01 - Dry,02 - Stop sign,03 - At intersection,07 - Dark,03 - P.D. only,02 - Angle,Avalon
2152,BRIAN COBURN BLVD @ ESPRIT DR,385141.353,5035343.552,-75.47280909,45.45340242,2016-07-08,16:16,01 - Clear,01 - Dry,02 - Stop sign,02 - Intersection related,01 - Daylight,03 - P.D. only,03 - Rear end,Avalon
2153,BRIAN COBURN BLVD @ ESPRIT DR,385141.7998,5035343.332,-75.47280341,45.45340039,2016-12-21,16:48,01 - Clear,02 - Wet,02 - Stop sign,03 - At intersection,05 - Dusk,03 - P.D. only,02 - Angle,Avalon
2154,BRIAN COBURN BLVD @ MER BLEUE RD,383150.8189,5034441.164,-75.49839849,45.44550953,2016-01-04,19:37,01 - Clear,01 - Dry,01 - Traffic signal,02 - Intersection related,07 - Dark,03 - P.D. only,03 - Rear end,Orlans
2155,BRIAN COBURN BLVD @ MER BLEUE RD,383150.8189,5034441.164,-75.49839849,45.44550953,2016-10-04,7:15,01 - Clear,01 - Dry,11 - Roundabout,02 - Intersection related,01 - Daylight,03 - P.D. only,03 - Rear end,Orlans
2156,BRIAN COBURN BLVD @ STRASBOURG ST,384047.0876,5034849.225,-75.48687706,45.44907986,2016-09-29,16:11,01 - Clear,01 - Dry,02 - Stop sign,03 - At intersection,01 - Daylight,03 - P.D. only,03 - Rear end,Avalon
2157,BRIAN COBURN BLVD @ TENTH LINE RD,384428.3389,5035022.308,-75.48197576,45.45059377,2016-05-01,15:44,02 - Rain,02 - Wet,01 - Traffic signal,02 - Intersection related,01 - Daylight,02 - Non-fatal injury,03 - Rear end,Avalon
2158,BRIAN COBURN BLVD @ TENTH LINE RD,384428.3389,5035022.308,-75.48197576,45.45059377,2016-12-01,18:36,01 - Clear,02 - Wet,01 - Traffic signal,03 - At intersection,07 - Dark,02 - Non-fatal injury,05 - Turning movement,Avalon
2159,BRIAN COBURN BLVD @ TENTH LINE RD,384428.3389,5035022.308,-75.48197576,45.45059377,2016-12-08,16:11,03 - Snow,03 - Loose snow,01 - Traffic signal,02 - Intersection related,05 - Dusk,03 - P.D. only,03 - Rear end,Avalon
2160,BRIAN COBURN BLVD @ TENTH LINE RD,384428.3389,5035022.308,-75.48197576,45.45059377,2016-12-28,17:37,01 - Clear,01 - Dry,01 - Traffic signal,03 - At intersection,07 - Dark,03 - P.D. only,05 - Turning movement,Avalon
2161,BRIAN COBURN BLVD @ TENTH LINE RD,384428.3389,5035022.308,-75.48197576,45.45059377,2016-12-01,19:34,02 - Rain,02 - Wet,01 - Traffic signal,03 - At intersection,07 - Dark,03 - P.D. only,05 - Turning movement,Avalon
2162,BRIAN COBURN BLVD btwn AQUAVIEW DR & ESPRIT DR,384966.2049,5035268.788,-75.47506024,45.45274988,2016-12-07,17:05,01 - Clear,01 - Dry,10 - No control,01 - Non intersection,07 - Dark,03 - P.D. only,03 - Rear end,Avalon
2163,BRIAN COBURN BLVD btwn BOISFRANC CIRC & ESPRIT DR,385187.903,5035364.408,-75.47221062,45.45358471,2016-07-11,16:45,01 - Clear,01 - Dry,10 - No control,04 - At/near private drive,01 - Daylight,03 - P.D. only,02 - Angle,Avalon
2164,BRIAN COBURN BLVD btwn GERRY LALONDE DR & STRASBOURG ST,384037.478,5034846.321,-75.48700036,45.44905482,2016-04-29,10:41,01 - Clear,01 - Dry,10 - No control,01 - Non intersection,01 - Daylight,03 - P.D. only,03 - Rear end,Avalon
2165,BRIAN GOOD AVE @ POPLIN ST,368164.583,5014727.027,-75.69248142,45.26964561,2016-12-05,8:08,03 - Snow,06 - Ice,10 - No control,03 - At intersection,01 - Daylight,03 - P.D. only,02 - Angle,Greenbelt
2166,BRIAR HILL DR btwn HERON RD & GARAND PL,371450.4831,5027045.041,-75.64895237,45.38017592,2016-01-01,10:14,03 - Snow,02 - Wet,10 - No control,04 - At/near private drive,01 - Daylight,03 - P.D. only,99 - Other,Playfair Park - Lynda Park - Guildwood Estates
2167,BRIAR HILL DR btwn HERON RD & GARAND PL,371450.9415,5027071.372,-75.64894296,45.38041279,2016-07-21,10:32,01 - Clear,01 - Dry,10 - No control,04 - At/near private drive,01 - Daylight,03 - P.D. only,05 - Turning movement,Playfair Park - Lynda Park - Guildwood Estates
2168,BRIARFIELD CRES btwn DEANCOURT CRES & DEANCOURT CRES,383813.341,5038335.579,-75.48930448,45.48047336,2016-08-08,12:32,01 - Clear,01 - Dry,10 - No control,01 - Non intersection,01 - Daylight,03 - P.D. only,06 - SMV unattended vehicle,Fallingbrook
2169,BRIARFIELD CRES btwn DEANCOURT CRES & DEANCOURT CRES,383802.2159,5038165.237,-75.48947416,45.47894204,2016-12-13,0:00,01 - Clear,02 - Wet,10 - No control,01 - Non intersection,00 - Unknown,03 - P.D. only,06 - SMV unattended vehicle,Fallingbrook
2170,BRIDGE ST @ ARTHUR CRES N,369022.5372,5010281.816,-75.68212303,45.22957016,2016-12-16,18:20,01 - Clear,06 - Ice,02 - Stop sign,03 - At intersection,07 - Dark,02 - Non-fatal injury,07 - SMV other,Manotick
2171,BRIDGE ST @ LONG ISLAND RD,369060.8189,5010344.733,-75.68162744,45.23013279,2016-01-12,8:05,01 - Clear,01 - Dry,01 - Traffic signal,03 - At intersection,01 - Daylight,02 - Non-fatal injury,02 - Angle,Manotick
2172,BRIDGE ST @ MILL ST,368855.6417,5010077.373,-75.68427455,45.2277458,2016-03-26,10:22,01 - Clear,01 - Dry,01 - Traffic signal,02 - Intersection related,01 - Daylight,03 - P.D. only,03 - Rear end,Manotick
2173,BRIDGE ST @ MILL ST,368854.981,5010077.365,-75.68428297,45.22774578,2016-12-09,21:34,01 - Clear,02 - Wet,01 - Traffic signal,03 - At intersection,07 - Dark,03 - P.D. only,05 - Turning movement,Manotick
2174,BRIDGE ST btwn KITOMAN CRES & RIVER RD,369464.8727,5010750.715,-75.67642952,45.23374881,2016-03-03,16:46,01 - Clear,01 - Dry,10 - No control,04 - At/near private drive,01 - Daylight,03 - P.D. only,05 - Turning movement,Manotick
2175,BRIDGE ST/MAPLE AVE @ MANOTICK MAIN ST,368699.1737,5009932.581,-75.6862855,45.22645718,2016-03-09,15:50,01 - Clear,01 - Dry,01 - Traffic signal,03 - At intersection,01 - Daylight,03 - P.D. only,02 - Angle,Manotick
2176,BRIDGESTONE DR @ BRIDLE PARK DR/EQUESTRIAN DR ,355297.2881,5016273.673,-75.85629324,45.28460431,2016-09-01,9:26,01 - Clear,01 - Dry,02 - Stop sign,03 - At intersection,01 - Daylight,02 - Non-fatal injury,07 - SMV other,Bridlewood - Emerald Meadows
2177,BRIDGESTONE DR @ CEDAROCK DR,355108.631,5016898.983,-75.85863456,45.2902445,2016-12-22,10:43,03 - Snow,03 - Loose snow,02 - Stop sign,02 - Intersection related,01 - Daylight,02 - Non-fatal injury,01 - Approaching,Bridlewood - Emerald Meadows
2178,BRIDGESTONE DR @ EAGLESON RD,354872.691,5015404.735,-75.86179306,45.27681578,2016-12-05,10:09,03 - Snow,03 - Loose snow,02 - Stop sign,02 - Intersection related,01 - Daylight,03 - P.D. only,03 - Rear end,Stittsville - Basswood
2179,BRIDGESTONE DR @ EQUESTRIAN DR N,355115.7505,5016815.105,-75.85855231,45.28948924,2016-03-19,0:12,01 - Clear,01 - Dry,03 - Yield sign,02 - Intersection related,07 - Dark,03 - P.D. only,07 - SMV other,Bridlewood - Emerald Meadows
2180,BRIDGESTONE DR @ FOXHALL WAY,355179.009,5016442.85,-75.85778372,45.28613508,2016-06-27,17:53,01 - Clear,01 - Dry,11 - Roundabout,02 - Intersection related,01 - Daylight,03 - P.D. only,07 - SMV other,Bridlewood - Emerald Meadows
2181,BRIDGESTONE DR @ FOXHALL WAY,355179.009,5016442.85,-75.85778372,45.28613508,2016-10-10,18:26,01 - Clear,01 - Dry,11 - Roundabout,03 - At intersection,07 - Dark,03 - P.D. only,07 - SMV other,Bridlewood - Emerald Meadows
2182,BRIDGESTONE DR @ SPUR AVE,355424.3256,5015853.583,-75.85471681,45.28081511,2016-01-08,8:06,01 - Clear,04 - Slush,02 - Stop sign,02 - Intersection related,01 - Daylight,03 - P.D. only,99 - Other,Bridlewood - Emerald Meadows
2183,BRIDGESTONE DR/STEEPLE CHASE DR @ STONEHAVEN D,355105.9173,5016984.516,-75.85866048,45.29101434,2016-04-22,11:07,01 - Clear,01 - Dry,11 - Roundabout,03 - At intersection,01 - Daylight,02 - Non-fatal injury,07 - SMV other,Bridlewood - Emerald Meadows
2184,BRIDGESTONE DR/STEEPLE CHASE DR @ STONEHAVEN D,355105.9527,5016985.164,-75.85865997,45.29102017,2016-02-15,18:16,03 - Snow,06 - Ice,11 - Roundabout,03 - At intersection,07 - Dark,03 - P.D. only,02 - Angle,Bridlewood - Emerald Meadows
2185,BRIDGESTONE DR/STEEPLE CHASE DR @ STONEHAVEN D,355104.8038,5016985.15,-75.85867461,45.29102013,2016-01-21,13:45,01 - Clear,01 - Dry,11 - Roundabout,03 - At intersection,01 - Daylight,03 - P.D. only,03 - Rear end,Bridlewood - Emerald Meadows
2186,BRIDGESTONE DR/STEEPLE CHASE DR @ STONEHAVEN D,355105.3307,5016984.623,-75.85866795,45.29101535,2016-10-09,9:56,01 - Clear,01 - Dry,11 - Roundabout,03 - At intersection,01 - Daylight,03 - P.D. only,07 - SMV other,Bridlewood - Emerald Meadows
2187,BRIDGESTONE DR/STEEPLE CHASE DR @ STONEHAVEN D,355104.9949,5016984.447,-75.85867225,45.29101379,2016-12-20,6:49,01 - Clear,04 - Slush,11 - Roundabout,03 - At intersection,07 - Dark,03 - P.D. only,02 - Angle,Bridlewood - Emerald Meadows
2188,BRIDLE PARK DR @ STONEHAVEN DR,356109.3938,5016318.519,-75.84593708,45.28494903,2016-05-20,8:07,01 - Clear,01 - Dry,01 - Traffic signal,03 - At intersection,01 - Daylight,02 - Non-fatal injury,03 - Rear end,Bridlewood - Emerald Meadows
2189,BRIDLE PARK DR @ STONEMEADOW DR,355614.2875,5016339.851,-75.85224582,45.28517695,2016-12-09,16:40,01 - Clear,01 - Dry,02 - Stop sign,03 - At intersection,05 - Dusk,03 - P.D. only,02 - Angle,Bridlewood - Emerald Meadows
2190,BRIDLE PARK DR btwn RIVERGREEN CRES & WINDGATE CRES,355828.4114,5016209.938,-75.84952982,45.28399245,2016-05-14,7:29,01 - Clear,01 - Dry,10 - No control,01 - Non intersection,01 - Daylight,02 - Non-fatal injury,07 - SMV other,Bridlewood - Emerald Meadows
2191,BRIDLE PATH DR @ CAROUSEL CRES,371900.5158,5023641.844,-75.64366877,45.34951221,2016-04-16,14:03,01 - Clear,01 - Dry,10 - No control,03 - At intersection,01 - Daylight,03 - P.D. only,05 - Turning movement,Emerald Woods - Sawmill Creek
2192,BRIDLE PATH DR @ CROSSCUT TER/PIMLICO CRES S,371366.831,5023704.911,-75.65047037,45.35013053,2016-01-22,20:21,01 - Clear,01 - Dry,02 - Stop sign,03 - At intersection,07 - Dark,03 - P.D. only,02 - Angle,Emerald Woods - Sawmill Creek
2193,BRIDLE PATH DR @ EQUUS WAY E/HUNTER'S POINT CR,371620.9986,5023532.573,-75.64725031,45.34855571,2016-12-09,8:30,01 - Clear,06 - Ice,02 - Stop sign,02 - Intersection related,01 - Daylight,03 - P.D. only,03 - Rear end,Emerald Woods - Sawmill Creek
2194,BRIDLE PATH DR btwn CAROUSEL CRES & ALBION RD,372011.9704,5023711.243,-75.64223712,45.35012597,2016-08-20,10:23,01 - Clear,01 - Dry,10 - No control,01 - Non intersection,01 - Daylight,03 - P.D. only,05 - Turning movement,Emerald Woods - Sawmill Creek
2195,BRIDLEWOOD DR btwn SPRUCE MEADOWS DR & CLYDESDALE AVE,355001.0387,5017311.452,-75.85996438,45.29396368,2016-02-19,16:20,01 - Clear,05 - Packed snow,10 - No control,01 - Non intersection,01 - Daylight,03 - P.D. only,02 - Angle,Bridlewood - Emerald Meadows
2196,BRIGHTON AVE btwn BRISTOL AVE & RIDEAU RIVER DR,369456.8925,5028945.856,-75.67415642,45.39746566,2016-09-01,0:00,01 - Clear,01 - Dry,10 - No control,01 - Non intersection,00 - Unknown,03 - P.D. only,06 - SMV unattended vehicle,Old Ottawa South
2197,BRIGHTSIDE AVE btwn Continuation of BRIGHTSIDE AVE & HOPETOWN ST,351604.2847,5012335.369,-75.90373774,45.24942182,2016-06-05,18:22,02 - Rain,02 - Wet,10 - No control,01 - Non intersection,01 - Daylight,02 - Non-fatal injury,06 - SMV unattended vehicle,Stittsville
2198,BRISBANE RD @ MAYO AVE,366907.9724,5020908.7,-75.70771987,45.32537974,2016-03-07,10:42,01 - Clear,02 - Wet,03 - Yield sign,03 - At intersection,01 - Daylight,03 - P.D. only,02 - Angle,Merivale Gardens - Grenfell Glen - Pineglen - Country Place
2199,BRISTOL AVE @ SUNNYSIDE AVE,369241.9276,5028891.769,-75.67690889,45.39699882,2016-09-23,17:20,01 - Clear,01 - Dry,02 - Stop sign,03 - At intersection,01 - Daylight,03 - P.D. only,02 - Angle,Old Ottawa South
2200,BRITANNIA RD @ CARLING AVE,360175.3593,5024738.983,-75.7931687,45.36040806,2016-08-12,16:42,01 - Clear,01 - Dry,02 - Stop sign,02 - Intersection related,01 - Daylight,03 - P.D. only,02 - Angle,Whitehaven - Queensway Terrace North
2201,BRITANNIA RD @ DON ST,360011.0156,5025111.173,-75.7952247,45.36376998,2016-08-30,13:04,01 - Clear,01 - Dry,02 - Stop sign,03 - At intersection,01 - Daylight,03 - P.D. only,02 - Angle,Woodroffe - Lincoln Heights
2202,BRITANNIA RD @ DON ST,360011.0943,5025110.655,-75.79522376,45.36376531,2016-10-29,11:48,02 - Rain,02 - Wet,02 - Stop sign,03 - At intersection,01 - Daylight,03 - P.D. only,02 - Angle,Woodroffe - Lincoln Heights
2203,BRITANNIA RD btwn SALINA ST & HOWE ST,359869.2988,5025354.774,-75.79700645,45.36597304,2016-08-27,18:25,01 - Clear,01 - Dry,10 - No control,04 - At/near private drive,01 - Daylight,03 - P.D. only,02 - Angle,Crystal Bay - Lakeview Park - Britannia Village
2204,BRITTANY DR @ MONTREAL RD,371912.4923,5033995.24,-75.64210744,45.44266669,2016-02-11,19:23,06 - Strong wind,06 - Ice,01 - Traffic signal,03 - At intersection,07 - Dark,03 - P.D. only,05 - Turning movement,Cummings
2205,BRITTANY DR btwn BANGS ST & TRURO ST,371710.7026,5034359.041,-75.64463714,45.44595934,2016-03-24,23:19,03 - Snow,06 - Ice,10 - No control,01 - Non intersection,07 - Dark,03 - P.D. only,06 - SMV unattended vehicle,Rockcliffe - Manor Park
2206,BRITTANY DR btwn BANGS ST & TRURO ST,371732.2359,5034354.421,-75.64436252,45.44591571,2016-11-22,13:37,03 - Snow,05 - Packed snow,10 - No control,01 - Non intersection,01 - Daylight,03 - P.D. only,06 - SMV unattended vehicle,Rockcliffe - Manor Park
2207,BRITTANY DR btwn KRISTIN WAY & MONTREAL RD,371874.6292,5034081.133,-75.64257968,45.44344314,2016-03-04,19:54,01 - Clear,01 - Dry,10 - No control,01 - Non intersection,07 - Dark,03 - P.D. only,06 - SMV unattended vehicle,Rockcliffe - Manor Park
2208,BRITTANY DR btwn KRISTIN WAY & MONTREAL RD,371858.4013,5034120.13,-75.64278178,45.44379558,2016-12-17,13:38,03 - Snow,03 - Loose snow,10 - No control,01 - Non intersection,01 - Daylight,03 - P.D. only,05 - Turning movement,Rockcliffe - Manor Park
2209,BRITTANY DR btwn ST. LAURENT BLVD & COLEFORD PL,371417.7701,5034362.128,-75.64838105,45.44601509,2016-04-06,20:29,03 - Snow,05 - Packed snow,10 - No control,04 - At/near private drive,07 - Dark,03 - P.D. only,06 - SMV unattended vehicle,Rockcliffe - Manor Park
2210,BRITTANY DR btwn ST. LAURENT BLVD & COLEFORD PL,371357.4828,5034346.761,-75.64915373,45.44588257,2016-08-07,17:00,01 - Clear,01 - Dry,10 - No control,04 - At/near private drive,01 - Daylight,03 - P.D. only,01 - Approaching,Rockcliffe - Manor Park
2211,BROADVIEW AVE @ BYRON AVE,362696.3424,5027832.499,-75.76062994,45.3880395,2016-04-04,16:00,01 - Clear,01 - Dry,02 - Stop sign,03 - At intersection,01 - Daylight,03 - P.D. only,02 - Angle,Carlingwood - McKellar Park - Laurentien View