Record,Location,X,Y,lon,lat,Date,Time,Environment,Road_Surface,Traffic_Control,Collision_Location,Light,Collision_Classification,Impact_type,Neighborhood
2212,BROADVIEW AVE @ DOVERCOURT AVE,362984.9155,5027115.41,-75.75702953,45.38156332,2016-05-26,9:38,01 - Clear,01 - Dry,02 - Stop sign,02 - Intersection related,01 - Daylight,03 - P.D. only,01 - Approaching,Carlingwood - McKellar Park - Laurentien View
2213,BROADVIEW AVE @ PRINCETON AVE,362851.0273,5027444.759,-75.7587003,45.38453787,2016-01-20,10:39,01 - Clear,02 - Wet,02 - Stop sign,03 - At intersection,01 - Daylight,02 - Non-fatal injury,02 - Angle,Carlingwood - McKellar Park - Laurentien View
2214,BROADVIEW AVE @ PRINCETON AVE,362850.5882,5027443.881,-75.75870601,45.38453001,2016-06-24,6:09,01 - Clear,01 - Dry,02 - Stop sign,02 - Intersection related,01 - Daylight,03 - P.D. only,03 - Rear end,Carlingwood - McKellar Park - Laurentien View
2215,BROADVIEW AVE @ RICHMOND RD,362679.4725,5027865.331,-75.76084151,45.38833632,2016-02-02,8:45,01 - Clear,01 - Dry,02 - Stop sign,02 - Intersection related,01 - Daylight,03 - P.D. only,03 - Rear end,Woodroffe - Lincoln Heights
2216,BROADVIEW AVE @ RICHMOND RD,362679.468,5027866.222,-75.76084147,45.38834433,2016-03-23,12:15,01 - Clear,01 - Dry,02 - Stop sign,03 - At intersection,01 - Daylight,03 - P.D. only,05 - Turning movement,Woodroffe - Lincoln Heights
2217,BROADVIEW AVE btwn BYRON AVE & KENWOOD AVE,362731.2847,5027746.418,-75.76019385,45.38726207,2016-03-04,15:06,01 - Clear,01 - Dry,10 - No control,04 - At/near private drive,01 - Daylight,03 - P.D. only,02 - Angle,Carlingwood - McKellar Park - Laurentien View
2218,BROADVIEW AVE btwn KERR AVE & NADOLNY SACHS PRIV,363280.5,5026435.571,-75.75333602,45.37542161,2016-03-03,12:03,01 - Clear,01 - Dry,10 - No control,04 - At/near private drive,01 - Daylight,03 - P.D. only,99 - Other,Carlingwood West - Glabar Park - McKellar Heights
2219,BROADVIEW AVE btwn WELLESLEY AVE & CARLING AVE,363175.1924,5026649.448,-75.75465516,45.37735483,2016-06-25,14:35,01 - Clear,01 - Dry,10 - No control,04 - At/near private drive,01 - Daylight,03 - P.D. only,04 - Sideswipe,Carlingwood - McKellar Park - Laurentien View
2220,BROCKSTONE CRES btwn AQUAVIEW DR & AQUAVIEW DR,384868.0698,5035822.587,-75.47622455,45.4577437,2016-10-11,12:45,01 - Clear,01 - Dry,10 - No control,04 - At/near private drive,01 - Daylight,03 - P.D. only,99 - Other,Avalon
2221,BROMLEY RD @ CARLING AVE,362559.0286,5026245.304,-75.76256906,45.37376946,2016-05-27,14:59,01 - Clear,01 - Dry,02 - Stop sign,03 - At intersection,01 - Daylight,03 - P.D. only,04 - Sideswipe,Carlingwood - McKellar Park - Laurentien View
2222,BROMLEY RD @ SHERBOURNE RD,362924.3169,5026581.035,-75.75786617,45.37676012,2016-08-14,2:08,01 - Clear,01 - Dry,02 - Stop sign,03 - At intersection,07 - Dark,03 - P.D. only,04 - Sideswipe,Carlingwood - McKellar Park - Laurentien View
2223,BROMLEY RD btwn CARLING AVE & MCKELLAR AVE,362705.9358,5026443.553,-75.76067035,45.37554115,2016-04-02,23:00,01 - Clear,01 - Dry,10 - No control,01 - Non intersection,07 - Dark,03 - P.D. only,06 - SMV unattended vehicle,Carlingwood - McKellar Park - Laurentien View
2224,BRONSON AVE @ BRONSON AVE NB OFFRAMP 24,367808.4356,5028298.384,-75.69529226,45.39179018,2016-06-25,14:05,01 - Clear,01 - Dry,10 - No control,02 - Intersection related,01 - Daylight,03 - P.D. only,03 - Rear end,Carleton University
2225,BRONSON AVE @ BRONSON AVE NB ON RAMP 42,367752.3019,5028446.382,-75.69599021,45.39312687,2016-08-14,15:12,01 - Clear,01 - Dry,03 - Yield sign,02 - Intersection related,01 - Daylight,03 - P.D. only,02 - Angle,Carleton University
2226,BRONSON AVE @ BRONSON AVE SB ON RAMP 43,367796.6102,5028318.773,-75.69544067,45.39197469,2016-02-28,15:43,01 - Clear,02 - Wet,03 - Yield sign,02 - Intersection related,01 - Daylight,03 - P.D. only,07 - SMV other,Carleton University
2227,BRONSON AVE @ BRONSON AVE SB ON RAMP 43,367797.2886,5028320.055,-75.69543184,45.39198617,2016-09-17,16:39,01 - Clear,01 - Dry,03 - Yield sign,02 - Intersection related,01 - Daylight,03 - P.D. only,03 - Rear end,Carleton University
2228,BRONSON AVE @ CARLING AVE/GLEBE AVE,367448.6255,5029335.332,-75.6997554,45.40115262,2016-05-17,18:07,01 - Clear,01 - Dry,01 - Traffic signal,03 - At intersection,01 - Daylight,02 - Non-fatal injury,02 - Angle,The Glebe
2229,BRONSON AVE @ CARLING AVE/GLEBE AVE,367447.9317,5029334.214,-75.69976441,45.40114263,2016-05-17,11:45,01 - Clear,01 - Dry,01 - Traffic signal,02 - Intersection related,01 - Daylight,02 - Non-fatal injury,03 - Rear end,The Glebe
2230,BRONSON AVE @ CARLING AVE/GLEBE AVE,367448.3656,5029334.903,-75.69975878,45.40114879,2016-09-23,14:46,01 - Clear,01 - Dry,01 - Traffic signal,02 - Intersection related,01 - Daylight,02 - Non-fatal injury,02 - Angle,The Glebe
2231,BRONSON AVE @ CARLING AVE/GLEBE AVE,367446.6093,5029335.342,-75.69978115,45.40115289,2016-09-19,22:29,01 - Clear,01 - Dry,01 - Traffic signal,03 - At intersection,07 - Dark,03 - P.D. only,02 - Angle,The Glebe
2232,BRONSON AVE @ CARLING AVE/GLEBE AVE,367447.2644,5029336.673,-75.69977262,45.40116481,2016-10-28,16:45,01 - Clear,02 - Wet,01 - Traffic signal,03 - At intersection,01 - Daylight,03 - P.D. only,03 - Rear end,The Glebe
2233,BRONSON AVE @ CARLING AVE/GLEBE AVE,367446.6093,5029336.221,-75.69978104,45.4011608,2016-01-27,11:59,01 - Clear,02 - Wet,01 - Traffic signal,02 - Intersection related,01 - Daylight,03 - P.D. only,03 - Rear end,The Glebe
2234,BRONSON AVE @ CARLING AVE/GLEBE AVE,367446.6093,5029334.903,-75.69978121,45.40114894,2016-09-16,15:58,01 - Clear,01 - Dry,01 - Traffic signal,02 - Intersection related,01 - Daylight,03 - P.D. only,05 - Turning movement,The Glebe
2235,BRONSON AVE @ CARLING AVE/GLEBE AVE,367447.0306,5029334.886,-75.69977583,45.40114875,2016-04-15,18:10,01 - Clear,01 - Dry,01 - Traffic signal,03 - At intersection,01 - Daylight,03 - P.D. only,04 - Sideswipe,The Glebe
2236,BRONSON AVE @ CARLING AVE/GLEBE AVE,367447.4875,5029334.903,-75.69976999,45.40114887,2016-12-12,17:05,03 - Snow,02 - Wet,01 - Traffic signal,02 - Intersection related,07 - Dark,03 - P.D. only,04 - Sideswipe,The Glebe
2237,BRONSON AVE @ CARLING AVE/GLEBE AVE,367448.5352,5029334.32,-75.69975669,45.40114353,2016-12-28,19:19,01 - Clear,01 - Dry,01 - Traffic signal,02 - Intersection related,07 - Dark,03 - P.D. only,03 - Rear end,The Glebe
2238,BRONSON AVE @ CARLING AVE/GLEBE AVE,367447.7705,5029335.559,-75.6997663,45.40115474,2016-11-24,9:26,03 - Snow,03 - Loose snow,01 - Traffic signal,02 - Intersection related,01 - Daylight,03 - P.D. only,04 - Sideswipe,The Glebe
2239,BRONSON AVE @ CARLING AVE/GLEBE AVE,367449.3633,5029335.148,-75.699746,45.4011509,2016-11-25,18:29,01 - Clear,01 - Dry,01 - Traffic signal,02 - Intersection related,07 - Dark,03 - P.D. only,03 - Rear end,The Glebe
2240,BRONSON AVE @ CARLING AVE/GLEBE AVE,367449.3633,5029335.148,-75.699746,45.4011509,2016-11-30,20:00,02 - Rain,02 - Wet,01 - Traffic signal,02 - Intersection related,07 - Dark,03 - P.D. only,04 - Sideswipe,The Glebe
2241,BRONSON AVE @ CARLING AVE/GLEBE AVE,367447.5611,5029335.664,-75.69976896,45.40115571,2016-09-29,23:15,01 - Clear,01 - Dry,01 - Traffic signal,02 - Intersection related,07 - Dark,03 - P.D. only,04 - Sideswipe,The Glebe
2242,BRONSON AVE @ CATHERINE ST/RAYMOND ST,367252.489,5029796.347,-75.70220213,45.40531823,2016-09-02,15:03,01 - Clear,01 - Dry,01 - Traffic signal,02 - Intersection related,01 - Daylight,02 - Non-fatal injury,02 - Angle,Centretown West
2243,BRONSON AVE @ CATHERINE ST/RAYMOND ST,367252.9358,5029796.112,-75.70219645,45.40531608,2016-06-22,19:39,01 - Clear,01 - Dry,01 - Traffic signal,02 - Intersection related,01 - Daylight,02 - Non-fatal injury,05 - Turning movement,Centretown West
2244,BRONSON AVE @ CATHERINE ST/RAYMOND ST,367252.4379,5029796.752,-75.70220273,45.40532188,2016-09-05,8:23,01 - Clear,01 - Dry,01 - Traffic signal,03 - At intersection,01 - Daylight,02 - Non-fatal injury,07 - SMV other,Centretown West
2245,BRONSON AVE @ CATHERINE ST/RAYMOND ST,367252.4865,5029797.232,-75.70220205,45.40532619,2016-03-17,15:00,01 - Clear,01 - Dry,01 - Traffic signal,02 - Intersection related,01 - Daylight,03 - P.D. only,03 - Rear end,Centretown West
2246,BRONSON AVE @ CATHERINE ST/RAYMOND ST,367252.9373,5029796.566,-75.70219638,45.40532016,2016-10-25,13:15,01 - Clear,01 - Dry,01 - Traffic signal,02 - Intersection related,01 - Daylight,03 - P.D. only,03 - Rear end,Centretown West
2247,BRONSON AVE @ CATHERINE ST/RAYMOND ST,367254.3648,5029795.324,-75.7021783,45.40530886,2016-08-12,12:36,01 - Clear,01 - Dry,01 - Traffic signal,02 - Intersection related,01 - Daylight,03 - P.D. only,03 - Rear end,Centretown West
2248,BRONSON AVE @ CATHERINE ST/RAYMOND ST,367251.6108,5029796.786,-75.70221329,45.40532226,2016-01-19,19:28,03 - Snow,04 - Slush,01 - Traffic signal,02 - Intersection related,07 - Dark,03 - P.D. only,04 - Sideswipe,Centretown West
2249,BRONSON AVE @ CATHERINE ST/RAYMOND ST,367252.928,5029797.225,-75.70219641,45.40532609,2016-01-06,14:40,01 - Clear,02 - Wet,01 - Traffic signal,02 - Intersection related,01 - Daylight,03 - P.D. only,04 - Sideswipe,Centretown West
2250,BRONSON AVE @ CATHERINE ST/RAYMOND ST,367252.9748,5029795.768,-75.702196,45.40531298,2016-02-16,15:24,03 - Snow,03 - Loose snow,01 - Traffic signal,03 - At intersection,01 - Daylight,03 - P.D. only,02 - Angle,Centretown West
2251,BRONSON AVE @ CATHERINE ST/RAYMOND ST,367253.2254,5029795.889,-75.70219278,45.40531404,2016-04-05,18:56,01 - Clear,01 - Dry,01 - Traffic signal,03 - At intersection,01 - Daylight,03 - P.D. only,05 - Turning movement,Centretown West
2252,BRONSON AVE @ CATHERINE ST/RAYMOND ST,367252.483,5029797.694,-75.70220204,45.40533035,2016-05-15,20:31,01 - Clear,01 - Dry,01 - Traffic signal,02 - Intersection related,05 - Dusk,03 - P.D. only,99 - Other,Centretown West
2253,BRONSON AVE @ CATHERINE ST/RAYMOND ST,367253.0774,5029796.563,-75.70219459,45.40532012,2016-11-10,17:30,01 - Clear,01 - Dry,01 - Traffic signal,02 - Intersection related,07 - Dark,03 - P.D. only,03 - Rear end,Centretown West
2254,BRONSON AVE @ CATHERINE ST/RAYMOND ST,367253.0043,5029797.318,-75.70219543,45.40532692,2016-11-16,7:22,02 - Rain,02 - Wet,01 - Traffic signal,03 - At intersection,01 - Daylight,03 - P.D. only,05 - Turning movement,Centretown West
2255,BRONSON AVE @ CATHERINE ST/RAYMOND ST,367252.3808,5029796.954,-75.70220344,45.4053237,2016-06-28,12:35,01 - Clear,01 - Dry,01 - Traffic signal,02 - Intersection related,01 - Daylight,03 - P.D. only,03 - Rear end,Centretown West
2256,BRONSON AVE @ CATHERINE ST/RAYMOND ST,367253.0774,5029798.166,-75.70219439,45.40533454,2016-08-28,21:06,01 - Clear,01 - Dry,01 - Traffic signal,02 - Intersection related,07 - Dark,03 - P.D. only,04 - Sideswipe,Centretown West
2257,BRONSON AVE @ CHRISTIE ST,367050.0403,5030279.905,-75.704727,45.40968718,2016-11-16,12:51,01 - Clear,01 - Dry,01 - Traffic signal,03 - At intersection,01 - Daylight,03 - P.D. only,02 - Angle,Centretown West
2258,BRONSON AVE @ COMMISSIONER ST/SLATER ST,366769.3513,5030948.079,-75.70822858,45.41572413,2016-07-20,14:29,01 - Clear,01 - Dry,01 - Traffic signal,03 - At intersection,01 - Daylight,02 - Non-fatal injury,02 - Angle,Byward Market - Parliament Hill
2259,BRONSON AVE @ COMMISSIONER ST/SLATER ST,366768.5093,5030949.05,-75.70823922,45.41573294,2016-05-26,14:39,01 - Clear,01 - Dry,01 - Traffic signal,03 - At intersection,01 - Daylight,02 - Non-fatal injury,05 - Turning movement,Byward Market - Parliament Hill
2260,BRONSON AVE @ COMMISSIONER ST/SLATER ST,366769.096,5030947.786,-75.70823188,45.41572151,2016-06-05,16:22,01 - Clear,02 - Wet,01 - Traffic signal,03 - At intersection,01 - Daylight,03 - P.D. only,05 - Turning movement,Byward Market - Parliament Hill
2261,BRONSON AVE @ COMMISSIONER ST/SLATER ST,366770.1255,5030948.331,-75.70821866,45.41572633,2016-10-11,10:07,01 - Clear,01 - Dry,01 - Traffic signal,03 - At intersection,01 - Daylight,03 - P.D. only,05 - Turning movement,Byward Market - Parliament Hill
2262,BRONSON AVE @ COMMISSIONER ST/SLATER ST,366769.096,5030948.568,-75.70823178,45.41572855,2016-06-07,16:16,01 - Clear,01 - Dry,01 - Traffic signal,03 - At intersection,01 - Daylight,03 - P.D. only,02 - Angle,Byward Market - Parliament Hill
2263,BRONSON AVE @ COMMISSIONER ST/SLATER ST,366768.3113,5030947.886,-75.70824189,45.41572248,2016-06-16,13:20,01 - Clear,01 - Dry,01 - Traffic signal,03 - At intersection,01 - Daylight,03 - P.D. only,05 - Turning movement,Byward Market - Parliament Hill
2264,BRONSON AVE @ COMMISSIONER ST/SLATER ST,366767.7869,5030949.257,-75.70824842,45.41573486,2016-05-23,15:22,01 - Clear,01 - Dry,01 - Traffic signal,03 - At intersection,01 - Daylight,03 - P.D. only,05 - Turning movement,Byward Market - Parliament Hill
2265,BRONSON AVE @ COMMISSIONER ST/SLATER ST,366768.9249,5030948.787,-75.70823394,45.41573053,2016-02-01,13:35,01 - Clear,01 - Dry,01 - Traffic signal,03 - At intersection,01 - Daylight,03 - P.D. only,02 - Angle,Byward Market - Parliament Hill
2266,BRONSON AVE @ COMMISSIONER ST/SLATER ST,366769.8153,5030948.346,-75.70822262,45.41572649,2016-02-22,8:02,01 - Clear,01 - Dry,01 - Traffic signal,03 - At intersection,01 - Daylight,03 - P.D. only,04 - Sideswipe,Byward Market - Parliament Hill
2267,BRONSON AVE @ COMMISSIONER ST/SLATER ST,366768.3938,5030948.866,-75.70824071,45.41573129,2016-04-12,10:16,01 - Clear,01 - Dry,01 - Traffic signal,03 - At intersection,01 - Daylight,03 - P.D. only,05 - Turning movement,Byward Market - Parliament Hill
2268,BRONSON AVE @ COMMISSIONER ST/SLATER ST,366767.6077,5030948.787,-75.70825077,45.41573065,2016-09-15,18:50,01 - Clear,01 - Dry,01 - Traffic signal,03 - At intersection,01 - Daylight,03 - P.D. only,04 - Sideswipe,Byward Market - Parliament Hill
2269,BRONSON AVE @ COMMISSIONER ST/SLATER ST,366767.6077,5030947.909,-75.70825088,45.41572275,2016-09-18,11:44,01 - Clear,01 - Dry,01 - Traffic signal,02 - Intersection related,01 - Daylight,03 - P.D. only,05 - Turning movement,Byward Market - Parliament Hill
2270,BRONSON AVE @ COMMISSIONER ST/SLATER ST,366769.3513,5030949.265,-75.70822843,45.4157348,2016-07-22,12:31,01 - Clear,01 - Dry,01 - Traffic signal,03 - At intersection,01 - Daylight,03 - P.D. only,05 - Turning movement,Byward Market - Parliament Hill
2271,BRONSON AVE @ COMMISSIONER ST/SLATER ST,366769.41,5030947.492,-75.7082279,45.41571884,2016-11-21,22:01,03 - Snow,03 - Loose snow,01 - Traffic signal,02 - Intersection related,07 - Dark,03 - P.D. only,07 - SMV other,Byward Market - Parliament Hill
2272,BRONSON AVE @ COMMISSIONER ST/SLATER ST,366769.3688,5030948.764,-75.70822827,45.41573029,2016-10-06,14:01,01 - Clear,01 - Dry,01 - Traffic signal,02 - Intersection related,01 - Daylight,03 - P.D. only,05 - Turning movement,Byward Market - Parliament Hill
2273,BRONSON AVE @ FIFTH AVE/MADAWASKA DR,367614.5409,5028937.311,-75.69768698,45.39755648,2016-10-18,22:06,01 - Clear,01 - Dry,01 - Traffic signal,03 - At intersection,07 - Dark,02 - Non-fatal injury,07 - SMV other,The Glebe
2274,BRONSON AVE @ FIFTH AVE/MADAWASKA DR,367613.6396,5028938.414,-75.69769835,45.39756648,2016-01-14,7:57,03 - Snow,05 - Packed snow,01 - Traffic signal,02 - Intersection related,01 - Daylight,02 - Non-fatal injury,03 - Rear end,The Glebe
2275,BRONSON AVE @ FIFTH AVE/MADAWASKA DR,367613.94,5028939.008,-75.69769443,45.3975718,2016-07-20,10:35,01 - Clear,01 - Dry,01 - Traffic signal,02 - Intersection related,01 - Daylight,02 - Non-fatal injury,03 - Rear end,The Glebe
2276,BRONSON AVE @ FIFTH AVE/MADAWASKA DR,367613.0541,5028938.334,-75.69770583,45.39756582,2016-02-23,9:35,01 - Clear,01 - Dry,01 - Traffic signal,02 - Intersection related,01 - Daylight,02 - Non-fatal injury,03 - Rear end,The Glebe
2277,BRONSON AVE @ FIFTH AVE/MADAWASKA DR,367613.2535,5028937.865,-75.69770335,45.39756158,2016-05-08,20:52,01 - Clear,01 - Dry,01 - Traffic signal,02 - Intersection related,07 - Dark,03 - P.D. only,03 - Rear end,The Glebe
2278,BRONSON AVE @ FIFTH AVE/MADAWASKA DR,367613.9322,5028939.651,-75.69769445,45.39757759,2016-02-19,18:47,03 - Snow,03 - Loose snow,01 - Traffic signal,02 - Intersection related,07 - Dark,03 - P.D. only,03 - Rear end,The Glebe
2279,BRONSON AVE @ FIFTH AVE/MADAWASKA DR,367612.615,5028937.895,-75.6977115,45.39756191,2016-01-16,12:54,03 - Snow,04 - Slush,01 - Traffic signal,02 - Intersection related,01 - Daylight,03 - P.D. only,04 - Sideswipe,The Glebe
2280,BRONSON AVE @ FIFTH AVE/MADAWASKA DR,367613.7127,5028938.178,-75.69769744,45.39756435,2016-01-07,8:08,01 - Clear,01 - Dry,01 - Traffic signal,03 - At intersection,01 - Daylight,03 - P.D. only,04 - Sideswipe,The Glebe
2281,BRONSON AVE @ FIFTH AVE/MADAWASKA DR,367613.0393,5028937.431,-75.69770614,45.39755769,2016-02-26,13:44,01 - Clear,01 - Dry,01 - Traffic signal,03 - At intersection,01 - Daylight,03 - P.D. only,05 - Turning movement,The Glebe
2282,BRONSON AVE @ FIFTH AVE/MADAWASKA DR,367614.3891,5028939.681,-75.69768861,45.39757782,2016-06-11,22:02,01 - Clear,01 - Dry,01 - Traffic signal,02 - Intersection related,07 - Dark,03 - P.D. only,04 - Sideswipe,The Glebe
2283,BRONSON AVE @ FIFTH AVE/MADAWASKA DR,367614.5409,5028938.968,-75.69768676,45.39757139,2016-09-23,11:05,01 - Clear,01 - Dry,01 - Traffic signal,02 - Intersection related,01 - Daylight,03 - P.D. only,03 - Rear end,The Glebe
2284,BRONSON AVE @ FIFTH AVE/MADAWASKA DR,367613.7127,5028939.737,-75.69769724,45.39757838,2016-12-29,16:18,01 - Clear,05 - Packed snow,01 - Traffic signal,02 - Intersection related,05 - Dusk,03 - P.D. only,03 - Rear end,The Glebe
2285,BRONSON AVE @ FINDLAY AVE,367727.9602,5028661.932,-75.69627357,45.39506851,2016-01-11,9:02,03 - Snow,06 - Ice,02 - Stop sign,02 - Intersection related,01 - Daylight,03 - P.D. only,03 - Rear end,The Glebe
2286,BRONSON AVE @ FIRST AVE,367489.9269,5029236.343,-75.69924047,45.40025825,2016-01-29,12:42,03 - Snow,02 - Wet,02 - Stop sign,03 - At intersection,01 - Daylight,03 - P.D. only,02 - Angle,The Glebe
2287,BRONSON AVE @ FIRST AVE,367490.366,5029236.782,-75.69923481,45.40026216,2016-10-20,11:59,02 - Rain,02 - Wet,02 - Stop sign,02 - Intersection related,01 - Daylight,03 - P.D. only,04 - Sideswipe,The Glebe
2288,BRONSON AVE @ FIRST AVE,367488.6097,5029236.782,-75.69925724,45.40026232,2016-11-16,15:00,01 - Clear,01 - Dry,02 - Stop sign,02 - Intersection related,01 - Daylight,03 - P.D. only,02 - Angle,The Glebe
2289,BRONSON AVE @ FOURTH AVE,367583.939,5029009.335,-75.69806864,45.39820728,2016-05-29,17:32,01 - Clear,01 - Dry,02 - Stop sign,03 - At intersection,01 - Daylight,02 - Non-fatal injury,01 - Approaching,The Glebe
2290,BRONSON AVE @ FOURTH AVE,367584.1869,5029009.324,-75.69806547,45.39820715,2016-11-09,17:48,01 - Clear,01 - Dry,02 - Stop sign,03 - At intersection,07 - Dark,03 - P.D. only,05 - Turning movement,The Glebe
2291,BRONSON AVE @ FOURTH AVE,367583.178,5029009.828,-75.6980783,45.39821178,2016-10-01,13:30,01 - Clear,01 - Dry,02 - Stop sign,02 - Intersection related,01 - Daylight,03 - P.D. only,03 - Rear end,The Glebe
2292,BRONSON AVE @ GILMOUR ST,367031.4835,5030320.909,-75.70495887,45.41005777,2016-12-09,8:15,01 - Clear,06 - Ice,10 - No control,02 - Intersection related,01 - Daylight,03 - P.D. only,02 - Angle,Centretown West
2293,BRONSON AVE @ GLADSTONE AVE,367132.5781,5030081.115,-75.70369778,45.40789118,2016-05-11,10:58,01 - Clear,01 - Dry,01 - Traffic signal,03 - At intersection,01 - Daylight,02 - Non-fatal injury,07 - SMV other,Centretown West
2294,BRONSON AVE @ GLADSTONE AVE,367133.929,5030081.109,-75.70368052,45.407891,2016-07-21,11:21,01 - Clear,01 - Dry,01 - Traffic signal,03 - At intersection,01 - Daylight,02 - Non-fatal injury,07 - SMV other,Centretown West
2295,BRONSON AVE @ GLADSTONE AVE,367133.0199,5030082.019,-75.70369202,45.40789927,2016-08-02,23:59,01 - Clear,01 - Dry,01 - Traffic signal,02 - Intersection related,07 - Dark,03 - P.D. only,04 - Sideswipe,Centretown West
2296,BRONSON AVE @ GLADSTONE AVE,367133.0431,5030081.784,-75.70369176,45.40789716,2016-10-19,14:27,01 - Clear,01 - Dry,01 - Traffic signal,03 - At intersection,01 - Daylight,03 - P.D. only,05 - Turning movement,Centretown West
2297,BRONSON AVE @ GLADSTONE AVE,367132.0454,5030080.322,-75.70370469,45.40788409,2016-09-01,8:14,01 - Clear,01 - Dry,01 - Traffic signal,02 - Intersection related,01 - Daylight,03 - P.D. only,03 - Rear end,Centretown West
2298,BRONSON AVE @ GLADSTONE AVE,367134.3603,5030081.344,-75.70367499,45.40789308,2016-10-27,7:58,01 - Clear,01 - Dry,01 - Traffic signal,02 - Intersection related,01 - Daylight,03 - P.D. only,04 - Sideswipe,Centretown West
2299,BRONSON AVE @ GLADSTONE AVE,367133.0253,5030081.789,-75.70369198,45.4078972,2016-05-13,13:30,01 - Clear,01 - Dry,01 - Traffic signal,02 - Intersection related,01 - Daylight,03 - P.D. only,03 - Rear end,Centretown West
2300,BRONSON AVE @ GLADSTONE AVE,367133.0199,5030082.019,-75.70369202,45.40789927,2016-07-14,21:25,01 - Clear,01 - Dry,01 - Traffic signal,03 - At intersection,07 - Dark,03 - P.D. only,01 - Approaching,Centretown West
2301,BRONSON AVE @ GLADSTONE AVE,367133.3316,5030081.706,-75.70368808,45.40789643,2016-06-01,17:21,01 - Clear,01 - Dry,01 - Traffic signal,02 - Intersection related,01 - Daylight,03 - P.D. only,03 - Rear end,Centretown West
2302,BRONSON AVE @ GLADSTONE AVE,367133.477,5030080.665,-75.70368635,45.40788705,2016-04-17,23:00,01 - Clear,01 - Dry,01 - Traffic signal,03 - At intersection,07 - Dark,03 - P.D. only,03 - Rear end,Centretown West
2303,BRONSON AVE @ GLADSTONE AVE,367133.7017,5030081.296,-75.7036834,45.40789271,2016-09-29,19:14,01 - Clear,01 - Dry,01 - Traffic signal,02 - Intersection related,"06 - Dusk, artificial",03 - P.D. only,03 - Rear end,Centretown West
2304,BRONSON AVE @ GLOUCESTER ST,366834.6206,5030792.343,-75.70741433,45.41431708,2016-03-04,23:47,01 - Clear,02 - Wet,01 - Traffic signal,02 - Intersection related,07 - Dark,03 - P.D. only,06 - SMV unattended vehicle,Centretown West
2305,BRONSON AVE @ HOLMWOOD AVE,367700.483,5028729.993,-75.6966158,45.39568338,2016-05-15,15:00,01 - Clear,01 - Dry,01 - Traffic signal,02 - Intersection related,01 - Daylight,03 - P.D. only,03 - Rear end,The Glebe
2306,BRONSON AVE @ HOLMWOOD AVE,367699.8795,5028728.301,-75.69662373,45.39566821,2016-10-20,22:51,02 - Rain,02 - Wet,01 - Traffic signal,02 - Intersection related,07 - Dark,03 - P.D. only,03 - Rear end,The Glebe
2307,BRONSON AVE @ HOLMWOOD AVE,367700.4804,5028729.544,-75.69661589,45.39567934,2016-07-31,14:01,01 - Clear,01 - Dry,01 - Traffic signal,02 - Intersection related,01 - Daylight,03 - P.D. only,03 - Rear end,The Glebe
2308,BRONSON AVE @ HOLMWOOD AVE,367699.61,5028729.324,-75.69662704,45.39567743,2016-07-30,9:44,01 - Clear,01 - Dry,01 - Traffic signal,02 - Intersection related,01 - Daylight,03 - P.D. only,03 - Rear end,The Glebe
2309,BRONSON AVE @ HOLMWOOD AVE,367699.0514,5028729.958,-75.69663409,45.39568319,2016-10-15,23:55,01 - Clear,01 - Dry,01 - Traffic signal,02 - Intersection related,07 - Dark,03 - P.D. only,03 - Rear end,The Glebe
2310,BRONSON AVE @ HWY 417 BRONSON IC121AR51,367288.7124,5029710.933,-75.70175027,45.40454647,2016-03-30,11:45,01 - Clear,01 - Dry,01 - Traffic signal,03 - At intersection,01 - Daylight,02 - Non-fatal injury,07 - SMV other,Centretown West
2311,BRONSON AVE @ HWY 417 BRONSON IC121AR51,367289.103,5029711.339,-75.70174523,45.40455008,2016-08-04,12:00,01 - Clear,01 - Dry,01 - Traffic signal,02 - Intersection related,01 - Daylight,02 - Non-fatal injury,02 - Angle,Centretown West
2312,BRONSON AVE @ HWY 417 BRONSON IC121AR51,367288.9126,5029710.487,-75.70174777,45.40454244,2016-05-11,12:00,01 - Clear,01 - Dry,01 - Traffic signal,02 - Intersection related,01 - Daylight,03 - P.D. only,03 - Rear end,Centretown West
2313,BRONSON AVE @ HWY 417 BRONSON IC121AR51,367287.2551,5029711.328,-75.70176883,45.40455015,2016-04-18,17:00,01 - Clear,01 - Dry,01 - Traffic signal,02 - Intersection related,01 - Daylight,03 - P.D. only,04 - Sideswipe,Centretown West
2314,BRONSON AVE @ HWY 417 BRONSON IC121AR51,367288.3078,5029710.562,-75.70175548,45.40454316,2016-04-22,11:55,01 - Clear,01 - Dry,01 - Traffic signal,02 - Intersection related,01 - Daylight,03 - P.D. only,03 - Rear end,Centretown West
2315,BRONSON AVE @ IMPERIAL AVE/PLYMOUTH ST,367318.4676,5029643.763,-75.70137872,45.40393943,2016-10-21,23:37,02 - Rain,02 - Wet,10 - No control,03 - At intersection,07 - Dark,02 - Non-fatal injury,05 - Turning movement,Centretown West
2316,BRONSON AVE @ IMPERIAL AVE/PLYMOUTH ST,367318.7241,5029644.223,-75.70137538,45.40394355,2016-03-05,18:38,01 - Clear,01 - Dry,10 - No control,03 - At intersection,07 - Dark,03 - P.D. only,05 - Turning movement,Centretown West