Record,Location,X,Y,lon,lat,Date,Time,Environment,Road_Surface,Traffic_Control,Collision_Location,Light,Collision_Classification,Impact_type,Neighborhood
2317,BRONSON AVE @ IMPERIAL AVE/PLYMOUTH ST,367318.6428,5029643.352,-75.70137653,45.40393572,2016-02-19,17:45,03 - Snow,04 - Slush,10 - No control,02 - Intersection related,05 - Dusk,03 - P.D. only,03 - Rear end,Centretown West
2318,BRONSON AVE @ IMPERIAL AVE/PLYMOUTH ST,367319.2287,5029643.545,-75.70136902,45.4039374,2016-10-25,17:21,01 - Clear,01 - Dry,10 - No control,03 - At intersection,05 - Dusk,03 - P.D. only,05 - Turning movement,Centretown West
2319,BRONSON AVE @ IMPERIAL AVE/PLYMOUTH ST,367319.3851,5029644.006,-75.70136697,45.40394154,2016-06-30,13:00,01 - Clear,01 - Dry,10 - No control,03 - At intersection,01 - Daylight,03 - P.D. only,05 - Turning movement,Centretown West
2320,BRONSON AVE @ IMPERIAL AVE/PLYMOUTH ST,367319.1243,5029643.608,-75.70137035,45.40393798,2016-05-29,13:44,01 - Clear,01 - Dry,10 - No control,03 - At intersection,01 - Daylight,03 - P.D. only,05 - Turning movement,Centretown West
2321,BRONSON AVE @ IMPERIAL AVE/PLYMOUTH ST,367319.0939,5029643.552,-75.70137074,45.40393748,2016-07-06,14:33,01 - Clear,01 - Dry,10 - No control,03 - At intersection,01 - Daylight,03 - P.D. only,07 - SMV other,Centretown West
2322,BRONSON AVE @ IMPERIAL AVE/PLYMOUTH ST,367318.9228,5029644.21,-75.70137285,45.40394341,2016-12-05,22:21,01 - Clear,02 - Wet,10 - No control,03 - At intersection,07 - Dark,03 - P.D. only,05 - Turning movement,Centretown West
2323,BRONSON AVE @ JAMES ST,367066.4787,5030242.235,-75.70452177,45.40934677,2016-03-08,23:01,01 - Clear,01 - Dry,02 - Stop sign,03 - At intersection,07 - Dark,03 - P.D. only,02 - Angle,Centretown West
2324,BRONSON AVE @ JAMES ST,367067.295,5030241.931,-75.70451138,45.40934397,2016-03-07,15:31,01 - Clear,01 - Dry,02 - Stop sign,03 - At intersection,01 - Daylight,03 - P.D. only,02 - Angle,Centretown West
2325,BRONSON AVE @ KIPPEWA DR,367557.3932,5029075.331,-75.69839928,45.39880347,2016-05-23,12:31,01 - Clear,01 - Dry,02 - Stop sign,03 - At intersection,01 - Daylight,03 - P.D. only,02 - Angle,The Glebe
2326,BRONSON AVE @ KIPPEWA DR,367556.0582,5029075.776,-75.69841627,45.39880759,2016-04-23,15:55,01 - Clear,01 - Dry,02 - Stop sign,03 - At intersection,01 - Daylight,03 - P.D. only,02 - Angle,The Glebe
2327,BRONSON AVE @ KIPPEWA DR,367557.176,5029075.787,-75.69840199,45.39880759,2016-07-15,16:38,02 - Rain,02 - Wet,02 - Stop sign,03 - At intersection,01 - Daylight,03 - P.D. only,02 - Angle,The Glebe
2328,BRONSON AVE @ LAKESIDE AVE,367654.6154,5028837.885,-75.69718783,45.39665828,2016-04-06,14:50,03 - Snow,03 - Loose snow,02 - Stop sign,02 - Intersection related,01 - Daylight,03 - P.D. only,02 - Angle,The Glebe
2329,BRONSON AVE @ LAURIER AVE,366804.0424,5030861.35,-75.70779629,45.41494069,2016-06-28,15:54,01 - Clear,01 - Dry,01 - Traffic signal,03 - At intersection,01 - Daylight,02 - Non-fatal injury,05 - Turning movement,Centretown West
2330,BRONSON AVE @ LAURIER AVE,366804.701,5030860.327,-75.70778801,45.41493143,2016-10-27,23:12,03 - Snow,02 - Wet,01 - Traffic signal,03 - At intersection,07 - Dark,02 - Non-fatal injury,07 - SMV other,Centretown West
2331,BRONSON AVE @ LAURIER AVE,366805.1304,5030861.728,-75.70778235,45.414944,2016-04-06,14:50,03 - Snow,04 - Slush,01 - Traffic signal,02 - Intersection related,01 - Daylight,03 - P.D. only,03 - Rear end,Downtown
2332,BRONSON AVE @ LAURIER AVE,366805.4515,5030861.945,-75.70777822,45.41494592,2016-01-14,7:06,03 - Snow,03 - Loose snow,01 - Traffic signal,03 - At intersection,03 - Dawn,03 - P.D. only,02 - Angle,Downtown
2333,BRONSON AVE @ LAURIER AVE,366804.9265,5030862.697,-75.70778483,45.41495273,2016-06-02,2:20,01 - Clear,01 - Dry,01 - Traffic signal,03 - At intersection,07 - Dark,03 - P.D. only,05 - Turning movement,Downtown
2334,BRONSON AVE @ LAURIER AVE,366805.1602,5030860.88,-75.70778207,45.41493636,2016-07-15,19:03,01 - Clear,01 - Dry,01 - Traffic signal,03 - At intersection,01 - Daylight,03 - P.D. only,02 - Angle,Centretown West
2335,BRONSON AVE @ MACLAREN ST,366999.4741,5030398.888,-75.70535793,45.41076225,2016-06-01,17:18,01 - Clear,01 - Dry,02 - Stop sign,03 - At intersection,01 - Daylight,03 - P.D. only,02 - Angle,Centretown West
2336,BRONSON AVE @ MACLAREN ST,366999.4801,5030399.784,-75.70535774,45.41077031,2016-01-01,20:57,03 - Snow,03 - Loose snow,02 - Stop sign,03 - At intersection,07 - Dark,03 - P.D. only,02 - Angle,Centretown West
2337,BRONSON AVE @ NEPEAN ST,366860.0403,5030728.347,-75.70709764,45.413739,2016-01-24,11:25,01 - Clear,01 - Dry,10 - No control,03 - At intersection,01 - Daylight,03 - P.D. only,05 - Turning movement,Centretown West
2338,BRONSON AVE @ POWELL AVE,367388.5448,5029476.992,-75.70050479,45.40243261,2016-02-29,13:02,01 - Clear,02 - Wet,01 - Traffic signal,03 - At intersection,01 - Daylight,02 - Non-fatal injury,02 - Angle,The Glebe
2339,BRONSON AVE @ POWELL AVE,367389.0012,5029478.336,-75.70049879,45.40244467,2016-04-07,19:38,02 - Rain,02 - Wet,01 - Traffic signal,03 - At intersection,07 - Dark,02 - Non-fatal injury,05 - Turning movement,The Glebe
2340,BRONSON AVE @ POWELL AVE,367386.7862,5029479.399,-75.70052695,45.40245443,2016-05-15,20:52,01 - Clear,01 - Dry,01 - Traffic signal,03 - At intersection,07 - Dark,02 - Non-fatal injury,03 - Rear end,The Glebe
2341,BRONSON AVE @ POWELL AVE,367388.5607,5029476.759,-75.70050462,45.40243052,2016-05-20,12:22,01 - Clear,01 - Dry,01 - Traffic signal,02 - Intersection related,01 - Daylight,03 - P.D. only,03 - Rear end,The Glebe
2342,BRONSON AVE @ POWELL AVE,367387.2203,5029476.994,-75.70052171,45.40243275,2016-09-12,19:36,01 - Clear,01 - Dry,01 - Traffic signal,03 - At intersection,05 - Dusk,03 - P.D. only,05 - Turning movement,The Glebe
2343,BRONSON AVE @ POWELL AVE,367388.1034,5029477.887,-75.70051032,45.40244071,2016-02-24,9:34,03 - Snow,04 - Slush,01 - Traffic signal,02 - Intersection related,01 - Daylight,03 - P.D. only,03 - Rear end,The Glebe
2344,BRONSON AVE @ POWELL AVE,367387.6516,5029477.214,-75.70051617,45.40243469,2016-06-21,13:01,01 - Clear,01 - Dry,01 - Traffic signal,02 - Intersection related,01 - Daylight,03 - P.D. only,04 - Sideswipe,The Glebe
2345,BRONSON AVE @ POWELL AVE,367388.0984,5029476.994,-75.7005105,45.40243267,2016-12-10,12:52,01 - Clear,01 - Dry,01 - Traffic signal,02 - Intersection related,01 - Daylight,03 - P.D. only,02 - Angle,The Glebe
2346,BRONSON AVE @ PRIMROSE AVE,366886.3581,5030669.79,-75.70676881,45.41320979,2016-03-09,11:36,02 - Rain,02 - Wet,01 - Traffic signal,02 - Intersection related,01 - Daylight,03 - P.D. only,03 - Rear end,Centretown West
2347,BRONSON AVE @ PRIMROSE AVE,366885.9215,5030668.905,-75.7067745,45.41320187,2016-03-11,12:13,01 - Clear,01 - Dry,01 - Traffic signal,02 - Intersection related,01 - Daylight,03 - P.D. only,03 - Rear end,Centretown West
2348,BRONSON AVE @ PRIMROSE AVE,366885.0177,5030669.571,-75.70678596,45.41320794,2016-07-21,14:04,01 - Clear,01 - Dry,01 - Traffic signal,03 - At intersection,01 - Daylight,03 - P.D. only,02 - Angle,Centretown West
2349,BRONSON AVE @ RENFREW AVE,367357.185,5029551.326,-75.70089591,45.40310425,2016-10-24,5:05,01 - Clear,01 - Dry,02 - Stop sign,02 - Intersection related,07 - Dark,02 - Non-fatal injury,03 - Rear end,Centretown West
2350,BRONSON AVE @ SOMERSET ST,366967.4714,5030477.022,-75.7057569,45.41146812,2016-04-14,11:41,01 - Clear,01 - Dry,01 - Traffic signal,02 - Intersection related,01 - Daylight,03 - P.D. only,04 - Sideswipe,Centretown West
2351,BRONSON AVE @ SOMERSET ST,366967.4706,5030475.896,-75.70575705,45.41145799,2016-06-14,14:53,01 - Clear,01 - Dry,01 - Traffic signal,02 - Intersection related,01 - Daylight,03 - P.D. only,04 - Sideswipe,Chinatown
2352,BRONSON AVE @ SOMERSET ST,366967.4706,5030476.347,-75.70575699,45.41146205,2016-05-11,10:56,01 - Clear,01 - Dry,01 - Traffic signal,02 - Intersection related,01 - Daylight,03 - P.D. only,03 - Rear end,Chinatown
2353,BRONSON AVE @ SOMERSET ST,366966.5984,5030476.353,-75.70576813,45.41146218,2016-01-27,11:11,01 - Clear,01 - Dry,01 - Traffic signal,03 - At intersection,01 - Daylight,03 - P.D. only,05 - Turning movement,Centretown West
2354,BRONSON AVE @ SOMERSET ST,366967.9156,5030477.231,-75.7057512,45.41146996,2016-02-01,17:36,01 - Clear,02 - Wet,01 - Traffic signal,03 - At intersection,05 - Dusk,03 - P.D. only,04 - Sideswipe,Chinatown
2355,BRONSON AVE @ SOMERSET ST,366967.6961,5030476.84,-75.70575405,45.41146646,2016-09-12,17:45,01 - Clear,01 - Dry,01 - Traffic signal,02 - Intersection related,01 - Daylight,03 - P.D. only,03 - Rear end,Chinatown
2356,BRONSON AVE @ SOMERSET ST,366967.4688,5030476.572,-75.70575699,45.41146407,2016-08-05,19:07,01 - Clear,01 - Dry,01 - Traffic signal,02 - Intersection related,01 - Daylight,03 - P.D. only,04 - Sideswipe,Chinatown
2357,BRONSON AVE @ SOMERSET ST,366967.9234,5030476.118,-75.70575124,45.41145995,2016-07-31,15:52,01 - Clear,01 - Dry,01 - Traffic signal,03 - At intersection,01 - Daylight,03 - P.D. only,02 - Angle,Chinatown
2358,BRONSON AVE @ SOMERSET ST,366967.6961,5030476.343,-75.70575411,45.41146199,2016-08-13,22:15,02 - Rain,02 - Wet,01 - Traffic signal,02 - Intersection related,07 - Dark,03 - P.D. only,99 - Other,Chinatown
2359,BRONSON AVE @ SOMERSET ST,366967.2227,5030477.282,-75.70576004,45.41147048,2016-10-21,15:47,02 - Rain,02 - Wet,01 - Traffic signal,03 - At intersection,01 - Daylight,03 - P.D. only,05 - Turning movement,Centretown West
2360,BRONSON AVE @ SOMERSET ST,366967.4766,5030475.475,-75.70575702,45.4114542,2016-09-23,16:38,01 - Clear,01 - Dry,01 - Traffic signal,02 - Intersection related,01 - Daylight,03 - P.D. only,04 - Sideswipe,Chinatown
2361,BRONSON AVE @ SUNNYSIDE AVE/UNIVERSITY RD - CA,367922.7073,5028091.291,-75.69385948,45.38991652,2016-12-10,17:41,01 - Clear,01 - Dry,01 - Traffic signal,03 - At intersection,07 - Dark,02 - Non-fatal injury,07 - SMV other,Carleto
2362,BRONSON AVE @ SUNNYSIDE AVE/UNIVERSITY RD - CA,367921.6124,5028092.206,-75.69387335,45.38992485,2016-01-21,22:45,01 - Clear,03 - Loose snow,01 - Traffic signal,02 - Intersection related,07 - Dark,03 - P.D. only,03 - Rear end,Carleto
2363,BRONSON AVE @ SUNNYSIDE AVE/UNIVERSITY RD - CA,367921.8232,5028091.104,-75.69387079,45.38991492,2016-03-11,9:23,01 - Clear,01 - Dry,01 - Traffic signal,03 - At intersection,01 - Daylight,03 - P.D. only,03 - Rear end,Carleto
2364,BRONSON AVE @ SUNNYSIDE AVE/UNIVERSITY RD - CA,367922.4906,5028091.767,-75.69386219,45.38992082,2016-01-19,13:30,01 - Clear,04 - Slush,01 - Traffic signal,03 - At intersection,01 - Daylight,03 - P.D. only,07 - SMV other,Carleto
2365,BRONSON AVE @ SUNNYSIDE AVE/UNIVERSITY RD - CA,367925.1946,5028091.961,-75.69382763,45.38992233,2016-09-14,9:02,01 - Clear,01 - Dry,01 - Traffic signal,02 - Intersection related,01 - Daylight,03 - P.D. only,03 - Rear end,Carleto
2366,BRONSON AVE @ SUNNYSIDE AVE/UNIVERSITY RD - CA,367922.9341,5028092.219,-75.69385647,45.38992485,2016-03-08,14:15,01 - Clear,02 - Wet,01 - Traffic signal,02 - Intersection related,01 - Daylight,03 - P.D. only,03 - Rear end,Carleto
2367,BRONSON AVE @ SUNNYSIDE AVE/UNIVERSITY RD - CA,367922.4856,5028092.221,-75.69386219,45.38992491,2016-02-29,8:40,01 - Clear,01 - Dry,01 - Traffic signal,02 - Intersection related,01 - Daylight,03 - P.D. only,04 - Sideswipe,Carleto
2368,BRONSON AVE @ SUNNYSIDE AVE/UNIVERSITY RD - CA,367923.3327,5028090.808,-75.69385156,45.38991212,2016-08-21,22:15,01 - Clear,01 - Dry,01 - Traffic signal,03 - At intersection,07 - Dark,03 - P.D. only,05 - Turning movement,Carleto
2369,BRONSON AVE @ SUNNYSIDE AVE/UNIVERSITY RD - CA,367923.5383,5028089.477,-75.6938491,45.38990012,2016-08-23,16:13,01 - Clear,01 - Dry,01 - Traffic signal,02 - Intersection related,01 - Daylight,03 - P.D. only,03 - Rear end,Carleto
2370,BRONSON AVE @ SUNNYSIDE AVE/UNIVERSITY RD - CA,367921.0538,5028091.133,-75.69388062,45.38991525,2016-10-11,14:30,01 - Clear,01 - Dry,01 - Traffic signal,02 - Intersection related,01 - Daylight,03 - P.D. only,03 - Rear end,Carleto
2371,BRONSON AVE @ SUNNYSIDE AVE/UNIVERSITY RD - CA,367922.7101,5028092.405,-75.6938593,45.38992654,2016-09-23,9:13,01 - Clear,01 - Dry,01 - Traffic signal,02 - Intersection related,01 - Daylight,03 - P.D. only,03 - Rear end,Carleto
2372,BRONSON AVE @ SUNNYSIDE AVE/UNIVERSITY RD - CA,367921.6124,5028091.328,-75.69387346,45.38991695,2016-12-17,14:29,03 - Snow,05 - Packed snow,01 - Traffic signal,02 - Intersection related,01 - Daylight,03 - P.D. only,02 - Angle,Navan - Vars
2373,BRONSON AVE @ THIRD AVE,367551.6305,5029087.788,-75.69847129,45.39891607,2016-07-26,19:09,01 - Clear,01 - Dry,02 - Stop sign,02 - Intersection related,01 - Daylight,02 - Non-fatal injury,03 - Rear end,Carleto
2374,BRONSON AVE btwn ARLINGTON AVE & RAYMOND ST,367228.3912,5029852.109,-75.70250288,45.40582211,2016-05-24,18:05,01 - Clear,01 - Dry,10 - No control,01 - Non intersection,01 - Daylight,03 - P.D. only,04 - Sideswipe,The Glebe
2375,BRONSON AVE btwn BREWER WAY & RIVERSIDE DR RAMPS 34B & 42A-3,368156.7719,5027678.756,-75.6909235,45.38618351,2016-03-02,16:36,01 - Clear,01 - Dry,10 - No control,01 - Non intersection,01 - Daylight,02 - Non-fatal injury,03 - Rear end,Centretown West
2376,BRONSON AVE btwn BREWER WAY & RIVERSIDE DR RAMPS 34B & 42A-3,368252.4562,5027505.527,-75.68972399,45.38461619,2016-07-11,8:45,01 - Clear,01 - Dry,10 - No control,01 - Non intersection,01 - Daylight,02 - Non-fatal injury,03 - Rear end,Carleton University
2377,BRONSON AVE btwn BREWER WAY & RIVERSIDE DR RAMPS 34B & 42A-3,368126.0709,5027733.819,-75.69130845,45.38668173,2016-02-24,21:08,04 - Freezing Rain,06 - Ice,10 - No control,01 - Non intersection,07 - Dark,03 - P.D. only,07 - SMV other,Carleto
2378,BRONSON AVE btwn BREWER WAY & RIVERSIDE DR RAMPS 34B & 42A-3,368125.4107,5027735.527,-75.69131666,45.38669716,2016-08-11,8:27,01 - Clear,01 - Dry,10 - No control,01 - Non intersection,01 - Daylight,03 - P.D. only,04 - Sideswipe,Carleto
2379,BRONSON AVE btwn BREWER WAY & RIVERSIDE DR RAMPS 34B & 42A-3,368402.9185,5027212.813,-75.68784052,45.38196878,2016-06-18,20:43,01 - Clear,01 - Dry,10 - No control,01 - Non intersection,05 - Dusk,03 - P.D. only,04 - Sideswipe,Carleto
2380,BRONSON AVE btwn BREWER WAY & RIVERSIDE DR RAMPS 34B & 42A-3,368114.9712,5027754.088,-75.69144758,45.38686511,2016-02-16,15:00,03 - Snow,05 - Packed snow,10 - No control,01 - Non intersection,01 - Daylight,03 - P.D. only,07 - SMV other,Riverside Park
2381,BRONSON AVE btwn BREWER WAY & RIVERSIDE DR RAMPS 34B & 42A-3,368389.3849,5027236.237,-75.6880103,45.38218078,2016-06-01,9:07,01 - Clear,01 - Dry,10 - No control,01 - Non intersection,01 - Daylight,03 - P.D. only,03 - Rear end,Carleto
2382,BRONSON AVE btwn BREWER WAY & RIVERSIDE DR RAMPS 34B & 42A-3,368370.4647,5027275.808,-75.68824677,45.38253854,2016-07-08,7:15,01 - Clear,01 - Dry,10 - No control,01 - Non intersection,01 - Daylight,03 - P.D. only,04 - Sideswipe,Riverside Park
2383,BRONSON AVE btwn BREWER WAY & RIVERSIDE DR RAMPS 34B & 42A-3,368410.995,5027195.394,-75.68773964,45.38181132,2016-04-09,12:09,01 - Clear,01 - Dry,10 - No control,01 - Non intersection,01 - Daylight,03 - P.D. only,07 - SMV other,Alta Vista
2384,BRONSON AVE btwn BREWER WAY & RIVERSIDE DR RAMPS 34B & 42A-3,368370.847,5027279.59,-75.68824141,45.38257254,2016-10-31,15:22,01 - Clear,01 - Dry,10 - No control,01 - Non intersection,01 - Daylight,03 - P.D. only,04 - Sideswipe,Riverside Park
2385,BRONSON AVE btwn BRONSON AVE NB ON RAMP 42 & BRONSON AVE SB ON RAMP 43,367759.5713,5028418.427,-75.69590094,45.39287468,2016-02-22,8:10,01 - Clear,01 - Dry,10 - No control,01 - Non intersection,01 - Daylight,02 - Non-fatal injury,03 - Rear end,Alta Vista
2386,BRONSON AVE btwn BRONSON AVE NB ON RAMP 42 & BRONSON AVE SB ON RAMP 43,367768.7429,5028383.347,-75.6957883,45.39255822,2016-08-04,17:32,01 - Clear,01 - Dry,10 - No control,01 - Non intersection,01 - Daylight,03 - P.D. only,03 - Rear end,Carleton University
2387,BRONSON AVE btwn BRONSON AVE NB ON RAMP 42 & BRONSON AVE SB ON RAMP 43,367768.2828,5028390.102,-75.69579331,45.39261904,2016-11-21,21:31,03 - Snow,06 - Ice,10 - No control,01 - Non intersection,07 - Dark,03 - P.D. only,07 - SMV other,Carleton University
2388,BRONSON AVE btwn BRONSON AVE RAMP 34 & AIRPORT PKWY/BRONSON AVE RAMP 2,368625.7654,5026890.828,-75.68503685,45.37905139,2016-10-20,15:10,01 - Clear,01 - Dry,10 - No control,01 - Non intersection,01 - Daylight,03 - P.D. only,04 - Sideswipe,Carleton University
2389,BRONSON AVE btwn BRONSON AVE SB ON RAMP 43 & SUNNYSIDE AVE/UNIVERSITY ,367912.7212,5028109.971,-75.69398461,45.3900855,2016-03-04,17:10,01 - Clear,01 - Dry,10 - No control,01 - Non intersection,01 - Daylight,03 - P.D. only,04 - Sideswipe,Alta Vista
2390,BRONSON AVE btwn BRONSON AVE SB ON RAMP 43 & SUNNYSIDE AVE/UNIVERSITY ,367894.8762,5028141.828,-75.69420842,45.39037375,2016-02-26,9:32,04 - Freezing Rain,06 - Ice,10 - No control,01 - Non intersection,01 - Daylight,03 - P.D. only,03 - Rear end,Carleto
2391,BRONSON AVE btwn CARLING AVE & FIRST AVE,367460.0527,5029307.504,-75.69961299,45.40090121,2016-03-09,16:50,01 - Clear,02 - Wet,10 - No control,01 - Non intersection,01 - Daylight,03 - P.D. only,03 - Rear end,Carleto
2392,BRONSON AVE btwn CARLING AVE & FIRST AVE,367460.5593,5029310.083,-75.69960619,45.40092437,2016-06-17,19:09,01 - Clear,01 - Dry,10 - No control,01 - Non intersection,01 - Daylight,03 - P.D. only,04 - Sideswipe,The Glebe
2393,BRONSON AVE btwn CLEMOW AVE & CARLING AVE,367426.0587,5029383.984,-75.70003746,45.4015924,2016-02-18,12:15,01 - Clear,01 - Dry,10 - No control,01 - Non intersection,01 - Daylight,02 - Non-fatal injury,01 - Approaching,The Glebe
2394,BRONSON AVE btwn COOPER ST & SOMERSET ST W,366959.705,5030492.554,-75.70585415,45.41160856,2016-01-20,7:00,01 - Clear,02 - Wet,10 - No control,01 - Non intersection,07 - Dark,03 - P.D. only,04 - Sideswipe,The Glebe
2395,BRONSON AVE btwn COOPER ST & SOMERSET ST W,366963.8325,5030486.572,-75.70580218,45.41155437,2016-07-11,9:58,01 - Clear,01 - Dry,10 - No control,01 - Non intersection,01 - Daylight,03 - P.D. only,05 - Turning movement,Centretown West
2396,BRONSON AVE btwn COOPER ST & SOMERSET ST W,366935.564,5030551.479,-75.70615512,45.4121409,2016-06-09,16:04,01 - Clear,01 - Dry,10 - No control,01 - Non intersection,01 - Daylight,03 - P.D. only,04 - Sideswipe,Centretown West
2397,BRONSON AVE btwn COOPER ST & SOMERSET ST W,366959.493,5030492.197,-75.7058569,45.41160537,2016-05-09,15:46,01 - Clear,01 - Dry,10 - No control,04 - At/near private drive,01 - Daylight,03 - P.D. only,02 - Angle,Centretown West
2398,BRONSON AVE btwn FINDLAY AVE & BRONSON AVE SB OFF RAMP 34,367745.0818,5028521.798,-75.69607279,45.39380609,2016-01-20,11:51,01 - Clear,02 - Wet,10 - No control,01 - Non intersection,01 - Daylight,03 - P.D. only,07 - SMV other,Centretown West
2399,BRONSON AVE btwn FINDLAY AVE & BRONSON AVE SB OFF RAMP 34,367742.7864,5028568.578,-75.69609614,45.39422721,2016-03-04,17:47,01 - Clear,01 - Dry,10 - No control,01 - Non intersection,01 - Daylight,03 - P.D. only,04 - Sideswipe,Carleton University
2400,BRONSON AVE btwn FINDLAY AVE & BRONSON AVE SB OFF RAMP 34,367730.3016,5028655.648,-75.69624447,45.39501176,2016-08-12,15:45,02 - Rain,02 - Wet,10 - No control,01 - Non intersection,01 - Daylight,03 - P.D. only,04 - Sideswipe,The Glebe
2401,BRONSON AVE btwn FIRST AVE & SECOND AVE,367517.4938,5029167.188,-75.69889718,45.39963355,2016-07-05,14:05,01 - Clear,01 - Dry,10 - No control,01 - Non intersection,01 - Daylight,02 - Non-fatal injury,04 - Sideswipe,The Glebe
2402,BRONSON AVE btwn FIRST AVE & SECOND AVE,367513.5959,5029176.8,-75.69894574,45.39972038,2016-05-22,17:54,01 - Clear,01 - Dry,10 - No control,01 - Non intersection,01 - Daylight,03 - P.D. only,03 - Rear end,The Glebe
2403,BRONSON AVE btwn FLORENCE ST & GLADSTONE AVE,367129.8381,5030093.382,-75.70373123,45.4080018,2016-07-16,12:40,01 - Clear,01 - Dry,10 - No control,01 - Non intersection,01 - Daylight,03 - P.D. only,04 - Sideswipe,The Glebe
2404,BRONSON AVE btwn FOURTH AVE & MADAWASKA DR,367590.1518,5028996.117,-75.69799097,45.39808779,2016-09-02,17:19,01 - Clear,01 - Dry,10 - No control,01 - Non intersection,01 - Daylight,03 - P.D. only,03 - Rear end,Centretown West
2405,BRONSON AVE btwn GILMOUR ST & CHRISTIE ST,367040.5666,5030302.931,-75.70484511,45.4098952,2016-08-10,17:02,01 - Clear,01 - Dry,10 - No control,01 - Non intersection,01 - Daylight,03 - P.D. only,04 - Sideswipe,The Glebe
2406,BRONSON AVE btwn GLADSTONE AVE & MCLEOD ST,367137.5653,5030072.928,-75.70363511,45.40781707,2016-08-25,10:18,01 - Clear,01 - Dry,10 - No control,01 - Non intersection,01 - Daylight,03 - P.D. only,04 - Sideswipe,Centretown West
2407,BRONSON AVE btwn GLADSTONE AVE & MCLEOD ST,367139.0291,5030066.47,-75.70361723,45.40775883,2016-03-01,9:00,01 - Clear,01 - Dry,10 - No control,01 - Non intersection,01 - Daylight,03 - P.D. only,04 - Sideswipe,Centretown West
2408,BRONSON AVE btwn GLADSTONE AVE & MCLEOD ST,367158.7089,5030020.229,-75.70337169,45.40734102,2016-03-03,8:20,01 - Clear,01 - Dry,10 - No control,01 - Non intersection,01 - Daylight,03 - P.D. only,04 - Sideswipe,Centretown West
2409,BRONSON AVE btwn GLADSTONE AVE & MCLEOD ST,367139.3197,5030067.182,-75.70361343,45.40776521,2016-05-07,14:22,01 - Clear,01 - Dry,10 - No control,04 - At/near private drive,01 - Daylight,03 - P.D. only,05 - Turning movement,Centretown West
2410,BRONSON AVE btwn HOLMWOOD AVE & FINDLAY AVE,367707.0563,5028714.603,-75.69653382,45.39554431,2016-06-09,11:37,01 - Clear,01 - Dry,10 - No control,01 - Non intersection,01 - Daylight,03 - P.D. only,04 - Sideswipe,Centretown West
2411,BRONSON AVE btwn JAMES ST & FLORENCE ST,367071.7501,5030229.056,-75.7044561,45.40922772,2016-10-05,9:08,01 - Clear,01 - Dry,10 - No control,01 - Non intersection,01 - Daylight,03 - P.D. only,04 - Sideswipe,The Glebe
2412,BRONSON AVE btwn KIPPEWA DR & FOURTH AVE,367578.6641,5029019.44,-75.69813472,45.39829867,2016-01-29,8:52,03 - Snow,02 - Wet,10 - No control,01 - Non intersection,01 - Daylight,03 - P.D. only,04 - Sideswipe,Centretown West
2413,BRONSON AVE btwn LAKESIDE AVE & LAKEVIEW TER,367662.5702,5028823.113,-75.69708812,45.39652465,2016-02-13,18:50,01 - Clear,01 - Dry,10 - No control,01 - Non intersection,07 - Dark,03 - P.D. only,04 - Sideswipe,The Glebe
2414,BRONSON AVE btwn LAKEVIEW TER & HOLMWOOD AVE,367698.2928,5028735.471,-75.69664308,45.39573286,2016-11-04,14:57,01 - Clear,01 - Dry,10 - No control,01 - Non intersection,01 - Daylight,03 - P.D. only,04 - Sideswipe,The Glebe
2415,BRONSON AVE btwn LISGAR ST & COOPER ST,366912.6005,5030605.137,-75.70644171,45.41262573,2016-08-31,17:30,01 - Clear,01 - Dry,10 - No control,01 - Non intersection,01 - Daylight,03 - P.D. only,07 - SMV other,The Glebe
2416,BRONSON AVE btwn MACLAREN ST & GILMOUR ST,367006.5053,5030385.295,-75.70526983,45.41063932,2016-08-28,10:44,01 - Clear,01 - Dry,10 - No control,01 - Non intersection,01 - Daylight,03 - P.D. only,04 - Sideswipe,Centretown West
2417,BRONSON AVE btwn MCLEOD ST & FLORA ST,367189.4312,5029943.742,-75.70298893,45.40665007,2016-06-30,13:14,01 - Clear,01 - Dry,10 - No control,04 - At/near private drive,01 - Daylight,03 - P.D. only,03 - Rear end,Centretown West
2418,BRONSON AVE btwn PLYMOUTH ST & RENFREW AVE,367319.9707,5029639.178,-75.7013601,45.40389804,2016-01-05,10:48,01 - Clear,01 - Dry,10 - No control,01 - Non intersection,01 - Daylight,03 - P.D. only,04 - Sideswipe,Centretown West
2419,BRONSON AVE btwn PLYMOUTH ST & RENFREW AVE,367325.1919,5029629.236,-75.70129467,45.40380812,2016-01-12,15:35,03 - Snow,04 - Slush,10 - No control,04 - At/near private drive,01 - Daylight,03 - P.D. only,02 - Angle,The Glebe
2420,BRONSON AVE btwn PLYMOUTH ST & RENFREW AVE,367322.3024,5029634.108,-75.70133096,45.40385222,2016-09-16,11:16,01 - Clear,01 - Dry,10 - No control,01 - Non intersection,01 - Daylight,03 - P.D. only,04 - Sideswipe,Centretown West
2421,BRONSON AVE btwn PLYMOUTH ST & RENFREW AVE,367352.9794,5029558.808,-75.70094868,45.40317195,2016-09-22,19:19,02 - Rain,02 - Wet,10 - No control,04 - At/near private drive,07 - Dark,03 - P.D. only,02 - Angle,The Glebe
2422,BRONSON AVE btwn PLYMOUTH ST & RENFREW AVE,367321.6345,5029636.562,-75.70133918,45.40387436,2016-06-08,16:15,01 - Clear,01 - Dry,10 - No control,04 - At/near private drive,01 - Daylight,03 - P.D. only,02 - Angle,The Glebe