Record,Location,X,Y,lon,lat,Date,Time,Environment,Road_Surface,Traffic_Control,Collision_Location,Light,Collision_Classification,Impact_type,Neighborhood
2423,BRONSON AVE btwn PLYMOUTH ST & RENFREW AVE,367354.7358,5029556.173,-75.70092658,45.40314808,2016-12-16,22:47,01 - Clear,01 - Dry,10 - No control,04 - At/near private drive,07 - Dark,03 - P.D. only,05 - Turning movement,The Glebe
2424,BRONSON AVE btwn POWELL AVE & CLEMOW AVE,367395.7707,5029457.597,-75.70041496,45.40225746,2016-06-07,11:49,01 - Clear,01 - Dry,10 - No control,01 - Non intersection,01 - Daylight,03 - P.D. only,04 - Sideswipe,Centretown West
2425,BRONSON AVE btwn POWELL AVE & CLEMOW AVE,367416.0999,5029408.754,-75.70016151,45.40181616,2016-10-11,9:01,01 - Clear,01 - Dry,10 - No control,01 - Non intersection,01 - Daylight,03 - P.D. only,04 - Sideswipe,The Glebe
2426,BRONSON AVE btwn RENFREW AVE & POWELL AVE,367359.1919,5029544.122,-75.70087119,45.40303925,2016-06-09,17:30,01 - Clear,01 - Dry,10 - No control,04 - At/near private drive,01 - Daylight,03 - P.D. only,02 - Angle,The Glebe
2427,BRONSON AVE btwn RENFREW AVE & POWELL AVE,367367.0299,5029526.755,-75.70077328,45.40288229,2016-01-10,18:16,02 - Rain,02 - Wet,10 - No control,01 - Non intersection,07 - Dark,03 - P.D. only,04 - Sideswipe,The Glebe
2428,BRONSON AVE btwn RENFREW AVE & POWELL AVE,367359.3682,5029544.087,-75.70086894,45.40303892,2016-01-20,14:00,01 - Clear,01 - Dry,10 - No control,04 - At/near private drive,01 - Daylight,03 - P.D. only,02 - Angle,The Glebe
2429,BRONSON AVE btwn RENFREW AVE & POWELL AVE,367359.5656,5029543.44,-75.7008665,45.40303308,2016-08-17,7:53,01 - Clear,01 - Dry,10 - No control,04 - At/near private drive,01 - Daylight,03 - P.D. only,02 - Angle,The Glebe
2430,BRONSON AVE btwn RENFREW AVE & POWELL AVE,367365.3789,5029529.487,-75.70079402,45.40290702,2016-07-11,19:43,01 - Clear,01 - Dry,10 - No control,04 - At/near private drive,01 - Daylight,03 - P.D. only,02 - Angle,The Glebe
2431,BRONSON AVE btwn RENFREW AVE & POWELL AVE,367357.9724,5029548.35,-75.70088623,45.40307741,2016-07-29,17:04,01 - Clear,01 - Dry,10 - No control,01 - Non intersection,01 - Daylight,03 - P.D. only,02 - Angle,Centretown West
2432,BRONSON AVE btwn SECOND AVE & THIRD AVE,367527.6465,5029142.689,-75.69877063,45.3994122,2016-02-07,16:09,01 - Clear,01 - Dry,10 - No control,01 - Non intersection,01 - Daylight,02 - Non-fatal injury,03 - Rear end,Centretown West
2433,BRONSON AVE btwn SECOND AVE & THIRD AVE,367530.6444,5029135.134,-75.6987333,45.39934396,2016-05-24,18:00,01 - Clear,01 - Dry,10 - No control,01 - Non intersection,01 - Daylight,03 - P.D. only,04 - Sideswipe,The Glebe
2434,BRONSON AVE btwn SECOND AVE & THIRD AVE,367528.7438,5029139.858,-75.69875697,45.39938663,2016-07-22,10:00,01 - Clear,01 - Dry,10 - No control,01 - Non intersection,01 - Daylight,03 - P.D. only,03 - Rear end,The Glebe
2435,BRONSON AVE btwn SOMERSET ST W & MACLAREN ST,366971.8673,5030466.254,-75.7057021,45.41137084,2016-08-14,14:49,01 - Clear,01 - Dry,10 - No control,04 - At/near private drive,01 - Daylight,03 - P.D. only,05 - Turning movement,The Glebe
2436,BRONSON AVE btwn SOMERSET ST W & MACLAREN ST,366987.0155,5030430.469,-75.7055131,45.41104751,2016-08-19,10:57,01 - Clear,01 - Dry,10 - No control,01 - Non intersection,01 - Daylight,03 - P.D. only,04 - Sideswipe,Chinatown
2437,BRONSON AVE btwn SOMERSET ST W & MACLAREN ST,366973.7567,5030458.839,-75.7056789,45.41130396,2016-02-26,21:15,01 - Clear,01 - Dry,10 - No control,01 - Non intersection,07 - Dark,03 - P.D. only,01 - Approaching,Chinatown
2438,BRONSON AVE btwn UNIVERSITY RD & BREWER WAY,367927.4292,5028082.558,-75.6938003,45.38983752,2016-05-06,16:43,01 - Clear,01 - Dry,10 - No control,01 - Non intersection,01 - Daylight,02 - Non-fatal injury,03 - Rear end,Chinatown
2439,BRONSON AVE btwn UNIVERSITY RD & BREWER WAY,368014.4587,5027938.367,-75.69270743,45.38853228,2016-01-04,23:25,01 - Clear,01 - Dry,10 - No control,01 - Non intersection,07 - Dark,03 - P.D. only,07 - SMV other,Carleto
2440,BRONSON AVE btwn UNIVERSITY RD & BREWER WAY,368023.9176,5027918.331,-75.69258921,45.38835115,2016-01-19,14:40,01 - Clear,02 - Wet,10 - No control,01 - Non intersection,01 - Daylight,03 - P.D. only,07 - SMV other,Carleto
2441,BRONSON AVE RAMP 34 btwn BRONSON AVE & BRONSON AVE RAMPS 35 & 36,368624.1134,5026801.058,-75.68506955,45.37824381,2016-05-30,14:11,01 - Clear,01 - Dry,10 - No control,01 - Non intersection,01 - Daylight,02 - Non-fatal injury,07 - SMV other,Carleto
2442,BRONSON AVE RAMP 52 btwn HERON RD EB & BRONSON AVE RAMP 62,368876.5035,5026636.25,-75.68186865,45.37673788,2016-02-26,9:09,01 - Clear,06 - Ice,10 - No control,01 - Non intersection,01 - Daylight,02 - Non-fatal injury,04 - Sideswipe,Riverside Park
2443,BRONSON AVE RAMP 52 btwn HERON RD EB & BRONSON AVE RAMP 62,368712.7469,5026694.14,-75.6839518,45.37727372,2016-09-18,10:16,01 - Clear,01 - Dry,10 - No control,01 - Non intersection,01 - Daylight,02 - Non-fatal injury,02 - Angle,Alta Vista
2444,BRONSON AVE/BRONSON/HERON RAMP 35 @ HERON RD,368642.0159,5026698.153,-75.68485429,45.37731627,2016-10-18,8:20,02 - Rain,02 - Wet,01 - Traffic signal,02 - Intersection related,01 - Daylight,03 - P.D. only,03 - Rear end,Alta Vista
2445,BRONSON AVE/BRONSON/HERON RAMP 35 @ HERON RD,368643.1584,5026697.931,-75.68483973,45.37731417,2016-08-11,16:40,01 - Clear,01 - Dry,01 - Traffic signal,02 - Intersection related,01 - Daylight,03 - P.D. only,03 - Rear end,Riverside Park
2446,BRONSON AVE/BRONSON/HERON RAMP 35 @ HERON RD,368640.9989,5026697.892,-75.68486731,45.37731402,2016-07-28,11:50,01 - Clear,01 - Dry,01 - Traffic signal,02 - Intersection related,01 - Daylight,03 - P.D. only,03 - Rear end,Riverside Park
2447,BRONSON AVE/BRONSON/HERON RAMP 35 @ HERON RD,368641.1174,5026697.085,-75.6848659,45.37730675,2016-07-28,8:10,01 - Clear,01 - Dry,01 - Traffic signal,02 - Intersection related,01 - Daylight,03 - P.D. only,03 - Rear end,Riverside Park
2448,BRONSON PL @ BRONSON AVE NB OFFRAMP 24,367839.6784,5028398.962,-75.69488043,45.39269234,2016-11-18,13:03,01 - Clear,01 - Dry,03 - Yield sign,03 - At intersection,01 - Daylight,03 - P.D. only,02 - Angle,Riverside Park
2449,BRONSON PL @ COLONEL BY DR,367809.3711,5028522.758,-75.69525166,45.39380894,2016-05-16,7:55,01 - Clear,01 - Dry,02 - Stop sign,02 - Intersection related,01 - Daylight,03 - P.D. only,03 - Rear end,Old Ottawa South
2450,BRONSON PL @ COLONEL BY DR,367809.0382,5028523.578,-75.6952558,45.39381635,2016-06-03,16:09,01 - Clear,01 - Dry,02 - Stop sign,02 - Intersection related,01 - Daylight,03 - P.D. only,03 - Rear end,Old Ottawa South
2451,BRONSON PL @ COLONEL BY DR,367809.5394,5028521.139,-75.69524971,45.39379436,2016-09-20,17:36,01 - Clear,01 - Dry,02 - Stop sign,02 - Intersection related,01 - Daylight,03 - P.D. only,03 - Rear end,Old Ottawa South
2452,BRONSON PL @ COLONEL BY DR,367808.8745,5028521.765,-75.69525813,45.39380005,2016-09-05,8:25,01 - Clear,01 - Dry,02 - Stop sign,02 - Intersection related,01 - Daylight,03 - P.D. only,05 - Turning movement,Old Ottawa South
2453,BRONSON/HERON RAMP 42/BRONSON/HERON RAMP 52 @ ,368752.3288,5026892.813,-75.68342073,45.37905771,2016-03-04,11:31,01 - Clear,01 - Dry,02 - Stop sign,02 - Intersection related,01 - Daylight,02 - Non-fatal injury,03 - Rear end,Old Ottawa South
2454,BRONSON/HERON RAMP 42/BRONSON/HERON RAMP 52 @ ,368751.0561,5026891.64,-75.68343713,45.37904727,2016-01-07,14:27,01 - Clear,01 - Dry,02 - Stop sign,02 - Intersection related,01 - Daylight,03 - P.D. only,03 - Rear end,Alta Vista
2455,BRONSON/HERON RAMP 42/BRONSON/HERON RAMP 52 @ ,368751.885,5026892.254,-75.68342647,45.37905272,2016-01-25,17:19,01 - Clear,01 - Dry,02 - Stop sign,02 - Intersection related,05 - Dusk,03 - P.D. only,03 - Rear end,Alta Vista
2456,BRONSON/HERON RAMP 42/BRONSON/HERON RAMP 52 @ ,368752.5651,5026894.028,-75.68341755,45.37906862,2016-01-06,18:43,01 - Clear,01 - Dry,02 - Stop sign,02 - Intersection related,07 - Dark,03 - P.D. only,03 - Rear end,Alta Vista
2457,BROOK LANE btwn OAKRIDGE BLVD & OAKRIDGE BLVD,363648.6756,5022920.784,-75.74905414,45.34376515,2016-09-15,12:15,01 - Clear,01 - Dry,10 - No control,04 - At/near private drive,01 - Daylight,03 - P.D. only,02 - Angle,Alta Vista
2458,BROOKFIELD RD @ 200 W OF FLANNERY DR,368511.5821,5026257.204,-75.68657641,45.37336061,2016-10-12,17:23,01 - Clear,01 - Dry,01 - Traffic signal,03 - At intersection,01 - Daylight,03 - P.D. only,02 - Angle,Crestview - Meadowlands
2459,BROOKFIELD RD btwn RIVERSIDE DR/HOG'S BACK RD & 200 W OF FLANNERY DR,368484.6485,5026256.644,-75.68692031,45.37335802,2016-05-05,12:15,01 - Clear,01 - Dry,10 - No control,04 - At/near private drive,01 - Daylight,02 - Non-fatal injury,07 - SMV other,Riverside Park
2460,BROOKFIELD RD btwn RIVERSIDE DR/HOG'S BACK RD & 200 W OF FLANNERY DR,368182.8256,5026222.78,-75.69077773,45.37308068,2016-07-13,6:30,01 - Clear,01 - Dry,10 - No control,01 - Non intersection,01 - Daylight,03 - P.D. only,04 - Sideswipe,Riverside Park
2461,BROOKSTONE ST @ WATERBRIDGE DR,367142.2105,5015961.531,-75.70535425,45.28084495,2016-10-10,11:32,01 - Clear,01 - Dry,02 - Stop sign,02 - Intersection related,01 - Daylight,03 - P.D. only,05 - Turning movement,Riverside Park
2462,BROOKSTONE ST/HATHAWAY DR @ CRESTHAVEN DR,366779.9935,5015698.383,-75.71000367,45.27850919,2016-06-19,15:03,01 - Clear,01 - Dry,02 - Stop sign,03 - At intersection,01 - Daylight,03 - P.D. only,02 - Angle,Chapman Mills - Rideau Crest - Davidson Heights
2463,BROPHY DR @ FOURTH LINE RD,360737.958,5005671.337,-75.78813644,45.18879093,2016-08-12,16:22,01 - Clear,02 - Wet,02 - Stop sign,03 - At intersection,01 - Daylight,02 - Non-fatal injury,02 - Angle,Chapman Mills - Rideau Crest - Davidson Heights
2464,BROPHY DR @ HWY 416 BANKFIEL IC57R34,364561.9715,5007931.741,-75.7392054,45.20881664,2016-10-20,11:44,01 - Clear,02 - Wet,02 - Stop sign,02 - Intersection related,01 - Daylight,03 - P.D. only,02 - Angle,Munster Hamlet - Richmond
2465,BROPHY DR btwn MOODIE DR & WILLIAM MCEWEN DR,363786.3802,5007474.43,-75.74913228,45.20476704,2016-11-19,14:46,01 - Clear,01 - Dry,10 - No control,04 - At/near private drive,01 - Daylight,02 - Non-fatal injury,03 - Rear end,Manotick - North Gower
2466,BRUIN RD @ CEDARVIEW RD,359230.5254,5020935.789,-75.80564648,45.32626084,2016-10-22,12:45,01 - Clear,01 - Dry,02 - Stop sign,02 - Intersection related,01 - Daylight,03 - P.D. only,03 - Rear end,Manotick - North Gower
2467,BRUNEL ST @ MONTREAL RD,372824.6607,5034415.872,-75.63039047,45.44636315,2016-11-17,14:47,01 - Clear,01 - Dry,02 - Stop sign,02 - Intersection related,01 - Daylight,02 - Non-fatal injury,03 - Rear end,Greenbelt
2468,BRUYERE ST @ DALHOUSIE ST,367827.8163,5032851.739,-75.69446252,45.43275808,2016-01-20,10:35,01 - Clear,01 - Dry,01 - Traffic signal,02 - Intersection related,01 - Daylight,03 - P.D. only,03 - Rear end,Carson Grove - Carson Meadows
2469,BRUYERE ST @ SUSSEX DR,367538.515,5032668.579,-75.69818295,45.43113608,2016-02-09,9:13,03 - Snow,03 - Loose snow,01 - Traffic signal,03 - At intersection,01 - Daylight,03 - P.D. only,02 - Angle,Lower Town
2470,BRUYERE ST @ SUSSEX DR,367537.9965,5032669.085,-75.69818951,45.43114068,2016-06-22,15:21,01 - Clear,01 - Dry,01 - Traffic signal,02 - Intersection related,01 - Daylight,03 - P.D. only,04 - Sideswipe,Byward Market - Parliament Hill
2471,BRUYERE ST btwn DALHOUSIE ST & CUMBERLAND ST,367837.1473,5032858.397,-75.69434242,45.43281715,2016-09-26,9:52,01 - Clear,01 - Dry,10 - No control,01 - Non intersection,01 - Daylight,02 - Non-fatal injury,07 - SMV other,Byward Market - Parliament Hill
2472,BRUYERE ST btwn DALHOUSIE ST & CUMBERLAND ST,367912.0911,5032905.301,-75.69337867,45.43323241,2016-03-24,0:00,01 - Clear,05 - Packed snow,10 - No control,01 - Non intersection,00 - Unknown,03 - P.D. only,06 - SMV unattended vehicle,Lower Town
2473,BRUYERE ST btwn DALHOUSIE ST & CUMBERLAND ST,367845.9266,5032861.115,-75.69422988,45.43284081,2016-10-26,13:30,01 - Clear,01 - Dry,10 - No control,01 - Non intersection,01 - Daylight,03 - P.D. only,06 - SMV unattended vehicle,Lower Town
2474,BRUYERE ST btwn PARENT AVE & DALHOUSIE ST,367703.4441,5032774.149,-75.69606183,45.43207115,2016-12-08,14:00,01 - Clear,01 - Dry,10 - No control,01 - Non intersection,01 - Daylight,03 - P.D. only,06 - SMV unattended vehicle,Lower Town
2475,BRUYERE ST btwn SUSSEX DR & PARENT AVE,367627.2105,5032723.21,-75.69704254,45.43161967,2016-03-19,14:46,01 - Clear,01 - Dry,10 - No control,01 - Non intersection,01 - Daylight,02 - Non-fatal injury,07 - SMV other,Lower Town
2476,BUCHANAN CRES W @ QUINCY AVE W,374364.32,5035925.414,-75.61049672,45.45979361,2016-08-14,17:12,01 - Clear,01 - Dry,02 - Stop sign,03 - At intersection,01 - Daylight,03 - P.D. only,02 - Angle,Lower Town
2477,BUCKLAND RD btwn ST. JULIE ST & ROCKDALE RD,394647.8064,5024604.766,-75.3532458,45.35563039,2016-03-01,16:23,03 - Snow,05 - Packed snow,10 - No control,01 - Non intersection,01 - Daylight,03 - P.D. only,06 - SMV unattended vehicle,Beacon Hill North
2478,BUELL ST btwn KIRKWOOD AVE & WESTVIEW AVE,364160.8879,5027867.137,-75.7419243,45.38822858,2016-05-20,16:51,01 - Clear,01 - Dry,10 - No control,04 - At/near private drive,01 - Daylight,02 - Non-fatal injury,07 - SMV other,Navan - Vars
2479,BUNCHBERRY WAY @ FINDLAY CREEK DR,374327.3279,5019387.186,-75.61329923,45.31099402,2016-02-13,10:08,01 - Clear,06 - Ice,02 - Stop sign,02 - Intersection related,01 - Daylight,03 - P.D. only,07 - SMV other,Westboro
2480,BUNCHBERRY WAY @ FINDLAY CREEK DR,374327.3279,5019387.186,-75.61329923,45.31099402,2016-12-28,12:30,03 - Snow,03 - Loose snow,02 - Stop sign,02 - Intersection related,01 - Daylight,03 - P.D. only,03 - Rear end,Glen Cairn - Kanata South Business Park
2481,BUNCHBERRY WAY btwn ROCKROSE WAY & WILLOWMERE WAY,374020.7176,5019773.803,-75.61715504,45.31450295,2016-02-17,8:25,01 - Clear,03 - Loose snow,10 - No control,04 - At/near private drive,01 - Daylight,03 - P.D. only,02 - Angle,Greenbelt
2482,BUNCHBERRY WAY btwn ROCKROSE WAY & WILLOWMERE WAY,374020.7176,5019773.803,-75.61715504,45.31450295,2016-04-11,0:00,03 - Snow,03 - Loose snow,10 - No control,01 - Non intersection,00 - Unknown,03 - P.D. only,06 - SMV unattended vehicle,Greenbelt
2483,BURKE RD @ CARLING AVE,352830.7997,5022661.084,-75.88711337,45.34225247,2016-10-26,19:43,01 - Clear,01 - Dry,02 - Stop sign,02 - Intersection related,07 - Dark,03 - P.D. only,07 - SMV other,Greenbelt
2484,BURLAND ST @ CARLING AVE,359279.499,5024164.927,-75.80466621,45.3553129,2016-12-22,16:09,01 - Clear,02 - Wet,02 - Stop sign,02 - Intersection related,05 - Dusk,03 - P.D. only,04 - Sideswipe,Greenbelt
2485,BURLINGTON CRES btwn HUNTERSFIELD DR & HUNTERSFIELD DR,373400.1898,5025223.264,-75.62431282,45.36359613,2016-04-10,11:50,01 - Clear,01 - Dry,10 - No control,04 - At/near private drive,01 - Daylight,03 - P.D. only,02 - Angle,Greenbelt
2486,BURMA RD btwn PROVENDER AVE & MONTREAL RD,373196.9445,5034685.403,-75.62559438,45.44875192,2016-06-30,23:04,01 - Clear,01 - Dry,10 - No control,01 - Non intersection,07 - Dark,03 - P.D. only,06 - SMV unattended vehicle,Bayshore
2487,BURNABY DR btwn ROSEHILL AVE & ETESIAN ST,350242.6387,5016317.798,-75.92071911,45.28534632,2016-06-25,8:00,01 - Clear,01 - Dry,10 - No control,01 - Non intersection,01 - Daylight,03 - P.D. only,06 - SMV unattended vehicle,Greenboro East
2488,BURNABY DR btwn ROSEHILL AVE & ETESIAN ST,350242.8394,5016317.392,-75.92071659,45.28534265,2016-07-31,0:00,01 - Clear,01 - Dry,10 - No control,01 - Non intersection,00 - Unknown,03 - P.D. only,06 - SMV unattended vehicle,Gloucester
2489,BURNSIDE AVE @ HINCHEY AVE,364937.5284,5030164.124,-75.73172696,45.40883012,2016-08-13,15:49,99 - Other,02 - Wet,02 - Stop sign,03 - At intersection,01 - Daylight,03 - P.D. only,02 - Angle,Stittsville
2490,BURRIS LANE @ MERIVALE RD,364879.0501,5025067.106,-75.73309438,45.36297315,2016-10-20,12:43,02 - Rain,02 - Wet,01 - Traffic signal,02 - Intersection related,01 - Daylight,02 - Non-fatal injury,03 - Rear end,Stittsville
2491,BURTON RD btwn Continuation of BURTON RD & Continuation of BURTON RD (,392522.3748,5021119.864,-75.38098591,45.32454596,2016-09-01,5:47,01 - Clear,01 - Dry,10 - No control,01 - Non intersection,07 - Dark,02 - Non-fatal injury,07 - SMV other,Mechanicsville
2492,BURTON RD btwn FRONTIER RD & TO BE DETERMINED,390470.1555,5020337.709,-75.40729511,45.31776231,2016-06-30,18:23,01 - Clear,01 - Dry,10 - No control,01 - Non intersection,01 - Daylight,02 - Non-fatal injury,07 - SMV other,Cityview - Skyline - Fisher Heights
2493,BURTON RD btwn FRONTIER RD & TO BE DETERMINED,390323.5824,5020359.96,-75.40916044,45.31798037,2016-03-24,13:56,04 - Freezing Rain,06 - Ice,10 - No control,01 - Non intersection,01 - Daylight,03 - P.D. only,07 - SMV other,Cumberland
2494,BUTTERFLY WALK btwn CONTOUR ST & MORNINGSTAR WAY,381734.3891,5032988.197,-75.51672988,45.43259422,2016-02-13,20:50,01 - Clear,05 - Packed snow,10 - No control,01 - Non intersection,07 - Dark,03 - P.D. only,06 - SMV unattended vehicle,Navan - Vars
2495,BY WARD MARKET SQ btwn CLARENCE ST & YORK ST,367896.1746,5032394.608,-75.69364751,45.42863881,2016-06-07,23:51,01 - Clear,01 - Dry,10 - No control,01 - Non intersection,07 - Dark,03 - P.D. only,06 - SMV unattended vehicle,Navan - Vars
2496,BY WARD MARKET SQ btwn YORK ST & GEORGE ST,367947.0645,5032323.062,-75.69300639,45.42799047,2016-09-21,10:20,01 - Clear,01 - Dry,10 - No control,01 - Non intersection,01 - Daylight,03 - P.D. only,06 - SMV unattended vehicle,Chapel Hill South
2497,BY WARD MARKET SQ btwn YORK ST & GEORGE ST,367977.3333,5032278.101,-75.69262537,45.42758319,2016-04-21,13:00,01 - Clear,01 - Dry,10 - No control,01 - Non intersection,01 - Daylight,03 - P.D. only,06 - SMV unattended vehicle,Byward Market
2498,BYRON AVE @ CHURCHILL AVE,363272.7396,5028179.769,-75.75322849,45.3911163,2016-03-26,12:30,01 - Clear,01 - Dry,01 - Traffic signal,02 - Intersection related,01 - Daylight,03 - P.D. only,03 - Rear end,Byward Market
2499,BYRON AVE @ CHURCHILL AVE,363274.8882,5028180.602,-75.75320095,45.39112362,2016-06-11,9:49,02 - Rain,02 - Wet,01 - Traffic signal,03 - At intersection,01 - Daylight,03 - P.D. only,05 - Turning movement,Byward Market
2500,BYRON AVE @ EDEN AVE,363390.674,5028214.682,-75.7517183,45.39142059,2016-11-18,14:44,01 - Clear,01 - Dry,02 - Stop sign,03 - At intersection,01 - Daylight,02 - Non-fatal injury,05 - Turning movement,Westboro
2501,BYRON AVE @ HOLLAND AVE,365014.3097,5028958.556,-75.73089335,45.39797609,2016-07-14,16:02,01 - Clear,01 - Dry,02 - Stop sign,02 - Intersection related,01 - Daylight,03 - P.D. only,05 - Turning movement,Westboro
2502,BYRON AVE @ HOLLAND AVE,365013.5639,5028959.01,-75.73090282,45.39798024,2016-07-28,0:02,01 - Clear,01 - Dry,02 - Stop sign,03 - At intersection,07 - Dark,03 - P.D. only,07 - SMV other,Westboro
2503,BYRON AVE @ HOLLAND AVE,365012.2158,5028957.313,-75.73092025,45.39796508,2016-12-01,15:30,02 - Rain,02 - Wet,02 - Stop sign,02 - Intersection related,01 - Daylight,03 - P.D. only,04 - Sideswipe,Island Park
2504,BYRON AVE @ ISLAND PARK DR,364256.2951,5028603.103,-75.74061732,45.39484257,2016-11-22,12:49,01 - Clear,01 - Dry,01 - Traffic signal,02 - Intersection related,01 - Daylight,03 - P.D. only,03 - Rear end,Island Park
2505,BYRON AVE @ KIRKWOOD AVE,363868.2974,5028430.216,-75.74559314,45.3933198,2016-10-03,14:22,01 - Clear,01 - Dry,01 - Traffic signal,02 - Intersection related,01 - Daylight,03 - P.D. only,03 - Rear end,Island Park
2506,BYRON AVE @ KIRKWOOD AVE,363866.691,5028431.822,-75.74561346,45.39333439,2016-08-15,10:18,01 - Clear,01 - Dry,01 - Traffic signal,02 - Intersection related,01 - Daylight,03 - P.D. only,03 - Rear end,Island Park
2507,BYRON AVE @ SHERBOURNE RD,361905.3466,5027047.864,-75.77082136,45.38104438,2016-09-01,7:37,01 - Clear,01 - Dry,02 - Stop sign,02 - Intersection related,01 - Daylight,02 - Non-fatal injury,07 - SMV other,Westboro
2508,BYRON AVE @ TWEEDSMUIR AVE,363592.9174,5028304.553,-75.7491249,45.39221228,2016-07-20,10:41,01 - Clear,01 - Dry,02 - Stop sign,03 - At intersection,01 - Daylight,02 - Non-fatal injury,02 - Angle,Westboro
2509,BYRON AVE @ TWEEDSMUIR AVE,363592.4706,5028304.333,-75.74913063,45.39221034,2016-11-25,17:23,02 - Rain,02 - Wet,02 - Stop sign,03 - At intersection,07 - Dark,03 - P.D. only,02 - Angle,Carlingwood - McKellar Park - Laurentien View
2510,BYRON AVE btwn COMPTON AVE & WOODROFFE AVE,361584.2766,5026606.813,-75.7749715,45.37710195,2016-08-20,0:00,01 - Clear,01 - Dry,10 - No control,01 - Non intersection,00 - Unknown,03 - P.D. only,06 - SMV unattended vehicle,Westboro
2511,BYRON AVE btwn HARMER AVE N & HOLLAND AVE,364969.1517,5028938.266,-75.73147257,45.3977974,2016-11-04,12:09,01 - Clear,01 - Dry,10 - No control,01 - Non intersection,01 - Daylight,02 - Non-fatal injury,03 - Rear end,Westboro
2512,BYRON AVE btwn HILLCREST AVE & BROADVIEW AVE,362685.117,5027822.107,-75.7607745,45.38794693,2016-11-17,3:46,01 - Clear,01 - Dry,10 - No control,01 - Non intersection,07 - Dark,03 - P.D. only,07 - SMV other,Carlingwood West - Glabar Park - McKellar Heights
2513,BYRON AVE btwn WOODROFFE AVE & LOCKHART AVE,361619.2178,5026655.596,-75.77451979,45.37753806,2016-11-22,4:18,03 - Snow,03 - Loose snow,10 - No control,01 - Non intersection,07 - Dark,03 - P.D. only,06 - SMV unattended vehicle,Island Park
2514,BYWARD MARKET @ YORK ST,367945.383,5032329.5,-75.69302705,45.42804855,2016-08-09,12:37,01 - Clear,01 - Dry,02 - Stop sign,02 - Intersection related,01 - Daylight,03 - P.D. only,05 - Turning movement,Carlingwood - McKellar Park - Laurentien View
2515,CABOT ST @ PLEASANT PARK RD,369684.3374,5028424.424,-75.67132022,45.39275295,2016-08-16,8:45,01 - Clear,01 - Dry,02 - Stop sign,02 - Intersection related,01 - Daylight,03 - P.D. only,03 - Rear end,Carlingwood - McKellar Park - Laurentien View
2516,CADBORO RD @ OGILVIE RD,373600.43,5032664.245,-75.62071924,45.43052701,2016-07-13,16:56,01 - Clear,01 - Dry,01 - Traffic signal,02 - Intersection related,01 - Daylight,03 - P.D. only,03 - Rear end,Byward Market
2517,CADBORO RD @ OGILVIE RD,373602.0998,5032663.415,-75.62069802,45.43051938,2016-02-24,14:50,03 - Snow,06 - Ice,01 - Traffic signal,03 - At intersection,01 - Daylight,03 - P.D. only,03 - Rear end,Alta Vista
2518,CAESAR AVE E @ CLEOPATRA DR E,365794.4952,5021032.682,-75.72190734,45.32659296,2016-02-19,16:30,03 - Snow,02 - Wet,03 - Yield sign,03 - At intersection,01 - Daylight,03 - P.D. only,02 - Angle,Industrial Park
2519,CAHILL DR    W btwn UPLANDS DR & TWYFORD ST,370210.3866,5023360.336,-75.66527296,45.34713895,2016-04-06,0:00,02 - Rain,02 - Wet,10 - No control,01 - Non intersection,00 - Unknown,03 - P.D. only,06 - SMV unattended vehicle,Industrial Park
2520,CAHILL DR @ CUTTS PRIV,372000.1188,5024835.365,-75.64223556,45.36024156,2016-09-19,13:30,01 - Clear,01 - Dry,10 - No control,02 - Intersection related,01 - Daylight,03 - P.D. only,05 - Turning movement,Merivale Gardens - Grenfell Glen - Pineglen - Country Place
2521,CAHILL DR @ HUNT CLUB RD,372407.962,5024541.6,-75.63707049,45.35755916,2016-08-09,17:46,01 - Clear,01 - Dry,01 - Traffic signal,03 - At intersection,01 - Daylight,02 - Non-fatal injury,05 - Turning movement,Hunt Club East - Western Community
2522,CAHILL DR @ HUNT CLUB RD,372407.3441,5024541.728,-75.63707835,45.35756037,2016-06-09,12:22,01 - Clear,01 - Dry,01 - Traffic signal,03 - At intersection,01 - Daylight,02 - Non-fatal injury,05 - Turning movement,Greenboro East
2523,CAHILL DR @ HUNT CLUB RD,372407.7347,5024541.267,-75.63707343,45.35755619,2016-10-10,16:21,01 - Clear,01 - Dry,01 - Traffic signal,02 - Intersection related,01 - Daylight,02 - Non-fatal injury,03 - Rear end,Greenboro East
2524,CAHILL DR @ HUNT CLUB RD,372409.391,5024540.439,-75.63705241,45.35754858,2016-09-17,23:09,02 - Rain,02 - Wet,01 - Traffic signal,02 - Intersection related,07 - Dark,02 - Non-fatal injury,03 - Rear end,Greenboro East
2525,CAHILL DR @ HUNT CLUB RD,372405.2502,5024543.752,-75.6371048,45.35757879,2016-07-20,9:30,01 - Clear,01 - Dry,01 - Traffic signal,03 - At intersection,01 - Daylight,02 - Non-fatal injury,02 - Angle,Greenboro East
2526,CAHILL DR @ HUNT CLUB RD,372407.2755,5024541.82,-75.63707922,45.35756121,2016-06-12,16:08,01 - Clear,01 - Dry,01 - Traffic signal,03 - At intersection,01 - Daylight,03 - P.D. only,02 - Angle,Greenboro East
2527,CAHILL DR @ HUNT CLUB RD,372409.8986,5024543.014,-75.63704558,45.3575717,2016-01-03,9:13,03 - Snow,03 - Loose snow,01 - Traffic signal,02 - Intersection related,01 - Daylight,03 - P.D. only,04 - Sideswipe,Greenboro East