Record,Location,X,Y,lon,lat,Date,Time,Environment,Road_Surface,Traffic_Control,Collision_Location,Light,Collision_Classification,Impact_type,Neighborhood
2528,CAHILL DR @ HUNT CLUB RD,372406.9633,5024541.848,-75.6370832,45.35756149,2016-02-17,19:19,03 - Snow,06 - Ice,01 - Traffic signal,03 - At intersection,07 - Dark,03 - P.D. only,02 - Angle,Greenboro East
2529,CAHILL DR @ HUNT CLUB RD,372406.861,5024542.098,-75.63708447,45.35756375,2016-03-10,10:20,01 - Clear,01 - Dry,01 - Traffic signal,02 - Intersection related,01 - Daylight,03 - P.D. only,03 - Rear end,Greenboro East
2530,CAHILL DR @ HUNT CLUB RD,372408.4165,5024542.509,-75.63706456,45.3575673,2016-07-16,6:59,01 - Clear,01 - Dry,01 - Traffic signal,03 - At intersection,01 - Daylight,03 - P.D. only,02 - Angle,Greenboro East
2531,CAHILL DR @ HUNT CLUB RD,372408.4165,5024542.964,-75.6370645,45.35757139,2016-07-22,13:33,01 - Clear,01 - Dry,01 - Traffic signal,02 - Intersection related,01 - Daylight,03 - P.D. only,03 - Rear end,Greenboro East
2532,CAHILL DR @ HUNT CLUB RD,372406.9065,5024541.267,-75.637084,45.35755627,2016-05-24,23:46,01 - Clear,01 - Dry,01 - Traffic signal,02 - Intersection related,07 - Dark,03 - P.D. only,02 - Angle,Greenboro East
2533,CAHILL DR @ HUNT CLUB RD,372406.0784,5024541.267,-75.63709457,45.35755635,2016-12-14,17:41,01 - Clear,01 - Dry,01 - Traffic signal,03 - At intersection,07 - Dark,03 - P.D. only,04 - Sideswipe,Greenboro East
2534,CAHILL DR @ HUNT CLUB RD,372407.5152,5024543.168,-75.63707597,45.35757331,2016-12-09,17:36,01 - Clear,01 - Dry,01 - Traffic signal,03 - At intersection,07 - Dark,03 - P.D. only,02 - Angle,Greenboro East
2535,CAHILL DR @ MCCARTHY RD,370272.0765,5023736.672,-75.66443597,45.35051936,2016-02-18,15:22,01 - Clear,02 - Wet,02 - Stop sign,03 - At intersection,01 - Daylight,03 - P.D. only,02 - Angle,Greenboro East
2536,CAHILL DR btwn SANDHAMN PRIV & VERDON PRIV,371883.9979,5024767.104,-75.64372686,45.3596385,2016-01-11,0:57,05 - Drifting Snow,06 - Ice,10 - No control,01 - Non intersection,07 - Dark,03 - P.D. only,07 - SMV other,Greenboro East
2537,CALAVERAS AVE @ LONGFIELDS DR,364358.8649,5015491.595,-75.74088539,45.27685779,2016-11-04,8:40,01 - Clear,01 - Dry,02 - Stop sign,02 - Intersection related,01 - Daylight,03 - P.D. only,03 - Rear end,Hunt Club East - Western Community
2538,CALAVERAS AVE @ PALMADEO DR,365047.6222,5015908.021,-75.73205699,45.2805461,2016-07-13,9:40,01 - Clear,01 - Dry,02 - Stop sign,03 - At intersection,01 - Daylight,03 - P.D. only,02 - Angle,Greenboro East
2539,CALAVERAS AVE btwn LONGFIELDS DR & CROXLEY WAY,364404.3565,5015519.562,-75.74030226,45.27710558,2016-01-17,18:34,03 - Snow,03 - Loose snow,10 - No control,01 - Non intersection,07 - Dark,03 - P.D. only,06 - SMV unattended vehicle,New Barrhaven
2540,CALAVERAS AVE btwn PALMADEO DR & BEATRICE DR,365163.8727,5015975.035,-75.73056719,45.28113912,2016-03-08,11:03,01 - Clear,02 - Wet,10 - No control,04 - At/near private drive,01 - Daylight,03 - P.D. only,06 - SMV unattended vehicle,New Barrhaven
2541,CALAVERAS AVE btwn PALMADEO DR & BEATRICE DR,365206.1384,5015999.686,-75.7300255,45.28135729,2016-04-06,7:20,01 - Clear,01 - Dry,10 - No control,04 - At/near private drive,01 - Daylight,03 - P.D. only,99 - Other,New Barrhaven
2542,CALDWELL AVE @ MEDFORD ST,364699.7848,5026134.303,-75.7352531,45.37259096,2016-06-24,16:44,01 - Clear,01 - Dry,02 - Stop sign,03 - At intersection,01 - Daylight,02 - Non-fatal injury,02 - Angle,New Barrhaven
2543,CALDWELL AVE @ MERIVALE RD,364907.1785,5026230.193,-75.73259385,45.37343601,2016-05-26,21:35,01 - Clear,02 - Wet,01 - Traffic signal,03 - At intersection,07 - Dark,02 - Non-fatal injury,03 - Rear end,New Barrhaven
2544,CALDWELL AVE @ MERIVALE RD,364906.3003,5026230.632,-75.73260501,45.37344003,2016-02-20,12:45,02 - Rain,02 - Wet,01 - Traffic signal,03 - At intersection,01 - Daylight,03 - P.D. only,05 - Turning movement,Carlington
2545,CALDWELL AVE @ MERIVALE RD,364908.5344,5026230.867,-75.73257646,45.37344196,2016-07-19,13:53,01 - Clear,01 - Dry,01 - Traffic signal,02 - Intersection related,01 - Daylight,03 - P.D. only,03 - Rear end,Civic Hospital - Experimental Farm - Central Park
2546,CALDWELL AVE @ MERIVALE RD,364908.3165,5026230.642,-75.73257927,45.37343995,2016-04-19,15:22,01 - Clear,01 - Dry,01 - Traffic signal,02 - Intersection related,01 - Daylight,03 - P.D. only,03 - Rear end,Civic Hospital - Experimental Farm - Central Park
2547,CALDWELL AVE @ MERIVALE RD,364906.9388,5026230.642,-75.73259685,45.37344007,2016-03-04,17:07,01 - Clear,03 - Loose snow,01 - Traffic signal,02 - Intersection related,01 - Daylight,03 - P.D. only,03 - Rear end,Civic Hospital - Experimental Farm - Central Park
2548,CALDWELL AVE btwn MEDFORD ST & MERIVALE RD,364702.6792,5026135.631,-75.73521599,45.37260267,2016-09-12,7:36,01 - Clear,01 - Dry,10 - No control,01 - Non intersection,01 - Daylight,03 - P.D. only,06 - SMV unattended vehicle,Civic Hospital - Experimental Farm - Central Park
2549,CALDWELL AVE btwn MEDFORD ST & MERIVALE RD,364710.1734,5026137.69,-75.73512007,45.37262055,2016-06-27,13:22,01 - Clear,01 - Dry,10 - No control,04 - At/near private drive,01 - Daylight,03 - P.D. only,04 - Sideswipe,Civic Hospital - Experimental Farm - Central Park
2550,CALDWELL AVE btwn MEDFORD ST & MERIVALE RD,364720.32,5026140.621,-75.73499018,45.37264606,2016-05-31,19:45,01 - Clear,01 - Dry,10 - No control,01 - Non intersection,01 - Daylight,03 - P.D. only,06 - SMV unattended vehicle,Carlington
2551,CALDWELL AVE btwn MEDFORD ST & MERIVALE RD,364707.3286,5026136.603,-75.73515651,45.37261101,2016-12-24,12:18,01 - Clear,02 - Wet,10 - No control,01 - Non intersection,01 - Daylight,03 - P.D. only,06 - SMV unattended vehicle,Carlington
2552,CALDWELL AVE btwn MORISSET AVE & MEDFORD ST,364433.7439,5026116.092,-75.73865157,45.37244979,2016-02-11,15:05,01 - Clear,02 - Wet,10 - No control,04 - At/near private drive,01 - Daylight,03 - P.D. only,02 - Angle,Carlington
2553,CALDWELL AVE btwn MORISSET AVE & MEDFORD ST,364409.8101,5026150.609,-75.73895294,45.37276241,2016-02-18,17:28,01 - Clear,06 - Ice,10 - No control,04 - At/near private drive,05 - Dusk,03 - P.D. only,02 - Angle,Carlington
2554,CALDWELL AVE btwn MORISSET AVE & MEDFORD ST,364415.3505,5026144.856,-75.7388829,45.37271017,2016-12-06,10:32,01 - Clear,04 - Slush,10 - No control,01 - Non intersection,01 - Daylight,03 - P.D. only,06 - SMV unattended vehicle,Carlington
2555,CALICO CRES btwn SCALA AVE & SCALA AVE,385788.6518,5036412.591,-75.46435844,45.46294588,2016-10-11,8:03,01 - Clear,01 - Dry,10 - No control,04 - At/near private drive,01 - Daylight,03 - P.D. only,02 - Angle,Carlington
2556,CAMBRIAN RD @ CEDARVIEW RD,363002.0128,5011834.183,-75.75860629,45.24406181,2016-06-23,17:10,01 - Clear,01 - Dry,02 - Stop sign,02 - Intersection related,01 - Daylight,02 - Non-fatal injury,03 - Rear end,Carlington
2557,CAMBRIAN RD @ CEDARVIEW RD,363002.6714,5011835.645,-75.75859773,45.24407491,2016-07-29,3:27,"07 - Fog, mist, smoke, dust",01 - Dry,02 - Stop sign,02 - Intersection related,07 - Dark,03 - P.D. only,03 - Rear end,Notting Hill
2558,CAMBRIAN RD @ CEDARVIEW RD,363001.9896,5011835.311,-75.75860645,45.24407196,2016-07-22,20:56,02 - Rain,02 - Wet,02 - Stop sign,02 - Intersection related,05 - Dusk,03 - P.D. only,07 - SMV other,Munster Hamlet - Richmond
2559,CAMBRIAN RD @ CEDARVIEW RD,363001.5737,5011833.305,-75.75861198,45.24405394,2016-12-11,9:30,01 - Clear,06 - Ice,02 - Stop sign,03 - At intersection,01 - Daylight,03 - P.D. only,07 - SMV other,Munster Hamlet - Richmond
2560,CAMBRIAN RD @ GRAND CANAL ST,364186.2637,5012513.461,-75.74344113,45.25007507,2016-07-26,18:10,01 - Clear,01 - Dry,02 - Stop sign,03 - At intersection,01 - Daylight,03 - P.D. only,05 - Turning movement,Munster Hamlet - Richmond
2561,CAMBRIAN RD @ GREENBANK RD,364764.0269,5012873.081,-75.73603792,45.25326195,2016-02-12,18:18,03 - Snow,04 - Slush,11 - Roundabout,03 - At intersection,07 - Dark,03 - P.D. only,07 - SMV other,Munster Hamlet - Richmond
2562,CAMBRIAN RD @ GREENBANK RD,364764.9095,5012873.094,-75.73602667,45.25326199,2016-03-13,15:45,01 - Clear,01 - Dry,11 - Roundabout,03 - At intersection,01 - Daylight,03 - P.D. only,03 - Rear end,New Barrhaven
2563,CAMBRIAN RD @ GREENBANK RD,364764.0136,5012873.094,-75.73603808,45.25326207,2016-04-05,8:27,01 - Clear,01 - Dry,11 - Roundabout,03 - At intersection,01 - Daylight,03 - P.D. only,03 - Rear end,New Barrhaven
2564,CAMBRIAN RD @ GREENBANK RD,364765.5137,5012872.837,-75.736019,45.25325962,2016-12-28,17:35,03 - Snow,04 - Slush,11 - Roundabout,03 - At intersection,07 - Dark,03 - P.D. only,02 - Angle,New Barrhaven
2565,CAMBRIAN RD @ KILBIRNIE DR/TUCANA WAY,365113.837,5013068.716,-75.73155788,45.25499238,2016-03-10,8:31,01 - Clear,02 - Wet,02 - Stop sign,03 - At intersection,01 - Daylight,03 - P.D. only,02 - Angle,New Barrhaven
2566,CAMBRIAN RD @ MOODIE DR,361122.4377,5010805.383,-75.78266343,45.23495742,2016-07-16,12:21,01 - Clear,01 - Dry,02 - Stop sign,03 - At intersection,01 - Daylight,03 - P.D. only,02 - Angle,New Barrhaven
2567,CAMBRIAN RD btwn BORRISOKANE RD & GRAND CANAL ST,363437.3586,5012083.228,-75.75303183,45.2462666,2016-01-30,4:40,03 - Snow,03 - Loose snow,10 - No control,01 - Non intersection,07 - Dark,02 - Non-fatal injury,07 - SMV other,New Barrhaven
2568,CAMBRIAN RD btwn GRAND CANAL ST & SEELEY'S BAY ST,364080.833,5012452.859,-75.74479139,45.24953866,2016-10-03,17:18,01 - Clear,01 - Dry,10 - No control,01 - Non intersection,01 - Daylight,02 - Non-fatal injury,06 - SMV unattended vehicle,Munster Hamlet - Richmond
2569,CAMBRIAN RD btwn REGATTA AVE & GREENBANK RD,364573.028,5012736.967,-75.73848746,45.25205344,2016-12-13,15:00,01 - Clear,02 - Wet,10 - No control,01 - Non intersection,01 - Daylight,03 - P.D. only,05 - Turning movement,New Barrhaven
2570,CAMBRIAN RD btwn RICHMOND RD & END,358420.3283,5009085.475,-75.81726095,45.21969226,2016-12-30,10:28,03 - Snow,06 - Ice,10 - No control,01 - Non intersection,01 - Daylight,03 - P.D. only,07 - SMV other,New Barrhaven
2571,CAMBRIDGE ST    N btwn ARLINGTON AVE & RAYMOND ST,367133.1917,5029795.987,-75.70372599,45.40532562,2016-05-13,10:30,02 - Rain,02 - Wet,10 - No control,01 - Non intersection,01 - Daylight,03 - P.D. only,06 - SMV unattended vehicle,New Barrhaven
2572,CAMBRIDGE ST    N btwn CHRISTIE ST & GLADSTONE AVE,367051.2405,5030073.686,-75.70473771,45.40783157,2016-05-22,12:09,01 - Clear,01 - Dry,10 - No control,01 - Non intersection,01 - Daylight,03 - P.D. only,06 - SMV unattended vehicle,Munster Hamlet - Richmond
2573,CAMBRIDGE ST    N btwn GLADSTONE AVE & ARLINGTON AVE,367078.5826,5029925.335,-75.70440719,45.40649432,2016-08-30,0:00,00 - Unknown,00 - Unknown,10 - No control,04 - At/near private drive,07 - Dark,03 - P.D. only,06 - SMV unattended vehicle,Centretown West
2574,CAMBRIDGE ST    N btwn LAURIER AVE W & PRIMROSE AVE,366775.1087,5030728.297,-75.70818266,45.41374608,2016-02-01,16:00,01 - Clear,01 - Dry,10 - No control,04 - At/near private drive,01 - Daylight,03 - P.D. only,04 - Sideswipe,Centretown West
2575,CAMBRIDGE ST    N btwn LAURIER AVE W & PRIMROSE AVE,366772.7995,5030732.016,-75.7082117,45.41377975,2016-08-23,16:03,01 - Clear,01 - Dry,10 - No control,01 - Non intersection,01 - Daylight,03 - P.D. only,99 - Other,Centretown West
2576,CAMBRIDGE ST    N btwn LAURIER AVE W & PRIMROSE AVE,366780.9217,5030718.25,-75.70810967,45.41365517,2016-11-04,13:49,01 - Clear,01 - Dry,10 - No control,01 - Non intersection,01 - Daylight,03 - P.D. only,06 - SMV unattended vehicle,Centretown West
2577,CAMBRIDGE ST    N btwn PRIMROSE AVE & SOMERSET ST W,366826.2542,5030602.651,-75.70754508,45.41261102,2016-02-22,19:06,01 - Clear,04 - Slush,10 - No control,01 - Non intersection,07 - Dark,03 - P.D. only,06 - SMV unattended vehicle,Centretown West
2578,CAMBRIDGE ST    N btwn PRIMROSE AVE & SOMERSET ST W,366895.3863,5030442.264,-75.70668214,45.41116178,2016-12-14,17:00,03 - Snow,04 - Slush,10 - No control,01 - Non intersection,07 - Dark,03 - P.D. only,06 - SMV unattended vehicle,Centretown West
2579,CAMBRIDGE ST @ CARLING AVE,367353.4819,5029274.556,-75.70097831,45.40061429,2016-07-12,20:54,01 - Clear,01 - Dry,02 - Stop sign,02 - Intersection related,05 - Dusk,02 - Non-fatal injury,04 - Sideswipe,Centretown West
2580,CAMBRIDGE ST @ SOMERSET ST,366897.7804,5030434.257,-75.70665256,45.41108952,2016-08-26,13:33,01 - Clear,01 - Dry,02 - Stop sign,03 - At intersection,01 - Daylight,03 - P.D. only,02 - Angle,Centretown West
2581,CAMELOT DR btwn CLEOPATRA DR & BENTLEY AVE,365565.2713,5021424.032,-75.72478319,45.33013416,2016-11-22,18:57,01 - Clear,01 - Dry,10 - No control,01 - Non intersection,07 - Dark,03 - P.D. only,06 - SMV unattended vehicle,Centretown West
2582,CAMEO DR btwn GREYROCK CRES & CASTLE HILL CRES,364115.1913,5025240.733,-75.74282329,45.36460048,2016-10-06,12:28,01 - Clear,01 - Dry,10 - No control,04 - At/near private drive,01 - Daylight,03 - P.D. only,03 - Rear end,Centretown West
2583,CAMERON AVE btwn BELLWOOD AVE & RIVERDALE AVE,369017.9006,5028305.316,-75.67984634,45.39174268,2016-10-17,0:00,01 - Clear,01 - Dry,10 - No control,01 - Non intersection,00 - Unknown,03 - P.D. only,06 - SMV unattended vehicle,Merivale Gardens - Grenfell Glen - Pineglen - Country Place
2584,CAMERON ST @ REGIONAL RD 174,389861.2431,5042618.003,-75.41121417,45.51829088,2016-02-12,14:51,02 - Rain,02 - Wet,01 - Traffic signal,02 - Intersection related,01 - Daylight,02 - Non-fatal injury,03 - Rear end,Braemar Park - Bel Air Heights - Copeland Park
2585,CAMERON ST @ REGIONAL RD 174,389861.4554,5042617.564,-75.41121153,45.51828691,2016-08-03,16:03,01 - Clear,01 - Dry,01 - Traffic signal,02 - Intersection related,01 - Daylight,03 - P.D. only,03 - Rear end,Old Ottawa South
2586,CAMERON ST @ REGIONAL RD 174,389859.6759,5042617.345,-75.41123434,45.51828515,2016-08-30,17:17,01 - Clear,01 - Dry,01 - Traffic signal,03 - At intersection,01 - Daylight,03 - P.D. only,03 - Rear end,Cumberland - Estates
2587,CAMERON ST @ REGIONAL RD 174,389860.74,5042616.51,-75.41122087,45.51827751,2016-02-10,13:43,01 - Clear,02 - Wet,01 - Traffic signal,03 - At intersection,01 - Daylight,03 - P.D. only,05 - Turning movement,Cumberland - Estates
2588,CAMERON ST @ REGIONAL RD 174,389861.447,5042617.34,-75.41121168,45.51828489,2016-04-22,16:05,01 - Clear,02 - Wet,01 - Traffic signal,02 - Intersection related,01 - Daylight,03 - P.D. only,03 - Rear end,Cumberland - Estates
2589,CAMERON ST @ REGIONAL RD 174,389860.5463,5042616.655,-75.41122332,45.51827884,2016-07-29,13:11,01 - Clear,01 - Dry,01 - Traffic signal,02 - Intersection related,01 - Daylight,03 - P.D. only,03 - Rear end,Cumberland - Estates
2590,CAMERON ST @ REGIONAL RD 174,389860.6184,5042617.969,-75.41122217,45.51829065,2016-06-03,17:46,01 - Clear,01 - Dry,01 - Traffic signal,02 - Intersection related,01 - Daylight,03 - P.D. only,03 - Rear end,Cumberland - Estates
2591,CAMERON ST btwn FERRY ROAD LANE & END,389761.9756,5042913.865,-75.41243328,45.52096479,2016-03-28,13:40,01 - Clear,01 - Dry,10 - No control,01 - Non intersection,01 - Daylight,03 - P.D. only,04 - Sideswipe,Cumberland - Estates
2592,CAMPEAU DR @ CORDILLERA ST,351451.951,5019702.761,-75.90498569,45.31572589,2016-05-05,21:27,01 - Clear,01 - Dry,02 - Stop sign,03 - At intersection,07 - Dark,02 - Non-fatal injury,07 - SMV other,Cumberland - Estates
2593,CAMPEAU DR @ GRAY CRES,352098.0576,5020078.828,-75.89670958,45.3190666,2016-02-25,19:00,03 - Snow,04 - Slush,02 - Stop sign,02 - Intersection related,07 - Dark,03 - P.D. only,03 - Rear end,Cumberland
2594,CAMPEAU DR @ HERLIHEY WAY,350509.6948,5019177.706,-75.91705135,45.31106328,2016-03-02,20:41,03 - Snow,03 - Loose snow,01 - Traffic signal,02 - Intersection related,07 - Dark,03 - P.D. only,02 - Angle,Kanata
2595,CAMPEAU DR @ HERLIHEY WAY,350507.2072,5019177.254,-75.91708311,45.31105937,2016-07-16,19:00,01 - Clear,01 - Dry,01 - Traffic signal,03 - At intersection,01 - Daylight,03 - P.D. only,02 - Angle,Kanata
2596,CAMPEAU DR @ HERLIHEY WAY,350508.1943,5019177.484,-75.9170705,45.31106138,2016-09-01,4:17,01 - Clear,01 - Dry,01 - Traffic signal,02 - Intersection related,07 - Dark,03 - P.D. only,07 - SMV other,Kanata
2597,CAMPEAU DR @ HUNTMAR DR,349065.8246,5018045.511,-75.93556563,45.30096794,2016-05-24,17:27,01 - Clear,01 - Dry,11 - Roundabout,03 - At intersection,01 - Daylight,03 - P.D. only,04 - Sideswipe,Kanata
2598,CAMPEAU DR @ HUNTMAR DR,349064.7805,5018039.64,-75.93557947,45.30091517,2016-09-12,18:14,01 - Clear,01 - Dry,11 - Roundabout,03 - At intersection,01 - Daylight,03 - P.D. only,02 - Angle,Kanata
2599,CAMPEAU DR @ KANATA AVE,350594.2085,5019400.846,-75.91595295,45.31306564,2016-08-29,14:43,01 - Clear,01 - Dry,01 - Traffic signal,02 - Intersection related,01 - Daylight,02 - Non-fatal injury,05 - Turning movement,Stittsville - Basswood
2600,CAMPEAU DR @ KANATA AVE,350596.5234,5019403.186,-75.91592321,45.31308655,2016-12-28,14:07,01 - Clear,01 - Dry,01 - Traffic signal,03 - At intersection,01 - Daylight,02 - Non-fatal injury,05 - Turning movement,Stittsville - Basswood
2601,CAMPEAU DR @ KANATA AVE,350594.6451,5019401.722,-75.9159473,45.3130735,2016-03-03,10:26,01 - Clear,01 - Dry,01 - Traffic signal,03 - At intersection,01 - Daylight,03 - P.D. only,05 - Turning movement,Kanata Lakes - Marchwood Lakeside - Morgan's Grant - Kanata
2602,CAMPEAU DR @ KANATA AVE,350594.0389,5019400.702,-75.91595513,45.31306436,2016-10-17,8:42,01 - Clear,01 - Dry,01 - Traffic signal,02 - Intersection related,01 - Daylight,03 - P.D. only,03 - Rear end,Kanata Lakes - Marchwood Lakeside - Morgan's Grant - Kanata
2603,CAMPEAU DR @ KANATA AVE,350593.7608,5019403.59,-75.91595841,45.31309036,2016-02-05,8:48,01 - Clear,01 - Dry,01 - Traffic signal,02 - Intersection related,01 - Daylight,03 - P.D. only,03 - Rear end,Kanata Lakes - Marchwood Lakeside - Morgan's Grant - Kanata
2604,CAMPEAU DR @ KANATA AVE,350594.1166,5019403.07,-75.91595392,45.31308566,2016-01-12,17:26,03 - Snow,04 - Slush,01 - Traffic signal,02 - Intersection related,05 - Dusk,03 - P.D. only,03 - Rear end,Kanata Lakes - Marchwood Lakeside - Morgan's Grant - Kanata
2605,CAMPEAU DR @ KNUDSON DR,351809.8054,5019846.665,-75.90040809,45.3169969,2016-06-08,21:47,01 - Clear,01 - Dry,01 - Traffic signal,02 - Intersection related,07 - Dark,03 - P.D. only,04 - Sideswipe,Kanata Lakes - Marchwood Lakeside - Morgan's Grant - Kanata
2606,CAMPEAU DR @ TERON RD/COLCHESTER SQ,352563.7225,5020468.652,-75.89073273,45.32254279,2016-01-11,19:45,01 - Clear,01 - Dry,01 - Traffic signal,03 - At intersection,07 - Dark,02 - Non-fatal injury,05 - Turning movement,Kanata Lakes - Marchwood Lakeside - Morgan's Grant - Kanata
2607,CAMPEAU DR @ TERON RD/COLCHESTER SQ,352563.0639,5020467.306,-75.89074126,45.32253072,2016-08-28,20:52,01 - Clear,01 - Dry,01 - Traffic signal,03 - At intersection,05 - Dusk,03 - P.D. only,05 - Turning movement,Kanata
2608,CAMPEAU DR @ TERON RD/COLCHESTER SQ,352563.0566,5020467.748,-75.89074131,45.3225347,2016-02-17,7:55,03 - Snow,05 - Packed snow,01 - Traffic signal,02 - Intersection related,01 - Daylight,03 - P.D. only,03 - Rear end,Beaverbrook
2609,CAMPEAU DR @ TERON RD/COLCHESTER SQ,352563.4985,5020468.198,-75.89073563,45.32253872,2016-03-19,20:01,01 - Clear,01 - Dry,01 - Traffic signal,03 - At intersection,07 - Dark,03 - P.D. only,05 - Turning movement,Beaverbrook
2610,CAMPEAU DR @ TERON RD/COLCHESTER SQ,352563.0639,5020466.428,-75.89074135,45.32252282,2016-10-27,21:27,03 - Snow,03 - Loose snow,01 - Traffic signal,03 - At intersection,07 - Dark,03 - P.D. only,05 - Turning movement,Beaverbrook
2611,CAMPEAU DR @ TERON RD/COLCHESTER SQ,352564.1959,5020468.236,-75.89072673,45.32253901,2016-12-18,15:40,01 - Clear,03 - Loose snow,01 - Traffic signal,02 - Intersection related,01 - Daylight,03 - P.D. only,03 - Rear end,Beaverbrook
2612,CAMPEAU DR @ TERON RD/COLCHESTER SQ,352563.2752,5020468.593,-75.89073844,45.32254229,2016-11-24,8:49,03 - Snow,05 - Packed snow,01 - Traffic signal,02 - Intersection related,01 - Daylight,03 - P.D. only,03 - Rear end,Beaverbrook
2613,CAMPEAU DR @ TERRY FOX DR,350455.6007,5019011.581,-75.91775649,45.30957196,2016-01-04,15:45,01 - Clear,01 - Dry,01 - Traffic signal,02 - Intersection related,01 - Daylight,02 - Non-fatal injury,03 - Rear end,Beaverbrook
2614,CAMPEAU DR @ TERRY FOX DR,350455.8247,5019011.575,-75.91775364,45.30957189,2016-03-11,18:05,01 - Clear,01 - Dry,01 - Traffic signal,03 - At intersection,05 - Dusk,02 - Non-fatal injury,05 - Turning movement,Beaverbrook
2615,CAMPEAU DR @ TERRY FOX DR,350455.6007,5019010.041,-75.91775663,45.3095581,2016-08-31,9:19,01 - Clear,01 - Dry,01 - Traffic signal,03 - At intersection,01 - Daylight,03 - P.D. only,03 - Rear end,Kanata Lakes - Marchwood Lakeside - Morgan's Grant - Kanata
2616,CAMPEAU DR @ TERRY FOX DR,350455.3812,5019010.236,-75.91775942,45.30955987,2016-02-11,12:08,06 - Strong wind,05 - Packed snow,01 - Traffic signal,02 - Intersection related,01 - Daylight,03 - P.D. only,01 - Approaching,Kanata Lakes - Marchwood Lakeside - Morgan's Grant - Kanata
2617,CAMPEAU DR @ TERRY FOX DR,350455.3812,5019010.236,-75.91775942,45.30955987,2016-10-19,8:15,01 - Clear,01 - Dry,01 - Traffic signal,03 - At intersection,01 - Daylight,03 - P.D. only,05 - Turning movement,Kanata Lakes - Marchwood Lakeside - Morgan's Grant - Kanata
2618,CAMPEAU DR @ TERRY FOX DR,350454.5298,5019011.794,-75.91777013,45.30957394,2016-01-08,16:20,01 - Clear,01 - Dry,01 - Traffic signal,02 - Intersection related,01 - Daylight,03 - P.D. only,03 - Rear end,Kanata Lakes - Marchwood Lakeside - Morgan's Grant - Kanata
2619,CAMPEAU DR @ TERRY FOX DR,350455.3734,5019009.546,-75.91775958,45.30955366,2016-08-08,13:12,01 - Clear,01 - Dry,01 - Traffic signal,03 - At intersection,01 - Daylight,03 - P.D. only,05 - Turning movement,Kanata Lakes - Marchwood Lakeside - Morgan's Grant - Kanata
2620,CAMPEAU DR @ TERRY FOX DR,350456.2593,5019009.797,-75.91774826,45.30955586,2016-06-17,8:20,01 - Clear,01 - Dry,01 - Traffic signal,02 - Intersection related,01 - Daylight,03 - P.D. only,99 - Other,Kanata Lakes - Marchwood Lakeside - Morgan's Grant - Kanata
2621,CAMPEAU DR @ TERRY FOX DR,350454.9189,5019011.364,-75.91776521,45.30957005,2016-07-25,18:30,01 - Clear,02 - Wet,01 - Traffic signal,02 - Intersection related,01 - Daylight,03 - P.D. only,04 - Sideswipe,Kanata Lakes - Marchwood Lakeside - Morgan's Grant - Kanata
2622,CAMPEAU DR @ TERRY FOX DR,350455.8262,5019010.681,-75.9177537,45.30956384,2016-06-15,11:15,01 - Clear,01 - Dry,01 - Traffic signal,02 - Intersection related,01 - Daylight,03 - P.D. only,03 - Rear end,Kanata Lakes - Marchwood Lakeside - Morgan's Grant - Kanata
2623,CAMPEAU DR @ TERRY FOX DR,350455.6007,5019009.117,-75.91775672,45.30954979,2016-10-03,17:06,01 - Clear,01 - Dry,01 - Traffic signal,02 - Intersection related,01 - Daylight,03 - P.D. only,03 - Rear end,Kanata Lakes - Marchwood Lakeside - Morgan's Grant - Kanata
2624,CAMPEAU DR @ TERRY FOX DR,350455.6007,5019009.213,-75.91775671,45.30955065,2016-12-21,8:52,01 - Clear,02 - Wet,01 - Traffic signal,03 - At intersection,01 - Daylight,03 - P.D. only,02 - Angle,Kanata
2625,CAMPEAU DR @ TERRY FOX DR,350454.7725,5019009.213,-75.91776727,45.3095507,2016-11-30,17:43,02 - Rain,02 - Wet,01 - Traffic signal,02 - Intersection related,07 - Dark,03 - P.D. only,03 - Rear end,Kanata Lakes - Marchwood Lakeside - Morgan's Grant - Kanata
2626,CAMPEAU DR btwn COLCHESTER SQ/TERON RD & HAWKSTONE GT,352316.5735,5020337.721,-75.89389771,45.32138142,2016-06-19,17:06,01 - Clear,01 - Dry,10 - No control,01 - Non intersection,01 - Daylight,03 - P.D. only,04 - Sideswipe,Kanata Lakes - Marchwood Lakeside - Morgan's Grant - Kanata
2627,CAMPEAU DR btwn COLCHESTER SQ/TERON RD & HAWKSTONE GT,352412.3275,5020430.61,-75.89266745,45.32221076,2016-01-12,8:30,02 - Rain,06 - Ice,10 - No control,01 - Non intersection,01 - Daylight,03 - P.D. only,03 - Rear end,Kanata Lakes - Marchwood Lakeside - Morgan's Grant - Kanata
2628,CAMPEAU DR btwn COLCHESTER SQ/TERON RD & MARCH RD,352671.4103,5020467.488,-75.88935927,45.32252498,2016-05-05,23:38,01 - Clear,01 - Dry,10 - No control,01 - Non intersection,07 - Dark,03 - P.D. only,07 - SMV other,Beaverbrook
2629,CAMPEAU DR btwn COLCHESTER SQ/TERON RD & MARCH RD,352578.0407,5020467.98,-75.89055017,45.32253577,2016-07-01,22:55,02 - Rain,02 - Wet,10 - No control,01 - Non intersection,07 - Dark,03 - P.D. only,07 - SMV other,Beaverbrook