Record,Location,X,Y,lon,lat,Date,Time,Environment,Road_Surface,Traffic_Control,Collision_Location,Light,Collision_Classification,Impact_type,Neighborhood
2630,CAMPEAU DR btwn DIDSBURY RD & TERRY FOX DR,350451.8873,5019008.183,-75.91780416,45.30954162,2016-06-30,13:32,01 - Clear,01 - Dry,10 - No control,01 - Non intersection,01 - Daylight,03 - P.D. only,04 - Sideswipe,Beaverbrook
2631,CAMPEAU DR btwn GRAY CRES & DRYSDALE ST,351959.3466,5019941.814,-75.8984918,45.31784304,2016-02-27,9:45,01 - Clear,01 - Dry,10 - No control,01 - Non intersection,01 - Daylight,02 - Non-fatal injury,03 - Rear end,Beaverbrook
2632,CAMPEAU DR btwn KANATA AVE & STONECROFT TER,350881.482,5019612.949,-75.91226961,45.31495541,2016-03-02,15:10,01 - Clear,02 - Wet,10 - No control,04 - At/near private drive,01 - Daylight,02 - Non-fatal injury,03 - Rear end,Kanata Lakes - Marchwood Lakeside - Morgan's Grant - Kanata
2633,CAMPEAU DR btwn KANATA AVE & STONECROFT TER,351087.5635,5019630.879,-75.90963968,45.31510319,2016-02-27,9:30,01 - Clear,01 - Dry,10 - No control,01 - Non intersection,01 - Daylight,03 - P.D. only,03 - Rear end,Kanata
2634,CAMPEAU DR btwn TERRY FOX DR & HERLIHEY WAY,350459.0098,5019034.546,-75.9177109,45.30977838,2016-08-23,16:12,01 - Clear,01 - Dry,10 - No control,01 - Non intersection,01 - Daylight,02 - Non-fatal injury,04 - Sideswipe,Kanata
2635,CAMPEAU DR btwn TERRY FOX DR & HERLIHEY WAY,350476.896,5019090.587,-75.91747765,45.31028149,2016-09-21,14:54,01 - Clear,01 - Dry,10 - No control,04 - At/near private drive,01 - Daylight,02 - Non-fatal injury,02 - Angle,Kanata
2636,CAMPEAU DR btwn TERRY FOX DR & HERLIHEY WAY,350455.3812,5019021.213,-75.9177584,45.30965864,2016-10-21,12:50,02 - Rain,02 - Wet,10 - No control,04 - At/near private drive,01 - Daylight,03 - P.D. only,05 - Turning movement,Kanata
2637,CAMPEAU DR btwn TERRY FOX DR & HERLIHEY WAY,350470.0684,5019067.956,-75.9175668,45.31007829,2016-03-11,17:14,01 - Clear,01 - Dry,10 - No control,04 - At/near private drive,01 - Daylight,03 - P.D. only,02 - Angle,Kanata
2638,CAMPEAU DR/HWY 417 MARCH IC138R63 @ MARCH RD,352841.6249,5020477.592,-75.88718718,45.32260427,2016-01-08,19:45,01 - Clear,01 - Dry,01 - Traffic signal,02 - Intersection related,07 - Dark,02 - Non-fatal injury,03 - Rear end,Kanata
2639,CAMPEAU DR/HWY 417 MARCH IC138R63 @ MARCH RD,352841.3416,5020481.087,-75.88719046,45.32263574,2016-04-11,22:45,02 - Rain,02 - Wet,01 - Traffic signal,02 - Intersection related,07 - Dark,02 - Non-fatal injury,03 - Rear end,Kanata
2640,CAMPEAU DR/HWY 417 MARCH IC138R63 @ MARCH RD,352841.6693,5020476.452,-75.88718673,45.32259401,2016-02-24,19:21,02 - Rain,02 - Wet,01 - Traffic signal,03 - At intersection,07 - Dark,03 - P.D. only,04 - Sideswipe,Greenbelt
2641,CAMPEAU DR/HWY 417 MARCH IC138R63 @ MARCH RD,352840.9714,5020476.486,-75.88719563,45.32259436,2016-02-07,3:26,01 - Clear,01 - Dry,01 - Traffic signal,03 - At intersection,07 - Dark,03 - P.D. only,07 - SMV other,Greenbelt
2642,CAMPEAU DR/HWY 417 MARCH IC138R63 @ MARCH RD,352841.5686,5020478.506,-75.88718781,45.3226125,2016-10-31,16:08,01 - Clear,01 - Dry,01 - Traffic signal,02 - Intersection related,01 - Daylight,03 - P.D. only,04 - Sideswipe,Greenbelt
2643,CAMPEAU DR/HWY 417 MARCH IC138R63 @ MARCH RD,352841.8014,5020476.837,-75.88718501,45.32259746,2016-01-14,12:05,03 - Snow,03 - Loose snow,01 - Traffic signal,02 - Intersection related,01 - Daylight,03 - P.D. only,03 - Rear end,Greenbelt
2644,CAMPEAU DR/HWY 417 MARCH IC138R63 @ MARCH RD,352840.0687,5020475.745,-75.88720721,45.32258775,2016-05-09,8:00,01 - Clear,01 - Dry,01 - Traffic signal,02 - Intersection related,01 - Daylight,03 - P.D. only,03 - Rear end,Greenbelt
2645,CAMPEAU DR/HWY 417 MARCH IC138R63 @ MARCH RD,352841.8183,5020476.431,-75.88718483,45.32259381,2016-03-09,14:09,02 - Rain,02 - Wet,01 - Traffic signal,02 - Intersection related,01 - Daylight,03 - P.D. only,03 - Rear end,Greenbelt
2646,CAMPEAU DR/HWY 417 MARCH IC138R63 @ MARCH RD,352844.6759,5020485.602,-75.88714749,45.32267613,2016-09-16,7:32,01 - Clear,01 - Dry,01 - Traffic signal,02 - Intersection related,01 - Daylight,03 - P.D. only,03 - Rear end,Greenbelt
2647,CAMPEAU DR/HWY 417 MARCH IC138R63 @ MARCH RD,352838.9986,5020482.803,-75.88722018,45.32265134,2016-05-02,7:50,01 - Clear,01 - Dry,01 - Traffic signal,02 - Intersection related,01 - Daylight,03 - P.D. only,03 - Rear end,Greenbelt
2648,CAMPEAU DR/HWY 417 MARCH IC138R63 @ MARCH RD,352841.9889,5020476.747,-75.88718262,45.32259664,2016-08-03,10:30,01 - Clear,01 - Dry,01 - Traffic signal,02 - Intersection related,01 - Daylight,03 - P.D. only,02 - Angle,Greenbelt
2649,CAMPEAU DR/HWY 417 MARCH IC138R63 @ MARCH RD,352840.6403,5020476.828,-75.88719982,45.32259746,2016-09-15,15:47,01 - Clear,01 - Dry,01 - Traffic signal,02 - Intersection related,01 - Daylight,03 - P.D. only,03 - Rear end,Greenbelt
2650,CANAAN RD @ REGIONAL RD 174,395771.5913,5043414.001,-75.33542905,45.52470605,2016-05-18,17:21,01 - Clear,01 - Dry,01 - Traffic signal,03 - At intersection,01 - Daylight,03 - P.D. only,03 - Rear end,Greenbelt
2651,CANAAN RD @ REGIONAL RD 174,395771.5905,5043412.875,-75.33542927,45.52469592,2016-05-25,8:21,01 - Clear,01 - Dry,01 - Traffic signal,02 - Intersection related,01 - Daylight,03 - P.D. only,04 - Sideswipe,Greenbelt
2652,CANAAN RD @ REGIONAL RD 174,395748.4549,5043403.012,-75.33572721,45.5246102,2016-12-21,10:13,01 - Clear,02 - Wet,01 - Traffic signal,02 - Intersection related,01 - Daylight,03 - P.D. only,03 - Rear end,Clarence-Rockland
2653,CANAAN RD @ WILHAVEN DR,396569.6545,5041715.961,-75.3255327,45.509325,2016-07-31,10:32,01 - Clear,01 - Dry,02 - Stop sign,02 - Intersection related,01 - Daylight,03 - P.D. only,07 - SMV other,Clarence-Rockland
2654,CANAAN RD btwn REGIONAL ROAD 174 & WILHAVEN DR,395923.8545,5043043.644,-75.33354913,45.52135423,2016-05-13,22:04,01 - Clear,01 - Dry,10 - No control,01 - Non intersection,07 - Dark,02 - Non-fatal injury,07 - SMV other,Cumberland
2655,CANAAN RD btwn REGIONAL ROAD 174 & WILHAVEN DR,396512.9669,5041767.891,-75.32624832,45.50979965,2016-08-28,17:02,02 - Rain,02 - Wet,10 - No control,01 - Non intersection,01 - Daylight,02 - Non-fatal injury,07 - SMV other,Cumberland
2656,CANAAN RD btwn REGIONAL ROAD 174 & WILHAVEN DR,396487.3773,5041785.141,-75.32657252,45.5099582,2016-01-27,20:11,01 - Clear,01 - Dry,10 - No control,01 - Non intersection,07 - Dark,03 - P.D. only,07 - SMV other,Clarence-Rockland
2657,CANAAN RD btwn REGIONAL ROAD 174 & WILHAVEN DR,396499.0129,5041777.018,-75.32642516,45.5098836,2016-09-11,10:11,01 - Clear,01 - Dry,10 - No control,01 - Non intersection,01 - Daylight,03 - P.D. only,04 - Sideswipe,Cumberland - Estates
2658,CANADAIR PRIV @ DE NIVERVILLE DR,368947.5947,5021995.732,-75.6815632,45.33497719,2016-11-09,8:19,01 - Clear,01 - Dry,02 - Stop sign,02 - Intersection related,01 - Daylight,02 - Non-fatal injury,03 - Rear end,Cumberland - Estates
2659,CANADIAN SHIELD AVE @ GREAT LAKES AVE,351643.4159,5019636.7,-75.90255006,45.31511871,2016-11-30,10:08,01 - Clear,02 - Wet,02 - Stop sign,03 - At intersection,01 - Daylight,03 - P.D. only,02 - Angle,Cumberland - Estates
2660,CANDLEWOOD ST btwn BOISFRANC CIRC & CHERINGTON CRES,385567.5273,5035496.834,-75.46733602,45.45473238,2016-05-31,16:01,01 - Clear,01 - Dry,10 - No control,04 - At/near private drive,01 - Daylight,03 - P.D. only,07 - SMV other,Hunt Club - Ottawa Airport
2661,CANON SMITH DR @ GALETTA SIDE RD,329164.9253,5036252.328,-76.18841841,45.46577385,2016-09-22,23:39,02 - Rain,02 - Wet,02 - Stop sign,03 - At intersection,07 - Dark,02 - Non-fatal injury,03 - Rear end,Kanata
2662,CANON SMITH DR @ GALETTA SIDE RD,329165.8034,5036251.45,-76.18840723,45.46576592,2016-02-14,16:26,01 - Clear,01 - Dry,02 - Stop sign,03 - At intersection,01 - Daylight,03 - P.D. only,02 - Angle,Avalon
2663,CANOTEK RD @ GREEN CREEK DR,376385.3612,5035785.077,-75.58467783,45.45832679,2016-12-19,10:07,01 - Clear,05 - Packed snow,02 - Stop sign,02 - Intersection related,01 - Daylight,03 - P.D. only,03 - Rear end,Fitzro
2664,CANOTEK RD @ SHEFFORD RD,376029.0465,5035093.143,-75.58933346,45.45213762,2016-07-04,18:32,01 - Clear,01 - Dry,01 - Traffic signal,02 - Intersection related,01 - Daylight,03 - P.D. only,03 - Rear end,Fitzro
2665,CANOTEK RD @ SHEFFORD RD,376029.0697,5035094.257,-75.58933301,45.45214764,2016-11-09,9:49,01 - Clear,01 - Dry,01 - Traffic signal,03 - At intersection,01 - Daylight,03 - P.D. only,04 - Sideswipe,Greenbelt
2666,CANOTEK RD btwn SHEFFORD RD & RAINBOW ST,376068.1476,5035107.868,-75.58883148,45.45226612,2016-02-08,16:55,01 - Clear,01 - Dry,10 - No control,04 - At/near private drive,01 - Daylight,02 - Non-fatal injury,02 - Angle,Greenbelt
2667,CANOTEK RD btwn SHEFFORD RD & RAINBOW ST,376062.8787,5035104.794,-75.58889928,45.452239,2016-06-22,9:13,01 - Clear,01 - Dry,10 - No control,01 - Non intersection,01 - Daylight,03 - P.D. only,04 - Sideswipe,Greenbelt
2668,CANYON WALK DR @ FEATHER MOSS WAY,368988.1603,5016547.801,-75.68175137,45.285954,2016-06-19,22:04,01 - Clear,01 - Dry,02 - Stop sign,03 - At intersection,07 - Dark,03 - P.D. only,02 - Angle,Greenbelt
2669,CANYON WALK DR @ OTTER TAIL CRES N,368447.782,5016315.403,-75.68866904,45.28391206,2016-05-31,21:49,01 - Clear,01 - Dry,02 - Stop sign,03 - At intersection,07 - Dark,02 - Non-fatal injury,07 - SMV other,Greenbelt
2670,CAPILANO DR btwn BIRCHWOOD DR & BEAVER RDG,364930.2973,5024427.813,-75.73251805,45.3572165,2016-12-07,0:00,01 - Clear,02 - Wet,10 - No control,01 - Non intersection,00 - Unknown,03 - P.D. only,06 - SMV unattended vehicle,Gloucester
2671,CAPILANO DR btwn WITHROW AVE & KERRY CRES,364650.9683,5024236.758,-75.73610612,45.35552131,2016-04-08,16:45,01 - Clear,01 - Dry,10 - No control,01 - Non intersection,01 - Daylight,03 - P.D. only,03 - Rear end,Gloucester
2672,CARA CRES S @ WILKIE DR S,383940.5451,5037313.857,-75.4878422,45.47126645,2016-02-18,7:33,01 - Clear,05 - Packed snow,03 - Yield sign,03 - At intersection,01 - Daylight,03 - P.D. only,01 - Approaching,Cityview - Skyline - Fisher Heights
2673,CARILLON ST @ DUROCHER ST,370017.0706,5033375.588,-75.66641592,45.43727072,2016-03-06,11:45,03 - Snow,03 - Loose snow,02 - Stop sign,02 - Intersection related,01 - Daylight,03 - P.D. only,06 - SMV unattended vehicle,Cityview - Skyline - Fisher Heights
2674,CARILLON ST @ HANNAH ST,370154.6067,5033390.374,-75.6646562,45.43739091,2016-10-18,16:17,01 - Clear,01 - Dry,02 - Stop sign,03 - At intersection,01 - Daylight,03 - P.D. only,02 - Angle,Fallingbrook
2675,CARILLON ST @ HANNAH ST,370154.6067,5033390.813,-75.66465614,45.43739486,2016-02-01,10:43,01 - Clear,01 - Dry,02 - Stop sign,03 - At intersection,01 - Daylight,03 - P.D. only,02 - Angle,Vanier North
2676,CARILLON ST @ HANNAH ST,370155.0458,5033390.813,-75.66465053,45.43739482,2016-09-11,19:13,01 - Clear,01 - Dry,02 - Stop sign,03 - At intersection,05 - Dusk,03 - P.D. only,02 - Angle,Vanier North
2677,CARINA CRES btwn DORADO WAY & SHANLY PRIV S,364882.9536,5013038.93,-75.73450284,45.25474412,2016-02-06,21:30,01 - Clear,01 - Dry,10 - No control,01 - Non intersection,07 - Dark,03 - P.D. only,06 - SMV unattended vehicle,Vanier North
2678,CARLETON AVE @ SCOTT ST,364113.8651,5029213.318,-75.74236292,45.40034525,2016-10-24,6:56,01 - Clear,01 - Dry,01 - Traffic signal,03 - At intersection,07 - Dark,03 - P.D. only,07 - SMV other,Vanier North
2679,CARLING AVE @ 640 W OF RANGE RD/D.N.D. ENTRANC,353356.2559,5022979.22,-75.88037757,45.34507894,2016-05-17,12:46,01 - Clear,01 - Dry,01 - Traffic signal,02 - Intersection related,01 - Daylight,03 - P.D. only,03 - Rear end,New Barrhaven
2680,CARLING AVE @ 73 E OF ARCHIBALD ST/WESTGATE SC,364680.2288,5027583.078,-75.73532705,45.38562846,2016-10-20,20:17,02 - Rain,02 - Wet,01 - Traffic signal,03 - At intersection,07 - Dark,03 - P.D. only,05 - Turning movement,Island Park
2681,CARLING AVE @ 73 E OF ARCHIBALD ST/WESTGATE SC,364679.5325,5027584.598,-75.73533575,45.38564219,2016-11-27,10:24,01 - Clear,01 - Dry,01 - Traffic signal,03 - At intersection,01 - Daylight,03 - P.D. only,05 - Turning movement,Greenbelt
2682,CARLING AVE @ BAYSHORE DR/BIRCHDALE AVE,359004.0428,5023990.198,-75.80820081,45.35376203,2016-12-29,13:44,01 - Clear,06 - Ice,01 - Traffic signal,02 - Intersection related,01 - Daylight,02 - Non-fatal injury,03 - Rear end,Carlington
2683,CARLING AVE @ BAYSHORE DR/BIRCHDALE AVE,359004.8377,5023990.536,-75.80819063,45.35376501,2016-02-18,8:36,01 - Clear,02 - Wet,01 - Traffic signal,02 - Intersection related,01 - Daylight,03 - P.D. only,04 - Sideswipe,Carlington
2684,CARLING AVE @ BAYSHORE DR/BIRCHDALE AVE,359004.871,5023990.987,-75.80819016,45.35376907,2016-01-13,6:39,03 - Snow,03 - Loose snow,01 - Traffic signal,02 - Intersection related,07 - Dark,03 - P.D. only,05 - Turning movement,Bayshore
2685,CARLING AVE @ BAYSHORE DR/BIRCHDALE AVE,359003.1646,5023989.933,-75.80821205,45.35375972,2016-01-16,19:03,03 - Snow,03 - Loose snow,01 - Traffic signal,02 - Intersection related,07 - Dark,03 - P.D. only,03 - Rear end,Bayshore
2686,CARLING AVE @ BAYSHORE DR/BIRCHDALE AVE,359005.6215,5023990.237,-75.80818066,45.35376226,2016-01-14,6:42,03 - Snow,03 - Loose snow,01 - Traffic signal,02 - Intersection related,07 - Dark,03 - P.D. only,03 - Rear end,Bayshore
2687,CARLING AVE @ BAYSHORE DR/BIRCHDALE AVE,359004.0721,5023990.346,-75.80820042,45.35376336,2016-03-29,20:26,01 - Clear,01 - Dry,01 - Traffic signal,02 - Intersection related,07 - Dark,03 - P.D. only,03 - Rear end,Bayshore
2688,CARLING AVE @ BAYSHORE DR/BIRCHDALE AVE,359004.4804,5023990.612,-75.80819518,45.35376573,2016-03-06,16:28,01 - Clear,01 - Dry,01 - Traffic signal,02 - Intersection related,01 - Daylight,03 - P.D. only,03 - Rear end,Bayshore
2689,CARLING AVE @ BAYSHORE DR/BIRCHDALE AVE,359005.6992,5023988.542,-75.80817985,45.35374701,2016-09-09,19:36,01 - Clear,01 - Dry,01 - Traffic signal,02 - Intersection related,07 - Dark,03 - P.D. only,03 - Rear end,Bayshore
2690,CARLING AVE @ BAYSHORE DR/BIRCHDALE AVE,359006.0074,5023990.158,-75.80817574,45.35376152,2016-07-16,14:44,01 - Clear,01 - Dry,01 - Traffic signal,02 - Intersection related,01 - Daylight,03 - P.D. only,03 - Rear end,Bayshore
2691,CARLING AVE @ BAYSHORE DR/BIRCHDALE AVE,359004.8377,5023990.194,-75.80819067,45.35376194,2016-12-14,15:30,03 - Snow,04 - Slush,01 - Traffic signal,03 - At intersection,01 - Daylight,03 - P.D. only,05 - Turning movement,Bayshore
2692,CARLING AVE @ BAYSHORE DR/BIRCHDALE AVE,359004.4533,5023991.279,-75.80819545,45.35377173,2016-12-27,13:32,01 - Clear,02 - Wet,01 - Traffic signal,02 - Intersection related,01 - Daylight,03 - P.D. only,04 - Sideswipe,Bayshore
2693,CARLING AVE @ BROADVIEW AVE,363180.6862,5026638.593,-75.75458631,45.3772567,2016-03-02,13:43,01 - Clear,01 - Dry,01 - Traffic signal,03 - At intersection,01 - Daylight,02 - Non-fatal injury,02 - Angle,Bayshore
2694,CARLING AVE @ BROADVIEW AVE,363179.8584,5026638.128,-75.75459693,45.37725259,2016-12-14,15:32,01 - Clear,01 - Dry,01 - Traffic signal,03 - At intersection,01 - Daylight,02 - Non-fatal injury,07 - SMV other,Bayshore
2695,CARLING AVE @ BROADVIEW AVE,363180.9061,5026637.883,-75.75458358,45.3772503,2016-02-25,11:30,01 - Clear,04 - Slush,01 - Traffic signal,03 - At intersection,01 - Daylight,03 - P.D. only,05 - Turning movement,Carlingwood - McKellar Park - Laurentien View
2696,CARLING AVE @ BROADVIEW AVE,363180.4646,5026638.764,-75.75458911,45.37725826,2016-03-03,6:14,01 - Clear,01 - Dry,01 - Traffic signal,03 - At intersection,03 - Dawn,03 - P.D. only,05 - Turning movement,Carlingwood - McKellar Park - Laurentien View
2697,CARLING AVE @ BROADVIEW AVE,363181.5148,5026636.471,-75.75457598,45.37723754,2016-10-11,12:10,01 - Clear,01 - Dry,01 - Traffic signal,02 - Intersection related,01 - Daylight,03 - P.D. only,03 - Rear end,Carlingwood - McKellar Park - Laurentien View
2698,CARLING AVE @ BROADVIEW AVE,363180.296,5026637.76,-75.75459139,45.37724924,2016-01-27,16:15,01 - Clear,01 - Dry,01 - Traffic signal,03 - At intersection,01 - Daylight,03 - P.D. only,05 - Turning movement,Carlingwood - McKellar Park - Laurentien View
2699,CARLING AVE @ BROADVIEW AVE,363180.6017,5026638.521,-75.75458739,45.37725606,2016-07-28,13:36,01 - Clear,01 - Dry,01 - Traffic signal,02 - Intersection related,01 - Daylight,03 - P.D. only,04 - Sideswipe,Carlingwood - McKellar Park - Laurentien View
2700,CARLING AVE @ CARLINGWOOD SC,362072.9145,5025918.443,-75.76881285,45.37086829,2016-01-11,10:00,01 - Clear,01 - Dry,01 - Traffic signal,03 - At intersection,01 - Daylight,01 - Fatal injury,07 - SMV other,Carlingwood - McKellar Park - Laurentien View
2701,CARLING AVE @ CARLINGWOOD SC,362072.3535,5025919.248,-75.76881992,45.37087558,2016-07-18,10:25,01 - Clear,01 - Dry,01 - Traffic signal,03 - At intersection,01 - Daylight,02 - Non-fatal injury,05 - Turning movement,Carlingwood - McKellar Park - Laurentien View
2702,CARLING AVE @ CARLINGWOOD SC,362073.6707,5025918.37,-75.7688032,45.37086757,2016-11-14,11:51,01 - Clear,01 - Dry,01 - Traffic signal,03 - At intersection,01 - Daylight,02 - Non-fatal injury,05 - Turning movement,Carlingwood West - Glabar Park - McKellar Heights
2703,CARLING AVE @ CARLINGWOOD SC,362072.7926,5025919.248,-75.76881431,45.37087554,2016-10-19,17:50,01 - Clear,01 - Dry,01 - Traffic signal,03 - At intersection,01 - Daylight,03 - P.D. only,05 - Turning movement,Carlingwood West - Glabar Park - McKellar Heights
2704,CARLING AVE @ CARLINGWOOD SC,362072.7866,5025919.254,-75.76881439,45.3708756,2016-06-09,17:47,01 - Clear,01 - Dry,01 - Traffic signal,03 - At intersection,01 - Daylight,03 - P.D. only,05 - Turning movement,Carlingwood West - Glabar Park - McKellar Heights
2705,CARLING AVE @ CARLINGWOOD SC,362074.1395,5025917.901,-75.76879727,45.37086331,2016-06-10,17:13,01 - Clear,01 - Dry,01 - Traffic signal,03 - At intersection,01 - Daylight,03 - P.D. only,02 - Angle,Carlingwood West - Glabar Park - McKellar Heights
2706,CARLING AVE @ CARLINGWOOD SC,362071.8909,5025919.008,-75.76882585,45.37087346,2016-01-29,12:20,05 - Drifting Snow,05 - Packed snow,01 - Traffic signal,03 - At intersection,01 - Daylight,03 - P.D. only,05 - Turning movement,Carlingwood West - Glabar Park - McKellar Heights
2707,CARLING AVE @ CARLINGWOOD SC,362073.6885,5025919.254,-75.76880287,45.37087553,2016-06-08,17:11,01 - Clear,01 - Dry,01 - Traffic signal,03 - At intersection,01 - Daylight,03 - P.D. only,05 - Turning movement,Carlingwood West - Glabar Park - McKellar Heights
2708,CARLING AVE @ CARLINGWOOD SC,362074.1395,5025919.705,-75.76879707,45.37087955,2016-05-25,16:54,01 - Clear,01 - Dry,01 - Traffic signal,03 - At intersection,01 - Daylight,03 - P.D. only,05 - Turning movement,Carlingwood West - Glabar Park - McKellar Heights
2709,CARLING AVE @ CARLINGWOOD SC,362072.7926,5025919.687,-75.76881426,45.3708795,2016-05-29,14:55,01 - Clear,01 - Dry,01 - Traffic signal,03 - At intersection,01 - Daylight,03 - P.D. only,05 - Turning movement,Carlingwood West - Glabar Park - McKellar Heights
2710,CARLING AVE @ CHAMPAGNE AVE,366627.9199,5028810.322,-75.71030352,45.39650168,2016-10-05,12:52,01 - Clear,01 - Dry,01 - Traffic signal,03 - At intersection,01 - Daylight,02 - Non-fatal injury,05 - Turning movement,Carlingwood West - Glabar Park - McKellar Heights
2711,CARLING AVE @ CHURCHILL AVE,363775.0192,5027013.312,-75.74695367,45.38057859,2016-05-19,13:41,01 - Clear,01 - Dry,01 - Traffic signal,02 - Intersection related,01 - Daylight,03 - P.D. only,03 - Rear end,Carlingwood West - Glabar Park - McKellar Heights
2712,CARLING AVE @ CHURCHILL AVE,363775.6956,5027013.767,-75.74694498,45.38058263,2016-03-04,11:19,01 - Clear,01 - Dry,01 - Traffic signal,03 - At intersection,01 - Daylight,03 - P.D. only,03 - Rear end,Centretown West
2713,CARLING AVE @ CHURCHILL AVE,363776.0862,5027013.538,-75.74694002,45.38058054,2016-07-08,14:38,01 - Clear,01 - Dry,01 - Traffic signal,02 - Intersection related,01 - Daylight,03 - P.D. only,04 - Sideswipe,Westboro
2714,CARLING AVE @ CIVIC HOSPITAL,365790.9509,5028278.276,-75.72105847,45.39178786,2016-10-20,17:30,02 - Rain,02 - Wet,01 - Traffic signal,03 - At intersection,05 - Dusk,02 - Non-fatal injury,05 - Turning movement,Westboro
2715,CARLING AVE @ CIVIC HOSPITAL,365791.2189,5028278.837,-75.72105498,45.39179289,2016-06-16,16:22,01 - Clear,01 - Dry,01 - Traffic signal,03 - At intersection,01 - Daylight,02 - Non-fatal injury,05 - Turning movement,Westboro
2716,CARLING AVE @ CIVIC HOSPITAL,365792.171,5028278.029,-75.72104292,45.39178553,2016-02-03,16:28,01 - Clear,01 - Dry,01 - Traffic signal,03 - At intersection,01 - Daylight,02 - Non-fatal injury,05 - Turning movement,Civic Hospital - Experimental Farm - Central Park
2717,CARLING AVE @ CIVIC HOSPITAL,365790.9353,5028279.404,-75.72105853,45.39179801,2016-05-19,16:27,01 - Clear,01 - Dry,01 - Traffic signal,03 - At intersection,01 - Daylight,02 - Non-fatal injury,05 - Turning movement,Civic Hospital - Experimental Farm - Central Park
2718,CARLING AVE @ CIVIC HOSPITAL,365790.5118,5028277.836,-75.72106413,45.39178394,2016-11-07,17:58,01 - Clear,01 - Dry,01 - Traffic signal,03 - At intersection,07 - Dark,03 - P.D. only,05 - Turning movement,Civic Hospital - Experimental Farm - Central Park
2719,CARLING AVE @ CIVIC HOSPITAL,365792.0535,5028278.5,-75.72104436,45.39178978,2016-02-18,18:21,01 - Clear,02 - Wet,01 - Traffic signal,03 - At intersection,07 - Dark,03 - P.D. only,05 - Turning movement,Civic Hospital - Experimental Farm - Central Park
2720,CARLING AVE @ CIVIC HOSPITAL,365791.8758,5028278.322,-75.72104665,45.3917882,2016-03-24,16:15,03 - Snow,03 - Loose snow,01 - Traffic signal,03 - At intersection,01 - Daylight,03 - P.D. only,05 - Turning movement,Civic Hospital - Experimental Farm - Central Park
2721,CARLING AVE @ CIVIC HOSPITAL,365790.5118,5028278.715,-75.72106402,45.39179185,2016-06-21,16:55,01 - Clear,01 - Dry,01 - Traffic signal,03 - At intersection,01 - Daylight,03 - P.D. only,05 - Turning movement,Civic Hospital - Experimental Farm - Central Park
2722,CARLING AVE @ CIVIC HOSPITAL,365792.171,5028277.59,-75.72104297,45.39178158,2016-09-08,16:45,01 - Clear,01 - Dry,01 - Traffic signal,03 - At intersection,01 - Daylight,03 - P.D. only,05 - Turning movement,Civic Hospital - Experimental Farm - Central Park
2723,CARLING AVE @ CIVIC HOSPITAL,365791.39,5028276.958,-75.72105303,45.39177596,2016-12-10,14:40,01 - Clear,01 - Dry,01 - Traffic signal,03 - At intersection,01 - Daylight,03 - P.D. only,05 - Turning movement,Civic Hospital - Experimental Farm - Central Park
2724,CARLING AVE @ CIVIC HOSPITAL,365791.8185,5028279.392,-75.72104725,45.39179783,2016-12-02,16:34,01 - Clear,01 - Dry,01 - Traffic signal,02 - Intersection related,05 - Dusk,03 - P.D. only,03 - Rear end,Civic Hospital - Experimental Farm - Central Park
2725,CARLING AVE @ CLYDE AVE/COLE AVE,363520.4711,5026850.762,-75.75022302,45.37913737,2016-02-12,9:41,01 - Clear,02 - Wet,01 - Traffic signal,02 - Intersection related,01 - Daylight,02 - Non-fatal injury,05 - Turning movement,Civic Hospital - Experimental Farm - Central Park
2726,CARLING AVE @ CLYDE AVE/COLE AVE,363520.5235,5026851.309,-75.75022229,45.37914229,2016-08-02,10:00,01 - Clear,01 - Dry,01 - Traffic signal,03 - At intersection,01 - Daylight,02 - Non-fatal injury,05 - Turning movement,Civic Hospital - Experimental Farm - Central Park
2727,CARLING AVE @ CLYDE AVE/COLE AVE,363522.3469,5026848.472,-75.75019934,45.37911661,2016-11-28,8:41,01 - Clear,01 - Dry,01 - Traffic signal,03 - At intersection,01 - Daylight,02 - Non-fatal injury,07 - SMV other,Carlingwood - McKellar Park - Laurentien View
2728,CARLING AVE @ CLYDE AVE/COLE AVE,363521.3492,5026850.762,-75.75021181,45.3791373,2016-10-08,15:20,01 - Clear,01 - Dry,01 - Traffic signal,02 - Intersection related,01 - Daylight,03 - P.D. only,07 - SMV other,Carlingwood - McKellar Park - Laurentien View
2729,CARLING AVE @ CONNAUGHT AVE,360770.9543,5025117.738,-75.785524,45.36376879,2016-05-25,17:39,01 - Clear,01 - Dry,01 - Traffic signal,02 - Intersection related,01 - Daylight,02 - Non-fatal injury,03 - Rear end,Carlingwood - McKellar Park - Laurentien View
2730,CARLING AVE @ CONNAUGHT AVE,360772.3325,5025117.101,-75.78550648,45.36376294,2016-09-14,7:19,01 - Clear,01 - Dry,01 - Traffic signal,02 - Intersection related,01 - Daylight,03 - P.D. only,03 - Rear end,Carlingwood - McKellar Park - Laurentien View
2731,CARLING AVE @ CONNAUGHT AVE,360770.8957,5025117.295,-75.7855248,45.3637648,2016-01-26,8:45,01 - Clear,02 - Wet,01 - Traffic signal,02 - Intersection related,01 - Daylight,03 - P.D. only,03 - Rear end,Woodroffe - Lincoln Heights