Record,Location,X,Y,lon,lat,Date,Time,Environment,Road_Surface,Traffic_Control,Collision_Location,Light,Collision_Classification,Impact_type,Neighborhood
2732,CARLING AVE @ CONNAUGHT AVE,360769.5539,5025117.739,-75.78554188,45.36376891,2016-04-12,17:15,01 - Clear,01 - Dry,01 - Traffic signal,02 - Intersection related,01 - Daylight,03 - P.D. only,03 - Rear end,Woodroffe - Lincoln Heights
2733,CARLING AVE @ CONNAUGHT AVE,360770.4567,5025117.295,-75.78553041,45.36376484,2016-12-16,16:42,01 - Clear,02 - Wet,01 - Traffic signal,03 - At intersection,05 - Dusk,03 - P.D. only,05 - Turning movement,Woodroffe - Lincoln Heights
2734,CARLING AVE @ CORKSTOWN RD,358000.1351,5023425.221,-75.82107343,45.34875523,2016-09-20,9:03,01 - Clear,01 - Dry,01 - Traffic signal,02 - Intersection related,01 - Daylight,03 - P.D. only,03 - Rear end,Woodroffe - Lincoln Heights
2735,CARLING AVE @ CROYDON AVE,360659.3465,5025042.739,-75.78695706,45.36310285,2016-03-13,11:08,01 - Clear,01 - Dry,01 - Traffic signal,03 - At intersection,01 - Daylight,02 - Non-fatal injury,05 - Turning movement,Woodroffe - Lincoln Heights
2736,CARLING AVE @ CROYDON AVE,360658.9001,5025042.737,-75.78696276,45.36310287,2016-06-22,18:18,01 - Clear,01 - Dry,01 - Traffic signal,02 - Intersection related,01 - Daylight,02 - Non-fatal injury,03 - Rear end,Crystal Bay - Lakeview Park - Britannia Village
2737,CARLING AVE @ CROYDON AVE,360658.9001,5025042.737,-75.78696276,45.36310287,2016-11-03,17:42,01 - Clear,01 - Dry,01 - Traffic signal,03 - At intersection,07 - Dark,02 - Non-fatal injury,05 - Turning movement,Whitehaven - Queensway Terrace North
2738,CARLING AVE @ CROYDON AVE,360658.0147,5025043.627,-75.78697396,45.36311095,2016-02-23,12:49,01 - Clear,01 - Dry,01 - Traffic signal,03 - At intersection,01 - Daylight,03 - P.D. only,99 - Other,Whitehaven - Queensway Terrace North
2739,CARLING AVE @ CROYDON AVE,360659.3392,5025042.737,-75.78695715,45.36310283,2016-10-25,15:51,01 - Clear,01 - Dry,01 - Traffic signal,03 - At intersection,01 - Daylight,03 - P.D. only,05 - Turning movement,Whitehaven - Queensway Terrace North
2740,CARLING AVE @ CROYDON AVE,360659.5088,5025041.275,-75.78695515,45.36308966,2016-09-14,13:20,01 - Clear,01 - Dry,01 - Traffic signal,02 - Intersection related,01 - Daylight,03 - P.D. only,03 - Rear end,Whitehaven - Queensway Terrace North
2741,CARLING AVE @ CROYDON AVE,360658.0042,5025042.743,-75.78697419,45.36310299,2016-05-25,14:45,01 - Clear,01 - Dry,01 - Traffic signal,03 - At intersection,01 - Daylight,03 - P.D. only,07 - SMV other,Whitehaven - Queensway Terrace North
2742,CARLING AVE @ CROYDON AVE,360658.9079,5025042.972,-75.78696263,45.36310498,2016-07-06,15:30,01 - Clear,01 - Dry,01 - Traffic signal,02 - Intersection related,01 - Daylight,03 - P.D. only,04 - Sideswipe,Whitehaven - Queensway Terrace North
2743,CARLING AVE @ CROYDON AVE,360658.6545,5025042.52,-75.78696592,45.36310093,2016-04-18,10:14,01 - Clear,01 - Dry,01 - Traffic signal,03 - At intersection,01 - Daylight,03 - P.D. only,05 - Turning movement,Whitehaven - Queensway Terrace North
2744,CARLING AVE @ CROYDON AVE,360658.4611,5025042.298,-75.78696841,45.36309895,2016-10-06,16:00,01 - Clear,01 - Dry,01 - Traffic signal,03 - At intersection,01 - Daylight,03 - P.D. only,05 - Turning movement,Whitehaven - Queensway Terrace North
2745,CARLING AVE @ CROYDON AVE,360659.5088,5025042.103,-75.78695506,45.36309711,2016-12-31,12:46,01 - Clear,01 - Dry,01 - Traffic signal,02 - Intersection related,01 - Daylight,03 - P.D. only,03 - Rear end,Whitehaven - Queensway Terrace North
2746,CARLING AVE @ EDGEWORTH AVE,361262.0135,5025423.858,-75.77922109,45.36648385,2016-02-07,9:21,01 - Clear,01 - Dry,01 - Traffic signal,03 - At intersection,01 - Daylight,02 - Non-fatal injury,07 - SMV other,Whitehaven - Queensway Terrace North
2747,CARLING AVE @ EDGEWORTH AVE,361261.852,5025426.595,-75.77922284,45.36650849,2016-10-20,17:54,02 - Rain,02 - Wet,01 - Traffic signal,03 - At intersection,07 - Dark,02 - Non-fatal injury,07 - SMV other,Whitehaven - Queensway Terrace North
2748,CARLING AVE @ EDGEWORTH AVE,361262.6933,5025424.5,-75.77921234,45.36648957,2016-01-18,10:31,01 - Clear,01 - Dry,01 - Traffic signal,03 - At intersection,01 - Daylight,02 - Non-fatal injury,07 - SMV other,Woodroffe - Lincoln Heights
2749,CARLING AVE @ EDGEWORTH AVE,361262.5973,5025424.524,-75.77921356,45.3664898,2016-12-19,8:30,03 - Snow,06 - Ice,01 - Traffic signal,02 - Intersection related,01 - Daylight,03 - P.D. only,03 - Rear end,Woodroffe - Lincoln Heights
2750,CARLING AVE @ FAIRLAWN AVE/WOODROFFE AVE E,361934.6841,5025830.528,-75.77058762,45.37008852,2016-01-27,13:44,01 - Clear,01 - Dry,01 - Traffic signal,02 - Intersection related,01 - Daylight,02 - Non-fatal injury,04 - Sideswipe,Woodroffe - Lincoln Heights
2751,CARLING AVE @ FAIRLAWN AVE/WOODROFFE AVE E,361934.6841,5025830.528,-75.77058762,45.37008852,2016-07-07,7:20,01 - Clear,01 - Dry,01 - Traffic signal,03 - At intersection,01 - Daylight,02 - Non-fatal injury,02 - Angle,Woodroffe - Lincoln Heights
2752,CARLING AVE @ FAIRLAWN AVE/WOODROFFE AVE E,361934.6841,5025830.528,-75.77058762,45.37008852,2016-04-22,17:18,01 - Clear,01 - Dry,01 - Traffic signal,02 - Intersection related,01 - Daylight,03 - P.D. only,03 - Rear end,Carlingwood West - Glabar Park - McKellar Heights
2753,CARLING AVE @ FAIRLAWN AVE/WOODROFFE AVE E,361934.6841,5025830.528,-75.77058762,45.37008852,2016-04-28,17:00,01 - Clear,01 - Dry,01 - Traffic signal,03 - At intersection,01 - Daylight,03 - P.D. only,05 - Turning movement,Carlingwood West - Glabar Park - McKellar Heights
2754,CARLING AVE @ FAIRLAWN AVE/WOODROFFE AVE E,361934.6841,5025830.528,-75.77058762,45.37008852,2016-12-17,16:43,03 - Snow,04 - Slush,01 - Traffic signal,03 - At intersection,05 - Dusk,03 - P.D. only,05 - Turning movement,Carlingwood West - Glabar Park - McKellar Heights
2755,CARLING AVE @ FAIRMONT AVE,366114.0379,5028486.964,-75.71690664,45.39363737,2016-09-09,17:43,01 - Clear,01 - Dry,02 - Stop sign,02 - Intersection related,01 - Daylight,03 - P.D. only,02 - Angle,Carlingwood West - Glabar Park - McKellar Heights
2756,CARLING AVE @ FISHER AVE,365329.8652,5027972.964,-75.7269841,45.38908073,2016-10-06,9:53,01 - Clear,01 - Dry,01 - Traffic signal,02 - Intersection related,01 - Daylight,03 - P.D. only,03 - Rear end,Carlingwood West - Glabar Park - McKellar Heights
2757,CARLING AVE @ FISHER AVE,365331.1374,5027972.106,-75.72696796,45.3890729,2016-01-29,17:55,03 - Snow,04 - Slush,01 - Traffic signal,02 - Intersection related,07 - Dark,03 - P.D. only,03 - Rear end,Civic Hospital - Experimental Farm - Central Park
2758,CARLING AVE @ FISHER AVE,365329.7955,5027972.999,-75.72698499,45.38908106,2016-04-21,12:32,01 - Clear,01 - Dry,10 - No control,02 - Intersection related,01 - Daylight,03 - P.D. only,04 - Sideswipe,Carlington
2759,CARLING AVE @ FOX CRES,361526.4564,5025575.309,-75.77582816,45.36782524,2016-09-30,7:44,01 - Clear,01 - Dry,02 - Stop sign,02 - Intersection related,01 - Daylight,02 - Non-fatal injury,02 - Angle,Civic Hospital - Experimental Farm - Central Park
2760,CARLING AVE @ GRANDVIEW RD/NORTEL ENTRANCE,355725.4301,5024052.292,-75.85003613,45.35456653,2016-01-18,8:27,01 - Clear,03 - Loose snow,01 - Traffic signal,03 - At intersection,01 - Daylight,03 - P.D. only,02 - Angle,Carlington
2761,CARLING AVE @ GRANDVIEW RD/NORTEL ENTRANCE,355724.9754,5024051.164,-75.85004205,45.35455642,2016-05-05,20:53,01 - Clear,01 - Dry,01 - Traffic signal,02 - Intersection related,07 - Dark,03 - P.D. only,03 - Rear end,Whitehaven - Queensway Terrace North
2762,CARLING AVE @ GRENON AVE,359594.1251,5024350.281,-75.80063032,45.3569562,2016-01-05,8:08,01 - Clear,06 - Ice,01 - Traffic signal,02 - Intersection related,01 - Daylight,03 - P.D. only,03 - Rear end,Greenbelt
2763,CARLING AVE @ HAMILTON AVE,365558.9257,5028129.874,-75.72403976,45.39047274,2016-02-19,16:53,01 - Clear,02 - Wet,02 - Stop sign,02 - Intersection related,05 - Dusk,03 - P.D. only,04 - Sideswipe,Greenbelt
2764,CARLING AVE @ HARE AVE,362380.9159,5026133.307,-75.76485596,45.37277638,2016-05-21,18:21,01 - Clear,01 - Dry,02 - Stop sign,03 - At intersection,01 - Daylight,02 - Non-fatal injury,05 - Turning movement,Whitehaven - Queensway Terrace North
2765,CARLING AVE @ HIGHLAND AVE,363302.5961,5026716.32,-75.75302066,45.37794591,2016-09-14,19:01,01 - Clear,01 - Dry,02 - Stop sign,03 - At intersection,01 - Daylight,03 - P.D. only,02 - Angle,Civic Hospital - Experimental Farm - Central Park
2766,CARLING AVE @ HOLLAND AVE,365416.2426,5028038.088,-75.72587309,45.38965924,2016-01-05,9:18,01 - Clear,02 - Wet,01 - Traffic signal,03 - At intersection,01 - Daylight,02 - Non-fatal injury,02 - Angle,Carlingwood - McKellar Park - Laurentien View
2767,CARLING AVE @ HOLLAND AVE,365416.4792,5028037.888,-75.7258701,45.38965742,2016-10-06,13:05,01 - Clear,01 - Dry,01 - Traffic signal,03 - At intersection,01 - Daylight,02 - Non-fatal injury,07 - SMV other,Carlingwood - McKellar Park - Laurentien View
2768,CARLING AVE @ HOLLAND AVE,365416.474,5028038.097,-75.72587014,45.3896593,2016-04-25,14:14,01 - Clear,01 - Dry,01 - Traffic signal,03 - At intersection,01 - Daylight,03 - P.D. only,05 - Turning movement,Civic Hospital - Experimental Farm - Central Park
2769,CARLING AVE @ HOLLAND AVE,365416.4767,5028037.881,-75.72587013,45.38965735,2016-03-30,7:31,01 - Clear,01 - Dry,01 - Traffic signal,02 - Intersection related,01 - Daylight,03 - P.D. only,03 - Rear end,Civic Hospital - Experimental Farm - Central Park
2770,CARLING AVE @ HOLLAND AVE,365415.601,5028037.449,-75.72588137,45.38965354,2016-01-23,18:24,01 - Clear,01 - Dry,01 - Traffic signal,03 - At intersection,07 - Dark,03 - P.D. only,05 - Turning movement,Civic Hospital - Experimental Farm - Central Park
2771,CARLING AVE @ HOLLAND AVE,365415.7802,5028037.858,-75.72587903,45.38965721,2016-04-06,22:14,03 - Snow,05 - Packed snow,01 - Traffic signal,03 - At intersection,07 - Dark,03 - P.D. only,02 - Angle,Civic Hospital - Experimental Farm - Central Park
2772,CARLING AVE @ HOLLAND AVE,365416.0223,5028037.87,-75.72587593,45.38965729,2016-05-05,15:34,01 - Clear,01 - Dry,01 - Traffic signal,02 - Intersection related,01 - Daylight,03 - P.D. only,03 - Rear end,Civic Hospital - Experimental Farm - Central Park
2773,CARLING AVE @ HOLLAND AVE,365416.4792,5028037.449,-75.72587015,45.38965347,2016-10-09,18:53,01 - Clear,01 - Dry,01 - Traffic signal,03 - At intersection,07 - Dark,03 - P.D. only,05 - Turning movement,Civic Hospital - Experimental Farm - Central Park
2774,CARLING AVE @ HOLLAND AVE,365415.601,5028038.766,-75.7258812,45.38966539,2016-09-23,9:29,01 - Clear,02 - Wet,01 - Traffic signal,02 - Intersection related,01 - Daylight,03 - P.D. only,05 - Turning movement,Civic Hospital - Experimental Farm - Central Park
2775,CARLING AVE @ HOLLAND AVE,365417.1118,5028037.968,-75.72586201,45.38965808,2016-12-07,17:29,01 - Clear,01 - Dry,01 - Traffic signal,03 - At intersection,07 - Dark,03 - P.D. only,05 - Turning movement,Civic Hospital - Experimental Farm - Central Park
2776,CARLING AVE @ IROQUOIS RD,362213.686,5026027.406,-75.76700314,45.37183721,2016-05-05,17:15,01 - Clear,01 - Dry,01 - Traffic signal,03 - At intersection,01 - Daylight,02 - Non-fatal injury,05 - Turning movement,Civic Hospital - Experimental Farm - Central Park
2777,CARLING AVE @ IROQUOIS RD,362213.0274,5026024.871,-75.76701184,45.37181446,2016-10-31,10:13,01 - Clear,01 - Dry,01 - Traffic signal,03 - At intersection,01 - Daylight,02 - Non-fatal injury,02 - Angle,Civic Hospital - Experimental Farm - Central Park
2778,CARLING AVE @ IROQUOIS RD,362213.9115,5026024.403,-75.76700061,45.37181017,2016-06-21,16:00,01 - Clear,01 - Dry,01 - Traffic signal,02 - Intersection related,01 - Daylight,03 - P.D. only,02 - Angle,Carlingwood - McKellar Park - Laurentien View
2779,CARLING AVE @ IROQUOIS RD,362213.5928,5026025.53,-75.76700455,45.37182034,2016-11-16,16:11,01 - Clear,01 - Dry,01 - Traffic signal,03 - At intersection,01 - Daylight,03 - P.D. only,05 - Turning movement,Carlingwood - McKellar Park - Laurentien View
2780,CARLING AVE @ IROQUOIS RD,362213.2758,5026024.497,-75.76700872,45.37181107,2016-12-14,10:40,01 - Clear,01 - Dry,01 - Traffic signal,02 - Intersection related,01 - Daylight,03 - P.D. only,03 - Rear end,Carlingwood - McKellar Park - Laurentien View
2781,CARLING AVE @ IROQUOIS RD,362213.0274,5026024.432,-75.7670119,45.37181051,2016-12-04,13:50,01 - Clear,01 - Dry,01 - Traffic signal,03 - At intersection,01 - Daylight,03 - P.D. only,05 - Turning movement,Carlingwood - McKellar Park - Laurentien View
2782,CARLING AVE @ IRVING PL/MAPLE DR,366186.4845,5028527.334,-75.71597643,45.39399427,2016-10-17,16:14,01 - Clear,01 - Dry,01 - Traffic signal,03 - At intersection,01 - Daylight,03 - P.D. only,05 - Turning movement,Carlingwood - McKellar Park - Laurentien View
2783,CARLING AVE @ IRVING PL/MAPLE DR,366185.6063,5028526.456,-75.71598775,45.39398644,2016-01-13,17:39,01 - Clear,02 - Wet,01 - Traffic signal,02 - Intersection related,00 - Unknown,03 - P.D. only,03 - Rear end,Carlingwood - McKellar Park - Laurentien View
2784,CARLING AVE @ ISLAND PARK DR,365348.6995,5027998.669,-75.72674044,45.38931039,2016-04-26,18:19,01 - Clear,01 - Dry,01 - Traffic signal,03 - At intersection,01 - Daylight,02 - Non-fatal injury,05 - Turning movement,Civic Hospital - Experimental Farm - Central Park
2785,CARLING AVE @ ISLAND PARK DR,365349.3737,5027997.093,-75.72673203,45.38929616,2016-05-14,21:01,01 - Clear,01 - Dry,01 - Traffic signal,03 - At intersection,07 - Dark,03 - P.D. only,05 - Turning movement,Civic Hospital - Experimental Farm - Central Park
2786,CARLING AVE @ ISLAND PARK DR,365348.0231,5027996.866,-75.7267493,45.38929423,2016-01-29,14:03,01 - Clear,02 - Wet,01 - Traffic signal,03 - At intersection,01 - Daylight,03 - P.D. only,02 - Angle,Civic Hospital - Experimental Farm - Central Park
2787,CARLING AVE @ ISLAND PARK DR,365349.8269,5027997.768,-75.72672616,45.38930219,2016-05-11,5:43,01 - Clear,01 - Dry,01 - Traffic signal,03 - At intersection,03 - Dawn,03 - P.D. only,02 - Angle,Civic Hospital - Experimental Farm - Central Park
2788,CARLING AVE @ ISLAND PARK DR,365349.5277,5027998.785,-75.72672985,45.38931137,2016-10-07,18:03,01 - Clear,01 - Dry,01 - Traffic signal,02 - Intersection related,05 - Dusk,03 - P.D. only,04 - Sideswipe,Civic Hospital - Experimental Farm - Central Park
2789,CARLING AVE @ IVANHOE AVE,360431.7149,5024882.175,-75.78988062,45.3616762,2016-08-25,16:55,01 - Clear,01 - Dry,02 - Stop sign,02 - Intersection related,01 - Daylight,02 - Non-fatal injury,03 - Rear end,Civic Hospital - Experimental Farm - Central Park
2790,CARLING AVE @ IVANHOE AVE,360431.0203,5024882.754,-75.78988942,45.36168147,2016-12-31,12:50,03 - Snow,03 - Loose snow,02 - Stop sign,03 - At intersection,01 - Daylight,03 - P.D. only,03 - Rear end,Civic Hospital - Experimental Farm - Central Park
2791,CARLING AVE @ KEMPSTER AVE/FAMOUS PLAYERS THEA,359210.8912,5024119.289,-75.80554682,45.35490758,2016-01-23,13:29,01 - Clear,01 - Dry,01 - Traffic signal,03 - At intersection,01 - Daylight,03 - P.D. only,02 - Angle,Whitehaven - Queensway Terrace North
2792,CARLING AVE @ KIRKWOOD AVE S,364351.7005,5027337.779,-75.73955159,45.38344931,2016-01-13,16:15,01 - Clear,01 - Dry,01 - Traffic signal,02 - Intersection related,01 - Daylight,02 - Non-fatal injury,03 - Rear end,Whitehaven - Queensway Terrace North
2793,CARLING AVE @ KIRKWOOD AVE S,364352.1597,5027337.319,-75.73954578,45.38344513,2016-05-25,10:23,01 - Clear,01 - Dry,01 - Traffic signal,03 - At intersection,01 - Daylight,02 - Non-fatal injury,05 - Turning movement,Bayshore
2794,CARLING AVE @ KIRKWOOD AVE S,364351.9278,5027337.549,-75.73954871,45.38344722,2016-06-21,11:57,01 - Clear,01 - Dry,01 - Traffic signal,03 - At intersection,01 - Daylight,02 - Non-fatal injury,02 - Angle,Carlington
2795,CARLING AVE @ KIRKWOOD AVE S,364351.4785,5027336.883,-75.73955453,45.38344127,2016-03-04,8:30,01 - Clear,01 - Dry,01 - Traffic signal,02 - Intersection related,01 - Daylight,03 - P.D. only,03 - Rear end,Carlington
2796,CARLING AVE @ KIRKWOOD AVE S,364350.5162,5027337.983,-75.73956669,45.38345125,2016-01-13,20:31,01 - Clear,04 - Slush,01 - Traffic signal,03 - At intersection,07 - Dark,03 - P.D. only,03 - Rear end,Carlington
2797,CARLING AVE @ KIRKWOOD AVE S,364351.0419,5027336.89,-75.73956011,45.38344137,2016-02-05,13:29,01 - Clear,01 - Dry,01 - Traffic signal,02 - Intersection related,01 - Daylight,03 - P.D. only,03 - Rear end,Carlington
2798,CARLING AVE @ KIRKWOOD AVE S,364351.925,5027336.427,-75.73954889,45.38343712,2016-03-28,11:27,01 - Clear,01 - Dry,01 - Traffic signal,03 - At intersection,01 - Daylight,03 - P.D. only,04 - Sideswipe,Carlington
2799,CARLING AVE @ KIRKWOOD AVE S,364353.9519,5027337.174,-75.73952292,45.38344367,2016-01-14,9:50,03 - Snow,03 - Loose snow,01 - Traffic signal,03 - At intersection,01 - Daylight,03 - P.D. only,04 - Sideswipe,Carlington
2800,CARLING AVE @ KIRKWOOD AVE S,364350.5782,5027336.876,-75.73956603,45.38344128,2016-05-01,19:19,02 - Rain,02 - Wet,01 - Traffic signal,03 - At intersection,01 - Daylight,03 - P.D. only,05 - Turning movement,Carlington
2801,CARLING AVE @ KIRKWOOD AVE S,364351.926,5027336.873,-75.73954882,45.38344114,2016-05-25,10:30,01 - Clear,01 - Dry,01 - Traffic signal,03 - At intersection,01 - Daylight,03 - P.D. only,03 - Rear end,Carlington
2802,CARLING AVE @ KIRKWOOD AVE S,364353.3274,5027339.137,-75.73953065,45.38346139,2016-09-29,14:56,01 - Clear,01 - Dry,01 - Traffic signal,03 - At intersection,01 - Daylight,03 - P.D. only,05 - Turning movement,Carlington
2803,CARLING AVE @ KIRKWOOD AVE S,364350.8136,5027338.879,-75.73956278,45.38345928,2016-03-18,11:47,01 - Clear,01 - Dry,01 - Traffic signal,02 - Intersection related,01 - Daylight,03 - P.D. only,02 - Angle,Carlington
2804,CARLING AVE @ KIRKWOOD AVE S,364351.9252,5027337.549,-75.73954875,45.38344722,2016-05-07,8:05,01 - Clear,01 - Dry,01 - Traffic signal,02 - Intersection related,01 - Daylight,03 - P.D. only,07 - SMV other,Carlington
2805,CARLING AVE @ KIRKWOOD AVE S,364351.4342,5027337.238,-75.73955505,45.38344446,2016-10-17,15:10,01 - Clear,01 - Dry,01 - Traffic signal,02 - Intersection related,01 - Daylight,03 - P.D. only,03 - Rear end,Carlington
2806,CARLING AVE @ KIRKWOOD AVE S,364351.92,5027338.208,-75.73954873,45.38345315,2016-11-04,12:27,01 - Clear,01 - Dry,01 - Traffic signal,03 - At intersection,01 - Daylight,03 - P.D. only,04 - Sideswipe,Carlington
2807,CARLING AVE @ KIRKWOOD AVE S,364351.92,5027336.89,-75.73954889,45.38344129,2016-10-02,11:00,01 - Clear,01 - Dry,01 - Traffic signal,03 - At intersection,01 - Daylight,03 - P.D. only,02 - Angle,Carlington
2808,CARLING AVE @ KIRKWOOD AVE S,364351.7005,5027337.549,-75.73955162,45.38344724,2016-12-29,8:43,03 - Snow,03 - Loose snow,01 - Traffic signal,03 - At intersection,01 - Daylight,03 - P.D. only,02 - Angle,Carlington
2809,CARLING AVE @ KIRKWOOD AVE S,364351.7005,5027337.135,-75.73955167,45.38344351,2016-12-04,22:39,01 - Clear,01 - Dry,01 - Traffic signal,02 - Intersection related,07 - Dark,03 - P.D. only,03 - Rear end,Carlington
2810,CARLING AVE @ MAITLAND AVE/SHERBOURNE RD,362942.0393,5026488.308,-75.75765082,45.3759243,2016-06-30,11:35,01 - Clear,01 - Dry,01 - Traffic signal,02 - Intersection related,01 - Daylight,02 - Non-fatal injury,03 - Rear end,Carlington
2811,CARLING AVE @ MAITLAND AVE/SHERBOURNE RD,362942.4784,5026489.625,-75.75764506,45.37593611,2016-02-14,16:45,01 - Clear,01 - Dry,01 - Traffic signal,02 - Intersection related,05 - Dusk,03 - P.D. only,03 - Rear end,Carlington
2812,CARLING AVE @ MAITLAND AVE/SHERBOURNE RD,362942.3862,5026489.042,-75.75764631,45.37593088,2016-03-07,15:26,01 - Clear,01 - Dry,01 - Traffic signal,02 - Intersection related,01 - Daylight,03 - P.D. only,03 - Rear end,Carlingwood - McKellar Park - Laurentien View
2813,CARLING AVE @ MAITLAND AVE/SHERBOURNE RD,362942.4784,5026488.308,-75.75764522,45.37592426,2016-09-20,11:59,01 - Clear,01 - Dry,01 - Traffic signal,02 - Intersection related,01 - Daylight,03 - P.D. only,04 - Sideswipe,Carlingwood - McKellar Park - Laurentien View
2814,CARLING AVE @ MAITLAND AVE/SHERBOURNE RD,362941.9858,5026488.333,-75.7576515,45.37592453,2016-01-20,15:37,01 - Clear,01 - Dry,01 - Traffic signal,02 - Intersection related,01 - Daylight,03 - P.D. only,04 - Sideswipe,Carlingwood - McKellar Park - Laurentien View
2815,CARLING AVE @ MAITLAND AVE/SHERBOURNE RD,362941.0416,5026487.285,-75.75766368,45.37591518,2016-09-08,12:19,01 - Clear,01 - Dry,01 - Traffic signal,02 - Intersection related,01 - Daylight,03 - P.D. only,03 - Rear end,Carlingwood - McKellar Park - Laurentien View
2816,CARLING AVE @ MAITLAND AVE/SHERBOURNE RD,362942.7666,5026488.615,-75.7576415,45.375927,2016-11-11,15:43,01 - Clear,01 - Dry,01 - Traffic signal,02 - Intersection related,01 - Daylight,03 - P.D. only,03 - Rear end,Carlingwood - McKellar Park - Laurentien View
2817,CARLING AVE @ MAITLAND AVE/SHERBOURNE RD,362942.0393,5026488.308,-75.75765082,45.3759243,2016-11-07,9:02,01 - Clear,01 - Dry,01 - Traffic signal,02 - Intersection related,01 - Daylight,03 - P.D. only,04 - Sideswipe,Carlingwood - McKellar Park - Laurentien View
2818,CARLING AVE @ MAITLAND AVE/SHERBOURNE RD,362942.0393,5026487.868,-75.75765087,45.37592034,2016-10-21,11:43,02 - Rain,02 - Wet,01 - Traffic signal,03 - At intersection,01 - Daylight,03 - P.D. only,04 - Sideswipe,Carlingwood - McKellar Park - Laurentien View
2819,CARLING AVE @ MEATH ST,364466.7499,5027452.304,-75.73806875,45.38446999,2016-12-18,0:40,03 - Snow,05 - Packed snow,02 - Stop sign,02 - Intersection related,07 - Dark,03 - P.D. only,07 - SMV other,Carlingwood - McKellar Park - Laurentien View
2820,CARLING AVE @ MELROSE AVE,365970.9248,5028392.649,-75.71874598,45.39280127,2016-01-19,16:59,01 - Clear,04 - Slush,02 - Stop sign,03 - At intersection,05 - Dusk,03 - P.D. only,05 - Turning movement,Carlingwood - McKellar Park - Laurentien View
2821,CARLING AVE @ MELROSE AVE,365970.3757,5028392.447,-75.71875302,45.3927995,2016-12-09,11:12,01 - Clear,02 - Wet,02 - Stop sign,03 - At intersection,01 - Daylight,03 - P.D. only,02 - Angle,Carlington
2822,CARLING AVE @ MELWOOD AVE,362513.6945,5026198.943,-75.76315323,45.37335604,2016-12-20,16:00,03 - Snow,03 - Loose snow,02 - Stop sign,02 - Intersection related,05 - Dusk,03 - P.D. only,05 - Turning movement,Civic Hospital - Experimental Farm - Central Park
2823,CARLING AVE @ MELWOOD AVE,362513.6945,5026199.771,-75.76315313,45.37336349,2016-12-12,18:27,03 - Snow,05 - Packed snow,02 - Stop sign,02 - Intersection related,07 - Dark,03 - P.D. only,07 - SMV other,Civic Hospital - Experimental Farm - Central Park
2824,CARLING AVE @ MERIVALE RD,364893.9533,5027700.169,-75.73258377,45.38666372,2016-01-17,18:01,01 - Clear,02 - Wet,01 - Traffic signal,03 - At intersection,07 - Dark,02 - Non-fatal injury,05 - Turning movement,Carlingwood West - Glabar Park - McKellar Heights
2825,CARLING AVE @ MERIVALE RD,364896.3601,5027700.13,-75.73255304,45.38666316,2016-09-08,23:07,01 - Clear,01 - Dry,01 - Traffic signal,02 - Intersection related,07 - Dark,02 - Non-fatal injury,03 - Rear end,Carlingwood West - Glabar Park - McKellar Heights
2826,CARLING AVE @ MERIVALE RD,364894.4843,5027700.325,-75.73257697,45.38666507,2016-12-08,9:41,01 - Clear,01 - Dry,01 - Traffic signal,03 - At intersection,01 - Daylight,02 - Non-fatal injury,05 - Turning movement,Carlington
2827,CARLING AVE @ MERIVALE RD,364894.2446,5027699.396,-75.73258014,45.38665674,2016-02-16,7:45,03 - Snow,03 - Loose snow,01 - Traffic signal,02 - Intersection related,01 - Daylight,03 - P.D. only,03 - Rear end,Carlington
2828,CARLING AVE @ MERIVALE RD,364895.3624,5027700.325,-75.73256576,45.386665,2016-10-06,11:45,01 - Clear,01 - Dry,01 - Traffic signal,02 - Intersection related,01 - Daylight,03 - P.D. only,04 - Sideswipe,Carlington
2829,CARLING AVE @ MERIVALE RD,364895.1772,5027700.308,-75.73256812,45.38666486,2016-09-23,8:04,01 - Clear,02 - Wet,01 - Traffic signal,03 - At intersection,01 - Daylight,03 - P.D. only,02 - Angle,Carlington
2830,CARLING AVE @ MERIVALE RD,364894.2446,5027701.233,-75.73257992,45.38667327,2016-01-04,17:40,01 - Clear,01 - Dry,01 - Traffic signal,02 - Intersection related,07 - Dark,03 - P.D. only,03 - Rear end,Carlington
2831,CARLING AVE @ MERIVALE RD,364894.0452,5027699.447,-75.73258268,45.38665721,2016-08-23,13:33,01 - Clear,01 - Dry,01 - Traffic signal,03 - At intersection,01 - Daylight,03 - P.D. only,05 - Turning movement,Carlington