Record,Location,X,Y,lon,lat,Date,Time,Environment,Road_Surface,Traffic_Control,Collision_Location,Light,Collision_Classification,Impact_type,Neighborhood
2832,CARLING AVE @ MERIVALE RD,364894.4843,5027700.325,-75.73257697,45.38666507,2016-09-09,13:35,01 - Clear,01 - Dry,01 - Traffic signal,02 - Intersection related,01 - Daylight,03 - P.D. only,04 - Sideswipe,Carlington
2833,CARLING AVE @ MERIVALE RD,364894.9293,5027700.319,-75.73257129,45.38666498,2016-06-03,23:03,01 - Clear,01 - Dry,01 - Traffic signal,03 - At intersection,07 - Dark,03 - P.D. only,02 - Angle,Carlington
2834,CARLING AVE @ MERIVALE RD,364894.7038,5027700.13,-75.73257419,45.3866633,2016-11-30,19:00,02 - Rain,02 - Wet,01 - Traffic signal,02 - Intersection related,07 - Dark,03 - P.D. only,04 - Sideswipe,Carlington
2835,CARLING AVE @ MERIVALE RD,364895.532,5027701.786,-75.73256341,45.38667813,2016-12-06,13:40,01 - Clear,01 - Dry,01 - Traffic signal,02 - Intersection related,01 - Daylight,03 - P.D. only,03 - Rear end,Carlington
2836,CARLING AVE @ MERIVALE RD,364894.0452,5027700.325,-75.73258257,45.38666511,2016-12-06,20:39,01 - Clear,01 - Dry,01 - Traffic signal,03 - At intersection,07 - Dark,03 - P.D. only,05 - Turning movement,Carlington
2837,CARLING AVE @ MOODIE DR/JAMES CUMMINGS AVE W,356001.3886,5023936.712,-75.84652626,45.35350644,2016-01-20,13:21,01 - Clear,01 - Dry,01 - Traffic signal,03 - At intersection,01 - Daylight,02 - Non-fatal injury,05 - Turning movement,Carlington
2838,CARLING AVE @ MOODIE DR/JAMES CUMMINGS AVE W,356001.4304,5023937.735,-75.84652562,45.35351564,2016-04-19,17:35,01 - Clear,01 - Dry,01 - Traffic signal,03 - At intersection,01 - Daylight,02 - Non-fatal injury,05 - Turning movement,Carlington
2839,CARLING AVE @ MOODIE DR/JAMES CUMMINGS AVE W,356001.0196,5023940.563,-75.84653057,45.35354112,2016-11-24,20:03,01 - Clear,04 - Slush,01 - Traffic signal,02 - Intersection related,07 - Dark,03 - P.D. only,07 - SMV other,Greenbelt
2840,CARLING AVE @ OTTAWA RIVER PKWY WB,360856.4212,5025169.938,-75.78442717,45.36423165,2016-07-11,16:11,01 - Clear,01 - Dry,03 - Yield sign,02 - Intersection related,01 - Daylight,03 - P.D. only,03 - Rear end,Greenbelt
2841,CARLING AVE @ OTTAWA RIVER PKWY WB,360854.901,5025171.773,-75.78444637,45.36424828,2016-11-08,15:00,01 - Clear,01 - Dry,03 - Yield sign,02 - Intersection related,01 - Daylight,03 - P.D. only,03 - Rear end,Crystal Bay - Lakeview Park - Britannia Village
2842,CARLING AVE @ PARKDALE AVE,365625.2982,5028172.87,-75.72318689,45.39085385,2016-08-09,5:23,01 - Clear,01 - Dry,01 - Traffic signal,02 - Intersection related,07 - Dark,02 - Non-fatal injury,04 - Sideswipe,Woodroffe - Lincoln Heights
2843,CARLING AVE @ PARKDALE AVE,365625.7605,5028173.968,-75.72318085,45.39086369,2016-08-21,15:54,01 - Clear,01 - Dry,01 - Traffic signal,02 - Intersection related,01 - Daylight,02 - Non-fatal injury,02 - Angle,Woodroffe - Lincoln Heights
2844,CARLING AVE @ PARKDALE AVE,365625.3214,5028172.211,-75.72318667,45.39084792,2016-02-16,11:00,03 - Snow,03 - Loose snow,01 - Traffic signal,02 - Intersection related,01 - Daylight,03 - P.D. only,03 - Rear end,Civic Hospital - Experimental Farm - Central Park
2845,CARLING AVE @ PARKDALE AVE,365625.7141,5028173.586,-75.72318149,45.39086026,2016-06-21,16:56,01 - Clear,01 - Dry,01 - Traffic signal,03 - At intersection,01 - Daylight,03 - P.D. only,05 - Turning movement,Civic Hospital - Experimental Farm - Central Park
2846,CARLING AVE @ PARKDALE AVE,365624.6023,5028172.181,-75.72319586,45.39084771,2016-02-18,15:54,01 - Clear,05 - Packed snow,01 - Traffic signal,03 - At intersection,01 - Daylight,03 - P.D. only,03 - Rear end,Civic Hospital - Experimental Farm - Central Park
2847,CARLING AVE @ PARKDALE AVE,365625.98,5028172.495,-75.72317823,45.39085042,2016-01-11,15:18,01 - Clear,01 - Dry,01 - Traffic signal,02 - Intersection related,01 - Daylight,03 - P.D. only,04 - Sideswipe,Civic Hospital - Experimental Farm - Central Park
2848,CARLING AVE @ PARKDALE AVE,365626.3706,5028172.87,-75.72317319,45.39085376,2016-03-10,15:23,02 - Rain,02 - Wet,01 - Traffic signal,03 - At intersection,01 - Daylight,03 - P.D. only,04 - Sideswipe,Civic Hospital - Experimental Farm - Central Park
2849,CARLING AVE @ PARKDALE AVE,365626.6534,5028171.748,-75.72316972,45.39084364,2016-02-23,18:35,03 - Snow,06 - Ice,01 - Traffic signal,02 - Intersection related,07 - Dark,03 - P.D. only,03 - Rear end,Civic Hospital - Experimental Farm - Central Park
2850,CARLING AVE @ PARKDALE AVE,365625.7527,5028171.961,-75.7231812,45.39084563,2016-08-08,22:02,01 - Clear,01 - Dry,01 - Traffic signal,03 - At intersection,07 - Dark,03 - P.D. only,04 - Sideswipe,Civic Hospital - Experimental Farm - Central Park
2851,CARLING AVE @ PARKDALE AVE,365626.8082,5028172.042,-75.72316771,45.39084627,2016-10-20,13:15,02 - Rain,02 - Wet,01 - Traffic signal,02 - Intersection related,01 - Daylight,03 - P.D. only,03 - Rear end,Civic Hospital - Experimental Farm - Central Park
2852,CARLING AVE @ PARKDALE AVE,365625.98,5028173.138,-75.72317815,45.3908562,2016-10-04,21:45,01 - Clear,01 - Dry,01 - Traffic signal,02 - Intersection related,07 - Dark,03 - P.D. only,03 - Rear end,Civic Hospital - Experimental Farm - Central Park
2853,CARLING AVE @ PARKDALE AVE,365625.1518,5028172.456,-75.72318881,45.39085014,2016-12-20,17:44,01 - Clear,02 - Wet,01 - Traffic signal,03 - At intersection,07 - Dark,03 - P.D. only,05 - Turning movement,Civic Hospital - Experimental Farm - Central Park
2854,CARLING AVE @ PARKDALE AVE,365628.4645,5028173.284,-75.7231464,45.3908573,2016-12-23,14:46,01 - Clear,02 - Wet,01 - Traffic signal,02 - Intersection related,01 - Daylight,03 - P.D. only,03 - Rear end,Glen Cairn - Kanata South Business Park
2855,CARLING AVE @ PARKDALE AVE,365627.6363,5028174.112,-75.72315688,45.39086482,2016-11-17,15:28,01 - Clear,01 - Dry,01 - Traffic signal,02 - Intersection related,01 - Daylight,03 - P.D. only,03 - Rear end,Civic Hospital - Experimental Farm - Central Park
2856,CARLING AVE @ PINECREST  RD/GREENVIEW AVE,360006.8952,5024631.869,-75.79533084,45.35945754,2016-09-03,15:35,01 - Clear,01 - Dry,01 - Traffic signal,03 - At intersection,01 - Daylight,02 - Non-fatal injury,02 - Angle,Civic Hospital - Experimental Farm - Central Park
2857,CARLING AVE @ PINECREST  RD/GREENVIEW AVE,360006.451,5024631.18,-75.79533659,45.35945138,2016-05-12,11:09,01 - Clear,01 - Dry,01 - Traffic signal,03 - At intersection,01 - Daylight,03 - P.D. only,05 - Turning movement,Civic Hospital - Experimental Farm - Central Park
2858,CARLING AVE @ PINECREST  RD/GREENVIEW AVE,360006.0171,5024632.308,-75.795342,45.35946156,2016-09-01,17:17,01 - Clear,01 - Dry,01 - Traffic signal,03 - At intersection,01 - Daylight,03 - P.D. only,05 - Turning movement,Civic Hospital - Experimental Farm - Central Park
2859,CARLING AVE @ PINECREST  RD/GREENVIEW AVE,360006.4562,5024632.748,-75.79533634,45.35946548,2016-10-16,14:45,02 - Rain,02 - Wet,01 - Traffic signal,03 - At intersection,01 - Daylight,03 - P.D. only,02 - Angle,Whitehaven - Queensway Terrace North
2860,CARLING AVE @ PINECREST  RD/GREENVIEW AVE,360007.0909,5024632.619,-75.79532826,45.35946427,2016-01-19,18:30,03 - Snow,02 - Wet,01 - Traffic signal,03 - At intersection,07 - Dark,03 - P.D. only,05 - Turning movement,Whitehaven - Queensway Terrace North
2861,CARLING AVE @ PINECREST  RD/GREENVIEW AVE,360007.3499,5024631.629,-75.79532506,45.35945535,2016-05-11,16:31,01 - Clear,01 - Dry,01 - Traffic signal,02 - Intersection related,01 - Daylight,03 - P.D. only,03 - Rear end,Whitehaven - Queensway Terrace North
2862,CARLING AVE @ PINECREST  RD/GREENVIEW AVE,360006.4512,5024632.304,-75.79533646,45.35946149,2016-04-30,11:20,01 - Clear,01 - Dry,01 - Traffic signal,02 - Intersection related,01 - Daylight,03 - P.D. only,03 - Rear end,Whitehaven - Queensway Terrace North
2863,CARLING AVE @ PINECREST  RD/GREENVIEW AVE,360006.4502,5024632.303,-75.79533647,45.35946148,2016-06-20,8:30,01 - Clear,01 - Dry,01 - Traffic signal,02 - Intersection related,01 - Daylight,03 - P.D. only,03 - Rear end,Whitehaven - Queensway Terrace North
2864,CARLING AVE @ PINECREST  RD/GREENVIEW AVE,360006.8952,5024633.626,-75.79533064,45.35947335,2016-05-11,21:18,01 - Clear,01 - Dry,01 - Traffic signal,03 - At intersection,07 - Dark,03 - P.D. only,04 - Sideswipe,Whitehaven - Queensway Terrace North
2865,CARLING AVE @ PINECREST  RD/GREENVIEW AVE,360005.5038,5024632.528,-75.79534852,45.35946358,2016-08-25,9:08,01 - Clear,01 - Dry,01 - Traffic signal,02 - Intersection related,01 - Daylight,03 - P.D. only,99 - Other,Whitehaven - Queensway Terrace North
2866,CARLING AVE @ PINECREST  RD/GREENVIEW AVE,360006.8952,5024633.626,-75.79533064,45.35947335,2016-11-20,20:59,03 - Snow,04 - Slush,01 - Traffic signal,03 - At intersection,07 - Dark,03 - P.D. only,02 - Angle,Whitehaven - Queensway Terrace North
2867,CARLING AVE @ PRESTON ST,366830.3918,5028935.553,-75.70770195,45.39761057,2016-07-06,8:39,01 - Clear,01 - Dry,01 - Traffic signal,02 - Intersection related,01 - Daylight,02 - Non-fatal injury,05 - Turning movement,Whitehaven - Queensway Terrace North
2868,CARLING AVE @ PRESTON ST,366830.1692,5028935.324,-75.70770482,45.39760853,2016-05-18,23:39,01 - Clear,01 - Dry,01 - Traffic signal,03 - At intersection,07 - Dark,02 - Non-fatal injury,05 - Turning movement,Whitehaven - Queensway Terrace North
2869,CARLING AVE @ PRESTON ST,366829.71,5028933.483,-75.70771092,45.39759201,2016-11-09,18:00,01 - Clear,01 - Dry,01 - Traffic signal,02 - Intersection related,07 - Dark,02 - Non-fatal injury,03 - Rear end,Whitehaven - Queensway Terrace North
2870,CARLING AVE @ PRESTON ST,366829.9373,5028936.462,-75.70770764,45.39761879,2016-07-23,23:13,01 - Clear,01 - Dry,01 - Traffic signal,02 - Intersection related,07 - Dark,03 - P.D. only,03 - Rear end,Centretown West
2871,CARLING AVE @ REC PATH/525M E OF HOLLY ACRES,358675.9685,5023773.639,-75.81241128,45.35183872,2016-09-09,15:57,01 - Clear,01 - Dry,01 - Traffic signal,03 - At intersection,01 - Daylight,02 - Non-fatal injury,02 - Angle,Centretown West
2872,CARLING AVE @ RICHARDSON SIDE RD,351834.3475,5022269.69,-75.89986489,45.33879815,2016-02-13,2:00,01 - Clear,03 - Loose snow,02 - Stop sign,02 - Intersection related,07 - Dark,03 - P.D. only,07 - SMV other,Centretown West
2873,CARLING AVE @ RICHMOND RD,360244.9972,5024781.512,-75.79227512,45.36078523,2016-08-01,16:30,01 - Clear,01 - Dry,01 - Traffic signal,03 - At intersection,01 - Daylight,02 - Non-fatal injury,02 - Angle,Centretown West
2874,CARLING AVE @ RICHMOND RD,360245.7799,5024781.448,-75.79226513,45.3607846,2016-01-25,8:58,01 - Clear,04 - Slush,01 - Traffic signal,02 - Intersection related,01 - Daylight,02 - Non-fatal injury,03 - Rear end,Bayshore
2875,CARLING AVE @ RICHMOND RD,360245.2771,5024782.033,-75.79227148,45.3607899,2016-03-11,19:21,01 - Clear,01 - Dry,01 - Traffic signal,02 - Intersection related,07 - Dark,02 - Non-fatal injury,03 - Rear end,South March
2876,CARLING AVE @ RICHMOND RD,360245.4543,5024781.962,-75.79226923,45.36078925,2016-05-11,7:58,01 - Clear,01 - Dry,01 - Traffic signal,02 - Intersection related,01 - Daylight,03 - P.D. only,03 - Rear end,Whitehaven - Queensway Terrace North
2877,CARLING AVE @ RICHMOND RD,360245.8985,5024781.732,-75.79226359,45.36078714,2016-10-30,10:02,01 - Clear,01 - Dry,01 - Traffic signal,03 - At intersection,01 - Daylight,03 - P.D. only,02 - Angle,Whitehaven - Queensway Terrace North
2878,CARLING AVE @ RICHMOND RD,360245.0204,5024782.171,-75.79227474,45.36079116,2016-02-01,15:30,01 - Clear,01 - Dry,01 - Traffic signal,02 - Intersection related,01 - Daylight,03 - P.D. only,03 - Rear end,Whitehaven - Queensway Terrace North
2879,CARLING AVE @ RICHMOND RD,360246.3449,5024781.29,-75.79225794,45.36078313,2016-01-09,23:14,01 - Clear,02 - Wet,01 - Traffic signal,03 - At intersection,07 - Dark,03 - P.D. only,02 - Angle,Whitehaven - Queensway Terrace North
2880,CARLING AVE @ RICHMOND RD,360245.4595,5024781.293,-75.79226924,45.36078323,2016-01-21,15:42,01 - Clear,01 - Dry,01 - Traffic signal,03 - At intersection,01 - Daylight,03 - P.D. only,04 - Sideswipe,Whitehaven - Queensway Terrace North
2881,CARLING AVE @ RICHMOND RD,360244.5813,5024782.171,-75.79228035,45.3607912,2016-01-20,15:23,01 - Clear,02 - Wet,01 - Traffic signal,02 - Intersection related,01 - Daylight,03 - P.D. only,03 - Rear end,Whitehaven - Queensway Terrace North
2882,CARLING AVE @ RICHMOND RD,360245.0026,5024781.287,-75.79227507,45.36078321,2016-05-25,11:54,01 - Clear,01 - Dry,01 - Traffic signal,02 - Intersection related,01 - Daylight,03 - P.D. only,07 - SMV other,Whitehaven - Queensway Terrace North
2883,CARLING AVE @ RICHMOND RD,360246.7988,5024781.736,-75.7922521,45.36078711,2016-03-09,10:06,01 - Clear,02 - Wet,01 - Traffic signal,02 - Intersection related,01 - Daylight,03 - P.D. only,03 - Rear end,Whitehaven - Queensway Terrace North
2884,CARLING AVE @ RICHMOND RD,360245.9045,5024781.287,-75.79226356,45.36078314,2016-06-08,10:17,01 - Clear,01 - Dry,01 - Traffic signal,02 - Intersection related,01 - Daylight,03 - P.D. only,03 - Rear end,Whitehaven - Queensway Terrace North
2885,CARLING AVE @ RICHMOND RD,360244.8508,5024781.926,-75.79227694,45.36078897,2016-12-09,8:05,01 - Clear,06 - Ice,01 - Traffic signal,02 - Intersection related,01 - Daylight,03 - P.D. only,03 - Rear end,Whitehaven - Queensway Terrace North
2886,CARLING AVE @ RICHMOND RD,360246.5072,5024782.755,-75.7922557,45.3607963,2016-12-19,8:45,01 - Clear,04 - Slush,01 - Traffic signal,02 - Intersection related,01 - Daylight,03 - P.D. only,03 - Rear end,Whitehaven - Queensway Terrace North
2887,CARLING AVE @ RICHMOND RD,360244.8508,5024783.583,-75.79227675,45.36080388,2016-12-23,2:43,01 - Clear,02 - Wet,01 - Traffic signal,02 - Intersection related,07 - Dark,03 - P.D. only,07 - SMV other,Whitehaven - Queensway Terrace North
2888,CARLING AVE @ RICHMOND RD,360246.5072,5024782.755,-75.7922557,45.3607963,2016-12-09,9:20,01 - Clear,06 - Ice,01 - Traffic signal,02 - Intersection related,01 - Daylight,03 - P.D. only,03 - Rear end,Whitehaven - Queensway Terrace North
2889,CARLING AVE @ RIFLE RD,353890.8652,5023314.046,-75.87352264,45.34805453,2016-07-08,12:37,01 - Clear,01 - Dry,02 - Stop sign,03 - At intersection,01 - Daylight,03 - P.D. only,05 - Turning movement,Whitehaven - Queensway Terrace North
2890,CARLING AVE @ RITCHIE ST,359587.9856,5024366.512,-75.80070688,45.35710272,2016-07-26,14:58,01 - Clear,01 - Dry,01 - Traffic signal,02 - Intersection related,01 - Daylight,03 - P.D. only,03 - Rear end,Whitehaven - Queensway Terrace North
2891,CARLING AVE @ RITCHIE ST,359588.4479,5024367.171,-75.8007009,45.35710862,2016-10-06,1:29,01 - Clear,01 - Dry,01 - Traffic signal,02 - Intersection related,07 - Dark,03 - P.D. only,02 - Angle,Whitehaven - Queensway Terrace North
2892,CARLING AVE @ ROCHESTER ST,366992.9379,5029042.554,-75.7056125,45.39855892,2016-05-04,18:03,01 - Clear,01 - Dry,02 - Stop sign,02 - Intersection related,01 - Daylight,03 - P.D. only,03 - Rear end,Greenbelt
2893,CARLING AVE @ ROSEVIEW AVE,359357.5736,5024198.408,-75.8036661,45.35560809,2016-12-06,7:50,01 - Clear,01 - Dry,02 - Stop sign,03 - At intersection,03 - Dawn,03 - P.D. only,02 - Angle,Crystal Bay - Lakeview Park - Britannia Village
2894,CARLING AVE @ SCRIVENS ST,359423.8953,5024258.512,-75.80281304,45.35614374,2016-07-22,13:37,01 - Clear,01 - Dry,01 - Traffic signal,03 - At intersection,01 - Daylight,02 - Non-fatal injury,03 - Rear end,Crystal Bay - Lakeview Park - Britannia Village
2895,CARLING AVE @ SCRIVENS ST,359424.3339,5024259.178,-75.80280737,45.3561497,2016-02-16,10:38,03 - Snow,03 - Loose snow,01 - Traffic signal,02 - Intersection related,01 - Daylight,03 - P.D. only,03 - Rear end,Centretown West
2896,CARLING AVE @ SHERWOOD DR,366485.047,5028717.772,-75.71213976,45.39568154,2016-01-05,9:01,01 - Clear,06 - Ice,01 - Traffic signal,02 - Intersection related,01 - Daylight,03 - P.D. only,03 - Rear end,Whitehaven - Queensway Terrace North
2897,CARLING AVE @ TAVISTOCK RD,360699.3353,5025069.301,-75.78644364,45.36333867,2016-02-08,13:16,01 - Clear,01 - Dry,02 - Stop sign,03 - At intersection,01 - Daylight,03 - P.D. only,02 - Angle,Bayshore
2898,CARLING AVE @ WESTGATE SC E,364799.926,5027658.477,-75.73378948,45.38629664,2016-07-22,12:53,01 - Clear,01 - Dry,01 - Traffic signal,03 - At intersection,01 - Daylight,02 - Non-fatal injury,07 - SMV other,Bayshore
2899,CARLING AVE @ WESTGATE SC E,364800.9752,5027659.039,-75.73377602,45.38630161,2016-10-31,12:53,01 - Clear,01 - Dry,01 - Traffic signal,02 - Intersection related,01 - Daylight,03 - P.D. only,99 - Other,Centretown West
2900,CARLING AVE @ WESTGATE SC E,364800.5216,5027658.173,-75.73378191,45.38629385,2016-09-23,9:15,01 - Clear,02 - Wet,01 - Traffic signal,03 - At intersection,01 - Daylight,03 - P.D. only,05 - Turning movement,Whitehaven - Queensway Terrace North
2901,CARLING AVE @ WESTGATE SC E,364800.5439,5027659.258,-75.7337815,45.38630362,2016-07-05,12:34,01 - Clear,01 - Dry,01 - Traffic signal,02 - Intersection related,01 - Daylight,03 - P.D. only,03 - Rear end,Carlington
2902,CARLING AVE @ WOODROFFE AVE W,361767.025,5025724.855,-75.77274006,45.36915134,2016-01-14,19:03,01 - Clear,04 - Slush,01 - Traffic signal,02 - Intersection related,07 - Dark,02 - Non-fatal injury,03 - Rear end,Carlington
2903,CARLING AVE @ WOODROFFE AVE W,361767.4641,5025725.294,-75.77273441,45.36915525,2016-09-09,16:27,01 - Clear,01 - Dry,01 - Traffic signal,03 - At intersection,01 - Daylight,02 - Non-fatal injury,05 - Turning movement,Carlington
2904,CARLING AVE @ WOODROFFE AVE W,361767.0177,5025725.292,-75.7727401,45.36915527,2016-02-19,9:09,01 - Clear,04 - Slush,01 - Traffic signal,02 - Intersection related,01 - Daylight,03 - P.D. only,03 - Rear end,Carlington
2905,CARLING AVE @ WOODROFFE AVE W,361770.1681,5025725.099,-75.77269991,45.36915328,2016-10-24,7:56,01 - Clear,01 - Dry,01 - Traffic signal,02 - Intersection related,01 - Daylight,03 - P.D. only,03 - Rear end,Carlingwood West - Glabar Park - McKellar Heights
2906,CARLING AVE @ WOODROFFE AVE W,361768.0742,5025723.951,-75.77272677,45.36914312,2016-06-08,8:36,01 - Clear,01 - Dry,01 - Traffic signal,02 - Intersection related,01 - Daylight,03 - P.D. only,04 - Sideswipe,Carlingwood West - Glabar Park - McKellar Heights
2907,CARLING AVE @ WOODROFFE AVE W,361768.5659,5025725.753,-75.77272029,45.36915929,2016-03-14,15:15,02 - Rain,02 - Wet,01 - Traffic signal,02 - Intersection related,01 - Daylight,03 - P.D. only,03 - Rear end,Carlingwood West - Glabar Park - McKellar Heights
2908,CARLING AVE @ WOODROFFE AVE W,361767.4641,5025725.294,-75.77273441,45.36915525,2016-03-27,13:29,01 - Clear,01 - Dry,01 - Traffic signal,02 - Intersection related,01 - Daylight,03 - P.D. only,04 - Sideswipe,Carlingwood West - Glabar Park - McKellar Heights
2909,CARLING AVE @ WOODROFFE AVE W,361767.0094,5025725.064,-75.77274024,45.36915322,2016-05-17,15:51,01 - Clear,01 - Dry,01 - Traffic signal,02 - Intersection related,01 - Daylight,03 - P.D. only,03 - Rear end,Carlingwood West - Glabar Park - McKellar Heights
2910,CARLING AVE @ WOODROFFE AVE W,361767.6836,5025725.099,-75.77273163,45.36915348,2016-09-26,19:28,01 - Clear,01 - Dry,01 - Traffic signal,03 - At intersection,05 - Dusk,03 - P.D. only,03 - Rear end,Carlingwood West - Glabar Park - McKellar Heights
2911,CARLING AVE @ WOODROFFE AVE W,361767.025,5025725.294,-75.77274001,45.36915529,2016-10-03,23:44,01 - Clear,01 - Dry,01 - Traffic signal,03 - At intersection,07 - Dark,03 - P.D. only,02 - Angle,Carlingwood West - Glabar Park - McKellar Heights
2912,CARLING AVE @ WOODROFFE AVE W,361767.8718,5025725.334,-75.7727292,45.36915558,2016-12-03,13:07,01 - Clear,01 - Dry,01 - Traffic signal,02 - Intersection related,01 - Daylight,03 - P.D. only,04 - Sideswipe,Carlingwood West - Glabar Park - McKellar Heights
2913,CARLING AVE @ WOODROFFE AVE W,361767.6836,5025725.928,-75.77273153,45.36916094,2016-12-18,10:45,03 - Snow,03 - Loose snow,01 - Traffic signal,03 - At intersection,01 - Daylight,03 - P.D. only,05 - Turning movement,Carlingwood West - Glabar Park - McKellar Heights
2914,CARLING AVE @ WOODROFFE AVE W,361767.4641,5025724.855,-75.77273446,45.3691513,2016-09-15,17:51,01 - Clear,01 - Dry,01 - Traffic signal,02 - Intersection related,01 - Daylight,03 - P.D. only,05 - Turning movement,Carlingwood West - Glabar Park - McKellar Heights
2915,CARLING AVE @ WOODROFFE AVE W,361767.6836,5025725.099,-75.77273163,45.36915348,2016-11-23,6:45,01 - Clear,06 - Ice,01 - Traffic signal,02 - Intersection related,07 - Dark,03 - P.D. only,07 - SMV other,Carlingwood West - Glabar Park - McKellar Heights
2916,CARLING AVE @ WOODROFFE AVE W,361767.4641,5025724.855,-75.77273446,45.3691513,2016-11-25,14:01,01 - Clear,04 - Slush,01 - Traffic signal,02 - Intersection related,01 - Daylight,03 - P.D. only,04 - Sideswipe,Carlingwood West - Glabar Park - McKellar Heights
2917,CARLING AVE @ WYLIE AVE,359140.1948,5024076.794,-75.80645373,45.35453069,2016-11-25,17:30,02 - Rain,02 - Wet,02 - Stop sign,02 - Intersection related,07 - Dark,03 - P.D. only,03 - Rear end,Carlingwood West - Glabar Park - McKellar Heights
2918,CARLING AVE btwn ARCHIBALD ST & 73 E OF ARCHIBALD ST/WESTGATE SC W,364680.0275,5027565.121,-75.7353318,45.3854669,2016-02-16,19:01,03 - Snow,03 - Loose snow,10 - No control,04 - At/near private drive,07 - Dark,02 - Non-fatal injury,03 - Rear end,Carlingwood West - Glabar Park - McKellar Heights
2919,CARLING AVE btwn BEDALE DR & NAUTICA PRIV,357418.391,5023632.938,-75.82847488,45.35066817,2016-06-29,21:31,01 - Clear,01 - Dry,10 - No control,04 - At/near private drive,07 - Dark,03 - P.D. only,05 - Turning movement,Carlingwood West - Glabar Park - McKellar Heights
2920,CARLING AVE btwn BURKE RD & DEFENSE  RESEARCH COMPLEX,352919.4126,5022713.258,-75.88597764,45.34271587,2016-11-03,23:00,01 - Clear,02 - Wet,10 - No control,01 - Non intersection,07 - Dark,03 - P.D. only,07 - SMV other,Bayshore
2921,CARLING AVE btwn DAVIDSON'S SIDE RD & GRANDVIEW RD,355630.7001,5024088.651,-75.85124136,45.35490057,2016-04-06,17:44,03 - Snow,03 - Loose snow,10 - No control,01 - Non intersection,01 - Daylight,02 - Non-fatal injury,01 - Approaching,Carlington
2922,CARLING AVE btwn DAVIDSON'S SIDE RD & GRANDVIEW RD,355631.4674,5024089.614,-75.85123147,45.35490918,2016-09-27,18:08,01 - Clear,01 - Dry,10 - No control,01 - Non intersection,01 - Daylight,02 - Non-fatal injury,07 - SMV other,Crystal Bay - Lakeview Park - Britannia Village
2923,CARLING AVE btwn DAVIDSON'S SIDE RD & GRANDVIEW RD,354331.3897,5023586.289,-75.86787392,45.35047324,2016-11-15,18:00,01 - Clear,01 - Dry,10 - No control,01 - Non intersection,07 - Dark,03 - P.D. only,07 - SMV other,Greenbelt
2924,CARLING AVE btwn DAVIDSON'S SIDE RD & GRANDVIEW RD,355149.9482,5024076.807,-75.85737807,45.35482868,2016-02-13,12:07,01 - Clear,01 - Dry,10 - No control,01 - Non intersection,01 - Daylight,03 - P.D. only,07 - SMV other,Greenbelt
2925,CARLING AVE btwn DAVIDSON'S SIDE RD & GRANDVIEW RD,355673.9196,5024071.603,-75.85069153,45.35474403,2016-04-30,10:00,01 - Clear,01 - Dry,10 - No control,01 - Non intersection,01 - Daylight,03 - P.D. only,07 - SMV other,Greenbelt
2926,CARLING AVE btwn DEFENSE  RESEARCH COMPLEX & RIFLE RD,353763.9298,5023233.755,-75.87515039,45.34734094,2016-10-21,18:47,02 - Rain,02 - Wet,10 - No control,01 - Non intersection,07 - Dark,02 - Non-fatal injury,03 - Rear end,Crystal Bay - Lakeview Park - Britannia Village
2927,CARLING AVE btwn DEFENSE  RESEARCH COMPLEX & RIFLE RD,353804.7304,5023261.062,-75.87462704,45.3475838,2016-05-22,2:06,01 - Clear,01 - Dry,10 - No control,01 - Non intersection,07 - Dark,02 - Non-fatal injury,07 - SMV other,Crystal Bay - Lakeview Park - Britannia Village
2928,CARLING AVE btwn DEFENSE  RESEARCH COMPLEX & RIFLE RD,353468.5374,5023048.424,-75.87893803,45.34569386,2016-01-21,7:50,01 - Clear,01 - Dry,10 - No control,06 - Underpass or tunnel,03 - Dawn,03 - P.D. only,03 - Rear end,Greenbelt
2929,CARLING AVE btwn DEFENSE  RESEARCH COMPLEX & RIFLE RD,353806.1659,5023261.085,-75.87460872,45.34758391,2016-11-14,22:00,01 - Clear,01 - Dry,10 - No control,01 - Non intersection,07 - Dark,03 - P.D. only,07 - SMV other,Greenbelt
2930,CARLING AVE btwn MARCH RD & SCHNEIDER RD,351134.6283,5022193.002,-75.90879966,45.33815466,2016-10-19,12:53,01 - Clear,01 - Dry,10 - No control,04 - At/near private drive,01 - Daylight,02 - Non-fatal injury,03 - Rear end,Greenbelt