Record,Location,X,Y,lon,lat,Date,Time,Environment,Road_Surface,Traffic_Control,Collision_Location,Light,Collision_Classification,Impact_type,Neighborhood
2931,CARLING AVE btwn MARCH RD & SCHNEIDER RD,351001.4707,5022265.445,-75.91049181,45.3388153,2016-01-21,9:12,01 - Clear,02 - Wet,10 - No control,01 - Non intersection,01 - Daylight,03 - P.D. only,03 - Rear end,Greenbelt
2932,CARLING AVE btwn MARCH RD & SCHNEIDER RD,351228.1114,5022182.154,-75.90760796,45.33805087,2016-10-13,13:07,01 - Clear,01 - Dry,10 - No control,04 - At/near private drive,01 - Daylight,03 - P.D. only,02 - Angle,Greenbelt
2933,CARLING AVE btwn MOODIE DR & GRANDVIEW RD,355821.1939,5024012.154,-75.84881812,45.35419841,2016-09-01,20:16,01 - Clear,01 - Dry,10 - No control,01 - Non intersection,07 - Dark,03 - P.D. only,07 - SMV other,South March
2934,CARLING AVE btwn MOODIE DR & GRANDVIEW RD,355859.2118,5023995.896,-75.8483346,45.35404935,2016-11-28,17:14,01 - Clear,01 - Dry,10 - No control,01 - Non intersection,07 - Dark,03 - P.D. only,07 - SMV other,South March
2935,CARLING AVE btwn MOODIE DR & JAMES CUMMINGS AVE,356102.4233,5023892.066,-75.84524149,45.35309733,2016-09-26,8:44,01 - Clear,01 - Dry,10 - No control,01 - Non intersection,01 - Daylight,02 - Non-fatal injury,04 - Sideswipe,South March
2936,CARLING AVE btwn MOODIE DR & JAMES CUMMINGS AVE,356109.1549,5023890.238,-75.84515577,45.35308038,2016-07-30,5:29,01 - Clear,01 - Dry,10 - No control,01 - Non intersection,03 - Dawn,03 - P.D. only,07 - SMV other,Crystal Bay - Lakeview Park - Britannia Village
2937,CARLING AVE btwn MOODIE DR & TURN LANE,356045.0143,5023919.542,-75.84597129,45.35334875,2016-08-15,16:55,01 - Clear,01 - Dry,10 - No control,01 - Non intersection,01 - Daylight,03 - P.D. only,99 - Other,Greenbelt
2938,CARLING AVE btwn RICHARDSON SIDE RD & HERZBERG RD,351979.8246,5022292.516,-75.8980066,45.33899378,2016-01-26,8:27,01 - Clear,02 - Wet,10 - No control,01 - Non intersection,01 - Daylight,02 - Non-fatal injury,03 - Rear end,Crystal Bay - Lakeview Park - Britannia Village
2939,CARLING AVE btwn RIFLE RD & DAVIDSON'S SIDE RD,354248.7649,5023535.456,-75.86893341,45.35002167,2016-04-13,18:24,01 - Clear,01 - Dry,10 - No control,01 - Non intersection,01 - Daylight,02 - Non-fatal injury,03 - Rear end,Crystal Bay - Lakeview Park - Britannia Village
2940,CARLING AVE btwn RIFLE RD & DAVIDSON'S SIDE RD,354045.8652,5023411.773,-75.87153498,45.34892303,2016-08-11,21:44,01 - Clear,01 - Dry,10 - No control,01 - Non intersection,07 - Dark,02 - Non-fatal injury,07 - SMV other,Crystal Bay - Lakeview Park - Britannia Village
2941,CARLING AVE btwn RIFLE RD & DAVIDSON'S SIDE RD,354265.0472,5023546.697,-75.8687245,45.35012167,2016-08-10,1:12,01 - Clear,01 - Dry,10 - No control,01 - Non intersection,07 - Dark,03 - P.D. only,07 - SMV other,South March
2942,CARLING AVE btwn RIFLE RD & DAVIDSON'S SIDE RD,353920.4516,5023335.619,-75.87314295,45.34824658,2016-11-24,6:40,03 - Snow,04 - Slush,10 - No control,01 - Non intersection,07 - Dark,03 - P.D. only,07 - SMV other,Greenbelt
2943,CARLING AVE btwn TURN LANE & MOODIE DR,355984.1188,5023944.392,-75.84674586,45.3535768,2016-02-26,23:00,01 - Clear,01 - Dry,10 - No control,01 - Non intersection,07 - Dark,03 - P.D. only,07 - SMV other,Greenbelt
2944,CARLING AVE btwn ULLSWATER DR & SUNNY BRAE AVE,356722.4163,5023824.721,-75.83733629,45.35244572,2016-09-12,7:40,01 - Clear,01 - Dry,10 - No control,01 - Non intersection,01 - Daylight,02 - Non-fatal injury,03 - Rear end,Crystal Bay - Lakeview Park - Britannia Village
2945,CARLING AVE btwn ULLSWATER DR & SUNNY BRAE AVE,356864.0757,5023819.619,-75.83552901,45.35238931,2016-05-12,10:30,01 - Clear,01 - Dry,10 - No control,04 - At/near private drive,01 - Daylight,03 - P.D. only,02 - Angle,Greenbelt
2946,CARLING AVE btwn ULLSWATER DR & SUNNY BRAE AVE,356862.8874,5023819.619,-75.83554418,45.35238939,2016-02-16,7:38,03 - Snow,04 - Slush,10 - No control,04 - At/near private drive,01 - Daylight,03 - P.D. only,03 - Rear end,Greenbelt
2947,CARLING AVE EB @ SAIGON CRT,364068.9825,5027114.619,-75.74318825,45.38146533,2016-01-11,14:10,01 - Clear,01 - Dry,02 - Stop sign,02 - Intersection related,01 - Daylight,03 - P.D. only,04 - Sideswipe,Crystal Bay - Lakeview Park - Britannia Village
2948,CARLING AVE EB @ SAIGON CRT,364069.4986,5027113.32,-75.74318181,45.3814536,2016-10-22,1:14,02 - Rain,02 - Wet,02 - Stop sign,03 - At intersection,07 - Dark,03 - P.D. only,05 - Turning movement,Crystal Bay - Lakeview Park - Britannia Village
2949,CARLING AVE EB btwn BAYSHORE DR & CARLING AVE,359146.8046,5024064.777,-75.8063707,45.35442205,2016-07-22,19:07,01 - Clear,01 - Dry,10 - No control,04 - At/near private drive,01 - Daylight,03 - P.D. only,05 - Turning movement,Crystal Bay - Lakeview Park - Britannia Village
2950,CARLING AVE EB btwn CARLING AVE & ROSEVIEW AVE,359349.6926,5024194.568,-75.8037671,45.35557415,2016-04-21,9:02,01 - Clear,01 - Dry,10 - No control,01 - Non intersection,01 - Daylight,03 - P.D. only,04 - Sideswipe,Westboro
2951,CARLING AVE EB btwn CARLING AVE EB OFF RAMP/OTTAWA RIVER PKWY & TRANSI,360932.3968,5025198.543,-75.78345415,45.36448295,2016-04-26,16:46,01 - Clear,01 - Dry,10 - No control,01 - Non intersection,01 - Daylight,03 - P.D. only,03 - Rear end,Westboro
2952,CARLING AVE EB btwn CARLINGWOOD SC & AARON AVE,362104.0138,5025938.538,-75.76841351,45.37104656,2016-05-17,15:10,01 - Clear,01 - Dry,10 - No control,01 - Non intersection,01 - Daylight,03 - P.D. only,04 - Sideswipe,Bayshore
2953,CARLING AVE EB btwn CONNAUGHT AVE & CARLING AVE EB ON RAMP/OTTAWA RIVE,360802.2671,5025116.606,-75.78512445,45.3637561,2016-08-05,7:02,01 - Clear,01 - Dry,10 - No control,01 - Non intersection,01 - Daylight,03 - P.D. only,03 - Rear end,Whitehaven - Queensway Terrace North
2954,CARLING AVE EB btwn DUNDEE AVE & IVANHOE AVE,360421.2544,5024875.465,-75.79001489,45.36161666,2016-03-29,7:46,01 - Clear,01 - Dry,10 - No control,01 - Non intersection,01 - Daylight,02 - Non-fatal injury,03 - Rear end,Whitehaven - Queensway Terrace North
2955,CARLING AVE EB btwn DUNDEE AVE & IVANHOE AVE,360415.7721,5024871.194,-75.79008534,45.36157866,2016-10-22,14:09,02 - Rain,02 - Wet,10 - No control,01 - Non intersection,01 - Daylight,03 - P.D. only,04 - Sideswipe,Carlingwood West - Glabar Park - McKellar Heights
2956,CARLING AVE EB btwn EDGEWORTH AVE & FOX CRES,361400.0064,5025497.524,-75.77745121,45.36713556,2016-05-17,7:51,01 - Clear,01 - Dry,10 - No control,01 - Non intersection,01 - Daylight,03 - P.D. only,03 - Rear end,Whitehaven - Queensway Terrace North
2957,CARLING AVE EB btwn EDGEWORTH AVE & FOX CRES,361483.3051,5025550.36,-75.77638185,45.36760425,2016-04-05,8:27,01 - Clear,01 - Dry,10 - No control,01 - Non intersection,01 - Daylight,03 - P.D. only,03 - Rear end,Whitehaven - Queensway Terrace North
2958,CARLING AVE EB btwn EDGEWORTH AVE & FOX CRES,361407.2737,5025502.169,-75.77735791,45.36717677,2016-07-22,15:18,01 - Clear,01 - Dry,10 - No control,04 - At/near private drive,01 - Daylight,03 - P.D. only,02 - Angle,Whitehaven - Queensway Terrace North
2959,CARLING AVE EB btwn EDGEWORTH AVE & FOX CRES,361492.8123,5025555.529,-75.7762599,45.36764999,2016-07-29,19:08,01 - Clear,01 - Dry,10 - No control,01 - Non intersection,01 - Daylight,03 - P.D. only,03 - Rear end,Whitehaven - Queensway Terrace North
2960,CARLING AVE EB btwn FISHER AVE & ISLAND PARK DR,365337.0639,5027975.808,-75.72689183,45.3891057,2016-02-22,10:51,01 - Clear,01 - Dry,10 - No control,01 - Non intersection,01 - Daylight,03 - P.D. only,04 - Sideswipe,Carlingwood West - Glabar Park - McKellar Heights
2961,CARLING AVE EB btwn FOX CRES & WOODROFFE AVE,361529.5299,5025577.505,-75.77578868,45.36784476,2016-10-12,9:27,01 - Clear,01 - Dry,10 - No control,01 - Non intersection,01 - Daylight,02 - Non-fatal injury,07 - SMV other,Whitehaven - Queensway Terrace North
2962,CARLING AVE EB btwn FOX CRES & WOODROFFE AVE,361748.2924,5025713.789,-75.77298046,45.36905329,2016-05-30,7:45,01 - Clear,01 - Dry,10 - No control,01 - Non intersection,01 - Daylight,03 - P.D. only,04 - Sideswipe,Carlingwood West - Glabar Park - McKellar Heights
2963,CARLING AVE EB btwn FOX CRES & WOODROFFE AVE,361593.5892,5025618.159,-75.77496629,45.36820537,2016-08-17,14:52,01 - Clear,01 - Dry,10 - No control,01 - Non intersection,01 - Daylight,03 - P.D. only,04 - Sideswipe,Civic Hospital - Experimental Farm - Central Park
2964,CARLING AVE EB btwn FOX CRES & WOODROFFE AVE,361694.2745,5025679.15,-75.77367401,45.36874599,2016-07-27,18:20,01 - Clear,01 - Dry,10 - No control,01 - Non intersection,01 - Daylight,03 - P.D. only,04 - Sideswipe,Carlingwood West - Glabar Park - McKellar Heights
2965,CARLING AVE EB btwn FOX CRES & WOODROFFE AVE,361720.4786,5025694.458,-75.77333774,45.36888161,2016-11-09,17:24,01 - Clear,01 - Dry,10 - No control,01 - Non intersection,07 - Dark,03 - P.D. only,03 - Rear end,Carlingwood West - Glabar Park - McKellar Heights
2966,CARLING AVE EB btwn GRENON AVE & MOORE AVE,359763.0293,5024460.052,-75.79846245,45.35793069,2016-12-09,23:33,01 - Clear,06 - Ice,10 - No control,01 - Non intersection,07 - Dark,03 - P.D. only,07 - SMV other,Carlingwood West - Glabar Park - McKellar Heights
2967,CARLING AVE EB btwn HIGH ST & PINECREST RD,360001.7374,5024614.122,-75.79539865,45.35929826,2016-05-06,8:00,01 - Clear,01 - Dry,10 - No control,01 - Non intersection,01 - Daylight,03 - P.D. only,04 - Sideswipe,Carlingwood West - Glabar Park - McKellar Heights
2968,CARLING AVE EB btwn HWY417 IC124 RAMP57 & KIRKWOOD AVE,364291.5451,5027255.64,-75.74032958,45.38271535,2016-03-14,1:25,01 - Clear,01 - Dry,10 - No control,01 - Non intersection,07 - Dark,03 - P.D. only,07 - SMV other,Carlingwood West - Glabar Park - McKellar Heights
2969,CARLING AVE EB btwn HWY417 IC124 RAMP57 & KIRKWOOD AVE,364260.5258,5027217.994,-75.74073017,45.38237925,2016-03-31,15:15,02 - Rain,02 - Wet,10 - No control,01 - Non intersection,01 - Daylight,03 - P.D. only,04 - Sideswipe,Whitehaven - Queensway Terrace North
2970,CARLING AVE EB btwn HWY417 IC124 RAMP57 & KIRKWOOD AVE,364292.7161,5027258.643,-75.74031426,45.38274227,2016-08-23,13:18,01 - Clear,01 - Dry,10 - No control,01 - Non intersection,01 - Daylight,03 - P.D. only,04 - Sideswipe,Whitehaven - Queensway Terrace North
2971,CARLING AVE EB btwn IVANHOE AVE & ALPINE AVE,360487.5673,5024916.432,-75.78916388,45.36198001,2016-12-14,15:27,01 - Clear,02 - Wet,10 - No control,04 - At/near private drive,01 - Daylight,02 - Non-fatal injury,05 - Turning movement,Carlington
2972,CARLING AVE EB btwn KIRKWOOD AVE & HWY417 IC124 RAMP55,364378.9233,5027377.066,-75.73919926,45.38380049,2016-10-20,12:27,02 - Rain,02 - Wet,10 - No control,01 - Non intersection,01 - Daylight,02 - Non-fatal injury,07 - SMV other,Carlington
2973,CARLING AVE EB btwn RIDDELL AVE N & MAITLAND AVE,362920.9635,5026458.889,-75.75792336,45.37566134,2016-01-18,10:00,01 - Clear,03 - Loose snow,10 - No control,01 - Non intersection,01 - Daylight,03 - P.D. only,03 - Rear end,Carlington
2974,CARLING AVE EB btwn RIDDELL AVE N & MAITLAND AVE,362905.1979,5026448.527,-75.75812585,45.37556941,2016-07-28,15:21,01 - Clear,01 - Dry,10 - No control,01 - Non intersection,01 - Daylight,03 - P.D. only,03 - Rear end,Whitehaven - Queensway Terrace North
2975,CARLING AVE EB btwn SCRIVENS ST & GRENON AVE,359570.4775,5024336.018,-75.8009337,45.35682971,2016-12-03,15:13,01 - Clear,01 - Dry,10 - No control,04 - At/near private drive,01 - Daylight,02 - Non-fatal injury,07 - SMV other,Carlington
2976,CARLING AVE EB btwn WOODROFFE AVE & WOODROFFE AVE,361925.6402,5025825.306,-75.77070368,45.37004227,2016-01-14,17:08,01 - Clear,01 - Dry,10 - No control,01 - Non intersection,05 - Dusk,03 - P.D. only,03 - Rear end,Carlingwood West - Glabar Park - McKellar Heights
2977,CARLING AVE EB btwn WOODROFFE AVE & WOODROFFE AVE,361796.3195,5025746.032,-75.77236367,45.3693395,2016-05-05,16:06,01 - Clear,01 - Dry,10 - No control,01 - Non intersection,01 - Daylight,03 - P.D. only,04 - Sideswipe,Carlingwood West - Glabar Park - McKellar Heights
2978,CARLING AVE WB @ SAIGON CRT,364064.5875,5027195.379,-75.74323467,45.38219237,2016-06-30,14:59,01 - Clear,01 - Dry,01 - Traffic signal,03 - At intersection,01 - Daylight,02 - Non-fatal injury,05 - Turning movement,Whitehaven - Queensway Terrace North
2979,CARLING AVE WB @ SAIGON CRT,364065.4894,5027194.918,-75.74322321,45.38218814,2016-01-04,15:23,01 - Clear,01 - Dry,01 - Traffic signal,03 - At intersection,01 - Daylight,02 - Non-fatal injury,02 - Angle,Carlingwood West - Glabar Park - McKellar Heights
2980,CARLING AVE WB @ SAIGON CRT,364064.6374,5027195.723,-75.74323399,45.38219546,2016-09-27,12:13,01 - Clear,01 - Dry,01 - Traffic signal,03 - At intersection,01 - Daylight,02 - Non-fatal injury,02 - Angle,Carlingwood West - Glabar Park - McKellar Heights
2981,CARLING AVE WB @ SAIGON CRT,364064.5875,5027195.865,-75.74323461,45.38219674,2016-07-12,15:11,01 - Clear,01 - Dry,01 - Traffic signal,03 - At intersection,01 - Daylight,03 - P.D. only,05 - Turning movement,Westboro
2982,CARLING AVE WB @ SAIGON CRT,364064.4427,5027196.395,-75.74323639,45.38220152,2016-12-13,1:56,03 - Snow,04 - Slush,01 - Traffic signal,02 - Intersection related,07 - Dark,03 - P.D. only,07 - SMV other,Westboro
2983,CARLING AVE WB @ SAIGON CRT,364064.0907,5027195.177,-75.74324103,45.38219059,2016-12-14,13:34,01 - Clear,01 - Dry,01 - Traffic signal,03 - At intersection,01 - Daylight,03 - P.D. only,05 - Turning movement,Westboro
2984,CARLING AVE WB btwn ALPINE AVE & FOREST ST,360507.0025,5024949.253,-75.78891211,45.36227379,2016-04-14,17:50,01 - Clear,01 - Dry,10 - No control,01 - Non intersection,01 - Daylight,03 - P.D. only,04 - Sideswipe,Westboro
2985,CARLING AVE WB btwn ANCASTER AVE & WOODROFFE AVE,361895.3196,5025825.181,-75.77109075,45.37004362,2016-01-11,17:30,01 - Clear,01 - Dry,10 - No control,01 - Non intersection,05 - Dusk,03 - P.D. only,03 - Rear end,Westboro
2986,CARLING AVE WB btwn ANCASTER AVE & WOODROFFE AVE,361826.2202,5025779.172,-75.77197815,45.36963526,2016-01-05,10:55,01 - Clear,02 - Wet,10 - No control,01 - Non intersection,01 - Daylight,03 - P.D. only,04 - Sideswipe,Westboro
2987,CARLING AVE WB btwn BAYSWATER AVE & SHERWOOD DR,366407.6327,5028669.558,-75.71313445,45.39525454,2016-09-08,17:15,01 - Clear,01 - Dry,10 - No control,01 - Non intersection,01 - Daylight,03 - P.D. only,04 - Sideswipe,Whitehaven - Queensway Terrace North
2988,CARLING AVE WB btwn BOOTH ST & LEBRETON ST S,367117.0343,5029121.216,-75.70401764,45.39925566,2016-05-18,17:30,01 - Clear,01 - Dry,10 - No control,01 - Non intersection,01 - Daylight,03 - P.D. only,04 - Sideswipe,Carlingwood West - Glabar Park - McKellar Heights
2989,CARLING AVE WB btwn BROADVIEW AVE & HIGHLAND AVE,363198.4272,5026649.675,-75.75435849,45.37735494,2016-11-11,16:15,01 - Clear,01 - Dry,10 - No control,01 - Non intersection,01 - Daylight,03 - P.D. only,04 - Sideswipe,Carlingwood West - Glabar Park - McKellar Heights
2990,CARLING AVE WB btwn CAMBRIDGE ST S & BRONSON AVE,367441.7795,5029331.83,-75.69984329,45.40112173,2016-08-15,18:30,01 - Clear,01 - Dry,10 - No control,01 - Non intersection,01 - Daylight,03 - P.D. only,04 - Sideswipe,Centretown West
2991,CARLING AVE WB btwn CARLING AVE WB RAMP/OTTAWA RIVER PKWY & OTTAWA RIV,360864.3886,5025174.9,-75.78432491,45.36427566,2016-06-30,19:25,01 - Clear,01 - Dry,10 - No control,01 - Non intersection,01 - Daylight,03 - P.D. only,04 - Sideswipe,Centretown West
2992,CARLING AVE WB btwn CARLINGWOOD SC & IROQUOIS RD,362166.8775,5026000.222,-75.76760385,45.37159645,2016-03-24,17:05,03 - Snow,04 - Slush,10 - No control,01 - Non intersection,01 - Daylight,02 - Non-fatal injury,04 - Sideswipe,Carlingwood - McKellar Park - Laurentien View
2993,CARLING AVE WB btwn CARLINGWOOD SC & IROQUOIS RD,362130.5313,5025978.743,-75.76807033,45.37140615,2016-09-15,17:23,01 - Clear,01 - Dry,10 - No control,04 - At/near private drive,01 - Daylight,03 - P.D. only,02 - Angle,Centretown West
2994,CARLING AVE WB btwn CARLINGWOOD SC/FAIRLAWN PLAZA SC & FAIRLAWN AVE/WOODROFFE AVE,362033.9342,5025915.955,-75.76931075,45.37084909,2016-11-23,17:43,01 - Clear,01 - Dry,10 - No control,01 - Non intersection,07 - Dark,03 - P.D. only,04 - Sideswipe,Woodroffe - Lincoln Heights
2995,CARLING AVE WB btwn CHAMPAGNE AVE S & PRESTON ST,366742.7535,5028883.379,-75.70882778,45.39714888,2016-12-18,14:41,01 - Clear,01 - Dry,10 - No control,01 - Non intersection,01 - Daylight,02 - Non-fatal injury,03 - Rear end,Carlingwood - McKellar Park - Laurentien View
2996,CARLING AVE WB btwn COLE AVE & CHURCHILL AVE N,363534.3548,5026860.013,-75.75004466,45.37921945,2016-10-07,14:55,01 - Clear,01 - Dry,10 - No control,04 - At/near private drive,01 - Daylight,03 - P.D. only,03 - Rear end,Carlingwood - McKellar Park - Laurentien View
2997,CARLING AVE WB btwn CONNAUGHT AVE & OTTAWA RIVER PKWY WB RAMP/CARLING ,360779.0187,5025123.662,-75.7854204,45.36382144,2016-09-21,10:52,01 - Clear,01 - Dry,10 - No control,01 - Non intersection,01 - Daylight,03 - P.D. only,04 - Sideswipe,Carlingwood - McKellar Park - Laurentien View
2998,CARLING AVE WB btwn CONNAUGHT AVE & OTTAWA RIVER PKWY WB RAMP/CARLING ,360780.3283,5025123.575,-75.78540369,45.36382056,2016-04-20,17:53,01 - Clear,01 - Dry,10 - No control,01 - Non intersection,01 - Daylight,03 - P.D. only,04 - Sideswipe,Centretown West
2999,CARLING AVE WB btwn FOREST ST & CROYDON AVE,360565.9759,5024985.913,-75.78815525,45.36259897,2016-09-20,10:01,02 - Rain,02 - Wet,10 - No control,01 - Non intersection,01 - Daylight,03 - P.D. only,04 - Sideswipe,Carlingwood - McKellar Park - Laurentien View
3000,CARLING AVE WB btwn HAMILTON AVE S & PARKDALE AVE,365568.2413,5028137.085,-75.72391992,45.39053682,2016-09-23,12:07,01 - Clear,01 - Dry,10 - No control,01 - Non intersection,01 - Daylight,03 - P.D. only,04 - Sideswipe,Woodroffe - Lincoln Heights
3001,CARLING AVE WB btwn HAMILTON AVE S & PARKDALE AVE,365568.1419,5028136.912,-75.72392121,45.39053527,2016-10-07,13:21,01 - Clear,01 - Dry,10 - No control,01 - Non intersection,01 - Daylight,03 - P.D. only,04 - Sideswipe,Woodroffe - Lincoln Heights
3002,CARLING AVE WB btwn HAMILTON AVE S & PARKDALE AVE,365616.3203,5028167.162,-75.72330224,45.39080327,2016-11-02,15:10,01 - Clear,01 - Dry,10 - No control,01 - Non intersection,01 - Daylight,03 - P.D. only,04 - Sideswipe,Whitehaven - Queensway Terrace North
3003,CARLING AVE WB btwn HINTON AVE S & HAMILTON AVE S,365525.7051,5028110.568,-75.72446636,45.39030191,2016-03-25,9:40,01 - Clear,01 - Dry,10 - No control,04 - At/near private drive,01 - Daylight,02 - Non-fatal injury,03 - Rear end,Civic Hospital - Experimental Farm - Central Park
3004,CARLING AVE WB btwn HWY417 IC124 RAMP67 & HWY417 IC124 RAMP65,364424.371,5027552.51,-75.73859776,45.38537524,2016-02-01,8:50,01 - Clear,02 - Wet,10 - No control,01 - Non intersection,01 - Daylight,03 - P.D. only,04 - Sideswipe,Civic Hospital - Experimental Farm - Central Park
3005,CARLING AVE WB btwn HWY417 IC124 RAMP76 & KIRKWOOD AVE,364268.4597,5027490.49,-75.74059605,45.38483045,2016-03-09,13:44,02 - Rain,02 - Wet,10 - No control,01 - Non intersection,01 - Daylight,02 - Non-fatal injury,04 - Sideswipe,Civic Hospital - Experimental Farm - Central Park
3006,CARLING AVE WB btwn KIRKWOOD AVE & HWY417 IC124 RAMP67,364323.1612,5027517.774,-75.73989429,45.3850713,2016-03-21,15:26,01 - Clear,01 - Dry,10 - No control,01 - Non intersection,01 - Daylight,03 - P.D. only,04 - Sideswipe,Civic Hospital - Experimental Farm - Central Park
3007,CARLING AVE WB btwn KIRKWOOD AVE & HWY417 IC124 RAMP67,364322.5018,5027518.669,-75.7399026,45.38507941,2016-09-10,15:41,01 - Clear,01 - Dry,10 - No control,01 - Non intersection,01 - Daylight,03 - P.D. only,04 - Sideswipe,Westboro
3008,CARLING AVE WB btwn KIRKWOOD AVE & HWY417 IC124 RAMP67,364287.1056,5027500.257,-75.74035678,45.38491675,2016-02-12,16:34,01 - Clear,01 - Dry,10 - No control,01 - Non intersection,01 - Daylight,03 - P.D. only,04 - Sideswipe,Westboro
3009,CARLING AVE WB btwn MERIVALE RD & HARMER AVE S,365077.2476,5027835.342,-75.73022675,45.38786423,2016-09-16,18:11,01 - Clear,01 - Dry,10 - No control,01 - Non intersection,01 - Daylight,02 - Non-fatal injury,04 - Sideswipe,Westboro
3010,CARLING AVE WB btwn MERIVALE RD & HARMER AVE S,365191.77,5027905.506,-75.72875579,45.38848568,2016-09-24,20:10,01 - Clear,01 - Dry,10 - No control,04 - At/near private drive,07 - Dark,02 - Non-fatal injury,05 - Turning movement,Westboro
3011,CARLING AVE WB btwn MERIVALE RD & HARMER AVE S,364996.3949,5027783.34,-75.73126553,45.38740328,2016-06-02,16:30,01 - Clear,01 - Dry,10 - No control,01 - Non intersection,01 - Daylight,02 - Non-fatal injury,03 - Rear end,Westboro
3012,CARLING AVE WB btwn PARKDALE AVE & CIVIC HOSPITAL,365711.5335,5028228.029,-75.72207885,45.39134266,2016-01-11,17:36,01 - Clear,01 - Dry,10 - No control,04 - At/near private drive,05 - Dusk,03 - P.D. only,02 - Angle,Civic Hospital - Experimental Farm - Central Park
3013,CARLING AVE WB btwn POULIN AVE & ALPINE AVE,360432.4493,5024900.603,-75.78986917,45.36184196,2016-07-08,17:43,01 - Clear,01 - Dry,10 - No control,01 - Non intersection,01 - Daylight,03 - P.D. only,03 - Rear end,Civic Hospital - Experimental Farm - Central Park
3014,CARLING AVE WB btwn RICHARDSON AVE & WOODLAND AVE,361594.7282,5025636.243,-75.77494967,45.36836799,2016-08-11,11:30,01 - Clear,01 - Dry,10 - No control,04 - At/near private drive,01 - Daylight,03 - P.D. only,02 - Angle,Civic Hospital - Experimental Farm - Central Park
3015,CARLING AVE WB btwn RICHMOND RD & POULIN AVE,360342.8368,5024844.092,-75.79101931,45.36134058,2016-02-08,22:38,01 - Clear,01 - Dry,10 - No control,01 - Non intersection,07 - Dark,02 - Non-fatal injury,07 - SMV other,Civic Hospital - Experimental Farm - Central Park
3016,CARLING AVE WB btwn SHERBOURNE RD & BROADVIEW AVE,363056.8196,5026560.163,-75.75617697,45.37656131,2016-01-07,17:35,01 - Clear,02 - Wet,10 - No control,04 - At/near private drive,05 - Dusk,03 - P.D. only,02 - Angle,Whitehaven - Queensway Terrace North
3017,CARLING AVE WB btwn SHERBOURNE RD & BROADVIEW AVE,363027.2712,5026540.669,-75.75655651,45.37638836,2016-02-17,13:19,03 - Snow,03 - Loose snow,10 - No control,01 - Non intersection,01 - Daylight,03 - P.D. only,01 - Approaching,Carlingwood West - Glabar Park - McKellar Heights
3018,CARLING AVE/STATION RD @ MARCH RD,350906.817,5022246.254,-75.91170127,45.33864884,2016-02-08,9:10,01 - Clear,01 - Dry,01 - Traffic signal,02 - Intersection related,01 - Daylight,03 - P.D. only,03 - Rear end,Whitehaven - Queensway Terrace North
3019,CARLING AVE/STATION RD @ MARCH RD,350907.0651,5022247.926,-75.91169795,45.33866387,2016-10-22,15:21,06 - Strong wind,02 - Wet,01 - Traffic signal,02 - Intersection related,01 - Daylight,03 - P.D. only,07 - SMV other,Carlingwood - McKellar Park - Laurentien View
3020,CARLING AVE/STATION RD @ MARCH RD,350905.6816,5022248.514,-75.91171555,45.33866925,2016-10-07,10:27,01 - Clear,01 - Dry,01 - Traffic signal,02 - Intersection related,01 - Daylight,03 - P.D. only,03 - Rear end,Carlingwood - McKellar Park - Laurentien View
3021,CARLING AVE/STATION RD @ MARCH RD,350908.9832,5022246.976,-75.91167357,45.33865519,2016-01-25,18:00,01 - Clear,02 - Wet,01 - Traffic signal,02 - Intersection related,07 - Dark,03 - P.D. only,03 - Rear end,South March
3022,CARLING AVE/STATION RD @ MARCH RD,350905.3925,5022247.497,-75.91171933,45.33866012,2016-01-18,17:28,01 - Clear,02 - Wet,01 - Traffic signal,02 - Intersection related,05 - Dusk,03 - P.D. only,03 - Rear end,South March
3023,CARLING AVE/STATION RD @ MARCH RD,350907.8831,5022246.241,-75.91168767,45.33864865,2016-03-23,10:16,03 - Snow,02 - Wet,01 - Traffic signal,02 - Intersection related,01 - Daylight,03 - P.D. only,03 - Rear end,South March
3024,CARLING AVE/STATION RD @ MARCH RD,350908.8514,5022246.369,-75.9116753,45.33864974,2016-08-11,17:22,01 - Clear,01 - Dry,01 - Traffic signal,02 - Intersection related,01 - Daylight,03 - P.D. only,03 - Rear end,South March
3025,CARLING AVE/STATION RD @ MARCH RD,350906.6271,5022248.346,-75.9117035,45.33866768,2016-04-28,15:57,01 - Clear,01 - Dry,01 - Traffic signal,02 - Intersection related,01 - Daylight,03 - P.D. only,03 - Rear end,South March
3026,CARLING AVE/STATION RD @ MARCH RD,350909.6913,5022248.588,-75.91166438,45.33866965,2016-06-01,13:23,01 - Clear,01 - Dry,01 - Traffic signal,03 - At intersection,01 - Daylight,03 - P.D. only,05 - Turning movement,South March
3027,CARLING AVE/STATION RD @ MARCH RD,350907.4792,5022246.541,-75.91169279,45.33865138,2016-11-24,9:10,03 - Snow,03 - Loose snow,01 - Traffic signal,03 - At intersection,01 - Daylight,03 - P.D. only,05 - Turning movement,South March