Record,Location,X,Y,lon,lat,Date,Time,Environment,Road_Surface,Traffic_Control,Collision_Location,Light,Collision_Classification,Impact_type,Neighborhood
3028,CARLING AVE/STATION RD @ MARCH RD,350906.9576,5022243.878,-75.9116997,45.33862745,2016-10-14,7:35,01 - Clear,01 - Dry,01 - Traffic signal,02 - Intersection related,03 - Dawn,03 - P.D. only,03 - Rear end,South March
3029,CARLING AVE/STATION RD @ MARCH RD,350906.2234,5022246.584,-75.91170881,45.33865185,2016-11-17,8:55,01 - Clear,01 - Dry,01 - Traffic signal,02 - Intersection related,01 - Daylight,03 - P.D. only,03 - Rear end,South March
3030,CARLINGWOOD SC @ WOODROFFE AVE,361845.579,5026037.572,-75.77170118,45.37195875,2016-01-04,10:55,01 - Clear,02 - Wet,01 - Traffic signal,03 - At intersection,01 - Daylight,02 - Non-fatal injury,02 - Angle,South March
3031,CARLOTTA AVE btwn NORTH RIVER RD & MARGUERITE AVE,369899.6147,5032580.634,-75.66802216,45.43012899,2016-02-18,22:00,03 - Snow,05 - Packed snow,10 - No control,01 - Non intersection,07 - Dark,03 - P.D. only,06 - SMV unattended vehicle,South March
3032,CARLSBAD LANE @ RUSSELL RD,388197.4814,5025629.272,-75.4353855,45.36564482,2016-02-16,7:30,03 - Snow,05 - Packed snow,02 - Stop sign,02 - Intersection related,01 - Daylight,02 - Non-fatal injury,07 - SMV other,South March
3033,CARLSEN AVE btwn GREGG ST & BROOKFIELD RD,369389.2567,5026568.012,-75.6753314,45.37607682,2016-02-23,17:55,01 - Clear,03 - Loose snow,10 - No control,04 - At/near private drive,05 - Dusk,03 - P.D. only,99 - Other,Carlingwood West - Glabar Park - McKellar Heights
3034,CARP RD @ ARBOURBROOK BLVD,344908.7822,5018635.44,-75.9885222,45.30652599,2016-12-01,9:46,01 - Clear,02 - Wet,02 - Stop sign,03 - At intersection,01 - Daylight,03 - P.D. only,05 - Turning movement,Vanier South
3035,CARP RD @ DONALD B. MUNRO DR,341191.7,5022822.064,-76.03561406,45.3444014,2016-01-13,14:18,01 - Clear,01 - Dry,02 - Stop sign,03 - At intersection,01 - Daylight,03 - P.D. only,02 - Angle,Navan - Vars
3036,CARP RD @ DONALD B. MUNRO DR,341193.0759,5022822.326,-76.03559648,45.34440369,2016-09-03,13:36,01 - Clear,01 - Dry,02 - Stop sign,02 - Intersection related,01 - Daylight,03 - P.D. only,03 - Rear end,Alta Vista
3037,CARP RD @ ECHOWOODS AVE/KITTIWAKE DR,348595.6202,5014562.423,-75.94186837,45.26965537,2016-07-11,12:07,01 - Clear,01 - Dry,01 - Traffic signal,02 - Intersection related,01 - Daylight,02 - Non-fatal injury,03 - Rear end,Stittsville - Basswood
3038,CARP RD @ ECHOWOODS AVE/KITTIWAKE DR,348595.8803,5014564.577,-75.94186486,45.26967474,2016-09-01,16:45,01 - Clear,01 - Dry,01 - Traffic signal,02 - Intersection related,01 - Daylight,03 - P.D. only,03 - Rear end,Carp
3039,CARP RD @ ECHOWOODS AVE/KITTIWAKE DR,348595.2089,5014562.768,-75.94187358,45.2696585,2016-05-06,15:59,01 - Clear,01 - Dry,01 - Traffic signal,02 - Intersection related,01 - Daylight,03 - P.D. only,03 - Rear end,Carp
3040,CARP RD @ ECHOWOODS AVE/KITTIWAKE DR,348596.3471,5014561.524,-75.94185918,45.26964724,2016-12-08,19:56,03 - Snow,05 - Packed snow,01 - Traffic signal,02 - Intersection related,07 - Dark,03 - P.D. only,01 - Approaching,Stittsville
3041,CARP RD @ HAZELDEAN RD,348805.0351,5014360.207,-75.93921763,45.26782269,2016-06-07,11:51,01 - Clear,01 - Dry,01 - Traffic signal,03 - At intersection,01 - Daylight,02 - Non-fatal injury,05 - Turning movement,Stittsville
3042,CARP RD @ HAZELDEAN RD,348804.7979,5014361.102,-75.93922057,45.26783076,2016-02-29,9:46,01 - Clear,04 - Slush,01 - Traffic signal,03 - At intersection,01 - Daylight,02 - Non-fatal injury,07 - SMV other,Stittsville
3043,CARP RD @ HAZELDEAN RD,348806.2322,5014359.194,-75.93920246,45.2678135,2016-10-08,12:43,01 - Clear,01 - Dry,01 - Traffic signal,02 - Intersection related,01 - Daylight,02 - Non-fatal injury,03 - Rear end,Stittsville
3044,CARP RD @ HAZELDEAN RD,348804.3539,5014360.658,-75.93922627,45.26782679,2016-02-24,14:29,03 - Snow,03 - Loose snow,01 - Traffic signal,03 - At intersection,01 - Daylight,03 - P.D. only,02 - Angle,Stittsville
3045,CARP RD @ HAZELDEAN RD,348804.3539,5014361.546,-75.93922619,45.26783478,2016-02-28,9:37,01 - Clear,02 - Wet,01 - Traffic signal,03 - At intersection,01 - Daylight,03 - P.D. only,02 - Angle,Stittsville
3046,CARP RD @ HAZELDEAN RD,348803.4782,5014359.778,-75.93923751,45.26781893,2016-01-26,10:55,01 - Clear,01 - Dry,01 - Traffic signal,02 - Intersection related,01 - Daylight,03 - P.D. only,03 - Rear end,Stittsville
3047,CARP RD @ HAZELDEAN RD,348804.3564,5014361.095,-75.9392262,45.26783072,2016-06-29,12:07,01 - Clear,01 - Dry,01 - Traffic signal,03 - At intersection,01 - Daylight,03 - P.D. only,05 - Turning movement,Stittsville
3048,CARP RD @ HAZELDEAN RD,348804.5759,5014360.666,-75.93922344,45.26782685,2016-08-23,12:57,01 - Clear,01 - Dry,01 - Traffic signal,02 - Intersection related,01 - Daylight,03 - P.D. only,03 - Rear end,Stittsville
3049,CARP RD @ HAZELDEAN RD,348804.7954,5014360.217,-75.93922068,45.26782279,2016-07-15,9:30,01 - Clear,01 - Dry,01 - Traffic signal,02 - Intersection related,01 - Daylight,03 - P.D. only,03 - Rear end,Stittsville
3050,CARP RD @ HAZELDEAN RD,348804.7954,5014360.217,-75.93922068,45.26782279,2016-11-10,7:15,01 - Clear,01 - Dry,01 - Traffic signal,03 - At intersection,01 - Daylight,03 - P.D. only,02 - Angle,Stittsville
3051,CARP RD @ HAZELDEAN RD,348804.5759,5014360.022,-75.9392235,45.26782105,2016-09-29,13:36,01 - Clear,01 - Dry,01 - Traffic signal,02 - Intersection related,01 - Daylight,03 - P.D. only,03 - Rear end,Stittsville
3052,CARP RD @ HAZELDEAN RD,348804.3564,5014359.778,-75.93922631,45.26781887,2016-12-05,8:07,03 - Snow,03 - Loose snow,01 - Traffic signal,03 - At intersection,01 - Daylight,03 - P.D. only,05 - Turning movement,Stittsville
3053,CARP RD @ HWY 417 CARP IC144R51,347518.1261,5015686.051,-75.95550264,45.27983249,2016-01-19,19:28,01 - Clear,02 - Wet,02 - Stop sign,02 - Intersection related,07 - Dark,03 - P.D. only,04 - Sideswipe,Stittsville
3054,CARP RD @ MARCH RD,342164.0819,5021732.271,-76.02328845,45.33454391,2016-09-27,19:15,01 - Clear,01 - Dry,01 - Traffic signal,02 - Intersection related,07 - Dark,03 - P.D. only,03 - Rear end,Stittsville
3055,CARP RD @ MARCH RD,342163.4576,5021732.288,-76.02329641,45.3345441,2016-10-15,16:56,01 - Clear,01 - Dry,01 - Traffic signal,03 - At intersection,01 - Daylight,03 - P.D. only,02 - Angle,Stittsville
3056,CARP RD @ MARCH RD,342164.0961,5021731.819,-76.0232883,45.33453984,2016-07-03,19:30,01 - Clear,01 - Dry,01 - Traffic signal,03 - At intersection,01 - Daylight,03 - P.D. only,05 - Turning movement,Stittsville - Basswood
3057,CARP RD @ MARCH RD,342164.7826,5021732.053,-76.02327952,45.33454191,2016-06-27,9:50,01 - Clear,01 - Dry,01 - Traffic signal,03 - At intersection,01 - Daylight,03 - P.D. only,02 - Angle,Carp - Hardwood Plains
3058,CARP RD @ MARCH RD,342163.8967,5021731.849,-76.02329084,45.33454012,2016-07-28,17:30,01 - Clear,01 - Dry,01 - Traffic signal,03 - At intersection,01 - Daylight,03 - P.D. only,02 - Angle,Carp - Hardwood Plains
3059,CARP RD @ MARCH RD,342165.0287,5021731.325,-76.02327644,45.33453535,2016-09-30,11:41,01 - Clear,01 - Dry,01 - Traffic signal,02 - Intersection related,01 - Daylight,03 - P.D. only,03 - Rear end,Carp - Hardwood Plains
3060,CARP RD @ MARCH RD,342165.3835,5021731.266,-76.02327192,45.3345348,2016-12-08,15:25,01 - Clear,02 - Wet,01 - Traffic signal,02 - Intersection related,01 - Daylight,03 - P.D. only,03 - Rear end,Carp - Hardwood Plains
3061,CARP RD @ RICHARDSON SIDE RD,346209.7752,5017160.676,-75.97205546,45.29318002,2016-09-03,17:03,01 - Clear,01 - Dry,01 - Traffic signal,02 - Intersection related,01 - Daylight,03 - P.D. only,07 - SMV other,Carp - Hardwood Plains
3062,CARP RD @ RICHARDSON SIDE RD,346209.7812,5017160.231,-75.97205542,45.29317602,2016-06-13,8:08,01 - Clear,01 - Dry,01 - Traffic signal,03 - At intersection,01 - Daylight,03 - P.D. only,05 - Turning movement,Carp - Hardwood Plains
3063,CARP RD @ RICHARDSON SIDE RD,346210.6534,5017159.798,-75.97204433,45.29317207,2016-06-29,17:15,02 - Rain,02 - Wet,01 - Traffic signal,02 - Intersection related,01 - Daylight,03 - P.D. only,03 - Rear end,Carp - Hardwood Plains
3064,CARP RD @ STITTSVILLE MAIN ST,349524.1097,5014330.429,-75.93005717,45.26750938,2016-06-19,13:00,01 - Clear,01 - Dry,01 - Traffic signal,02 - Intersection related,01 - Daylight,02 - Non-fatal injury,03 - Rear end,Stittsville - Basswood
3065,CARP RD @ STITTSVILLE MAIN ST,349520.6999,5014330.675,-75.93010059,45.26751181,2016-02-20,8:50,02 - Rain,02 - Wet,01 - Traffic signal,02 - Intersection related,01 - Daylight,03 - P.D. only,03 - Rear end,Stittsville - Basswood
3066,CARP RD @ STITTSVILLE MAIN ST,349525.9084,5014330.428,-75.93003424,45.26750925,2016-04-12,13:00,01 - Clear,01 - Dry,01 - Traffic signal,02 - Intersection related,01 - Daylight,03 - P.D. only,03 - Rear end,Stittsville - Basswood
3067,CARP RD @ STITTSVILLE MAIN ST,349523.1298,5014330.617,-75.93006964,45.26751113,2016-10-17,9:18,01 - Clear,01 - Dry,01 - Traffic signal,02 - Intersection related,01 - Daylight,03 - P.D. only,03 - Rear end,Stittsville
3068,CARP RD @ STITTSVILLE MAIN ST,349525.0056,5014329.984,-75.93004579,45.26750532,2016-11-16,9:23,02 - Rain,02 - Wet,01 - Traffic signal,03 - At intersection,01 - Daylight,03 - P.D. only,05 - Turning movement,Stittsville
3069,CARP RD @ STITTSVILLE MAIN ST,349524.7861,5014328.961,-75.93004868,45.26749612,2016-12-30,20:12,01 - Clear,03 - Loose snow,01 - Traffic signal,02 - Intersection related,07 - Dark,03 - P.D. only,03 - Rear end,Stittsville
3070,CARP RD @ THOMAS A. DOLAN PKWY,336463.18,5025995.22,-76.0957487,45.37318422,2016-06-10,8:12,01 - Clear,01 - Dry,02 - Stop sign,03 - At intersection,01 - Daylight,02 - Non-fatal injury,02 - Angle,Stittsville
3071,CARP RD @ THOMAS A. DOLAN PKWY,336460.2123,5025993.675,-76.09578668,45.37317045,2016-05-19,17:47,01 - Clear,01 - Dry,02 - Stop sign,03 - At intersection,01 - Daylight,02 - Non-fatal injury,02 - Angle,Stittsville
3072,CARP RD @ THOMAS A. DOLAN PKWY,336459.5381,5025991.085,-76.09579546,45.37314718,2016-12-11,13:07,01 - Clear,01 - Dry,02 - Stop sign,03 - At intersection,01 - Daylight,02 - Non-fatal injury,02 - Angle,Stittsville
3073,CARP RD @ WESTBROOK RD,347737.2724,5015440.517,-75.95273071,45.27760973,2016-09-07,8:13,01 - Clear,01 - Dry,01 - Traffic signal,02 - Intersection related,01 - Daylight,02 - Non-fatal injury,03 - Rear end,Carp - Hardwood Plains
3074,CARP RD @ WESTBROOK RD,347736.6466,5015442.67,-75.9527385,45.27762914,2016-09-07,17:03,01 - Clear,01 - Dry,01 - Traffic signal,02 - Intersection related,01 - Daylight,03 - P.D. only,03 - Rear end,Carp - Hardwood Plains
3075,CARP RD @ WESTBROOK RD,347738.3156,5015442.065,-75.95271728,45.2776236,2016-01-08,8:30,01 - Clear,02 - Wet,01 - Traffic signal,02 - Intersection related,01 - Daylight,03 - P.D. only,03 - Rear end,Carp - Hardwood Plains
3076,CARP RD btwn BAIRD SIDE RD & THOMAS A. DOLAN PKWY,335552.4632,5026805.081,-76.10732532,45.38051225,2016-09-19,20:37,01 - Clear,01 - Dry,10 - No control,01 - Non intersection,07 - Dark,02 - Non-fatal injury,07 - SMV other,Stittsville - Basswood
3077,CARP RD btwn BAIRD SIDE RD & THOMAS A. DOLAN PKWY,335933.8046,5026412.26,-76.1024809,45.37696064,2016-03-24,13:23,04 - Freezing Rain,06 - Ice,10 - No control,04 - At/near private drive,01 - Daylight,03 - P.D. only,07 - SMV other,Stittsville - Basswood
3078,CARP RD btwn BAIRD SIDE RD & THOMAS A. DOLAN PKWY,336332.4651,5026007.415,-76.09741674,45.37329985,2016-12-16,13:17,03 - Snow,03 - Loose snow,10 - No control,01 - Non intersection,01 - Daylight,03 - P.D. only,07 - SMV other,Stittsville - Basswood
3079,CARP RD btwn CARDEVCO RD & WESTHUNT RD,345941.0363,5017463.463,-75.97545642,45.2959204,2016-06-20,8:37,01 - Clear,01 - Dry,10 - No control,04 - At/near private drive,01 - Daylight,03 - P.D. only,03 - Rear end,Car
3080,CARP RD btwn CARDEVCO RD & WESTHUNT RD,345934.4878,5017471.53,-75.97553924,45.29599337,2016-06-22,22:00,01 - Clear,01 - Dry,10 - No control,01 - Non intersection,07 - Dark,03 - P.D. only,07 - SMV other,Car
3081,CARP RD btwn CRAIG'S SIDE RD & CHARLIE'S LANE,340152.964,5024004.52,-76.04878417,45.35509473,2016-12-20,7:19,01 - Clear,01 - Dry,10 - No control,01 - Non intersection,03 - Dawn,03 - P.D. only,07 - SMV other,Car
3082,CARP RD btwn GALETTA SIDE RD & STYLES SIDE RD,328478.4786,5034973.109,-76.19725826,45.45428657,2016-10-02,13:58,01 - Clear,01 - Dry,10 - No control,01 - Non intersection,01 - Daylight,03 - P.D. only,07 - SMV other,Stittsville - Basswood
3083,CARP RD btwn HAZELDEAN RD & NEIL AVE,348844.3946,5014328.606,-75.93871887,45.26753587,2016-05-23,4:59,01 - Clear,01 - Dry,10 - No control,01 - Non intersection,03 - Dawn,02 - Non-fatal injury,07 - SMV other,Stittsville - Basswood
3084,CARP RD btwn HWY417 IC144 RAMP16 & HWY417 IC144 RAMP35,347377.9998,5015838.797,-75.95727555,45.28121545,2016-05-25,15:43,01 - Clear,01 - Dry,10 - No control,01 - Non intersection,01 - Daylight,03 - P.D. only,03 - Rear end,Carp
3085,CARP RD btwn HWY417 IC144 RAMP25 & WESTBROOK RD,347600.7386,5015592.782,-75.95445773,45.27898819,2016-05-12,17:09,01 - Clear,01 - Dry,10 - No control,04 - At/near private drive,01 - Daylight,02 - Non-fatal injury,02 - Angle,Fitzroy
3086,CARP RD btwn HWY417 IC144 RAMP25 & WESTBROOK RD,347679.0453,5015506.158,-75.95346716,45.27820395,2016-12-15,17:12,01 - Clear,02 - Wet,10 - No control,01 - Non intersection,07 - Dark,02 - Non-fatal injury,03 - Rear end,Stittsville
3087,CARP RD btwn HWY417 IC144 RAMP25 & WESTBROOK RD,347593.1671,5015601.137,-75.95455351,45.27906384,2016-10-30,15:34,01 - Clear,01 - Dry,10 - No control,01 - Non intersection,01 - Daylight,03 - P.D. only,07 - SMV other,Stittsville - Basswood
3088,CARP RD btwn HWY417 IC144 RAMP25 & WESTBROOK RD,347622.3071,5015567.797,-75.95418499,45.27876205,2016-01-18,20:35,01 - Clear,01 - Dry,10 - No control,01 - Non intersection,07 - Dark,03 - P.D. only,07 - SMV other,Stittsville - Basswood
3089,CARP RD btwn HWY417 IC144 RAMP25 & WESTBROOK RD,347612.2147,5015580.433,-75.95431253,45.27887637,2016-12-02,13:19,01 - Clear,01 - Dry,10 - No control,01 - Non intersection,01 - Daylight,03 - P.D. only,04 - Sideswipe,Stittsville - Basswood
3090,CARP RD btwn HWY417 IC144 RAMP25 & WESTBROOK RD,347600.6205,5015594.511,-75.95445909,45.27900376,2016-12-08,16:35,01 - Clear,01 - Dry,10 - No control,01 - Non intersection,05 - Dusk,03 - P.D. only,03 - Rear end,Stittsville - Basswood
3091,CARP RD btwn JUANITA AVE & FALLDOWN LANE,340824.6728,5023235.704,-76.04026733,45.34814244,2016-07-20,17:15,01 - Clear,01 - Dry,10 - No control,01 - Non intersection,01 - Daylight,03 - P.D. only,06 - SMV unattended vehicle,Stittsville - Basswood
3092,CARP RD btwn KINBURN SIDE RD & BAIRD SIDE RD,333347.1024,5029495.501,-76.13532906,45.40481512,2016-12-09,0:13,03 - Snow,03 - Loose snow,10 - No control,04 - At/near private drive,07 - Dark,03 - P.D. only,03 - Rear end,Stittsville - Basswood
3093,CARP RD btwn KITTIWAKE DR & HAZELDEAN RD,348637.5068,5014521.49,-75.9413382,45.26928443,2016-10-13,17:11,01 - Clear,01 - Dry,10 - No control,04 - At/near private drive,01 - Daylight,03 - P.D. only,02 - Angle,Stittsville - Basswood
3094,CARP RD btwn LLOYDALEX CRES & ROTHBOURNE RD,348054.2221,5015092.372,-75.94872146,45.27445756,2016-07-28,13:06,01 - Clear,01 - Dry,10 - No control,01 - Non intersection,01 - Daylight,03 - P.D. only,99 - Other,Carp
3095,CARP RD btwn MARCH RD & JOHN CAVANAUGH DR,343828.74,5019854.184,-76.00219865,45.31755357,2016-02-24,7:52,03 - Snow,05 - Packed snow,10 - No control,04 - At/near private drive,01 - Daylight,03 - P.D. only,05 - Turning movement,Car
3096,CARP RD btwn MARCH RD & JOHN CAVANAUGH DR,342185.8319,5021708.992,-76.02301271,45.33433328,2016-03-24,9:45,03 - Snow,03 - Loose snow,10 - No control,01 - Non intersection,01 - Daylight,03 - P.D. only,07 - SMV other,Stittsville
3097,CARP RD btwn MARCH RD & JOHN CAVANAUGH DR,342850.8674,5020972.111,-76.01458481,45.3276668,2016-07-04,5:54,01 - Clear,01 - Dry,10 - No control,04 - At/near private drive,03 - Dawn,03 - P.D. only,05 - Turning movement,Stittsville
3098,CARP RD btwn MARCH RD & JOHN CAVANAUGH DR,343230.7214,5020541.761,-76.00977259,45.32377365,2016-04-18,7:39,01 - Clear,01 - Dry,10 - No control,01 - Non intersection,01 - Daylight,03 - P.D. only,03 - Rear end,Stittsville - Basswood
3099,CARP RD btwn MARCH RD & JOHN CAVANAUGH DR,343926.0835,5019743.63,-76.00096584,45.31655335,2016-12-26,15:39,04 - Freezing Rain,06 - Ice,10 - No control,01 - Non intersection,01 - Daylight,03 - P.D. only,01 - Approaching,Carp - Hardwood Plains
3100,CARP RD btwn MARCH RD & JOHN CAVANAUGH DR,342500.6676,5021373.237,-76.0190216,45.33129518,2016-12-22,1:00,01 - Clear,02 - Wet,10 - No control,01 - Non intersection,07 - Dark,03 - P.D. only,07 - SMV other,Stittsville - Basswood
3101,CARP RD btwn MARCH RD & JOHN CAVANAUGH DR,342369.1102,5021512.632,-76.02068935,45.33255657,2016-11-20,14:58,03 - Snow,04 - Slush,10 - No control,01 - Non intersection,01 - Daylight,03 - P.D. only,07 - SMV other,Stittsville - Basswood
3102,CARP RD btwn MCCOOEYE LANE & STITTSVILLE MAIN ST,349501.5216,5014327.577,-75.93034526,45.26748515,2016-01-13,15:25,01 - Clear,02 - Wet,10 - No control,04 - At/near private drive,01 - Daylight,03 - P.D. only,02 - Angle,Stittsville - Basswood
3103,CARP RD btwn MCGEE SIDE RD & ARBOURBROOK BLVD,344802.7237,5018756.464,-75.98986486,45.30762106,2016-07-14,17:51,01 - Clear,01 - Dry,10 - No control,04 - At/near private drive,01 - Daylight,02 - Non-fatal injury,03 - Rear end,Stittsville - Basswood
3104,CARP RD btwn MCGEE SIDE RD & ARBOURBROOK BLVD,344847.2005,5018708.676,-75.98930155,45.30718851,2016-08-14,6:00,01 - Clear,02 - Wet,10 - No control,01 - Non intersection,03 - Dawn,03 - P.D. only,07 - SMV other,Stittsville - Basswood
3105,CARP RD btwn RIVINGTON ST & MARCH RD,341420.7964,5022558.792,-76.0327102,45.34202046,2016-10-14,17:05,01 - Clear,01 - Dry,10 - No control,01 - Non intersection,01 - Daylight,03 - P.D. only,07 - SMV other,Stittsville
3106,CARP RD btwn STYLES SIDE RD & KINBURN SIDE RD,330998.9943,5032121.699,-76.16518447,45.42853856,2016-06-27,10:08,01 - Clear,01 - Dry,10 - No control,01 - Non intersection,01 - Daylight,03 - P.D. only,07 - SMV other,Stittsville - Basswood
3107,CARP RD btwn THOMAS A. DOLAN PKWY & NORMA LANE,338884.1719,5024408.032,-76.06494968,45.35878851,2016-06-24,20:02,01 - Clear,01 - Dry,10 - No control,01 - Non intersection,01 - Daylight,02 - Non-fatal injury,07 - SMV other,Stittsville - Basswood
3108,CARP RD btwn THOMAS A. DOLAN PKWY & NORMA LANE,337207.7557,5025382.121,-76.08628299,45.36763327,2016-01-13,8:15,05 - Drifting Snow,03 - Loose snow,10 - No control,01 - Non intersection,01 - Daylight,03 - P.D. only,01 - Approaching,Carp - Hardwood Plains
3109,CARP RD/HWY 417 CARP IC144R63 @ HWY 417 CARP I,347298.609,5015928.209,-75.95827981,45.28202482,2016-09-21,17:20,01 - Clear,01 - Dry,01 - Traffic signal,02 - Intersection related,01 - Daylight,02 - Non-fatal injury,03 - Rear end,Car
3110,CARP RD/HWY 417 CARP IC144R63 @ HWY 417 CARP I,347301.218,5015926.3,-75.95824672,45.28200749,2016-12-15,20:28,01 - Clear,02 - Wet,01 - Traffic signal,03 - At intersection,07 - Dark,02 - Non-fatal injury,02 - Angle,Carp - Hardwood Plains
3111,CARP RD/HWY 417 CARP IC144R63 @ HWY 417 CARP I,347300.712,5015926.224,-75.95825317,45.28200683,2016-08-02,15:39,01 - Clear,01 - Dry,01 - Traffic signal,02 - Intersection related,01 - Daylight,03 - P.D. only,03 - Rear end,Carp - Hardwood Plains
3112,CARPENTER WAY btwn BANGS ST & TRURO ST,371576.886,5034465.443,-75.64633317,45.44692949,2016-12-17,0:00,01 - Clear,01 - Dry,10 - No control,01 - Non intersection,00 - Unknown,03 - P.D. only,06 - SMV unattended vehicle,Stittsville - Basswood
3113,CARPENTER WAY btwn BANGS ST & TRURO ST,371576.8191,5034465.355,-75.64633404,45.4469287,2016-12-22,19:30,03 - Snow,04 - Slush,10 - No control,01 - Non intersection,07 - Dark,03 - P.D. only,06 - SMV unattended vehicle,Stittsville - Basswood
3114,CARR CRES btwn CARR PL & VARLEY DR,351013.1677,5021246.236,-75.91043774,45.32964346,2016-06-19,18:01,01 - Clear,01 - Dry,10 - No control,01 - Non intersection,01 - Daylight,03 - P.D. only,06 - SMV unattended vehicle,Stittsville - Basswood
3115,CARRISON DR btwn REVELL DR & SCHARFGATE DR,367580.3641,5008883.119,-75.70066375,45.21711473,2016-02-16,13:20,03 - Snow,03 - Loose snow,10 - No control,01 - Non intersection,01 - Daylight,03 - P.D. only,07 - SMV other,Rockcliffe - Manor Park
3116,CARRUTHERS AVE @ SCOTT ST,365153.3758,5029848.963,-75.72900828,45.40597579,2016-02-22,7:45,01 - Clear,06 - Ice,01 - Traffic signal,02 - Intersection related,01 - Daylight,03 - P.D. only,03 - Rear end,Rockcliffe - Manor Park
3117,CARRUTHERS AVE btwn BURNSIDE AVE & LYNDALE AVE,365026.2248,5030155.586,-75.73059498,45.40874567,2016-06-15,12:00,01 - Clear,01 - Dry,10 - No control,01 - Non intersection,01 - Daylight,03 - P.D. only,06 - SMV unattended vehicle,Beaverbrook
3118,CARRUTHERS AVE btwn LADOUCEUR ST & ARMSTRONG ST,365228.1155,5029669.759,-75.72807556,45.40435691,2016-03-07,1:30,01 - Clear,02 - Wet,10 - No control,01 - Non intersection,07 - Dark,03 - P.D. only,06 - SMV unattended vehicle,Manotick
3119,CARRUTHERS AVE btwn LYNDALE AVE & STONEHURST AVE,365085.5085,5030012.433,-75.72985519,45.40745251,2016-09-08,0:00,01 - Clear,01 - Dry,10 - No control,01 - Non intersection,00 - Unknown,03 - P.D. only,06 - SMV unattended vehicle,Mechanicsville
3120,CARRUTHERS AVE btwn LYNDALE AVE & STONEHURST AVE,365115.9973,5029939.195,-75.72947469,45.4067909,2016-10-26,17:27,01 - Clear,01 - Dry,10 - No control,01 - Non intersection,01 - Daylight,03 - P.D. only,06 - SMV unattended vehicle,Mechanicsville
3121,CARRUTHERS AVE btwn LYNDALE AVE & STONEHURST AVE,365088.7025,5030011.069,-75.72981456,45.40743996,2016-09-16,10:00,01 - Clear,01 - Dry,10 - No control,01 - Non intersection,01 - Daylight,03 - P.D. only,06 - SMV unattended vehicle,Hintonburg
3122,CARSON'S RD btwn MONTREAL RD & SETH PRIV,372806.7228,5034306.814,-75.63063483,45.44538365,2016-01-27,19:52,01 - Clear,01 - Dry,10 - No control,01 - Non intersection,07 - Dark,03 - P.D. only,03 - Rear end,Mechanicsville
3123,CARTIER ST @ MCLEOD ST N,368578.1836,5030873.754,-75.68512939,45.41489284,2016-11-26,16:27,01 - Clear,01 - Dry,02 - Stop sign,03 - At intersection,05 - Dusk,03 - P.D. only,02 - Angle,Mechanicsville
3124,CARTIER ST @ MCLEOD ST N,368577.4907,5030871.912,-75.68513848,45.41487633,2016-12-08,14:34,01 - Clear,01 - Dry,02 - Stop sign,02 - Intersection related,01 - Daylight,03 - P.D. only,05 - Turning movement,Mechanicsville
3125,CARTIER ST btwn FRANK ST & GLADSTONE AVE,368517.3497,5030973.321,-75.68589369,45.41579426,2016-08-04,13:00,01 - Clear,01 - Dry,10 - No control,01 - Non intersection,01 - Daylight,03 - P.D. only,06 - SMV unattended vehicle,Carson Grove - Carson Meadows
3126,CARTWRIGHT RD @ VICTORIA ST,390240.1853,5014189.225,-75.41128676,45.26247157,2016-01-02,19:16,01 - Clear,02 - Wet,02 - Stop sign,02 - Intersection related,07 - Dark,02 - Non-fatal injury,01 - Approaching,Golden Triangle
3127,CARTWRIGHT RD btwn VICTORIA ST & BOUNDARY RD,390490.9313,5014348.59,-75.40806474,45.26387491,2016-10-18,22:35,01 - Clear,01 - Dry,10 - No control,01 - Non intersection,07 - Dark,02 - Non-fatal injury,07 - SMV other,Golden Triangle
3128,CARWOOD CIRC btwn DEN HAAG DR & Continuation of CARWOOD CIRC,372581.1503,5034022.389,-75.63355729,45.44284645,2016-06-24,18:38,01 - Clear,01 - Dry,10 - No control,01 - Non intersection,01 - Daylight,03 - P.D. only,04 - Sideswipe,Golden Triangle
3129,CASSANDRA ST @ TRUDEAU AVE,395284.3552,5024634.234,-75.3451176,45.35581366,2016-12-29,12:45,03 - Snow,03 - Loose snow,02 - Stop sign,03 - At intersection,01 - Daylight,03 - P.D. only,02 - Angle,Metcalfe
3130,CASSIDY RD btwn BRUIN LANE & GRANGEMILL AVE,358965.7884,5021182.457,-75.80899642,45.32850085,2016-12-29,18:54,05 - Drifting Snow,05 - Packed snow,10 - No control,01 - Non intersection,07 - Dark,03 - P.D. only,06 - SMV unattended vehicle,Metcalfe
3131,CASTLEBROOK LANE @ CENTREPOINTE DR,362658.464,5022631.275,-75.76172265,45.34124254,2016-11-24,9:46,03 - Snow,03 - Loose snow,02 - Stop sign,03 - At intersection,01 - Daylight,03 - P.D. only,02 - Angle,Carson Grove - Carson Meadows
3132,CASTLEBROOK LANE btwn MILLRISE LANE & TO BE DETERMINED,362512.8828,5022618.729,-75.76358159,45.34114164,2016-03-23,16:40,04 - Freezing Rain,04 - Slush,10 - No control,01 - Non intersection,01 - Daylight,03 - P.D. only,01 - Approaching,Navan - Vars