Record,Location,X,Y,lon,lat,Date,Time,Environment,Road_Surface,Traffic_Control,Collision_Location,Light,Collision_Classification,Impact_type,Neighborhood
3133,CASTLEFRANK RD @ HAZELDEAN RD,352678.3172,5017677.647,-75.88954072,45.29742089,2016-02-05,15:41,01 - Clear,01 - Dry,01 - Traffic signal,02 - Intersection related,01 - Daylight,02 - Non-fatal injury,01 - Approaching,Bells Corners East
3134,CASTLEFRANK RD @ HAZELDEAN RD,352678.1064,5017677.933,-75.88954338,45.29742348,2016-07-25,20:45,01 - Clear,01 - Dry,01 - Traffic signal,03 - At intersection,05 - Dusk,02 - Non-fatal injury,07 - SMV other,Centrepointe
3135,CASTLEFRANK RD @ HAZELDEAN RD,352677.6586,5017675.671,-75.88954931,45.29740316,2016-09-22,20:14,02 - Rain,02 - Wet,01 - Traffic signal,03 - At intersection,07 - Dark,02 - Non-fatal injury,07 - SMV other,Centrepointe
3136,CASTLEFRANK RD @ HAZELDEAN RD,352677.2195,5017676.989,-75.88955478,45.29741505,2016-11-09,8:20,01 - Clear,01 - Dry,01 - Traffic signal,03 - At intersection,01 - Daylight,02 - Non-fatal injury,02 - Angle,Glen Cairn - Kanata South Business Park
3137,CASTLEFRANK RD @ HAZELDEAN RD,352678.7063,5017676.355,-75.88953589,45.29740924,2016-12-09,14:55,01 - Clear,02 - Wet,01 - Traffic signal,03 - At intersection,01 - Daylight,02 - Non-fatal injury,02 - Angle,Katimavik - Hazeldean
3138,CASTLEFRANK RD @ HAZELDEAN RD,352678.1054,5017676.314,-75.88954355,45.29740891,2016-08-04,18:21,01 - Clear,01 - Dry,01 - Traffic signal,03 - At intersection,01 - Daylight,03 - P.D. only,05 - Turning movement,Glen Cairn - Kanata South Business Park
3139,CASTLEFRANK RD @ HAZELDEAN RD,352677.6508,5017676.314,-75.88954935,45.29740894,2016-08-09,16:14,01 - Clear,01 - Dry,01 - Traffic signal,02 - Intersection related,01 - Daylight,03 - P.D. only,03 - Rear end,Glen Cairn - Kanata South Business Park
3140,CASTLEFRANK RD @ HAZELDEAN RD,352677.6586,5017677.428,-75.88954914,45.29741897,2016-02-01,19:30,01 - Clear,01 - Dry,01 - Traffic signal,02 - Intersection related,07 - Dark,03 - P.D. only,04 - Sideswipe,Glen Cairn - Kanata South Business Park
3141,CASTLEFRANK RD @ HAZELDEAN RD,352677.8781,5017677.895,-75.8895463,45.29742315,2016-01-12,15:48,03 - Snow,04 - Slush,01 - Traffic signal,02 - Intersection related,01 - Daylight,03 - P.D. only,03 - Rear end,Glen Cairn - Kanata South Business Park
3142,CASTLEFRANK RD @ HAZELDEAN RD,352677.7321,5017676.608,-75.88954828,45.29741158,2016-11-20,21:18,03 - Snow,03 - Loose snow,01 - Traffic signal,03 - At intersection,07 - Dark,03 - P.D. only,02 - Angle,Glen Cairn - Kanata South Business Park
3143,CASTLEFRANK RD @ KATIMAVIK RD,351949.7555,5018943.752,-75.89870911,45.30886289,2016-02-25,21:03,05 - Drifting Snow,05 - Packed snow,01 - Traffic signal,03 - At intersection,07 - Dark,03 - P.D. only,02 - Angle,Glen Cairn - Kanata South Business Park
3144,CASTLEFRANK RD @ KATIMAVIK RD,351949.7943,5018944.614,-75.89870853,45.30887065,2016-01-18,8:55,01 - Clear,04 - Slush,01 - Traffic signal,03 - At intersection,01 - Daylight,03 - P.D. only,02 - Angle,Glen Cairn - Kanata South Business Park
3145,CASTLEFRANK RD @ KATIMAVIK RD,351950.4529,5018941.446,-75.89870043,45.3088421,2016-10-20,13:19,02 - Rain,02 - Wet,01 - Traffic signal,03 - At intersection,01 - Daylight,03 - P.D. only,03 - Rear end,Glen Cairn - Kanata South Business Park
3146,CASTLEFRANK RD @ KATIMAVIK RD,351948.4998,5018942.735,-75.89872521,45.30885383,2016-07-04,16:00,01 - Clear,01 - Dry,01 - Traffic signal,02 - Intersection related,01 - Daylight,03 - P.D. only,04 - Sideswipe,Katimavik - Hazeldean
3147,CASTLEFRANK RD @ MCCURDY DR N,352077.9684,5018773.083,-75.89709041,45.30731855,2016-06-21,14:28,01 - Clear,01 - Dry,02 - Stop sign,02 - Intersection related,01 - Daylight,03 - P.D. only,03 - Rear end,Katimavik - Hazeldean
3148,CASTLEFRANK RD @ MCCURDY DR S/TAMBLYN CRES,352354.6497,5018043.931,-75.89363219,45.30073879,2016-10-21,17:00,02 - Rain,02 - Wet,01 - Traffic signal,02 - Intersection related,01 - Daylight,03 - P.D. only,03 - Rear end,Katimavik - Hazeldean
3149,CASTLEFRANK RD @ PARSONS RIDGE RD,352228.286,5018247.462,-75.89522389,45.30257875,2016-05-05,15:53,01 - Clear,01 - Dry,02 - Stop sign,02 - Intersection related,01 - Daylight,03 - P.D. only,03 - Rear end,Katimavik - Hazeldean
3150,CASTLEFRANK RD @ TERRY FOX DR,352992.9113,5016304.588,-75.88566321,45.28504426,2016-02-10,18:21,01 - Clear,01 - Dry,01 - Traffic signal,02 - Intersection related,07 - Dark,02 - Non-fatal injury,03 - Rear end,Katimavik - Hazeldean
3151,CASTLEFRANK RD @ TERRY FOX DR,352993.9076,5016304.237,-75.88565054,45.28504103,2016-05-17,17:46,01 - Clear,01 - Dry,01 - Traffic signal,03 - At intersection,01 - Daylight,02 - Non-fatal injury,05 - Turning movement,Katimavik - Hazeldean
3152,CASTLEFRANK RD @ TERRY FOX DR,352994.009,5016303.566,-75.88564932,45.28503499,2016-10-06,12:01,01 - Clear,01 - Dry,01 - Traffic signal,02 - Intersection related,01 - Daylight,02 - Non-fatal injury,03 - Rear end,Katimavik - Hazeldean
3153,CASTLEFRANK RD @ TERRY FOX DR,352993.1808,5016305.222,-75.88565971,45.28504995,2016-08-13,12:44,02 - Rain,02 - Wet,01 - Traffic signal,02 - Intersection related,01 - Daylight,03 - P.D. only,03 - Rear end,Glen Cairn - Kanata South Business Park
3154,CASTLEFRANK RD @ TERRY FOX DR,352993.5097,5016305.995,-75.88565545,45.28505688,2016-08-13,13:44,02 - Rain,02 - Wet,01 - Traffic signal,02 - Intersection related,01 - Daylight,03 - P.D. only,03 - Rear end,Glen Cairn - Kanata South Business Park
3155,CASTLEFRANK RD @ TERRY FOX DR,352994.2285,5016305.027,-75.88564638,45.28504812,2016-06-18,12:59,01 - Clear,01 - Dry,01 - Traffic signal,02 - Intersection related,01 - Daylight,03 - P.D. only,03 - Rear end,Glen Cairn - Kanata South Business Park
3156,CASTLEFRANK RD @ TERRY FOX DR,352993.1808,5016305.222,-75.88565971,45.28504995,2016-11-13,19:18,01 - Clear,01 - Dry,01 - Traffic signal,02 - Intersection related,07 - Dark,03 - P.D. only,03 - Rear end,Glen Cairn - Kanata South Business Park
3157,CASTLEFRANK RD btwn GLAMORGAN DR & SHELDRAKE DR (1),353286.5138,5016423.821,-75.88190909,45.28609696,2016-02-10,20:23,01 - Clear,06 - Ice,10 - No control,01 - Non intersection,07 - Dark,03 - P.D. only,06 - SMV unattended vehicle,Glen Cairn - Kanata South Business Park
3158,CASTLEFRANK RD btwn GLAMORGAN DR & SHELDRAKE DR (2),353405.8388,5016704.751,-75.88036054,45.28861659,2016-02-12,15:11,01 - Clear,01 - Dry,10 - No control,04 - At/near private drive,01 - Daylight,03 - P.D. only,06 - SMV unattended vehicle,Glen Cairn - Kanata South Business Park
3159,CASTLEFRANK RD btwn HAZELDEAN RD & TO BE DETERMINED,352707.1464,5017641.122,-75.88917669,45.29709027,2016-01-11,17:16,01 - Clear,01 - Dry,10 - No control,04 - At/near private drive,05 - Dusk,03 - P.D. only,03 - Rear end,Glen Cairn - Kanata South Business Park
3160,CASTLEFRANK RD btwn MACNEIL CRT & HAZELDEAN RD,352610.6992,5017753.608,-75.89039549,45.29810901,2016-11-11,11:20,01 - Clear,01 - Dry,10 - No control,04 - At/near private drive,01 - Daylight,02 - Non-fatal injury,05 - Turning movement,Glen Cairn - Kanata South Business Park
3161,CASTLEFRANK RD btwn MACNEIL CRT & HAZELDEAN RD,352636.4189,5017732.314,-75.89006963,45.29791565,2016-03-18,13:03,01 - Clear,01 - Dry,10 - No control,04 - At/near private drive,01 - Daylight,03 - P.D. only,02 - Angle,Glen Cairn - Kanata South Business Park
3162,CASTLEFRANK RD btwn MCCURDY DR & KAKULU RD,352095.9131,5018740.571,-75.89686468,45.30702479,2016-11-05,3:30,01 - Clear,02 - Wet,10 - No control,01 - Non intersection,07 - Dark,03 - P.D. only,07 - SMV other,Glen Cairn - Kanata South Business Park
3163,CASTLEFRANK RD btwn PARSONS RIDGE RD & MCCURDY DR,352230.3176,5018242.501,-75.89519846,45.30253398,2016-05-17,16:41,01 - Clear,01 - Dry,10 - No control,01 - Non intersection,01 - Daylight,03 - P.D. only,03 - Rear end,Katimavik - Hazeldean
3164,CASTLEFRANK RD btwn SHELDRAKE DR & GLAMORGAN DR,353362.6852,5016556.18,-75.88092519,45.2872827,2016-08-08,21:30,01 - Clear,01 - Dry,10 - No control,01 - Non intersection,07 - Dark,03 - P.D. only,06 - SMV unattended vehicle,Katimavik - Hazeldean
3165,CASTLEFRANK RD btwn WINCHESTER DR & MCKITRICK DR,352910.192,5017403.698,-75.88661101,45.29493999,2016-06-16,6:16,01 - Clear,01 - Dry,10 - No control,01 - Non intersection,01 - Daylight,03 - P.D. only,06 - SMV unattended vehicle,Katimavik - Hazeldean
3166,CASTLESTONE WAY @ WILLOW CREEK CIRC,366688.0615,5014176.112,-75.71136506,45.26481998,2016-05-28,14:23,01 - Clear,01 - Dry,02 - Stop sign,03 - At intersection,01 - Daylight,03 - P.D. only,02 - Angle,Katimavik - Hazeldean
3167,CASTLETHORPE CRES btwn NORWICH WAY & NORWICH WAY,361598.904,5023095.101,-75.77518835,45.34550261,2016-01-16,20:00,01 - Clear,03 - Loose snow,10 - No control,04 - At/near private drive,07 - Dark,03 - P.D. only,06 - SMV unattended vehicle,Glen Cairn - Kanata South Business Park
3168,CASTOR RD @ YORKS CORNERS RD,391978.81,5005760.912,-75.3906127,45.18642722,2016-12-18,11:21,03 - Snow,05 - Packed snow,10 - No control,03 - At intersection,01 - Daylight,03 - P.D. only,02 - Angle,Glen Cairn - Kanata South Business Park
3169,CATHCART ST @ KING EDWARD AVE NB,368092.5311,5033120.592,-75.69104506,45.43515321,2016-06-16,7:21,01 - Clear,01 - Dry,02 - Stop sign,02 - Intersection related,01 - Daylight,03 - P.D. only,04 - Sideswipe,New Barrhaven
3170,CATHCART ST @ KING EDWARD AVE NB,368093.4835,5033121.69,-75.69103275,45.43516301,2016-08-30,14:30,01 - Clear,01 - Dry,02 - Stop sign,02 - Intersection related,01 - Daylight,03 - P.D. only,04 - Sideswipe,Centrepointe
3171,CATHCART ST @ KING EDWARD AVE SB/MACDONALD-CAR,368086.8973,5033096.662,-75.69112014,45.43493841,2016-01-12,7:24,01 - Clear,01 - Dry,02 - Stop sign,02 - Intersection related,03 - Dawn,03 - P.D. only,04 - Sideswipe,Metcalfe
3172,CATHCART ST @ PARENT AVE,367641.7352,5032849.798,-75.69684077,45.43275736,2016-06-30,12:12,01 - Clear,01 - Dry,02 - Stop sign,03 - At intersection,01 - Daylight,03 - P.D. only,02 - Angle,Lower Town
3173,CATHERINE ST @ ELGIN ST,368552.4901,5030577.352,-75.68549597,45.41222826,2016-01-30,23:21,01 - Clear,02 - Wet,01 - Traffic signal,03 - At intersection,07 - Dark,02 - Non-fatal injury,05 - Turning movement,Lower Town
3174,CATHERINE ST @ ELGIN ST,368552.4851,5030577.796,-75.68549598,45.41223226,2016-01-12,19:58,03 - Snow,02 - Wet,01 - Traffic signal,03 - At intersection,07 - Dark,02 - Non-fatal injury,05 - Turning movement,Lower Town
3175,CATHERINE ST @ ELGIN ST,368551.8227,5030577.128,-75.68550452,45.41222631,2016-04-05,9:58,01 - Clear,01 - Dry,01 - Traffic signal,02 - Intersection related,01 - Daylight,02 - Non-fatal injury,03 - Rear end,Lower Town
3176,CATHERINE ST @ ELGIN ST,368552.9291,5030577.352,-75.68549036,45.41222822,2016-12-16,18:10,01 - Clear,04 - Slush,01 - Traffic signal,03 - At intersection,07 - Dark,02 - Non-fatal injury,05 - Turning movement,Golden Triangle
3177,CATHERINE ST @ ELGIN ST,368552.9341,5030577.347,-75.6854903,45.41222817,2016-04-28,17:29,01 - Clear,01 - Dry,01 - Traffic signal,03 - At intersection,01 - Daylight,03 - P.D. only,02 - Angle,Golden Triangle
3178,CATHERINE ST @ ELGIN ST,368551.8814,5030577.986,-75.68550366,45.41223402,2016-12-08,19:42,03 - Snow,03 - Loose snow,01 - Traffic signal,02 - Intersection related,07 - Dark,03 - P.D. only,03 - Rear end,Centretown
3179,CATHERINE ST @ ELGIN ST,368551.8814,5030578.814,-75.68550356,45.41224147,2016-12-23,6:39,01 - Clear,04 - Slush,01 - Traffic signal,03 - At intersection,07 - Dark,03 - P.D. only,02 - Angle,Golden Triangle
3180,CATHERINE ST @ HWY 417 BRONSON IC121AR61,367354.0413,5029856.672,-75.70089733,45.40585195,2016-02-29,16:23,01 - Clear,01 - Dry,10 - No control,02 - Intersection related,01 - Daylight,03 - P.D. only,04 - Sideswipe,Golden Triangle
3181,CATHERINE ST @ KENT ST,367907.7075,5030188.94,-75.69378264,45.40879189,2016-01-10,23:01,01 - Clear,02 - Wet,01 - Traffic signal,03 - At intersection,07 - Dark,02 - Non-fatal injury,02 - Angle,Centretown
3182,CATHERINE ST @ KENT ST,367907.0489,5030189.662,-75.69379096,45.40879845,2016-09-10,16:49,01 - Clear,01 - Dry,01 - Traffic signal,03 - At intersection,01 - Daylight,02 - Non-fatal injury,05 - Turning movement,Centretown
3183,CATHERINE ST @ KENT ST,367907.488,5030188.345,-75.69378552,45.40878656,2016-09-22,19:17,02 - Rain,02 - Wet,01 - Traffic signal,03 - At intersection,07 - Dark,02 - Non-fatal injury,07 - SMV other,Centretown
3184,CATHERINE ST @ KENT ST,367908.8052,5030188.784,-75.69376863,45.40879039,2016-02-13,19:26,01 - Clear,01 - Dry,01 - Traffic signal,03 - At intersection,07 - Dark,03 - P.D. only,05 - Turning movement,Centretown
3185,CATHERINE ST @ KENT ST,367908.8052,5030187.906,-75.69376875,45.40878249,2016-01-23,15:17,01 - Clear,01 - Dry,01 - Traffic signal,03 - At intersection,01 - Daylight,03 - P.D. only,02 - Angle,Centretown
3186,CATHERINE ST @ KENT ST,367906.3298,5030188.335,-75.69380031,45.40878657,2016-02-17,8:33,01 - Clear,03 - Loose snow,01 - Traffic signal,02 - Intersection related,01 - Daylight,03 - P.D. only,04 - Sideswipe,Centretown
3187,CATHERINE ST @ KENT ST,367907.482,5030188.79,-75.69378554,45.40879056,2016-05-27,14:07,01 - Clear,01 - Dry,01 - Traffic signal,02 - Intersection related,01 - Daylight,03 - P.D. only,04 - Sideswipe,Centretown
3188,CATHERINE ST @ KENT ST,367908.1667,5030187.416,-75.69377697,45.40877814,2016-06-04,12:52,01 - Clear,01 - Dry,01 - Traffic signal,03 - At intersection,01 - Daylight,03 - P.D. only,04 - Sideswipe,Centretown
3189,CATHERINE ST @ KENT ST,367907.488,5030187.906,-75.69378557,45.40878261,2016-11-10,21:40,01 - Clear,01 - Dry,01 - Traffic signal,03 - At intersection,07 - Dark,03 - P.D. only,02 - Angle,Centretown
3190,CATHERINE ST @ KENT ST,367907.0489,5030189.223,-75.69379101,45.4087945,2016-12-16,22:08,01 - Clear,01 - Dry,01 - Traffic signal,03 - At intersection,07 - Dark,03 - P.D. only,05 - Turning movement,Centretown
3191,CATHERINE ST @ KENT ST,367907.488,5030188.345,-75.69378552,45.40878656,2016-11-17,19:51,01 - Clear,01 - Dry,01 - Traffic signal,02 - Intersection related,07 - Dark,03 - P.D. only,04 - Sideswipe,Centretown
3192,CATHERINE ST @ KENT ST,367908.3661,5030188.345,-75.6937743,45.40878648,2016-12-06,16:01,01 - Clear,01 - Dry,01 - Traffic signal,02 - Intersection related,05 - Dusk,03 - P.D. only,04 - Sideswipe,Centretown
3193,CATHERINE ST @ KENT ST,367908.3661,5030188.784,-75.69377424,45.40879043,2016-12-10,15:31,01 - Clear,01 - Dry,01 - Traffic signal,03 - At intersection,01 - Daylight,03 - P.D. only,05 - Turning movement,Centretown
3194,CATHERINE ST @ KENT ST,367909.3638,5030188.15,-75.69376158,45.40878464,2016-09-23,18:00,01 - Clear,01 - Dry,01 - Traffic signal,02 - Intersection related,01 - Daylight,03 - P.D. only,04 - Sideswipe,Centretown
3195,CATHERINE ST @ LYON ST/HWY 417 LYON IC120BR36,367747.2474,5030091.876,-75.69584475,45.40793299,2016-09-05,12:27,01 - Clear,01 - Dry,01 - Traffic signal,03 - At intersection,01 - Daylight,03 - P.D. only,02 - Angle,Centretown
3196,CATHERINE ST @ LYON ST/HWY 417 LYON IC120BR36,367747.4871,5030092.346,-75.69584162,45.4079372,2016-12-11,8:32,01 - Clear,01 - Dry,01 - Traffic signal,03 - At intersection,01 - Daylight,03 - P.D. only,02 - Angle,Centretown
3197,CATHERINE ST @ METCALFE ST,368394.5349,5030484.493,-75.68752579,45.41140712,2016-10-06,9:35,01 - Clear,01 - Dry,01 - Traffic signal,02 - Intersection related,01 - Daylight,03 - P.D. only,03 - Rear end,Centretown
3198,CATHERINE ST @ METCALFE ST,368394.3653,5030485.904,-75.68752777,45.41141983,2016-01-11,10:19,03 - Snow,06 - Ice,01 - Traffic signal,02 - Intersection related,01 - Daylight,03 - P.D. only,03 - Rear end,Centretown
3199,CATHERINE ST @ METCALFE ST,368394.5349,5030486.149,-75.68752557,45.41142202,2016-12-23,7:57,01 - Clear,02 - Wet,01 - Traffic signal,02 - Intersection related,01 - Daylight,03 - P.D. only,04 - Sideswipe,Centretown
3200,CATHERINE ST @ METCALFE ST,368392.609,5030486.783,-75.68755009,45.4114279,2016-11-27,19:30,01 - Clear,01 - Dry,01 - Traffic signal,03 - At intersection,07 - Dark,03 - P.D. only,05 - Turning movement,Centretown
3201,CATHERINE ST @ PERCY ST,367490.5671,5029937.56,-75.69914315,45.40656754,2016-07-07,16:15,01 - Clear,01 - Dry,01 - Traffic signal,03 - At intersection,01 - Daylight,02 - Non-fatal injury,05 - Turning movement,Centretown
3202,CATHERINE ST @ PERCY ST,367492.3621,5029938.658,-75.69912008,45.40657726,2016-01-23,10:24,01 - Clear,01 - Dry,01 - Traffic signal,03 - At intersection,01 - Daylight,03 - P.D. only,02 - Angle,Centretown
3203,CATHERINE ST @ PERCY ST,367491.478,5029937.335,-75.69913155,45.40656543,2016-04-16,14:50,01 - Clear,01 - Dry,01 - Traffic signal,03 - At intersection,01 - Daylight,03 - P.D. only,04 - Sideswipe,Centretown
3204,CATHERINE ST btwn BANK ST & O'CONNOR ST,368058.1145,5030278.481,-75.69184985,45.40958398,2016-05-25,15:49,01 - Clear,01 - Dry,10 - No control,04 - At/near private drive,01 - Daylight,03 - P.D. only,02 - Angle,Centretown
3205,CATHERINE ST btwn BANK ST & O'CONNOR ST,368126.6619,5030319.332,-75.69096897,45.40994534,2016-12-15,11:17,01 - Clear,02 - Wet,10 - No control,01 - Non intersection,01 - Daylight,03 - P.D. only,04 - Sideswipe,Centretown
3206,CATHERINE ST btwn BRONSON AVE & HWY417 IC121A RAMP61,367288.6636,5029814.095,-75.70173782,45.40547469,2016-05-08,23:30,01 - Clear,01 - Dry,10 - No control,01 - Non intersection,07 - Dark,03 - P.D. only,04 - Sideswipe,Centretown
3207,CATHERINE ST btwn BRONSON AVE & HWY417 IC121A RAMP61,367352.9585,5029853.944,-75.7009115,45.4058275,2016-02-11,11:56,01 - Clear,02 - Wet,10 - No control,01 - Non intersection,01 - Daylight,03 - P.D. only,04 - Sideswipe,Centretown
3208,CATHERINE ST btwn BRONSON AVE & HWY417 IC121A RAMP61,367262.8551,5029802.654,-75.70206892,45.40537405,2016-06-07,19:59,01 - Clear,01 - Dry,10 - No control,04 - At/near private drive,01 - Daylight,03 - P.D. only,02 - Angle,Centretown
3209,CATHERINE ST btwn BRONSON AVE & HWY417 IC121A RAMP61,367294.6838,5029818.789,-75.70166032,45.40551639,2016-03-01,12:39,01 - Clear,01 - Dry,10 - No control,01 - Non intersection,01 - Daylight,03 - P.D. only,04 - Sideswipe,Centretown
3210,CATHERINE ST btwn BRONSON AVE & HWY417 IC121A RAMP61,367285.9116,5029816.098,-75.70177271,45.40549296,2016-09-22,17:05,01 - Clear,01 - Dry,10 - No control,01 - Non intersection,01 - Daylight,03 - P.D. only,04 - Sideswipe,Centretown
3211,CATHERINE ST btwn BRONSON AVE & HWY417 IC121A RAMP61,367339.985,5029846.768,-75.70107813,45.40576409,2016-10-07,16:21,01 - Clear,01 - Dry,10 - No control,01 - Non intersection,01 - Daylight,03 - P.D. only,03 - Rear end,Centretown
3212,CATHERINE ST btwn HWY417 IC120B RAMP36 & KENT ST,367882.3541,5030174.979,-75.69410829,45.40866856,2016-02-09,14:00,01 - Clear,02 - Wet,10 - No control,01 - Non intersection,01 - Daylight,02 - Non-fatal injury,04 - Sideswipe,Centretown
3213,CATHERINE ST btwn HWY417 IC120B RAMP36 & KENT ST,367775.7203,5030110.346,-75.69547868,45.40809662,2016-05-05,15:19,01 - Clear,01 - Dry,10 - No control,04 - At/near private drive,01 - Daylight,02 - Non-fatal injury,02 - Angle,Centretown
3214,CATHERINE ST btwn HWY417 IC120B RAMP36 & KENT ST,367790.5798,5030118.379,-75.69528784,45.40816756,2016-02-19,17:50,03 - Snow,04 - Slush,10 - No control,01 - Non intersection,07 - Dark,03 - P.D. only,04 - Sideswipe,Centretown
3215,CATHERINE ST btwn KENT ST & BANK ST,367922.0257,5030197.655,-75.69359862,45.40886902,2016-07-18,12:36,01 - Clear,01 - Dry,10 - No control,01 - Non intersection,01 - Daylight,03 - P.D. only,04 - Sideswipe,Centretown
3216,CATHERINE ST btwn KENT ST & BANK ST,367976.1166,5030230.837,-75.69290341,45.4091627,2016-05-19,14:00,01 - Clear,01 - Dry,10 - No control,01 - Non intersection,01 - Daylight,03 - P.D. only,03 - Rear end,Centretown
3217,CATHERINE ST btwn METCALFE ST & ELGIN ST,368401.3906,5030491.613,-75.68743729,45.41147056,2016-11-03,12:59,01 - Clear,02 - Wet,10 - No control,01 - Non intersection,01 - Daylight,03 - P.D. only,04 - Sideswipe,Centretown
3218,CATHERINE ST btwn TO BE DETERMINED & METCALFE ST (2),368344.1757,5030454.668,-75.68817295,45.41114334,2016-01-08,17:34,01 - Clear,02 - Wet,10 - No control,01 - Non intersection,05 - Dusk,02 - Non-fatal injury,03 - Rear end,Centretown
3219,CATHERINE ST btwn TO BE DETERMINED & METCALFE ST (2),368381.3054,5030478.671,-75.68769554,45.41135593,2016-06-16,15:22,01 - Clear,01 - Dry,10 - No control,01 - Non intersection,01 - Daylight,03 - P.D. only,04 - Sideswipe,Centretown
3220,CATHERINE ST/HWY 417 O'CONN IC119BR76 @ O'CONN,368243.5057,5030392.61,-75.68946695,45.41059409,2016-05-14,13:44,01 - Clear,01 - Dry,01 - Traffic signal,03 - At intersection,01 - Daylight,03 - P.D. only,02 - Angle,Centretown
3221,CATHERINE ST/HWY 417 O'CONN IC119BR76 @ O'CONN,368243.861,5030392.859,-75.68946237,45.4105963,2016-01-28,16:00,01 - Clear,01 - Dry,01 - Traffic signal,02 - Intersection related,01 - Daylight,03 - P.D. only,03 - Rear end,Centretown
3222,CATHERINE ST/HWY 417 O'CONN IC119BR76 @ O'CONN,368243.4856,5030392.734,-75.68946719,45.41059521,2016-01-25,20:06,01 - Clear,02 - Wet,01 - Traffic signal,03 - At intersection,07 - Dark,03 - P.D. only,02 - Angle,Centretown
3223,CATHERINE ST/HWY 417 O'CONN IC119BR76 @ O'CONN,368243.6108,5030392.484,-75.68946562,45.41059295,2016-10-24,10:25,01 - Clear,01 - Dry,01 - Traffic signal,02 - Intersection related,01 - Daylight,03 - P.D. only,04 - Sideswipe,Centretown
3224,CATHERINE ST/HWY 417 O'CONN IC119BR76 @ O'CONN,368243.6108,5030392.484,-75.68946562,45.41059295,2016-01-19,14:18,01 - Clear,03 - Loose snow,01 - Traffic signal,02 - Intersection related,01 - Daylight,03 - P.D. only,04 - Sideswipe,Centretown
3225,CATHERINE ST/HWY 417 O'CONN IC119BR76 @ O'CONN,368243.5886,5030391.607,-75.68946602,45.41058506,2016-08-14,1:38,01 - Clear,01 - Dry,01 - Traffic signal,03 - At intersection,07 - Dark,03 - P.D. only,02 - Angle,Centretown
3226,CATHERINE ST/HWY 417 O'CONN IC119BR76 @ O'CONN,368243.9383,5030393.019,-75.68946137,45.41059773,2016-07-04,16:21,01 - Clear,01 - Dry,01 - Traffic signal,03 - At intersection,01 - Daylight,03 - P.D. only,04 - Sideswipe,Centretown
3227,CATHERINE ST/HWY 417 O'CONN IC119BR76 @ O'CONN,368243.4045,5030392.913,-75.6894682,45.41059683,2016-07-11,19:04,01 - Clear,01 - Dry,01 - Traffic signal,02 - Intersection related,01 - Daylight,03 - P.D. only,03 - Rear end,Centretown
3228,CATHERINE ST/HWY 417 O'CONN IC119BR76 @ O'CONN,368243.6444,5030392.631,-75.68946517,45.41059427,2016-02-18,8:23,03 - Snow,06 - Ice,01 - Traffic signal,02 - Intersection related,01 - Daylight,03 - P.D. only,07 - SMV other,Centretown
3229,CATHERINE ST/HWY 417 O'CONN IC119BR76 @ O'CONN,368243.4045,5030392.394,-75.68946827,45.41059216,2016-07-31,9:40,01 - Clear,01 - Dry,01 - Traffic signal,02 - Intersection related,01 - Daylight,03 - P.D. only,99 - Other,Centretown
3230,CATHERINE ST/HWY 417 O'CONN IC119BR76 @ O'CONN,368243.7359,5030392.609,-75.689464,45.41059406,2016-10-13,9:06,02 - Rain,02 - Wet,01 - Traffic signal,02 - Intersection related,01 - Daylight,03 - P.D. only,04 - Sideswipe,Centretown
3231,CATHERINE ST/HWY 417 O'CONN IC119BR76 @ O'CONN,368243.1144,5030393.069,-75.68947188,45.41059826,2016-10-02,8:59,02 - Rain,02 - Wet,01 - Traffic signal,02 - Intersection related,01 - Daylight,03 - P.D. only,03 - Rear end,Centretown
3232,CATHERINE ST/HWY 417 O'CONN IC119BR76 @ O'CONN,368242.8405,5030393.562,-75.68947532,45.41060272,2016-05-30,9:35,01 - Clear,01 - Dry,01 - Traffic signal,02 - Intersection related,01 - Daylight,03 - P.D. only,04 - Sideswipe,Centretown
3233,CATHERINE ST/HWY 417 O'CONN IC119BR76 @ O'CONN,368242.5125,5030392.567,-75.68947964,45.4105938,2016-12-08,17:16,03 - Snow,02 - Wet,01 - Traffic signal,03 - At intersection,07 - Dark,03 - P.D. only,04 - Sideswipe,Centretown
3234,CAVAN ST @ LAPERRIERE AVE,364392.3634,5026880.765,-75.73908755,45.37933372,2016-09-03,14:45,01 - Clear,01 - Dry,02 - Stop sign,03 - At intersection,01 - Daylight,03 - P.D. only,02 - Angle,Centretown
3235,CAVAN ST @ LAPERRIERE AVE,364392.3812,5026879.869,-75.73908743,45.37932565,2016-05-24,17:28,01 - Clear,01 - Dry,02 - Stop sign,03 - At intersection,01 - Daylight,03 - P.D. only,02 - Angle,Centretown
3236,CAVAN ST @ LAROSE AVE,364480.5941,5026738.35,-75.73797828,45.37804478,2016-02-18,11:45,01 - Clear,02 - Wet,02 - Stop sign,03 - At intersection,01 - Daylight,03 - P.D. only,02 - Angle,Centretown