Record,Location,X,Y,lon,lat,Date,Time,Environment,Road_Surface,Traffic_Control,Collision_Location,Light,Collision_Classification,Impact_type,Neighborhood
3237,CAVAN ST @ LAROSE AVE,364481.3545,5026737.761,-75.73796864,45.37803942,2016-01-22,14:48,01 - Clear,01 - Dry,02 - Stop sign,03 - At intersection,01 - Daylight,03 - P.D. only,02 - Angle,Carlington
3238,CAVANMORE RD btwn WESCAR LANE & CARP RD,345421.4996,5017276.231,-75.98209552,45.29426584,2016-02-26,14:34,01 - Clear,01 - Dry,10 - No control,01 - Non intersection,01 - Daylight,03 - P.D. only,06 - SMV unattended vehicle,Carlington
3239,CAVENDISH RD @ RACHAEL AVE,370203.6182,5028238.459,-75.66471351,45.3910314,2016-12-05,15:36,01 - Clear,05 - Packed snow,10 - No control,02 - Intersection related,01 - Daylight,03 - P.D. only,02 - Angle,Carlington
3240,CAYMAN RD btwn CAMPOBELLO DR & GRENADINE ST,349739.333,5016399.029,-75.92712733,45.28610962,2016-01-29,0:00,01 - Clear,03 - Loose snow,10 - No control,01 - Non intersection,00 - Unknown,03 - P.D. only,06 - SMV unattended vehicle,Carlington
3241,CEDAR CREEK DR btwn HILLMAN MARSH WAY & HILLMAN MARSH WAY,375657.1002,5020199.796,-75.59622617,45.31817265,2016-01-30,20:30,01 - Clear,02 - Wet,10 - No control,01 - Non intersection,07 - Dark,03 - P.D. only,03 - Rear end,Stittsville - Basswood
3242,CEDAROCK DR @ STONEHAVEN DR,354727.345,5016854.864,-75.86349957,45.2898747,2016-02-19,19:51,01 - Clear,02 - Wet,02 - Stop sign,03 - At intersection,07 - Dark,03 - P.D. only,02 - Angle,Alta Vista
3243,CEDAROCK DR btwn HANOVER CRT & SPRINGTREE PL,354948.8622,5016875.654,-75.86067363,45.290046,2016-08-15,0:00,01 - Clear,01 - Dry,10 - No control,01 - Non intersection,00 - Unknown,03 - P.D. only,06 - SMV unattended vehicle,Stittsville
3244,CEDARVIEW RD @ FALLOWFIELD RD,361294.8892,5015664.22,-75.77991483,45.27866395,2016-02-22,13:47,01 - Clear,01 - Dry,01 - Traffic signal,02 - Intersection related,01 - Daylight,02 - Non-fatal injury,04 - Sideswipe,Greenbelt
3245,CEDARVIEW RD @ FALLOWFIELD RD,361295.4954,5015665.684,-75.77990693,45.27867708,2016-02-25,18:49,03 - Snow,04 - Slush,01 - Traffic signal,02 - Intersection related,07 - Dark,02 - Non-fatal injury,03 - Rear end,Bridlewood - Emerald Meadows
3246,CEDARVIEW RD @ FALLOWFIELD RD,361293.9167,5015664.067,-75.77992724,45.27866265,2016-01-06,7:26,01 - Clear,01 - Dry,01 - Traffic signal,03 - At intersection,03 - Dawn,03 - P.D. only,05 - Turning movement,Bridlewood - Emerald Meadows
3247,CEDARVIEW RD @ FALLOWFIELD RD,361293.9167,5015665.568,-75.77992707,45.27867616,2016-01-11,17:30,01 - Clear,02 - Wet,01 - Traffic signal,02 - Intersection related,05 - Dusk,03 - P.D. only,99 - Other,Munster Hamlet - Richmond
3248,CEDARVIEW RD @ FALLOWFIELD RD,361295.349,5015663.988,-75.77990899,45.27866183,2016-06-27,14:50,01 - Clear,01 - Dry,01 - Traffic signal,02 - Intersection related,01 - Daylight,03 - P.D. only,02 - Angle,Munster Hamlet - Richmond
3249,CEDARVIEW RD @ HWY 416 WESTHUNT IC72R24,359608.1115,5019744.001,-75.80096198,45.31550769,2016-06-15,17:36,01 - Clear,01 - Dry,02 - Stop sign,03 - At intersection,01 - Daylight,02 - Non-fatal injury,02 - Angle,Munster Hamlet - Richmond
3250,CEDARVIEW RD @ HWY 416 WESTHUNT IC72R24,359607.2849,5019744.455,-75.80097247,45.31551184,2016-04-04,7:47,01 - Clear,01 - Dry,02 - Stop sign,03 - At intersection,01 - Daylight,02 - Non-fatal injury,02 - Angle,Munster Hamlet - Richmond
3251,CEDARVIEW RD @ HWY 416 WESTHUNT IC72R42,359597.5677,5019761.559,-75.8010945,45.3156665,2016-01-29,12:49,03 - Snow,02 - Wet,10 - No control,02 - Intersection related,01 - Daylight,02 - Non-fatal injury,05 - Turning movement,Munster Hamlet - Richmond
3252,CEDARVIEW RD @ JOCKVALE RD,361474.3114,5015252.662,-75.77767508,45.27494628,2016-02-11,15:47,01 - Clear,01 - Dry,11 - Roundabout,02 - Intersection related,01 - Daylight,02 - Non-fatal injury,03 - Rear end,Greenbelt
3253,CEDARVIEW RD @ JOCKVALE RD,361473.014,5015254.503,-75.7776914,45.27496295,2016-12-27,20:15,03 - Snow,05 - Packed snow,11 - Roundabout,03 - At intersection,07 - Dark,02 - Non-fatal injury,02 - Angle,Greenbelt
3254,CEDARVIEW RD @ JOCKVALE RD,361474.895,5015252.432,-75.77766767,45.27494417,2016-05-13,17:28,01 - Clear,01 - Dry,11 - Roundabout,02 - Intersection related,01 - Daylight,03 - P.D. only,03 - Rear end,Greenbelt
3255,CEDARVIEW RD @ JOCKVALE RD,361474.443,5015251.978,-75.77767348,45.27494012,2016-06-25,23:52,01 - Clear,01 - Dry,11 - Roundabout,03 - At intersection,07 - Dark,03 - P.D. only,02 - Angle,Barrhaven West - Old Barrhaven
3256,CEDARVIEW RD @ JOCKVALE RD,361473.5726,5015252.652,-75.77768449,45.27494625,2016-09-23,6:59,02 - Rain,02 - Wet,11 - Roundabout,03 - At intersection,01 - Daylight,03 - P.D. only,02 - Angle,Barrhaven West - Old Barrhaven
3257,CEDARVIEW RD @ JOCKVALE RD,361475.3269,5015253.18,-75.77766208,45.27495086,2016-10-04,16:30,01 - Clear,01 - Dry,11 - Roundabout,03 - At intersection,01 - Daylight,03 - P.D. only,03 - Rear end,Barrhaven West - Old Barrhaven
3258,CEDARVIEW RD @ WEST HUNT CLUB RD,359719.801,5019554.478,-75.79955858,45.31379363,2016-05-09,12:15,01 - Clear,01 - Dry,01 - Traffic signal,02 - Intersection related,01 - Daylight,02 - Non-fatal injury,03 - Rear end,Barrhaven West - Old Barrhaven
3259,CEDARVIEW RD @ WEST HUNT CLUB RD,359718.8969,5019554.258,-75.79957013,45.31379172,2016-10-10,19:03,01 - Clear,01 - Dry,01 - Traffic signal,03 - At intersection,07 - Dark,02 - Non-fatal injury,05 - Turning movement,Barrhaven West - Old Barrhaven
3260,CEDARVIEW RD @ WEST HUNT CLUB RD,359720.3337,5019554.064,-75.79955183,45.31378986,2016-12-16,14:11,01 - Clear,04 - Slush,01 - Traffic signal,03 - At intersection,01 - Daylight,02 - Non-fatal injury,02 - Angle,Barrhaven West - Old Barrhaven
3261,CEDARVIEW RD @ WEST HUNT CLUB RD,359720.3337,5019552.407,-75.79955201,45.31377495,2016-10-24,8:34,01 - Clear,01 - Dry,01 - Traffic signal,02 - Intersection related,01 - Daylight,03 - P.D. only,03 - Rear end,Greenbelt
3262,CEDARVIEW RD @ WEST HUNT CLUB RD,359718.0188,5019554.697,-75.79958128,45.31379574,2016-09-26,8:45,01 - Clear,01 - Dry,01 - Traffic signal,03 - At intersection,01 - Daylight,03 - P.D. only,02 - Angle,Greenbelt
3263,CEDARVIEW RD @ WEST HUNT CLUB RD,359717.5055,5019552.915,-75.79958802,45.31377974,2016-06-13,16:39,01 - Clear,01 - Dry,01 - Traffic signal,03 - At intersection,01 - Daylight,03 - P.D. only,02 - Angle,Greenbelt
3264,CEDARVIEW RD @ WEST HUNT CLUB RD,359719.8048,5019555.154,-75.79955845,45.31379971,2016-05-18,19:29,01 - Clear,01 - Dry,01 - Traffic signal,02 - Intersection related,01 - Daylight,03 - P.D. only,03 - Rear end,Greenbelt
3265,CEDARVIEW RD @ WEST HUNT CLUB RD,359718.9029,5019553.35,-75.79957015,45.31378355,2016-06-09,8:14,01 - Clear,01 - Dry,01 - Traffic signal,02 - Intersection related,01 - Daylight,03 - P.D. only,03 - Rear end,Greenbelt
3266,CEDARVIEW RD @ WEST HUNT CLUB RD,359718.6774,5019555.72,-75.79957277,45.31380489,2016-11-12,13:42,01 - Clear,01 - Dry,01 - Traffic signal,02 - Intersection related,01 - Daylight,03 - P.D. only,03 - Rear end,Greenbelt
3267,CEDARVIEW RD @ WEST HUNT CLUB RD,359719.5056,5019556.548,-75.79956211,45.31381227,2016-12-21,15:33,01 - Clear,03 - Loose snow,01 - Traffic signal,02 - Intersection related,01 - Daylight,03 - P.D. only,03 - Rear end,Greenbelt
3268,CEDARVIEW RD @ WEST HUNT CLUB RD,359720.3337,5019554.064,-75.79955183,45.31378986,2016-12-24,10:59,01 - Clear,02 - Wet,01 - Traffic signal,03 - At intersection,01 - Daylight,03 - P.D. only,05 - Turning movement,Greenbelt
3269,CEDARVIEW RD @ WEST HUNT CLUB RD,359717.0211,5019554.892,-75.79959398,45.31379757,2016-11-29,15:52,01 - Clear,01 - Dry,01 - Traffic signal,02 - Intersection related,05 - Dusk,03 - P.D. only,03 - Rear end,Greenbelt
3270,CEDARVIEW RD btwn BRUIN RD & HWY416 IC72 RAMP62,359590.3499,5019774.631,-75.80118511,45.31578469,2016-02-26,16:08,01 - Clear,02 - Wet,10 - No control,01 - Non intersection,01 - Daylight,03 - P.D. only,05 - Turning movement,Greenbelt
3271,CEDARVIEW RD btwn CAMBRIAN RD & BARNSDALE RD,363897.0836,5010046.665,-75.74741795,45.22790301,2016-04-04,19:59,01 - Clear,01 - Dry,10 - No control,01 - Non intersection,07 - Dark,03 - P.D. only,07 - SMV other,Greenbelt
3272,CEDARVIEW RD btwn CAMBRIAN RD & STRANDHERD DR,362525.4893,5012698.523,-75.76457551,45.25187846,2016-09-28,13:17,01 - Clear,01 - Dry,10 - No control,01 - Non intersection,01 - Daylight,02 - Non-fatal injury,07 - SMV other,Greenbelt
3273,CEDARVIEW RD btwn HWY416 IC72 RAMP24 & WEST HUNT CLUB RD,359712.6168,5019563.681,-75.79964918,45.313877,2016-04-24,14:26,01 - Clear,01 - Dry,10 - No control,01 - Non intersection,01 - Daylight,03 - P.D. only,03 - Rear end,Greenbelt
3274,CEDARVIEW RD btwn LYTLE AVE & CEDARHILL DR,360585.1174,5017316.05,-75.78877517,45.29358393,2016-03-06,9:31,01 - Clear,01 - Dry,10 - No control,04 - At/near private drive,01 - Daylight,02 - Non-fatal injury,03 - Rear end,New Barrhaven
3275,CEDARVIEW RD btwn WEST HUNT CLUB RD & LYTLE AVE,360115.686,5018652.844,-75.79461053,45.3056496,2016-11-21,7:52,03 - Snow,05 - Packed snow,10 - No control,01 - Non intersection,01 - Daylight,03 - P.D. only,07 - SMV other,Munster Hamlet - Richmond
3276,CEDARVIEW RD btwn WEST HUNT CLUB RD & LYTLE AVE,360411.3261,5017717.838,-75.79094567,45.29721302,2016-03-24,9:53,03 - Snow,03 - Loose snow,10 - No control,01 - Non intersection,01 - Daylight,03 - P.D. only,07 - SMV other,Greenbelt
3277,CEDARVIEW RD btwn WEST HUNT CLUB RD & LYTLE AVE,359801.5086,5019272.139,-75.79854791,45.31124673,2016-02-03,8:16,04 - Freezing Rain,06 - Ice,10 - No control,01 - Non intersection,01 - Daylight,03 - P.D. only,07 - SMV other,Greenbelt
3278,CEDARVIEW RD btwn WEST HUNT CLUB RD & LYTLE AVE,360432.7735,5017670.787,-75.79067752,45.29678795,2016-02-16,7:45,03 - Snow,05 - Packed snow,10 - No control,04 - At/near private drive,01 - Daylight,03 - P.D. only,07 - SMV other,Greenbelt
3279,CEDARVIEW RD btwn WEST HUNT CLUB RD & LYTLE AVE,359794.3101,5019252.644,-75.79864187,45.31107187,2016-11-26,15:00,01 - Clear,01 - Dry,10 - No control,01 - Non intersection,01 - Daylight,03 - P.D. only,04 - Sideswipe,Greenbelt
3280,CEDARWOOD DR @ WALKLEY RD,371194.9526,5026455.748,-75.65229407,45.37489793,2016-02-28,12:45,03 - Snow,03 - Loose snow,01 - Traffic signal,03 - At intersection,01 - Daylight,03 - P.D. only,05 - Turning movement,Greenbelt
3281,CELEBRATION ST btwn TRUMP AVE & FESTIVE PRIV,364723.3823,5026013.347,-75.73496653,45.3715006,2016-04-16,12:25,01 - Clear,01 - Dry,10 - No control,01 - Non intersection,01 - Daylight,03 - P.D. only,06 - SMV unattended vehicle,Greenbelt
3282,CENTENNIAL BLVD @ MAIN ST,369479.622,5029416.34,-75.67380444,45.40169681,2016-06-29,17:58,01 - Clear,01 - Dry,02 - Stop sign,02 - Intersection related,01 - Daylight,02 - Non-fatal injury,03 - Rear end,Greenbelt
3283,CENTENNIAL BLVD btwn BULLOCK AVE & RIDEAU GARDEN DR,369691.7529,5029539.616,-75.67107881,45.40278637,2016-02-17,15:45,01 - Clear,01 - Dry,10 - No control,01 - Non intersection,01 - Daylight,03 - P.D. only,06 - SMV unattended vehicle,Ledbury - Heron Gate - Ridgemont - Elmwood
3284,CENTENNIAL BLVD btwn MAIN ST & BULLOCK AVE,369492.3139,5029422.771,-75.67364149,45.4017535,2016-11-03,13:36,01 - Clear,02 - Wet,10 - No control,01 - Non intersection,01 - Daylight,03 - P.D. only,07 - SMV other,Civic Hospital - Experimental Farm - Central Park
3285,CENTER ST @ MONTREAL RD,371822.3815,5033951.812,-75.6432651,45.44228459,2016-04-06,18:18,03 - Snow,03 - Loose snow,02 - Stop sign,03 - At intersection,05 - Dusk,03 - P.D. only,05 - Turning movement,Old Ottawa East
3286,CENTER ST btwn MONTREAL RD & PAUL AVE,371887.028,5033784.584,-75.64246162,45.44077375,2016-04-02,14:15,01 - Clear,01 - Dry,10 - No control,01 - Non intersection,01 - Daylight,03 - P.D. only,06 - SMV unattended vehicle,Old Ottawa East
3287,CENTER ST btwn MONTREAL RD & PAUL AVE,371933.4534,5033666.626,-75.64188435,45.43970796,2016-11-08,7:50,01 - Clear,01 - Dry,10 - No control,04 - At/near private drive,01 - Daylight,03 - P.D. only,99 - Other,Old Ottawa East
3288,CENTRAL PARK DR N @ MERIVALE RD,364953.5698,5025873.81,-75.73204501,45.37022535,2016-03-09,8:06,01 - Clear,02 - Wet,01 - Traffic signal,03 - At intersection,01 - Daylight,02 - Non-fatal injury,05 - Turning movement,Cummings
3289,CENTRAL PARK DR N @ MERIVALE RD,364954.0758,5025872.807,-75.73203868,45.37021629,2016-10-06,8:56,01 - Clear,01 - Dry,01 - Traffic signal,03 - At intersection,01 - Daylight,02 - Non-fatal injury,02 - Angle,Cummings
3290,CENTRAL PARK DR N @ MERIVALE RD,364952.0757,5025873.174,-75.73206416,45.37021976,2016-12-09,8:40,01 - Clear,06 - Ice,01 - Traffic signal,02 - Intersection related,01 - Daylight,03 - P.D. only,03 - Rear end,Cummings
3291,CENTRAL PARK DR S @ MERIVALE RD,364986.7225,5025598.425,-75.73165535,45.36774464,2016-04-04,15:35,01 - Clear,01 - Dry,01 - Traffic signal,02 - Intersection related,01 - Daylight,03 - P.D. only,03 - Rear end,Civic Hospital - Experimental Farm - Central Park
3292,CENTREPOINTE DR @ CHRYSALIS WAY/PLUNKETT CRT,362634.296,5022686.24,-75.76202459,45.3417391,2016-07-02,18:06,01 - Clear,01 - Dry,02 - Stop sign,03 - At intersection,01 - Daylight,03 - P.D. only,02 - Angle,Civic Hospital - Experimental Farm - Central Park
3293,CENTREPOINTE DR @ CONSTELLATION CRES S,362376.3962,5023121.309,-75.76526452,45.34567504,2016-11-10,17:33,01 - Clear,01 - Dry,02 - Stop sign,02 - Intersection related,07 - Dark,03 - P.D. only,04 - Sideswipe,Civic Hospital - Experimental Farm - Central Park
3294,CENTREPOINTE DR @ CONSTELLATION CRES S,362377.026,5023120.332,-75.7652566,45.3456662,2016-12-15,16:00,01 - Clear,01 - Dry,02 - Stop sign,02 - Intersection related,05 - Dusk,03 - P.D. only,03 - Rear end,Civic Hospital - Experimental Farm - Central Park
3295,CENTREPOINTE DR @ GEMINI WAY,362111.8578,5023378.427,-75.76861024,45.34801024,2016-02-04,9:10,01 - Clear,02 - Wet,02 - Stop sign,03 - At intersection,01 - Daylight,03 - P.D. only,02 - Angle,Centrepointe
3296,CENTREPOINTE DR @ HEMMINGWOOD WAY E,362327.147,5023204.33,-75.76588328,45.3464261,2016-08-16,17:11,02 - Rain,02 - Wet,02 - Stop sign,03 - At intersection,01 - Daylight,03 - P.D. only,02 - Angle,Centrepointe
3297,CENTREPOINTE DR @ HEMMINGWOOD WAY E,362327.5183,5023203.488,-75.76587864,45.34641849,2016-09-29,10:00,01 - Clear,01 - Dry,02 - Stop sign,02 - Intersection related,01 - Daylight,03 - P.D. only,03 - Rear end,Centrepointe
3298,CENTREPOINTE DR @ HEMMINGWOOD WAY W,361701.4349,5022998.51,-75.77389116,45.34462518,2016-03-04,13:33,01 - Clear,01 - Dry,02 - Stop sign,03 - At intersection,01 - Daylight,02 - Non-fatal injury,02 - Angle,Centrepointe
3299,CENTREPOINTE DR @ HEMMINGWOOD WAY W,361701.5521,5022999.761,-75.77388952,45.34463643,2016-05-11,14:28,01 - Clear,01 - Dry,02 - Stop sign,02 - Intersection related,01 - Daylight,03 - P.D. only,03 - Rear end,Centrepointe
3300,CENTREPOINTE DR @ TALLWOOD DR,362670.1763,5022577.305,-75.76157953,45.34075595,2016-11-20,15:21,03 - Snow,03 - Loose snow,01 - Traffic signal,02 - Intersection related,01 - Daylight,03 - P.D. only,03 - Rear end,Centrepointe
3301,CENTREPOINTE DR @ TALLWOOD DR,362671.5212,5022575.257,-75.76156261,45.34073741,2016-12-08,21:15,01 - Clear,05 - Packed snow,01 - Traffic signal,02 - Intersection related,07 - Dark,03 - P.D. only,03 - Rear end,Centrepointe
3302,CENTREPOINTE DR @ WYCLIFFE ST,362310.9032,5022245.181,-75.76620206,45.33779706,2016-05-09,17:05,01 - Clear,01 - Dry,02 - Stop sign,02 - Intersection related,01 - Daylight,03 - P.D. only,02 - Angle,Centrepointe
3303,CENTREPOINTE DR btwn Continuation of CENTREPOINTE DR & HEMMINGWOOD WAY,362204.907,5023294.139,-75.76743266,45.34724421,2016-06-01,20:09,01 - Clear,01 - Dry,10 - No control,01 - Non intersection,01 - Daylight,02 - Non-fatal injury,07 - SMV other,Centrepointe
3304,CENTREPOINTE DR btwn Continuation of CENTREPOINTE DR & HEMMINGWOOD WAY,362319.6776,5023216.395,-75.76597719,45.34653527,2016-11-05,18:56,01 - Clear,01 - Dry,10 - No control,01 - Non intersection,07 - Dark,03 - P.D. only,03 - Rear end,Centrepointe
3305,CENTREPOINTE DR btwn PINETRAIL CRES & KENTSDALE DR,362659.4215,5022456.074,-75.76173092,45.33966601,2016-11-05,11:33,01 - Clear,01 - Dry,10 - No control,04 - At/near private drive,01 - Daylight,03 - P.D. only,02 - Angle,Centrepointe
3306,CENTREPOINTE DR btwn REC PATH BEN FRANKLIN PL & PASEO PRIV,362510.6491,5022866.51,-75.76358118,45.34337134,2016-02-08,9:07,01 - Clear,01 - Dry,10 - No control,01 - Non intersection,01 - Daylight,03 - P.D. only,04 - Sideswipe,Centrepointe
3307,CENTRUM BLVD @ PRESTONE DR,382259.461,5038366.35,-75.50917299,45.48092434,2016-01-13,14:50,03 - Snow,03 - Loose snow,02 - Stop sign,03 - At intersection,01 - Daylight,02 - Non-fatal injury,07 - SMV other,Centrepointe
3308,CENTRUM BLVD btwn PLACE D'ORLEANS DR & PRESTONE DR,382108.8569,5038281.557,-75.51111251,45.48017814,2016-03-10,15:18,01 - Clear,01 - Dry,10 - No control,04 - At/near private drive,01 - Daylight,03 - P.D. only,04 - Sideswipe,Centrepointe
3309,CENTURY RD    W btwn FOURTH LINE RD & THIRD LINE RD N,362271.1362,5004097.361,-75.76880819,45.1745047,2016-09-16,6:00,01 - Clear,01 - Dry,10 - No control,01 - Non intersection,07 - Dark,02 - Non-fatal injury,04 - Sideswipe,Centrepointe
3310,CENTURY RD    W btwn GOODSTOWN RD & MALAKOFF RD,359877.2065,5002677.761,-75.79941988,45.16192166,2016-12-01,17:30,01 - Clear,02 - Wet,10 - No control,01 - Non intersection,07 - Dark,03 - P.D. only,07 - SMV other,Industrial Park
3311,CENTURY RD @ MALAKOFF RD,360014.4776,5002796.867,-75.79766075,45.16298268,2016-11-29,22:23,"07 - Fog, mist, smoke, dust",02 - Wet,02 - Stop sign,02 - Intersection related,07 - Dark,03 - P.D. only,07 - SMV other,Industrial Park
3312,CENTURY RD S @ MCCORDICK RD S,360469.3577,5003123.789,-75.79183858,45.16588869,2016-12-24,8:51,03 - Snow,04 - Slush,02 - Stop sign,03 - At intersection,01 - Daylight,02 - Non-fatal injury,02 - Angle,Munster Hamlet - Richmond
3313,CENTURY RD S @ MCCORDICK RD S,360473.8338,5003126.894,-75.7917813,45.16591628,2016-09-20,20:30,01 - Clear,01 - Dry,02 - Stop sign,03 - At intersection,07 - Dark,03 - P.D. only,02 - Angle,Munster Hamlet - Richmond
3314,CENTURY RD S @ MCCORDICK RD S,360470.6794,5003126.894,-75.79182142,45.16591653,2016-10-06,9:20,01 - Clear,01 - Dry,02 - Stop sign,03 - At intersection,01 - Daylight,03 - P.D. only,02 - Angle,Munster Hamlet - Richmond
3315,CHAINE CRT btwn Continuation of CHAINE CRT & SIMARD DR,381320.3338,5035003.989,-75.52170757,45.45077616,2016-04-04,0:04,01 - Clear,01 - Dry,10 - No control,04 - At/near private drive,07 - Dark,03 - P.D. only,02 - Angle,Munster Hamlet - Richmond
3316,CHAMBERLAIN AVE @ IMPERIAL AVE,367360.5515,5029673.826,-75.70083737,45.40420617,2016-12-06,17:12,01 - Clear,01 - Dry,02 - Stop sign,03 - At intersection,07 - Dark,03 - P.D. only,05 - Turning movement,Munster Hamlet - Richmond
3317,CHAMBERLAIN AVE @ KENT ST,367932.6085,5030047.77,-75.69348263,45.40751944,2016-05-20,15:50,01 - Clear,01 - Dry,01 - Traffic signal,02 - Intersection related,01 - Daylight,03 - P.D. only,04 - Sideswipe,Munster Hamlet - Richmond
3318,CHAMBERLAIN AVE @ PERCY ST,367558.9349,5029824.781,-75.69828421,45.40554666,2016-02-16,18:49,03 - Snow,03 - Loose snow,01 - Traffic signal,03 - At intersection,07 - Dark,03 - P.D. only,02 - Angle,Orleans Village - Chateauneuf
3319,CHAMBERLAIN AVE btwn LYON ST S & KENT ST,367925.3622,5030043.581,-75.69357573,45.40748241,2016-08-30,14:54,01 - Clear,01 - Dry,10 - No control,01 - Non intersection,01 - Daylight,03 - P.D. only,03 - Rear end,The Glebe
3320,CHAMPAGNE AVE   S btwn BEECH ST & HICKORY ST,366527.8832,5029038.848,-75.71155252,45.39856673,2016-12-20,0:00,01 - Clear,05 - Packed snow,10 - No control,01 - Non intersection,00 - Unknown,03 - P.D. only,06 - SMV unattended vehicle,The Glebe
3321,CHAMPAGNE AVE   S btwn HICKORY ST & CARLING AVE,366605.8822,5028858.723,-75.71057891,45.39693913,2016-07-20,15:51,01 - Clear,01 - Dry,10 - No control,01 - Non intersection,01 - Daylight,03 - P.D. only,07 - SMV other,The Glebe
3322,CHAMPAGNE AVE   S btwn HICKORY ST & CARLING AVE,366565.1503,5028946.923,-75.71108806,45.39773632,2016-12-09,16:20,01 - Clear,01 - Dry,10 - No control,01 - Non intersection,05 - Dusk,03 - P.D. only,06 - SMV unattended vehicle,The Glebe
3323,CHAMPAGNE AVE   S btwn YOUNG ST & BEECH ST,366452.5119,5029210.138,-75.71249373,45.40011459,2016-09-13,12:11,01 - Clear,01 - Dry,10 - No control,01 - Non intersection,01 - Daylight,03 - P.D. only,99 - Other,Centretown West
3324,CHAMPAGNE AVE @ WELLINGTON ST,365955.2577,5030343.537,-75.71870414,45.41035624,2016-07-09,20:30,02 - Rain,02 - Wet,02 - Stop sign,02 - Intersection related,05 - Dusk,03 - P.D. only,04 - Sideswipe,Centretown West
3325,CHAMPLAIN BRIDGE/ISLAND PARK DR btwn BATE ISLAND & OTTAWA RIVER PKWY,363115.7522,5029748.667,-75.75504777,45.40524608,2016-05-30,16:41,01 - Clear,01 - Dry,10 - No control,07 - Overpass or bridge,01 - Daylight,02 - Non-fatal injury,01 - Approaching,Centretown West
3326,CHAMPLAIN BRIDGE/ISLAND PARK DR btwn BATE ISLAND & OTTAWA RIVER PKWY,362984.9816,5030035.136,-75.75668434,45.40783456,2016-05-19,18:21,01 - Clear,01 - Dry,10 - No control,01 - Non intersection,01 - Daylight,02 - Non-fatal injury,03 - Rear end,Centretown West
3327,CHAMPLAIN BRIDGE/ISLAND PARK DR btwn BATE ISLAND & OTTAWA RIVER PKWY,363106.1538,5029795.059,-75.75516488,45.4056643,2016-04-16,7:12,00 - Unknown,06 - Ice,10 - No control,07 - Overpass or bridge,01 - Daylight,03 - P.D. only,01 - Approaching,Centretown West
3328,CHAMPLAIN BRIDGE/ISLAND PARK DR btwn BATE ISLAND & OTTAWA RIVER PKWY,363134.0421,5029625.29,-75.75482874,45.40413443,2016-06-27,16:30,01 - Clear,01 - Dry,10 - No control,01 - Non intersection,01 - Daylight,03 - P.D. only,03 - Rear end,Westboro
3329,CHAMPLAIN BRIDGE/ISLAND PARK DR btwn BATE ISLAND & OTTAWA RIVER PKWY,363116.7071,5029774.805,-75.75503248,45.40548118,2016-06-22,14:19,01 - Clear,01 - Dry,10 - No control,07 - Overpass or bridge,01 - Daylight,03 - P.D. only,03 - Rear end,Westboro
3330,CHAMPLAIN BRIDGE/ISLAND PARK DR btwn BATE ISLAND & OTTAWA RIVER PKWY,362997.2513,5030019.789,-75.75652942,45.40769545,2016-01-04,15:35,01 - Clear,01 - Dry,10 - No control,01 - Non intersection,01 - Daylight,03 - P.D. only,07 - SMV other,Westboro
3331,CHAMPLAIN BRIDGE/ISLAND PARK DR btwn BATE ISLAND & OTTAWA RIVER PKWY,363114.5402,5029744.468,-75.75506374,45.40520839,2016-02-04,7:30,01 - Clear,01 - Dry,10 - No control,01 - Non intersection,01 - Daylight,03 - P.D. only,04 - Sideswipe,Westboro
3332,CHAMPLAIN BRIDGE/ISLAND PARK DR btwn BATE ISLAND & OTTAWA RIVER PKWY,363059.3064,5029930.255,-75.75574731,45.40688467,2016-11-17,6:45,01 - Clear,01 - Dry,10 - No control,07 - Overpass or bridge,03 - Dawn,03 - P.D. only,04 - Sideswipe,Westboro
3333,CHAMPLAIN BRIDGE/ISLAND PARK DR btwn BATE ISLAND & OTTAWA RIVER PKWY,363112.0807,5029773.431,-75.75509174,45.4054692,2016-10-04,18:30,01 - Clear,01 - Dry,10 - No control,07 - Overpass or bridge,05 - Dusk,03 - P.D. only,03 - Rear end,Westboro
3334,CHAMPLAIN BRIDGE/ISLAND PARK DR btwn BATE ISLAND & PROVINCIAL BOUNDARY,362884.8516,5030134.506,-75.75795169,45.40873699,2016-03-18,16:20,01 - Clear,01 - Dry,10 - No control,07 - Overpass or bridge,01 - Daylight,02 - Non-fatal injury,03 - Rear end,Westboro
3335,CHAMPLAIN BRIDGE/ISLAND PARK DR btwn BATE ISLAND & PROVINCIAL BOUNDARY,362765.8785,5030240.342,-75.75945903,45.40969914,2016-08-22,16:58,01 - Clear,01 - Dry,10 - No control,01 - Non intersection,01 - Daylight,02 - Non-fatal injury,03 - Rear end,Westboro
3336,CHAMPLAIN BRIDGE/ISLAND PARK DR btwn BATE ISLAND & PROVINCIAL BOUNDARY,362887.0016,5030136.647,-75.75792397,45.40875607,2016-04-28,15:33,01 - Clear,01 - Dry,10 - No control,01 - Non intersection,01 - Daylight,03 - P.D. only,03 - Rear end,Westboro
3337,CHAMPLAIN ST @ JEANNE D'ARC BLVD,381380.4033,5038723.379,-75.52036017,45.48423356,2016-01-06,18:01,01 - Clear,01 - Dry,01 - Traffic signal,03 - At intersection,07 - Dark,02 - Non-fatal injury,05 - Turning movement,Westboro
3338,CHAMPLAIN ST @ JEANNE D'ARC BLVD,381379.0571,5038723.214,-75.52037741,45.48423222,2016-11-13,16:01,01 - Clear,01 - Dry,01 - Traffic signal,03 - At intersection,01 - Daylight,02 - Non-fatal injury,02 - Angle,Gatineau
3339,CHAMPLAIN ST @ JEANNE D'ARC BLVD,381379.9667,5038724.264,-75.52036561,45.48424157,2016-02-17,20:25,03 - Snow,06 - Ice,01 - Traffic signal,03 - At intersection,07 - Dark,03 - P.D. only,02 - Angle,Westboro
3340,CHAMPLAIN ST @ JEANNE D'ARC BLVD,381380.8546,5038724.264,-75.52035425,45.48424147,2016-02-18,8:00,01 - Clear,06 - Ice,01 - Traffic signal,02 - Intersection related,01 - Daylight,03 - P.D. only,03 - Rear end,Orleans South West