Record,Location,X,Y,lon,lat,Date,Time,Environment,Road_Surface,Traffic_Control,Collision_Location,Light,Collision_Classification,Impact_type,Neighborhood
3341,CHAMPLAIN ST @ JEANNE D'ARC BLVD,381379.0571,5038724.363,-75.52037723,45.48424256,2016-11-13,14:00,01 - Clear,01 - Dry,01 - Traffic signal,03 - At intersection,01 - Daylight,03 - P.D. only,05 - Turning movement,Orleans South West
3342,CHAMPLAIN ST @ OR174 IC102 RAMP26,381532.1656,5038340.958,-75.51847881,45.4807762,2016-12-05,12:26,03 - Snow,03 - Loose snow,03 - Yield sign,02 - Intersection related,01 - Daylight,03 - P.D. only,03 - Rear end,Chatelaine Village
3343,CHAMPLAIN ST @ PLACE D'ORLEANS  SC E/PLACE D'O,381519.991,5038374.573,-75.51862927,45.48107998,2016-07-29,6:31,01 - Clear,01 - Dry,01 - Traffic signal,03 - At intersection,01 - Daylight,03 - P.D. only,05 - Turning movement,Chatelaine Village
3344,CHAMPLAIN ST @ PLACE D'ORLEANS DR,381597.6715,5038180.127,-75.51766617,45.47932198,2016-09-30,0:22,01 - Clear,01 - Dry,01 - Traffic signal,02 - Intersection related,07 - Dark,03 - P.D. only,04 - Sideswipe,Chatelaine Village
3345,CHAMPLAIN ST @ PLACE D'ORLEANS DR,381597.2325,5038180.742,-75.51767168,45.47932756,2016-02-12,12:37,01 - Clear,01 - Dry,01 - Traffic signal,02 - Intersection related,01 - Daylight,03 - P.D. only,04 - Sideswipe,Orleans South West
3346,CHAMPLAIN ST @ PLACE D'ORLEANS DR,381596.1483,5038181.035,-75.51768551,45.47933031,2016-02-10,15:14,01 - Clear,02 - Wet,01 - Traffic signal,03 - At intersection,01 - Daylight,03 - P.D. only,04 - Sideswipe,Orleans South West
3347,CHAMPLAIN ST @ PLACE D'ORLEANS DR,381599.7305,5038179.574,-75.51763992,45.47931678,2016-10-31,17:04,01 - Clear,01 - Dry,01 - Traffic signal,03 - At intersection,01 - Daylight,03 - P.D. only,03 - Rear end,Industrial Park
3348,CHAMPLAIN ST @ PLACE D'ORLEANS DR,381597.468,5038181.482,-75.51766856,45.47933419,2016-02-05,20:40,01 - Clear,01 - Dry,01 - Traffic signal,02 - Intersection related,07 - Dark,03 - P.D. only,05 - Turning movement,Industrial Park
3349,CHAMPLAIN ST @ PLACE D'ORLEANS DR,381597.3915,5038180.556,-75.51766968,45.47932587,2016-11-11,13:50,01 - Clear,01 - Dry,01 - Traffic signal,02 - Intersection related,01 - Daylight,03 - P.D. only,03 - Rear end,Industrial Park
3350,CHAMPLAIN ST btwn JEANNE D'ARC BLVD N & OR174 IC102 RAMP61,381515.3403,5038385.911,-75.51868698,45.4811825,2016-05-08,23:43,01 - Clear,01 - Dry,10 - No control,01 - Non intersection,07 - Dark,03 - P.D. only,04 - Sideswipe,Industrial Park
3351,CHAMPLAIN ST btwn OR174 IC102 RAMP36 & PLACE D'ORLEANS DR,381573.0562,5038238.533,-75.51797185,45.47985017,2016-01-20,11:45,01 - Clear,01 - Dry,10 - No control,01 - Non intersection,01 - Daylight,03 - P.D. only,03 - Rear end,Industrial Park
3352,CHANTENAY DR btwn BEAUCLAIRE DR & BEAUCLAIRE DR,380640.0415,5038902.764,-75.52980202,45.48592834,2016-12-25,0:00,01 - Clear,06 - Ice,10 - No control,01 - Non intersection,00 - Unknown,03 - P.D. only,06 - SMV unattended vehicle,Industrial Park
3353,CHAPEL CRES btwn WIGGINS PRIV & WIGGINS PRIV,369608.6312,5031459.798,-75.67188803,45.42007117,2016-09-27,15:30,01 - Clear,01 - Dry,10 - No control,01 - Non intersection,01 - Daylight,03 - P.D. only,07 - SMV other,Orleans South West
3354,CHAPEL ST @ DALY AVE,368969.2232,5032504.356,-75.67992133,45.42952865,2016-12-13,22:55,01 - Clear,06 - Ice,02 - Stop sign,03 - At intersection,07 - Dark,03 - P.D. only,02 - Angle,Industrial Park
3355,CHAPEL ST @ LAURIER AVE,369118.4897,5032263.926,-75.67804532,45.42735165,2016-09-22,17:37,01 - Clear,02 - Wet,01 - Traffic signal,03 - At intersection,01 - Daylight,03 - P.D. only,05 - Turning movement,Orleans South West
3356,CHAPEL ST @ LAURIER AVE,369117.7907,5032263.437,-75.67805431,45.42734731,2016-04-08,9:01,01 - Clear,01 - Dry,01 - Traffic signal,03 - At intersection,01 - Daylight,03 - P.D. only,03 - Rear end,Sandy Hill
3357,CHAPEL ST @ LAURIER AVE,369118.4819,5032264.13,-75.67804539,45.42735348,2016-07-23,0:18,01 - Clear,01 - Dry,01 - Traffic signal,03 - At intersection,07 - Dark,03 - P.D. only,02 - Angle,Sandy Hill
3358,CHAPEL ST @ LAURIER AVE,369118.0506,5032263.926,-75.67805093,45.42735169,2016-09-17,18:00,02 - Rain,02 - Wet,01 - Traffic signal,03 - At intersection,01 - Daylight,03 - P.D. only,02 - Angle,Sandy Hill
3359,CHAPEL ST @ RIDEAU ST,368891.7497,5032643.052,-75.68089329,45.43078369,2016-09-11,12:47,01 - Clear,01 - Dry,01 - Traffic signal,02 - Intersection related,01 - Daylight,02 - Non-fatal injury,07 - SMV other,Sandy Hill
3360,CHAPEL ST @ RIDEAU ST,368891.2719,5032643.271,-75.68089936,45.43078571,2016-08-01,11:21,01 - Clear,01 - Dry,01 - Traffic signal,02 - Intersection related,01 - Daylight,03 - P.D. only,03 - Rear end,Sandy Hill
3361,CHAPEL ST @ RIDEAU ST,368891.2809,5032643.046,-75.68089928,45.43078368,2016-05-11,16:09,01 - Clear,01 - Dry,01 - Traffic signal,02 - Intersection related,01 - Daylight,03 - P.D. only,03 - Rear end,Sandy Hill
3362,CHAPEL ST @ STEWART ST,369014.0987,5032437.029,-75.67935667,45.42891875,2016-01-30,3:10,01 - Clear,02 - Wet,02 - Stop sign,03 - At intersection,07 - Dark,03 - P.D. only,04 - Sideswipe,Lowe
3363,CHAPEL ST btwn DALY AVE & STEWART ST,368980.5713,5032492.416,-75.67977788,45.42942018,2016-06-30,17:40,01 - Clear,01 - Dry,10 - No control,01 - Non intersection,01 - Daylight,03 - P.D. only,06 - SMV unattended vehicle,Lowe
3364,CHAPEL ST btwn DALY AVE & STEWART ST,368985.5387,5032482.547,-75.67971569,45.42933093,2016-01-31,0:00,01 - Clear,01 - Dry,10 - No control,01 - Non intersection,00 - Unknown,03 - P.D. only,06 - SMV unattended vehicle,Lowe
3365,CHAPEL ST btwn LAURIER AVE E & OSGOODE ST,369191.926,5032145.146,-75.67712247,45.42627615,2016-09-03,20:00,01 - Clear,01 - Dry,10 - No control,04 - At/near private drive,05 - Dusk,03 - P.D. only,06 - SMV unattended vehicle,Sandy Hill
3366,CHAPEL ST btwn OSGOODE ST & SOMERSET ST E,369269.0308,5032022.827,-75.67615324,45.42516847,2016-07-22,23:01,01 - Clear,01 - Dry,10 - No control,01 - Non intersection,07 - Dark,02 - Non-fatal injury,06 - SMV unattended vehicle,Sandy Hill
3367,CHAPMAN BLVD @ HAIG DR,372378.5058,5028878.767,-75.63685287,45.39658613,2016-12-08,6:55,01 - Clear,01 - Dry,02 - Stop sign,03 - At intersection,03 - Dawn,03 - P.D. only,02 - Angle,Sandy Hill
3368,CHAPMAN MILLS DR @ LEAMINGTON WAY/MANCINI WAY,365045.8119,5014687.236,-75.73222821,45.26956165,2016-11-28,14:44,01 - Clear,01 - Dry,02 - Stop sign,02 - Intersection related,01 - Daylight,03 - P.D. only,04 - Sideswipe,Sandy Hill
3369,CHAPMAN MILLS DR @ LONGFIELDS DR,364841.826,5014582.921,-75.73484018,45.26864047,2016-10-31,21:15,01 - Clear,01 - Dry,02 - Stop sign,02 - Intersection related,07 - Dark,03 - P.D. only,07 - SMV other,Sandy Hill
3370,CHAPMAN MILLS DR @ LONGFIELDS DR,364841.826,5014582.921,-75.73484018,45.26864047,2016-12-17,13:02,03 - Snow,03 - Loose snow,02 - Stop sign,02 - Intersection related,01 - Daylight,03 - P.D. only,01 - Approaching,Elmvale - Eastway - Riverview - Riverview Park West
3371,CHAPMAN MILLS DR btwn BEATRICE DR & MEADGATE GT,365569.2736,5014936.364,-75.72552734,45.27175826,2016-06-14,8:57,01 - Clear,01 - Dry,10 - No control,01 - Non intersection,01 - Daylight,03 - P.D. only,06 - SMV unattended vehicle,New Barrhaven
3372,CHAPMAN MILLS DR btwn BEATRICE DR & MEADGATE GT,365611.0245,5014953.349,-75.72499322,45.27190748,2016-04-17,21:30,01 - Clear,01 - Dry,10 - No control,01 - Non intersection,07 - Dark,03 - P.D. only,06 - SMV unattended vehicle,New Barrhaven
3373,CHAPMAN MILLS DR btwn LEAMINGTON WAY & TEMAGAMI DR,365265.7404,5014800.26,-75.72941193,45.27055977,2016-05-08,14:35,01 - Clear,01 - Dry,10 - No control,04 - At/near private drive,01 - Daylight,03 - P.D. only,02 - Angle,New Barrhaven
3374,CHAPMAN MILLS DR btwn TEMAGAMI DR & BEATRICE DR,365447.6131,5014889.153,-75.72708347,45.27134396,2016-05-17,5:58,01 - Clear,01 - Dry,10 - No control,01 - Non intersection,01 - Daylight,03 - P.D. only,07 - SMV other,New Barrhaven
3375,CHAPMAN MILLS DR/TRANSITWAY SOUTHWEST @ WOODROFFE AVE,366177.0901,5015219.37,-75.71774677,45.27425195,2016-08-16,17:58,02 - Rain,02 - Wet,01 - Traffic signal,02 - Intersection related,01 - Daylight,03 - P.D. only,03 - Rear end,New Barrhaven
3376,CHAPMAN MILLS DR/TRANSITWAY SOUTHWEST @ WOODROFFE AVE,366177.0901,5015219.37,-75.71774677,45.27425195,2016-07-19,14:53,01 - Clear,01 - Dry,01 - Traffic signal,02 - Intersection related,01 - Daylight,03 - P.D. only,05 - Turning movement,New Barrhaven
3377,CHARDON DRWY btwn EGLANTINE DRWY & SORREL DRWY,364450.764,5029788.447,-75.7379904,45.40549151,2016-05-24,15:21,01 - Clear,01 - Dry,10 - No control,04 - At/near private drive,01 - Daylight,03 - P.D. only,06 - SMV unattended vehicle,New Barrhaven
3378,CHARLEMAGNE BLVD @ GARDENWAY DR/BOTTRIELL WAY ,384049.6123,5037034.677,-75.48649255,45.46874228,2016-09-13,8:52,01 - Clear,01 - Dry,01 - Traffic signal,03 - At intersection,01 - Daylight,03 - P.D. only,02 - Angle,New Barrhaven
3379,CHARLEMAGNE BLVD @ ORCHARDVIEW AVE,384506.9812,5037242.351,-75.48061059,45.47055869,2016-04-07,14:36,02 - Rain,04 - Slush,02 - Stop sign,02 - Intersection related,01 - Daylight,03 - P.D. only,99 - Other,New Barrhaven
3380,CHARLEMAGNE BLVD @ PRINCESS LOUISE DR E,384092.0066,5038137.438,-75.48577249,45.47865908,2016-01-09,15:41,01 - Clear,02 - Wet,02 - Stop sign,02 - Intersection related,01 - Daylight,02 - Non-fatal injury,03 - Rear end,Tunney's Pasture
3381,CHARLEMAGNE BLVD @ PRINCESS LOUISE DR W/VALADE,383520.1492,5037974.586,-75.4931121,45.4772586,2016-05-06,13:13,01 - Clear,01 - Dry,01 - Traffic signal,02 - Intersection related,01 - Daylight,02 - Non-fatal injury,04 - Sideswipe,Fallingbrook
3382,CHARLEMAGNE BLVD @ PRINCESS LOUISE DR W/VALADE,383520.5307,5037972.466,-75.49310756,45.47723948,2016-01-09,10:30,02 - Rain,04 - Slush,01 - Traffic signal,02 - Intersection related,01 - Daylight,03 - P.D. only,04 - Sideswipe,Fallingbrook
3383,CHARLEMAGNE BLVD @ PRINCESS LOUISE DR W/VALADE,383520.8581,5037973.819,-75.49310316,45.47725162,2016-01-28,11:44,03 - Snow,04 - Slush,01 - Traffic signal,02 - Intersection related,01 - Daylight,03 - P.D. only,03 - Rear end,Fallingbrook
3384,CHARLEMAGNE BLVD btwn CANTEVAL TER & TENTH LINE RD,383803.6928,5036973.442,-75.48964691,45.46821921,2016-06-09,17:51,01 - Clear,01 - Dry,10 - No control,04 - At/near private drive,01 - Daylight,02 - Non-fatal injury,02 - Angle,Fallingbrook
3385,CHARLEMAGNE BLVD btwn MERKLEY DR & VALIN ST,384702.7744,5037724.896,-75.47802848,45.4748778,2016-01-11,8:11,01 - Clear,06 - Ice,10 - No control,01 - Non intersection,01 - Daylight,03 - P.D. only,04 - Sideswipe,Fallingbrook
3386,CHARLEMAGNE BLVD btwn ORCHARDVIEW AVE & VALIN ST,384701.089,5037545.903,-75.47807914,45.47326759,2016-09-13,14:00,01 - Clear,01 - Dry,10 - No control,01 - Non intersection,01 - Daylight,03 - P.D. only,07 - SMV other,Fallingbrook
3387,CHARLEMAGNE BLVD btwn TENTH LINE RD & VALADE CRES,383253.1252,5038007.097,-75.49652181,45.47758116,2016-08-11,21:19,01 - Clear,01 - Dry,10 - No control,04 - At/near private drive,07 - Dark,02 - Non-fatal injury,02 - Angle,Fallingbrook
3388,CHARLEMAGNE BLVD btwn TENTH LINE RD & VALADE CRES,383201.0769,5037986.04,-75.49719081,45.47739755,2016-04-06,19:30,03 - Snow,03 - Loose snow,10 - No control,01 - Non intersection,07 - Dark,03 - P.D. only,01 - Approaching,Fallingbrook
3389,CHARLEMAGNE BLVD btwn TENTH LINE RD & VALADE CRES,383382.5704,5038006.308,-75.49486648,45.4775595,2016-08-06,20:23,01 - Clear,01 - Dry,10 - No control,04 - At/near private drive,07 - Dark,03 - P.D. only,03 - Rear end,Fallingbrook
3390,CHARLEVOIX ST btwn BEECHWOOD AVE & BARRETTE ST,369238.1264,5033542.831,-75.67634921,45.43884772,2016-06-20,9:15,01 - Clear,01 - Dry,10 - No control,01 - Non intersection,01 - Daylight,03 - P.D. only,06 - SMV unattended vehicle,Fallingbrook
3391,CHARLEVOIX ST btwn BEECHWOOD AVE & BARRETTE ST,369239.8111,5033542.406,-75.67632773,45.43884374,2016-01-27,17:54,01 - Clear,01 - Dry,10 - No control,01 - Non intersection,07 - Dark,03 - P.D. only,06 - SMV unattended vehicle,Fallingbrook
3392,CHARLOTTE ST @ DESJARDINS AVE,369020.7539,5033202.804,-75.67917174,45.43580829,2016-07-05,17:48,01 - Clear,01 - Dry,02 - Stop sign,03 - At intersection,01 - Daylight,02 - Non-fatal injury,05 - Turning movement,Fallingbrook
3393,CHARLOTTE ST @ RIDEAU ST,369250.8067,5032859.812,-75.67627656,45.43270102,2016-11-06,0:37,01 - Clear,01 - Dry,01 - Traffic signal,02 - Intersection related,07 - Dark,02 - Non-fatal injury,04 - Sideswipe,Vanier North
3394,CHARLOTTE ST @ RIDEAU ST,369250.8364,5032859.367,-75.67627624,45.43269701,2016-03-07,11:30,01 - Clear,01 - Dry,01 - Traffic signal,02 - Intersection related,01 - Daylight,03 - P.D. only,02 - Angle,Vanier North
3395,CHARLOTTE ST @ RIDEAU ST,369249.2498,5032859.363,-75.67629652,45.43269712,2016-04-12,10:44,01 - Clear,02 - Wet,01 - Traffic signal,03 - At intersection,01 - Daylight,03 - P.D. only,04 - Sideswipe,Lower Town
3396,CHARLOTTE ST @ RIDEAU ST,369250.1636,5032860.501,-75.67628469,45.43270728,2016-07-11,14:12,01 - Clear,01 - Dry,01 - Traffic signal,02 - Intersection related,01 - Daylight,03 - P.D. only,03 - Rear end,Lower Town
3397,CHARLOTTE ST @ RIDEAU ST,369249.9147,5032859.588,-75.67628799,45.43269908,2016-11-11,9:41,01 - Clear,01 - Dry,01 - Traffic signal,02 - Intersection related,01 - Daylight,03 - P.D. only,03 - Rear end,Lower Town
3398,CHARLOTTE ST @ RIDEAU ST,369248.8808,5032858.35,-75.67630137,45.43268804,2016-12-17,10:25,03 - Snow,03 - Loose snow,01 - Traffic signal,02 - Intersection related,01 - Daylight,03 - P.D. only,03 - Rear end,Lower Town
3399,CHARLOTTE ST @ WILBROD ST,369416.8093,5032590.393,-75.67419052,45.43026157,2016-03-21,14:14,01 - Clear,01 - Dry,02 - Stop sign,02 - Intersection related,01 - Daylight,02 - Non-fatal injury,07 - SMV other,Lower Town
3400,CHARLOTTE ST btwn DESJARDINS AVE & CLARENCE ST E,369038.6311,5033177.667,-75.67894655,45.43558048,2016-08-14,17:46,01 - Clear,01 - Dry,10 - No control,01 - Non intersection,01 - Daylight,03 - P.D. only,07 - SMV other,Lower Town
3401,CHARLOTTE ST btwn DESJARDINS AVE & CLARENCE ST E,369032.1472,5033187.12,-75.67902818,45.43566613,2016-08-25,12:33,01 - Clear,01 - Dry,10 - No control,01 - Non intersection,01 - Daylight,03 - P.D. only,06 - SMV unattended vehicle,Lower Town
3402,CHARLOTTE ST btwn STEWART ST & WILBROD ST,369387.3009,5032638.027,-75.67456135,45.43069289,2016-09-18,1:30,01 - Clear,02 - Wet,10 - No control,04 - At/near private drive,07 - Dark,03 - P.D. only,06 - SMV unattended vehicle,Sandy Hill
3403,CHARLOTTE ST btwn WILBROD ST & LAURIER AVE E,369470.8843,5032498.938,-75.67351152,45.4294337,2016-12-17,3:28,02 - Rain,04 - Slush,10 - No control,01 - Non intersection,07 - Dark,03 - P.D. only,07 - SMV other,Lower Town
3404,CHARLTON DR @ MATHESON RD,373199.0632,5033127.798,-75.62578377,45.43473719,2016-02-13,10:15,01 - Clear,06 - Ice,02 - Stop sign,03 - At intersection,01 - Daylight,03 - P.D. only,02 - Angle,Lower Town
3405,CHENIER WAY btwn CARRIGAN DR & WILKIE DR,384438.1222,5037261.239,-75.48148804,45.47073649,2016-07-04,19:30,01 - Clear,01 - Dry,10 - No control,04 - At/near private drive,01 - Daylight,03 - P.D. only,99 - Other,Sandy Hill
3406,CHERRY DR btwn SUNNYSIDE DR & SPINDLE WAY,351149.8455,5012766.618,-75.90948653,45.25333242,2016-03-02,20:50,01 - Clear,04 - Slush,10 - No control,04 - At/near private drive,07 - Dark,03 - P.D. only,06 - SMV unattended vehicle,Sandy Hill
3407,CHESLEY ST @ BANK ST,368995.6601,5028204.465,-75.68014347,45.3908373,2016-07-09,13:18,02 - Rain,02 - Wet,02 - Stop sign,02 - Intersection related,01 - Daylight,03 - P.D. only,02 - Angle,Carson Grove - Carson Meadows
3408,CHESLEY ST @ BANK ST,368997.5442,5028204.163,-75.68011945,45.39083441,2016-10-24,16:13,01 - Clear,01 - Dry,02 - Stop sign,02 - Intersection related,01 - Daylight,03 - P.D. only,03 - Rear end,Fallingbrook
3409,CHESTER CRES E @ EXETER DR,363565.5648,5014995.69,-75.75105431,45.27246238,2016-08-05,10:39,01 - Clear,01 - Dry,02 - Stop sign,02 - Intersection related,01 - Daylight,02 - Non-fatal injury,02 - Angle,Stittsville
3410,CHESTERTON DR @ MEADOWLANDS DR,365100.9972,5024009.88,-75.73039047,45.35344134,2016-01-27,17:48,01 - Clear,01 - Dry,01 - Traffic signal,02 - Intersection related,07 - Dark,03 - P.D. only,03 - Rear end,Old Ottawa South
3411,CHESTERTON DR @ MEADOWLANDS DR,365101.7036,5024008.819,-75.73038159,45.35343173,2016-07-08,15:46,01 - Clear,01 - Dry,01 - Traffic signal,02 - Intersection related,01 - Daylight,03 - P.D. only,02 - Angle,Old Ottawa South
3412,CHESTERTON DR @ SOUTHVIEW CRES E,365422.145,5023857.487,-75.72631078,45.35204244,2016-12-29,20:44,03 - Snow,04 - Slush,02 - Stop sign,03 - At intersection,07 - Dark,03 - P.D. only,05 - Turning movement,Barrhaven West - Old Barrhaven
3413,CHESTERTON DR btwn MULVAGH AVE & SOUTHVIEW CRES,365319.4236,5023847.951,-75.72762281,45.35196551,2016-10-06,8:33,01 - Clear,01 - Dry,10 - No control,01 - Non intersection,01 - Daylight,02 - Non-fatal injury,07 - SMV other,Borden Farm - Stewart Farm - Parkwood Hills - Fisher Glen
3414,CHESTERTON DR btwn MULVAGH AVE & SOUTHVIEW CRES,365198.9841,5023956.49,-75.72914652,45.35295251,2016-05-30,9:21,01 - Clear,01 - Dry,10 - No control,01 - Non intersection,01 - Daylight,03 - P.D. only,04 - Sideswipe,Borden Farm - Stewart Farm - Parkwood Hills - Fisher Glen
3415,CHESTERTON DR btwn MULVAGH AVE & SOUTHVIEW CRES,365279.6487,5023857.263,-75.72812925,45.35205273,2016-09-05,0:00,01 - Clear,01 - Dry,10 - No control,01 - Non intersection,00 - Unknown,03 - P.D. only,06 - SMV unattended vehicle,Borden Farm - Stewart Farm - Parkwood Hills - Fisher Glen
3416,CHESTERTON DR btwn MULVAGH AVE & SOUTHVIEW CRES,365321.1626,5023847.098,-75.72760073,45.35195768,2016-12-05,7:45,03 - Snow,04 - Slush,10 - No control,04 - At/near private drive,03 - Dawn,03 - P.D. only,06 - SMV unattended vehicle,Borden Farm - Stewart Farm - Parkwood Hills - Fisher Glen
3417,CHESTERTON DR/COOLSPRING CRES W @ VIEWMOUNT DR,366230.1016,5023515.041,-75.71604276,45.34889086,2016-06-10,17:28,01 - Clear,01 - Dry,02 - Stop sign,03 - At intersection,01 - Daylight,02 - Non-fatal injury,05 - Turning movement,Borden Farm - Stewart Farm - Parkwood Hills - Fisher Glen
3418,CHESTERTON DR/COOLSPRING CRES W @ VIEWMOUNT DR,366230.292,5023515.171,-75.71604031,45.34889201,2016-03-01,10:16,01 - Clear,01 - Dry,02 - Stop sign,02 - Intersection related,01 - Daylight,02 - Non-fatal injury,07 - SMV other,Borden Farm - Stewart Farm - Parkwood Hills - Fisher Glen
3419,CHESTERTON DR/COOLSPRING CRES W @ VIEWMOUNT DR,366230.6115,5023515.904,-75.71603614,45.34889858,2016-10-16,6:55,01 - Clear,01 - Dry,02 - Stop sign,03 - At intersection,03 - Dawn,03 - P.D. only,07 - SMV other,Borden Farm - Stewart Farm - Parkwood Hills - Fisher Glen
3420,CHESTNUT ST @ LEES AVE,369378.7127,5030784.251,-75.67491411,45.41401411,2016-07-04,7:23,01 - Clear,01 - Dry,02 - Stop sign,03 - At intersection,01 - Daylight,02 - Non-fatal injury,05 - Turning movement,Borden Farm - Stewart Farm - Parkwood Hills - Fisher Glen
3421,CHICKASAW CRES btwn PALOMINO DR & PALOMINO DR,354318.6143,5017444.658,-75.86865109,45.29521072,2016-11-07,18:45,01 - Clear,01 - Dry,10 - No control,01 - Non intersection,07 - Dark,03 - P.D. only,06 - SMV unattended vehicle,Borden Farm - Stewart Farm - Parkwood Hills - Fisher Glen
3422,CHIMO DR @ MCCLURE CRES N,352207.7175,5019089.375,-75.89540562,45.31015588,2016-02-11,14:46,01 - Clear,01 - Dry,02 - Stop sign,02 - Intersection related,01 - Daylight,03 - P.D. only,02 - Angle,Borden Farm - Stewart Farm - Parkwood Hills - Fisher Glen
3423,CHIPPEWA AVE btwn ST. HELEN'S PL & END,364256.1454,5024627.818,-75.74109787,45.35907361,2016-03-25,20:31,01 - Clear,01 - Dry,10 - No control,01 - Non intersection,07 - Dark,03 - P.D. only,06 - SMV unattended vehicle,Old Ottawa East
3424,CHURCHILL AVE   N btwn CARLING AVE & END,363784.7148,5026977.461,-75.74683416,45.3802552,2016-06-13,15:48,01 - Clear,01 - Dry,10 - No control,01 - Non intersection,01 - Daylight,03 - P.D. only,06 - SMV unattended vehicle,Bridlewood - Emerald Meadows
3425,CHURCHILL AVE   N btwn CARLING AVE & END,363806.4251,5026902.232,-75.74656596,45.37957647,2016-03-01,15:00,01 - Clear,02 - Wet,10 - No control,01 - Non intersection,01 - Daylight,03 - P.D. only,06 - SMV unattended vehicle,Katimavik - Hazeldean
3426,CHURCHILL AVE   N btwn PRINCETON AVE & AVONDALE AVE,363497.704,5027664.004,-75.750417,45.38645671,2016-08-22,17:45,01 - Clear,01 - Dry,10 - No control,04 - At/near private drive,01 - Daylight,03 - P.D. only,99 - Other,Crestview - Meadowlands
3427,CHURCHILL AVE   N btwn RAVENHILL AVE & KENWOOD AVE,363329.9859,5028053.792,-75.75251239,45.389978,2016-02-14,12:50,01 - Clear,01 - Dry,10 - No control,04 - At/near private drive,01 - Daylight,03 - P.D. only,99 - Other,Westboro
3428,CHURCHILL AVE   N btwn RICHMOND RD & DANFORTH AVE,363232.6628,5028284.27,-75.7537279,45.39205993,2016-12-16,15:45,01 - Clear,01 - Dry,10 - No control,01 - Non intersection,01 - Daylight,02 - Non-fatal injury,07 - SMV other,Carlingwood West - Glabar Park - McKellar Heights
3429,CHURCHILL AVE   N btwn RICHMOND RD & DANFORTH AVE,363235.1811,5028273.379,-75.75369703,45.39196172,2016-02-11,15:37,01 - Clear,01 - Dry,10 - No control,01 - Non intersection,01 - Daylight,03 - P.D. only,03 - Rear end,Westboro
3430,CHURCHILL AVE   N btwn RICHMOND RD & DANFORTH AVE,363232.731,5028281.071,-75.75372741,45.39203114,2016-01-04,11:23,01 - Clear,03 - Loose snow,10 - No control,01 - Non intersection,01 - Daylight,03 - P.D. only,04 - Sideswipe,Westboro
3431,CHURCHILL AVE   N btwn SCOTT ST & WILMONT AVE,363121.0249,5028532.138,-75.75512427,45.39429951,2016-11-28,13:59,01 - Clear,01 - Dry,10 - No control,01 - Non intersection,01 - Daylight,02 - Non-fatal injury,07 - SMV other,Westboro
3432,CHURCHILL AVE   N btwn WHITBY AVE & MADISON AVE,363187.7585,5028380.819,-75.75428993,45.39293241,2016-02-24,16:09,04 - Freezing Rain,04 - Slush,10 - No control,04 - At/near private drive,01 - Daylight,03 - P.D. only,05 - Turning movement,Carlingwood - McKellar Park - Laurentien View
3433,CHURCHILL AVE @ CLARE ST/PRINCETON AVE,363460.882,5027751.371,-75.7508768,45.38724591,2016-09-29,11:55,01 - Clear,01 - Dry,01 - Traffic signal,02 - Intersection related,01 - Daylight,03 - P.D. only,01 - Approaching,Westboro
3434,CHURCHILL AVE @ LANARK AVE,362985.5146,5028799.929,-75.75682327,45.39672033,2016-07-04,13:41,01 - Clear,01 - Dry,02 - Stop sign,03 - At intersection,01 - Daylight,02 - Non-fatal injury,03 - Rear end,Westboro
3435,CHURCHILL AVE @ MADISON AVE,363194.2409,5028366.713,-75.75420881,45.39280494,2016-10-25,18:16,01 - Clear,01 - Dry,02 - Stop sign,03 - At intersection,07 - Dark,03 - P.D. only,02 - Angle,Westboro
3436,CHURCHILL AVE @ RICHMOND RD,363227.0174,5028293.228,-75.75379894,45.392141,2016-06-02,14:22,01 - Clear,01 - Dry,01 - Traffic signal,03 - At intersection,01 - Daylight,02 - Non-fatal injury,07 - SMV other,Westboro
3437,CHURCHILL AVE @ RICHMOND RD,363228.522,5028294.622,-75.75377956,45.39215342,2016-12-31,12:01,03 - Snow,03 - Loose snow,01 - Traffic signal,03 - At intersection,01 - Daylight,02 - Non-fatal injury,07 - SMV other,Westboro Beach
3438,CHURCHILL AVE @ RICHMOND RD,363228.3702,5028292.777,-75.75378172,45.39213683,2016-06-17,5:29,01 - Clear,01 - Dry,01 - Traffic signal,03 - At intersection,03 - Dawn,03 - P.D. only,02 - Angle,Westboro
3439,CHURCHILL AVE @ RICHMOND RD,363228.5807,5028291.221,-75.75377921,45.39212281,2016-01-04,12:08,01 - Clear,02 - Wet,01 - Traffic signal,02 - Intersection related,01 - Daylight,03 - P.D. only,03 - Rear end,Carlingwood - McKellar Park - Laurentien View
3440,CHURCHILL AVE @ RICHMOND RD,363227.6651,5028292.395,-75.75379076,45.39213345,2016-08-07,12:12,01 - Clear,01 - Dry,01 - Traffic signal,02 - Intersection related,01 - Daylight,03 - P.D. only,03 - Rear end,Carlingwood - McKellar Park - Laurentien View
3441,CHURCHILL AVE @ RICHMOND RD,363227.6938,5028292.965,-75.75379033,45.39213858,2016-08-13,0:00,01 - Clear,01 - Dry,01 - Traffic signal,02 - Intersection related,00 - Unknown,03 - P.D. only,06 - SMV unattended vehicle,Westboro
3442,CHURCHILL AVE @ RICHMOND RD,363229.3501,5028292.965,-75.75376918,45.39213844,2016-12-09,8:40,01 - Clear,06 - Ice,01 - Traffic signal,02 - Intersection related,01 - Daylight,03 - P.D. only,03 - Rear end,Westboro