Record,Location,X,Y,lon,lat,Date,Time,Environment,Road_Surface,Traffic_Control,Collision_Location,Light,Collision_Classification,Impact_type,Neighborhood
3443,CHURCHILL AVE @ SCOTT ST,363095.7873,5028584.769,-75.75544035,45.39477518,2016-02-18,7:15,01 - Clear,06 - Ice,02 - Stop sign,02 - Intersection related,01 - Daylight,03 - P.D. only,07 - SMV other,Carlingwood - McKellar Park - Laurentien View
3444,CHURCHILL AVE @ WHITBY AVE,363161.0089,5028441.101,-75.7546244,45.39347705,2016-06-21,12:10,01 - Clear,01 - Dry,02 - Stop sign,03 - At intersection,01 - Daylight,03 - P.D. only,02 - Angle,Carlingwood - McKellar Park - Laurentien View
3445,CINNABAR WAY btwn GRAPHITE RD & SLATE ST,351525.4042,5014799.888,-75.9045108,45.27160361,2016-03-05,18:49,01 - Clear,01 - Dry,10 - No control,01 - Non intersection,05 - Dusk,03 - P.D. only,06 - SMV unattended vehicle,Westboro
3446,CITIPLACE DR btwn COLONNADE RD N & Continuation of CITIPLACE DR,366881.3698,5023348.716,-75.70775309,45.34733695,2016-12-23,0:00,02 - Rain,02 - Wet,10 - No control,01 - Non intersection,00 - Unknown,03 - P.D. only,06 - SMV unattended vehicle,Westboro
3447,CITY PARK DR btwn OGILVIE RD & WILBURY RD,373861.5311,5032729.74,-75.61737354,45.43109057,2016-12-16,9:32,01 - Clear,02 - Wet,10 - No control,04 - At/near private drive,01 - Daylight,03 - P.D. only,05 - Turning movement,Westboro
3448,CITYVIEW CRES btwn ANTIGONISH AVE N & ANTIGONISH AVE S,384882.9883,5039073.464,-75.47550399,45.48699026,2016-12-08,15:07,01 - Clear,01 - Dry,10 - No control,04 - At/near private drive,01 - Daylight,03 - P.D. only,06 - SMV unattended vehicle,Stittsville
3449,CLARE ST btwn KIRKWOOD AVE & HILSON AVE,364074.5526,5027976.918,-75.74301357,45.38922368,2016-04-28,16:30,01 - Clear,01 - Dry,10 - No control,01 - Non intersection,01 - Daylight,03 - P.D. only,99 - Other,Industrial Park
3450,CLARE ST btwn LADEROUTE AVE & WESTHAVEN CRES,364000.4437,5027948.292,-75.74396336,45.38897237,2016-11-09,15:43,01 - Clear,01 - Dry,10 - No control,01 - Non intersection,01 - Daylight,03 - P.D. only,07 - SMV other,Industrial Park
3451,CLARENCE ST    E btwn COBOURG ST & CHARLOTTE ST,368982.7962,5033076.42,-75.67967332,45.43467462,2016-03-30,12:05,01 - Clear,01 - Dry,10 - No control,01 - Non intersection,01 - Daylight,03 - P.D. only,02 - Angle,Cardinal Creek
3452,CLARENCE ST @ COBOURG ST,368947.2249,5033057.005,-75.68013044,45.4345032,2016-09-09,8:23,01 - Clear,01 - Dry,02 - Stop sign,02 - Intersection related,01 - Daylight,03 - P.D. only,03 - Rear end,Westboro
3453,CLARENCE ST @ CUMBERLAND ST,368213.356,5032607.368,-75.68956703,45.43052446,2016-02-20,4:17,03 - Snow,03 - Loose snow,02 - Stop sign,03 - At intersection,07 - Dark,03 - P.D. only,02 - Angle,Westboro
3454,CLARENCE ST @ CUMBERLAND ST,368212.9169,5032607.368,-75.68957264,45.4305245,2016-05-01,12:03,02 - Rain,02 - Wet,02 - Stop sign,03 - At intersection,01 - Daylight,03 - P.D. only,02 - Angle,Lower Town
3455,CLARENCE ST @ DALHOUSIE ST,368042.2,5032503.43,-75.69176756,45.42960476,2016-05-26,21:49,01 - Clear,01 - Dry,01 - Traffic signal,03 - At intersection,07 - Dark,02 - Non-fatal injury,07 - SMV other,Lower Town
3456,CLARENCE ST @ DALHOUSIE ST,368042.0409,5032502.939,-75.69176965,45.42960036,2016-01-25,13:22,01 - Clear,02 - Wet,01 - Traffic signal,03 - At intersection,01 - Daylight,02 - Non-fatal injury,07 - SMV other,Byward Market
3457,CLARENCE ST @ DALHOUSIE ST,368041.5772,5032502.925,-75.69177558,45.42960028,2016-04-16,2:36,01 - Clear,01 - Dry,01 - Traffic signal,02 - Intersection related,07 - Dark,03 - P.D. only,03 - Rear end,Byward Market
3458,CLARENCE ST @ KING EDWARD AVE,368336.0443,5032681.999,-75.68798958,45.43118483,2016-11-13,13:11,01 - Clear,01 - Dry,02 - Stop sign,02 - Intersection related,01 - Daylight,02 - Non-fatal injury,03 - Rear end,Byward Market
3459,CLARENCE ST @ KING EDWARD AVE,368337.7006,5032680.343,-75.68796863,45.43116978,2016-11-22,15:15,01 - Clear,01 - Dry,02 - Stop sign,03 - At intersection,01 - Daylight,03 - P.D. only,03 - Rear end,Byward Market
3460,CLARENCE ST @ PARENT AVE,367906.1624,5032417.36,-75.69351697,45.42884262,2016-07-24,0:02,01 - Clear,01 - Dry,02 - Stop sign,02 - Intersection related,07 - Dark,03 - P.D. only,05 - Turning movement,Byward Market
3461,CLARENCE ST btwn DALHOUSIE ST & CUMBERLAND ST,368057.6063,5032513.95,-75.69156933,45.42969803,2016-11-30,0:30,01 - Clear,01 - Dry,10 - No control,01 - Non intersection,07 - Dark,03 - P.D. only,06 - SMV unattended vehicle,Byward Market
3462,CLARENCE ST btwn DALHOUSIE ST & CUMBERLAND ST,368185.3682,5032589.783,-75.68992694,45.43036878,2016-12-06,0:00,03 - Snow,03 - Loose snow,10 - No control,01 - Non intersection,00 - Unknown,03 - P.D. only,06 - SMV unattended vehicle,Byward Market
3463,CLARENCE ST btwn SUSSEX DR & BY WARD MARKET SQ,367761.4461,5032327.948,-75.69537766,45.42805117,2016-02-27,2:40,01 - Clear,01 - Dry,10 - No control,01 - Non intersection,07 - Dark,03 - P.D. only,07 - SMV other,Byward Market
3464,CLARENCE ST btwn SUSSEX DR & BY WARD MARKET SQ,367855.1982,5032385.491,-75.69417229,45.42856047,2016-02-27,11:28,01 - Clear,01 - Dry,10 - No control,01 - Non intersection,01 - Daylight,03 - P.D. only,06 - SMV unattended vehicle,Byward Market
3465,CLARENCE ST btwn SUSSEX DR & BY WARD MARKET SQ,367816.8576,5032363.671,-75.69466502,45.4283676,2016-01-05,0:00,01 - Clear,01 - Dry,10 - No control,01 - Non intersection,00 - Unknown,03 - P.D. only,06 - SMV unattended vehicle,Byward Market
3466,CLARENCE ST btwn SUSSEX DR & BY WARD MARKET SQ,367837.4065,5032376.686,-75.69440077,45.42848285,2016-01-22,6:00,01 - Clear,01 - Dry,10 - No control,01 - Non intersection,07 - Dark,03 - P.D. only,07 - SMV other,Byward Market
3467,CLARENCE ST btwn WILLIAM ST & DALHOUSIE ST,368016.8858,5032486.763,-75.69209318,45.42945709,2016-04-29,2:40,01 - Clear,01 - Dry,10 - No control,01 - Non intersection,07 - Dark,02 - Non-fatal injury,07 - SMV other,Byward Market
3468,CLARENDON AVE @ WELLINGTON ST,364530.8671,5029023.976,-75.7370598,45.39860613,2016-09-14,7:44,01 - Clear,01 - Dry,01 - Traffic signal,02 - Intersection related,01 - Daylight,03 - P.D. only,03 - Rear end,Byward Market
3469,CLAREY AVE @ BANK ST,368452.6861,5029269.94,-75.68693973,45.40047368,2016-04-05,21:45,01 - Clear,01 - Dry,02 - Stop sign,03 - At intersection,07 - Dark,02 - Non-fatal injury,05 - Turning movement,Byward Market
3470,CLAREY AVE btwn BANK ST & END,368560.3674,5029332.91,-75.68555627,45.40103046,2016-11-25,3:33,03 - Snow,03 - Loose snow,10 - No control,01 - Non intersection,"08 - Dark, artificial",03 - P.D. only,06 - SMV unattended vehicle,Byward Market
3471,CLARIDGE DR btwn BEATRICE DR & SLEAFORD GT,365238.9438,5016533.071,-75.72954242,45.28615385,2016-01-09,20:00,02 - Rain,02 - Wet,10 - No control,01 - Non intersection,07 - Dark,03 - P.D. only,06 - SMV unattended vehicle,Island Park
3472,CLARIDGE DR btwn BEATRICE DR & SLEAFORD GT,365223.7012,5016530.443,-75.72973703,45.28613152,2016-09-16,8:10,01 - Clear,01 - Dry,10 - No control,01 - Non intersection,01 - Daylight,03 - P.D. only,06 - SMV unattended vehicle,The Glebe
3473,CLARIDGE DR btwn PORTRUSH AVE & DEERCROFT AVE,364800.2376,5015561.808,-75.73525183,45.27745204,2016-10-31,14:22,01 - Clear,01 - Dry,10 - No control,04 - At/near private drive,01 - Daylight,02 - Non-fatal injury,07 - SMV other,The Glebe
3474,CLARIDGE DR btwn TOTTERIDGE AVE & FAIRLOP WAY,364542.2336,5016061.689,-75.73847983,45.28197193,2016-05-01,23:43,01 - Clear,01 - Dry,10 - No control,01 - Non intersection,07 - Dark,03 - P.D. only,06 - SMV unattended vehicle,Chapman Mills - Rideau Crest - Davidson Heights
3475,CLARKE AVE @ CUMMINGS AVE,372173.063,5033617.937,-75.63882862,45.43924683,2016-11-30,15:41,01 - Clear,01 - Dry,02 - Stop sign,03 - At intersection,01 - Daylight,03 - P.D. only,02 - Angle,Chapman Mills - Rideau Crest - Davidson Heights
3476,CLAYTON RD @ RUSSELL RD,397400.3366,5028535.704,-75.31738489,45.39063784,2016-04-22,8:16,02 - Rain,02 - Wet,02 - Stop sign,03 - At intersection,01 - Daylight,03 - P.D. only,07 - SMV other,New Barrhaven
3477,CLEARBROOK DR btwn CHAPMAN MILLS DR & ROSWELL DR,365998.2066,5014943.894,-75.72006039,45.27178882,2016-06-02,20:35,01 - Clear,01 - Dry,10 - No control,04 - At/near private drive,05 - Dusk,03 - P.D. only,05 - Turning movement,New Barrhaven
3478,CLEARBROOK DR btwn LONGFIELDS DR & SILVERSTONE WAY,364702.4336,5014992.871,-75.73656696,45.27234109,2016-12-29,11:49,03 - Snow,03 - Loose snow,10 - No control,01 - Non intersection,01 - Daylight,03 - P.D. only,03 - Rear end,Cummings
3479,CLEARBROOK DR/MARKETPLACE AVE @ LONGFIELDS DR,364631.7964,5014953.014,-75.73747192,45.27198847,2016-09-16,8:10,01 - Clear,01 - Dry,01 - Traffic signal,03 - At intersection,01 - Daylight,02 - Non-fatal injury,02 - Angle,New Barrhaven
3480,CLEARBROOK DR/MARKETPLACE AVE @ LONGFIELDS DR,364632.7097,5014953.455,-75.73746023,45.27199236,2016-10-06,16:03,01 - Clear,01 - Dry,01 - Traffic signal,02 - Intersection related,01 - Daylight,02 - Non-fatal injury,02 - Angle,New Barrhaven
3481,CLEARBROOK DR/MARKETPLACE AVE @ LONGFIELDS DR,364632.5539,5014953.996,-75.73746215,45.27199724,2016-12-09,8:25,01 - Clear,06 - Ice,01 - Traffic signal,02 - Intersection related,01 - Daylight,02 - Non-fatal injury,03 - Rear end,New Barrhaven
3482,CLEARBROOK DR/MARKETPLACE AVE @ LONGFIELDS DR,364631.203,5014953.331,-75.73747945,45.27199137,2016-08-10,12:11,01 - Clear,01 - Dry,01 - Traffic signal,03 - At intersection,01 - Daylight,03 - P.D. only,05 - Turning movement,New Barrhaven
3483,CLEARBROOK DR/MARKETPLACE AVE @ LONGFIELDS DR,364632.5202,5014954.164,-75.73746256,45.27199875,2016-01-04,17:04,01 - Clear,01 - Dry,01 - Traffic signal,02 - Intersection related,05 - Dusk,03 - P.D. only,03 - Rear end,New Barrhaven
3484,CLEARBROOK DR/MARKETPLACE AVE @ LONGFIELDS DR,364632.0964,5014954.383,-75.73746793,45.27200076,2016-03-28,9:30,02 - Rain,02 - Wet,01 - Traffic signal,03 - At intersection,01 - Daylight,03 - P.D. only,05 - Turning movement,New Barrhaven
3485,CLEARCREST CRES btwn PRINCESS LOUISE DR & FOXWOOD CRT (2),384320.2445,5038463.147,-75.48280082,45.48156355,2016-02-07,10:29,01 - Clear,05 - Packed snow,10 - No control,01 - Non intersection,01 - Daylight,03 - P.D. only,06 - SMV unattended vehicle,New Barrhaven
3486,CLEARVIEW AVE @ ISLAND PARK DR,363546.6203,5029364.6,-75.74958989,45.40175428,2016-02-10,16:25,03 - Snow,02 - Wet,02 - Stop sign,02 - Intersection related,01 - Daylight,03 - P.D. only,03 - Rear end,New Barrhaven
3487,CLEARVIEW AVE @ ISLAND PARK DR,363546.6203,5029364.388,-75.74958991,45.40175238,2016-02-12,7:16,01 - Clear,06 - Ice,02 - Stop sign,02 - Intersection related,01 - Daylight,03 - P.D. only,03 - Rear end,Fallingbrook
3488,CLEARVIEW AVE @ ISLAND PARK DR,363545.0369,5029362.639,-75.74961035,45.40173677,2016-06-10,17:21,01 - Clear,01 - Dry,02 - Stop sign,03 - At intersection,01 - Daylight,03 - P.D. only,02 - Angle,Westboro Beach
3489,CLEARVIEW AVE @ ISLAND PARK DR,363547.0937,5029365.039,-75.74958379,45.40175819,2016-12-12,16:12,01 - Clear,02 - Wet,02 - Stop sign,02 - Intersection related,05 - Dusk,03 - P.D. only,03 - Rear end,Westboro Beach
3490,CLEGG ST @ COLONEL BY DR,368968.018,5029740.47,-75.68029664,45.4046603,2016-01-22,18:50,01 - Clear,01 - Dry,01 - Traffic signal,02 - Intersection related,07 - Dark,02 - Non-fatal injury,03 - Rear end,Westboro Beach
3491,CLEGG ST @ COLONEL BY DR,368966.9464,5029742.531,-75.68031006,45.40467895,2016-08-20,17:20,01 - Clear,01 - Dry,01 - Traffic signal,02 - Intersection related,01 - Daylight,02 - Non-fatal injury,02 - Angle,Westboro Beach
3492,CLEGG ST @ COLONEL BY DR,368968.1497,5029741.94,-75.68029477,45.40467352,2016-02-22,6:55,01 - Clear,02 - Wet,01 - Traffic signal,02 - Intersection related,03 - Dawn,02 - Non-fatal injury,04 - Sideswipe,Old Ottawa East
3493,CLEGG ST @ COLONEL BY DR,368967.9466,5029742.06,-75.68029735,45.40467462,2016-07-31,9:41,01 - Clear,01 - Dry,01 - Traffic signal,02 - Intersection related,01 - Daylight,03 - P.D. only,99 - Other,Old Ottawa East
3494,CLEGG ST @ COLONEL BY DR,368967.5118,5029741.652,-75.68030296,45.40467099,2016-01-23,14:38,01 - Clear,01 - Dry,01 - Traffic signal,02 - Intersection related,01 - Daylight,03 - P.D. only,07 - SMV other,Old Ottawa East
3495,CLEGG ST @ COLONEL BY DR,368968.491,5029740.856,-75.68029055,45.40466373,2016-10-03,17:40,01 - Clear,01 - Dry,01 - Traffic signal,03 - At intersection,01 - Daylight,03 - P.D. only,03 - Rear end,Old Ottawa East
3496,CLEGG ST @ COLONEL BY DR,368968.5683,5029743.42,-75.68028923,45.4046868,2016-11-30,20:10,02 - Rain,02 - Wet,01 - Traffic signal,03 - At intersection,07 - Dark,03 - P.D. only,05 - Turning movement,Old Ottawa East
3497,CLEGG ST @ COLONEL BY DR,368968.9526,5029742.145,-75.68028449,45.40467529,2016-09-03,8:30,01 - Clear,01 - Dry,01 - Traffic signal,02 - Intersection related,01 - Daylight,03 - P.D. only,03 - Rear end,Old Ottawa East
3498,CLEGG ST @ COLONEL BY DR,368968.8478,5029742.653,-75.68028576,45.40467987,2016-01-06,13:37,01 - Clear,02 - Wet,01 - Traffic signal,02 - Intersection related,01 - Daylight,03 - P.D. only,03 - Rear end,Old Ottawa East
3499,CLEGG ST @ MAIN ST,369271.9229,5029921.488,-75.6763912,45.40626112,2016-01-17,6:45,03 - Snow,03 - Loose snow,01 - Traffic signal,02 - Intersection related,07 - Dark,03 - P.D. only,03 - Rear end,Old Ottawa East
3500,CLEMENTINE BLVD @ HERON RD,369547.5321,5026786.797,-75.67328208,45.37803077,2016-02-08,10:19,01 - Clear,01 - Dry,01 - Traffic signal,02 - Intersection related,01 - Daylight,03 - P.D. only,04 - Sideswipe,Old Ottawa East
3501,CLEMENTINE BLVD @ HERON RD,369546.8926,5026784.466,-75.67329055,45.37800986,2016-11-02,9:36,01 - Clear,01 - Dry,01 - Traffic signal,02 - Intersection related,01 - Daylight,03 - P.D. only,03 - Rear end,Old Ottawa East
3502,CLEMENTINE BLVD @ HERON RD,369547.5684,5026786.662,-75.67328164,45.37802955,2016-04-22,14:56,01 - Clear,01 - Dry,01 - Traffic signal,02 - Intersection related,01 - Daylight,03 - P.D. only,03 - Rear end,Alta Vista
3503,CLEMENTINE BLVD @ HERON RD,369546.0645,5026785.294,-75.67330102,45.37801738,2016-09-02,12:09,01 - Clear,01 - Dry,01 - Traffic signal,03 - At intersection,01 - Daylight,03 - P.D. only,07 - SMV other,Alta Vista
3504,CLEMENTINE BLVD @ HERON RD,369548.549,5026787.778,-75.67326897,45.3780395,2016-11-25,7:51,03 - Snow,04 - Slush,01 - Traffic signal,03 - At intersection,01 - Daylight,03 - P.D. only,07 - SMV other,Alta Vista
3505,CLEMENTINE BLVD @ ROCKINGHAM AVE,369482.4317,5027286.71,-75.67404773,45.38253485,2016-02-05,22:39,01 - Clear,01 - Dry,02 - Stop sign,02 - Intersection related,07 - Dark,03 - P.D. only,03 - Rear end,Alta Vista
3506,CLEMENTINE BLVD @ SECORD AVE,369541.4988,5026883.869,-75.67334638,45.37890475,2016-06-04,17:50,01 - Clear,01 - Dry,02 - Stop sign,02 - Intersection related,01 - Daylight,03 - P.D. only,07 - SMV other,Alta Vista
3507,CLEMENTINE BLVD btwn RICHARD AVE & SECORD AVE,369529.6497,5026923.404,-75.67349248,45.37926157,2016-01-13,8:43,01 - Clear,04 - Slush,10 - No control,01 - Non intersection,01 - Daylight,03 - P.D. only,03 - Rear end,Alta Vista
3508,CLEMOW AVE @ BRONSON AVE,367422.3665,5029395.488,-75.70008315,45.40169624,2016-07-26,16:32,01 - Clear,01 - Dry,02 - Stop sign,02 - Intersection related,01 - Daylight,03 - P.D. only,03 - Rear end,Alta Vista
3509,CLEOPATRA DR btwn WEST HUNT CLUB RD & CAMELOT DR,365317.4897,5021496.882,-75.72793508,45.33081107,2016-12-14,15:34,01 - Clear,01 - Dry,10 - No control,04 - At/near private drive,01 - Daylight,03 - P.D. only,02 - Angle,Alta Vista
3510,CLERMONT CRES btwn AQUAVIEW DR & AQUAVIEW DR,385478.4817,5036049.58,-75.46838366,45.45971575,2016-11-25,0:00,03 - Snow,04 - Slush,10 - No control,01 - Non intersection,00 - Unknown,03 - P.D. only,06 - SMV unattended vehicle,The Glebe
3511,CLEROUX CRES E @ INNES RD E,379411.9055,5033668.047,-75.54630545,45.43896267,2016-11-06,14:40,01 - Clear,01 - Dry,02 - Stop sign,03 - At intersection,01 - Daylight,03 - P.D. only,04 - Sideswipe,Merivale Gardens - Grenfell Glen - Pineglen - Country Place
3512,CLEROUX CRES W @ INNES RD,379018.2294,5033438.323,-75.55137139,45.43693767,2016-09-02,8:20,01 - Clear,01 - Dry,01 - Traffic signal,02 - Intersection related,01 - Daylight,03 - P.D. only,03 - Rear end,Avalon
3513,CLIFTON RD @ RICHMOND RD,363708.9082,5028599.661,-75.74760841,45.39485786,2016-02-28,9:45,01 - Clear,02 - Wet,02 - Stop sign,03 - At intersection,01 - Daylight,03 - P.D. only,02 - Angle,Blackburn Hamlet
3514,CLIFTON RD @ RICHMOND RD,363708.4667,5028598.77,-75.74761415,45.39484988,2016-10-29,15:50,01 - Clear,01 - Dry,02 - Stop sign,03 - At intersection,01 - Daylight,03 - P.D. only,02 - Angle,Blackburn Hamlet
3515,CLOVER ST @ HERON RD,369292.0498,5026764.766,-75.6765467,45.37785611,2016-03-05,22:23,01 - Clear,01 - Dry,01 - Traffic signal,03 - At intersection,07 - Dark,03 - P.D. only,05 - Turning movement,Westboro
3516,CLOVER ST @ HERON RD,369293.3921,5026763.416,-75.67652974,45.37784384,2016-06-18,18:06,01 - Clear,01 - Dry,01 - Traffic signal,02 - Intersection related,01 - Daylight,03 - P.D. only,04 - Sideswipe,Westboro
3517,CLOVER ST @ HERON RD,369292.9377,5026764.322,-75.67653543,45.37785203,2016-02-23,6:30,01 - Clear,01 - Dry,01 - Traffic signal,02 - Intersection related,03 - Dawn,03 - P.D. only,03 - Rear end,Alta Vista
3518,CLOVER ST @ HERON RD,369291.5438,5026766.888,-75.67655289,45.37787525,2016-05-12,23:06,01 - Clear,01 - Dry,01 - Traffic signal,02 - Intersection related,07 - Dark,03 - P.D. only,04 - Sideswipe,Alta Vista
3519,CLOVER ST @ HERON RD,369292.0339,5026764.544,-75.67654694,45.37785411,2016-08-08,17:22,01 - Clear,01 - Dry,01 - Traffic signal,02 - Intersection related,01 - Daylight,03 - P.D. only,03 - Rear end,Alta Vista
3520,CLYDE AVE @ CLYDE AVE,364378.0242,5024845.723,-75.73951607,45.36102394,2016-12-10,11:35,01 - Clear,01 - Dry,01 - Traffic signal,02 - Intersection related,01 - Daylight,02 - Non-fatal injury,03 - Rear end,Alta Vista
3521,CLYDE AVE @ DOHENY ST,363590.4245,5026702.191,-75.74934758,45.37779469,2016-02-18,19:12,04 - Freezing Rain,06 - Ice,01 - Traffic signal,02 - Intersection related,07 - Dark,02 - Non-fatal injury,03 - Rear end,Alta Vista
3522,CLYDE AVE @ DOHENY ST,363590.472,5026700.872,-75.74934713,45.37778282,2016-02-18,7:00,01 - Clear,06 - Ice,01 - Traffic signal,02 - Intersection related,03 - Dawn,03 - P.D. only,03 - Rear end,Crestview - Meadowlands
3523,CLYDE AVE @ MAITLAND AVE,364250.5217,5025142.587,-75.74110772,45.36370591,2016-12-08,19:18,03 - Snow,06 - Ice,03 - Yield sign,03 - At intersection,07 - Dark,03 - P.D. only,07 - SMV other,Carlingwood West - Glabar Park - McKellar Heights
3524,CLYDE AVE @ STARWOOD RD,364459.4762,5024656.862,-75.73849926,45.35931767,2016-02-24,22:51,04 - Freezing Rain,02 - Wet,02 - Stop sign,03 - At intersection,07 - Dark,03 - P.D. only,02 - Angle,Carlingwood West - Glabar Park - McKellar Heights
3525,CLYDE AVE @ STARWOOD RD,364458.598,5024657.74,-75.73851037,45.35932564,2016-10-26,21:26,01 - Clear,01 - Dry,02 - Stop sign,03 - At intersection,07 - Dark,03 - P.D. only,02 - Angle,Civic Hospital - Experimental Farm - Central Park
3526,CLYDE AVE @ STARWOOD RD,364460.3175,5024657.353,-75.73848847,45.35932202,2016-10-24,15:43,01 - Clear,01 - Dry,02 - Stop sign,03 - At intersection,01 - Daylight,03 - P.D. only,02 - Angle,Cityview - Skyline - Fisher Heights
3527,CLYDE AVE @ WOODWARD DR,363732.3412,5026364.184,-75.74757604,45.37474143,2016-01-23,2:55,01 - Clear,02 - Wet,02 - Stop sign,03 - At intersection,07 - Dark,03 - P.D. only,07 - SMV other,Cityview - Skyline - Fisher Heights
3528,CLYDE AVE btwn BASELINE RD & CLYDE AVE,364368.5826,5024868.339,-75.73963385,45.36122824,2016-02-09,9:05,03 - Snow,03 - Loose snow,10 - No control,04 - At/near private drive,01 - Daylight,03 - P.D. only,03 - Rear end,Cityview - Skyline - Fisher Heights
3529,CLYDE AVE btwn BASELINE RD & CLYDE AVE,364365.5012,5024875.121,-75.73967236,45.36128953,2016-06-04,19:26,01 - Clear,01 - Dry,10 - No control,04 - At/near private drive,01 - Daylight,03 - P.D. only,02 - Angle,Carlington
3530,CLYDE AVE btwn DOHENY ST & DOBBIE ST,363612.005,5026648.684,-75.74907843,45.37731143,2016-01-05,10:18,01 - Clear,04 - Slush,10 - No control,01 - Non intersection,01 - Daylight,03 - P.D. only,06 - SMV unattended vehicle,Crestview - Meadowlands
3531,CLYDE AVE btwn DOHENY ST & DOBBIE ST,363649.9543,5026566.413,-75.74860374,45.37656798,2016-01-16,6:46,01 - Clear,01 - Dry,10 - No control,04 - At/near private drive,07 - Dark,03 - P.D. only,05 - Turning movement,Crestview - Meadowlands
3532,CLYDE AVE btwn MAITLAND AVE & BASELINE RD,364331.298,5024955.724,-75.7400992,45.36201769,2016-08-12,16:32,02 - Rain,02 - Wet,10 - No control,01 - Non intersection,01 - Daylight,03 - P.D. only,03 - Rear end,Carlingwood West - Glabar Park - McKellar Heights
3533,CLYDE AVE btwn MAITLAND AVE & BASELINE RD,364290.7616,5025047.154,-75.74060559,45.3628438,2016-02-17,18:08,03 - Snow,04 - Slush,10 - No control,01 - Non intersection,05 - Dusk,03 - P.D. only,05 - Turning movement,Carlingwood West - Glabar Park - McKellar Heights
3534,CLYDE AVE btwn MAITLAND AVE & BASELINE RD,364337.8471,5024939.909,-75.74001752,45.36187483,2016-09-10,15:00,01 - Clear,02 - Wet,10 - No control,01 - Non intersection,01 - Daylight,03 - P.D. only,07 - SMV other,Civic Hospital - Experimental Farm - Central Park
3535,CLYDE AVE btwn STARWOOD RD & LOTTA AVE,364510.2081,5024537.814,-75.73786615,45.35824217,2016-02-12,10:35,01 - Clear,01 - Dry,10 - No control,01 - Non intersection,01 - Daylight,03 - P.D. only,03 - Rear end,Civic Hospital - Experimental Farm - Central Park
3536,COBB CRT btwn THARE CRES & END,363965.5108,5016925.988,-75.74572747,45.28979766,2016-02-17,14:45,01 - Clear,01 - Dry,10 - No control,04 - At/near private drive,01 - Daylight,03 - P.D. only,99 - Other,Civic Hospital - Experimental Farm - Central Park
3537,COBBLE HILL DR @ SIMRAN PRIV,361667.3049,5014127.109,-75.77534443,45.26480289,2016-10-21,19:25,02 - Rain,02 - Wet,02 - Stop sign,03 - At intersection,07 - Dark,03 - P.D. only,02 - Angle,Cityview - Skyline - Fisher Heights
3538,COBBLE HILL DR btwn HAWKSHAW CRES N & HAWKSHAW CRES S,361164.9036,5014960.371,-75.78165141,45.27234109,2016-01-28,0:00,01 - Clear,01 - Dry,10 - No control,01 - Non intersection,00 - Unknown,03 - P.D. only,06 - SMV unattended vehicle,New Barrhaven
3539,COBDEN RD @ ELMIRA DR,361339.467,5023928.169,-75.77840352,45.35301949,2016-01-31,21:35,02 - Rain,02 - Wet,03 - Yield sign,03 - At intersection,07 - Dark,02 - Non-fatal injury,07 - SMV other,Munster Hamlet - Richmond
3540,COBOURG ST @ HENEY ST,368992.3684,5032991.805,-75.67956202,45.43391241,2016-02-13,13:45,01 - Clear,02 - Wet,02 - Stop sign,03 - At intersection,01 - Daylight,03 - P.D. only,02 - Angle,Munster Hamlet - Richmond
3541,COBOURG ST @ OLD ST. PATRICK ST,368820.7057,5033173.968,-75.68173212,45.43556718,2016-01-06,7:40,01 - Clear,03 - Loose snow,02 - Stop sign,03 - At intersection,03 - Dawn,02 - Non-fatal injury,07 - SMV other,Iris
3542,COBOURG ST @ OLD ST. PATRICK ST,368820.4862,5033173.373,-75.681735,45.43556185,2016-10-18,8:10,02 - Rain,02 - Wet,02 - Stop sign,02 - Intersection related,01 - Daylight,03 - P.D. only,04 - Sideswipe,Lower Town
3543,COBOURG ST @ RIDEAU ST,369128.0476,5032788.234,-75.67785469,45.43206829,2016-10-05,16:59,01 - Clear,01 - Dry,01 - Traffic signal,03 - At intersection,01 - Daylight,02 - Non-fatal injury,02 - Angle,Lower Town
3544,COBOURG ST @ RIDEAU ST,369128.693,5032787.913,-75.67784649,45.43206534,2016-06-15,5:58,01 - Clear,01 - Dry,01 - Traffic signal,03 - At intersection,01 - Daylight,02 - Non-fatal injury,07 - SMV other,Lower Town
3545,COBOURG ST @ RIDEAU ST,369129.8336,5032786.899,-75.67783204,45.43205611,2016-04-21,18:22,01 - Clear,01 - Dry,01 - Traffic signal,02 - Intersection related,01 - Daylight,03 - P.D. only,03 - Rear end,Lower Town
3546,COBOURG ST @ RIDEAU ST,369127.6085,5032787.356,-75.67786042,45.43206043,2016-09-18,15:02,01 - Clear,01 - Dry,01 - Traffic signal,02 - Intersection related,01 - Daylight,03 - P.D. only,04 - Sideswipe,Lower Town
3547,COBOURG ST @ ST. PATRICK ST,368803.3659,5033233.808,-75.68194594,45.43610719,2016-09-20,11:45,01 - Clear,01 - Dry,01 - Traffic signal,03 - At intersection,01 - Daylight,02 - Non-fatal injury,05 - Turning movement,Lower Town
3548,COBOURG ST @ ST. PATRICK ST,368801.7573,5033233.788,-75.6819665,45.43610715,2016-11-02,8:54,01 - Clear,01 - Dry,01 - Traffic signal,02 - Intersection related,01 - Daylight,02 - Non-fatal injury,03 - Rear end,Lower Town
3549,COBOURG ST @ ST. PATRICK ST,368802.2399,5033235.371,-75.68196013,45.43612135,2016-01-25,10:57,01 - Clear,02 - Wet,01 - Traffic signal,02 - Intersection related,01 - Daylight,03 - P.D. only,03 - Rear end,Lower Town