Record,Location,X,Y,lon,lat,Date,Time,Environment,Road_Surface,Traffic_Control,Collision_Location,Light,Collision_Classification,Impact_type,Neighborhood
3550,COBOURG ST @ ST. PATRICK ST,368802.0713,5033232.699,-75.68196263,45.43609733,2016-05-09,16:50,01 - Clear,01 - Dry,01 - Traffic signal,02 - Intersection related,01 - Daylight,03 - P.D. only,03 - Rear end,Lower Town
3551,COBOURG ST @ TORMEY ST,369081.3678,5032855.484,-75.67844244,45.43267767,2016-06-25,10:10,01 - Clear,01 - Dry,02 - Stop sign,03 - At intersection,01 - Daylight,03 - P.D. only,05 - Turning movement,Lower Town
3552,COBOURG ST btwn HENEY ST & BEAUSOLEIL DR,368999.0407,5032980.841,-75.67947818,45.43381315,2016-09-06,14:19,01 - Clear,01 - Dry,10 - No control,01 - Non intersection,01 - Daylight,03 - P.D. only,04 - Sideswipe,Lower Town
3553,COBOURG ST btwn RIDEAU ST & END,369134.7736,5032778.587,-75.67777,45.43198087,2016-02-25,10:53,03 - Snow,03 - Loose snow,10 - No control,01 - Non intersection,01 - Daylight,03 - P.D. only,06 - SMV unattended vehicle,Lower Town
3554,COCKBURN ST btwn MARTIN ST & STRACHAN ST,357330.5538,5006049.451,-75.831456,45.19245535,2016-03-13,21:44,01 - Clear,01 - Dry,10 - No control,04 - At/near private drive,07 - Dark,02 - Non-fatal injury,03 - Rear end,Lower Town
3555,COLDREY AVE @ KIRKWOOD AVE,364438.0369,5027135.881,-75.7384736,45.38162532,2016-02-12,17:54,03 - Snow,03 - Loose snow,01 - Traffic signal,02 - Intersection related,07 - Dark,03 - P.D. only,03 - Rear end,Lowe
3556,COLDREY AVE @ KIRKWOOD AVE,364438.0296,5027136.318,-75.73847364,45.38162925,2016-02-13,10:47,01 - Clear,02 - Wet,01 - Traffic signal,03 - At intersection,01 - Daylight,03 - P.D. only,02 - Angle,Richmond
3557,COLDREY AVE @ KIRKWOOD AVE,364438.471,5027135.866,-75.73846806,45.38162515,2016-04-25,13:47,01 - Clear,01 - Dry,01 - Traffic signal,03 - At intersection,01 - Daylight,03 - P.D. only,05 - Turning movement,Carlington
3558,COLDREY AVE @ KIRKWOOD AVE,364438.921,5027135.863,-75.73846231,45.38162508,2016-06-02,12:47,01 - Clear,01 - Dry,01 - Traffic signal,02 - Intersection related,01 - Daylight,03 - P.D. only,03 - Rear end,Carlington
3559,COLDREY AVE btwn LAPERRIERE AVE & KIRKWOOD AVE,364271.8713,5026920.138,-75.74062119,45.37969823,2016-11-24,11:16,01 - Clear,05 - Packed snow,10 - No control,04 - At/near private drive,01 - Daylight,03 - P.D. only,05 - Turning movement,Carlington
3560,COLDWATER CRES btwn MEADOWBREEZE DR/AUTUMNFIELD ST & MEADOWBREEZE DR/RIVERTREE ST,355565.0873,5014996.42,-75.85301036,45.27309203,2016-01-01,13:41,01 - Clear,04 - Slush,10 - No control,01 - Non intersection,01 - Daylight,03 - P.D. only,06 - SMV unattended vehicle,Carlington
3561,COLEWAY ST btwn VAAN DR & SANDY AVE,364204.2929,5020516.897,-75.74225325,45.32208835,2016-09-24,8:20,02 - Rain,02 - Wet,10 - No control,04 - At/near private drive,01 - Daylight,03 - P.D. only,06 - SMV unattended vehicle,Carlington
3562,COLLINGTON ST btwn VILLANDRY ST & SUNVALE WAY,366991.6855,5015175.152,-75.70737126,45.2737825,2016-01-03,12:45,01 - Clear,03 - Loose snow,10 - No control,04 - At/near private drive,01 - Daylight,03 - P.D. only,06 - SMV unattended vehicle,Bridlewood - Emerald Meadows
3563,COLLINGTON ST/DRUMLINS AVE S @ LEN LUNNEY CRES,367145.948,5015213.791,-75.70540053,45.27411651,2016-08-05,19:58,01 - Clear,01 - Dry,03 - Yield sign,02 - Intersection related,01 - Daylight,03 - P.D. only,07 - SMV other,Merivale Gardens - Grenfell Glen - Pineglen - Country Place
3564,COLLINS AVE @ EDGE HILL PL,370265.6169,5026724.762,-75.66412254,45.37740587,2016-02-17,19:28,03 - Snow,03 - Loose snow,02 - Stop sign,03 - At intersection,07 - Dark,03 - P.D. only,02 - Angle,Chapman Mills - Rideau Crest - Davidson Heights
3565,COLONEL BY DR @ COLONEL BY DR SB ON RAMP 43,367640.9274,5028439.891,-75.69741334,45.39307847,2016-06-07,13:00,01 - Clear,01 - Dry,02 - Stop sign,02 - Intersection related,01 - Daylight,03 - P.D. only,05 - Turning movement,Chapman Mills - Rideau Crest - Davidson Heights
3566,COLONEL BY DR @ COLONEL BY DR SB ON RAMP 43,367641.8507,5028440.766,-75.69740144,45.39308626,2016-05-30,20:04,01 - Clear,01 - Dry,02 - Stop sign,02 - Intersection related,01 - Daylight,03 - P.D. only,03 - Rear end,Ledbury - Heron Gate - Ridgemont - Elmwood
3567,COLONEL BY DR @ COLONEL BY DR SB ON RAMP 43,367640.6466,5028439.849,-75.69741693,45.39307811,2016-04-17,19:10,01 - Clear,01 - Dry,02 - Stop sign,02 - Intersection related,07 - Dark,03 - P.D. only,03 - Rear end,Carleton University
3568,COLONEL BY DR @ ECHO DR S,368543.3881,5028773.341,-75.68584545,45.39599718,2016-01-08,18:15,01 - Clear,02 - Wet,10 - No control,02 - Intersection related,07 - Dark,03 - P.D. only,05 - Turning movement,Carleton University
3569,COLONEL BY DR @ HAWTHORNE AVE/PRETORIA BRIDGE,368767.9297,5030526.226,-75.68275042,45.41174859,2016-02-15,14:03,01 - Clear,04 - Slush,01 - Traffic signal,03 - At intersection,01 - Daylight,03 - P.D. only,02 - Angle,Carleton University
3570,COLONEL BY DR @ HAWTHORNE AVE/PRETORIA BRIDGE,368767.0516,5030526.226,-75.68276164,45.41174867,2016-02-12,18:24,03 - Snow,03 - Loose snow,01 - Traffic signal,03 - At intersection,07 - Dark,03 - P.D. only,05 - Turning movement,Old Ottawa South
3571,COLONEL BY DR @ HAWTHORNE AVE/PRETORIA BRIDGE,368767.9357,5030525.341,-75.68275046,45.41174062,2016-06-17,15:12,01 - Clear,01 - Dry,01 - Traffic signal,02 - Intersection related,01 - Daylight,03 - P.D. only,03 - Rear end,Old Ottawa East
3572,COLONEL BY DR @ HAWTHORNE AVE/PRETORIA BRIDGE,368768.5091,5030525.833,-75.68274307,45.411745,2016-02-14,17:39,01 - Clear,01 - Dry,01 - Traffic signal,02 - Intersection related,07 - Dark,03 - P.D. only,03 - Rear end,Old Ottawa East
3573,COLONEL BY DR @ HAWTHORNE AVE/PRETORIA BRIDGE,368767.0368,5030525.342,-75.68276194,45.41174071,2016-02-25,16:45,03 - Snow,04 - Slush,01 - Traffic signal,03 - At intersection,01 - Daylight,03 - P.D. only,05 - Turning movement,Old Ottawa East
3574,COLONEL BY DR @ HAWTHORNE AVE/PRETORIA BRIDGE,368767.4907,5030524.908,-75.6827562,45.41173677,2016-06-01,7:07,01 - Clear,01 - Dry,01 - Traffic signal,03 - At intersection,01 - Daylight,03 - P.D. only,99 - Other,Old Ottawa East
3575,COLONEL BY DR @ HAWTHORNE AVE/PRETORIA BRIDGE,368767.4907,5030524.908,-75.6827562,45.41173677,2016-11-07,22:29,01 - Clear,01 - Dry,01 - Traffic signal,03 - At intersection,07 - Dark,03 - P.D. only,02 - Angle,Old Ottawa East
3576,COLONEL BY DR @ HOG'S BACK RD,367603.5288,5025874.879,-75.69821724,45.37000251,2016-03-11,12:46,01 - Clear,01 - Dry,01 - Traffic signal,03 - At intersection,01 - Daylight,02 - Non-fatal injury,05 - Turning movement,Old Ottawa East
3577,COLONEL BY DR @ HOG'S BACK RD,367602.3188,5025871.975,-75.69823305,45.36997649,2016-04-06,23:04,02 - Rain,02 - Wet,01 - Traffic signal,02 - Intersection related,07 - Dark,02 - Non-fatal injury,02 - Angle,Old Ottawa East
3578,COLONEL BY DR @ HOG'S BACK RD,367601.9105,5025874.337,-75.69823797,45.36999778,2016-03-24,15:30,02 - Rain,04 - Slush,01 - Traffic signal,02 - Intersection related,01 - Daylight,03 - P.D. only,07 - SMV other,Carleton University
3579,COLONEL BY DR @ HOG'S BACK RD,367602.7094,5025873.124,-75.69822792,45.36998679,2016-10-20,12:30,02 - Rain,02 - Wet,01 - Traffic signal,02 - Intersection related,01 - Daylight,03 - P.D. only,03 - Rear end,Carleto
3580,COLONEL BY DR @ HOG'S BACK RD,367603.5336,5025873.439,-75.69821736,45.36998955,2016-10-20,12:30,02 - Rain,02 - Wet,01 - Traffic signal,02 - Intersection related,01 - Daylight,03 - P.D. only,02 - Angle,Carleto
3581,COLONEL BY DR @ LEONARD AVE,368227.711,5028575.108,-75.68990247,45.39424221,2016-02-19,19:56,03 - Snow,04 - Slush,02 - Stop sign,02 - Intersection related,07 - Dark,03 - P.D. only,03 - Rear end,Carleto
3582,COLONEL BY DR @ LEONARD AVE,368227.3245,5028576.012,-75.68990729,45.39425038,2016-08-07,22:46,01 - Clear,01 - Dry,02 - Stop sign,02 - Intersection related,07 - Dark,03 - P.D. only,07 - SMV other,Carleto
3583,COLONEL BY DR @ LEONARD AVE,368227.9711,5028575.874,-75.68989905,45.39424908,2016-10-29,19:00,02 - Rain,02 - Wet,02 - Stop sign,03 - At intersection,07 - Dark,03 - P.D. only,03 - Rear end,Old Ottawa South
3584,COLONEL BY DR @ MAIN ST,368859.7037,5030913.332,-75.68152773,45.41522324,2016-07-25,19:07,01 - Clear,01 - Dry,02 - Stop sign,02 - Intersection related,01 - Daylight,03 - P.D. only,03 - Rear end,Old Ottawa South
3585,COLONEL BY DR @ MAIN ST,368858.9649,5030914.922,-75.68153696,45.41523761,2016-02-10,13:30,01 - Clear,01 - Dry,02 - Stop sign,02 - Intersection related,01 - Daylight,03 - P.D. only,02 - Angle,Old Ottawa South
3586,COLONEL BY DR @ MAIN ST,368860.4784,5030914.51,-75.68151768,45.41523376,2016-02-25,20:20,03 - Snow,06 - Ice,02 - Stop sign,02 - Intersection related,07 - Dark,03 - P.D. only,03 - Rear end,Old Ottawa East
3587,COLONEL BY DR @ MAIN ST,368859.1998,5030915.067,-75.68153394,45.41523889,2016-05-13,16:14,01 - Clear,01 - Dry,02 - Stop sign,02 - Intersection related,01 - Daylight,03 - P.D. only,03 - Rear end,Old Ottawa East
3588,COLONEL BY DR @ MAIN ST,368859.4797,5030914.798,-75.6815304,45.41523645,2016-01-09,0:30,03 - Snow,02 - Wet,02 - Stop sign,02 - Intersection related,07 - Dark,03 - P.D. only,03 - Rear end,Old Ottawa East
3589,COLONEL BY DR @ MAIN ST,368860.0997,5030914.131,-75.68152257,45.41523039,2016-02-17,21:00,04 - Freezing Rain,06 - Ice,02 - Stop sign,02 - Intersection related,07 - Dark,03 - P.D. only,03 - Rear end,Old Ottawa East
3590,COLONEL BY DR @ MAIN ST,368860.1771,5030914.811,-75.68152149,45.4152365,2016-09-16,13:23,01 - Clear,01 - Dry,02 - Stop sign,02 - Intersection related,01 - Daylight,03 - P.D. only,03 - Rear end,Old Ottawa East
3591,COLONEL BY DR @ SENECA ST,368074.9562,5028519.705,-75.69186037,45.39375753,2016-06-11,8:36,01 - Clear,01 - Dry,02 - Stop sign,02 - Intersection related,01 - Daylight,03 - P.D. only,03 - Rear end,Old Ottawa East
3592,COLONEL BY DR @ UNIVERSITY RD - CARLETON,367347.6942,5026848.347,-75.70135975,45.37878442,2016-10-21,13:50,01 - Clear,02 - Wet,01 - Traffic signal,02 - Intersection related,01 - Daylight,03 - P.D. only,07 - SMV other,Old Ottawa East
3593,COLONEL BY DR @ UNIVERSITY RD - CARLETON,367368.0372,5026859.453,-75.70109862,45.37888253,2016-01-12,14:25,03 - Snow,04 - Slush,01 - Traffic signal,02 - Intersection related,01 - Daylight,03 - P.D. only,07 - SMV other,Old Ottawa South
3594,COLONEL BY DR btwn BRONSON PL & SENECA ST,367861.3439,5028519.053,-75.69458841,45.39377093,2016-09-04,23:05,01 - Clear,01 - Dry,10 - No control,01 - Non intersection,07 - Dark,03 - P.D. only,03 - Rear end,Carleton University
3595,COLONEL BY DR btwn ECHO DR & CLEGG ST (1),368804.5748,5030438.968,-75.68229363,45.41096012,2016-02-12,11:20,01 - Clear,01 - Dry,10 - No control,01 - Non intersection,01 - Daylight,03 - P.D. only,03 - Rear end,Carleton University
3596,COLONEL BY DR btwn ECHO DR & CLEGG ST (1),368905.3206,5030181.441,-75.68104014,45.40863376,2016-09-10,2:55,01 - Clear,01 - Dry,10 - No control,01 - Non intersection,07 - Dark,03 - P.D. only,03 - Rear end,Old Ottawa South
3597,COLONEL BY DR btwn ECHO DR & CLEGG ST (2),368572.5778,5028773.926,-75.68547259,45.39599979,2016-05-27,7:40,01 - Clear,01 - Dry,10 - No control,01 - Non intersection,01 - Daylight,02 - Non-fatal injury,03 - Rear end,Old Ottawa East
3598,COLONEL BY DR btwn ECHO DR & CLEGG ST (2),369017.1495,5029637.526,-75.67968249,45.40372954,2016-02-13,14:25,01 - Clear,06 - Ice,10 - No control,01 - Non intersection,01 - Daylight,02 - Non-fatal injury,03 - Rear end,Old Ottawa East
3599,COLONEL BY DR btwn ECHO DR & CLEGG ST (2),368998.4594,5028945.166,-75.68001134,45.39750163,2016-11-12,2:28,01 - Clear,01 - Dry,10 - No control,01 - Non intersection,07 - Dark,02 - Non-fatal injury,07 - SMV other,Old Ottawa South
3600,COLONEL BY DR btwn ECHO DR & CLEGG ST (2),368670.9854,5028784.06,-75.6842145,45.396082,2016-01-21,5:50,02 - Rain,04 - Slush,10 - No control,01 - Non intersection,07 - Dark,03 - P.D. only,07 - SMV other,Old Ottawa East
3601,COLONEL BY DR btwn ECHO DR & CLEGG ST (2),368642.0189,5028777.676,-75.68458526,45.3960272,2016-12-18,2:53,03 - Snow,02 - Wet,10 - No control,01 - Non intersection,07 - Dark,03 - P.D. only,07 - SMV other,Old Ottawa South
3602,COLONEL BY DR btwn HAWTHORNE AVE & MAIN ST,368851.8731,5030896.893,-75.68162991,45.41507604,2016-08-12,16:33,02 - Rain,02 - Wet,10 - No control,01 - Non intersection,01 - Daylight,02 - Non-fatal injury,03 - Rear end,Old Ottawa South
3603,COLONEL BY DR btwn HAWTHORNE AVE & MAIN ST,368765.6093,5030533.958,-75.68277906,45.41181837,2016-07-09,16:36,02 - Rain,02 - Wet,10 - No control,04 - At/near private drive,01 - Daylight,03 - P.D. only,02 - Angle,Old Ottawa South
3604,COLONEL BY DR btwn HAWTHORNE AVE & MAIN ST,368762.6321,5030546.661,-75.68281545,45.41193294,2016-04-10,17:59,01 - Clear,01 - Dry,10 - No control,04 - At/near private drive,01 - Daylight,03 - P.D. only,02 - Angle,Old Ottawa East
3605,COLONEL BY DR btwn LEONARD AVE & ROSEDALE AVE,368262.2496,5028606.564,-75.68945735,45.39452211,2016-07-08,16:15,01 - Clear,01 - Dry,10 - No control,01 - Non intersection,01 - Daylight,02 - Non-fatal injury,03 - Rear end,Old Ottawa East
3606,COLONEL BY DR btwn LEONARD AVE & ROSEDALE AVE,368266.9145,5028605.209,-75.68939795,45.39450949,2016-09-09,18:05,01 - Clear,01 - Dry,10 - No control,01 - Non intersection,01 - Daylight,03 - P.D. only,03 - Rear end,Old Ottawa East
3607,COLONEL BY DR btwn N.D.H.Q. & OTTAWA UNIV. PED. XING,368260.355,5031745.526,-75.68907748,45.42276565,2016-02-23,21:20,01 - Clear,01 - Dry,10 - No control,01 - Non intersection,07 - Dark,02 - Non-fatal injury,07 - SMV other,Old Ottawa South
3608,COLONEL BY DR btwn N.D.H.Q. & OTTAWA UNIV. PED. XING,368280.3934,5031737.554,-75.68882247,45.4226921,2016-08-02,12:41,01 - Clear,01 - Dry,10 - No control,01 - Non intersection,01 - Daylight,02 - Non-fatal injury,04 - Sideswipe,Old Ottawa South
3609,COLONEL BY DR btwn RIDEAU ST & MACKENZIE AVE,367969.8656,5031965.467,-75.6927609,45.42477089,2016-02-18,14:26,01 - Clear,02 - Wet,10 - No control,04 - At/near private drive,01 - Daylight,02 - Non-fatal injury,99 - Other,Sandy Hill
3610,COLONEL BY DR btwn ROSEDALE AVE & ECHO DR,368307.7539,5028654.284,-75.68887008,45.39494735,2016-07-14,13:49,01 - Clear,02 - Wet,10 - No control,01 - Non intersection,01 - Daylight,03 - P.D. only,07 - SMV other,Sandy Hill
3611,COLONEL BY DR btwn SENECA ST & LEONARD AVE,368154.9805,5028538.22,-75.69083603,45.39391688,2016-01-25,9:00,01 - Clear,01 - Dry,10 - No control,01 - Non intersection,01 - Daylight,03 - P.D. only,03 - Rear end,Byward Market - Parliament Hill
3612,COLONEL BY DR btwn SENECA ST & LEONARD AVE,368134.6546,5028531.226,-75.6910965,45.39385579,2016-09-07,8:15,01 - Clear,01 - Dry,10 - No control,01 - Non intersection,01 - Daylight,03 - P.D. only,04 - Sideswipe,Old Ottawa South
3613,COLONEL BY DR btwn UNIVERSITY RD & COLONEL BY DR SB ON RAMP 43,367362.1068,5027126.881,-75.70114045,45.38128931,2016-12-22,8:24,03 - Snow,03 - Loose snow,10 - No control,01 - Non intersection,01 - Daylight,02 - Non-fatal injury,01 - Approaching,Old Ottawa South
3614,COLONEL BY DR btwn UNIVERSITY RD & COLONEL BY DR SB ON RAMP 43,367407.8048,5027240.592,-75.70054257,45.38230837,2016-05-25,15:53,01 - Clear,01 - Dry,10 - No control,01 - Non intersection,01 - Daylight,03 - P.D. only,03 - Rear end,Old Ottawa South
3615,COLONEL BY DR btwn UNIVERSITY RD & HOG'S BACK RD,367332.8841,5026518.568,-75.7015906,45.37581847,2016-03-31,14:10,02 - Rain,02 - Wet,10 - No control,01 - Non intersection,01 - Daylight,03 - P.D. only,07 - SMV other,Carleton University
3616,COLONEL BY DR/MACKENZIE AVE @ DALY AVE,368002.4843,5031904.125,-75.69235198,45.42421601,2016-08-05,13:57,01 - Clear,01 - Dry,01 - Traffic signal,02 - Intersection related,01 - Daylight,03 - P.D. only,03 - Rear end,Carleton University
3617,COLONEL BY DR/MACKENZIE AVE @ DALY AVE,368001.5523,5031904.055,-75.6923639,45.42421547,2016-08-11,11:45,01 - Clear,01 - Dry,01 - Traffic signal,02 - Intersection related,01 - Daylight,03 - P.D. only,04 - Sideswipe,Carleton University
3618,COLONEL BY DR/SUSSEX DR @ RIDEAU ST,367920.9141,5032043.954,-75.69337632,45.42548151,2016-02-10,17:55,03 - Snow,02 - Wet,01 - Traffic signal,02 - Intersection related,07 - Dark,03 - P.D. only,04 - Sideswipe,Byward Market - Parliament Hill
3619,COLONEL BY DR/SUSSEX DR @ RIDEAU ST,367920.9419,5032044.889,-75.69337584,45.42548992,2016-01-26,7:31,02 - Rain,02 - Wet,01 - Traffic signal,02 - Intersection related,03 - Dawn,03 - P.D. only,03 - Rear end,Byward Market - Parliament Hill
3620,COLONEL BY DR/SUSSEX DR @ RIDEAU ST,367921.0834,5032044.705,-75.69337406,45.42548825,2016-01-08,12:56,01 - Clear,02 - Wet,01 - Traffic signal,02 - Intersection related,01 - Daylight,03 - P.D. only,04 - Sideswipe,Byward Market - Parliament Hill
3621,COLONEL BY DR/SUSSEX DR @ RIDEAU ST,367922.5585,5032045.074,-75.69335516,45.42549144,2016-01-02,16:42,01 - Clear,01 - Dry,01 - Traffic signal,03 - At intersection,05 - Dusk,03 - P.D. only,02 - Angle,Byward Market - Parliament Hill
3622,COLONEL BY DR/SUSSEX DR @ RIDEAU ST,367922.4956,5032044.317,-75.69335606,45.42548464,2016-04-05,7:20,01 - Clear,01 - Dry,01 - Traffic signal,03 - At intersection,01 - Daylight,03 - P.D. only,04 - Sideswipe,Byward Market - Parliament Hill
3623,COLONEL BY DR/SUSSEX DR @ RIDEAU ST,367923.2565,5032045.308,-75.69334622,45.42549348,2016-04-06,17:25,03 - Snow,04 - Slush,01 - Traffic signal,02 - Intersection related,01 - Daylight,03 - P.D. only,03 - Rear end,Byward Market - Parliament Hill
3624,COLONEL BY DR/SUSSEX DR @ RIDEAU ST,367921.6677,5032044.047,-75.69336668,45.42548228,2016-09-21,12:02,01 - Clear,01 - Dry,01 - Traffic signal,02 - Intersection related,01 - Daylight,03 - P.D. only,03 - Rear end,Byward Market - Parliament Hill
3625,COLONEL BY DR/SUSSEX DR @ RIDEAU ST,367921.6847,5032044.438,-75.69336641,45.4254858,2016-11-30,17:30,02 - Rain,02 - Wet,01 - Traffic signal,03 - At intersection,07 - Dark,03 - P.D. only,04 - Sideswipe,Byward Market - Parliament Hill
3626,COLONEL BY DR/SUSSEX DR @ RIDEAU ST,367921.4361,5032044.175,-75.69336962,45.42548345,2016-12-04,23:50,01 - Clear,01 - Dry,01 - Traffic signal,02 - Intersection related,07 - Dark,03 - P.D. only,03 - Rear end,Byward Market - Parliament Hill
3627,COLONEL MURRAY ST btwn HAMILTON ST & MARTIN ST,357116.8306,5006059.872,-75.83417473,45.19256501,2016-02-22,15:25,01 - Clear,01 - Dry,10 - No control,01 - Non intersection,01 - Daylight,03 - P.D. only,04 - Sideswipe,Byward Market - Parliament Hill
3628,COLONIAL RD @ FRANK KENNY RD,390201.4847,5032047.953,-75.40869686,45.4231522,2016-04-07,17:41,02 - Rain,02 - Wet,02 - Stop sign,03 - At intersection,01 - Daylight,03 - P.D. only,02 - Angle,Byward Market - Parliament Hill
3629,COLONIAL RD @ FRANK KENNY RD,390200.1519,5032047.284,-75.408714,45.42314635,2016-06-28,16:32,01 - Clear,01 - Dry,02 - Stop sign,03 - At intersection,01 - Daylight,03 - P.D. only,02 - Angle,Richmond
3630,COLONIAL RD @ HEUVELMANS RD,392776.1781,5033191.186,-75.37559819,45.43311861,2016-01-07,14:08,01 - Clear,01 - Dry,02 - Stop sign,02 - Intersection related,01 - Daylight,03 - P.D. only,03 - Rear end,Navan - Vars
3631,COLONIAL RD @ ROCKDALE RD,391420.6203,5032661.704,-75.3930131,45.42852415,2016-02-28,13:16,01 - Clear,02 - Wet,02 - Stop sign,03 - At intersection,01 - Daylight,02 - Non-fatal injury,05 - Turning movement,Navan - Vars
3632,COLONIAL RD btwn BIRCHGROVE RD & CANAAN RD,397946.1505,5035314.943,-75.30913405,45.45155567,2016-04-11,8:55,02 - Rain,04 - Slush,10 - No control,01 - Non intersection,01 - Daylight,03 - P.D. only,07 - SMV other,Navan - Vars
3633,COLONIAL RD btwn DESSAINT ST & SARSFIELD RD,394954.2162,5034091.275,-75.34760198,45.44093906,2016-06-25,21:58,01 - Clear,01 - Dry,10 - No control,04 - At/near private drive,07 - Dark,03 - P.D. only,06 - SMV unattended vehicle,Navan - Vars
3634,COLONIAL RD btwn FRANK KENNY RD & ROCKDALE RD,391096.1955,5032501.776,-75.39718641,45.4271254,2016-05-02,14:46,01 - Clear,01 - Dry,10 - No control,01 - Non intersection,01 - Daylight,03 - P.D. only,03 - Rear end,Cumberland - Estates
3635,COLONIAL RD btwn LAFLEUR RD & BIRCHGROVE RD,397574.5965,5035159.126,-75.3139127,45.45020327,2016-09-10,11:27,01 - Clear,01 - Dry,10 - No control,01 - Non intersection,01 - Daylight,02 - Non-fatal injury,07 - SMV other,Navan - Vars
3636,COLONNADE RD    N btwn CITIPLACE DR & COLONNADE RD S,367136.4423,5023260.103,-75.70450948,45.34651701,2016-12-07,16:05,01 - Clear,01 - Dry,10 - No control,04 - At/near private drive,05 - Dusk,03 - P.D. only,06 - SMV unattended vehicle,Navan - Vars
3637,COLONNADE RD @ MERIVALE RD,365365.3513,5022544.082,-75.72719637,45.34022952,2016-10-15,12:00,01 - Clear,01 - Dry,01 - Traffic signal,02 - Intersection related,01 - Daylight,02 - Non-fatal injury,03 - Rear end,Cumberland - Estates
3638,COLONNADE RD @ MERIVALE RD,365363.4755,5022545.155,-75.72722018,45.34023933,2016-07-02,13:31,01 - Clear,01 - Dry,01 - Traffic signal,02 - Intersection related,01 - Daylight,03 - P.D. only,03 - Rear end,Industrial Park
3639,COLONNADE RD @ MERIVALE RD,365362.0387,5022543.254,-75.72723874,45.34022235,2016-10-13,7:48,02 - Rain,02 - Wet,01 - Traffic signal,02 - Intersection related,01 - Daylight,03 - P.D. only,03 - Rear end,Tanglewood
3640,COLONNADE RD @ MERIVALE RD,365363.7011,5022544.259,-75.72721741,45.34023125,2016-11-24,15:56,03 - Snow,03 - Loose snow,01 - Traffic signal,03 - At intersection,05 - Dusk,03 - P.D. only,03 - Rear end,Tanglewood
3641,COLONNADE RD @ PRINCE OF WALES DR,367394.194,5023263.05,-75.7012202,45.34652057,2016-02-25,20:28,04 - Freezing Rain,06 - Ice,01 - Traffic signal,03 - At intersection,07 - Dark,02 - Non-fatal injury,99 - Other,Tanglewood
3642,COLONNADE RD @ PRINCE OF WALES DR,367395.5398,5023265.274,-75.70120275,45.34654046,2016-10-28,8:00,02 - Rain,02 - Wet,01 - Traffic signal,03 - At intersection,01 - Daylight,02 - Non-fatal injury,03 - Rear end,Tanglewood
3643,COLONNADE RD @ PRINCE OF WALES DR,367394.9363,5023266.516,-75.70121029,45.34655169,2016-03-29,17:04,01 - Clear,01 - Dry,01 - Traffic signal,02 - Intersection related,01 - Daylight,03 - P.D. only,03 - Rear end,Industrial Park
3644,COLONNADE RD @ PRINCE OF WALES DR,367398.6397,5023267.496,-75.70116291,45.34656018,2016-02-08,10:03,01 - Clear,01 - Dry,01 - Traffic signal,02 - Intersection related,01 - Daylight,03 - P.D. only,03 - Rear end,Industrial Park
3645,COLONNADE RD @ PRINCE OF WALES DR,367394.053,5023267.614,-75.70122142,45.34656165,2016-08-28,12:03,01 - Clear,01 - Dry,01 - Traffic signal,03 - At intersection,01 - Daylight,03 - P.D. only,05 - Turning movement,Industrial Park
3646,COLONNADE RD @ PRINCE OF WALES DR,367394.9371,5023267.193,-75.70121019,45.34655778,2016-06-10,13:07,01 - Clear,01 - Dry,01 - Traffic signal,02 - Intersection related,01 - Daylight,03 - P.D. only,03 - Rear end,Industrial Park
3647,COLONNADE RD @ PRINCE OF WALES DR,367394.4921,5023266.736,-75.70121593,45.34655371,2016-09-29,16:39,01 - Clear,01 - Dry,01 - Traffic signal,03 - At intersection,01 - Daylight,03 - P.D. only,05 - Turning movement,Industrial Park
3648,COLONNADE RD @ PRINCE OF WALES DR,367393.6139,5023266.297,-75.70122719,45.34654984,2016-01-13,7:07,03 - Snow,03 - Loose snow,01 - Traffic signal,03 - At intersection,03 - Dawn,03 - P.D. only,05 - Turning movement,Industrial Park
3649,COLONNADE RD @ PRINCE OF WALES DR,367394.4861,5023266.291,-75.70121606,45.3465497,2016-05-31,12:00,01 - Clear,01 - Dry,01 - Traffic signal,02 - Intersection related,01 - Daylight,03 - P.D. only,03 - Rear end,Industrial Park
3650,COLONNADE RD @ PRINCE OF WALES DR,367395.3934,5023266.062,-75.70120451,45.34654756,2016-07-22,12:47,01 - Clear,01 - Dry,01 - Traffic signal,02 - Intersection related,01 - Daylight,03 - P.D. only,03 - Rear end,Industrial Park
3651,COLONNADE RD @ PRINCE OF WALES DR,367397.1961,5023264.446,-75.70118172,45.34653286,2016-10-12,18:40,01 - Clear,02 - Wet,01 - Traffic signal,03 - At intersection,07 - Dark,03 - P.D. only,03 - Rear end,Industrial Park
3652,COLONNADE RD @ PRINCE OF WALES DR,367393.8834,5023268.586,-75.70122346,45.34657041,2016-12-13,13:18,01 - Clear,01 - Dry,01 - Traffic signal,03 - At intersection,01 - Daylight,03 - P.D. only,03 - Rear end,Industrial Park
3653,COLONNADE RD @ PRINCE OF WALES DR,367394.7116,5023267.758,-75.701213,45.34656288,2016-12-06,11:30,01 - Clear,01 - Dry,01 - Traffic signal,02 - Intersection related,01 - Daylight,03 - P.D. only,03 - Rear end,Industrial Park