Record,Location,X,Y,lon,lat,Date,Time,Environment,Road_Surface,Traffic_Control,Collision_Location,Light,Collision_Classification,Impact_type,Neighborhood
3758,COOPER ST @ KENT ST,367483.5328,5030889.148,-75.699112,45.41513027,2016-12-15,9:52,01 - Clear,02 - Wet,02 - Stop sign,03 - At intersection,01 - Daylight,03 - P.D. only,02 - Angle,Centretown
3759,COOPER ST @ LYON ST,367321.0471,5030791.904,-75.70120016,45.41426983,2016-08-17,17:19,01 - Clear,01 - Dry,02 - Stop sign,02 - Intersection related,01 - Daylight,03 - P.D. only,05 - Turning movement,Centretown
3760,COOPER ST @ METCALFE ST,367962.0406,5031177.903,-75.69296185,45.41768536,2016-06-18,10:57,01 - Clear,01 - Dry,02 - Stop sign,03 - At intersection,01 - Daylight,02 - Non-fatal injury,07 - SMV other,Centretown
3761,COOPER ST @ METCALFE ST,367962.0414,5031179.68,-75.69296161,45.41770135,2016-01-10,0:08,02 - Rain,02 - Wet,02 - Stop sign,03 - At intersection,07 - Dark,02 - Non-fatal injury,02 - Angle,Centretown
3762,COOPER ST @ METCALFE ST,367963.4219,5031178.163,-75.69294417,45.41768758,2016-02-18,16:46,01 - Clear,02 - Wet,02 - Stop sign,03 - At intersection,01 - Daylight,03 - P.D. only,02 - Angle,Centretown
3763,COOPER ST @ METCALFE ST,367961.9568,5031178.945,-75.69296279,45.41769475,2016-01-17,9:39,01 - Clear,01 - Dry,02 - Stop sign,03 - At intersection,01 - Daylight,03 - P.D. only,02 - Angle,Centretown
3764,COOPER ST @ O'CONNOR ST,367808.4865,5031085.571,-75.69493546,45.41686844,2016-01-22,19:41,02 - Rain,02 - Wet,02 - Stop sign,03 - At intersection,07 - Dark,03 - P.D. only,04 - Sideswipe,Centretown
3765,COOPER ST @ PERCY ST,367069.9693,5030641.834,-75.7044267,45.41294194,2016-01-27,14:07,01 - Clear,01 - Dry,02 - Stop sign,03 - At intersection,01 - Daylight,03 - P.D. only,02 - Angle,Centretown
3766,COOPER ST btwn ELGIN ST & CARTIER ST,368172.3507,5031304.667,-75.69025863,45.41880693,2016-02-08,11:00,01 - Clear,01 - Dry,10 - No control,01 - Non intersection,01 - Daylight,03 - P.D. only,06 - SMV unattended vehicle,Centretown
3767,COOPER ST btwn METCALFE ST & ELGIN ST,368108.948,5031264.55,-75.69107383,45.41845171,2016-12-21,12:20,01 - Clear,04 - Slush,10 - No control,01 - Non intersection,01 - Daylight,03 - P.D. only,06 - SMV unattended vehicle,Centretown
3768,COOPER ST btwn O'CONNOR ST & METCALFE ST,367939.5523,5031165.09,-75.6932508,45.41757211,2016-09-26,0:00,01 - Clear,01 - Dry,10 - No control,01 - Non intersection,00 - Unknown,03 - P.D. only,06 - SMV unattended vehicle,Golden Triangle
3769,COOPER ST btwn O'CONNOR ST & METCALFE ST,367897.016,5031139.085,-75.69379757,45.41734196,2016-06-08,8:07,01 - Clear,01 - Dry,10 - No control,01 - Non intersection,01 - Daylight,03 - P.D. only,06 - SMV unattended vehicle,Centretown
3770,COPE @ TERRY FOX,353996.4419,5015346.55,-75.87296648,45.27635408,2016-11-12,15:27,01 - Clear,01 - Dry,01 - Traffic signal,03 - At intersection,01 - Daylight,02 - Non-fatal injury,03 - Rear end,Centretown
3771,COPE @ TERRY FOX,353996.1724,5015345.966,-75.87296997,45.27634884,2016-10-17,8:04,01 - Clear,02 - Wet,01 - Traffic signal,03 - At intersection,01 - Daylight,02 - Non-fatal injury,02 - Angle,Centretown
3772,COPE @ TERRY FOX,353996.1602,5015345.53,-75.87297017,45.27634492,2016-02-22,16:09,01 - Clear,01 - Dry,01 - Traffic signal,03 - At intersection,01 - Daylight,03 - P.D. only,05 - Turning movement,Glen Cairn - Kanata South Business Park
3773,COPE @ TERRY FOX,353994.7856,5015345.722,-75.87298767,45.27634675,2016-10-18,19:06,01 - Clear,01 - Dry,01 - Traffic signal,02 - Intersection related,07 - Dark,03 - P.D. only,03 - Rear end,Glen Cairn - Kanata South Business Park
3774,COPE @ TERRY FOX,353998.7016,5015345.779,-75.87293776,45.27634698,2016-01-22,19:12,01 - Clear,01 - Dry,01 - Traffic signal,03 - At intersection,07 - Dark,03 - P.D. only,02 - Angle,Glen Cairn - Kanata South Business Park
3775,COPE @ TERRY FOX,353997.9287,5015346.405,-75.87294755,45.27635267,2016-05-01,15:35,01 - Clear,02 - Wet,01 - Traffic signal,02 - Intersection related,01 - Daylight,03 - P.D. only,03 - Rear end,Glen Cairn - Kanata South Business Park
3776,COPE @ TERRY FOX,353995.6007,5015346.044,-75.87297725,45.27634959,2016-05-03,19:43,01 - Clear,01 - Dry,01 - Traffic signal,02 - Intersection related,05 - Dusk,03 - P.D. only,03 - Rear end,Glen Cairn - Kanata South Business Park
3777,COPE @ TERRY FOX,353997.4941,5015345.532,-75.87295317,45.27634485,2016-04-06,17:52,03 - Snow,03 - Loose snow,01 - Traffic signal,02 - Intersection related,01 - Daylight,03 - P.D. only,03 - Rear end,Glen Cairn - Kanata South Business Park
3778,COPE @ TERRY FOX,353999.629,5015345.308,-75.87292598,45.27634268,2016-10-04,3:47,01 - Clear,01 - Dry,01 - Traffic signal,02 - Intersection related,07 - Dark,03 - P.D. only,07 - SMV other,Glen Cairn - Kanata South Business Park
3779,COPE @ TERRY FOX,353997.2701,5015344.894,-75.87295609,45.27633912,2016-12-09,17:51,03 - Snow,06 - Ice,01 - Traffic signal,02 - Intersection related,07 - Dark,03 - P.D. only,03 - Rear end,Glen Cairn - Kanata South Business Park
3780,COPELAND RD btwn ASHTON STATION RD & DWYER HILL RD,346741.3238,4999129.61,-75.96679719,45.13089596,2016-09-02,9:55,01 - Clear,01 - Dry,10 - No control,01 - Non intersection,01 - Daylight,03 - P.D. only,07 - SMV other,Munster Hamlet - Richmond
3781,CORDOVA ST btwn GRANTON AVE & CHIPPEWA AVE,363646.5184,5024325.62,-75.74891449,45.3564059,2016-01-12,17:41,03 - Snow,03 - Loose snow,10 - No control,01 - Non intersection,07 - Dark,02 - Non-fatal injury,03 - Rear end,Crestview - Meadowlands
3782,CORIOLIS CRT/GALLANTRY WAY @ HUNTMAR DR,350707.8323,5016331.181,-75.91478812,45.28543651,2016-07-29,20:18,01 - Clear,01 - Dry,02 - Stop sign,03 - At intersection,05 - Dusk,03 - P.D. only,02 - Angle,Stittsville
3783,CORK ST btwn HAIG DR & CAMROSE ST,372560.099,5028679.632,-75.63456109,45.39477685,2016-05-16,8:45,01 - Clear,01 - Dry,10 - No control,04 - At/near private drive,01 - Daylight,03 - P.D. only,06 - SMV unattended vehicle,Elmvale - Eastway - Riverview - Riverview Park West
3784,CORKERY RD btwn CORKERY WOODS DR & MARCH RD,335904.9128,5016221.081,-76.1034902,45.28525674,2016-04-27,0:01,01 - Clear,01 - Dry,10 - No control,01 - Non intersection,07 - Dark,03 - P.D. only,07 - SMV other,Carp - Hardwood Plains
3785,CORKERY RD btwn MARCH RD & MANION RD,335973.5768,5016142.137,-76.10261988,45.28454332,2016-11-19,7:46,"07 - Fog, mist, smoke, dust",01 - Dry,10 - No control,01 - Non intersection,03 - Dawn,03 - P.D. only,07 - SMV other,Carp - Hardwood Plains
3786,CORKSTOWN RD @ MARCH RD,352657.3936,5020883.266,-75.88949787,45.32626719,2016-12-03,20:46,01 - Clear,01 - Dry,02 - Stop sign,03 - At intersection,07 - Dark,02 - Non-fatal injury,02 - Angle,Beaverbrook
3787,CORKSTOWN RD @ MARCH RD,352655.9568,5020885.556,-75.88951598,45.32628789,2016-12-01,18:22,02 - Rain,02 - Wet,02 - Stop sign,02 - Intersection related,07 - Dark,02 - Non-fatal injury,03 - Rear end,Greenbelt
3788,CORKSTOWN RD @ MARCH RD,352656.9313,5020882.577,-75.88950384,45.32626102,2016-08-08,12:15,01 - Clear,01 - Dry,02 - Stop sign,03 - At intersection,01 - Daylight,03 - P.D. only,03 - Rear end,Beaverbrook
3789,CORKSTOWN RD @ MARCH RD,352658.0037,5020883.486,-75.88949007,45.32626913,2016-06-16,9:01,01 - Clear,01 - Dry,02 - Stop sign,02 - Intersection related,01 - Daylight,03 - P.D. only,03 - Rear end,Beaverbrook
3790,CORKSTOWN RD @ MARCH RD,352656.6834,5020881.946,-75.88950706,45.32625536,2016-01-20,16:38,01 - Clear,02 - Wet,02 - Stop sign,03 - At intersection,05 - Dusk,03 - P.D. only,04 - Sideswipe,Beaverbrook
3791,CORKSTOWN RD @ MARCH RD,352656.9545,5020883.266,-75.88950347,45.32626722,2016-12-06,14:17,01 - Clear,02 - Wet,02 - Stop sign,02 - Intersection related,01 - Daylight,03 - P.D. only,05 - Turning movement,Beaverbrook
3792,CORKSTOWN RD btwn MARCH RD & MOODIE DR,356303.8107,5022744.79,-75.84279089,45.34275928,2016-02-24,17:31,04 - Freezing Rain,04 - Slush,10 - No control,01 - Non intersection,05 - Dusk,03 - P.D. only,03 - Rear end,Greenbelt
3793,CORKSTOWN RD btwn MARCH RD & MOODIE DR,352930.7635,5020600.632,-75.88603825,45.3237053,2016-06-30,6:15,01 - Clear,01 - Dry,10 - No control,01 - Non intersection,01 - Daylight,03 - P.D. only,07 - SMV other,Greenbelt
3794,CORKSTOWN RD btwn MARCH RD & MOODIE DR,355021.1901,5021569.636,-75.85927586,45.33227809,2016-05-30,5:34,01 - Clear,01 - Dry,10 - No control,01 - Non intersection,03 - Dawn,03 - P.D. only,07 - SMV other,Greenbelt
3795,CORKSTOWN RD btwn MOODIE DR & CRYSTAL BEACH DR,356865.5015,5022668.451,-75.835632,45.34203091,2016-02-16,16:04,03 - Snow,03 - Loose snow,10 - No control,04 - At/near private drive,01 - Daylight,03 - P.D. only,07 - SMV other,Crystal Bay - Lakeview Park - Britannia Village
3796,CORONATION AVE @ CHOMLEY CRES,371630.2381,5030425.799,-75.64619939,45.4105775,2016-12-09,8:25,03 - Snow,06 - Ice,02 - Stop sign,02 - Intersection related,01 - Daylight,03 - P.D. only,07 - SMV other,Industrial Park
3797,CORONATION AVE @ RUSSELL RD,372437.5143,5030196.336,-75.63591856,45.40843534,2016-10-05,14:01,01 - Clear,01 - Dry,02 - Stop sign,03 - At intersection,01 - Daylight,02 - Non-fatal injury,02 - Angle,Industrial Park
3798,COSTELLO AVE btwn ABINGDON DR & ABINGDON DR,360275.9263,5021862.436,-75.79220779,45.33451698,2016-12-07,0:00,01 - Clear,02 - Wet,10 - No control,01 - Non intersection,00 - Unknown,03 - P.D. only,06 - SMV unattended vehicle,Leslie Park
3799,COTE DE NEIGES RD btwn PENDER ST & ST. HELEN'S PL,364280.125,5024278.125,-75.74083389,45.35592508,2016-10-02,15:54,01 - Clear,01 - Dry,10 - No control,04 - At/near private drive,01 - Daylight,03 - P.D. only,06 - SMV unattended vehicle,Crestview - Meadowlands
3800,"COTE ST btwn MORGAN ST & EGLISE, RUE DE L",371319.1279,5033168.934,-75.64980318,45.43528868,2016-02-12,12:12,03 - Snow,03 - Loose snow,10 - No control,04 - At/near private drive,01 - Daylight,03 - P.D. only,06 - SMV unattended vehicle,Vanier South
3801,COUNTRY GLEN WAY btwn CALVINGTON AVE & CAMPEAU DR,349219.6849,5018338.083,-75.93357764,45.30359088,2016-02-17,16:19,03 - Snow,03 - Loose snow,10 - No control,01 - Non intersection,01 - Daylight,03 - P.D. only,99 - Other,Kanata Lakes - Marchwood Lakeside - Morgan's Grant - Kanata
3802,COUNTY RD 29 @ MADAWASKA BLVD,318894.2224,5031715.467,-76.31989046,45.42523177,2016-06-30,14:25,01 - Clear,01 - Dry,02 - Stop sign,03 - At intersection,01 - Daylight,02 - Non-fatal injury,02 - Angle,Arnprior
3803,COUNTY RD 29 @ MADAWASKA BLVD,318895.7894,5031714.637,-76.31987046,45.42522427,2016-09-02,16:30,01 - Clear,01 - Dry,02 - Stop sign,03 - At intersection,01 - Daylight,03 - P.D. only,05 - Turning movement,Arnprior
3804,COUNTY RD 29 @ MADAWASKA BLVD,318895.0023,5031715.883,-76.31988048,45.4252355,2016-11-04,7:30,01 - Clear,01 - Dry,02 - Stop sign,03 - At intersection,03 - Dawn,03 - P.D. only,02 - Angle,Arnprior
3805,COURTWOOD CRES btwn WOODWARD DR & WOODWARD DR,363577.8826,5026022.417,-75.74958861,45.37167923,2016-03-15,11:30,02 - Rain,02 - Wet,10 - No control,04 - At/near private drive,01 - Daylight,03 - P.D. only,02 - Angle,Carlington
3806,COURTYARD CRES btwn COURTYARD CRES & TO BE DETERMINED,372731.7424,5024661.96,-75.63292178,45.35861082,2016-04-10,15:13,01 - Clear,01 - Dry,10 - No control,04 - At/near private drive,01 - Daylight,03 - P.D. only,06 - SMV unattended vehicle,Greenboro East
3807,COVENTRY RD @ 230 W OF ST. LAURENT BLVD/ST. LA,372081.1311,5031933.792,-75.64023369,45.42410255,2016-08-15,18:24,01 - Clear,01 - Dry,01 - Traffic signal,02 - Intersection related,01 - Daylight,02 - Non-fatal injury,07 - SMV other,Overbrook
3808,COVENTRY RD @ 230 W OF ST. LAURENT BLVD/ST. LA,372082.3074,5031933.265,-75.64021873,45.42409769,2016-06-08,13:37,01 - Clear,01 - Dry,01 - Traffic signal,03 - At intersection,01 - Daylight,03 - P.D. only,04 - Sideswipe,Overbrook
3809,COVENTRY RD @ 230 W OF ST. LAURENT BLVD/ST. LA,372081.3445,5031934.12,-75.64023092,45.42410548,2016-07-25,16:58,01 - Clear,01 - Dry,01 - Traffic signal,02 - Intersection related,01 - Daylight,03 - P.D. only,05 - Turning movement,Overbrook
3810,COVENTRY RD @ LOLA ST,371263.9449,5031614.572,-75.65071818,45.42130846,2016-07-30,18:11,01 - Clear,01 - Dry,01 - Traffic signal,03 - At intersection,01 - Daylight,03 - P.D. only,05 - Turning movement,Overbrook
3811,COVENTRY RD @ LOLA ST,371264.5165,5031614.306,-75.65071092,45.42130601,2016-03-15,12:20,02 - Rain,02 - Wet,01 - Traffic signal,02 - Intersection related,01 - Daylight,03 - P.D. only,04 - Sideswipe,Overbrook
3812,COVENTRY RD @ LOLA ST,371263.9431,5031614.797,-75.65071818,45.42131049,2016-06-16,10:57,01 - Clear,01 - Dry,01 - Traffic signal,03 - At intersection,01 - Daylight,03 - P.D. only,02 - Angle,Overbrook
3813,COVENTRY RD @ LOLA ST,371263.4981,5031614.792,-75.65072386,45.42131048,2016-10-12,22:41,01 - Clear,01 - Dry,01 - Traffic signal,03 - At intersection,07 - Dark,03 - P.D. only,05 - Turning movement,Overbrook
3814,COVENTRY RD @ ST. LAURENT SC WEST,371922.1613,5031788.081,-75.64228474,45.42280678,2016-11-30,16:31,02 - Rain,02 - Wet,01 - Traffic signal,03 - At intersection,05 - Dusk,02 - Non-fatal injury,07 - SMV other,Overbrook
3815,COVENTRY RD @ VANIER PKWY,370675.719,5031611.925,-75.65823412,45.42134028,2016-01-27,18:23,01 - Clear,04 - Slush,01 - Traffic signal,02 - Intersection related,07 - Dark,02 - Non-fatal injury,07 - SMV other,Overbrook
3816,COVENTRY RD @ VANIER PKWY,370676.6044,5031611.483,-75.65822286,45.42133622,2016-05-25,21:18,01 - Clear,01 - Dry,01 - Traffic signal,02 - Intersection related,07 - Dark,02 - Non-fatal injury,03 - Rear end,Overbrook
3817,COVENTRY RD @ VANIER PKWY,370678.068,5031612.062,-75.65820409,45.42134129,2016-11-27,12:26,01 - Clear,01 - Dry,01 - Traffic signal,02 - Intersection related,01 - Daylight,02 - Non-fatal injury,07 - SMV other,Overbrook
3818,COVENTRY RD @ VANIER PKWY,370677.2131,5031611.289,-75.65821511,45.42133442,2016-12-09,14:51,01 - Clear,06 - Ice,01 - Traffic signal,02 - Intersection related,01 - Daylight,02 - Non-fatal injury,03 - Rear end,Overbrook
3819,COVENTRY RD @ VANIER PKWY,370676.1602,5031611.254,-75.65822857,45.4213342,2016-01-18,13:44,01 - Clear,02 - Wet,01 - Traffic signal,02 - Intersection related,01 - Daylight,03 - P.D. only,03 - Rear end,Overbrook
3820,COVENTRY RD @ VANIER PKWY,370677.4826,5031611.483,-75.65821164,45.42133614,2016-02-09,20:47,03 - Snow,02 - Wet,01 - Traffic signal,02 - Intersection related,07 - Dark,03 - P.D. only,03 - Rear end,Overbrook
3821,COVENTRY RD @ VANIER PKWY,370676.6044,5031612.362,-75.65822275,45.42134413,2016-02-16,23:24,03 - Snow,03 - Loose snow,01 - Traffic signal,03 - At intersection,07 - Dark,03 - P.D. only,07 - SMV other,Overbrook
3822,COVENTRY RD @ VANIER PKWY,370676.824,5031612.142,-75.65821997,45.42134213,2016-02-13,16:28,01 - Clear,01 - Dry,01 - Traffic signal,02 - Intersection related,01 - Daylight,03 - P.D. only,04 - Sideswipe,Overbrook
3823,COVENTRY RD @ VANIER PKWY,370676.3849,5031612.117,-75.65822558,45.42134195,2016-08-24,16:23,01 - Clear,01 - Dry,01 - Traffic signal,02 - Intersection related,01 - Daylight,03 - P.D. only,03 - Rear end,Overbrook
3824,COVENTRY RD @ VANIER PKWY,370676.6044,5031611.483,-75.65822286,45.42133622,2016-01-22,8:30,01 - Clear,01 - Dry,01 - Traffic signal,02 - Intersection related,01 - Daylight,03 - P.D. only,03 - Rear end,Overbrook
3825,COVENTRY RD @ VANIER PKWY,370676.5636,5031612.016,-75.65822331,45.42134102,2016-08-07,12:51,01 - Clear,01 - Dry,01 - Traffic signal,02 - Intersection related,01 - Daylight,03 - P.D. only,03 - Rear end,Overbrook
3826,COVENTRY RD @ VANIER PKWY,370675.8034,5031612.382,-75.65823298,45.42134439,2016-01-06,19:21,01 - Clear,02 - Wet,01 - Traffic signal,02 - Intersection related,07 - Dark,03 - P.D. only,03 - Rear end,Overbrook
3827,COVENTRY RD @ VANIER PKWY,370675.9893,5031612.373,-75.6582306,45.42134429,2016-01-18,13:19,01 - Clear,05 - Packed snow,01 - Traffic signal,03 - At intersection,01 - Daylight,03 - P.D. only,02 - Angle,Overbrook
3828,COVENTRY RD @ VANIER PKWY,370675.4664,5031612.851,-75.65823722,45.42134864,2016-06-30,20:21,01 - Clear,01 - Dry,01 - Traffic signal,03 - At intersection,05 - Dusk,03 - P.D. only,07 - SMV other,Overbrook
3829,COVENTRY RD @ VANIER PKWY,370676.1576,5031611.703,-75.65822854,45.42133824,2016-07-02,16:16,01 - Clear,01 - Dry,01 - Traffic signal,02 - Intersection related,01 - Daylight,03 - P.D. only,03 - Rear end,Overbrook
3830,COVENTRY RD @ VANIER PKWY,370676.3189,5031611.783,-75.65822647,45.42133895,2016-06-15,9:05,01 - Clear,01 - Dry,01 - Traffic signal,02 - Intersection related,01 - Daylight,03 - P.D. only,03 - Rear end,Overbrook
3831,COVENTRY RD @ VANIER PKWY,370676.1654,5031612.801,-75.6582283,45.42134812,2016-07-28,15:45,01 - Clear,01 - Dry,01 - Traffic signal,02 - Intersection related,01 - Daylight,03 - P.D. only,03 - Rear end,Overbrook
3832,COVENTRY RD @ VANIER PKWY,370676.3849,5031610.461,-75.65822581,45.42132705,2016-12-29,18:21,03 - Snow,05 - Packed snow,01 - Traffic signal,02 - Intersection related,07 - Dark,03 - P.D. only,03 - Rear end,Overbrook
3833,COVENTRY RD @ VANIER PKWY,370675.5567,5031611.289,-75.65823628,45.42133458,2016-12-20,12:14,03 - Snow,04 - Slush,01 - Traffic signal,02 - Intersection related,01 - Daylight,03 - P.D. only,03 - Rear end,Overbrook
3834,COVENTRY RD @ VANIER PKWY,370676.3849,5031611.289,-75.65822569,45.4213345,2016-12-31,20:37,03 - Snow,03 - Loose snow,01 - Traffic signal,02 - Intersection related,07 - Dark,03 - P.D. only,03 - Rear end,Overbrook
3835,COVENTRY RD btwn ARCOLA PRIV & LOLA ST,371160.4336,5031603.303,-75.65204223,45.4212169,2016-09-01,12:38,01 - Clear,01 - Dry,10 - No control,04 - At/near private drive,01 - Daylight,02 - Non-fatal injury,02 - Angle,Overbrook
3836,COVENTRY RD btwn ARCOLA PRIV & LOLA ST,371036.6471,5031608.177,-75.65362315,45.42127248,2016-06-01,15:45,01 - Clear,01 - Dry,10 - No control,01 - Non intersection,01 - Daylight,03 - P.D. only,04 - Sideswipe,Overbrook
3837,COVENTRY RD btwn BELFAST RD & ST. LAURENT SC WEST,371672.6169,5031658.105,-75.64549081,45.42166121,2016-01-15,18:00,01 - Clear,01 - Dry,10 - No control,01 - Non intersection,07 - Dark,03 - P.D. only,03 - Rear end,Overbrook
3838,COVENTRY RD btwn BELFAST RD & ST. LAURENT SC WEST,371876.0772,5031681.089,-75.64288813,45.42184853,2016-05-06,13:27,01 - Clear,01 - Dry,10 - No control,01 - Non intersection,01 - Daylight,03 - P.D. only,04 - Sideswipe,Overbrook
3839,COVENTRY RD btwn JETFORM PARK  STADIUM & ARCOLA PRIV,370864.3982,5031673.19,-75.65581521,45.42187373,2016-02-20,11:54,02 - Rain,02 - Wet,10 - No control,04 - At/near private drive,01 - Daylight,03 - P.D. only,04 - Sideswipe,Overbrook
3840,COVENTRY RD btwn LOLA ST & BELFAST RD,371267.8584,5031615.814,-75.65066801,45.42131927,2016-12-28,16:59,01 - Clear,01 - Dry,10 - No control,01 - Non intersection,07 - Dark,03 - P.D. only,04 - Sideswipe,Overbrook
3841,COVENTRY RD btwn ST. LAURENT SC WEST & ST. LAURENT BLVD,372284.0606,5031947.254,-75.63763896,45.42420412,2016-06-16,14:50,01 - Clear,01 - Dry,10 - No control,01 - Non intersection,01 - Daylight,03 - P.D. only,04 - Sideswipe,Overbrook
3842,COVENTRY RD btwn ST. LAURENT SC WEST & ST. LAURENT BLVD,372137.6036,5031935.426,-75.6395119,45.42411181,2016-12-30,14:15,01 - Clear,01 - Dry,10 - No control,01 - Non intersection,01 - Daylight,03 - P.D. only,04 - Sideswipe,Overbrook
3843,COVINGTON PL btwn HEMMINGWOOD WAY & HEMMINGWOOD WAY,361768.4987,5023186.137,-75.77301383,45.346308,2016-03-01,15:04,01 - Clear,05 - Packed snow,10 - No control,01 - Non intersection,01 - Daylight,03 - P.D. only,06 - SMV unattended vehicle,Centrepointe
3844,COWELL RD @ MALAKOFF RD,365463.3087,4992390.006,-75.72961763,45.06889215,2016-10-03,18:54,01 - Clear,01 - Dry,10 - No control,02 - Intersection related,07 - Dark,02 - Non-fatal injury,07 - SMV other,Munster Hamlet - Richmond
3845,COWLEY AVE btwn SUNNYMEDE AVE & PREMIER AVE,363981.8797,5029325.35,-75.74403522,45.40136446,2016-02-07,17:46,01 - Clear,01 - Dry,10 - No control,04 - At/near private drive,05 - Dusk,03 - P.D. only,99 - Other,Champlain Park
3846,CRAIG HENRY DR @ IVYLEA ST/WOODVALE GR,363035.3181,5021803.635,-75.75701178,45.33376431,2016-02-25,8:40,01 - Clear,02 - Wet,02 - Stop sign,03 - At intersection,01 - Daylight,03 - P.D. only,02 - Angle,Woodvale - Craig Henry - Manordale - Estates of Arlington Wo
3847,CRAIG HENRY DR @ KNOXDALE RD,363116.9074,5021656.588,-75.75598825,45.33243441,2016-01-27,9:00,01 - Clear,06 - Ice,01 - Traffic signal,02 - Intersection related,01 - Daylight,03 - P.D. only,03 - Rear end,Woodvale - Craig Henry - Manordale - Estates of Arlington Wo
3848,CRAIG HENRY DR btwn BERTONA ST & SOVEREIGN AVE,362771.0168,5021938.154,-75.7603678,45.33499658,2016-01-07,17:47,01 - Clear,01 - Dry,10 - No control,04 - At/near private drive,07 - Dark,03 - P.D. only,05 - Turning movement,Woodvale - Craig Henry - Manordale - Estates of Arlington Wo
3849,CRAIG HENRY DR btwn BERTONA ST & SOVEREIGN AVE,362753.6791,5021930.694,-75.76058986,45.33493089,2016-06-01,8:25,01 - Clear,01 - Dry,10 - No control,04 - At/near private drive,01 - Daylight,03 - P.D. only,01 - Approaching,Woodvale - Craig Henry - Manordale - Estates of Arlington Wo
3850,CRAIG ST btwn FINDLAY AVE & BROADWAY AVE,368119.1751,5028819.326,-75.69125721,45.39644943,2016-01-08,19:30,01 - Clear,01 - Dry,10 - No control,01 - Non intersection,07 - Dark,03 - P.D. only,06 - SMV unattended vehicle,The Glebe
3851,CRAIGHALL CIRC @ JOHNSTON RD,372889.4842,5025788.513,-75.63075337,45.36873181,2016-02-19,20:30,03 - Snow,05 - Packed snow,02 - Stop sign,02 - Intersection related,07 - Dark,03 - P.D. only,03 - Rear end,Greenboro East
3852,CRAIGHURST DR btwn ROGER STEVENS DR & END,365771.6698,4999237.101,-75.72486878,45.1304775,2016-12-12,9:24,03 - Snow,03 - Loose snow,10 - No control,04 - At/near private drive,01 - Daylight,03 - P.D. only,02 - Angle,Manotick - North Gower
3853,CREEK CROSSING ST @ ORLEANS BLVD,380943.6715,5033544.825,-75.52674819,45.43768887,2016-12-09,8:30,01 - Clear,06 - Ice,02 - Stop sign,03 - At intersection,01 - Daylight,03 - P.D. only,02 - Angle,Chapel Hill South
3854,CRERAR AVE @ FISHER AVE,365453.379,5027696.867,-75.72544081,45.38658579,2016-05-05,14:05,01 - Clear,01 - Dry,02 - Stop sign,03 - At intersection,01 - Daylight,02 - Non-fatal injury,05 - Turning movement,Civic Hospital - Experimental Farm - Central Park
3855,CRERAR AVE @ FISHER AVE,365454.3589,5027696.302,-75.72542836,45.38658062,2016-06-17,0:00,01 - Clear,01 - Dry,02 - Stop sign,02 - Intersection related,00 - Unknown,03 - P.D. only,06 - SMV unattended vehicle,Civic Hospital - Experimental Farm - Central Park
3856,CRERAR AVE @ FISHER AVE,365453.8745,5027698.325,-75.7254343,45.38659886,2016-06-16,15:40,01 - Clear,01 - Dry,02 - Stop sign,03 - At intersection,01 - Daylight,03 - P.D. only,05 - Turning movement,Civic Hospital - Experimental Farm - Central Park
3857,CRERAR AVE @ FISHER AVE,365451.8744,5027697.13,-75.72545999,45.38658828,2016-12-14,10:30,01 - Clear,01 - Dry,02 - Stop sign,02 - Intersection related,01 - Daylight,03 - P.D. only,02 - Angle,Carlington
3858,CRESTDALE ST @ RED WILLOW DR,380530.7535,5034943.816,-75.53180995,45.45032077,2016-12-05,15:29,03 - Snow,03 - Loose snow,10 - No control,02 - Intersection related,01 - Daylight,03 - P.D. only,01 - Approaching,Orleans Village - Chateauneuf
3859,CRESTHAVEN DR @ STRANDHERD DR,366813.9062,5015028.485,-75.70965514,45.2724785,2016-11-21,11:42,03 - Snow,03 - Loose snow,01 - Traffic signal,03 - At intersection,01 - Daylight,02 - Non-fatal injury,07 - SMV other,Chapman Mills - Rideau Crest - Davidson Heights
3860,CRESTHAVEN DR @ STRANDHERD DR,366813.6867,5015027.851,-75.70965802,45.27247282,2016-02-13,9:09,01 - Clear,05 - Packed snow,01 - Traffic signal,03 - At intersection,01 - Daylight,03 - P.D. only,02 - Angle,Chapman Mills - Rideau Crest - Davidson Heights
3861,CRESTHAVEN DR @ STRANDHERD DR,366813.2476,5015028.729,-75.70966351,45.27248076,2016-02-13,16:15,01 - Clear,05 - Packed snow,01 - Traffic signal,03 - At intersection,01 - Daylight,03 - P.D. only,03 - Rear end,Chapman Mills - Rideau Crest - Davidson Heights
3862,CRESTHAVEN DR @ STRANDHERD DR,366814.7344,5015026.828,-75.7096448,45.27246352,2016-11-21,14:20,06 - Strong wind,04 - Slush,01 - Traffic signal,02 - Intersection related,01 - Daylight,03 - P.D. only,07 - SMV other,Chapman Mills - Rideau Crest - Davidson Heights