Record,Location,X,Y,lon,lat,Date,Time,Environment,Road_Surface,Traffic_Control,Collision_Location,Light,Collision_Classification,Impact_type,Neighborhood
3863,CRESTHAVEN DR @ STRANDHERD DR,366814.5826,5015027.394,-75.70964666,45.27246863,2016-06-01,18:49,01 - Clear,01 - Dry,01 - Traffic signal,02 - Intersection related,01 - Daylight,03 - P.D. only,03 - Rear end,Chapman Mills - Rideau Crest - Davidson Heights
3864,CRESTHAVEN DR @ STRANDHERD DR,366813.2476,5015027.412,-75.70966367,45.27246891,2016-10-05,18:40,01 - Clear,01 - Dry,01 - Traffic signal,03 - At intersection,05 - Dusk,03 - P.D. only,05 - Turning movement,Chapman Mills - Rideau Crest - Davidson Heights
3865,CRESTHAVEN DR @ STRANDHERD DR,366813.078,5015026,-75.70966601,45.27245622,2016-11-04,10:34,01 - Clear,01 - Dry,01 - Traffic signal,02 - Intersection related,01 - Daylight,03 - P.D. only,03 - Rear end,Chapman Mills - Rideau Crest - Davidson Heights
3866,CRESTHAVEN DR @ STRANDHERD DR,366813.6867,5015027.412,-75.70965808,45.27246887,2016-09-27,8:48,01 - Clear,01 - Dry,01 - Traffic signal,02 - Intersection related,01 - Daylight,03 - P.D. only,04 - Sideswipe,Chapman Mills - Rideau Crest - Davidson Heights
3867,CRESTHAVEN DR @ WATERBRIDGE DR,366938.7674,5015977.623,-75.70794518,45.28100776,2016-07-16,11:10,01 - Clear,01 - Dry,11 - Roundabout,02 - Intersection related,01 - Daylight,03 - P.D. only,03 - Rear end,Chapman Mills - Rideau Crest - Davidson Heights
3868,CRESTHAVEN DR btwn LEIKIN DR & VERSILIA DR,366965.6213,5016465.4,-75.70754181,45.28539436,2016-04-05,18:13,01 - Clear,01 - Dry,10 - No control,04 - At/near private drive,01 - Daylight,03 - P.D. only,02 - Angle,Chapman Mills - Rideau Crest - Davidson Heights
3869,CRESTHAVEN DR btwn STRANDHERD DR & BARNSTONE DR,366850.2343,5015054.633,-75.70918893,45.27271058,2016-03-24,20:54,04 - Freezing Rain,06 - Ice,10 - No control,01 - Non intersection,07 - Dark,03 - P.D. only,06 - SMV unattended vehicle,Chapman Mills - Rideau Crest - Davidson Heights
3870,CRESTVIEW RD btwn EASTLANE RD & FAIRBANKS AVE,370794.7954,5028831.885,-75.65708487,45.39631536,2016-05-09,8:03,01 - Clear,01 - Dry,10 - No control,01 - Non intersection,01 - Daylight,03 - P.D. only,04 - Sideswipe,Alta Vista
3871,CRESTWAY DR @ GROVEHURST DR,366355.7747,5015682.628,-75.7154122,45.2784047,2016-12-29,13:30,03 - Snow,03 - Loose snow,02 - Stop sign,02 - Intersection related,01 - Daylight,03 - P.D. only,03 - Rear end,Chapman Mills - Rideau Crest - Davidson Heights
3872,CRESTWAY DR @ HATHAWAY DR,366393.5226,5015841.93,-75.71491135,45.27983478,2016-05-20,17:49,01 - Clear,01 - Dry,02 - Stop sign,02 - Intersection related,01 - Daylight,02 - Non-fatal injury,03 - Rear end,Chapman Mills - Rideau Crest - Davidson Heights
3873,CRESTWAY DR @ HATHAWAY DR,366392.8108,5015843.269,-75.71492025,45.27984689,2016-02-17,22:05,06 - Strong wind,06 - Ice,02 - Stop sign,03 - At intersection,07 - Dark,03 - P.D. only,03 - Rear end,Chapman Mills - Rideau Crest - Davidson Heights
3874,CRESTWAY DR @ LEIKIN DR,366938.7309,5016514.34,-75.70787843,45.2858371,2016-04-27,8:05,01 - Clear,01 - Dry,02 - Stop sign,03 - At intersection,01 - Daylight,03 - P.D. only,02 - Angle,Chapman Mills - Rideau Crest - Davidson Heights
3875,CRESTWAY DR @ PRINCE OF WALES DR,367370.526,5016577.139,-75.70236668,45.28636385,2016-02-25,21:01,04 - Freezing Rain,06 - Ice,01 - Traffic signal,03 - At intersection,07 - Dark,03 - P.D. only,03 - Rear end,Greenbelt
3876,CRESTWAY DR @ PRINCE OF WALES DR,367370.1354,5016576.909,-75.70237169,45.28636181,2016-06-02,8:33,02 - Rain,02 - Wet,01 - Traffic signal,02 - Intersection related,01 - Daylight,03 - P.D. only,03 - Rear end,Greenbelt
3877,CRESTWAY DR @ PRINCE OF WALES DR,367370.2987,5016576.454,-75.70236967,45.28635771,2016-07-21,14:03,01 - Clear,01 - Dry,01 - Traffic signal,02 - Intersection related,01 - Daylight,03 - P.D. only,03 - Rear end,Greenbelt
3878,CRESTWAY DR @ PRINCE OF WALES DR,367369.8496,5016577.585,-75.70237525,45.28636792,2016-06-08,10:45,01 - Clear,01 - Dry,01 - Traffic signal,02 - Intersection related,01 - Daylight,03 - P.D. only,03 - Rear end,Greenbelt
3879,CRESTWAY DR @ PRINCE OF WALES DR,367371.0615,5016577.98,-75.70235975,45.28637137,2016-10-06,7:52,01 - Clear,01 - Dry,01 - Traffic signal,02 - Intersection related,01 - Daylight,03 - P.D. only,03 - Rear end,Greenbelt
3880,CRESTWAY DR @ PRINCE OF WALES DR,367369.6978,5016577.323,-75.70237722,45.28636558,2016-12-21,16:10,01 - Clear,02 - Wet,01 - Traffic signal,02 - Intersection related,05 - Dusk,03 - P.D. only,03 - Rear end,Greenbelt
3881,CRESTWAY DR @ STRANDHERD DR,366347.1301,5015471.588,-75.71554854,45.27650653,2016-08-11,21:43,01 - Clear,01 - Dry,01 - Traffic signal,03 - At intersection,07 - Dark,02 - Non-fatal injury,02 - Angle,Chapman Mills - Rideau Crest - Davidson Heights
3882,CRESTWAY DR @ STRANDHERD DR,366347.1301,5015472.043,-75.71554849,45.27651063,2016-08-20,20:39,01 - Clear,01 - Dry,01 - Traffic signal,03 - At intersection,07 - Dark,03 - P.D. only,05 - Turning movement,Chapman Mills - Rideau Crest - Davidson Heights
3883,CRESTWAY DR @ STRANDHERD DR,366347.2934,5015470.352,-75.71554662,45.2764954,2016-06-23,17:14,01 - Clear,01 - Dry,01 - Traffic signal,02 - Intersection related,01 - Daylight,03 - P.D. only,03 - Rear end,Chapman Mills - Rideau Crest - Davidson Heights
3884,CRESTWAY DR @ STRANDHERD DR,366346.6773,5015472.261,-75.71555423,45.27651263,2016-06-19,18:03,01 - Clear,01 - Dry,01 - Traffic signal,03 - At intersection,01 - Daylight,03 - P.D. only,03 - Rear end,Chapman Mills - Rideau Crest - Davidson Heights
3885,CRESTWAY DR @ STRANDHERD DR,366347.5687,5015472.243,-75.71554287,45.27651239,2016-02-18,9:18,01 - Clear,06 - Ice,01 - Traffic signal,02 - Intersection related,01 - Daylight,03 - P.D. only,03 - Rear end,Chapman Mills - Rideau Crest - Davidson Heights
3886,CRESTWAY DR @ STRANDHERD DR,366346.6833,5015470.914,-75.71555432,45.27650051,2016-12-18,18:55,01 - Clear,02 - Wet,01 - Traffic signal,03 - At intersection,07 - Dark,03 - P.D. only,05 - Turning movement,Chapman Mills - Rideau Crest - Davidson Heights
3887,CRESTWAY DR @ STRANDHERD DR,366346.9028,5015469.063,-75.71555175,45.27648383,2016-10-24,2:37,01 - Clear,01 - Dry,01 - Traffic signal,02 - Intersection related,07 - Dark,03 - P.D. only,07 - SMV other,Chapman Mills - Rideau Crest - Davidson Heights
3888,CRESTWAY DR btwn GRAND GALA DR & PRINCE OF WALES DR,367138.1524,5016584.407,-75.70532773,45.28644989,2016-01-16,16:09,03 - Snow,04 - Slush,10 - No control,01 - Non intersection,01 - Daylight,03 - P.D. only,07 - SMV other,Chapman Mills - Rideau Crest - Davidson Heights
3889,CRESTWAY DR btwn GRAND GALA DR & PRINCE OF WALES DR,367356.4163,5016579.373,-75.70254625,45.28638521,2016-04-06,17:51,03 - Snow,03 - Loose snow,10 - No control,04 - At/near private drive,01 - Daylight,03 - P.D. only,05 - Turning movement,Greenbelt
3890,CRESTWAY DR btwn WATERBRIDGE DR & OLDFIELD ST,366632.255,5016342.346,-75.71180634,45.28431653,2016-05-22,7:42,01 - Clear,01 - Dry,10 - No control,01 - Non intersection,01 - Daylight,03 - P.D. only,05 - Turning movement,Chapman Mills - Rideau Crest - Davidson Heights
3891,CRICHTON ST btwn THE MEWS LANE & ELECTRIC ST,368930.3161,5033561.464,-75.68028082,45.43904368,2016-04-11,15:08,02 - Rain,02 - Wet,10 - No control,01 - Non intersection,01 - Daylight,03 - P.D. only,04 - Sideswipe,New Edinburgh
3892,CRICHTON ST btwn VAUGHAN ST & ST. PATRICK ST,369115.942,5033498.694,-75.67791658,45.43846185,2016-01-23,11:30,01 - Clear,01 - Dry,10 - No control,01 - Non intersection,01 - Daylight,02 - Non-fatal injury,03 - Rear end,New Edinburgh
3893,CRICHTON ST btwn VAUGHAN ST & ST. PATRICK ST,369111.08,5033503.568,-75.67797808,45.43850615,2016-04-03,12:20,01 - Clear,01 - Dry,10 - No control,01 - Non intersection,01 - Daylight,03 - P.D. only,05 - Turning movement,New Edinburgh
3894,CRICHTON ST btwn VAUGHAN ST & ST. PATRICK ST,369110.7405,5033501.656,-75.67798267,45.43848897,2016-04-12,8:40,01 - Clear,01 - Dry,10 - No control,01 - Non intersection,01 - Daylight,03 - P.D. only,04 - Sideswipe,New Edinburgh
3895,CROSSKEYS PL/HELENE CAMPBELL RD @ STRANDHERD DR,360982.3112,5014901.733,-75.78398493,45.27182808,2016-12-17,13:57,03 - Snow,03 - Loose snow,01 - Traffic signal,02 - Intersection related,01 - Daylight,03 - P.D. only,04 - Sideswipe,Munster Hamlet - Richmond
3896,CROYDON AVE @ RICHMOND RD,360545.4648,5025271.854,-75.78838479,45.36517348,2016-02-17,19:39,01 - Clear,06 - Ice,01 - Traffic signal,03 - At intersection,07 - Dark,02 - Non-fatal injury,03 - Rear end,Woodroffe - Lincoln Heights
3897,CROYDON AVE @ RICHMOND RD,360544.9918,5025274.8,-75.7883905,45.36520003,2016-05-28,14:02,01 - Clear,01 - Dry,01 - Traffic signal,03 - At intersection,01 - Daylight,02 - Non-fatal injury,05 - Turning movement,Woodroffe - Lincoln Heights
3898,CROYDON AVE @ RICHMOND RD,360545.1513,5025273.858,-75.78838857,45.36519154,2016-09-01,16:02,01 - Clear,01 - Dry,01 - Traffic signal,03 - At intersection,01 - Daylight,03 - P.D. only,03 - Rear end,Woodroffe - Lincoln Heights
3899,CROYDON AVE @ RICHMOND RD,360546.0841,5025273.669,-75.78837668,45.36518976,2016-03-17,18:31,01 - Clear,01 - Dry,01 - Traffic signal,03 - At intersection,05 - Dusk,03 - P.D. only,02 - Angle,Woodroffe - Lincoln Heights
3900,CROYDON AVE @ RICHMOND RD,360544.8586,5025274.59,-75.78839222,45.36519815,2016-11-24,19:13,01 - Clear,01 - Dry,01 - Traffic signal,02 - Intersection related,07 - Dark,03 - P.D. only,03 - Rear end,Woodroffe - Lincoln Heights
3901,CROYDON AVE @ RICHMOND RD,360544.0305,5025274.59,-75.78840279,45.36519821,2016-11-24,9:00,03 - Snow,04 - Slush,01 - Traffic signal,02 - Intersection related,01 - Daylight,03 - P.D. only,03 - Rear end,Woodroffe - Lincoln Heights
3902,CROYDON AVE btwn RICHMOND RD & BOND ST,360584.5128,5025197.932,-75.78789471,45.36450523,2016-01-22,7:19,01 - Clear,01 - Dry,10 - No control,04 - At/near private drive,03 - Dawn,03 - P.D. only,02 - Angle,Woodroffe - Lincoln Heights
3903,CUBA AVE @ RUSSELL RD,373002.7504,5029505.54,-75.62879395,45.40216502,2016-01-01,20:39,03 - Snow,03 - Loose snow,02 - Stop sign,02 - Intersection related,07 - Dark,03 - P.D. only,04 - Sideswipe,Elmvale - Eastway - Riverview - Riverview Park West
3904,CULLODEN CRES btwn CULLODEN CRES & CULLODEN CRES,366553.7646,5012519.063,-75.71328216,45.24992171,2016-02-19,9:04,03 - Snow,04 - Slush,10 - No control,01 - Non intersection,01 - Daylight,03 - P.D. only,06 - SMV unattended vehicle,New Barrhaven
3905,CUMBERLAND ST @ GEORGE ST,368328.1921,5032416.175,-75.68812422,45.42879375,2016-11-09,14:26,01 - Clear,01 - Dry,01 - Traffic signal,02 - Intersection related,01 - Daylight,02 - Non-fatal injury,03 - Rear end,Byward Market
3906,CUMBERLAND ST @ GEORGE ST,368326.5565,5032416.792,-75.68814504,45.42879945,2016-08-21,19:40,01 - Clear,01 - Dry,01 - Traffic signal,02 - Intersection related,01 - Daylight,03 - P.D. only,07 - SMV other,Byward Market
3907,CUMBERLAND ST @ GEORGE ST,368324.8794,5032417.004,-75.68816644,45.42880151,2016-12-31,23:54,03 - Snow,03 - Loose snow,01 - Traffic signal,03 - At intersection,07 - Dark,03 - P.D. only,05 - Turning movement,Byward Market
3908,CUMBERLAND ST @ GUIGUES AVE,368083.532,5032825.175,-75.69119804,45.43249597,2016-10-06,9:25,01 - Clear,01 - Dry,02 - Stop sign,03 - At intersection,01 - Daylight,02 - Non-fatal injury,07 - SMV other,Lower Town
3909,CUMBERLAND ST @ LAURIER AVE,368598.6226,5031947.436,-75.68472924,45.42455159,2016-02-16,14:54,03 - Snow,03 - Loose snow,01 - Traffic signal,03 - At intersection,01 - Daylight,03 - P.D. only,04 - Sideswipe,Sandy Hill
3910,CUMBERLAND ST @ LAURIER AVE,368598.3627,5031948.365,-75.68473245,45.42455998,2016-10-07,16:58,01 - Clear,01 - Dry,01 - Traffic signal,03 - At intersection,01 - Daylight,03 - P.D. only,02 - Angle,Sandy Hill
3911,CUMBERLAND ST @ MURRAY ST,368171.3733,5032679.359,-75.69009425,45.43117602,2016-06-22,9:55,01 - Clear,01 - Dry,01 - Traffic signal,03 - At intersection,01 - Daylight,03 - P.D. only,02 - Angle,Byward Market
3912,CUMBERLAND ST @ MURRAY ST,368171.5251,5032679.999,-75.69009223,45.43118176,2016-05-09,2:05,01 - Clear,01 - Dry,01 - Traffic signal,03 - At intersection,07 - Dark,03 - P.D. only,03 - Rear end,Byward Market
3913,CUMBERLAND ST @ MURRAY ST,368170.0728,5032680.048,-75.69011078,45.43118233,2016-10-21,1:07,02 - Rain,02 - Wet,01 - Traffic signal,03 - At intersection,07 - Dark,03 - P.D. only,02 - Angle,Byward Market
3914,CUMBERLAND ST @ RIDEAU ST,368374.0518,5032329.285,-75.68754942,45.42800778,2016-05-02,9:19,01 - Clear,01 - Dry,01 - Traffic signal,03 - At intersection,01 - Daylight,02 - Non-fatal injury,02 - Angle,Byward Market - Parliament Hill
3915,CUMBERLAND ST @ RIDEAU ST,368374.7357,5032329.974,-75.68754059,45.42801392,2016-05-17,17:14,01 - Clear,01 - Dry,01 - Traffic signal,03 - At intersection,01 - Daylight,02 - Non-fatal injury,07 - SMV other,Byward Market - Parliament Hill
3916,CUMBERLAND ST @ RIDEAU ST,368373.3746,5032330.883,-75.68755786,45.42802222,2016-05-26,21:00,01 - Clear,01 - Dry,01 - Traffic signal,02 - Intersection related,05 - Dusk,02 - Non-fatal injury,03 - Rear end,Byward Market - Parliament Hill
3917,CUMBERLAND ST @ RIDEAU ST,368373.8524,5032329.754,-75.6875519,45.42801202,2016-11-15,12:05,01 - Clear,01 - Dry,01 - Traffic signal,03 - At intersection,01 - Daylight,02 - Non-fatal injury,02 - Angle,Byward Market - Parliament Hill
3918,CUMBERLAND ST @ RIDEAU ST,368374.7365,5032330.65,-75.68754049,45.42802,2016-06-13,22:03,01 - Clear,01 - Dry,01 - Traffic signal,03 - At intersection,07 - Dark,03 - P.D. only,02 - Angle,Byward Market - Parliament Hill
3919,CUMBERLAND ST @ RIDEAU ST,368374.7305,5032329.315,-75.68754074,45.42800799,2016-08-17,7:56,01 - Clear,01 - Dry,01 - Traffic signal,03 - At intersection,01 - Daylight,03 - P.D. only,04 - Sideswipe,Byward Market - Parliament Hill
3920,CUMBERLAND ST @ RIDEAU ST,368374.2915,5032330.194,-75.68754623,45.42801594,2016-08-25,6:47,02 - Rain,02 - Wet,01 - Traffic signal,03 - At intersection,01 - Daylight,03 - P.D. only,05 - Turning movement,Byward Market - Parliament Hill
3921,CUMBERLAND ST @ RIDEAU ST,368374.7383,5032330.429,-75.6875405,45.42801801,2016-08-05,16:05,01 - Clear,01 - Dry,01 - Traffic signal,02 - Intersection related,01 - Daylight,03 - P.D. only,04 - Sideswipe,Byward Market - Parliament Hill
3922,CUMBERLAND ST @ RIDEAU ST,368373.8524,5032330.194,-75.68755185,45.42801598,2016-10-02,2:16,01 - Clear,01 - Dry,01 - Traffic signal,02 - Intersection related,07 - Dark,03 - P.D. only,99 - Other,Byward Market - Parliament Hill
3923,CUMBERLAND ST @ RIDEAU ST,368374.2199,5032329.652,-75.68754722,45.42801107,2016-12-17,20:58,03 - Snow,03 - Loose snow,01 - Traffic signal,02 - Intersection related,07 - Dark,03 - P.D. only,04 - Sideswipe,Byward Market - Parliament Hill
3924,CUMBERLAND ST @ RIDEAU ST,368372.8547,5032332.044,-75.68756436,45.42803272,2016-09-06,9:30,01 - Clear,01 - Dry,01 - Traffic signal,02 - Intersection related,01 - Daylight,03 - P.D. only,99 - Other,Byward Market - Parliament Hill
3925,CUMBERLAND ST @ ST. PATRICK ST,368128.9267,5032749.691,-75.69062763,45.43181268,2016-03-17,8:48,01 - Clear,01 - Dry,01 - Traffic signal,03 - At intersection,01 - Daylight,03 - P.D. only,02 - Angle,Byward Market
3926,CUMBERLAND ST @ ST. PATRICK ST,368127.9542,5032748.957,-75.69064016,45.43180617,2016-01-01,16:00,03 - Snow,02 - Wet,01 - Traffic signal,03 - At intersection,01 - Daylight,03 - P.D. only,02 - Angle,Byward Market
3927,CUMBERLAND ST @ ST. PATRICK ST,368128.9242,5032748.362,-75.69062784,45.43180073,2016-01-23,11:04,01 - Clear,01 - Dry,01 - Traffic signal,03 - At intersection,01 - Daylight,03 - P.D. only,05 - Turning movement,Byward Market
3928,CUMBERLAND ST @ ST. PATRICK ST,368129.3706,5032749.247,-75.69062202,45.43180865,2016-03-02,14:47,01 - Clear,01 - Dry,01 - Traffic signal,03 - At intersection,01 - Daylight,03 - P.D. only,02 - Angle,Byward Market
3929,CUMBERLAND ST @ STEWART ST,368496.0806,5032120.95,-75.68601704,45.42612216,2016-01-26,14:26,04 - Freezing Rain,02 - Wet,02 - Stop sign,03 - At intersection,01 - Daylight,03 - P.D. only,02 - Angle,Sandy Hill
3930,CUMBERLAND ST @ WILBROD ST/SERAPHIN MARION PRI,368533.7932,5032050.814,-75.68554423,45.42548766,2016-02-22,11:45,01 - Clear,01 - Dry,02 - Stop sign,03 - At intersection,01 - Daylight,03 - P.D. only,05 - Turning movement,Sandy Hill
3931,CUMBERLAND ST @ WILBROD ST/SERAPHIN MARION PRI,368534.9271,5032051.377,-75.68552967,45.42549263,2016-07-20,19:49,01 - Clear,01 - Dry,02 - Stop sign,03 - At intersection,01 - Daylight,03 - P.D. only,04 - Sideswipe,Sandy Hill
3932,CUMBERLAND ST @ YORK ST,368262.2395,5032521.37,-75.68895343,45.42974625,2016-01-07,18:20,01 - Clear,02 - Wet,01 - Traffic signal,03 - At intersection,07 - Dark,03 - P.D. only,02 - Angle,Byward Market
3933,CUMBERLAND ST @ YORK ST,368262.9182,5032522.258,-75.68894465,45.42975418,2016-07-31,1:20,01 - Clear,01 - Dry,01 - Traffic signal,03 - At intersection,07 - Dark,03 - P.D. only,02 - Angle,Byward Market
3934,CUMBERLAND ST btwn BRUYERE ST & ST. ANDREW ST,368025.0943,5032921.133,-75.69193251,45.43336465,2016-04-04,13:00,03 - Snow,03 - Loose snow,10 - No control,01 - Non intersection,01 - Daylight,03 - P.D. only,06 - SMV unattended vehicle,Lower Town
3935,CUMBERLAND ST btwn CLARENCE ST & YORK ST,368224.1859,5032587.848,-75.68943115,45.43034785,2016-01-11,16:33,01 - Clear,01 - Dry,10 - No control,01 - Non intersection,01 - Daylight,01 - Fatal injury,04 - Sideswipe,Byward Market
3936,CUMBERLAND ST btwn CLARENCE ST & YORK ST,368223.1303,5032590.94,-75.68944424,45.43037576,2016-03-06,17:24,01 - Clear,01 - Dry,10 - No control,04 - At/near private drive,01 - Daylight,03 - P.D. only,02 - Angle,Byward Market
3937,CUMBERLAND ST btwn CLARENCE ST & YORK ST,368247.7531,5032547.044,-75.68913524,45.42997857,2016-07-15,8:00,01 - Clear,01 - Dry,10 - No control,01 - Non intersection,01 - Daylight,03 - P.D. only,06 - SMV unattended vehicle,Byward Market
3938,CUMBERLAND ST btwn CLARENCE ST & YORK ST,368215.606,5032602.782,-75.68953887,45.430483,2016-07-24,11:00,01 - Clear,02 - Wet,10 - No control,01 - Non intersection,01 - Daylight,03 - P.D. only,06 - SMV unattended vehicle,Byward Market
3939,CUMBERLAND ST btwn DALY AVE & STEWART ST,368458.4435,5032183.333,-75.6864899,45.42668688,2016-05-27,14:00,01 - Clear,01 - Dry,10 - No control,01 - Non intersection,01 - Daylight,03 - P.D. only,06 - SMV unattended vehicle,Sandy Hill
3940,CUMBERLAND ST btwn GUIGUES AVE & ST. PATRICK ST,368119.045,5032764.827,-75.69075197,45.43194977,2016-11-18,18:40,01 - Clear,01 - Dry,10 - No control,01 - Non intersection,07 - Dark,03 - P.D. only,04 - Sideswipe,Lower Town
3941,CUMBERLAND ST btwn MURRAY ST & CLARENCE ST,368180.6348,5032661.78,-75.68997816,45.43101701,2016-05-09,0:04,01 - Clear,01 - Dry,10 - No control,01 - Non intersection,07 - Dark,03 - P.D. only,07 - SMV other,Byward Market
3942,CUMBERLAND ST btwn RIDEAU ST & BESSERER ST,368410.7141,5032269.592,-75.68708864,45.42746735,2016-07-29,12:10,01 - Clear,01 - Dry,10 - No control,01 - Non intersection,01 - Daylight,03 - P.D. only,06 - SMV unattended vehicle,Byward Market - Parliament Hill
3943,CUMBERLAND ST btwn SERAPHIN MARION PRIV & LAURIER AVE E,368575.3439,5031985.023,-75.68502182,45.42489191,2016-12-07,15:00,01 - Clear,03 - Loose snow,10 - No control,04 - At/near private drive,01 - Daylight,03 - P.D. only,04 - Sideswipe,Sandy Hill
3944,CUMBERLAND ST btwn ST. PATRICK ST & MURRAY ST,368161.5872,5032693.25,-75.69021752,45.43130189,2016-11-26,0:00,01 - Clear,02 - Wet,10 - No control,01 - Non intersection,00 - Unknown,03 - P.D. only,06 - SMV unattended vehicle,Byward Market
3945,CUMBERLAND ST btwn YORK ST & YORK ST,368259.4056,5032527.527,-75.68898885,45.4298019,2016-01-06,9:40,01 - Clear,01 - Dry,10 - No control,01 - Non intersection,01 - Daylight,03 - P.D. only,06 - SMV unattended vehicle,Byward Market
3946,CUMMINGS AVE @ DONALD ST,372650.9466,5032412.028,-75.63288713,45.42835045,2016-03-24,11:12,03 - Snow,03 - Loose snow,01 - Traffic signal,02 - Intersection related,01 - Daylight,03 - P.D. only,03 - Rear end,Cummings
3947,CUMMINGS AVE @ DONALD ST,372651.8493,5032412.255,-75.63287557,45.4283524,2016-05-24,8:39,01 - Clear,01 - Dry,01 - Traffic signal,02 - Intersection related,01 - Daylight,03 - P.D. only,05 - Turning movement,Cummings
3948,CUMMINGS AVE @ DONALD ST,372650.4946,5032411.124,-75.63289303,45.42834236,2016-07-28,16:20,01 - Clear,01 - Dry,01 - Traffic signal,02 - Intersection related,01 - Daylight,03 - P.D. only,03 - Rear end,Cummings
3949,CUMMINGS AVE @ GARDENVALE RD,372404.3994,5033033.252,-75.63595228,45.43396379,2016-05-03,8:16,01 - Clear,01 - Dry,02 - Stop sign,03 - At intersection,01 - Daylight,03 - P.D. only,02 - Angle,Cummings
3950,CUMMINGS AVE @ MONTREAL RD,372007.041,5034039.253,-75.64089296,45.44305361,2016-11-14,18:04,01 - Clear,01 - Dry,01 - Traffic signal,03 - At intersection,07 - Dark,02 - Non-fatal injury,07 - SMV other,Cummings
3951,CUMMINGS AVE @ MONTREAL RD,372008.2361,5034041.839,-75.64087733,45.44307676,2016-02-14,19:10,03 - Snow,02 - Wet,01 - Traffic signal,02 - Intersection related,07 - Dark,03 - P.D. only,04 - Sideswipe,Cummings
3952,CUMMINGS AVE @ OGILVIE RD,372747.9697,5032170.21,-75.63168072,45.42616527,2016-03-05,16:30,01 - Clear,01 - Dry,01 - Traffic signal,03 - At intersection,01 - Daylight,02 - Non-fatal injury,07 - SMV other,Cummings
3953,CUMMINGS AVE @ OGILVIE RD,372747.9697,5032171.711,-75.63168051,45.42617877,2016-01-07,11:45,01 - Clear,01 - Dry,01 - Traffic signal,02 - Intersection related,01 - Daylight,02 - Non-fatal injury,99 - Other,Cummings
3954,CUMMINGS AVE @ OGILVIE RD,372748.4982,5032170.808,-75.63167388,45.42617059,2016-02-17,22:17,01 - Clear,06 - Ice,01 - Traffic signal,02 - Intersection related,07 - Dark,02 - Non-fatal injury,03 - Rear end,Cummings
3955,CUMMINGS AVE @ OGILVIE RD,372747.8017,5032171.734,-75.63168265,45.42617899,2016-07-15,16:14,02 - Rain,02 - Wet,01 - Traffic signal,02 - Intersection related,01 - Daylight,02 - Non-fatal injury,03 - Rear end,Cummings
3956,CUMMINGS AVE @ OGILVIE RD,372748.5007,5032170.805,-75.63167385,45.42617057,2016-02-17,21:02,05 - Drifting Snow,06 - Ice,01 - Traffic signal,02 - Intersection related,07 - Dark,03 - P.D. only,03 - Rear end,Cummings
3957,CUMMINGS AVE @ OGILVIE RD,372748.0543,5032170.808,-75.63167955,45.42617064,2016-02-18,7:55,03 - Snow,06 - Ice,01 - Traffic signal,02 - Intersection related,01 - Daylight,03 - P.D. only,03 - Rear end,Cummings
3958,CUMMINGS AVE @ OGILVIE RD,372748.5007,5032169.927,-75.63167397,45.42616267,2016-09-19,17:50,01 - Clear,01 - Dry,01 - Traffic signal,03 - At intersection,01 - Daylight,03 - P.D. only,05 - Turning movement,Cummings
3959,CUMMINGS AVE @ OGILVIE RD,372750.0979,5032170.356,-75.6316535,45.42616637,2016-02-17,20:50,01 - Clear,06 - Ice,01 - Traffic signal,03 - At intersection,07 - Dark,03 - P.D. only,05 - Turning movement,Cummings
3960,CUMMINGS AVE @ OGILVIE RD,372748.5007,5032170.366,-75.63167391,45.42616662,2016-09-21,12:18,01 - Clear,01 - Dry,01 - Traffic signal,03 - At intersection,01 - Daylight,03 - P.D. only,05 - Turning movement,Cummings
3961,CUMMINGS AVE @ OGILVIE RD,372747.6225,5032170.366,-75.63168513,45.4261667,2016-09-06,11:08,01 - Clear,01 - Dry,01 - Traffic signal,03 - At intersection,01 - Daylight,03 - P.D. only,05 - Turning movement,Cummings
3962,CUMMINGS AVE @ SHANE ST,372439.7189,5032949.895,-75.63551236,45.43321037,2016-12-23,9:21,01 - Clear,02 - Wet,02 - Stop sign,02 - Intersection related,01 - Daylight,03 - P.D. only,02 - Angle,Cummings
3963,CUMMINGS AVE @ STEELE PARK PRIV,372626.3671,5032473.942,-75.63319269,45.4289099,2016-08-10,22:16,01 - Clear,01 - Dry,10 - No control,03 - At intersection,07 - Dark,02 - Non-fatal injury,05 - Turning movement,Cummings
3964,CUMMINGS AVE btwn BURN ST & GARDENVALE RD,372400.4134,5033041.275,-75.63600211,45.43403637,2016-10-22,1:11,02 - Rain,02 - Wet,10 - No control,01 - Non intersection,07 - Dark,03 - P.D. only,06 - SMV unattended vehicle,Cummings
3965,CUMMINGS AVE btwn DONALD ST & EADY CRT,372655.3322,5032401.7,-75.63283252,45.42825709,2016-02-09,16:07,01 - Clear,02 - Wet,10 - No control,04 - At/near private drive,01 - Daylight,03 - P.D. only,05 - Turning movement,Cummings
3966,CUMMINGS AVE btwn EADY CRT & STRATHAVEN PRIV,372678.2925,5032342.082,-75.63254734,45.42771845,2016-05-24,10:00,01 - Clear,01 - Dry,10 - No control,04 - At/near private drive,01 - Daylight,03 - P.D. only,03 - Rear end,Cummings
3967,CUMMINGS AVE btwn OGILVIE RD & LABELLE ST,372753.9475,5032161.04,-75.6316056,45.42608218,2016-08-05,16:03,01 - Clear,01 - Dry,10 - No control,04 - At/near private drive,01 - Daylight,02 - Non-fatal injury,02 - Angle,Cummings