Record,Location,X,Y,lon,lat,Date,Time,Environment,Road_Surface,Traffic_Control,Collision_Location,Light,Collision_Classification,Impact_type,Neighborhood
3968,CUMMINGS AVE btwn OGILVIE RD & LABELLE ST,372750.4765,5032165.756,-75.6316493,45.42612495,2016-08-26,15:16,01 - Clear,01 - Dry,10 - No control,04 - At/near private drive,01 - Daylight,03 - P.D. only,05 - Turning movement,Cummings
3969,CUMMINGS AVE btwn OGILVIE RD & LABELLE ST,372752.0872,5032164.525,-75.63162889,45.42611371,2016-02-29,15:49,01 - Clear,01 - Dry,10 - No control,04 - At/near private drive,01 - Daylight,03 - P.D. only,02 - Angle,Cummings
3970,CUMMINGS AVE btwn WELDON DR & OGILVIE RD,372745.7112,5032176.701,-75.63170868,45.42622389,2016-09-15,12:37,01 - Clear,01 - Dry,10 - No control,04 - At/near private drive,01 - Daylight,02 - Non-fatal injury,02 - Angle,Cummings
3971,CUMMINGS AVE btwn WELDON DR & OGILVIE RD,372707.1472,5032271.26,-75.6321884,45.42707843,2016-05-11,15:30,01 - Clear,01 - Dry,10 - No control,04 - At/near private drive,01 - Daylight,03 - P.D. only,05 - Turning movement,Cummings
3972,CUMMINGS AVE btwn WELDON DR & OGILVIE RD,372744.4361,5032179.379,-75.6317246,45.42624811,2016-05-22,10:36,01 - Clear,01 - Dry,10 - No control,04 - At/near private drive,01 - Daylight,03 - P.D. only,02 - Angle,Cummings
3973,CUMMINGS AVE/LABELLE ST @ CYRVILLE RD,372860.1495,5031871.736,-75.63028856,45.42346883,2016-04-21,15:17,01 - Clear,01 - Dry,01 - Traffic signal,03 - At intersection,01 - Daylight,03 - P.D. only,02 - Angle,Industrial Park
3974,CUMORAH DR/RED WILLOW DR @ MAPLE RUN AVE,380652.1994,5035116.38,-75.53023092,45.4518602,2016-01-18,9:00,03 - Snow,03 - Loose snow,02 - Stop sign,02 - Intersection related,01 - Daylight,03 - P.D. only,07 - SMV other,Orleans Village - Chateauneuf
3975,CURLEW PL btwn SWANS WAY & END,373709.4995,5035381.784,-75.61894495,45.45496722,2016-11-22,7:49,01 - Clear,01 - Dry,10 - No control,01 - Non intersection,01 - Daylight,03 - P.D. only,07 - SMV other,Gloucester
3976,CURRAN ST btwn KATIMAVIK RD & MCCURDY DR,351540.1899,5018407.803,-75.90398247,45.30406766,2016-11-23,16:45,01 - Clear,02 - Wet,10 - No control,01 - Non intersection,05 - Dusk,03 - P.D. only,06 - SMV unattended vehicle,Katimavik - Hazeldean
3977,CURRIER ST @ MANOTICK MAIN ST,368987.4874,5009680.162,-75.68264694,45.22415971,2016-02-13,17:54,01 - Clear,01 - Dry,02 - Stop sign,03 - At intersection,05 - Dusk,03 - P.D. only,02 - Angle,Manotick
3978,CURTIS PRIV btwn SAMPSON PRIV & TYLEE PRIV,369961.1923,5022220.893,-75.66860277,45.33690974,2016-02-02,13:00,01 - Clear,01 - Dry,10 - No control,01 - Non intersection,01 - Daylight,03 - P.D. only,06 - SMV unattended vehicle,Hunt Club - Ottawa Airport
3979,CYCLONE TAYLOR BLVD @ PALLADIUM DR,350164.1526,5017577.13,-75.92160439,45.29668324,2016-03-19,19:02,01 - Clear,01 - Dry,01 - Traffic signal,02 - Intersection related,07 - Dark,03 - P.D. only,03 - Rear end,Kanata Lakes - Marchwood Lakeside - Morgan's Grant - Kanata
3980,CYCLONE TAYLOR BLVD @ PALLADIUM DR,350164.7217,5017572.68,-75.92159754,45.29664316,2016-04-01,23:04,01 - Clear,01 - Dry,01 - Traffic signal,03 - At intersection,07 - Dark,03 - P.D. only,04 - Sideswipe,Kanata Lakes - Marchwood Lakeside - Morgan's Grant - Kanata
3981,CYMBELINE DR btwn OBERON ST & SEYTON DR,356856.0776,5020040.284,-75.83602862,45.3183831,2016-03-18,8:20,01 - Clear,01 - Dry,10 - No control,04 - At/near private drive,01 - Daylight,03 - P.D. only,02 - Angle,Bells Corners West
3982,CYR AVE @ GLADU ST,370349.3886,5032781.948,-75.66224783,45.43189832,2016-07-07,18:23,01 - Clear,01 - Dry,02 - Stop sign,03 - At intersection,01 - Daylight,02 - Non-fatal injury,02 - Angle,Vanier South
3983,CYR AVE @ MCARTHUR AVE,370354.9311,5032708.368,-75.6621868,45.43123576,2016-09-16,17:55,01 - Clear,01 - Dry,02 - Stop sign,02 - Intersection related,01 - Daylight,03 - P.D. only,02 - Angle,Vanier South
3984,CYR AVE @ MCARTHUR AVE,370353.9476,5032709.032,-75.66219928,45.43124182,2016-12-17,14:21,03 - Snow,04 - Slush,02 - Stop sign,02 - Intersection related,01 - Daylight,03 - P.D. only,04 - Sideswipe,Vanier South
3985,CYR AVE @ MONTREAL RD,370220.4899,5033148.371,-75.66384635,45.43520731,2016-11-14,17:39,01 - Clear,01 - Dry,02 - Stop sign,03 - At intersection,07 - Dark,03 - P.D. only,02 - Angle,Vanier South
3986,CYRVILLE RD @ INNES RD,375047.7247,5031118.761,-75.60244523,45.41647772,2016-08-13,11:08,02 - Rain,02 - Wet,01 - Traffic signal,02 - Intersection related,01 - Daylight,02 - Non-fatal injury,03 - Rear end,Industrial Park
3987,CYRVILLE RD @ INNES RD,375047.9492,5031118.891,-75.60244234,45.41647887,2016-01-23,11:35,01 - Clear,01 - Dry,01 - Traffic signal,02 - Intersection related,01 - Daylight,02 - Non-fatal injury,03 - Rear end,Industrial Park
3988,CYRVILLE RD @ INNES RD,375047.0588,5031119.786,-75.60245359,45.41648701,2016-03-01,15:25,01 - Clear,01 - Dry,01 - Traffic signal,03 - At intersection,01 - Daylight,02 - Non-fatal injury,02 - Angle,Industrial Park
3989,CYRVILLE RD @ INNES RD,375046.9419,5031120.536,-75.60245497,45.41649377,2016-03-04,15:10,01 - Clear,02 - Wet,01 - Traffic signal,02 - Intersection related,01 - Daylight,02 - Non-fatal injury,03 - Rear end,Industrial Park
3990,CYRVILLE RD @ INNES RD,375048.4011,5031119.339,-75.6024365,45.41648285,2016-05-16,14:01,01 - Clear,01 - Dry,01 - Traffic signal,03 - At intersection,01 - Daylight,02 - Non-fatal injury,03 - Rear end,Industrial Park
3991,CYRVILLE RD @ INNES RD,375047.0661,5031119.345,-75.60245356,45.41648304,2016-09-22,13:30,01 - Clear,01 - Dry,01 - Traffic signal,03 - At intersection,01 - Daylight,02 - Non-fatal injury,02 - Angle,Industrial Park
3992,CYRVILLE RD @ INNES RD,375046.8965,5031119.15,-75.60245575,45.4164813,2016-11-06,15:11,01 - Clear,01 - Dry,01 - Traffic signal,02 - Intersection related,01 - Daylight,02 - Non-fatal injury,03 - Rear end,Industrial Park
3993,CYRVILLE RD @ INNES RD,375047.7247,5031119.564,-75.60244511,45.41648495,2016-07-05,6:45,01 - Clear,01 - Dry,01 - Traffic signal,02 - Intersection related,01 - Daylight,02 - Non-fatal injury,03 - Rear end,Industrial Park
3994,CYRVILLE RD @ INNES RD,375046.8965,5031118.322,-75.60245587,45.41647385,2016-11-02,13:44,01 - Clear,01 - Dry,01 - Traffic signal,02 - Intersection related,01 - Daylight,02 - Non-fatal injury,03 - Rear end,Industrial Park
3995,CYRVILLE RD @ INNES RD,375047.0429,5031119.564,-75.60245382,45.41648501,2016-06-06,21:39,01 - Clear,01 - Dry,01 - Traffic signal,03 - At intersection,07 - Dark,03 - P.D. only,02 - Angle,Industrial Park
3996,CYRVILLE RD @ INNES RD,375047.9494,5031119.564,-75.60244224,45.41648492,2016-05-04,17:40,01 - Clear,01 - Dry,01 - Traffic signal,02 - Intersection related,01 - Daylight,03 - P.D. only,03 - Rear end,Industrial Park
3997,CYRVILLE RD @ INNES RD,375047.493,5031119.796,-75.60244804,45.41648706,2016-01-12,6:42,04 - Freezing Rain,06 - Ice,01 - Traffic signal,02 - Intersection related,07 - Dark,03 - P.D. only,03 - Rear end,Industrial Park
3998,CYRVILLE RD @ INNES RD,375048.4752,5031120.69,-75.60243536,45.416495,2016-01-15,14:36,01 - Clear,01 - Dry,01 - Traffic signal,02 - Intersection related,01 - Daylight,03 - P.D. only,04 - Sideswipe,Industrial Park
3999,CYRVILLE RD @ INNES RD,375047.6581,5031119.364,-75.60244599,45.41648315,2016-03-25,14:36,01 - Clear,02 - Wet,01 - Traffic signal,02 - Intersection related,01 - Daylight,03 - P.D. only,03 - Rear end,Industrial Park
4000,CYRVILLE RD @ INNES RD,375046.9258,5031120.363,-75.6024552,45.41649222,2016-03-09,6:45,01 - Clear,01 - Dry,01 - Traffic signal,02 - Intersection related,01 - Daylight,03 - P.D. only,04 - Sideswipe,Industrial Park
4001,CYRVILLE RD @ INNES RD,375047.1892,5031120.367,-75.60245184,45.41649222,2016-08-18,12:57,01 - Clear,01 - Dry,01 - Traffic signal,02 - Intersection related,01 - Daylight,03 - P.D. only,03 - Rear end,Industrial Park
4002,CYRVILLE RD @ INNES RD,375046.9084,5031120.453,-75.60245541,45.41649303,2016-08-29,15:15,01 - Clear,01 - Dry,01 - Traffic signal,02 - Intersection related,01 - Daylight,03 - P.D. only,03 - Rear end,Industrial Park
4003,CYRVILLE RD @ INNES RD,375047.493,5031119.332,-75.6024481,45.41648288,2016-03-26,10:41,01 - Clear,01 - Dry,01 - Traffic signal,02 - Intersection related,01 - Daylight,03 - P.D. only,03 - Rear end,Industrial Park
4004,CYRVILLE RD @ INNES RD,375047.952,5031120.019,-75.60244214,45.41648902,2016-07-08,14:39,01 - Clear,01 - Dry,01 - Traffic signal,02 - Intersection related,01 - Daylight,03 - P.D. only,03 - Rear end,Industrial Park
4005,CYRVILLE RD @ INNES RD,375047.5052,5031118.906,-75.60244801,45.41647905,2016-06-25,14:54,01 - Clear,01 - Dry,01 - Traffic signal,02 - Intersection related,01 - Daylight,03 - P.D. only,04 - Sideswipe,Industrial Park
4006,CYRVILLE RD @ INNES RD,375047.4974,5031120.473,-75.60244789,45.41649315,2016-07-07,9:13,01 - Clear,01 - Dry,01 - Traffic signal,02 - Intersection related,01 - Daylight,03 - P.D. only,04 - Sideswipe,Industrial Park
4007,CYRVILLE RD @ INNES RD,375047.0661,5031119.784,-75.60245349,45.41648699,2016-06-25,15:50,01 - Clear,01 - Dry,01 - Traffic signal,02 - Intersection related,01 - Daylight,03 - P.D. only,03 - Rear end,Industrial Park
4008,CYRVILLE RD @ INNES RD,375046.6024,5031119.34,-75.60245948,45.41648304,2016-04-22,23:39,01 - Clear,01 - Dry,01 - Traffic signal,02 - Intersection related,07 - Dark,03 - P.D. only,03 - Rear end,Industrial Park
4009,CYRVILLE RD @ INNES RD,375047.4974,5031119.564,-75.60244801,45.41648497,2016-08-14,11:01,01 - Clear,01 - Dry,01 - Traffic signal,03 - At intersection,01 - Daylight,03 - P.D. only,04 - Sideswipe,Industrial Park
4010,CYRVILLE RD @ INNES RD,375047.0483,5031119.339,-75.60245378,45.41648299,2016-06-07,15:07,01 - Clear,01 - Dry,01 - Traffic signal,03 - At intersection,01 - Daylight,03 - P.D. only,03 - Rear end,Industrial Park
4011,CYRVILLE RD @ INNES RD,375047.0429,5031119.11,-75.60245389,45.41648093,2016-03-21,9:26,01 - Clear,01 - Dry,01 - Traffic signal,02 - Intersection related,01 - Daylight,03 - P.D. only,03 - Rear end,Industrial Park
4012,CYRVILLE RD @ INNES RD,375048.5647,5031119.624,-75.60243437,45.4164854,2016-10-12,9:19,01 - Clear,01 - Dry,01 - Traffic signal,02 - Intersection related,01 - Daylight,03 - P.D. only,03 - Rear end,Industrial Park
4013,CYRVILLE RD @ INNES RD,375045.2402,5031119.15,-75.60247691,45.41648147,2016-12-20,12:27,01 - Clear,05 - Packed snow,01 - Traffic signal,02 - Intersection related,01 - Daylight,03 - P.D. only,04 - Sideswipe,Industrial Park
4014,CYRVILLE RD @ INNES RD,375049.381,5031119.15,-75.60242401,45.41648105,2016-11-01,13:38,01 - Clear,01 - Dry,01 - Traffic signal,02 - Intersection related,01 - Daylight,03 - P.D. only,03 - Rear end,Industrial Park
4015,CYRVILLE RD @ INNES RD,375049.381,5031119.978,-75.60242389,45.4164885,2016-12-22,7:20,03 - Snow,03 - Loose snow,01 - Traffic signal,02 - Intersection related,03 - Dawn,03 - P.D. only,04 - Sideswipe,Industrial Park
4016,CYRVILLE RD @ INNES RD,375048.5647,5031118.382,-75.60243455,45.41647423,2016-11-30,16:03,01 - Clear,01 - Dry,01 - Traffic signal,02 - Intersection related,01 - Daylight,03 - P.D. only,04 - Sideswipe,Industrial Park
4017,CYRVILLE RD @ LABRIE AVE,373402.5513,5031681.144,-75.62338479,45.421701,2016-09-28,8:59,01 - Clear,01 - Dry,02 - Stop sign,02 - Intersection related,01 - Daylight,03 - P.D. only,03 - Rear end,Industrial Park
4018,CYRVILLE RD @ MEADOWBROOK RD,374629.0565,5031241.88,-75.60777645,45.41762739,2016-06-21,16:50,01 - Clear,01 - Dry,01 - Traffic signal,03 - At intersection,01 - Daylight,02 - Non-fatal injury,02 - Angle,Industrial Park
4019,CYRVILLE RD @ MEADOWBROOK RD,374629.5109,5031243.222,-75.60777045,45.41763942,2016-01-09,10:20,02 - Rain,02 - Wet,01 - Traffic signal,03 - At intersection,01 - Daylight,02 - Non-fatal injury,02 - Angle,Industrial Park
4020,CYRVILLE RD @ MEADOWBROOK RD,374629.9569,5031243.228,-75.60776475,45.41763943,2016-02-18,8:20,01 - Clear,06 - Ice,01 - Traffic signal,02 - Intersection related,01 - Daylight,03 - P.D. only,03 - Rear end,Industrial Park
4021,CYRVILLE RD @ MEADOWBROOK RD,374629.5134,5031242.776,-75.60777048,45.4176354,2016-10-12,16:10,01 - Clear,01 - Dry,01 - Traffic signal,03 - At intersection,01 - Daylight,03 - P.D. only,05 - Turning movement,Industrial Park
4022,CYRVILLE RD @ OGILVIE RD,372453.0605,5032006.667,-75.63547144,45.42472237,2016-08-22,19:34,01 - Clear,01 - Dry,01 - Traffic signal,03 - At intersection,01 - Daylight,02 - Non-fatal injury,07 - SMV other,Cummings
4023,CYRVILLE RD @ OGILVIE RD,372453.4996,5032006.667,-75.63546583,45.42472233,2016-10-24,16:10,01 - Clear,01 - Dry,01 - Traffic signal,02 - Intersection related,01 - Daylight,03 - P.D. only,04 - Sideswipe,Cummings
4024,CYRVILLE RD @ OGILVIE RD,372452.5472,5032006.351,-75.63547805,45.42471958,2016-06-03,18:59,01 - Clear,01 - Dry,01 - Traffic signal,02 - Intersection related,01 - Daylight,03 - P.D. only,03 - Rear end,Cummings
4025,CYRVILLE RD @ OGILVIE RD,372453.4971,5032006.236,-75.63546592,45.42471845,2016-02-18,9:07,01 - Clear,06 - Ice,01 - Traffic signal,02 - Intersection related,01 - Daylight,03 - P.D. only,03 - Rear end,Cummings
4026,CYRVILLE RD @ OGILVIE RD,372452.2467,5032005.815,-75.63548196,45.42471478,2016-03-26,10:20,01 - Clear,02 - Wet,01 - Traffic signal,02 - Intersection related,01 - Daylight,03 - P.D. only,04 - Sideswipe,Cummings
4027,CYRVILLE RD @ OGILVIE RD,372453.0373,5032006.024,-75.63547183,45.42471659,2016-07-25,9:28,02 - Rain,02 - Wet,01 - Traffic signal,03 - At intersection,01 - Daylight,03 - P.D. only,99 - Other,Cummings
4028,CYRVILLE RD @ OGILVIE RD,372452.8909,5032006.812,-75.63547359,45.42472369,2016-12-13,16:40,01 - Clear,01 - Dry,01 - Traffic signal,02 - Intersection related,05 - Dusk,03 - P.D. only,04 - Sideswipe,Cummings
4029,CYRVILLE RD @ ST. LAURENT BLVD,372242.4026,5032112.035,-75.63814868,45.42569076,2016-07-06,18:11,01 - Clear,01 - Dry,01 - Traffic signal,03 - At intersection,01 - Daylight,02 - Non-fatal injury,05 - Turning movement,Overbrook
4030,CYRVILLE RD @ ST. LAURENT BLVD,372242.4026,5032111.58,-75.63814874,45.42568667,2016-08-01,9:21,01 - Clear,01 - Dry,01 - Traffic signal,02 - Intersection related,01 - Daylight,02 - Non-fatal injury,03 - Rear end,Overbrook
4031,CYRVILLE RD @ ST. LAURENT BLVD,372241.9403,5032110.921,-75.63815474,45.42568078,2016-10-21,16:42,02 - Rain,02 - Wet,01 - Traffic signal,02 - Intersection related,01 - Daylight,02 - Non-fatal injury,04 - Sideswipe,Overbrook
4032,CYRVILLE RD @ ST. LAURENT BLVD,372241.9481,5032111.58,-75.63815455,45.42568671,2016-03-19,11:56,01 - Clear,01 - Dry,01 - Traffic signal,03 - At intersection,01 - Daylight,02 - Non-fatal injury,07 - SMV other,Overbrook
4033,CYRVILLE RD @ ST. LAURENT BLVD,372241.7208,5032111.166,-75.63815751,45.42568301,2016-12-22,19:39,01 - Clear,03 - Loose snow,01 - Traffic signal,02 - Intersection related,07 - Dark,02 - Non-fatal injury,03 - Rear end,Overbrook
4034,CYRVILLE RD @ ST. LAURENT BLVD,372241.4953,5032111.355,-75.63816036,45.42568473,2016-06-17,15:47,01 - Clear,01 - Dry,01 - Traffic signal,02 - Intersection related,01 - Daylight,03 - P.D. only,03 - Rear end,Overbrook
4035,CYRVILLE RD @ ST. LAURENT BLVD,372241.9403,5032111.8,-75.63815462,45.42568869,2016-01-13,16:41,01 - Clear,02 - Wet,01 - Traffic signal,02 - Intersection related,05 - Dusk,03 - P.D. only,03 - Rear end,Overbrook
4036,CYRVILLE RD @ ST. LAURENT BLVD,372241.5013,5032110.482,-75.6381604,45.42567688,2016-10-21,16:15,02 - Rain,02 - Wet,01 - Traffic signal,02 - Intersection related,01 - Daylight,03 - P.D. only,03 - Rear end,Overbrook
4037,CYRVILLE RD @ ST. LAURENT BLVD,372241.5013,5032111.8,-75.63816022,45.42568874,2016-11-23,9:40,01 - Clear,01 - Dry,01 - Traffic signal,02 - Intersection related,01 - Daylight,03 - P.D. only,04 - Sideswipe,Overbrook
4038,CYRVILLE RD @ ST. LAURENT BLVD,372241.0622,5032111.8,-75.63816584,45.42568878,2016-12-04,11:54,01 - Clear,01 - Dry,01 - Traffic signal,03 - At intersection,01 - Daylight,03 - P.D. only,05 - Turning movement,Overbrook
4039,CYRVILLE RD btwn BEAUPARC PRIV & LABRIE AVE,373361.0567,5031696.054,-75.62391288,45.42183922,2016-12-17,9:25,03 - Snow,03 - Loose snow,10 - No control,04 - At/near private drive,01 - Daylight,03 - P.D. only,02 - Angle,Industrial Park
4040,CYRVILLE RD btwn CYRVILLE RD & OGILVIE RD,372407.5482,5032036.202,-75.63604892,45.42499251,2016-02-17,20:29,01 - Clear,06 - Ice,10 - No control,04 - At/near private drive,07 - Dark,03 - P.D. only,02 - Angle,Cummings
4041,CYRVILLE RD btwn INNES RD & END,375061.7396,5031090.069,-75.60227027,45.41621816,2016-02-04,18:23,01 - Clear,01 - Dry,10 - No control,04 - At/near private drive,07 - Dark,02 - Non-fatal injury,02 - Angle,Industrial Park
4042,CYRVILLE RD btwn LABRIE AVE & STAR TOP RD,373808.8722,5031528.003,-75.61821482,45.42028315,2016-12-20,13:15,03 - Snow,04 - Slush,10 - No control,04 - At/near private drive,01 - Daylight,02 - Non-fatal injury,02 - Angle,Pineview
4043,CYRVILLE RD btwn LABRIE AVE & STAR TOP RD,373782.2284,5031536.29,-75.61855407,45.42036034,2016-08-03,12:23,01 - Clear,01 - Dry,10 - No control,01 - Non intersection,01 - Daylight,03 - P.D. only,03 - Rear end,Industrial Park
4044,CYRVILLE RD btwn MAXIME ST & INNES RD,374846.8752,5031166.653,-75.60500436,45.41692876,2016-05-29,12:18,01 - Clear,01 - Dry,10 - No control,04 - At/near private drive,01 - Daylight,03 - P.D. only,02 - Angle,Industrial Park
4045,CYRVILLE RD btwn MAXIME ST & INNES RD,374848.5217,5031167.236,-75.60498324,45.41693384,2016-12-09,14:10,01 - Clear,01 - Dry,10 - No control,04 - At/near private drive,01 - Daylight,03 - P.D. only,02 - Angle,Industrial Park
4046,CYRVILLE RD btwn MEADOWBROOK RD & MAXIME ST,374723.8506,5031209.704,-75.60656995,45.41732842,2016-02-17,16:46,01 - Clear,03 - Loose snow,10 - No control,04 - At/near private drive,01 - Daylight,03 - P.D. only,02 - Angle,Industrial Park
4047,CYRVILLE RD btwn ST. LAURENT BLVD & CYRVILLE RD,372274.4771,5032107.585,-75.63773945,45.42564763,2016-02-16,19:23,03 - Snow,03 - Loose snow,10 - No control,01 - Non intersection,07 - Dark,03 - P.D. only,03 - Rear end,Overbrook
4048,CYRVILLE RD btwn STAR TOP RD & MEADOWBROOK RD,373963.8667,5031470.045,-75.6162427,45.41974637,2016-02-25,8:29,04 - Freezing Rain,06 - Ice,10 - No control,01 - Non intersection,01 - Daylight,02 - Non-fatal injury,01 - Approaching,Pineview
4049,CYRVILLE RD btwn STAR TOP RD & MEADOWBROOK RD,374533.4784,5031274.754,-75.60899287,45.4179327,2016-10-04,17:22,01 - Clear,01 - Dry,10 - No control,04 - At/near private drive,01 - Daylight,02 - Non-fatal injury,02 - Angle,Industrial Park
4050,CYRVILLE RD btwn STAR TOP RD & MEADOWBROOK RD,374533.4533,5031273.898,-75.60899331,45.417925,2016-05-24,15:44,01 - Clear,01 - Dry,10 - No control,04 - At/near private drive,01 - Daylight,02 - Non-fatal injury,02 - Angle,Industrial Park
4051,CYRVILLE RD btwn STAR TOP RD & MEADOWBROOK RD,374433.0284,5031308.077,-75.61027149,45.41824253,2016-11-10,13:32,01 - Clear,01 - Dry,10 - No control,04 - At/near private drive,01 - Daylight,02 - Non-fatal injury,03 - Rear end,Pineview
4052,CYRVILLE RD btwn STAR TOP RD & MEADOWBROOK RD,374606.8114,5031252.087,-75.6080592,45.41772144,2016-12-29,12:39,03 - Snow,03 - Loose snow,10 - No control,04 - At/near private drive,01 - Daylight,02 - Non-fatal injury,05 - Turning movement,Pineview
4053,CYRVILLE RD btwn STAR TOP RD & MEADOWBROOK RD,374575.874,5031261.636,-75.60845309,45.41781045,2016-12-28,12:25,01 - Clear,02 - Wet,10 - No control,04 - At/near private drive,01 - Daylight,02 - Non-fatal injury,05 - Turning movement,Pineview
4054,CYRVILLE RD btwn STAR TOP RD & MEADOWBROOK RD,374243.007,5031332.9,-75.61269567,45.41848476,2016-02-16,17:25,03 - Snow,03 - Loose snow,10 - No control,01 - Non intersection,07 - Dark,03 - P.D. only,01 - Approaching,Industrial Park
4055,CYRVILLE RD btwn STAR TOP RD & MEADOWBROOK RD,374290.8981,5031328.791,-75.6120844,45.41844304,2016-02-20,14:50,02 - Rain,02 - Wet,10 - No control,04 - At/near private drive,01 - Daylight,03 - P.D. only,02 - Angle,Industrial Park
4056,CYRVILLE RD btwn STAR TOP RD & MEADOWBROOK RD,374057.052,5031418.451,-75.61505939,45.41927294,2016-03-02,11:20,05 - Drifting Snow,03 - Loose snow,10 - No control,01 - Non intersection,01 - Daylight,03 - P.D. only,04 - Sideswipe,Industrial Park
4057,CYRVILLE RD btwn STAR TOP RD & MEADOWBROOK RD,374565.688,5031264.129,-75.60858287,45.41783389,2016-05-05,17:08,01 - Clear,01 - Dry,10 - No control,04 - At/near private drive,01 - Daylight,03 - P.D. only,02 - Angle,Industrial Park
4058,CYRVILLE RD btwn STAR TOP RD & MEADOWBROOK RD,374567.2469,5031264.281,-75.60856293,45.41783511,2016-02-09,15:52,01 - Clear,02 - Wet,10 - No control,04 - At/near private drive,01 - Daylight,03 - P.D. only,02 - Angle,Industrial Park
4059,CYRVILLE RD btwn STAR TOP RD & MEADOWBROOK RD,374565.9223,5031263.977,-75.6085799,45.4178325,2016-05-16,15:30,01 - Clear,01 - Dry,10 - No control,04 - At/near private drive,01 - Daylight,03 - P.D. only,02 - Angle,Industrial Park
4060,CYRVILLE RD btwn STAR TOP RD & MEADOWBROOK RD,374609.7549,5031249.801,-75.60802191,45.41770058,2016-10-20,14:10,01 - Clear,02 - Wet,10 - No control,04 - At/near private drive,01 - Daylight,03 - P.D. only,02 - Angle,Industrial Park
4061,CYRVILLE RD btwn STAR TOP RD & MEADOWBROOK RD,374193.9377,5031343.713,-75.61332106,45.41858692,2016-11-29,6:25,04 - Freezing Rain,05 - Packed snow,10 - No control,07 - Overpass or bridge,03 - Dawn,03 - P.D. only,01 - Approaching,Industrial Park
4062,DAGMAR AVE @ HANNAH ST,370133.7061,5033600.18,-75.66489547,45.43928061,2016-12-27,11:20,01 - Clear,06 - Ice,02 - Stop sign,03 - At intersection,01 - Daylight,03 - P.D. only,02 - Angle,Vanier North
4063,DAKOTA AVE @ HALIFAX DR,373561.5624,5027957.125,-75.62187248,45.38817843,2016-12-09,9:07,01 - Clear,06 - Ice,03 - Yield sign,03 - At intersection,01 - Daylight,03 - P.D. only,02 - Angle,Urbandale
4064,DALEHURST DR btwn CRESTLEA CRES & LAVONNE CRT,363610.3872,5021666.6,-75.74969174,45.33248331,2016-01-18,7:35,03 - Snow,03 - Loose snow,10 - No control,04 - At/near private drive,03 - Dawn,03 - P.D. only,02 - Angle,Tanglewood
4065,DALHOUSIE ST @ GUIGUES AVE,367912.0391,5032713.808,-75.69340388,45.43150943,2016-10-27,20:15,03 - Snow,02 - Wet,02 - Stop sign,03 - At intersection,07 - Dark,03 - P.D. only,05 - Turning movement,Lower Town
4066,DALHOUSIE ST @ MURRAY ST,368000.3858,5032573.189,-75.69229293,45.43023621,2016-05-18,17:52,01 - Clear,01 - Dry,01 - Traffic signal,03 - At intersection,01 - Daylight,02 - Non-fatal injury,02 - Angle,Byward Market
4067,DALHOUSIE ST @ MURRAY ST,367999.8407,5032573.595,-75.69229985,45.43023991,2016-10-12,22:29,01 - Clear,01 - Dry,01 - Traffic signal,03 - At intersection,07 - Dark,02 - Non-fatal injury,02 - Angle,Byward Market
4068,DALHOUSIE ST @ MURRAY ST,368000.4796,5032572.936,-75.69229177,45.43023393,2016-01-22,20:09,01 - Clear,01 - Dry,01 - Traffic signal,02 - Intersection related,07 - Dark,03 - P.D. only,99 - Other,Byward Market
4069,DALHOUSIE ST @ MURRAY ST,368001.3577,5032574.253,-75.69228038,45.4302457,2016-06-01,9:34,01 - Clear,01 - Dry,01 - Traffic signal,02 - Intersection related,01 - Daylight,03 - P.D. only,99 - Other,Byward Market
4070,DALHOUSIE ST @ MURRAY ST,368000.3808,5032573.28,-75.69229299,45.43023703,2016-11-18,15:51,01 - Clear,01 - Dry,01 - Traffic signal,02 - Intersection related,01 - Daylight,03 - P.D. only,04 - Sideswipe,Byward Market
4071,DALHOUSIE ST @ MURRAY ST,368000.007,5032574.053,-75.69229766,45.43024402,2016-09-30,16:16,01 - Clear,01 - Dry,01 - Traffic signal,03 - At intersection,01 - Daylight,03 - P.D. only,05 - Turning movement,Byward Market
4072,DALHOUSIE ST @ MURRAY ST,368000.9186,5032573.814,-75.69228605,45.43024179,2016-10-02,7:15,02 - Rain,02 - Wet,01 - Traffic signal,03 - At intersection,03 - Dawn,03 - P.D. only,02 - Angle,Byward Market
4073,DALHOUSIE ST @ RIDEAU ST,368206.9286,5032228.24,-75.68969798,45.42711379,2016-09-15,14:19,01 - Clear,01 - Dry,01 - Traffic signal,03 - At intersection,01 - Daylight,02 - Non-fatal injury,07 - SMV other,Byward Market - Parliament Hill
4074,DALHOUSIE ST @ RIDEAU ST,368206.558,5032228.186,-75.68970272,45.42711333,2016-03-01,6:30,01 - Clear,01 - Dry,01 - Traffic signal,02 - Intersection related,03 - Dawn,03 - P.D. only,05 - Turning movement,Byward Market - Parliament Hill
4075,DALHOUSIE ST @ RIDEAU ST,368206.0357,5032227.357,-75.6897095,45.42710592,2016-05-07,11:42,01 - Clear,01 - Dry,01 - Traffic signal,02 - Intersection related,01 - Daylight,03 - P.D. only,99 - Other,Byward Market - Parliament Hill