Record,Location,X,Y,lon,lat,Date,Time,Environment,Road_Surface,Traffic_Control,Collision_Location,Light,Collision_Classification,Impact_type,Neighborhood
4076,DALHOUSIE ST @ RIDEAU ST,368207.2446,5032227.849,-75.68969399,45.42711024,2016-04-01,21:34,01 - Clear,01 - Dry,01 - Traffic signal,02 - Intersection related,07 - Dark,03 - P.D. only,03 - Rear end,Byward Market - Parliament Hill
4077,DALHOUSIE ST @ RIDEAU ST,368207.8365,5032227.807,-75.68968643,45.42710981,2016-05-25,10:24,01 - Clear,01 - Dry,01 - Traffic signal,02 - Intersection related,01 - Daylight,03 - P.D. only,03 - Rear end,Byward Market - Parliament Hill
4078,DALHOUSIE ST @ RIDEAU ST,368206.4844,5032226.682,-75.68970385,45.42709981,2016-05-15,3:56,01 - Clear,01 - Dry,01 - Traffic signal,03 - At intersection,07 - Dark,03 - P.D. only,02 - Angle,Byward Market - Parliament Hill
4079,DALHOUSIE ST @ RIDEAU ST,368206.9286,5032227.801,-75.68969803,45.42710984,2016-05-26,13:14,01 - Clear,01 - Dry,01 - Traffic signal,03 - At intersection,01 - Daylight,03 - P.D. only,02 - Angle,Byward Market - Parliament Hill
4080,DALHOUSIE ST @ ST. ANDREW ST,367870.4836,5032783.363,-75.69392601,45.43213901,2016-02-17,0:35,01 - Clear,03 - Loose snow,02 - Stop sign,02 - Intersection related,07 - Dark,03 - P.D. only,01 - Approaching,Lower Town
4081,DALHOUSIE ST @ ST. PATRICK ST,367957.31,5032641.362,-75.69283465,45.4308535,2016-06-17,18:41,01 - Clear,01 - Dry,01 - Traffic signal,03 - At intersection,01 - Daylight,02 - Non-fatal injury,07 - SMV other,Byward Market
4082,DALHOUSIE ST @ ST. PATRICK ST,367955.2161,5032638.511,-75.69286177,45.43082804,2016-12-10,10:01,01 - Clear,01 - Dry,01 - Traffic signal,02 - Intersection related,01 - Daylight,02 - Non-fatal injury,03 - Rear end,Byward Market
4083,DALHOUSIE ST @ ST. PATRICK ST,367957.9201,5032639.922,-75.69282704,45.43084049,2016-07-29,15:35,01 - Clear,01 - Dry,01 - Traffic signal,02 - Intersection related,01 - Daylight,03 - P.D. only,04 - Sideswipe,Byward Market
4084,DALHOUSIE ST @ ST. PATRICK ST,367957.9201,5032639.922,-75.69282704,45.43084049,2016-11-15,19:25,01 - Clear,01 - Dry,01 - Traffic signal,03 - At intersection,07 - Dark,03 - P.D. only,04 - Sideswipe,Byward Market
4085,DALHOUSIE ST @ ST. PATRICK ST,367955.2161,5032640.167,-75.69286156,45.43084294,2016-12-16,14:04,03 - Snow,03 - Loose snow,01 - Traffic signal,02 - Intersection related,01 - Daylight,03 - P.D. only,04 - Sideswipe,Byward Market
4086,DALHOUSIE ST @ ST. PATRICK ST,367956.8724,5032640.995,-75.69284029,45.43085024,2016-12-24,10:15,03 - Snow,03 - Loose snow,01 - Traffic signal,03 - At intersection,01 - Daylight,03 - P.D. only,02 - Angle,Byward Market
4087,DALHOUSIE ST @ ST. PATRICK ST,367957.4811,5032640.801,-75.69283253,45.43084844,2016-11-27,18:40,01 - Clear,02 - Wet,01 - Traffic signal,03 - At intersection,07 - Dark,03 - P.D. only,05 - Turning movement,Byward Market
4088,DALHOUSIE ST @ YORK ST,368094.373,5032419.812,-75.6911116,45.42884768,2016-03-06,8:40,01 - Clear,02 - Wet,01 - Traffic signal,03 - At intersection,01 - Daylight,03 - P.D. only,05 - Turning movement,Byward Market
4089,DALHOUSIE ST @ YORK ST,368093.4876,5032419.37,-75.69112297,45.42884378,2016-01-24,2:10,01 - Clear,02 - Wet,01 - Traffic signal,02 - Intersection related,07 - Dark,03 - P.D. only,03 - Rear end,Byward Market
4090,DALHOUSIE ST @ YORK ST,368093.4831,5032419.366,-75.69112303,45.42884375,2016-01-30,12:12,01 - Clear,02 - Wet,01 - Traffic signal,02 - Intersection related,01 - Daylight,03 - P.D. only,04 - Sideswipe,Byward Market
4091,DALHOUSIE ST @ YORK ST,368093.4876,5032419.809,-75.69112292,45.42884773,2016-10-11,17:42,01 - Clear,01 - Dry,01 - Traffic signal,02 - Intersection related,05 - Dusk,03 - P.D. only,07 - SMV other,Byward Market
4092,DALHOUSIE ST btwn CLARENCE ST & YORK ST,368047.4346,5032496.608,-75.69170154,45.42954291,2016-02-18,15:15,01 - Clear,02 - Wet,10 - No control,01 - Non intersection,01 - Daylight,03 - P.D. only,04 - Sideswipe,Byward Market
4093,DALHOUSIE ST btwn CLARENCE ST & YORK ST,368065.2173,5032466.556,-75.69147816,45.4292709,2016-03-31,0:00,02 - Rain,02 - Wet,10 - No control,01 - Non intersection,00 - Unknown,03 - P.D. only,06 - SMV unattended vehicle,Byward Market
4094,DALHOUSIE ST btwn GEORGE ST & RIDEAU ST,368196.5625,5032246.747,-75.68982805,45.42728124,2016-05-28,14:52,01 - Clear,01 - Dry,10 - No control,01 - Non intersection,01 - Daylight,03 - P.D. only,04 - Sideswipe,Byward Market
4095,DALHOUSIE ST btwn GEORGE ST & RIDEAU ST,368194.3078,5032250.355,-75.6898564,45.42731391,2016-05-28,14:13,01 - Clear,01 - Dry,10 - No control,01 - Non intersection,01 - Daylight,03 - P.D. only,06 - SMV unattended vehicle,Byward Market
4096,DALHOUSIE ST btwn GEORGE ST & RIDEAU ST,368160.1821,5032308.55,-75.69028498,45.42784062,2016-12-24,8:59,03 - Snow,03 - Loose snow,10 - No control,01 - Non intersection,01 - Daylight,03 - P.D. only,06 - SMV unattended vehicle,Byward Market
4097,DALHOUSIE ST btwn MURRAY ST & CLARENCE ST,368036.3893,5032513.662,-75.6918405,45.42969735,2016-04-16,22:00,01 - Clear,01 - Dry,10 - No control,01 - Non intersection,07 - Dark,03 - P.D. only,06 - SMV unattended vehicle,Byward Market
4098,DALHOUSIE ST btwn MURRAY ST & CLARENCE ST,368034.2955,5032517.901,-75.69186671,45.42973568,2016-04-07,11:41,01 - Clear,02 - Wet,10 - No control,01 - Non intersection,01 - Daylight,03 - P.D. only,04 - Sideswipe,Byward Market
4099,DALHOUSIE ST btwn RIDEAU ST & BESSERER ST,368212.4171,5032218.8,-75.68962906,45.42702835,2016-02-15,13:00,01 - Clear,01 - Dry,10 - No control,01 - Non intersection,01 - Daylight,03 - P.D. only,06 - SMV unattended vehicle,Byward Market - Parliament Hill
4100,DALHOUSIE ST btwn ST. PATRICK ST & MURRAY ST,367982.0383,5032601.915,-75.69252371,45.43049633,2016-01-25,14:09,01 - Clear,01 - Dry,10 - No control,04 - At/near private drive,01 - Daylight,02 - Non-fatal injury,02 - Angle,Byward Market
4101,DALHOUSIE ST btwn ST. PATRICK ST & MURRAY ST,367991.9449,5032587.287,-75.69239899,45.43036382,2016-03-09,21:00,01 - Clear,01 - Dry,10 - No control,01 - Non intersection,07 - Dark,03 - P.D. only,06 - SMV unattended vehicle,Byward Market
4102,DALHOUSIE ST btwn ST. PATRICK ST & MURRAY ST,367964.2101,5032629.582,-75.69274798,45.43074688,2016-04-20,13:45,01 - Clear,01 - Dry,10 - No control,01 - Non intersection,01 - Daylight,03 - P.D. only,06 - SMV unattended vehicle,Byward Market
4103,DALHOUSIE ST btwn YORK ST & GEORGE ST,368154.4861,5032321.601,-75.69035608,45.42795857,2016-08-16,13:35,01 - Clear,01 - Dry,10 - No control,01 - Non intersection,01 - Daylight,03 - P.D. only,06 - SMV unattended vehicle,Byward Market
4104,DALHOUSIE ST btwn YORK ST & GEORGE ST,368146.8491,5032333.724,-75.69045211,45.42806834,2016-05-13,13:19,01 - Clear,01 - Dry,10 - No control,01 - Non intersection,01 - Daylight,03 - P.D. only,04 - Sideswipe,Byward Market
4105,DALHOUSIE ST btwn YORK ST & GEORGE ST,368104.0254,5032404.002,-75.69099029,45.42870455,2016-11-04,14:15,01 - Clear,01 - Dry,10 - No control,01 - Non intersection,01 - Daylight,03 - P.D. only,04 - Sideswipe,Byward Market
4106,DALLAIRE CRES btwn CHANONHOUSE DR & CHANONHOUSE DR,357700.3849,5006190.962,-75.82673456,45.19370106,2016-05-23,8:41,01 - Clear,01 - Dry,10 - No control,01 - Non intersection,01 - Daylight,03 - P.D. only,07 - SMV other,Richmond
4107,DALMENY RD @ GORDON MURDOCK RD N,377276.7241,4998872.307,-75.57867563,45.12610886,2016-10-30,18:50,02 - Rain,02 - Wet,02 - Stop sign,03 - At intersection,07 - Dark,02 - Non-fatal injury,01 - Approaching,Kars - Osgoode
4108,DALMENY RD @ STAGECOACH RD,377831.9001,4999218.072,-75.57156868,45.12916285,2016-12-15,13:02,01 - Clear,01 - Dry,02 - Stop sign,03 - At intersection,01 - Daylight,03 - P.D. only,02 - Angle,Kars - Osgoode
4109,DALMENY RD btwn CAMPBELLCROFT RD & BANK ST,384228.9181,5003386.527,-75.48959513,45.16597891,2016-04-07,16:45,"07 - Fog, mist, smoke, dust",02 - Wet,10 - No control,01 - Non intersection,01 - Daylight,03 - P.D. only,07 - SMV other,Metcalfe
4110,DALMENY RD btwn CAMPBELLCROFT RD & BANK ST,385700.8557,5004301.732,-75.47072549,45.17404629,2016-08-03,22:00,01 - Clear,01 - Dry,10 - No control,01 - Non intersection,07 - Dark,03 - P.D. only,07 - SMV other,Metcalfe
4111,DALMENY RD btwn NIXON DR & 2ND LINE RD,376297.897,4998148.086,-75.59122037,45.11969209,2016-08-06,17:00,01 - Clear,01 - Dry,10 - No control,01 - Non intersection,01 - Daylight,02 - Non-fatal injury,07 - SMV other,Kars - Osgoode
4112,DALMENY RD btwn STAGECOACH RD & 4TH LINE RD,378860.0393,4999842.388,-75.5584076,45.13467333,2016-02-15,18:29,01 - Clear,02 - Wet,10 - No control,01 - Non intersection,07 - Dark,03 - P.D. only,07 - SMV other,Kars - Osgoode
4113,DALMENY RD btwn STAGECOACH RD & 4TH LINE RD,380216.1329,5000735.223,-75.54103409,45.14256339,2016-11-11,16:11,01 - Clear,01 - Dry,10 - No control,04 - At/near private drive,05 - Dusk,03 - P.D. only,05 - Turning movement,Kars - Osgoode
4114,DALY AVE @ CHARLOTTE ST,369334.7124,5032722.079,-75.67522236,45.43145401,2016-05-05,17:30,01 - Clear,01 - Dry,02 - Stop sign,03 - At intersection,01 - Daylight,03 - P.D. only,02 - Angle,Sandy Hill
4115,DALY AVE @ FRIEL ST,368850.4828,5032432.813,-75.68144798,45.42889582,2016-03-02,12:53,01 - Clear,05 - Packed snow,02 - Stop sign,03 - At intersection,01 - Daylight,03 - P.D. only,02 - Angle,Sandy Hill
4116,DALY AVE @ FRIEL ST,368850.2669,5032432.665,-75.68145076,45.42889451,2016-06-03,12:47,01 - Clear,01 - Dry,02 - Stop sign,03 - At intersection,01 - Daylight,03 - P.D. only,02 - Angle,Sandy Hill
4117,DALY AVE @ KING EDWARD AVE,368591.4881,5032273.366,-75.68477819,45.42748485,2016-06-30,19:23,01 - Clear,01 - Dry,02 - Stop sign,03 - At intersection,01 - Daylight,03 - P.D. only,02 - Angle,Sandy Hill
4118,DALY AVE @ KING EDWARD AVE,368591.0312,5032272.458,-75.68478415,45.42747672,2016-06-28,15:36,01 - Clear,01 - Dry,02 - Stop sign,02 - Intersection related,01 - Daylight,03 - P.D. only,02 - Angle,Sandy Hill
4119,DALY AVE @ NELSON ST,368729.4907,5032357.364,-75.68300387,45.42822803,2016-01-19,15:37,01 - Clear,05 - Packed snow,02 - Stop sign,03 - At intersection,01 - Daylight,03 - P.D. only,02 - Angle,Sandy Hill
4120,DALY AVE @ NICHOLAS ST,368227.701,5032047.722,-75.68945579,45.42548766,2016-02-13,10:12,01 - Clear,06 - Ice,01 - Traffic signal,02 - Intersection related,01 - Daylight,02 - Non-fatal injury,05 - Turning movement,Byward Market - Parliament Hill
4121,DALY AVE @ NICHOLAS ST,368228.3596,5032045.476,-75.68944766,45.4254674,2016-11-03,20:40,02 - Rain,02 - Wet,01 - Traffic signal,02 - Intersection related,07 - Dark,02 - Non-fatal injury,04 - Sideswipe,Byward Market - Parliament Hill
4122,DALY AVE @ NICHOLAS ST,368228.5292,5032045.331,-75.68944552,45.42546608,2016-11-08,13:45,01 - Clear,01 - Dry,01 - Traffic signal,02 - Intersection related,01 - Daylight,03 - P.D. only,03 - Rear end,Byward Market - Parliament Hill
4123,DALY AVE @ NICHOLAS ST,368226.0447,5032045.331,-75.68947726,45.4254663,2016-08-16,15:21,02 - Rain,02 - Wet,01 - Traffic signal,03 - At intersection,01 - Daylight,03 - P.D. only,03 - Rear end,Byward Market - Parliament Hill
4124,DALY AVE @ WALLER ST,368340.5214,5032120.669,-75.68800479,45.42613378,2016-01-22,11:51,01 - Clear,01 - Dry,01 - Traffic signal,03 - At intersection,01 - Daylight,02 - Non-fatal injury,07 - SMV other,Byward Market - Parliament Hill
4125,DALY AVE @ WALLER ST,368341.0809,5032120.89,-75.68799761,45.42613571,2016-02-12,9:00,01 - Clear,01 - Dry,01 - Traffic signal,03 - At intersection,01 - Daylight,02 - Non-fatal injury,07 - SMV other,Byward Market - Parliament Hill
4126,DALY AVE @ WALLER ST,368341.8618,5032121.813,-75.68798752,45.42614395,2016-08-02,16:49,01 - Clear,01 - Dry,01 - Traffic signal,02 - Intersection related,01 - Daylight,03 - P.D. only,04 - Sideswipe,Byward Market - Parliament Hill
4127,DALY AVE @ WALLER ST,368341.8459,5032120.671,-75.68798787,45.42613367,2016-03-17,12:26,02 - Rain,02 - Wet,01 - Traffic signal,02 - Intersection related,01 - Daylight,03 - P.D. only,03 - Rear end,Byward Market - Parliament Hill
4128,DALY AVE @ WALLER ST,368340.4369,5032120.361,-75.68800591,45.42613101,2016-06-08,10:58,01 - Clear,01 - Dry,01 - Traffic signal,02 - Intersection related,01 - Daylight,03 - P.D. only,03 - Rear end,Byward Market - Parliament Hill
4129,DALY AVE @ WALLER ST,368342.3484,5032121.418,-75.68798135,45.42614035,2016-11-17,17:39,01 - Clear,01 - Dry,01 - Traffic signal,02 - Intersection related,07 - Dark,03 - P.D. only,03 - Rear end,Byward Market - Parliament Hill
4130,DALY AVE btwn CHARLOTTE ST & WURTEMBURG ST,369347.1248,5032729.241,-75.6750628,45.43151731,2016-02-18,0:00,01 - Clear,04 - Slush,10 - No control,01 - Non intersection,00 - Unknown,03 - P.D. only,06 - SMV unattended vehicle,Sandy Hill
4131,DALY AVE btwn COURT HOUSE LANE & WALLER ST,368330.1315,5032111.655,-75.68813871,45.42605362,2016-04-20,0:00,01 - Clear,01 - Dry,10 - No control,01 - Non intersection,00 - Unknown,03 - P.D. only,06 - SMV unattended vehicle,Byward Market - Parliament Hill
4132,DALY AVE btwn COURT HOUSE LANE & WALLER ST,368316.8618,5032105.449,-75.68830907,45.42599898,2016-06-24,15:28,01 - Clear,01 - Dry,10 - No control,01 - Non intersection,01 - Daylight,03 - P.D. only,01 - Approaching,Byward Market - Parliament Hill
4133,DALY AVE btwn COURT HOUSE LANE & WALLER ST,368333.7266,5032114.238,-75.68809244,45.42607653,2016-11-25,20:00,01 - Clear,01 - Dry,10 - No control,01 - Non intersection,07 - Dark,03 - P.D. only,06 - SMV unattended vehicle,Byward Market - Parliament Hill
4134,DALY AVE btwn COURT HOUSE LANE & WALLER ST,368332.8984,5032114.238,-75.68810303,45.42607661,2016-12-06,22:21,03 - Snow,03 - Loose snow,10 - No control,01 - Non intersection,07 - Dark,03 - P.D. only,99 - Other,Byward Market - Parliament Hill
4135,DALY AVE btwn CUMBERLAND ST & END,368405.2928,5032157.662,-75.68717237,45.42646074,2016-07-09,0:00,01 - Clear,01 - Dry,10 - No control,01 - Non intersection,00 - Unknown,03 - P.D. only,06 - SMV unattended vehicle,Byward Market - Parliament Hill
4136,DALY AVE btwn CUMBERLAND ST & KING EDWARD AVE,368481.9327,5032205.218,-75.68618692,45.42688166,2016-05-30,16:30,01 - Clear,01 - Dry,10 - No control,04 - At/near private drive,01 - Daylight,03 - P.D. only,06 - SMV unattended vehicle,Sandy Hill
4137,DALY AVE btwn FRIEL ST & CHAPEL ST,368940.7519,5032487.158,-75.6802874,45.42937653,2016-06-27,13:15,01 - Clear,01 - Dry,10 - No control,01 - Non intersection,01 - Daylight,03 - P.D. only,06 - SMV unattended vehicle,Sandy Hill
4138,DALY AVE btwn MACKENZIE AVE & NICHOLAS ST,368023.1461,5031920.28,-75.6920859,45.4243595,2016-12-08,19:15,01 - Clear,01 - Dry,10 - No control,04 - At/near private drive,07 - Dark,02 - Non-fatal injury,07 - SMV other,Byward Market - Parliament Hill
4139,DALY AVE btwn MACKENZIE AVE & NICHOLAS ST,368141.4222,5031997.177,-75.69056474,45.4250407,2016-01-30,16:42,01 - Clear,02 - Wet,10 - No control,01 - Non intersection,05 - Dusk,03 - P.D. only,03 - Rear end,Byward Market - Parliament Hill
4140,DALY AVE btwn MACKENZIE AVE & NICHOLAS ST,368060.6105,5031954.042,-75.69160286,45.4246599,2016-07-07,9:00,01 - Clear,01 - Dry,10 - No control,04 - At/near private drive,01 - Daylight,03 - P.D. only,05 - Turning movement,Byward Market - Parliament Hill
4141,DANAHER DR btwn HOULAHAN ST & TARTAN DR,362347.8406,5013901.503,-75.76669926,45.26271752,2016-12-23,0:00,03 - Snow,05 - Packed snow,10 - No control,01 - Non intersection,00 - Unknown,03 - P.D. only,06 - SMV unattended vehicle,Barrhaven West - Old Barrhaven
4142,DANFORTH AVE btwn ROOSEVELT AVE & CHURCHILL AVE N,363054.4301,5028094.18,-75.75602645,45.39036438,2016-05-12,15:51,01 - Clear,01 - Dry,10 - No control,04 - At/near private drive,01 - Daylight,03 - P.D. only,02 - Angle,Carlingwood - McKellar Park - Laurentien View
4143,D'AOUST AVE btwn TIMBERMILL ST & ST. BERNARD ST,372626.1698,5023604.811,-75.63441417,45.3491092,2016-02-02,8:03,01 - Clear,01 - Dry,10 - No control,04 - At/near private drive,01 - Daylight,03 - P.D. only,05 - Turning movement,Blossom Park - Blossom Park West - Sawmill Creek/ Timbermill
4144,DATA CENTRE RD @ HERON RD,368941.9505,5026732.766,-75.68102057,45.37760032,2016-06-01,15:39,01 - Clear,01 - Dry,02 - Stop sign,03 - At intersection,01 - Daylight,02 - Non-fatal injury,02 - Angle,Alta Vista
4145,DATA CENTRE RD @ HERON RD,368942.3836,5026732.321,-75.6810151,45.37759627,2016-02-12,15:15,01 - Clear,01 - Dry,02 - Stop sign,02 - Intersection related,01 - Daylight,03 - P.D. only,03 - Rear end,Alta Vista
4146,DATA CENTRE RD @ HERON RD,368941.9445,5026732.76,-75.68102065,45.37760026,2016-01-21,16:00,01 - Clear,01 - Dry,02 - Stop sign,02 - Intersection related,05 - Dusk,03 - P.D. only,03 - Rear end,Alta Vista
4147,DATA CENTRE RD @ HERON RD,368941.725,5026732.808,-75.68102344,45.37760072,2016-08-20,14:25,01 - Clear,01 - Dry,02 - Stop sign,02 - Intersection related,01 - Daylight,03 - P.D. only,03 - Rear end,Alta Vista
4148,DATA CENTRE RD @ HERON RD,368941.4995,5026732.766,-75.68102633,45.37760036,2016-05-16,10:54,01 - Clear,01 - Dry,02 - Stop sign,02 - Intersection related,01 - Daylight,03 - P.D. only,05 - Turning movement,Alta Vista
4149,DATA CENTRE RD @ RIVERSIDE DR,368895.7927,5027672.321,-75.68148788,45.38605838,2016-11-16,18:30,01 - Clear,01 - Dry,01 - Traffic signal,02 - Intersection related,07 - Dark,02 - Non-fatal injury,03 - Rear end,Alta Vista
4150,DATA CENTRE RD @ RIVERSIDE DR,368897.2243,5027671.458,-75.68146971,45.38605048,2016-03-19,18:11,01 - Clear,01 - Dry,01 - Traffic signal,02 - Intersection related,05 - Dusk,03 - P.D. only,03 - Rear end,Alta Vista
4151,DATA CENTRE RD @ RIVERSIDE DR,368897.3057,5027672.403,-75.68146855,45.38605898,2016-05-21,14:58,01 - Clear,01 - Dry,01 - Traffic signal,02 - Intersection related,01 - Daylight,03 - P.D. only,02 - Angle,Alta Vista
4152,DATA CENTRE RD @ RIVERSIDE DR,368897.363,5027671.985,-75.68146787,45.38605521,2016-02-01,11:32,01 - Clear,01 - Dry,01 - Traffic signal,02 - Intersection related,01 - Daylight,03 - P.D. only,03 - Rear end,Alta Vista
4153,DATA CENTRE RD @ RIVERSIDE DR,368897.6685,5027671.688,-75.68146401,45.38605251,2016-04-06,18:20,03 - Snow,04 - Slush,01 - Traffic signal,02 - Intersection related,01 - Daylight,03 - P.D. only,04 - Sideswipe,Alta Vista
4154,DATA CENTRE RD @ RIVERSIDE DR,368895.7927,5027672.321,-75.68148788,45.38605838,2016-11-30,18:24,02 - Rain,02 - Wet,01 - Traffic signal,02 - Intersection related,07 - Dark,03 - P.D. only,07 - SMV other,Alta Vista
4155,DATA CENTRE RD btwn TURN LANE & TURN LANE,368949.2598,5027564.41,-75.68081919,45.38508253,2016-04-20,21:35,01 - Clear,01 - Dry,10 - No control,01 - Non intersection,07 - Dark,03 - P.D. only,01 - Approaching,Alta Vista
4156,DAUPHIN RD @ HAMLET RD,372256.853,5029178.037,-75.63836558,45.39929056,2016-10-19,8:28,01 - Clear,01 - Dry,02 - Stop sign,03 - At intersection,01 - Daylight,02 - Non-fatal injury,02 - Angle,Elmvale - Eastway - Riverview - Riverview Park West
4157,DAVID DR @ WOODROFFE AVE,362979.8614,5022907.915,-75.75758941,45.34370514,2016-10-24,13:07,01 - Clear,01 - Dry,02 - Stop sign,02 - Intersection related,01 - Daylight,02 - Non-fatal injury,03 - Rear end,Crestview - Meadowlands
4158,DAVID DR btwn HOWDEN AVE & SULLIVAN AVE,363267.0099,5023065.42,-75.75390692,45.34509849,2016-02-13,14:03,01 - Clear,01 - Dry,10 - No control,04 - At/near private drive,01 - Daylight,03 - P.D. only,05 - Turning movement,Crestview - Meadowlands
4159,DAVID DR btwn ROWLEY AVE & JOAN ST,364458.2577,5023700.068,-75.73863027,45.35070867,2016-01-18,14:20,01 - Clear,05 - Packed snow,10 - No control,04 - At/near private drive,01 - Daylight,03 - P.D. only,02 - Angle,Crestview - Meadowlands
4160,DAVID MANCHESTER RD @ RICHARDSON SIDE RD,344201.7682,5015306.233,-75.99780233,45.27660841,2016-04-25,9:57,01 - Clear,01 - Dry,02 - Stop sign,02 - Intersection related,01 - Daylight,03 - P.D. only,05 - Turning movement,Stittsville - Basswood
4161,DAVID MANCHESTER RD btwn Continuation of DAVID MANCHESTER RD & HAZELDE,345889.7834,5012529.182,-75.97651823,45.25152268,2016-05-26,20:51,02 - Rain,02 - Wet,10 - No control,01 - Non intersection,07 - Dark,03 - P.D. only,07 - SMV other,Stittsville - Basswood
4162,DAVID MANCHESTER RD btwn PENNYCROSS LANE & Continuation of DAVID MANCH,345800.0772,5013518.809,-75.97757939,45.26043302,2016-05-13,20:24,01 - Clear,08 - Loose sand or gravel,10 - No control,01 - Non intersection,05 - Dusk,03 - P.D. only,07 - SMV other,Stittsville - Basswood
4163,DAVIDSON RD @ HAWTHORNE RD,376282.0951,5024509.297,-75.58763291,45.35688425,2016-11-18,17:30,01 - Clear,01 - Dry,02 - Stop sign,03 - At intersection,07 - Dark,03 - P.D. only,02 - Angle,Greenbelt
4164,DAVIDSON RD btwn BANK ST & CONROY RD,373894.7477,5023057.526,-75.61830316,45.34406111,2016-03-20,17:53,01 - Clear,01 - Dry,10 - No control,04 - At/near private drive,01 - Daylight,02 - Non-fatal injury,07 - SMV other,Blossom Park - Blossom Park West - Sawmill Creek/ Timbermill
4165,DAVIDSON RD btwn BANK ST & CONROY RD,374019.736,5023129.31,-75.61669837,45.34469467,2016-10-27,19:23,03 - Snow,04 - Slush,10 - No control,01 - Non intersection,07 - Dark,02 - Non-fatal injury,07 - SMV other,Blossom Park - Blossom Park West - Sawmill Creek/ Timbermill
4166,DAVIDSON RD btwn BANK ST & CONROY RD,374014.1127,5023126.536,-75.61677051,45.34467027,2016-07-05,16:56,01 - Clear,01 - Dry,10 - No control,01 - Non intersection,01 - Daylight,03 - P.D. only,07 - SMV other,Blossom Park - Blossom Park West - Sawmill Creek/ Timbermill
4167,DAVIDSON RD btwn BANK ST & CONROY RD,374516.6086,5023423.999,-75.61031709,45.34729696,2016-11-21,21:00,03 - Snow,03 - Loose snow,10 - No control,01 - Non intersection,07 - Dark,03 - P.D. only,07 - SMV other,Blossom Park - Blossom Park West - Sawmill Creek/ Timbermill
4168,DAWSON AVE @ WESLEY AVE,363856.9196,5028330.33,-75.74575039,45.392422,2016-06-05,10:04,02 - Rain,02 - Wet,02 - Stop sign,03 - At intersection,01 - Daylight,03 - P.D. only,02 - Angle,Westboro
4169,DAZE ST @ 200 W OF BANK ST/SOUTHKEYS SC,371194.7939,5024143.688,-75.65260675,45.35409481,2016-03-03,9:57,01 - Clear,01 - Dry,01 - Traffic signal,03 - At intersection,01 - Daylight,03 - P.D. only,05 - Turning movement,South Keys - Heron Gate - Greenboro West
4170,DAZE ST btwn 200 W OF BANK ST & BANK ST,371291.5431,5024304.765,-75.65135042,45.35553496,2016-05-16,15:30,01 - Clear,01 - Dry,10 - No control,04 - At/near private drive,01 - Daylight,03 - P.D. only,02 - Angle,South Keys - Heron Gate - Greenboro West
4171,DAZE ST btwn HUNT CLUB RD & 200 W OF BANK ST,371199.5247,5024045.679,-75.65255954,45.35321251,2016-02-14,0:29,01 - Clear,01 - Dry,10 - No control,04 - At/near private drive,07 - Dark,03 - P.D. only,05 - Turning movement,South Keys - Heron Gate - Greenboro West
4172,DAZE ST btwn HUNT CLUB RD & 200 W OF BANK ST,371225.9733,5023980.361,-75.6522308,45.35262229,2016-06-28,12:15,01 - Clear,01 - Dry,10 - No control,04 - At/near private drive,01 - Daylight,03 - P.D. only,07 - SMV other,South Keys - Heron Gate - Greenboro West
4173,DAZE ST btwn HUNT CLUB RD & 200 W OF BANK ST,371206.0257,5024030.818,-75.65247858,45.35307818,2016-12-30,10:49,01 - Clear,02 - Wet,10 - No control,04 - At/near private drive,01 - Daylight,03 - P.D. only,02 - Angle,South Keys - Heron Gate - Greenboro West
4174,DEAKIN ST @ PRINCE OF WALES DR,367390.0525,5021522.829,-75.70149317,45.33086275,2016-10-28,18:55,01 - Clear,02 - Wet,01 - Traffic signal,03 - At intersection,07 - Dark,02 - Non-fatal injury,02 - Angle,Industrial Park
4175,DEAKIN ST @ PRINCE OF WALES DR,367390.0525,5021524.146,-75.70149301,45.3308746,2016-10-27,16:40,03 - Snow,02 - Wet,01 - Traffic signal,02 - Intersection related,05 - Dusk,02 - Non-fatal injury,04 - Sideswipe,Industrial Park
4176,DEAKIN ST @ PRINCE OF WALES DR,367390.0525,5021524.146,-75.70149301,45.3308746,2016-08-30,13:20,01 - Clear,01 - Dry,01 - Traffic signal,03 - At intersection,01 - Daylight,03 - P.D. only,02 - Angle,Industrial Park
4177,DEAKIN ST @ PRINCE OF WALES DR,367392.3674,5021523.074,-75.70146361,45.33086475,2016-10-28,16:20,02 - Rain,02 - Wet,01 - Traffic signal,02 - Intersection related,01 - Daylight,03 - P.D. only,03 - Rear end,Industrial Park
4178,DEAKIN ST @ PRINCE OF WALES DR,367389.6134,5021522.829,-75.70149877,45.33086279,2016-01-07,7:45,01 - Clear,02 - Wet,01 - Traffic signal,02 - Intersection related,03 - Dawn,03 - P.D. only,03 - Rear end,Industrial Park