Record,Location,X,Y,lon,lat,Date,Time,Environment,Road_Surface,Traffic_Control,Collision_Location,Light,Collision_Classification,Impact_type,Neighborhood
4179,DEAKIN ST @ PRINCE OF WALES DR,367390.7111,5021523.074,-75.70148474,45.3308649,2016-10-20,14:18,02 - Rain,02 - Wet,01 - Traffic signal,02 - Intersection related,01 - Daylight,03 - P.D. only,03 - Rear end,Industrial Park
4180,DEAKIN ST @ PRINCE OF WALES DR,367391.5393,5021521.417,-75.70147439,45.33084992,2016-11-25,16:42,"07 - Fog, mist, smoke, dust",02 - Wet,01 - Traffic signal,02 - Intersection related,05 - Dusk,03 - P.D. only,03 - Rear end,Industrial Park
4181,DEBRA AVE @ MEADOWLANDS DR,367214.0516,5025589.308,-75.7032251,45.3674678,2016-09-14,13:06,01 - Clear,01 - Dry,01 - Traffic signal,03 - At intersection,01 - Daylight,03 - P.D. only,05 - Turning movement,Carleton Heights - Rideauview
4182,DEBRA AVE @ MEADOWLANDS DR,367214.0284,5025590.892,-75.7032252,45.36748206,2016-06-27,16:36,01 - Clear,01 - Dry,01 - Traffic signal,02 - Intersection related,01 - Daylight,03 - P.D. only,03 - Rear end,Carleton Heights - Rideauview
4183,DEBRA AVE @ MEADOWLANDS DR,367213.0539,5025591.598,-75.70323755,45.3674885,2016-11-18,10:16,01 - Clear,01 - Dry,01 - Traffic signal,02 - Intersection related,01 - Daylight,03 - P.D. only,03 - Rear end,Carleton Heights - Rideauview
4184,DEBRA AVE @ MEADOWLANDS DR,367214.7102,5025588.286,-75.70321683,45.36745855,2016-12-16,15:56,01 - Clear,01 - Dry,01 - Traffic signal,02 - Intersection related,01 - Daylight,03 - P.D. only,04 - Sideswipe,Carleton Heights - Rideauview
4185,DEBRA AVE btwn BELLAMY ST & END,366928.5068,5025477.74,-75.70688403,45.36648931,2016-11-24,22:00,03 - Snow,04 - Slush,10 - No control,01 - Non intersection,07 - Dark,03 - P.D. only,06 - SMV unattended vehicle,Carleton Heights - Rideauview
4186,DECARIE DR @ JEANNE D'ARC BLVD,380868.5467,5038509.736,-75.52694013,45.48236734,2016-03-04,8:00,01 - Clear,01 - Dry,01 - Traffic signal,03 - At intersection,01 - Daylight,03 - P.D. only,02 - Angle,Orleans South West
4187,"DECOEUR, PROMENADE/SOUTHFIELD WAY @ TENTH LINE RD",384551.517,5034726.576,-75.48044916,45.447919,2016-06-04,16:08,01 - Clear,01 - Dry,02 - Stop sign,03 - At intersection,01 - Daylight,03 - P.D. only,02 - Angle,Avalon
4188,DEER PARK RD @ MEADOWLANDS DR,365979.1575,5024860.567,-75.71907844,45.36101961,2016-02-26,15:09,01 - Clear,01 - Dry,01 - Traffic signal,02 - Intersection related,01 - Daylight,03 - P.D. only,01 - Approaching,Borden Farm - Stewart Farm - Parkwood Hills - Fisher Glen
4189,DEER PARK RD btwn GREENWICH AVE & HIGWOOD DR,365921.0507,5024968.362,-75.71980675,45.3619946,2016-02-11,8:26,01 - Clear,05 - Packed snow,10 - No control,01 - Non intersection,01 - Daylight,03 - P.D. only,04 - Sideswipe,Cityview - Skyline - Fisher Heights
4190,DEERCROFT AVE @ LONGFIELDS DR,364481.0318,5015295.133,-75.73935205,45.27507966,2016-02-19,20:57,03 - Snow,03 - Loose snow,02 - Stop sign,03 - At intersection,07 - Dark,03 - P.D. only,05 - Turning movement,New Barrhaven
4191,DEERCROFT AVE @ LONGFIELDS DR,364479.4523,5015294.216,-75.73937229,45.27507155,2016-08-01,14:52,01 - Clear,01 - Dry,02 - Stop sign,03 - At intersection,01 - Daylight,03 - P.D. only,03 - Rear end,New Barrhaven
4192,DEERCROFT AVE btwn LONGFIELDS DR & HAYLOCK WAY,364584.9039,5015354.629,-75.73802113,45.27560618,2016-01-07,0:00,01 - Clear,01 - Dry,10 - No control,01 - Non intersection,00 - Unknown,03 - P.D. only,06 - SMV unattended vehicle,New Barrhaven
4193,DEERFIELD DR btwn NAVAHO DR & DEERFIELD DR,363395.4844,5023996.034,-75.75215734,45.35346134,2016-01-25,14:20,01 - Clear,01 - Dry,10 - No control,04 - At/near private drive,01 - Daylight,03 - P.D. only,99 - Other,Crestview - Meadowlands
4194,DEERFIELD DR btwn NAVAHO DR & DEERFIELD DR,363284.0812,5023933.464,-75.75358644,45.35290764,2016-03-08,8:30,01 - Clear,01 - Dry,10 - No control,04 - At/near private drive,01 - Daylight,03 - P.D. only,99 - Other,Crestview - Meadowlands
4195,DEERFOX DR btwn BEATRICE DR & SETTLER'S RIDGE WAY,365499.97,5015718.659,-75.72631485,45.27880331,2016-08-30,8:21,01 - Clear,01 - Dry,10 - No control,04 - At/near private drive,01 - Daylight,02 - Non-fatal injury,07 - SMV other,New Barrhaven
4196,DEERFOX DR btwn BEATRICE DR & SETTLER'S RIDGE WAY,365488.5861,5015712.741,-75.72646066,45.27875105,2016-05-14,22:19,01 - Clear,01 - Dry,10 - No control,01 - Non intersection,07 - Dark,03 - P.D. only,06 - SMV unattended vehicle,New Barrhaven
4197,DEERFOX DR btwn BEATRICE DR & SETTLER'S RIDGE WAY,365479.4258,5015706.305,-75.72657819,45.27869393,2016-03-03,11:14,03 - Snow,05 - Packed snow,10 - No control,04 - At/near private drive,01 - Daylight,03 - P.D. only,06 - SMV unattended vehicle,New Barrhaven
4198,DEERFOX DR btwn Continuation of DEERFOX DR & AMBERGLEN CRT,365048.5576,5015458.413,-75.73209964,45.27650046,2016-05-13,13:30,01 - Clear,01 - Dry,10 - No control,01 - Non intersection,01 - Daylight,03 - P.D. only,06 - SMV unattended vehicle,New Barrhaven
4199,DELAWARE AVE @ QUEEN ELIZABETH DRWY,368805.4552,5031046.848,-75.68220344,45.41642953,2016-06-12,21:15,01 - Clear,01 - Dry,02 - Stop sign,03 - At intersection,05 - Dusk,02 - Non-fatal injury,05 - Turning movement,Golden Triangle
4200,DEMETER ST btwn GOSNELL TER & LUDLOWE ST,385837.1134,5037682.458,-75.46352944,45.47436527,2016-06-28,3:00,01 - Clear,01 - Dry,10 - No control,01 - Non intersection,07 - Dark,03 - P.D. only,06 - SMV unattended vehicle,Cardinal Creek
4201,DEN HAAG DR @ MERGANSER ST,372661.4274,5033670.053,-75.63257981,45.43966852,2016-09-22,7:45,01 - Clear,01 - Dry,02 - Stop sign,03 - At intersection,01 - Daylight,03 - P.D. only,02 - Angle,Carson Grove - Carson Meadows
4202,DEN HAAG DR btwn CARSON'S RD & BATHGATE DR,373398.6099,5033921.848,-75.62312298,45.44186209,2016-10-17,0:00,01 - Clear,01 - Dry,10 - No control,01 - Non intersection,00 - Unknown,03 - P.D. only,06 - SMV unattended vehicle,Carson Grove - Carson Meadows
4203,DENALI WAY btwn END & TONY GEORGE PL,349381.2567,5015760.775,-75.93174909,45.2803892,2016-02-06,17:44,01 - Clear,01 - Dry,10 - No control,04 - At/near private drive,05 - Dusk,03 - P.D. only,06 - SMV unattended vehicle,Stittsville
4204,DENHAM WAY btwn VICTOR ST & IVA ST,350435.4861,5015213.934,-75.91836241,45.2754009,2016-02-16,15:55,03 - Snow,05 - Packed snow,10 - No control,01 - Non intersection,01 - Daylight,03 - P.D. only,06 - SMV unattended vehicle,Stittsville
4205,DERBY ST @ VICTORIA ST,385255.1448,5011048.831,-75.47530584,45.23480402,2016-10-11,14:23,01 - Clear,01 - Dry,02 - Stop sign,03 - At intersection,01 - Daylight,03 - P.D. only,07 - SMV other,Metcalfe
4206,DERBY ST btwn BYRON ST & END,385359.1727,5010876.176,-75.47400909,45.23323868,2016-02-17,9:26,01 - Clear,03 - Loose snow,10 - No control,04 - At/near private drive,01 - Daylight,03 - P.D. only,02 - Angle,Metcalfe
4207,DES BROUSSAILLES TER N @ MEADOWGLEN DR N,379632.5644,5034912.328,-75.54329614,45.45013421,2016-11-03,1:07,01 - Clear,01 - Dry,02 - Stop sign,02 - Intersection related,07 - Dark,02 - Non-fatal injury,07 - SMV other,Chapel Hill
4208,DES EPINETTES AVE @ JEANNE D'ARC BLVD,382225.8296,5035957.883,-75.5099826,45.45925877,2016-02-27,9:16,01 - Clear,01 - Dry,01 - Traffic signal,03 - At intersection,01 - Daylight,02 - Non-fatal injury,02 - Angle,Orleans Village - Chateauneuf
4209,DES EPINETTES AVE @ JEANNE D'ARC BLVD,382226.0747,5035959.245,-75.50997925,45.45927099,2016-05-04,7:39,01 - Clear,01 - Dry,01 - Traffic signal,02 - Intersection related,01 - Daylight,03 - P.D. only,03 - Rear end,Orleans Village - Chateauneuf
4210,DES EPINETTES AVE @ JEANNE D'ARC BLVD,382226.9676,5035958.352,-75.50996797,45.45926286,2016-11-19,13:38,01 - Clear,01 - Dry,01 - Traffic signal,02 - Intersection related,01 - Daylight,03 - P.D. only,04 - Sideswipe,Orleans Village - Chateauneuf
4211,DES EPINETTES AVE @ JEANNE D'ARC BLVD,382226.7481,5035957.883,-75.50997085,45.45925866,2016-04-07,11:51,01 - Clear,02 - Wet,01 - Traffic signal,03 - At intersection,01 - Daylight,03 - P.D. only,05 - Turning movement,Orleans Village - Chateauneuf
4212,DES EPINETTES AVE @ JEANNE D'ARC BLVD,382226.7481,5035959.72,-75.50997056,45.45927519,2016-09-08,14:53,01 - Clear,01 - Dry,01 - Traffic signal,02 - Intersection related,01 - Daylight,03 - P.D. only,03 - Rear end,Orleans Village - Chateauneuf
4213,DES EPINETTES AVE @ PRESTWICK DR,383333.9331,5036663.327,-75.49570314,45.46548205,2016-12-18,15:17,01 - Clear,04 - Slush,02 - Stop sign,03 - At intersection,01 - Daylight,03 - P.D. only,02 - Angle,Queenswood Heights
4214,DES EPINETTES AVE @ SILVER BARK AVE,382359.0795,5036181.839,-75.5082437,45.46125895,2016-03-11,18:24,01 - Clear,01 - Dry,02 - Stop sign,03 - At intersection,07 - Dark,03 - P.D. only,02 - Angle,Orleans Village - Chateauneuf
4215,DES EPINETTES AVE @ ST. GEORGES ST,382904.7517,5036403.241,-75.50123202,45.46319014,2016-06-06,18:53,01 - Clear,01 - Dry,02 - Stop sign,02 - Intersection related,01 - Daylight,02 - Non-fatal injury,07 - SMV other,Queenswood Heights
4216,DES EPINETTES AVE @ ST. GEORGES ST,382903.9235,5036403.332,-75.5012426,45.46319105,2016-12-17,14:02,03 - Snow,04 - Slush,02 - Stop sign,02 - Intersection related,01 - Daylight,03 - P.D. only,07 - SMV other,Queenswood Heights
4217,DES FORETS AVE btwn BILBERRY DR & DU BOIS AVE,380992.701,5038216.218,-75.52539773,45.47971298,2016-01-05,8:35,01 - Clear,01 - Dry,10 - No control,04 - At/near private drive,01 - Daylight,03 - P.D. only,02 - Angle,Orleans South West
4218,DES PERDRIX CRES N @ SUNVIEW DR N,381963.8381,5036266.825,-75.5132836,45.46206735,2016-08-17,18:03,01 - Clear,01 - Dry,02 - Stop sign,02 - Intersection related,01 - Daylight,02 - Non-fatal injury,03 - Rear end,Orleans Village - Chateauneuf
4219,DES RAVINS PL btwn FOREST VALLEY DR & FOREST VALLEY DR,379986.2693,5035307.182,-75.53871445,45.45364885,2016-01-23,14:30,01 - Clear,05 - Packed snow,10 - No control,04 - At/near private drive,01 - Daylight,03 - P.D. only,99 - Other,Chapel Hill
4220,DES SOLDATS-RIENDEAU ST btwn ANDRE AUDET AVE & RIVER MIST RD,364947.678,5011788.769,-75.73382953,45.2434896,2016-03-10,8:39,01 - Clear,01 - Dry,10 - No control,01 - Non intersection,01 - Daylight,03 - P.D. only,06 - SMV unattended vehicle,New Barrhaven
4221,DESCHAMPS AVE @ HANNAH ST,370163.4833,5033319.365,-75.66455219,45.43675117,2016-03-12,11:37,01 - Clear,01 - Dry,02 - Stop sign,02 - Intersection related,01 - Daylight,02 - Non-fatal injury,06 - SMV unattended vehicle,Vanier North
4222,DESCHAMPS AVE @ VANIER PKWY,369850.5852,5033266.915,-75.66855802,45.43630843,2016-05-28,5:45,01 - Clear,01 - Dry,01 - Traffic signal,02 - Intersection related,03 - Dawn,03 - P.D. only,07 - SMV other,Vanier North
4223,DEVINE RD @ DUNNING RD,397385.5561,5025072.116,-75.31822292,45.35947888,2016-03-16,7:30,01 - Clear,02 - Wet,02 - Stop sign,03 - At intersection,01 - Daylight,02 - Non-fatal injury,02 - Angle,Navan - Vars
4224,DEVINE RD @ FRANK KENNY RD,393674.3873,5023505.181,-75.365865,45.34586158,2016-08-18,7:47,01 - Clear,01 - Dry,02 - Stop sign,03 - At intersection,01 - Daylight,03 - P.D. only,05 - Turning movement,Navan - Vars
4225,DEVINE RD @ FRANK KENNY RD,393676.8667,5023503.045,-75.36583375,45.34584205,2016-12-16,6:30,01 - Clear,01 - Dry,02 - Stop sign,02 - Intersection related,07 - Dark,03 - P.D. only,03 - Rear end,Navan - Vars
4226,DEVINE RD @ FRONTIER RD,389636.7403,5021965.251,-75.41764439,45.33250667,2016-12-05,6:27,03 - Snow,05 - Packed snow,02 - Stop sign,03 - At intersection,07 - Dark,03 - P.D. only,02 - Angle,Navan - Vars
4227,DEVINE RD @ ROCKDALE RD,394887.6571,5024097.115,-75.35027763,45.35103236,2016-08-21,16:10,01 - Clear,01 - Dry,02 - Stop sign,03 - At intersection,01 - Daylight,02 - Non-fatal injury,02 - Angle,Navan - Vars
4228,DEVINE RD btwn FRONTIER RD & MCVAGH RD,391842.1672,5022818.919,-75.38936243,45.33991704,2016-07-09,6:53,01 - Clear,01 - Dry,10 - No control,01 - Non intersection,01 - Daylight,02 - Non-fatal injury,01 - Approaching,Carlingwood - McKellar Park - Laurentien View
4229,DEVINE RD btwn SAND RD & FRANK KENNY RD,393483.0031,5023428.004,-75.36832063,45.34519145,2016-08-12,19:36,02 - Rain,02 - Wet,10 - No control,01 - Non intersection,05 - Dusk,03 - P.D. only,07 - SMV other,Navan - Vars
4230,DEVONWOOD CIRC btwn TUNDRA SWAN BAY & BUCKNELL DR,375532.9575,5020645.736,-75.59774571,45.32219756,2016-07-09,9:52,01 - Clear,01 - Dry,10 - No control,01 - Non intersection,01 - Daylight,03 - P.D. only,06 - SMV unattended vehicle,Navan - Vars
4231,DIAMONDVIEW RD @ DONALD B. MUNRO DR,338123.9733,5022170.822,-76.07480333,45.33869369,2016-01-22,14:04,01 - Clear,01 - Dry,02 - Stop sign,03 - At intersection,01 - Daylight,03 - P.D. only,02 - Angle,Greenbelt
4232,DIAMONDVIEW RD @ DONALD B. MUNRO DR,338123.7386,5022170.837,-76.07480633,45.33869384,2016-04-02,17:47,01 - Clear,01 - Dry,02 - Stop sign,03 - At intersection,01 - Daylight,03 - P.D. only,02 - Angle,Carp - Hardwood Plains
4233,DIAMONDVIEW RD @ DONALD B. MUNRO DR,338123.7336,5022171.73,-76.07480633,45.33870187,2016-06-18,15:00,01 - Clear,01 - Dry,02 - Stop sign,03 - At intersection,01 - Daylight,03 - P.D. only,02 - Angle,Carp - Hardwood Plains
4234,DIAMONDVIEW RD @ OLD COACH RD,336618.8488,5024005.879,-76.09388939,45.35527624,2016-08-30,7:59,01 - Clear,01 - Dry,02 - Stop sign,03 - At intersection,01 - Daylight,02 - Non-fatal injury,02 - Angle,Carp - Hardwood Plains
4235,DIAMONDVIEW RD btwn DONALD B. MUNRO DR & WILLIAM HODGINS LANE,339241.3118,5020889.274,-76.06063626,45.3271078,2016-02-20,7:30,02 - Rain,04 - Slush,10 - No control,01 - Non intersection,01 - Daylight,03 - P.D. only,07 - SMV other,Carp - Hardwood Plains
4236,DIAMONDVIEW RD btwn THOMAS A. DOLAN PKWY & OLD COACH RD,335667.2703,5025124.155,-76.10596445,45.36538152,2016-03-17,6:35,"07 - Fog, mist, smoke, dust",06 - Ice,10 - No control,01 - Non intersection,03 - Dawn,03 - P.D. only,07 - SMV other,Carp - Hardwood Plains
4237,DIAMONDVIEW RD btwn THOMAS A. DOLAN PKWY & OLD COACH RD,335572.2734,5025173.17,-76.10717405,45.36582675,2016-01-12,14:22,01 - Clear,03 - Loose snow,10 - No control,01 - Non intersection,01 - Daylight,03 - P.D. only,07 - SMV other,Carp - Hardwood Plains
4238,DIANE CRES btwn YORK MILLS DR & YORK MILLS DR,383329.9737,5038384.123,-75.49547873,45.48096465,2016-01-23,23:42,01 - Clear,01 - Dry,10 - No control,01 - Non intersection,07 - Dark,03 - P.D. only,07 - SMV other,Carp - Hardwood Plains
4239,DIEPPE ST btwn MCARTHUR AVE & END,371325.2205,5032796.143,-75.64977569,45.43193389,2016-06-01,20:17,01 - Clear,01 - Dry,10 - No control,01 - Non intersection,01 - Daylight,03 - P.D. only,04 - Sideswipe,Fallingbrook
4240,DILWORTH RD btwn FOURTH LINE RD & HWY416 IC42 RAMP34,370773.8387,4994741.268,-75.66187521,45.08957432,2016-10-17,9:10,01 - Clear,01 - Dry,10 - No control,01 - Non intersection,01 - Daylight,03 - P.D. only,07 - SMV other,Castle Heights
4241,DOANE ST btwn LATS PRIV & CARLING AVE,359472.2831,5024353.072,-75.80218503,45.35699082,2016-02-02,10:30,01 - Clear,01 - Dry,10 - No control,01 - Non intersection,01 - Daylight,03 - P.D. only,06 - SMV unattended vehicle,Manotick - North Gower
4242,DOHENY ST btwn CAMPBELL AVE & CLYDE AVE,363549.847,5026685.677,-75.74986761,45.3776495,2016-11-22,12:10,01 - Clear,01 - Dry,10 - No control,04 - At/near private drive,01 - Daylight,03 - P.D. only,02 - Angle,Bayshore
4243,DOMALATCHY PL @ WOODROFFE AVE,362403.9144,5024138.413,-75.76479491,45.35482461,2016-09-19,11:01,01 - Clear,01 - Dry,02 - Stop sign,02 - Intersection related,01 - Daylight,03 - P.D. only,02 - Angle,Carlingwood West - Glabar Park - McKellar Heights
4244,DOMINION SPRINGS RD btwn HANSON SIDE RD & KINBURN SIDE RD,323848.2306,5023610.686,-76.25689671,45.35218329,2016-11-04,12:06,01 - Clear,01 - Dry,10 - No control,01 - Non intersection,01 - Daylight,03 - P.D. only,07 - SMV other,Iris
4245,DON REID DR @ ST. LAURENT BLVD,372713.4201,5027039.5,-75.63282877,45.38000477,2016-02-28,9:00,03 - Snow,03 - Loose snow,02 - Stop sign,03 - At intersection,01 - Daylight,03 - P.D. only,02 - Angle,Mississipp
4246,DON ST btwn POULIN AVE & REGINA ST,360333.9602,5025269.116,-75.79108484,45.36516563,2016-11-14,0:00,01 - Clear,01 - Dry,10 - No control,01 - Non intersection,00 - Unknown,03 - P.D. only,06 - SMV unattended vehicle,South Keys - Heron Gate - Greenboro West
4247,DON ST btwn POULIN AVE & REGINA ST,360312.1704,5025320.82,-75.79135717,45.36563259,2016-12-23,0:00,01 - Clear,02 - Wet,10 - No control,01 - Non intersection,00 - Unknown,03 - P.D. only,06 - SMV unattended vehicle,Woodroffe - Lincoln Heights
4248,DONALD B. MUNRO DR @ MEADOWRIDGE CIR,342360.1529,5022829.133,-76.02070368,45.34440342,2016-06-29,17:50,01 - Clear,01 - Dry,02 - Stop sign,02 - Intersection related,01 - Daylight,03 - P.D. only,07 - SMV other,Woodroffe - Lincoln Heights
4249,DONALD B. MUNRO DR btwn DIAMONDVIEW RD & OLD COACH RD,338198.2828,5022242.329,-76.07385038,45.33933361,2016-12-31,13:26,03 - Snow,03 - Loose snow,10 - No control,01 - Non intersection,01 - Daylight,02 - Non-fatal injury,07 - SMV other,Carp - Hardwood Plains
4250,DONALD B. MUNRO DR btwn DIAMONDVIEW RD & OLD COACH RD,338654.8297,5022672.554,-76.06799574,45.34318308,2016-11-21,20:00,03 - Snow,03 - Loose snow,10 - No control,04 - At/near private drive,07 - Dark,03 - P.D. only,07 - SMV other,Carp - Hardwood Plains
4251,DONALD B. MUNRO DR btwn JOHN SHAW RD & WILLIAM HODGINS LANE,335851.1351,5022654.887,-76.10377247,45.34315381,2016-08-12,6:43,02 - Rain,02 - Wet,10 - No control,01 - Non intersection,03 - Dawn,03 - P.D. only,07 - SMV other,Carp - Hardwood Plains
4252,DONALD B. MUNRO DR btwn ROBERTLEE DR & TO BE DETERMINED,342141.0862,5022880.966,-76.02349513,45.34488153,2016-02-05,8:05,01 - Clear,01 - Dry,10 - No control,01 - Non intersection,01 - Daylight,03 - P.D. only,03 - Rear end,Carp - Hardwood Plains
4253,DONALD B. MUNRO DR btwn THOMAS A. DOLAN PKWY & JOHN SHAW RD,334335.4809,5024042.763,-76.12302963,45.35570804,2016-02-11,10:55,05 - Drifting Snow,05 - Packed snow,10 - No control,01 - Non intersection,01 - Daylight,03 - P.D. only,07 - SMV other,Carp - Hardwood Plains
4254,DONALD B. MUNRO DR/OLD CARP RD W @ MARCH RD,343091.9871,5022593.049,-76.01138353,45.34223948,2016-09-23,18:20,01 - Clear,01 - Dry,02 - Stop sign,03 - At intersection,01 - Daylight,02 - Non-fatal injury,02 - Angle,Carp - Hardwood Plains
4255,DONALD ST @ 110 E OF ST. LAURENT BLVD ,372203.0265,5032482.494,-75.63860111,45.42902777,2016-01-15,15:41,01 - Clear,01 - Dry,01 - Traffic signal,03 - At intersection,01 - Daylight,03 - P.D. only,02 - Angle,Stittsville - Basswood
4256,DONALD ST @ 48 E  PAUL EMILE LAMARCHE,371409.0226,5032394.567,-75.6487591,45.42831272,2016-01-28,14:58,01 - Clear,02 - Wet,01 - Traffic signal,02 - Intersection related,01 - Daylight,02 - Non-fatal injury,03 - Rear end,Cummings
4257,DONALD ST @ ELAINE DR,372334.3729,5032481.244,-75.63692289,45.42900386,2016-10-06,22:18,01 - Clear,01 - Dry,01 - Traffic signal,03 - At intersection,07 - Dark,02 - Non-fatal injury,02 - Angle,Overbrook
4258,DONALD ST @ ELAINE DR,372332.6434,5032479.782,-75.63694519,45.42899087,2016-08-25,9:00,01 - Clear,02 - Wet,01 - Traffic signal,02 - Intersection related,01 - Daylight,03 - P.D. only,03 - Rear end,Cummings
4259,DONALD ST @ ELAINE DR,372333.7143,5032478.515,-75.63693168,45.42897937,2016-10-07,16:00,01 - Clear,01 - Dry,01 - Traffic signal,02 - Intersection related,01 - Daylight,03 - P.D. only,03 - Rear end,Cummings
4260,DONALD ST @ OKEE ST,371885.4988,5032446.909,-75.64266345,45.42873813,2016-04-29,9:21,01 - Clear,01 - Dry,02 - Stop sign,03 - At intersection,01 - Daylight,03 - P.D. only,03 - Rear end,Cummings
4261,DONALD ST @ QUILL ST,370699.0472,5032312.921,-75.65784228,45.42764535,2016-12-01,18:08,02 - Rain,02 - Wet,01 - Traffic signal,03 - At intersection,07 - Dark,02 - Non-fatal injury,05 - Turning movement,Overbrook
4262,DONALD ST @ ST. LAURENT BLVD,372094.6314,5032471.896,-75.63998767,45.42894286,2016-05-10,19:32,01 - Clear,01 - Dry,01 - Traffic signal,03 - At intersection,01 - Daylight,02 - Non-fatal injury,05 - Turning movement,Overbrook
4263,DONALD ST @ ST. LAURENT BLVD,372096.1974,5032471.343,-75.63996774,45.42893773,2016-09-16,8:50,01 - Clear,01 - Dry,01 - Traffic signal,03 - At intersection,01 - Daylight,02 - Non-fatal injury,03 - Rear end,Overbrook
4264,DONALD ST @ ST. LAURENT BLVD,372094.3893,5032471.908,-75.63999076,45.42894299,2016-06-03,18:09,01 - Clear,01 - Dry,01 - Traffic signal,02 - Intersection related,01 - Daylight,02 - Non-fatal injury,03 - Rear end,Overbrook
4265,DONALD ST @ ST. LAURENT BLVD,372094.3893,5032473.261,-75.63999058,45.42895516,2016-06-04,23:32,01 - Clear,01 - Dry,01 - Traffic signal,03 - At intersection,07 - Dark,02 - Non-fatal injury,05 - Turning movement,Overbrook
4266,DONALD ST @ ST. LAURENT BLVD,372093.7129,5032472.999,-75.63999926,45.42895287,2016-10-27,19:06,03 - Snow,02 - Wet,01 - Traffic signal,03 - At intersection,07 - Dark,02 - Non-fatal injury,07 - SMV other,Overbrook
4267,DONALD ST @ ST. LAURENT BLVD,372093.4934,5032472.365,-75.64000215,45.42894719,2016-07-26,22:10,01 - Clear,01 - Dry,01 - Traffic signal,03 - At intersection,07 - Dark,02 - Non-fatal injury,05 - Turning movement,Overbrook
4268,DONALD ST @ ST. LAURENT BLVD,372093.3785,5032472.585,-75.64000359,45.42894918,2016-07-12,9:48,01 - Clear,01 - Dry,01 - Traffic signal,02 - Intersection related,01 - Daylight,02 - Non-fatal injury,03 - Rear end,Overbrook
4269,DONALD ST @ ST. LAURENT BLVD,372093.7129,5032472.171,-75.63999937,45.42894542,2016-12-14,18:20,01 - Clear,03 - Loose snow,01 - Traffic signal,02 - Intersection related,07 - Dark,02 - Non-fatal injury,03 - Rear end,Overbrook
4270,DONALD ST @ ST. LAURENT BLVD,372093.6879,5032472.617,-75.63999963,45.42894943,2016-04-01,16:37,01 - Clear,01 - Dry,01 - Traffic signal,02 - Intersection related,01 - Daylight,03 - P.D. only,03 - Rear end,Overbrook
4271,DONALD ST @ ST. LAURENT BLVD,372093.0311,5032472.585,-75.64000803,45.42894921,2016-08-02,18:42,01 - Clear,01 - Dry,01 - Traffic signal,02 - Intersection related,01 - Daylight,03 - P.D. only,04 - Sideswipe,Overbrook
4272,DONALD ST @ ST. LAURENT BLVD,372094.3788,5032472.807,-75.63999077,45.42895108,2016-03-08,12:23,01 - Clear,02 - Wet,01 - Traffic signal,02 - Intersection related,01 - Daylight,03 - P.D. only,03 - Rear end,Overbrook
4273,DONALD ST @ ST. LAURENT BLVD,372093.0543,5032473.683,-75.64000758,45.42895909,2016-03-03,17:21,01 - Clear,01 - Dry,01 - Traffic signal,03 - At intersection,05 - Dusk,03 - P.D. only,05 - Turning movement,Overbrook
4274,DONALD ST @ ST. LAURENT BLVD,372092.642,5032472.317,-75.64001303,45.42894684,2016-10-06,14:25,01 - Clear,01 - Dry,01 - Traffic signal,03 - At intersection,01 - Daylight,03 - P.D. only,03 - Rear end,Overbrook
4275,DONALD ST @ ST. LAURENT BLVD,372093.4934,5032471.926,-75.64000221,45.42894324,2016-01-19,15:18,01 - Clear,01 - Dry,01 - Traffic signal,02 - Intersection related,01 - Daylight,03 - P.D. only,03 - Rear end,Overbrook
4276,DONALD ST @ ST. LAURENT BLVD,372093.4934,5032471.926,-75.64000221,45.42894324,2016-09-02,20:52,01 - Clear,01 - Dry,01 - Traffic signal,02 - Intersection related,07 - Dark,03 - P.D. only,99 - Other,Overbrook
4277,DONALD ST @ ST. LAURENT BLVD,372093.4934,5032471.487,-75.64000227,45.42893929,2016-01-12,16:52,03 - Snow,04 - Slush,01 - Traffic signal,02 - Intersection related,05 - Dusk,03 - P.D. only,03 - Rear end,Overbrook
4278,DONALD ST @ ST. LAURENT BLVD,372093.9374,5032473.258,-75.63999635,45.42895518,2016-03-18,15:30,01 - Clear,01 - Dry,01 - Traffic signal,02 - Intersection related,01 - Daylight,03 - P.D. only,03 - Rear end,Overbrook
4279,DONALD ST @ ST. LAURENT BLVD,372093.1774,5032472.853,-75.64000612,45.42895161,2016-08-21,12:47,02 - Rain,02 - Wet,01 - Traffic signal,02 - Intersection related,01 - Daylight,03 - P.D. only,03 - Rear end,Overbrook
4280,DONALD ST @ ST. LAURENT BLVD,372093.0365,5032471.908,-75.64000805,45.42894312,2016-06-17,6:20,01 - Clear,01 - Dry,01 - Traffic signal,02 - Intersection related,01 - Daylight,03 - P.D. only,05 - Turning movement,Overbrook
4281,DONALD ST @ ST. LAURENT BLVD,372092.5855,5032472.81,-75.64001369,45.42895128,2016-06-24,12:21,01 - Clear,01 - Dry,01 - Traffic signal,02 - Intersection related,01 - Daylight,03 - P.D. only,03 - Rear end,Overbrook
4282,DONALD ST @ ST. LAURENT BLVD,372093.7129,5032472.171,-75.63999937,45.42894542,2016-09-27,1:32,02 - Rain,02 - Wet,01 - Traffic signal,02 - Intersection related,07 - Dark,03 - P.D. only,03 - Rear end,Overbrook