Record,Location,X,Y,lon,lat,Date,Time,Environment,Road_Surface,Traffic_Control,Collision_Location,Light,Collision_Classification,Impact_type,Neighborhood
4283,DONALD ST @ ST. LAURENT BLVD,372093.4934,5032472.804,-75.64000209,45.42895114,2016-11-10,17:39,01 - Clear,01 - Dry,01 - Traffic signal,03 - At intersection,07 - Dark,03 - P.D. only,05 - Turning movement,Overbrook
4284,DONALD ST @ ST. LAURENT BLVD,372092.8847,5032471.343,-75.64001007,45.42893805,2016-09-28,15:30,01 - Clear,01 - Dry,01 - Traffic signal,02 - Intersection related,01 - Daylight,03 - P.D. only,03 - Rear end,Overbrook
4285,DONALD ST @ ST. LAURENT BLVD,372093.7129,5032470.515,-75.6399996,45.42893052,2016-02-18,8:59,04 - Freezing Rain,06 - Ice,01 - Traffic signal,02 - Intersection related,01 - Daylight,03 - P.D. only,03 - Rear end,Overbrook
4286,DONALD ST @ ST. LAURENT BLVD,372094.5411,5032473.827,-75.63998856,45.42896024,2016-11-24,6:04,03 - Snow,03 - Loose snow,01 - Traffic signal,02 - Intersection related,07 - Dark,03 - P.D. only,07 - SMV other,Overbrook
4287,DONALD ST @ ST. LAURENT BLVD,372093.7129,5032471.343,-75.63999948,45.42893797,2016-12-13,16:07,01 - Clear,02 - Wet,01 - Traffic signal,02 - Intersection related,05 - Dusk,03 - P.D. only,04 - Sideswipe,Overbrook
4288,DONALD ST @ ST. LAURENT BLVD,372095.3692,5032472.171,-75.63997821,45.42894526,2016-12-30,7:23,01 - Clear,04 - Slush,01 - Traffic signal,02 - Intersection related,03 - Dawn,03 - P.D. only,03 - Rear end,Overbrook
4289,DONALD ST @ TELFORD AVE,371696.0545,5032427.351,-75.64508688,45.4285803,2016-01-21,8:17,03 - Snow,03 - Loose snow,01 - Traffic signal,02 - Intersection related,01 - Daylight,02 - Non-fatal injury,03 - Rear end,Overbrook
4290,DONALD ST @ TELFORD AVE,371695.0568,5032426.328,-75.64509977,45.42857119,2016-10-21,15:07,02 - Rain,02 - Wet,01 - Traffic signal,02 - Intersection related,01 - Daylight,02 - Non-fatal injury,07 - SMV other,Overbrook
4291,DONALD ST @ VANIER PKWY,370310.6154,5032271.683,-75.6628112,45.4273108,2016-08-29,6:26,01 - Clear,01 - Dry,01 - Traffic signal,03 - At intersection,01 - Daylight,02 - Non-fatal injury,02 - Angle,Overbrook
4292,DONALD ST @ VANIER PKWY,370311.0545,5032270.366,-75.66280576,45.42729891,2016-08-15,21:48,01 - Clear,01 - Dry,01 - Traffic signal,03 - At intersection,07 - Dark,02 - Non-fatal injury,05 - Turning movement,Overbrook
4293,DONALD ST @ VANIER PKWY,370311.4936,5032270.805,-75.66280009,45.42730282,2016-08-29,20:24,01 - Clear,01 - Dry,01 - Traffic signal,03 - At intersection,07 - Dark,02 - Non-fatal injury,05 - Turning movement,Overbrook
4294,DONALD ST @ VANIER PKWY,370312.3717,5032271.683,-75.66278876,45.42731064,2016-01-25,14:45,01 - Clear,01 - Dry,01 - Traffic signal,02 - Intersection related,01 - Daylight,03 - P.D. only,03 - Rear end,Overbrook
4295,DONALD ST @ VANIER PKWY,370311.0367,5032270.36,-75.66280599,45.42729886,2016-05-28,14:40,01 - Clear,01 - Dry,01 - Traffic signal,03 - At intersection,01 - Daylight,03 - P.D. only,05 - Turning movement,Overbrook
4296,DONALD ST @ VANIER PKWY,370311.9404,5032271.494,-75.66279429,45.42730898,2016-08-08,21:47,01 - Clear,01 - Dry,01 - Traffic signal,02 - Intersection related,07 - Dark,03 - P.D. only,03 - Rear end,Overbrook
4297,DONALD ST @ VANIER PKWY,370311.9404,5032271.04,-75.66279435,45.42730489,2016-07-15,18:47,01 - Clear,02 - Wet,01 - Traffic signal,02 - Intersection related,01 - Daylight,03 - P.D. only,03 - Rear end,Overbrook
4298,DONALD ST @ VANIER PKWY,370312.8329,5032271.705,-75.66278286,45.42731079,2016-03-28,21:12,02 - Rain,02 - Wet,01 - Traffic signal,03 - At intersection,07 - Dark,03 - P.D. only,05 - Turning movement,Overbrook
4299,DONALD ST @ VANIER PKWY,370311.4936,5032270.366,-75.66280015,45.42729887,2016-09-20,11:20,01 - Clear,01 - Dry,01 - Traffic signal,03 - At intersection,01 - Daylight,03 - P.D. only,05 - Turning movement,Overbrook
4300,DONALD ST @ VANIER PKWY,370311.9326,5032269.488,-75.66279466,45.42729093,2016-11-29,10:26,02 - Rain,02 - Wet,01 - Traffic signal,03 - At intersection,01 - Daylight,03 - P.D. only,05 - Turning movement,Overbrook
4301,DONALD ST btwn 110 E OF ST. LAURENT BLVD & ELAINE DR,372232.9459,5032486.513,-75.63821824,45.42906105,2016-08-16,17:53,02 - Rain,02 - Wet,10 - No control,01 - Non intersection,01 - Daylight,02 - Non-fatal injury,07 - SMV other,Overbrook
4302,DONALD ST btwn 110 E OF ST. LAURENT BLVD & ELAINE DR,372293.2185,5032487.778,-75.63744788,45.42906662,2016-01-02,9:57,01 - Clear,02 - Wet,10 - No control,04 - At/near private drive,01 - Daylight,03 - P.D. only,02 - Angle,Cummings
4303,DONALD ST btwn 48 E  PAUL EMILE LAMARCHE & FRANCES ST,371478.0604,5032402.68,-75.64787582,45.42837913,2016-02-18,9:30,01 - Clear,06 - Ice,10 - No control,01 - Non intersection,01 - Daylight,03 - P.D. only,01 - Approaching,Cummings
4304,DONALD ST btwn BARNABY PRIV & TELFORD AVE,371687.2729,5032426.912,-75.64519916,45.42857719,2016-09-22,15:13,01 - Clear,01 - Dry,10 - No control,04 - At/near private drive,01 - Daylight,03 - P.D. only,02 - Angle,Overbrook
4305,DONALD ST btwn BARNABY PRIV & TELFORD AVE,371647.1821,5032420.066,-75.64571238,45.42851942,2016-01-05,17:00,01 - Clear,01 - Dry,10 - No control,01 - Non intersection,05 - Dusk,03 - P.D. only,03 - Rear end,Overbrook
4306,DONALD ST btwn BELGATE WAY & CUMMINGS AVE,372629.8657,5032408.286,-75.63315703,45.42831882,2016-09-26,0:00,01 - Clear,01 - Dry,10 - No control,01 - Non intersection,00 - Unknown,03 - P.D. only,06 - SMV unattended vehicle,Overbrook
4307,DONALD ST btwn BRANT ST & AVE. PAUL EMILE LAMARCHE AVE,371352.3025,5032386.727,-75.64948494,45.42824757,2016-11-06,11:31,01 - Clear,01 - Dry,10 - No control,04 - At/near private drive,01 - Daylight,02 - Non-fatal injury,07 - SMV other,Cummings
4308,DONALD ST btwn EVE ST & LOLA ST,370927.8648,5032339.48,-75.65491486,45.42786272,2016-04-23,11:34,01 - Clear,01 - Dry,10 - No control,01 - Non intersection,01 - Daylight,02 - Non-fatal injury,03 - Rear end,Overbrook
4309,DONALD ST btwn FINDON GT & BELGATE WAY,372577.8166,5032403.814,-75.63382273,45.42828363,2016-06-18,10:57,01 - Clear,01 - Dry,10 - No control,01 - Non intersection,01 - Daylight,03 - P.D. only,03 - Rear end,Overbrook
4310,DONALD ST btwn FINDON GT & BELGATE WAY,372445.3991,5032439.338,-75.63550991,45.42861608,2016-01-05,11:00,01 - Clear,01 - Dry,10 - No control,04 - At/near private drive,01 - Daylight,03 - P.D. only,02 - Angle,Cummings
4311,DONALD ST btwn MARGUERITE AVE & VANIER PKWY,370189.6526,5032256.028,-75.66435895,45.42718126,2016-04-08,16:39,01 - Clear,02 - Wet,10 - No control,01 - Non intersection,01 - Daylight,03 - P.D. only,06 - SMV unattended vehicle,Cummings
4312,DONALD ST btwn MARGUERITE AVE & VANIER PKWY,370254.0634,5032261.273,-75.66353521,45.42722243,2016-03-14,14:06,02 - Rain,02 - Wet,10 - No control,04 - At/near private drive,01 - Daylight,03 - P.D. only,02 - Angle,Overbrook
4313,DONALD ST btwn ST. LAURENT BLVD & GL/OT BOUNDARY,372134.3276,5032477.195,-75.63947969,45.42898671,2016-01-16,10:43,01 - Clear,01 - Dry,10 - No control,04 - At/near private drive,01 - Daylight,03 - P.D. only,02 - Angle,Overbrook
4314,DONALD ST btwn TELFORD AVE & OKEE ST,371703.252,5032429.149,-75.64499467,45.42859579,2016-06-03,23:41,01 - Clear,01 - Dry,10 - No control,01 - Non intersection,07 - Dark,03 - P.D. only,01 - Approaching,Cummings
4315,DONLAND AVE btwn PARKER AVE & VIEWMOUNT DR,363805.3577,5022621.863,-75.7470906,45.34106232,2016-02-23,0:00,01 - Clear,06 - Ice,10 - No control,01 - Non intersection,00 - Unknown,03 - P.D. only,06 - SMV unattended vehicle,Overbrook
4316,DONLAND AVE btwn PARKER AVE & VIEWMOUNT DR,363821.5834,5022635.364,-75.74688197,45.34118244,2016-12-12,15:55,03 - Snow,03 - Loose snow,10 - No control,01 - Non intersection,01 - Daylight,03 - P.D. only,01 - Approaching,Crestview - Meadowlands
4317,DONNELLY DR @ MALAKOFF RD,367936.3676,4989688.204,-75.69855419,45.04436449,2016-07-24,19:20,01 - Clear,01 - Dry,02 - Stop sign,03 - At intersection,01 - Daylight,02 - Non-fatal injury,02 - Angle,Crestview - Meadowlands
4318,DONNELLY DR @ MCCORDICK RD,370435.4689,4991830.221,-75.66655425,45.06341174,2016-05-06,17:49,01 - Clear,01 - Dry,02 - Stop sign,02 - Intersection related,01 - Daylight,03 - P.D. only,03 - Rear end,Munster Hamlet - Richmond
4319,DONNELLY DR @ MCCORDICK RD,370436.5218,4991829.807,-75.66654093,45.06340792,2016-10-23,22:56,01 - Clear,01 - Dry,02 - Stop sign,02 - Intersection related,07 - Dark,03 - P.D. only,07 - SMV other,Munster Hamlet - Richmond
4320,DONNELLY DR btwn FAIRMILE RD & FOURTH LINE RD,371893.9181,4992738.046,-75.64791538,45.07144382,2016-11-14,20:56,01 - Clear,01 - Dry,10 - No control,01 - Non intersection,07 - Dark,03 - P.D. only,07 - SMV other,Munster Hamlet - Richmond
4321,DONNELLY DR btwn HARNETT RD & MALAKOFF RD,366164.6078,4988140.432,-75.72123154,45.03059272,2016-05-04,16:36,01 - Clear,01 - Dry,10 - No control,01 - Non intersection,01 - Daylight,02 - Non-fatal injury,07 - SMV other,Manotick - North Gower
4322,DONNELLY DR btwn HARNETT RD & MALAKOFF RD,366856.5772,4988747.458,-75.71237577,45.03599472,2016-09-18,19:15,01 - Clear,01 - Dry,10 - No control,01 - Non intersection,05 - Dusk,03 - P.D. only,07 - SMV other,Munster Hamlet - Richmond
4323,DONNELLY DR btwn JOE DREW LANE & WEEDMARK RD,362420.391,4984192.815,-75.76919673,44.99538433,2016-01-19,5:55,01 - Clear,05 - Packed snow,10 - No control,01 - Non intersection,07 - Dark,03 - P.D. only,07 - SMV other,Munster Hamlet - Richmond
4324,DONNELLY DR btwn MILL POND LANE & DWYER HILL RD,360055.0375,4982829.18,-75.7993439,44.98330159,2016-07-09,6:31,01 - Clear,01 - Dry,10 - No control,01 - Non intersection,01 - Daylight,03 - P.D. only,07 - SMV other,Munster Hamlet - Richmond
4325,DONWEL DR @ STEPHANIE ANNE DR/ASHLEY CARDILL L,378838.2146,5013126.095,-75.55671237,45.25419842,2016-11-24,16:30,02 - Rain,03 - Loose snow,02 - Stop sign,02 - Intersection related,05 - Dusk,03 - P.D. only,03 - Rear end,Munster Hamlet - Richmond
4326,DORCHESTER AVE @ HOLLINGTON ST,365326.5771,5026844.376,-75.72716447,45.37892621,2016-02-03,19:50,01 - Clear,04 - Slush,02 - Stop sign,03 - At intersection,07 - Dark,02 - Non-fatal injury,07 - SMV other,Greely
4327,DORCHESTER AVE btwn HOLLINGTON ST & CHEVRIER ST,365428.6588,5026908.427,-75.72585329,45.3794937,2016-01-08,18:45,01 - Clear,03 - Loose snow,10 - No control,01 - Non intersection,07 - Dark,03 - P.D. only,06 - SMV unattended vehicle,Carlington
4328,DORCHESTER AVE btwn PRINCE ST & SILVER ST,365042.1431,5026661.254,-75.73081829,45.37730303,2016-02-10,18:00,03 - Snow,05 - Packed snow,10 - No control,01 - Non intersection,07 - Dark,03 - P.D. only,06 - SMV unattended vehicle,Carlington
4329,DORIMA ST btwn INNES RD & RENAISSANCE DR,384315.7165,5036315.743,-75.48320623,45.46224374,2016-08-28,0:00,01 - Clear,01 - Dry,10 - No control,01 - Non intersection,00 - Unknown,03 - P.D. only,06 - SMV unattended vehicle,Carlington
4330,DORIMA ST btwn RENAISSANCE DR & END,384375.137,5036186.046,-75.48246752,45.46107008,2016-02-21,7:00,01 - Clear,05 - Packed snow,10 - No control,01 - Non intersection,03 - Dawn,03 - P.D. only,06 - SMV unattended vehicle,Avalon
4331,DORION AVE btwn ALTA VISTA DR & BLAIR ST,370701.5809,5030124.559,-75.65810258,45.40795513,2016-06-25,9:47,01 - Clear,01 - Dry,10 - No control,01 - Non intersection,01 - Daylight,02 - Non-fatal injury,06 - SMV unattended vehicle,Avalon
4332,DORION AVE btwn ALTA VISTA DR & BLAIR ST,370792.1125,5030102.793,-75.65694907,45.40775076,2016-04-06,18:19,03 - Snow,05 - Packed snow,10 - No control,01 - Non intersection,05 - Dusk,03 - P.D. only,01 - Approaching,Elmvale - Eastway - Riverview - Riverview Park West
4333,DOUGLAS AVE btwn PUTMAN AVE & BEECHWOOD AVE,369290.099,5033774.254,-75.67565464,45.44092518,2016-01-21,14:30,01 - Clear,01 - Dry,10 - No control,01 - Non intersection,01 - Daylight,03 - P.D. only,06 - SMV unattended vehicle,Elmvale - Eastway - Riverview - Riverview Park West
4334,DOUGLAS AVE btwn PUTMAN AVE & BEECHWOOD AVE,369295.5528,5033750.019,-75.67558811,45.44070662,2016-12-13,8:03,03 - Snow,03 - Loose snow,10 - No control,04 - At/near private drive,01 - Daylight,03 - P.D. only,06 - SMV unattended vehicle,Lindenlea
4335,DOVERCOURT AVE @ FRASER AVE,362758.2069,5027027.799,-75.75993445,45.3807938,2016-07-18,13:07,01 - Clear,01 - Dry,02 - Stop sign,03 - At intersection,01 - Daylight,02 - Non-fatal injury,02 - Angle,Lindenlea
4336,DOVERCOURT AVE @ FRASER AVE,362757.6881,5027027.28,-75.75994113,45.38078918,2016-07-15,11:07,01 - Clear,01 - Dry,02 - Stop sign,03 - At intersection,01 - Daylight,03 - P.D. only,02 - Angle,Carlingwood - McKellar Park - Laurentien View
4337,DOVERCOURT AVE @ FRASER AVE,362758.8644,5027027.179,-75.75992612,45.38078817,2016-01-04,13:02,01 - Clear,04 - Slush,02 - Stop sign,03 - At intersection,01 - Daylight,03 - P.D. only,02 - Angle,Carlingwood - McKellar Park - Laurentien View
4338,DOVERCOURT AVE @ KIRKWOOD AVE,364206.1479,5027653.238,-75.7413721,45.38630011,2016-07-13,15:07,02 - Rain,02 - Wet,02 - Stop sign,02 - Intersection related,01 - Daylight,03 - P.D. only,03 - Rear end,Carlingwood - McKellar Park - Laurentien View
4339,DOVERCOURT AVE @ ROWANWOOD AVE,362239.4741,5026816.88,-75.76658211,45.3789387,2016-11-27,12:58,01 - Clear,01 - Dry,02 - Stop sign,03 - At intersection,01 - Daylight,03 - P.D. only,02 - Angle,Westboro
4340,DOVERCOURT AVE @ SHERBOURNE RD,362151.5927,5026790.195,-75.76770723,45.37870579,2016-01-20,9:22,01 - Clear,01 - Dry,02 - Stop sign,03 - At intersection,01 - Daylight,03 - P.D. only,02 - Angle,Carlingwood - McKellar Park - Laurentien View
4341,DOVERCOURT AVE @ WINDERMERE AVE,362535.9183,5026935.864,-75.76278335,45.37998494,2016-06-17,17:59,01 - Clear,01 - Dry,02 - Stop sign,03 - At intersection,01 - Daylight,02 - Non-fatal injury,02 - Angle,Carlingwood - McKellar Park - Laurentien View
4342,DOVERCOURT AVE @ WINDERMERE AVE,362535.0342,5026936.76,-75.76279454,45.37999307,2016-09-24,11:34,01 - Clear,01 - Dry,02 - Stop sign,03 - At intersection,01 - Daylight,03 - P.D. only,02 - Angle,Carlingwood - McKellar Park - Laurentien View
4343,DOWNPATRICK RD @ SHANEGAL CRES N,370426.1517,5023022.803,-75.66256458,45.34408177,2016-09-17,7:25,01 - Clear,01 - Dry,02 - Stop sign,03 - At intersection,01 - Daylight,02 - Non-fatal injury,02 - Angle,Hunt Club - Ottawa Airport
4344,DOWNPATRICK RD @ UPLANDS DR,370293.3996,5022804.733,-75.66428728,45.34213204,2016-02-01,19:10,01 - Clear,01 - Dry,02 - Stop sign,02 - Intersection related,07 - Dark,03 - P.D. only,04 - Sideswipe,Hunt Club - Ottawa Airport
4345,DOWNSVIEW CRES W @ WOODFIELD DR W,364576.8762,5021876.916,-75.73733688,45.33429405,2016-09-01,12:20,01 - Clear,01 - Dry,02 - Stop sign,02 - Intersection related,01 - Daylight,02 - Non-fatal injury,03 - Rear end,Tanglewood
4346,DOWSER ST @ GLEN ST,384963.4219,5011125.004,-75.47900842,45.23552266,2016-01-29,19:12,03 - Snow,05 - Packed snow,02 - Stop sign,03 - At intersection,07 - Dark,03 - P.D. only,02 - Angle,Metcalfe
4347,DOYLE RD @ SNAKE ISLAND RD,375042.6183,5004189.145,-75.60632472,45.17417476,2016-10-10,11:34,01 - Clear,01 - Dry,02 - Stop sign,03 - At intersection,01 - Daylight,03 - P.D. only,02 - Angle,Kars - Osgoode
4348,DOYLE RD btwn RIVER RD & TO BE DETERMINED,374848.6658,5004540.894,-75.60874264,45.17735903,2016-03-29,17:50,01 - Clear,01 - Dry,10 - No control,01 - Non intersection,01 - Daylight,03 - P.D. only,07 - SMV other,Kars - Osgoode
4349,DRAPER AVE btwn CORNELL ST & LISA AVE,360442.9284,5022793.818,-75.78997251,45.34288433,2016-01-05,7:58,01 - Clear,05 - Packed snow,10 - No control,01 - Non intersection,01 - Daylight,02 - Non-fatal injury,07 - SMV other,Qualicum - Redwood Park
4350,DRAPER AVE btwn CORNELL ST & LISA AVE,360436.6074,5022671.61,-75.7900669,45.3417852,2016-04-29,14:30,01 - Clear,01 - Dry,10 - No control,04 - At/near private drive,01 - Daylight,03 - P.D. only,02 - Angle,Qualicum - Redwood Park
4351,DRAPER AVE btwn CORNELL ST & LISA AVE,360444.3004,5022759.69,-75.78995884,45.34257713,2016-11-05,2:30,01 - Clear,01 - Dry,10 - No control,01 - Non intersection,07 - Dark,03 - P.D. only,06 - SMV unattended vehicle,Qualicum - Redwood Park
4352,DRAPER AVE btwn PATHWAY PRIV & LISA AVE,360435.4368,5022894.219,-75.7900568,45.34378833,2016-10-21,12:47,02 - Rain,02 - Wet,10 - No control,01 - Non intersection,01 - Daylight,03 - P.D. only,04 - Sideswipe,Qualicum - Redwood Park
4353,DRIVEWAY (THE) @ PRINCE OF WALES DR,366876.5528,5028145.025,-75.70721187,45.39049351,2016-06-04,10:59,01 - Clear,01 - Dry,11 - Roundabout,03 - At intersection,01 - Daylight,03 - P.D. only,03 - Rear end,Civic Hospital - Experimental Farm - Central Park
4354,DRIVEWAY (THE) @ PRINCE OF WALES DR,366883.978,5028137.28,-75.70711803,45.39042317,2016-06-24,15:38,01 - Clear,01 - Dry,11 - Roundabout,03 - At intersection,01 - Daylight,03 - P.D. only,03 - Rear end,Civic Hospital - Experimental Farm - Central Park
4355,DRIVEWAY (THE) @ PRINCE OF WALES DR,366883.6895,5028137.587,-75.70712167,45.39042596,2016-05-06,17:45,01 - Clear,01 - Dry,11 - Roundabout,03 - At intersection,01 - Daylight,03 - P.D. only,04 - Sideswipe,Civic Hospital - Experimental Farm - Central Park
4356,DRIVEWAY (THE) @ PRINCE OF WALES DR,366884.0808,5028137.548,-75.70711668,45.39042557,2016-11-15,15:26,01 - Clear,01 - Dry,11 - Roundabout,03 - At intersection,01 - Daylight,03 - P.D. only,03 - Rear end,Civic Hospital - Experimental Farm - Central Park
4357,DRIVEWAY (THE) btwn CENTRAL AVE & GILMOUR ST,368678.1884,5031387.067,-75.68378525,45.41950233,2016-06-17,19:00,01 - Clear,01 - Dry,10 - No control,01 - Non intersection,01 - Daylight,03 - P.D. only,06 - SMV unattended vehicle,Golden Triangle
4358,DRUMMOND ST btwn HAZEL ST & HERRIDGE ST,369069.5005,5029996.792,-75.678967,45.40695729,2016-01-18,15:52,01 - Clear,05 - Packed snow,10 - No control,04 - At/near private drive,01 - Daylight,03 - P.D. only,05 - Turning movement,Old Ottawa East
4359,DRUMSO ST @ MARGRAVE AVE E,372611.8659,5025513.337,-75.63433487,45.3662828,2016-07-27,11:35,01 - Clear,01 - Dry,02 - Stop sign,03 - At intersection,01 - Daylight,03 - P.D. only,02 - Angle,Greenboro East
4360,DU CLAIRVAUX RD btwn FERNGROVE GT & LA CHAPELLE ST,380136.4064,5034208.537,-75.5369634,45.4437479,2016-11-26,17:00,01 - Clear,02 - Wet,10 - No control,01 - Non intersection,07 - Dark,03 - P.D. only,06 - SMV unattended vehicle,Chapel Hill
4361,DU GRAND BOIS AVE @ INNES RD,383108.0991,5035762.148,-75.49873422,45.45739939,2016-12-29,17:13,03 - Snow,03 - Loose snow,02 - Stop sign,02 - Intersection related,07 - Dark,03 - P.D. only,03 - Rear end,Avalon
4362,DUBLIN AVE btwn LAZARD ST & FIELD ST,362470.8962,5024802.48,-75.7638626,45.36079433,2016-04-10,13:18,01 - Clear,01 - Dry,10 - No control,04 - At/near private drive,01 - Daylight,03 - P.D. only,06 - SMV unattended vehicle,Braemar Park - Bel Air Heights - Copeland Park
4363,DUCHARME BLVD btwn DONAT ST & IBERVILLE ST,371074.1607,5033437.193,-75.65289771,45.43772561,2016-01-15,0:00,01 - Clear,02 - Wet,10 - No control,01 - Non intersection,00 - Unknown,03 - P.D. only,06 - SMV unattended vehicle,Vanier South
4364,DUMAURIER AVE @ BARWELL AVE/GRENON AVE,359729.5676,5023650.252,-75.79897949,45.35064674,2016-04-19,17:47,01 - Clear,01 - Dry,02 - Stop sign,03 - At intersection,01 - Daylight,03 - P.D. only,02 - Angle,Whitehaven - Queensway Terrace North
4365,DUMAURIER AVE @ PINECREST RD,360321.4595,5023834.73,-75.79140553,45.35226006,2016-11-21,20:37,03 - Snow,03 - Loose snow,01 - Traffic signal,03 - At intersection,07 - Dark,02 - Non-fatal injury,05 - Turning movement,Whitehaven - Queensway Terrace North
4366,DUMAURIER AVE @ PINECREST RD,360322.3376,5023833.413,-75.79139447,45.35224814,2016-02-25,20:33,01 - Clear,06 - Ice,01 - Traffic signal,02 - Intersection related,07 - Dark,03 - P.D. only,03 - Rear end,Whitehaven - Queensway Terrace North
4367,DUMAURIER AVE @ PINECREST RD,360321.457,5023835.177,-75.79140551,45.35226409,2016-03-02,9:51,03 - Snow,03 - Loose snow,01 - Traffic signal,03 - At intersection,01 - Daylight,03 - P.D. only,07 - SMV other,Whitehaven - Queensway Terrace North
4368,DUMAURIER AVE @ PINECREST RD,360321.4334,5023834.372,-75.7914059,45.35225684,2016-02-25,18:01,04 - Freezing Rain,06 - Ice,01 - Traffic signal,03 - At intersection,07 - Dark,03 - P.D. only,03 - Rear end,Whitehaven - Queensway Terrace North
4369,DUMAURIER AVE @ PINECREST RD,360321.679,5023835.637,-75.79140263,45.35226821,2016-01-12,13:00,03 - Snow,06 - Ice,01 - Traffic signal,02 - Intersection related,01 - Daylight,03 - P.D. only,03 - Rear end,Whitehaven - Queensway Terrace North
4370,DUMAURIER AVE @ PINECREST RD,360322.3376,5023833.413,-75.79139447,45.35224814,2016-08-06,14:35,01 - Clear,01 - Dry,01 - Traffic signal,02 - Intersection related,01 - Daylight,03 - P.D. only,01 - Approaching,Whitehaven - Queensway Terrace North
4371,DUMAURIER AVE @ PINECREST RD,360321.9063,5023834.056,-75.7913999,45.35225396,2016-07-05,14:31,01 - Clear,01 - Dry,01 - Traffic signal,02 - Intersection related,01 - Daylight,03 - P.D. only,03 - Rear end,Whitehaven - Queensway Terrace North
4372,DUMAURIER AVE @ PINECREST RD,360321.679,5023834.925,-75.79140271,45.3522618,2016-11-21,21:15,02 - Rain,02 - Wet,01 - Traffic signal,03 - At intersection,07 - Dark,03 - P.D. only,06 - SMV unattended vehicle,Whitehaven - Queensway Terrace North
4373,DUMAURIER AVE @ PINECREST RD,360324.1635,5023835.753,-75.79137091,45.35226905,2016-12-01,9:29,01 - Clear,02 - Wet,01 - Traffic signal,02 - Intersection related,01 - Daylight,03 - P.D. only,03 - Rear end,Whitehaven - Queensway Terrace North
4374,DUMAURIER AVE @ RICHMOND RD,359628.4936,5023735.097,-75.80025991,45.35141809,2016-10-14,8:45,01 - Clear,01 - Dry,01 - Traffic signal,02 - Intersection related,01 - Daylight,03 - P.D. only,03 - Rear end,Whitehaven - Queensway Terrace North
4375,DUMAURIER AVE @ RICHMOND RD,359628.4936,5023733.441,-75.80026009,45.35140319,2016-12-13,6:44,01 - Clear,04 - Slush,01 - Traffic signal,02 - Intersection related,07 - Dark,03 - P.D. only,04 - Sideswipe,Whitehaven - Queensway Terrace North
4376,DUMAURIER AVE btwn SPLINTER CRES & ALENMEDE CRES,359898.1822,5023299.304,-75.79686687,45.34747569,2016-08-17,13:34,01 - Clear,01 - Dry,10 - No control,01 - Non intersection,01 - Daylight,02 - Non-fatal injury,07 - SMV other,Whitehaven - Queensway Terrace North
4377,DUNBRACK ST btwn TELFORD AVE & ALESTHER ST,371931.2988,5032537.069,-75.64206591,45.42954495,2016-09-28,23:39,01 - Clear,01 - Dry,10 - No control,01 - Non intersection,07 - Dark,03 - P.D. only,07 - SMV other,Castle Heights
4378,DUNDAS ST @ MCARTHUR AVE,369973.6406,5032663.78,-75.6670652,45.43087021,2016-09-30,12:59,01 - Clear,01 - Dry,02 - Stop sign,02 - Intersection related,01 - Daylight,03 - P.D. only,03 - Rear end,Vanier South
4379,DUNDAS ST @ MCARTHUR AVE,369974.0529,5032664.364,-75.66705985,45.43087543,2016-12-05,14:27,03 - Snow,02 - Wet,02 - Stop sign,03 - At intersection,01 - Daylight,03 - P.D. only,02 - Angle,Vanier South
4380,DUNDEGAN DR btwn GLAMORGAN DR & GLAMORGAN DR,353507.6951,5016605.728,-75.87907185,45.28771851,2016-01-20,17:06,01 - Clear,05 - Packed snow,10 - No control,04 - At/near private drive,05 - Dusk,03 - P.D. only,06 - SMV unattended vehicle,Glen Cairn - Kanata South Business Park
4381,DUNDONALD DR @ GREENBANK RD,365090.6441,5012122.311,-75.73196813,45.24647859,2016-02-20,14:55,02 - Rain,02 - Wet,02 - Stop sign,03 - At intersection,01 - Daylight,03 - P.D. only,02 - Angle,New Barrhaven
4382,DUNDONALD DR @ RIVER MIST RD,364756.3412,5011926.383,-75.73625,45.24474418,2016-04-22,8:50,01 - Clear,01 - Dry,11 - Roundabout,03 - At intersection,01 - Daylight,03 - P.D. only,02 - Angle,New Barrhaven
4383,DUNHAM ST @ OGILVIE RD,374721.956,5033324.63,-75.60629391,45.43635756,2016-05-31,6:38,01 - Clear,01 - Dry,02 - Stop sign,03 - At intersection,01 - Daylight,02 - Non-fatal injury,02 - Angle,Beacon Hill South - Cardinal Heights
4384,DUNHAM ST @ OGILVIE RD,374721.9509,5033324.802,-75.60629395,45.43635911,2016-05-03,16:02,01 - Clear,01 - Dry,02 - Stop sign,02 - Intersection related,01 - Daylight,03 - P.D. only,03 - Rear end,Beacon Hill South - Cardinal Heights
4385,DUNHAM ST @ OGILVIE RD,374722.8538,5033325.254,-75.60628234,45.43636308,2016-06-09,14:57,01 - Clear,01 - Dry,02 - Stop sign,03 - At intersection,01 - Daylight,03 - P.D. only,05 - Turning movement,Beacon Hill South - Cardinal Heights
4386,DUNHAM ST btwn CLAVER ST & CROWNHILL ST,374671.4112,5033445.613,-75.60692269,45.43745115,2016-03-14,16:54,01 - Clear,01 - Dry,10 - No control,04 - At/near private drive,01 - Daylight,03 - P.D. only,06 - SMV unattended vehicle,Beacon Hill South - Cardinal Heights