Record,Location,X,Y,lon,lat,Date,Time,Environment,Road_Surface,Traffic_Control,Collision_Location,Light,Collision_Classification,Impact_type,Neighborhood
4387,DUNHAM ST btwn CORLISS ST & CLAVER ST,374512.0553,5033622.99,-75.60893417,45.43906299,2016-08-22,6:30,01 - Clear,01 - Dry,10 - No control,01 - Non intersection,01 - Daylight,03 - P.D. only,06 - SMV unattended vehicle,Beacon Hill South - Cardinal Heights
4388,DUNNET CRT @ HALKIRK AVE,352461.9458,5016833.647,-75.89238046,45.28984108,2016-12-21,13:49,01 - Clear,01 - Dry,03 - Yield sign,03 - At intersection,01 - Daylight,03 - P.D. only,05 - Turning movement,Glen Cairn - Kanata South Business Park
4389,DUNNING RD @ OLD MONTREAL RD,390267.8632,5042527.71,-75.40602612,45.51742881,2016-01-23,12:15,01 - Clear,01 - Dry,02 - Stop sign,02 - Intersection related,01 - Daylight,03 - P.D. only,07 - SMV other,Cumberland - Estates
4390,DUNNING RD @ OLD MONTREAL RD,390266.1224,5042528.828,-75.4060482,45.51743908,2016-12-05,9:45,03 - Snow,03 - Loose snow,02 - Stop sign,02 - Intersection related,01 - Daylight,03 - P.D. only,03 - Rear end,Cumberland - Estates
4391,DUNNING RD btwn FRENCH HILL RD & INNES RD,392038.3658,5038424.941,-75.38409772,45.48029806,2016-04-06,15:21,03 - Snow,03 - Loose snow,10 - No control,01 - Non intersection,01 - Daylight,02 - Non-fatal injury,07 - SMV other,Navan - Vars
4392,DUNNING RD btwn FRENCH HILL RD & INNES RD,391963.6634,5038599.799,-75.38502205,45.48188054,2016-04-21,0:04,01 - Clear,01 - Dry,10 - No control,01 - Non intersection,07 - Dark,02 - Non-fatal injury,07 - SMV other,Navan - Vars
4393,DUNNING RD btwn FRENCH HILL RD & INNES RD,391835.1383,5038920.946,-75.38660889,45.48478586,2016-08-28,0:39,01 - Clear,01 - Dry,10 - No control,01 - Non intersection,07 - Dark,03 - P.D. only,07 - SMV other,Cumberland - Estates
4394,DUNNING RD btwn FRENCH HILL RD & INNES RD,392172.2828,5038108.429,-75.38244136,45.47743373,2016-10-18,14:48,01 - Clear,01 - Dry,10 - No control,04 - At/near private drive,01 - Daylight,03 - P.D. only,05 - Turning movement,Cumberland - Estates
4395,DUNNING RD btwn LOOKOUT DR & BRICKLAND DR,390610.341,5041812.105,-75.40176852,45.51094863,2016-02-29,16:13,01 - Clear,02 - Wet,10 - No control,01 - Non intersection,01 - Daylight,02 - Non-fatal injury,07 - SMV other,Cumberland - Estates
4396,DUNNING RD btwn MARKET ST & LOOKOUT DR,390451.156,5042136.475,-75.40374879,45.51388647,2016-09-10,0:00,01 - Clear,01 - Dry,10 - No control,01 - Non intersection,00 - Unknown,03 - P.D. only,06 - SMV unattended vehicle,Cumberland - Estates
4397,DUNNING RD btwn RUSSELL RD & DEVINE RD,396328.4715,5027664.157,-75.33123261,45.38293766,2016-01-09,20:30,04 - Freezing Rain,06 - Ice,10 - No control,01 - Non intersection,07 - Dark,03 - P.D. only,07 - SMV other,Navan - Vars
4398,DUNNING RD btwn WILHAVEN DR & INNES RD,391470.2907,5039777.713,-75.39112404,45.49253939,2016-08-02,22:33,01 - Clear,01 - Dry,10 - No control,01 - Non intersection,07 - Dark,02 - Non-fatal injury,01 - Approaching,Cumberland - Estates
4399,DUNNING RD btwn WILHAVEN DR & INNES RD,391527.501,5039634.003,-75.39041761,45.49123936,2016-12-22,9:10,03 - Snow,04 - Slush,10 - No control,01 - Non intersection,01 - Daylight,02 - Non-fatal injury,07 - SMV other,Cumberland - Estates
4400,DUNROBIN RD @ KERWIN RD,346291.726,5027173.421,-75.97017108,45.38327293,2016-04-11,6:49,02 - Rain,04 - Slush,02 - Stop sign,03 - At intersection,03 - Dawn,03 - P.D. only,99 - Other,Carp - Hardwood Plains
4401,DUNROBIN RD @ KINBURN SIDE RD,338028.7706,5035928.386,-76.07509111,45.46249351,2016-11-21,9:01,03 - Snow,03 - Loose snow,02 - Stop sign,02 - Intersection related,01 - Daylight,03 - P.D. only,07 - SMV other,Woodlawn
4402,DUNROBIN RD @ MARCH RD,347175.0698,5026065.47,-75.9589868,45.37325046,2016-05-05,19:29,01 - Clear,01 - Dry,01 - Traffic signal,03 - At intersection,01 - Daylight,03 - P.D. only,05 - Turning movement,Carp - Hardwood Plains
4403,DUNROBIN RD @ MARCH RD,347174.8248,5026065.76,-75.9589899,45.37325309,2016-03-29,17:17,01 - Clear,01 - Dry,01 - Traffic signal,02 - Intersection related,01 - Daylight,03 - P.D. only,03 - Rear end,Carp - Hardwood Plains
4404,DUNROBIN RD @ MARCH RD,347173.919,5026065.082,-75.95900152,45.37324704,2016-07-02,0:45,02 - Rain,02 - Wet,01 - Traffic signal,02 - Intersection related,07 - Dark,03 - P.D. only,04 - Sideswipe,Carp - Hardwood Plains
4405,DUNROBIN RD @ PORCUPINE TR,341947.2736,5031874.811,-76.02529139,45.4258212,2016-04-06,17:45,03 - Snow,03 - Loose snow,02 - Stop sign,02 - Intersection related,01 - Daylight,03 - P.D. only,03 - Rear end,Dunrobin
4406,DUNROBIN RD @ THOMAS A. DOLAN PKWY,342338.2786,5031478.488,-76.02032507,45.42223412,2016-08-12,13:30,02 - Rain,02 - Wet,01 - Traffic signal,02 - Intersection related,01 - Daylight,02 - Non-fatal injury,03 - Rear end,Dunrobin
4407,DUNROBIN RD @ THOMAS A. DOLAN PKWY,342337.8241,5031478.033,-76.02033091,45.42223005,2016-08-03,18:30,01 - Clear,01 - Dry,01 - Traffic signal,02 - Intersection related,01 - Daylight,03 - P.D. only,03 - Rear end,Dunrobin
4408,DUNROBIN RD @ THOMAS A. DOLAN PKWY,342338.425,5031477.165,-76.0203233,45.4222222,2016-12-09,7:51,01 - Clear,06 - Ice,01 - Traffic signal,02 - Intersection related,03 - Dawn,03 - P.D. only,03 - Rear end,Dunrobin
4409,DUNROBIN RD btwn BAIRD'S GRANT LANE & BUCKHAMS BAY RD,334904.5473,5039139.791,-76.11484397,45.49153222,2016-07-06,18:08,01 - Clear,01 - Dry,10 - No control,01 - Non intersection,01 - Daylight,03 - P.D. only,07 - SMV other,Buckham'
4410,DUNROBIN RD btwn CONSTANCE BAY RD & CONSTANCE BAY RD,336745.0004,5037250.186,-76.09142082,45.47444729,2016-04-28,6:08,01 - Clear,01 - Dry,10 - No control,01 - Non intersection,01 - Daylight,03 - P.D. only,07 - SMV other,Woodlawn
4411,DUNROBIN RD btwn CONSTANCE BAY RD & KINBURN SIDE RD,337919.4539,5036050.954,-76.07648069,45.4636016,2016-10-23,2:52,01 - Clear,01 - Dry,10 - No control,04 - At/near private drive,07 - Dark,02 - Non-fatal injury,07 - SMV other,Woodlawn
4412,DUNROBIN RD btwn CONSTANCE BAY RD & KINBURN SIDE RD,337087.4411,5036915.221,-76.0870631,45.47141745,2016-01-07,8:54,01 - Clear,01 - Dry,10 - No control,01 - Non intersection,01 - Daylight,03 - P.D. only,07 - SMV other,Woodlawn
4413,DUNROBIN RD btwn CONSTANCE BAY RD & KINBURN SIDE RD,336824.1677,5037162.13,-76.09041403,45.47365132,2016-04-06,18:30,03 - Snow,03 - Loose snow,10 - No control,01 - Non intersection,05 - Dusk,03 - P.D. only,07 - SMV other,Woodlawn
4414,DUNROBIN RD btwn CONSTANCE BAY RD & KINBURN SIDE RD,336814.1924,5037183.599,-76.09054021,45.47384496,2016-10-03,19:46,01 - Clear,01 - Dry,10 - No control,01 - Non intersection,07 - Dark,03 - P.D. only,07 - SMV other,Woodlawn
4415,DUNROBIN RD btwn DUNROBIN RD & MURPHY SIDE RD,342983.688,5030711.887,-76.01213755,45.41530113,2016-01-16,5:59,03 - Snow,03 - Loose snow,10 - No control,01 - Non intersection,07 - Dark,03 - P.D. only,07 - SMV other,Carp - Hardwood Plains
4416,DUNROBIN RD btwn DUNROBIN RD & MURPHY SIDE RD,343635.0342,5029952.868,-76.00387559,45.40843545,2016-02-17,9:10,05 - Drifting Snow,03 - Loose snow,10 - No control,01 - Non intersection,01 - Daylight,03 - P.D. only,03 - Rear end,Carp - Hardwood Plains
4417,DUNROBIN RD btwn DUNROBIN RD & MURPHY SIDE RD,342358.6164,5031462.185,-76.02006644,45.42208633,2016-06-21,14:12,01 - Clear,01 - Dry,10 - No control,01 - Non intersection,01 - Daylight,03 - P.D. only,04 - Sideswipe,Carp - Hardwood Plains
4418,DUNROBIN RD btwn DUNROBIN RD & MURPHY SIDE RD,343245.5116,5030401.332,-76.00881665,45.41249234,2016-10-11,6:45,01 - Clear,01 - Dry,10 - No control,01 - Non intersection,03 - Dawn,03 - P.D. only,07 - SMV other,Carp - Hardwood Plains
4419,DUNROBIN RD btwn DUNROBIN RD & MURPHY SIDE RD,344232.0562,5029293.516,-75.99630156,45.40246906,2016-12-18,13:45,03 - Snow,03 - Loose snow,10 - No control,01 - Non intersection,01 - Daylight,03 - P.D. only,07 - SMV other,Carp - Hardwood Plains
4420,DUNROBIN RD btwn GALETTA SIDE RD & BAIRD'S GRANT LANE,333790.445,5040230.134,-76.12903301,45.50139057,2016-09-12,7:59,01 - Clear,01 - Dry,10 - No control,01 - Non intersection,01 - Daylight,03 - P.D. only,07 - SMV other,Dirleton
4421,DUNROBIN RD btwn GALETTA SIDE RD & BAIRD'S GRANT LANE,333825.3279,5040196.681,-76.12858864,45.5010881,2016-12-11,2:58,01 - Clear,01 - Dry,10 - No control,01 - Non intersection,07 - Dark,03 - P.D. only,07 - SMV other,Dirleton
4422,DUNROBIN RD btwn HARWOOD LANE & KERWIN RD,346215.831,5027246.816,-75.97113402,45.38393785,2016-08-03,6:36,01 - Clear,01 - Dry,10 - No control,01 - Non intersection,01 - Daylight,02 - Non-fatal injury,07 - SMV other,Carp - Hardwood Plains
4423,DUNROBIN RD btwn HARWOOD LANE & KERWIN RD,346016.7381,5027443.638,-75.97365982,45.38572064,2016-04-29,19:45,01 - Clear,01 - Dry,10 - No control,01 - Non intersection,05 - Dusk,03 - P.D. only,07 - SMV other,Carp - Hardwood Plains
4424,DUNROBIN RD btwn KERWIN RD & ROCHON WAY,346524.5358,5026959.896,-75.96721639,45.38133776,2016-01-19,14:25,01 - Clear,02 - Wet,10 - No control,01 - Non intersection,01 - Daylight,03 - P.D. only,03 - Rear end,Carp - Hardwood Plains
4425,DUNROBIN RD btwn KILMAURS SIDE RD & CONSTANCE BAY RD,336036.5741,5037979.792,-76.10043503,45.48104452,2016-06-20,19:30,01 - Clear,01 - Dry,10 - No control,01 - Non intersection,01 - Daylight,03 - P.D. only,07 - SMV other,Kilmaurs
4426,DUNROBIN RD btwn KINBURN SIDE RD & VANCES SIDE RD,339007.6424,5034836.327,-76.06265024,45.45261966,2016-01-28,11:00,03 - Snow,03 - Loose snow,10 - No control,01 - Non intersection,01 - Daylight,02 - Non-fatal injury,04 - Sideswipe,Woodlawn
4427,DUNROBIN RD btwn KINBURN SIDE RD & VANCES SIDE RD,338760.7732,5035104.158,-76.06578791,45.45504171,2016-02-26,22:19,01 - Clear,01 - Dry,10 - No control,01 - Non intersection,07 - Dark,03 - P.D. only,99 - Other,Woodlawn
4428,DUNROBIN RD btwn KINBURN SIDE RD & VANCES SIDE RD,338294.7183,5035631.457,-76.07171066,45.45980897,2016-01-12,12:14,03 - Snow,03 - Loose snow,10 - No control,01 - Non intersection,01 - Daylight,03 - P.D. only,03 - Rear end,Woodlawn
4429,DUNROBIN RD btwn KINBURN SIDE RD & VANCES SIDE RD,339439.6417,5034422.623,-76.05715637,45.44887577,2016-01-29,10:17,05 - Drifting Snow,05 - Packed snow,10 - No control,01 - Non intersection,01 - Daylight,03 - P.D. only,07 - SMV other,Woodlawn
4430,DUNROBIN RD btwn KINBURN SIDE RD & VANCES SIDE RD,340149.8188,5033686.085,-76.04813044,45.44221266,2016-11-24,8:00,03 - Snow,03 - Loose snow,10 - No control,01 - Non intersection,01 - Daylight,03 - P.D. only,01 - Approaching,Car
4431,DUNROBIN RD btwn KINBURN SIDE RD & VANCES SIDE RD,338169.5574,5035774.349,-76.07330132,45.46110074,2016-08-14,20:36,01 - Clear,01 - Dry,10 - No control,01 - Non intersection,07 - Dark,03 - P.D. only,07 - SMV other,Woodlawn
4432,DUNROBIN RD btwn LILLIAN WAY & HARWOOD LANE,345636.8115,5027814.995,-75.97848058,45.38908446,2016-03-17,8:12,01 - Clear,01 - Dry,10 - No control,01 - Non intersection,01 - Daylight,03 - P.D. only,07 - SMV other,Carp - Hardwood Plains
4433,DUNROBIN RD btwn LILLIAN WAY & HARWOOD LANE,345958.8645,5027500.145,-75.97439413,45.38623251,2016-05-30,21:47,01 - Clear,01 - Dry,10 - No control,01 - Non intersection,07 - Dark,03 - P.D. only,07 - SMV other,Carp - Hardwood Plains
4434,DUNROBIN RD btwn MURPHY SIDE RD & LILLIAN WAY,345370.2291,5028077.859,-75.9818633,45.39146526,2016-11-13,18:33,01 - Clear,01 - Dry,10 - No control,01 - Non intersection,07 - Dark,02 - Non-fatal injury,07 - SMV other,Carp - Hardwood Plains
4435,DUNROBIN RD btwn PORCUPINE TR & THOMAS A. DOLAN PKWY,342262.389,5031544.086,-76.02128979,45.42282845,2016-10-27,10:32,03 - Snow,04 - Slush,10 - No control,01 - Non intersection,01 - Daylight,03 - P.D. only,07 - SMV other,Dunrobin
4436,DUNROBIN RD btwn VANCES SIDE RD & PORCUPINE TR,340597.2518,5033240.657,-76.04244358,45.43818183,2016-09-22,14:36,01 - Clear,01 - Dry,10 - No control,01 - Non intersection,01 - Daylight,03 - P.D. only,07 - SMV other,Car
4437,DUNROBIN RD btwn VANCES SIDE RD & PORCUPINE TR,340164.4048,5033673.245,-76.04794492,45.44209639,2016-11-06,15:30,01 - Clear,01 - Dry,10 - No control,01 - Non intersection,01 - Daylight,03 - P.D. only,04 - Sideswipe,Car
4438,DUNROBIN RD btwn VANCES SIDE RD & PORCUPINE TR,341805.6659,5032023.336,-76.02708978,45.42716517,2016-12-24,7:21,03 - Snow,03 - Loose snow,10 - No control,01 - Non intersection,03 - Dawn,03 - P.D. only,03 - Rear end,Dunrobin
4439,DUNROBIN RD btwn WAYBURN AVE & RIDDELL DR,347114.2807,5026384.905,-75.9597355,45.37612849,2016-02-02,15:10,01 - Clear,01 - Dry,10 - No control,01 - Non intersection,01 - Daylight,03 - P.D. only,07 - SMV other,Carp - Hardwood Plains
4440,DUNTROON CIRC btwn SHELLBROOK WAY & SHELLBROOK WAY,372858.5926,5025833.238,-75.63114153,45.36913723,2016-03-27,21:00,02 - Rain,02 - Wet,10 - No control,01 - Non intersection,07 - Dark,03 - P.D. only,06 - SMV unattended vehicle,Greenboro East
4441,DUNTROON CIRC btwn SHELLBROOK WAY & SHELLBROOK WAY,372840.4766,5025917.692,-75.63136115,45.36989887,2016-04-16,20:26,01 - Clear,01 - Dry,10 - No control,01 - Non intersection,07 - Dark,03 - P.D. only,06 - SMV unattended vehicle,Greenboro East
4442,DWYER HILL RD @ FERNBANK RD,342917.8426,5005064.75,-76.01495061,45.18452082,2016-06-29,13:12,01 - Clear,01 - Dry,02 - Stop sign,03 - At intersection,01 - Daylight,02 - Non-fatal injury,02 - Angle,Munster Hamlet - Richmond
4443,DWYER HILL RD @ ROGER STEVENS DR,354337.2184,4989350.595,-75.87120167,45.0424074,2016-05-28,18:13,01 - Clear,01 - Dry,02 - Stop sign,03 - At intersection,01 - Daylight,02 - Non-fatal injury,02 - Angle,Munster Hamlet - Richmond
4444,DWYER HILL RD @ ROGER STEVENS DR,354336.3173,4989351.272,-75.87121304,45.04241355,2016-05-08,17:15,01 - Clear,01 - Dry,02 - Stop sign,03 - At intersection,01 - Daylight,02 - Non-fatal injury,02 - Angle,Munster Hamlet - Richmond
4445,DWYER HILL RD @ ROGER STEVENS DR,354337.2184,4989351.497,-75.87120158,45.04241551,2016-06-21,6:50,01 - Clear,01 - Dry,02 - Stop sign,03 - At intersection,01 - Daylight,03 - P.D. only,05 - Turning movement,Munster Hamlet - Richmond
4446,DWYER HILL RD @ ROGER STEVENS DR,354336.542,4989351.686,-75.87121014,45.04241726,2016-11-03,6:43,02 - Rain,02 - Wet,02 - Stop sign,02 - Intersection related,07 - Dark,03 - P.D. only,07 - SMV other,Munster Hamlet - Richmond
4447,DWYER HILL RD btwn COPELAND RD & FRANKTOWN RD,348351.2639,4998806.918,-75.94635895,45.1278948,2016-03-17,1:27,"07 - Fog, mist, smoke, dust",02 - Wet,10 - No control,01 - Non intersection,07 - Dark,03 - P.D. only,07 - SMV other,Munster Hamlet - Richmond
4448,DWYER HILL RD btwn COPELAND RD & FRANKTOWN RD,347696.387,4999563.049,-75.95461878,45.13473898,2016-10-28,8:01,02 - Rain,02 - Wet,10 - No control,04 - At/near private drive,01 - Daylight,03 - P.D. only,03 - Rear end,Munster Hamlet - Richmond
4449,DWYER HILL RD btwn FERNBANK RD & FLEWELLYN RD,343771.671,5004083.27,-76.00416271,45.17564221,2016-01-18,14:20,01 - Clear,05 - Packed snow,10 - No control,01 - Non intersection,01 - Daylight,03 - P.D. only,07 - SMV other,Munster Hamlet - Richmond
4450,DWYER HILL RD btwn MCCAFFREY TR & BLEEKS RD,346230.7166,5001258.125,-75.97311191,45.15007979,2016-10-28,21:26,01 - Clear,01 - Dry,10 - No control,01 - Non intersection,07 - Dark,03 - P.D. only,03 - Rear end,Munster Hamlet - Richmond
4451,DWYER HILL RD btwn O'NEIL RD & ROGER STEVENS DR,352380.6425,4992443.305,-75.89574292,45.07037161,2016-11-20,15:56,05 - Drifting Snow,06 - Ice,10 - No control,04 - At/near private drive,05 - Dusk,02 - Non-fatal injury,07 - SMV other,Munster Hamlet - Richmond
4452,DWYER HILL RD btwn O'NEIL RD & ROGER STEVENS DR,353996.4521,4989720.771,-75.87549067,45.0457622,2016-01-20,18:38,01 - Clear,01 - Dry,10 - No control,01 - Non intersection,07 - Dark,03 - P.D. only,07 - SMV other,Munster Hamlet - Richmond
4453,DWYER HILL RD btwn PADEN RD & DONNELLY DR,360047.4203,4982854.714,-75.79943768,44.98353195,2016-03-17,7:45,01 - Clear,06 - Ice,10 - No control,01 - Non intersection,01 - Daylight,03 - P.D. only,07 - SMV other,Munster Hamlet - Richmond
4454,DWYER HILL RD btwn PADEN RD & DONNELLY DR,360012.7578,4982893.189,-75.79987297,44.98388087,2016-07-23,0:14,01 - Clear,01 - Dry,10 - No control,01 - Non intersection,07 - Dark,03 - P.D. only,07 - SMV other,Munster Hamlet - Richmond
4455,DWYER HILL RD btwn PURDY RD & DWYER HILL RD,350907.5947,4995752.891,-75.91414477,45.10025076,2016-08-01,13:10,01 - Clear,01 - Dry,10 - No control,01 - Non intersection,01 - Daylight,02 - Non-fatal injury,07 - SMV other,Munster Hamlet - Richmond
4456,DWYER HILL RD btwn RAMP & GOLF CLUB WAY,341358.5065,5006854,-76.03466129,45.20070415,2016-11-23,17:03,01 - Clear,02 - Wet,10 - No control,01 - Non intersection,07 - Dark,03 - P.D. only,07 - SMV other,Munster Hamlet - Richmond
4457,DWYER HILL RD btwn ROGER STEVENS DR & FLOOD RD,355184.8953,4988395.752,-75.8605381,45.0337554,2016-02-05,15:41,01 - Clear,01 - Dry,10 - No control,01 - Non intersection,01 - Daylight,02 - Non-fatal injury,07 - SMV other,Munster Hamlet - Richmond
4458,DWYER HILL RD btwn ROGER STEVENS DR & FLOOD RD,355238.4069,4988188.189,-75.85987982,45.03188381,2016-01-23,18:57,01 - Clear,01 - Dry,10 - No control,01 - Non intersection,07 - Dark,03 - P.D. only,07 - SMV other,Munster Hamlet - Richmond
4459,DWYER HILL RD btwn ROGER STEVENS DR & FLOOD RD,354379.6062,4989305.309,-75.87066812,45.04199692,2016-12-18,12:46,03 - Snow,03 - Loose snow,10 - No control,01 - Non intersection,01 - Daylight,03 - P.D. only,07 - SMV other,Munster Hamlet - Richmond
4460,DWYER HILL RD btwn UPPER DWYER HILL RD & RAMP,341095.5196,5007122.52,-76.03798908,45.20313405,2016-01-29,6:27,01 - Clear,01 - Dry,10 - No control,01 - Non intersection,07 - Dark,03 - P.D. only,07 - SMV other,Munster Hamlet - Richmond
4461,DYLAN WAY @ STONEWAY DR,366388.9716,5016615.178,-75.71487338,45.28679282,2016-03-04,8:16,01 - Clear,03 - Loose snow,02 - Stop sign,02 - Intersection related,01 - Daylight,03 - P.D. only,99 - Other,Chapman Mills - Rideau Crest - Davidson Heights
4462,DYNES RD @ PRINCE OF WALES DR,367114.0555,5025923.313,-75.70445939,45.370482,2016-10-14,12:52,01 - Clear,01 - Dry,01 - Traffic signal,02 - Intersection related,01 - Daylight,02 - Non-fatal injury,02 - Angle,Carleton Heights - Rideauview
4463,DYNES RD @ PRINCE OF WALES DR,367114.0555,5025923.313,-75.70445939,45.370482,2016-10-12,19:12,01 - Clear,01 - Dry,01 - Traffic signal,03 - At intersection,07 - Dark,02 - Non-fatal injury,07 - SMV other,Carleton Heights - Rideauview
4464,DYNES RD @ PRINCE OF WALES DR,367115.513,5025922.734,-75.70444086,45.37047666,2016-04-03,10:15,01 - Clear,01 - Dry,01 - Traffic signal,03 - At intersection,01 - Daylight,03 - P.D. only,02 - Angle,Carleton Heights - Rideauview
4465,DYNES RD btwn CLAYMOR AVE & MORLEY BLVD,366965.2759,5025811.173,-75.70637274,45.3694862,2016-04-25,7:40,01 - Clear,01 - Dry,10 - No control,01 - Non intersection,01 - Daylight,02 - Non-fatal injury,07 - SMV other,Carleton Heights - Rideauview
4466,DYNES RD btwn CLAYMOR AVE & MORLEY BLVD,367032.0067,5025853.911,-75.70551552,45.36986483,2016-03-24,9:50,03 - Snow,03 - Loose snow,10 - No control,04 - At/near private drive,01 - Daylight,03 - P.D. only,02 - Angle,Carleton Heights - Rideauview
4467,DYNES RD btwn MORLEY BLVD & PRINCE OF WALES DR,367106.8223,5025910.68,-75.70455332,45.37036898,2016-06-08,16:53,01 - Clear,01 - Dry,10 - No control,04 - At/near private drive,01 - Daylight,03 - P.D. only,02 - Angle,Carleton Heights - Rideauview
4468,EAGLE LANE @ MEADOWLANDS DR,365278.8967,5024421.087,-75.72806988,45.357126,2016-02-16,18:30,05 - Drifting Snow,03 - Loose snow,02 - Stop sign,03 - At intersection,07 - Dark,03 - P.D. only,02 - Angle,Borden Farm - Stewart Farm - Parkwood Hills - Fisher Glen
4469,EAGLESON RD @ 146 N OF ABBEYHILL DR/HAZELDEAN ,353773.7435,5018174.888,-75.8755255,45.30181967,2016-01-27,9:06,03 - Snow,06 - Ice,01 - Traffic signal,02 - Intersection related,01 - Daylight,03 - P.D. only,03 - Rear end,Greenbelt
4470,EAGLESON RD @ 300 N OF MICHAEL COWPLAND/EAGLES,354273.1223,5016903.791,-75.86928501,45.29034708,2016-07-18,17:16,01 - Clear,01 - Dry,01 - Traffic signal,02 - Intersection related,01 - Daylight,02 - Non-fatal injury,03 - Rear end,Bridlewood - Emerald Meadows
4471,EAGLESON RD @ 300 N OF MICHAEL COWPLAND/EAGLES,354273.0559,5016902.607,-75.86928597,45.29033643,2016-01-29,17:25,01 - Clear,01 - Dry,01 - Traffic signal,03 - At intersection,05 - Dusk,03 - P.D. only,03 - Rear end,Bridlewood - Emerald Meadows
4472,EAGLESON RD @ 300 N OF MICHAEL COWPLAND/EAGLES,354270.736,5016902.25,-75.86931558,45.29033338,2016-11-15,16:20,01 - Clear,01 - Dry,01 - Traffic signal,02 - Intersection related,01 - Daylight,03 - P.D. only,03 - Rear end,Bridlewood - Emerald Meadows
4473,EAGLESON RD @ COPE DR/CADENCE GT,354620.8443,5016028.093,-75.86494023,45.28244279,2016-03-12,19:11,01 - Clear,01 - Dry,01 - Traffic signal,03 - At intersection,07 - Dark,02 - Non-fatal injury,05 - Turning movement,Bridlewood - Emerald Meadows
4474,EAGLESON RD @ COPE DR/CADENCE GT,354620.9981,5016027.331,-75.86493835,45.28243593,2016-06-29,8:32,01 - Clear,01 - Dry,01 - Traffic signal,03 - At intersection,01 - Daylight,02 - Non-fatal injury,02 - Angle,Bridlewood - Emerald Meadows
4475,EAGLESON RD @ EMERALD MEADOWS DR,354998.4516,5015092.465,-75.86022184,45.27399694,2016-10-14,8:04,01 - Clear,01 - Dry,02 - Stop sign,02 - Intersection related,01 - Daylight,03 - P.D. only,02 - Angle,Stittsville - Basswood
4476,EAGLESON RD @ FALLOWFIELD RD,355961.8536,5012595.064,-75.8482013,45.25145532,2016-02-13,10:08,01 - Clear,06 - Ice,01 - Traffic signal,03 - At intersection,01 - Daylight,03 - P.D. only,05 - Turning movement,Stittsville - Basswood
4477,EAGLESON RD @ FALLOWFIELD RD,355961.3678,5012595.205,-75.84820747,45.25145663,2016-03-31,10:50,02 - Rain,02 - Wet,01 - Traffic signal,02 - Intersection related,01 - Daylight,03 - P.D. only,02 - Angle,Stittsville - Basswood
4478,EAGLESON RD @ FALLOWFIELD RD,355960.5364,5012594.186,-75.84821817,45.25144752,2016-09-11,22:30,01 - Clear,01 - Dry,01 - Traffic signal,03 - At intersection,07 - Dark,03 - P.D. only,02 - Angle,Stittsville - Basswood
4479,EAGLESON RD @ FALLOWFIELD RD,355960.9622,5012595.526,-75.84821261,45.25145954,2016-03-15,9:30,02 - Rain,02 - Wet,01 - Traffic signal,03 - At intersection,01 - Daylight,03 - P.D. only,03 - Rear end,Stittsville - Basswood
4480,EAGLESON RD @ FALLOWFIELD RD,355961.4099,5012594.406,-75.84820702,45.25144943,2016-04-06,19:01,03 - Snow,03 - Loose snow,01 - Traffic signal,02 - Intersection related,05 - Dusk,03 - P.D. only,03 - Rear end,Stittsville - Basswood
4481,EAGLESON RD @ FALLOWFIELD RD,355960.5364,5012594.186,-75.84821817,45.25144752,2016-09-23,9:51,01 - Clear,02 - Wet,01 - Traffic signal,02 - Intersection related,01 - Daylight,03 - P.D. only,07 - SMV other,Stittsville - Basswood
4482,EAGLESON RD @ FALLOWFIELD RD,355961.8536,5012593.747,-75.84820144,45.25144347,2016-11-21,9:54,03 - Snow,04 - Slush,01 - Traffic signal,02 - Intersection related,01 - Daylight,03 - P.D. only,02 - Angle,Stittsville - Basswood
4483,EAGLESON RD @ FALLOWFIELD RD,355962.4623,5012593.163,-75.84819374,45.25143817,2016-11-20,18:11,03 - Snow,03 - Loose snow,01 - Traffic signal,02 - Intersection related,07 - Dark,03 - P.D. only,03 - Rear end,Stittsville - Basswood
4484,EAGLESON RD @ FERNBANK RD,354797.9707,5015586.766,-75.86272702,45.27845906,2016-10-30,17:35,01 - Clear,01 - Dry,01 - Traffic signal,03 - At intersection,01 - Daylight,01 - Fatal injury,05 - Turning movement,Glen Cairn - Kanata South Business Park
4485,EAGLESON RD @ FERNBANK RD,354798.8513,5015587.647,-75.86271571,45.27846692,2016-02-19,10:21,03 - Snow,03 - Loose snow,01 - Traffic signal,03 - At intersection,01 - Daylight,03 - P.D. only,02 - Angle,Bridlewood - Emerald Meadows
4486,EAGLESON RD @ FERNBANK RD,354798.8488,5015586.327,-75.86271588,45.27845505,2016-07-30,14:41,01 - Clear,01 - Dry,01 - Traffic signal,02 - Intersection related,01 - Daylight,03 - P.D. only,03 - Rear end,Glen Cairn - Kanata South Business Park
4487,EAGLESON RD @ FLEWELLYN RD,355333.404,5014247.206,-75.85603917,45.26636711,2016-11-22,8:19,01 - Clear,05 - Packed snow,02 - Stop sign,03 - At intersection,01 - Daylight,02 - Non-fatal injury,02 - Angle,Stittsville - Basswood
4488,EAGLESON RD @ FLEWELLYN RD,355348.0019,5014259.702,-75.85585188,45.26647851,2016-01-07,6:40,"07 - Fog, mist, smoke, dust",02 - Wet,02 - Stop sign,02 - Intersection related,07 - Dark,03 - P.D. only,07 - SMV other,Greenbelt