Record,Location,X,Y,lon,lat,Date,Time,Environment,Road_Surface,Traffic_Control,Collision_Location,Light,Collision_Classification,Impact_type,Neighborhood
4489,EAGLESON RD @ FLEWELLYN RD,355332.7446,5014248.792,-75.85604741,45.26638143,2016-04-12,8:08,01 - Clear,02 - Wet,02 - Stop sign,02 - Intersection related,01 - Daylight,03 - P.D. only,03 - Rear end,Greenbelt
4490,EAGLESON RD @ HAZELDEAN RD/ROBERTSON RD,353672.5272,5018424.68,-75.87679143,45.3040744,2016-01-27,8:10,04 - Freezing Rain,06 - Ice,01 - Traffic signal,02 - Intersection related,01 - Daylight,02 - Non-fatal injury,03 - Rear end,Greenbelt
4491,EAGLESON RD @ HAZELDEAN RD/ROBERTSON RD,353673.8496,5018424.46,-75.87677459,45.30407233,2016-04-03,12:27,01 - Clear,01 - Dry,01 - Traffic signal,02 - Intersection related,01 - Daylight,03 - P.D. only,99 - Other,Greenbelt
4492,EAGLESON RD @ HAZELDEAN RD/ROBERTSON RD,353673.6249,5018426.53,-75.87677725,45.30409097,2016-08-31,8:45,01 - Clear,01 - Dry,01 - Traffic signal,02 - Intersection related,01 - Daylight,03 - P.D. only,03 - Rear end,Greenbelt
4493,EAGLESON RD @ HAZELDEAN RD/ROBERTSON RD,353674.2835,5018424.68,-75.87676903,45.30407428,2016-02-12,13:04,01 - Clear,01 - Dry,01 - Traffic signal,02 - Intersection related,01 - Daylight,03 - P.D. only,03 - Rear end,Greenbelt
4494,EAGLESON RD @ HAZELDEAN RD/ROBERTSON RD,353673.4054,5018423.801,-75.87678032,45.30406643,2016-10-26,8:45,01 - Clear,01 - Dry,01 - Traffic signal,02 - Intersection related,01 - Daylight,03 - P.D. only,04 - Sideswipe,Greenbelt
4495,EAGLESON RD @ HAZELDEAN RD/ROBERTSON RD,353673.4054,5018424.24,-75.87678027,45.30407038,2016-01-20,15:00,01 - Clear,01 - Dry,01 - Traffic signal,02 - Intersection related,01 - Daylight,03 - P.D. only,99 - Other,Greenbelt
4496,EAGLESON RD @ HAZELDEAN RD/ROBERTSON RD,353673.8912,5018423.661,-75.87677414,45.30406514,2016-03-29,10:31,01 - Clear,01 - Dry,01 - Traffic signal,02 - Intersection related,01 - Daylight,03 - P.D. only,03 - Rear end,Greenbelt
4497,EAGLESON RD @ HAZELDEAN RD/ROBERTSON RD,353669.6097,5018427.342,-75.87682837,45.30409856,2016-07-11,13:15,01 - Clear,01 - Dry,01 - Traffic signal,02 - Intersection related,01 - Daylight,03 - P.D. only,03 - Rear end,Greenbelt
4498,EAGLESON RD @ HAZELDEAN RD/ROBERTSON RD,353672.738,5018424.903,-75.87678872,45.3040764,2016-04-13,22:23,01 - Clear,01 - Dry,01 - Traffic signal,03 - At intersection,07 - Dark,03 - P.D. only,03 - Rear end,Greenbelt
4499,EAGLESON RD @ HAZELDEAN RD/ROBERTSON RD,353674.7485,5018425.359,-75.87676304,45.30408036,2016-05-18,10:32,01 - Clear,01 - Dry,01 - Traffic signal,02 - Intersection related,01 - Daylight,03 - P.D. only,99 - Other,Greenbelt
4500,EAGLESON RD @ HAZELDEAN RD/ROBERTSON RD,353672.7967,5018425.702,-75.87678789,45.30408358,2016-11-18,9:21,01 - Clear,01 - Dry,01 - Traffic signal,02 - Intersection related,01 - Daylight,03 - P.D. only,03 - Rear end,Greenbelt
4501,EAGLESON RD @ HAZELDEAN RD/ROBERTSON RD,353673.6249,5018424.046,-75.87677749,45.30406862,2016-11-03,14:15,01 - Clear,01 - Dry,01 - Traffic signal,02 - Intersection related,01 - Daylight,03 - P.D. only,03 - Rear end,Greenbelt
4502,EAGLESON RD @ HAZELDEAN RD/ROBERTSON RD,353674.4531,5018422.39,-75.8767671,45.30405366,2016-11-28,13:58,01 - Clear,01 - Dry,01 - Traffic signal,02 - Intersection related,01 - Daylight,03 - P.D. only,03 - Rear end,Greenbelt
4503,EAGLESON RD @ HAZELDEAN RD/ROBERTSON RD,353671.9686,5018423.218,-75.87679869,45.30406129,2016-11-24,20:58,03 - Snow,04 - Slush,01 - Traffic signal,02 - Intersection related,07 - Dark,03 - P.D. only,03 - Rear end,Greenbelt
4504,EAGLESON RD @ HAZELDEAN RD/ROBERTSON RD,353673.0845,5018424.229,-75.87678437,45.30407031,2016-12-05,9:54,03 - Snow,03 - Loose snow,01 - Traffic signal,02 - Intersection related,01 - Daylight,03 - P.D. only,04 - Sideswipe,Greenbelt
4505,EAGLESON RD @ HOPE SIDE RD/TERRY FOX DR,355188.5473,5014616.645,-75.85784752,45.26970181,2016-10-31,15:57,01 - Clear,01 - Dry,01 - Traffic signal,03 - At intersection,01 - Daylight,02 - Non-fatal injury,05 - Turning movement,Stittsville - Basswood
4506,EAGLESON RD @ HOPE SIDE RD/TERRY FOX DR,355187.6421,5014616.005,-75.85785912,45.26969611,2016-04-25,6:33,01 - Clear,01 - Dry,01 - Traffic signal,03 - At intersection,01 - Daylight,02 - Non-fatal injury,05 - Turning movement,Stittsville - Basswood
4507,EAGLESON RD @ HOPE SIDE RD/TERRY FOX DR,355187.3452,5014616.535,-75.85786285,45.2697009,2016-07-15,9:17,01 - Clear,01 - Dry,01 - Traffic signal,03 - At intersection,01 - Daylight,02 - Non-fatal injury,02 - Angle,Stittsville - Basswood
4508,EAGLESON RD @ HOPE SIDE RD/TERRY FOX DR,355187.7795,5014616.261,-75.85785734,45.26969841,2016-10-27,18:20,03 - Snow,04 - Slush,01 - Traffic signal,03 - At intersection,05 - Dusk,03 - P.D. only,02 - Angle,Stittsville - Basswood
4509,EAGLESON RD @ HOPE SIDE RD/TERRY FOX DR,355187.043,5014616.671,-75.85786668,45.26970215,2016-02-15,10:33,01 - Clear,01 - Dry,01 - Traffic signal,03 - At intersection,01 - Daylight,03 - P.D. only,05 - Turning movement,Stittsville - Basswood
4510,EAGLESON RD @ HOPE SIDE RD/TERRY FOX DR,355188.1529,5014616.038,-75.8578526,45.26969637,2016-12-17,10:30,03 - Snow,06 - Ice,01 - Traffic signal,02 - Intersection related,01 - Daylight,03 - P.D. only,03 - Rear end,Stittsville - Basswood
4511,EAGLESON RD @ HOPE SIDE RD/TERRY FOX DR,355188.9428,5014616.005,-75.85784254,45.26969602,2016-12-10,14:52,01 - Clear,01 - Dry,01 - Traffic signal,02 - Intersection related,01 - Daylight,03 - P.D. only,03 - Rear end,Stittsville - Basswood
4512,EAGLESON RD @ HWY 417 EAGLESO IC138R51/PARK AN,353037.2392,5020012.819,-75.88473736,45.31840873,2016-09-21,14:59,01 - Clear,01 - Dry,01 - Traffic signal,03 - At intersection,01 - Daylight,03 - P.D. only,02 - Angle,Greenbelt
4513,EAGLESON RD @ HWY 417 EAGLESO IC138R51/PARK AN,353037.847,5020013.122,-75.88472958,45.31841142,2016-01-22,23:53,01 - Clear,01 - Dry,01 - Traffic signal,03 - At intersection,07 - Dark,03 - P.D. only,05 - Turning movement,Greenbelt
4514,EAGLESON RD @ HWY 417 EAGLESO IC138R51/PARK AN,353037.5975,5020012.278,-75.88473285,45.31840384,2016-01-11,18:45,01 - Clear,02 - Wet,01 - Traffic signal,03 - At intersection,07 - Dark,03 - P.D. only,05 - Turning movement,Greenbelt
4515,EAGLESON RD @ HWY 417 EAGLESO IC138R51/PARK AN,353038.0273,5020014.264,-75.88472717,45.31842168,2016-06-26,20:09,01 - Clear,01 - Dry,01 - Traffic signal,03 - At intersection,01 - Daylight,03 - P.D. only,02 - Angle,Greenbelt
4516,EAGLESON RD @ HWY 417 EAGLESO IC138R51/PARK AN,353036.2092,5020014.264,-75.88475036,45.31842181,2016-07-09,15:18,02 - Rain,02 - Wet,01 - Traffic signal,02 - Intersection related,01 - Daylight,03 - P.D. only,03 - Rear end,Katimavik - Hazeldean
4517,EAGLESON RD @ KAKULU RD,353382.7153,5019150.371,-75.88041567,45.31062443,2016-02-24,18:22,04 - Freezing Rain,04 - Slush,01 - Traffic signal,03 - At intersection,07 - Dark,03 - P.D. only,07 - SMV other,Greenbelt
4518,EAGLESON RD @ KAKULU RD,353380.8187,5019150.67,-75.88043983,45.31062725,2016-04-03,11:28,01 - Clear,01 - Dry,01 - Traffic signal,02 - Intersection related,01 - Daylight,03 - P.D. only,04 - Sideswipe,Greenbelt
4519,EAGLESON RD @ KAKULU RD,353381.4962,5019152.746,-75.88043099,45.31064589,2016-12-09,6:36,01 - Clear,06 - Ice,01 - Traffic signal,02 - Intersection related,07 - Dark,03 - P.D. only,07 - SMV other,Greenbelt
4520,EAGLESON RD @ KATIMAVIK RD/TIMM DR,353215.0833,5019566.159,-75.88251276,45.31437735,2016-08-03,14:23,01 - Clear,01 - Dry,01 - Traffic signal,03 - At intersection,01 - Daylight,03 - P.D. only,07 - SMV other,Greenbelt
4521,EAGLESON RD @ KATIMAVIK RD/TIMM DR,353215.6414,5019565.015,-75.88250575,45.31436702,2016-10-23,10:59,01 - Clear,01 - Dry,01 - Traffic signal,03 - At intersection,01 - Daylight,03 - P.D. only,02 - Angle,Katimavik - Hazeldean
4522,EAGLESON RD @ MICHAEL COWPLAND DR/STONEHAVEN D,354382.2354,5016624.225,-75.86792199,45.2878238,2016-05-26,9:32,01 - Clear,01 - Dry,01 - Traffic signal,02 - Intersection related,01 - Daylight,02 - Non-fatal injury,03 - Rear end,Glen Cairn - Kanata South Business Park
4523,EAGLESON RD @ MICHAEL COWPLAND DR/STONEHAVEN D,354381.5283,5016623.664,-75.86793106,45.2878188,2016-10-21,21:00,02 - Rain,02 - Wet,01 - Traffic signal,03 - At intersection,07 - Dark,02 - Non-fatal injury,05 - Turning movement,Glen Cairn - Kanata South Business Park
4524,EAGLESON RD @ MICHAEL COWPLAND DR/STONEHAVEN D,354382.1698,5016624.258,-75.86792283,45.2878241,2016-04-23,9:30,01 - Clear,01 - Dry,01 - Traffic signal,03 - At intersection,01 - Daylight,02 - Non-fatal injury,05 - Turning movement,Glen Cairn - Kanata South Business Park
4525,EAGLESON RD @ MICHAEL COWPLAND DR/STONEHAVEN D,354382.3314,5016623.36,-75.86792086,45.28781601,2016-12-22,19:15,01 - Clear,02 - Wet,01 - Traffic signal,03 - At intersection,07 - Dark,02 - Non-fatal injury,05 - Turning movement,Glen Cairn - Kanata South Business Park
4526,EAGLESON RD @ MICHAEL COWPLAND DR/STONEHAVEN D,354383.354,5016623.444,-75.86790781,45.28781669,2016-10-11,19:16,01 - Clear,01 - Dry,01 - Traffic signal,02 - Intersection related,07 - Dark,03 - P.D. only,03 - Rear end,Glen Cairn - Kanata South Business Park
4527,EAGLESON RD @ MICHAEL COWPLAND DR/STONEHAVEN D,354383.3024,5016622.768,-75.86790854,45.28781061,2016-05-21,15:38,01 - Clear,01 - Dry,01 - Traffic signal,02 - Intersection related,01 - Daylight,03 - P.D. only,03 - Rear end,Glen Cairn - Kanata South Business Park
4528,EAGLESON RD @ MICHAEL COWPLAND DR/STONEHAVEN D,354382.8515,5016622.768,-75.86791429,45.28781064,2016-05-19,10:00,01 - Clear,01 - Dry,01 - Traffic signal,02 - Intersection related,01 - Daylight,03 - P.D. only,04 - Sideswipe,Glen Cairn - Kanata South Business Park
4529,EAGLESON RD @ MICHAEL COWPLAND DR/STONEHAVEN D,354381.9674,5016624.103,-75.86792542,45.28782272,2016-07-13,10:40,01 - Clear,01 - Dry,01 - Traffic signal,03 - At intersection,01 - Daylight,03 - P.D. only,05 - Turning movement,Glen Cairn - Kanata South Business Park
4530,EAGLESON RD @ MICHAEL COWPLAND DR/STONEHAVEN D,354381.4248,5016624.388,-75.86793231,45.28782532,2016-09-23,20:25,01 - Clear,01 - Dry,01 - Traffic signal,03 - At intersection,07 - Dark,03 - P.D. only,04 - Sideswipe,Glen Cairn - Kanata South Business Park
4531,EAGLESON RD @ MICHAEL COWPLAND DR/STONEHAVEN D,354384.1048,5016621.192,-75.86789847,45.28779637,2016-11-16,10:07,02 - Rain,02 - Wet,01 - Traffic signal,03 - At intersection,01 - Daylight,03 - P.D. only,03 - Rear end,Bridlewood - Emerald Meadows
4532,EAGLESON RD @ MICHAEL COWPLAND DR/STONEHAVEN D,354381.3477,5016623.049,-75.86793343,45.28781328,2016-12-17,14:17,01 - Clear,04 - Slush,01 - Traffic signal,03 - At intersection,01 - Daylight,03 - P.D. only,05 - Turning movement,Glen Cairn - Kanata South Business Park
4533,EAGLESON RD @ MICHAEL COWPLAND DR/STONEHAVEN D,354382.6033,5016623.444,-75.86791738,45.28781674,2016-12-17,9:15,03 - Snow,03 - Loose snow,01 - Traffic signal,02 - Intersection related,01 - Daylight,03 - P.D. only,03 - Rear end,Glen Cairn - Kanata South Business Park
4534,EAGLESON RD @ MICHAEL COWPLAND DR/STONEHAVEN D,354384.9019,5016625.419,-75.86788788,45.28783435,2016-12-22,7:09,03 - Snow,04 - Slush,01 - Traffic signal,03 - At intersection,03 - Dawn,03 - P.D. only,05 - Turning movement,Bridlewood - Emerald Meadows
4535,EAGLESON RD @ PALOMINO DR S/ROTHESAY DR,354124.0206,5017288.909,-75.87114744,45.29382294,2016-10-16,7:55,02 - Rain,02 - Wet,01 - Traffic signal,03 - At intersection,01 - Daylight,02 - Non-fatal injury,05 - Turning movement,Bridlewood - Emerald Meadows
4536,EAGLESON RD @ PALOMINO DR S/ROTHESAY DR,354124.8564,5017289.115,-75.87113677,45.29382473,2016-02-16,17:46,03 - Snow,03 - Loose snow,01 - Traffic signal,03 - At intersection,05 - Dusk,03 - P.D. only,02 - Angle,Bridlewood - Emerald Meadows
4537,EAGLESON RD @ PALOMINO DR S/ROTHESAY DR,354123.7515,5017290.671,-75.8711507,45.29383881,2016-09-28,20:22,01 - Clear,01 - Dry,01 - Traffic signal,02 - Intersection related,07 - Dark,03 - P.D. only,05 - Turning movement,Bridlewood - Emerald Meadows
4538,EAGLESON RD @ PALOMINO DR S/ROTHESAY DR,354123.5367,5017288.229,-75.87115368,45.29381685,2016-12-21,14:45,01 - Clear,02 - Wet,01 - Traffic signal,03 - At intersection,01 - Daylight,03 - P.D. only,05 - Turning movement,Bridlewood - Emerald Meadows
4539,EAGLESON RD @ PERTH ST/RICHMOND RD,358010.054,5007412.163,-75.82266329,45.20466647,2016-02-06,1:59,01 - Clear,01 - Dry,01 - Traffic signal,02 - Intersection related,07 - Dark,03 - P.D. only,07 - SMV other,Munster Hamlet - Richmond
4540,EAGLESON RD @ PERTH ST/RICHMOND RD,358015.6305,5007410.759,-75.82259246,45.20465342,2016-12-07,6:48,03 - Snow,02 - Wet,01 - Traffic signal,02 - Intersection related,07 - Dark,03 - P.D. only,03 - Rear end,Munster Hamlet - Richmond
4541,EAGLESON RD btwn 240 N OF CADENCE GT/COPE DR/LOBLAWS SC & CADENCE GT/C,354614.8252,5016041.092,-75.86501565,45.28256019,2016-12-15,15:30,03 - Snow,03 - Loose snow,10 - No control,01 - Non intersection,01 - Daylight,03 - P.D. only,03 - Rear end,Bridlewood - Emerald Meadows
4542,EAGLESON RD btwn ABBEYHILL DR & PALOMINO DR,353900.8277,5017850.73,-75.87393722,45.29889396,2016-12-09,9:20,05 - Drifting Snow,06 - Ice,10 - No control,01 - Non intersection,01 - Daylight,02 - Non-fatal injury,03 - Rear end,Greenbelt
4543,EAGLESON RD btwn ABBEYHILL DR & PALOMINO DR,354007.1864,5017583.884,-75.87260765,45.29648538,2016-02-17,8:03,01 - Clear,03 - Loose snow,10 - No control,01 - Non intersection,01 - Daylight,03 - P.D. only,03 - Rear end,Bridlewood - Emerald Meadows
4544,EAGLESON RD btwn ABBEYHILL DR & PALOMINO DR,353936.5139,5017764.462,-75.87349078,45.29811521,2016-04-22,16:43,01 - Clear,01 - Dry,10 - No control,01 - Non intersection,01 - Daylight,03 - P.D. only,03 - Rear end,Greenbelt
4545,EAGLESON RD btwn AKINS RD & RUSHMORE RD,356722.3081,5010592.209,-75.83872292,45.23337745,2016-04-10,9:47,01 - Clear,01 - Dry,10 - No control,01 - Non intersection,01 - Daylight,02 - Non-fatal injury,07 - SMV other,Stittsville - Basswood
4546,EAGLESON RD btwn AKINS RD & RUSHMORE RD,356431.2835,5011361.348,-75.8423493,45.24031976,2016-12-05,7:32,03 - Snow,05 - Packed snow,10 - No control,01 - Non intersection,03 - Dawn,03 - P.D. only,07 - SMV other,Stittsville - Basswood
4547,EAGLESON RD btwn CAMBRIAN RD & PERTH ST,358008.2687,5007431.291,-75.82268398,45.20483872,2016-03-01,16:06,06 - Strong wind,06 - Ice,10 - No control,01 - Non intersection,01 - Daylight,03 - P.D. only,07 - SMV other,Munster Hamlet - Richmond
4548,EAGLESON RD btwn COPE DR & Continuation of EAGLESON RD,354658.0071,5015934.557,-75.86447595,45.2815985,2016-01-12,17:32,03 - Snow,03 - Loose snow,10 - No control,01 - Non intersection,05 - Dusk,02 - Non-fatal injury,03 - Rear end,Bridlewood - Emerald Meadows
4549,EAGLESON RD btwn COPE DR & Continuation of EAGLESON RD,354696.4648,5015841.21,-75.86399516,45.28075582,2016-02-18,17:17,01 - Clear,06 - Ice,10 - No control,01 - Non intersection,05 - Dusk,03 - P.D. only,03 - Rear end,Bridlewood - Emerald Meadows
4550,EAGLESON RD btwn EAGLESON BUSINESS CENTRE & MICHAEL COWPLAND DR/STONEH,354361.6459,5016674.667,-75.86817941,45.28827914,2016-04-06,20:42,03 - Snow,03 - Loose snow,10 - No control,04 - At/near private drive,07 - Dark,03 - P.D. only,02 - Angle,Glen Cairn - Kanata South Business Park
4551,EAGLESON RD btwn EAGLESON BUSINESS CENTRE & MICHAEL COWPLAND DR/STONEH,354379.6332,5016628.889,-75.8679547,45.28786595,2016-05-17,19:00,01 - Clear,01 - Dry,10 - No control,01 - Non intersection,01 - Daylight,03 - P.D. only,03 - Rear end,Glen Cairn - Kanata South Business Park
4552,EAGLESON RD btwn EAGLESON BUSINESS CENTRE & MICHAEL COWPLAND DR/STONEH,354368.9896,5016657.08,-75.86808756,45.28812037,2016-07-04,15:08,01 - Clear,01 - Dry,10 - No control,01 - Non intersection,01 - Daylight,03 - P.D. only,04 - Sideswipe,Bridlewood - Emerald Meadows
4553,EAGLESON RD btwn EAGLESON BUSINESS CENTRE & MICHAEL COWPLAND DR/STONEH,354364.7612,5016663.331,-75.86814084,45.28817691,2016-10-07,15:11,01 - Clear,01 - Dry,10 - No control,01 - Non intersection,01 - Daylight,03 - P.D. only,04 - Sideswipe,Glen Cairn - Kanata South Business Park
4554,EAGLESON RD btwn EAGLESON BUSINESS CENTRE & MICHAEL COWPLAND DR/STONEH,354345.0727,5016717.241,-75.86838643,45.2886634,2016-12-20,2:57,01 - Clear,03 - Loose snow,10 - No control,01 - Non intersection,07 - Dark,03 - P.D. only,04 - Sideswipe,Glen Cairn - Kanata South Business Park
4555,EAGLESON RD btwn FAULKNER TR & FALLOWFIELD RD,355924.43,5012687.529,-75.84866853,45.25229007,2016-01-21,7:01,01 - Clear,01 - Dry,10 - No control,01 - Non intersection,03 - Dawn,02 - Non-fatal injury,03 - Rear end,Stittsville - Basswood
4556,EAGLESON RD btwn FAULKNER TR & FALLOWFIELD RD,355924.8611,5012685.588,-75.84866324,45.25227257,2016-01-03,15:34,06 - Strong wind,06 - Ice,10 - No control,01 - Non intersection,01 - Daylight,03 - P.D. only,07 - SMV other,Stittsville - Basswood
4557,EAGLESON RD btwn FAULKNER TR & FALLOWFIELD RD,355683.1235,5013310.887,-75.85167879,45.25791668,2016-08-11,0:45,01 - Clear,01 - Dry,10 - No control,01 - Non intersection,07 - Dark,03 - P.D. only,07 - SMV other,Stittsville - Basswood
4558,EAGLESON RD btwn FERNBANK RD & BRIDGESTONE DR,354816.8931,5015543.456,-75.86249022,45.278068,2016-05-25,16:03,01 - Clear,01 - Dry,10 - No control,01 - Non intersection,01 - Daylight,02 - Non-fatal injury,03 - Rear end,Stittsville - Basswood
4559,EAGLESON RD btwn HAZELDEAN RD & 146 N OF ABBEYHILL DR/HAZELDEAN MALL S,353677.7657,5018413.28,-75.87672576,45.30397146,2016-12-02,16:38,01 - Clear,01 - Dry,10 - No control,01 - Non intersection,05 - Dusk,03 - P.D. only,03 - Rear end,Greenbelt
4560,EAGLESON RD btwn HWY417 IC138 RAMP51 & KATIMAVIK RD,353158.9869,5019701.245,-75.88321499,45.31559675,2016-11-10,15:05,01 - Clear,01 - Dry,10 - No control,01 - Non intersection,01 - Daylight,02 - Non-fatal injury,03 - Rear end,Katimavik - Hazeldean
4561,EAGLESON RD btwn HWY417 IC138 RAMP51 & KATIMAVIK RD,353043.1668,5019997.232,-75.88466328,45.31826807,2016-09-02,13:30,01 - Clear,01 - Dry,10 - No control,01 - Non intersection,01 - Daylight,03 - P.D. only,04 - Sideswipe,Greenbelt
4562,EAGLESON RD btwn KATIMAVIK RD & KAKULU RD,353256.3377,5019463.328,-75.88199669,45.31344921,2016-06-11,19:10,01 - Clear,01 - Dry,10 - No control,04 - At/near private drive,01 - Daylight,03 - P.D. only,04 - Sideswipe,Greenbelt
4563,EAGLESON RD btwn KATIMAVIK RD & KAKULU RD,353264.172,5019451.341,-75.88189795,45.31334081,2016-11-14,17:13,01 - Clear,01 - Dry,10 - No control,01 - Non intersection,07 - Dark,03 - P.D. only,03 - Rear end,Greenbelt
4564,EAGLESON RD btwn KATIMAVIK RD & KAKULU RD,353242.6583,5019494.804,-75.88216807,45.31373339,2016-12-09,12:44,01 - Clear,02 - Wet,10 - No control,01 - Non intersection,01 - Daylight,03 - P.D. only,04 - Sideswipe,Katimavik - Hazeldean
4565,EAGLESON RD btwn MARCH RD & HWY417 IC138 RAMP35,352956.4467,5020200.069,-75.8857496,45.32009919,2016-01-04,17:12,01 - Clear,01 - Dry,10 - No control,01 - Non intersection,05 - Dusk,02 - Non-fatal injury,03 - Rear end,Katimavik - Hazeldean
4566,EAGLESON RD btwn MARCH RD & HWY417 IC138 RAMP35,352955.38,5020203.657,-75.88576286,45.32013155,2016-01-14,17:50,01 - Clear,01 - Dry,10 - No control,01 - Non intersection,07 - Dark,03 - P.D. only,04 - Sideswipe,Greenbelt
4567,EAGLESON RD btwn MICHAEL COWPLAND DR/STONEHAVEN DR & 240 N OF CADENCE ,354419.7589,5016532.42,-75.86745285,45.28699507,2016-06-13,23:19,01 - Clear,01 - Dry,10 - No control,01 - Non intersection,07 - Dark,02 - Non-fatal injury,07 - SMV other,Bridlewood - Emerald Meadows
4568,EAGLESON RD btwn MICHAEL COWPLAND DR/STONEHAVEN DR & 240 N OF CADENCE ,354418.4779,5016534.718,-75.86746895,45.28701583,2016-08-06,9:50,01 - Clear,01 - Dry,10 - No control,01 - Non intersection,01 - Daylight,03 - P.D. only,07 - SMV other,Glen Cairn - Kanata South Business Park
4569,EAGLESON RD btwn OTTAWA ST & BROPHY DR,359058.0046,5004793.654,-75.80960933,45.18102454,2016-03-26,22:18,01 - Clear,01 - Dry,10 - No control,04 - At/near private drive,07 - Dark,03 - P.D. only,03 - Rear end,Munster Hamlet - Richmond
4570,EAGLESON RD btwn OTTAWA ST & BROPHY DR,358572.9443,5006036.22,-75.81564694,45.19224265,2016-10-07,6:44,01 - Clear,01 - Dry,10 - No control,01 - Non intersection,03 - Dawn,03 - P.D. only,07 - SMV other,Munster Hamlet - Richmond
4571,EAGLESON RD btwn PALOMINO DR & ROTHESAY DR,354114.6455,5017312.644,-75.8712646,45.29403717,2016-02-18,8:34,01 - Clear,06 - Ice,10 - No control,01 - Non intersection,01 - Daylight,03 - P.D. only,03 - Rear end,Bridlewood - Emerald Meadows
4572,EAGLESON RD btwn PERTH ST & BARNSDALE RD,358032.9283,5007370.154,-75.82237662,45.20428674,2016-12-15,10:00,03 - Snow,04 - Slush,10 - No control,01 - Non intersection,01 - Daylight,03 - P.D. only,07 - SMV other,Munster Hamlet - Richmond
4573,EAGLESON RD btwn SHATNER GT & HAZELDEAN RD,353668.5755,5018437.413,-75.87684056,45.30418925,2016-08-15,9:43,01 - Clear,01 - Dry,10 - No control,01 - Non intersection,01 - Daylight,03 - P.D. only,04 - Sideswipe,Greenbelt
4574,EAGLESON RD btwn SHATNER GT & HAZELDEAN RD,353668.8522,5018435.824,-75.87683719,45.30417494,2016-08-09,17:45,01 - Clear,01 - Dry,10 - No control,04 - At/near private drive,01 - Daylight,03 - P.D. only,02 - Angle,Greenbelt
4575,EAGLESON RD btwn SHATNER GT & HAZELDEAN RD,353599.029,5018604.361,-75.87771091,45.30569632,2016-11-20,17:31,03 - Snow,04 - Slush,10 - No control,01 - Non intersection,07 - Dark,03 - P.D. only,07 - SMV other,Greenbelt
4576,EAGLESON RD btwn TERRY FOX DR & EAGLESON RD,355210.1483,5014560.405,-75.85757796,45.2691942,2016-11-21,9:28,03 - Snow,03 - Loose snow,10 - No control,01 - Non intersection,01 - Daylight,03 - P.D. only,03 - Rear end,Bridlewood - Emerald Meadows
4577,EAGLEVIEW ST btwn MILNER DOWNS CRES & MEADOWBREEZE DR,355524.0318,5015591.12,-75.85347281,45.27844623,2016-06-21,22:56,01 - Clear,01 - Dry,10 - No control,01 - Non intersection,07 - Dark,03 - P.D. only,06 - SMV unattended vehicle,Bridlewood - Emerald Meadows
4578,EARL ARMSTRONG RD @ BOWESVILLE RD,372560.6453,5017440.544,-75.63609368,45.29365136,2016-10-15,21:34,01 - Clear,01 - Dry,02 - Stop sign,03 - At intersection,07 - Dark,03 - P.D. only,07 - SMV other,Greenbelt
4579,EARL ARMSTRONG RD @ HIGH RD,373764.4004,5018173.806,-75.62064637,45.30013192,2016-02-13,15:55,01 - Clear,05 - Packed snow,10 - No control,02 - Intersection related,01 - Daylight,03 - P.D. only,07 - SMV other,Greenbelt
4580,EARL ARMSTRONG RD @ LIMEBANK RD,370155.0623,5015960.231,-75.66695505,45.28055962,2016-09-20,13:32,01 - Clear,01 - Dry,01 - Traffic signal,02 - Intersection related,01 - Daylight,02 - Non-fatal injury,04 - Sideswipe,Greenbelt
4581,EARL ARMSTRONG RD @ LIMEBANK RD,370155.7209,5015960.865,-75.66694658,45.28056526,2016-11-20,16:30,05 - Drifting Snow,03 - Loose snow,01 - Traffic signal,02 - Intersection related,05 - Dusk,02 - Non-fatal injury,07 - SMV other,Greenbelt
4582,EARL ARMSTRONG RD @ LIMEBANK RD,370155.0623,5015959.353,-75.66695517,45.28055172,2016-02-25,21:56,03 - Snow,06 - Ice,01 - Traffic signal,02 - Intersection related,07 - Dark,03 - P.D. only,04 - Sideswipe,Greenbelt
4583,EARL ARMSTRONG RD @ LIMEBANK RD,370154.6232,5015960.67,-75.66696059,45.28056361,2016-06-23,17:35,01 - Clear,01 - Dry,01 - Traffic signal,02 - Intersection related,01 - Daylight,03 - P.D. only,03 - Rear end,Greenbelt
4584,EARL ARMSTRONG RD @ LIMEBANK RD,370155.4964,5015960.675,-75.66694946,45.28056358,2016-04-18,19:00,01 - Clear,01 - Dry,01 - Traffic signal,02 - Intersection related,01 - Daylight,03 - P.D. only,03 - Rear end,Greenbelt
4585,EARL ARMSTRONG RD @ LIMEBANK RD,370155.4936,5015961.36,-75.66694941,45.28056974,2016-07-21,13:39,01 - Clear,01 - Dry,01 - Traffic signal,02 - Intersection related,01 - Daylight,03 - P.D. only,03 - Rear end,Greenbelt
4586,EARL ARMSTRONG RD @ LIMEBANK RD,370157.3772,5015959.208,-75.66692568,45.2805502,2016-10-07,17:28,01 - Clear,01 - Dry,01 - Traffic signal,02 - Intersection related,01 - Daylight,03 - P.D. only,03 - Rear end,Greenbelt
4587,EARL ARMSTRONG RD @ RIVER RD,367572.2593,5014685.086,-75.70003456,45.26932134,2016-06-10,16:02,01 - Clear,01 - Dry,01 - Traffic signal,02 - Intersection related,01 - Daylight,02 - Non-fatal injury,03 - Rear end,Gloucester
4588,EARL ARMSTRONG RD @ RIVER RD,367572.3079,5014684.629,-75.700034,45.26931723,2016-09-15,19:37,01 - Clear,01 - Dry,01 - Traffic signal,02 - Intersection related,07 - Dark,02 - Non-fatal injury,02 - Angle,Gloucester