Record,Location,X,Y,lon,lat,Date,Time,Environment,Road_Surface,Traffic_Control,Collision_Location,Light,Collision_Classification,Impact_type,Neighborhood
4589,EARL ARMSTRONG RD @ RIVER RD,367573.5467,5014684.812,-75.70001819,45.26931876,2016-11-16,17:39,01 - Clear,01 - Dry,01 - Traffic signal,02 - Intersection related,07 - Dark,02 - Non-fatal injury,03 - Rear end,Gloucester
4590,EARL ARMSTRONG RD @ RIVER RD,367572.499,5014683.739,-75.70003167,45.2693092,2016-11-18,22:31,"07 - Fog, mist, smoke, dust",02 - Wet,01 - Traffic signal,03 - At intersection,07 - Dark,02 - Non-fatal injury,02 - Angle,Gloucester
4591,EARL ARMSTRONG RD @ RIVER RD,367573.1777,5014683.709,-75.70002303,45.26930887,2016-06-01,8:14,01 - Clear,01 - Dry,01 - Traffic signal,02 - Intersection related,01 - Daylight,03 - P.D. only,03 - Rear end,Gloucester
4592,EARL ARMSTRONG RD @ RIVER RD,367576.3681,5014684.398,-75.69998229,45.26931479,2016-01-14,17:11,01 - Clear,04 - Slush,01 - Traffic signal,02 - Intersection related,05 - Dusk,03 - P.D. only,03 - Rear end,Gloucester
4593,EARL ARMSTRONG RD @ RIVER RD,367572.4522,5014684.131,-75.70003222,45.26931273,2016-03-27,13:20,01 - Clear,01 - Dry,01 - Traffic signal,02 - Intersection related,01 - Daylight,03 - P.D. only,03 - Rear end,Gloucester
4594,EARL ARMSTRONG RD @ RIVER RD,367572.944,5014684.172,-75.70002595,45.26931306,2016-04-09,16:30,01 - Clear,01 - Dry,01 - Traffic signal,02 - Intersection related,01 - Daylight,03 - P.D. only,03 - Rear end,Gloucester
4595,EARL ARMSTRONG RD @ RIVER RD,367572.0599,5014683.739,-75.70003727,45.26930924,2016-07-29,7:37,01 - Clear,01 - Dry,01 - Traffic signal,03 - At intersection,01 - Daylight,03 - P.D. only,05 - Turning movement,Gloucester
4596,EARL ARMSTRONG RD @ RIVER RD,367571.9772,5014684.232,-75.70003826,45.26931368,2016-09-22,15:14,01 - Clear,01 - Dry,01 - Traffic signal,02 - Intersection related,01 - Daylight,03 - P.D. only,03 - Rear end,Gloucester
4597,EARL ARMSTRONG RD @ RIVER RD,367573.5467,5014682.327,-75.7000185,45.2692964,2016-11-04,11:12,01 - Clear,01 - Dry,01 - Traffic signal,02 - Intersection related,01 - Daylight,03 - P.D. only,03 - Rear end,Gloucester
4598,EARL ARMSTRONG RD @ RIVER RD,367564.8484,5014689.934,-75.70012838,45.26936563,2016-11-24,11:30,01 - Clear,02 - Wet,01 - Traffic signal,02 - Intersection related,01 - Daylight,03 - P.D. only,04 - Sideswipe,Gloucester
4599,EARL ARMSTRONG RD @ SHORELINE DR,368838.9421,5015287.557,-75.68381596,45.27462811,2016-08-31,15:49,01 - Clear,01 - Dry,01 - Traffic signal,02 - Intersection related,01 - Daylight,02 - Non-fatal injury,07 - SMV other,Greenbelt
4600,EARL ARMSTRONG RD @ SHORELINE DR,368839.3634,5015287.539,-75.6838106,45.27462791,2016-06-09,10:20,01 - Clear,01 - Dry,01 - Traffic signal,03 - At intersection,01 - Daylight,02 - Non-fatal injury,07 - SMV other,Greenbelt
4601,EARL ARMSTRONG RD @ SPRATT RD,368396.9311,5015011.651,-75.68948422,45.27218565,2016-02-18,13:46,01 - Clear,01 - Dry,01 - Traffic signal,03 - At intersection,01 - Daylight,02 - Non-fatal injury,05 - Turning movement,Greenbelt
4602,EARL ARMSTRONG RD @ SPRATT RD,368396.0349,5015010.98,-75.68949573,45.27217969,2016-05-10,7:30,01 - Clear,01 - Dry,01 - Traffic signal,03 - At intersection,01 - Daylight,02 - Non-fatal injury,05 - Turning movement,Greenbelt
4603,EARL ARMSTRONG RD @ SPRATT RD,368396.0505,5015010.77,-75.68949556,45.2721778,2016-10-26,20:00,01 - Clear,01 - Dry,01 - Traffic signal,03 - At intersection,07 - Dark,03 - P.D. only,05 - Turning movement,Greenbelt
4604,EARL ARMSTRONG RD @ SPRATT RD,368395.6114,5015011.21,-75.68950109,45.2721818,2016-11-09,8:03,01 - Clear,01 - Dry,01 - Traffic signal,03 - At intersection,01 - Daylight,03 - P.D. only,05 - Turning movement,Greenbelt
4605,EARL ARMSTRONG RD @ SPRATT RD,368396.0505,5015012.088,-75.68949539,45.27218966,2016-12-21,17:45,01 - Clear,02 - Wet,01 - Traffic signal,03 - At intersection,07 - Dark,03 - P.D. only,05 - Turning movement,Greenbelt
4606,EARL ARMSTRONG RD btwn BOWESVILLE RD & HIGH RD,372594.0373,5017482.639,-75.63566225,45.2940269,2016-01-09,17:00,02 - Rain,06 - Ice,10 - No control,01 - Non intersection,05 - Dusk,03 - P.D. only,07 - SMV other,Greenbelt
4607,EARL ARMSTRONG RD btwn CANYON WALK DR & LIMEBANK RD,370041.9162,5015908.599,-75.6684039,45.28010555,2016-04-17,22:30,01 - Clear,01 - Dry,10 - No control,01 - Non intersection,07 - Dark,03 - P.D. only,07 - SMV other,Greenbelt
4608,EARL ARMSTRONG RD btwn LIMEBANK RD & BOWESVILLE RD,372426.0864,5017366.868,-75.63781907,45.2930014,2016-08-28,20:01,01 - Clear,01 - Dry,10 - No control,01 - Non intersection,05 - Dusk,03 - P.D. only,07 - SMV other,Greenbelt
4609,EARL ARMSTRONG RD btwn LIMEBANK RD & BOWESVILLE RD,372385.6818,5017344.91,-75.63833713,45.29280772,2016-10-27,22:17,04 - Freezing Rain,04 - Slush,10 - No control,01 - Non intersection,07 - Dark,03 - P.D. only,07 - SMV other,Greenbelt
4610,EARL ARMSTRONG RD btwn LIMEBANK RD & BOWESVILLE RD,370754.1849,5016312.48,-75.65927238,45.28367314,2016-04-06,21:58,03 - Snow,03 - Loose snow,10 - No control,01 - Non intersection,07 - Dark,03 - P.D. only,07 - SMV other,Greenbelt
4611,EARL ARMSTRONG RD btwn LIMEBANK RD & BOWESVILLE RD,371021.8928,5016472.52,-75.65583888,45.28508798,2016-11-22,20:00,01 - Clear,06 - Ice,10 - No control,01 - Non intersection,07 - Dark,03 - P.D. only,07 - SMV other,Greenbelt
4612,EARL ARMSTRONG RD btwn RIVER RD & SPRATT RD,367905.7152,5014709.644,-75.69578232,45.26951247,2016-02-06,18:29,01 - Clear,01 - Dry,10 - No control,01 - Non intersection,07 - Dark,02 - Non-fatal injury,03 - Rear end,Greenbelt
4613,EARL GREY DR btwn ROLAND MICHENER DR & END,350769.9562,5018935.932,-75.91375476,45.30887074,2016-03-05,18:47,01 - Clear,01 - Dry,10 - No control,04 - At/near private drive,07 - Dark,03 - P.D. only,03 - Rear end,Kanata
4614,EARL MULLIGAN DR @ MOUNTSHANNON DR,364813.0229,5017243.789,-75.73488546,45.29258536,2016-02-17,20:29,03 - Snow,06 - Ice,02 - Stop sign,02 - Intersection related,07 - Dark,03 - P.D. only,03 - Rear end,New Barrhaven
4615,EARL MULLIGAN DR @ WOODPARK WAY,365105.9703,5017423.196,-75.73112916,45.29417458,2016-04-02,13:40,01 - Clear,01 - Dry,02 - Stop sign,02 - Intersection related,01 - Daylight,03 - P.D. only,03 - Rear end,New Barrhaven
4616,EARL MULLIGAN DR @ WOODROFFE AVE,365250.4817,5017505.362,-75.72927686,45.29490149,2016-02-04,17:21,01 - Clear,01 - Dry,01 - Traffic signal,03 - At intersection,07 - Dark,02 - Non-fatal injury,05 - Turning movement,Greenbelt
4617,EARL MULLIGAN DR @ WOODROFFE AVE,365249.5789,5017506.236,-75.72928826,45.29490943,2016-04-19,19:25,01 - Clear,01 - Dry,01 - Traffic signal,03 - At intersection,01 - Daylight,02 - Non-fatal injury,02 - Angle,Greenbelt
4618,EARL MULLIGAN DR @ WOODROFFE AVE,365250.7012,5017507.79,-75.72927377,45.29492331,2016-03-30,11:16,01 - Clear,01 - Dry,01 - Traffic signal,02 - Intersection related,01 - Daylight,02 - Non-fatal injury,04 - Sideswipe,Greenbelt
4619,EARL MULLIGAN DR @ WOODROFFE AVE,365250.7012,5017504.39,-75.72927418,45.29489272,2016-09-13,7:15,01 - Clear,01 - Dry,01 - Traffic signal,02 - Intersection related,01 - Daylight,03 - P.D. only,03 - Rear end,Greenbelt
4620,EARL MULLIGAN DR @ WOODROFFE AVE,365250.0426,5017505.801,-75.72928241,45.29490547,2016-02-17,23:43,01 - Clear,06 - Ice,01 - Traffic signal,02 - Intersection related,07 - Dark,03 - P.D. only,03 - Rear end,Greenbelt
4621,EARL MULLIGAN DR @ WOODROFFE AVE,365250.4792,5017505.794,-75.72927684,45.29490537,2016-02-17,20:34,03 - Snow,06 - Ice,01 - Traffic signal,02 - Intersection related,07 - Dark,03 - P.D. only,99 - Other,Greenbelt
4622,EARL MULLIGAN DR @ WOODROFFE AVE,365250.0426,5017506.24,-75.72928235,45.29490942,2016-05-24,7:21,01 - Clear,01 - Dry,01 - Traffic signal,02 - Intersection related,01 - Daylight,03 - P.D. only,03 - Rear end,Greenbelt
4623,EARL MULLIGAN DR @ WOODROFFE AVE,365250.027,5017506.011,-75.72928258,45.29490737,2016-03-08,15:45,01 - Clear,01 - Dry,01 - Traffic signal,02 - Intersection related,01 - Daylight,03 - P.D. only,05 - Turning movement,Greenbelt
4624,EARL MULLIGAN DR @ WOODROFFE AVE,365250.7012,5017506.874,-75.72927388,45.29491507,2016-11-22,22:37,03 - Snow,06 - Ice,01 - Traffic signal,03 - At intersection,07 - Dark,03 - P.D. only,07 - SMV other,Greenbelt
4625,EARL MULLIGAN DR @ WOODROFFE AVE,365250.7012,5017506.046,-75.72927398,45.29490762,2016-12-16,15:30,03 - Snow,03 - Loose snow,01 - Traffic signal,02 - Intersection related,01 - Daylight,03 - P.D. only,03 - Rear end,Greenbelt
4626,EARNSCLIFFE GROVE btwn ARDMORE ST & BORBRIDGE AVE,367952.55,5014114.867,-75.69526114,45.26415651,2016-07-17,0:00,01 - Clear,01 - Dry,10 - No control,04 - At/near private drive,00 - Unknown,03 - P.D. only,06 - SMV unattended vehicle,Greenbelt
4627,EASTPARK DR btwn WEDGEWOOD CRES & INNES RD,378556.5399,5033186.903,-75.55730938,45.43472442,2016-08-17,12:20,01 - Clear,01 - Dry,10 - No control,04 - At/near private drive,01 - Daylight,03 - P.D. only,02 - Angle,Blackburn Hamlet
4628,EASTVALE DR btwn OGILVIE RD & LOYOLA AVE,375663.5972,5035104.281,-75.59400355,45.45227499,2016-01-07,0:00,01 - Clear,01 - Dry,10 - No control,01 - Non intersection,00 - Unknown,03 - P.D. only,06 - SMV unattended vehicle,Beacon Hill North
4629,EASTVALE DR btwn OGILVIE RD & LOYOLA AVE,375663.2904,5035104.013,-75.59400752,45.45227261,2016-01-28,14:39,03 - Snow,03 - Loose snow,10 - No control,04 - At/near private drive,01 - Daylight,03 - P.D. only,02 - Angle,Beacon Hill North
4630,EASTVALE DR N @ OGILVIE RD,374982.6481,5036044.469,-75.60257428,45.46080295,2016-06-25,8:49,01 - Clear,01 - Dry,02 - Stop sign,03 - At intersection,01 - Daylight,02 - Non-fatal injury,05 - Turning movement,Beacon Hill North
4631,EASTVALE DR S @ OGILVIE RD,375467.4193,5035026.105,-75.59652262,45.45159147,2016-04-06,21:20,03 - Snow,03 - Loose snow,01 - Traffic signal,02 - Intersection related,07 - Dark,03 - P.D. only,02 - Angle,Beacon Hill North
4632,EASTWOOD PL @ MCARTHUR AVE,371052.4926,5032783.024,-75.65326267,45.43184174,2016-05-08,9:16,01 - Clear,01 - Dry,02 - Stop sign,03 - At intersection,01 - Daylight,03 - P.D. only,99 - Other,Vanier South
4633,EASTWOOD PL @ MCARTHUR AVE,371052.4978,5032782.355,-75.65326269,45.43183572,2016-11-25,15:45,01 - Clear,02 - Wet,02 - Stop sign,03 - At intersection,01 - Daylight,03 - P.D. only,02 - Angle,Vanier South
4634,ECCLES ST @ PRESTON ST,366329.6969,5030076.296,-75.71395426,45.40791886,2016-08-17,17:23,01 - Clear,01 - Dry,02 - Stop sign,02 - Intersection related,01 - Daylight,03 - P.D. only,03 - Rear end,Little Italy
4635,ECCLES ST btwn BOOTH ST & LEBRETON ST N,366671.3205,5030189.512,-75.7095762,45.40890743,2016-01-27,11:30,01 - Clear,06 - Ice,10 - No control,01 - Non intersection,01 - Daylight,03 - P.D. only,06 - SMV unattended vehicle,Chinatown
4636,ECCLES ST btwn LEBRETON ST N & BELL ST N,366790.203,5030240.931,-75.70805112,45.40935957,2016-08-26,0:00,01 - Clear,01 - Dry,10 - No control,01 - Non intersection,00 - Unknown,03 - P.D. only,06 - SMV unattended vehicle,Chinatown
4637,ECCLES ST btwn LEBRETON ST N & BELL ST N,366733.3848,5030217.294,-75.7087799,45.40915192,2016-06-28,14:27,01 - Clear,01 - Dry,10 - No control,01 - Non intersection,01 - Daylight,03 - P.D. only,06 - SMV unattended vehicle,Chinatown
4638,ECCLES ST btwn ROCHESTER ST & BOOTH ST,366609.2043,5030180.751,-75.71037078,45.40883409,2016-07-15,18:05,01 - Clear,01 - Dry,10 - No control,01 - Non intersection,01 - Daylight,03 - P.D. only,06 - SMV unattended vehicle,Chinatown
4639,ECCLES ST btwn ROCHESTER ST & BOOTH ST,366541.7043,5030151.569,-75.71123668,45.40857748,2016-12-31,0:00,01 - Clear,03 - Loose snow,10 - No control,01 - Non intersection,00 - Unknown,03 - P.D. only,06 - SMV unattended vehicle,Chinatown
4640,ECHO DR @ HARVEY ST,368800.7118,5030716.131,-75.68230698,45.41345429,2016-02-16,22:21,03 - Snow,03 - Loose snow,10 - No control,02 - Intersection related,07 - Dark,03 - P.D. only,06 - SMV unattended vehicle,Old Ottawa East
4641,EDEN AVE @ RICHMOND RD,363331.2306,5028361.24,-75.75246002,45.39274426,2016-02-18,12:00,01 - Clear,01 - Dry,02 - Stop sign,02 - Intersection related,01 - Daylight,03 - P.D. only,04 - Sideswipe,Westboro
4642,EDGECLIFFE AVE @ CALDWELL AVE,364346.1169,5026250.269,-75.73975403,45.37366455,2016-10-22,8:27,02 - Rain,02 - Wet,10 - No control,03 - At intersection,01 - Daylight,03 - P.D. only,02 - Angle,Carlington
4643,EDGEWATER ST btwn TERRY FOX DR & HAZELDEAN RD,352263.1502,5017401.549,-75.89486032,45.29496466,2016-11-21,17:02,03 - Snow,05 - Packed snow,10 - No control,04 - At/near private drive,07 - Dark,03 - P.D. only,03 - Rear end,Katimavik - Hazeldean
4644,EDGEWATER ST btwn TERRY FOX DR & HAZELDEAN RD,351835.1768,5017652.666,-75.90029272,45.29725306,2016-06-09,18:00,01 - Clear,01 - Dry,10 - No control,04 - At/near private drive,01 - Daylight,03 - P.D. only,05 - Turning movement,Katimavik - Hazeldean
4645,EDGEWOOD AVE btwn RICHMOND RD & LINCOLN AVE,363406.0056,5028377.744,-75.75150315,45.39288651,2016-08-15,12:00,01 - Clear,01 - Dry,10 - No control,01 - Non intersection,01 - Daylight,03 - P.D. only,06 - SMV unattended vehicle,Westboro
4646,EDGEWOOD AVE btwn RICHMOND RD & LINCOLN AVE,363399.3515,5028393.862,-75.75158621,45.39303209,2016-08-16,13:15,01 - Clear,01 - Dry,10 - No control,04 - At/near private drive,01 - Daylight,03 - P.D. only,06 - SMV unattended vehicle,Westboro
4647,EDINBURGH PL @ BANTREE ST,374175.5364,5029841.801,-75.61376754,45.4050753,2016-04-06,21:03,03 - Snow,03 - Loose snow,02 - Stop sign,03 - At intersection,07 - Dark,03 - P.D. only,07 - SMV other,Industrial Park
4648,EDITH AVE @ GLYNN AVE,370916.9385,5032165.366,-75.65507785,45.42629715,2016-10-04,14:36,01 - Clear,01 - Dry,02 - Stop sign,03 - At intersection,01 - Daylight,02 - Non-fatal injury,02 - Angle,Overbrook
4649,EGAN RD btwn GARNER AVE & HOBSON RD,368409.3881,5026018.448,-75.68791176,45.37122163,2016-07-02,13:00,01 - Clear,01 - Dry,10 - No control,01 - Non intersection,01 - Daylight,03 - P.D. only,06 - SMV unattended vehicle,Riverside Park
4650,"EGLISE, RUE DE L @ MONTREAL RD",371156.2093,5033634.713,-75.65182247,45.43949503,2016-03-17,15:44,02 - Rain,02 - Wet,01 - Traffic signal,02 - Intersection related,01 - Daylight,02 - Non-fatal injury,07 - SMV other,Vanier South
4651,"EGLISE, RUE DE L @ MONTREAL RD",371156.5738,5033634.496,-75.65181784,45.43949304,2016-06-23,14:50,01 - Clear,01 - Dry,01 - Traffic signal,02 - Intersection related,01 - Daylight,03 - P.D. only,03 - Rear end,Vanier South
4652,"EGLISE, RUE DE L @ MONTREAL RD",371158.6743,5033634.305,-75.65179102,45.43949112,2016-09-16,6:12,01 - Clear,01 - Dry,01 - Traffic signal,03 - At intersection,03 - Dawn,03 - P.D. only,02 - Angle,Vanier South
4653,"EGLISE, RUE DE L @ MONTREAL RD",371158.1008,5033633.587,-75.65179844,45.43948471,2016-02-26,17:05,01 - Clear,01 - Dry,01 - Traffic signal,02 - Intersection related,05 - Dusk,03 - P.D. only,04 - Sideswipe,Vanier South
4654,"EGLISE, RUE DE L @ MONTREAL RD",371157.4907,5033632.928,-75.65180633,45.43947884,2016-10-14,23:48,01 - Clear,01 - Dry,01 - Traffic signal,03 - At intersection,07 - Dark,03 - P.D. only,02 - Angle,Vanier South
4655,"EGLISE, RUE DE L @ MONTREAL RD",371158.5384,5033632.345,-75.65179302,45.4394735,2016-12-23,11:55,01 - Clear,02 - Wet,01 - Traffic signal,02 - Intersection related,01 - Daylight,03 - P.D. only,04 - Sideswipe,Vanier South
4656,"EGLISE, RUE DE L @ MONTREAL RD",371159.606,5033633.592,-75.65177921,45.43948462,2016-12-02,18:01,01 - Clear,02 - Wet,01 - Traffic signal,02 - Intersection related,07 - Dark,03 - P.D. only,03 - Rear end,Vanier South
4657,"EGLISE, RUE DE L btwn MONTREAL RD & COLLEGE CIRC",371169.8144,5033608.32,-75.65165214,45.43925626,2016-02-19,0:00,03 - Snow,05 - Packed snow,10 - No control,01 - Non intersection,00 - Unknown,03 - P.D. only,06 - SMV unattended vehicle,Vanier South
4658,"EGLISE, RUE DE L btwn MONTREAL RD & COLLEGE CIRC",371246.943,5033448.034,-75.65068802,45.43780676,2016-05-10,14:16,01 - Clear,01 - Dry,10 - No control,01 - Non intersection,01 - Daylight,03 - P.D. only,06 - SMV unattended vehicle,Vanier South
4659,"EGLISE, RUE DE L btwn MONTREAL RD & COLLEGE CIRC",371223.8299,5033498.38,-75.65097662,45.43826194,2016-09-27,0:00,01 - Clear,01 - Dry,10 - No control,01 - Non intersection,00 - Unknown,03 - P.D. only,06 - SMV unattended vehicle,Vanier South
4660,ELEANOR DR btwn GREENCREST PL & NORTHVIEW RD,365347.8987,5025153.685,-75.72709949,45.36371184,2016-03-04,21:00,01 - Clear,01 - Dry,10 - No control,01 - Non intersection,07 - Dark,03 - P.D. only,07 - SMV other,Cityview - Skyline - Fisher Heights
4661,ELGIN ST @ FRANK ST,368357.0525,5030888.791,-75.68795247,45.41504826,2016-10-23,9:56,01 - Clear,01 - Dry,02 - Stop sign,03 - At intersection,01 - Daylight,03 - P.D. only,02 - Angle,Centretown
4662,ELGIN ST @ FRANK ST,368356.8829,5030888.158,-75.68795472,45.41504258,2016-12-13,14:48,01 - Clear,01 - Dry,02 - Stop sign,02 - Intersection related,01 - Daylight,03 - P.D. only,03 - Rear end,Centretown
4663,ELGIN ST @ GILMOUR ST,368251.5381,5031055.359,-75.68927901,45.41655656,2016-08-04,9:11,01 - Clear,01 - Dry,01 - Traffic signal,02 - Intersection related,01 - Daylight,02 - Non-fatal injury,02 - Angle,Centretown
4664,ELGIN ST @ GILMOUR ST,368252.9404,5031054.373,-75.68926123,45.41654756,2016-09-29,11:32,01 - Clear,01 - Dry,01 - Traffic signal,02 - Intersection related,01 - Daylight,02 - Non-fatal injury,99 - Other,Centretown
4665,ELGIN ST @ GLADSTONE AVE,368384.5878,5030844.226,-75.68760645,45.41464478,2016-03-27,2:28,01 - Clear,01 - Dry,01 - Traffic signal,03 - At intersection,07 - Dark,02 - Non-fatal injury,07 - SMV other,Centretown
4666,ELGIN ST @ GLADSTONE AVE,368384.9407,5030845.017,-75.68760184,45.41465186,2016-05-01,21:19,02 - Rain,02 - Wet,01 - Traffic signal,03 - At intersection,07 - Dark,02 - Non-fatal injury,07 - SMV other,Centretown
4667,ELGIN ST @ GLADSTONE AVE,368384.0324,5030845.349,-75.6876134,45.41465493,2016-04-07,7:27,03 - Snow,04 - Slush,01 - Traffic signal,02 - Intersection related,01 - Daylight,03 - P.D. only,04 - Sideswipe,Centretown
4668,ELGIN ST @ GLOUCESTER ST,367986.4904,5031477.798,-75.69261102,45.42038151,2016-09-22,22:19,02 - Rain,02 - Wet,10 - No control,03 - At intersection,07 - Dark,02 - Non-fatal injury,02 - Angle,Downtown
4669,ELGIN ST @ ISABELLA ST,368614.9377,5030488.446,-75.68470973,45.41142262,2016-06-13,10:48,01 - Clear,01 - Dry,02 - Stop sign,02 - Intersection related,01 - Daylight,03 - P.D. only,99 - Other,The Glebe
4670,ELGIN ST @ ISABELLA ST,368615.1243,5030490.08,-75.68470713,45.41143731,2016-04-19,9:24,01 - Clear,01 - Dry,02 - Stop sign,02 - Intersection related,01 - Daylight,03 - P.D. only,04 - Sideswipe,The Glebe
4671,ELGIN ST @ ISABELLA ST,368614.4927,5030489.354,-75.6847153,45.41143083,2016-10-11,19:32,01 - Clear,01 - Dry,02 - Stop sign,02 - Intersection related,07 - Dark,03 - P.D. only,02 - Angle,The Glebe
4672,ELGIN ST @ LAURIER AVE,367949.4604,5031550.702,-75.69307479,45.42104082,2016-05-20,2:47,01 - Clear,01 - Dry,01 - Traffic signal,03 - At intersection,07 - Dark,02 - Non-fatal injury,02 - Angle,Downtown
4673,ELGIN ST @ LAURIER AVE,367948.4904,5031550.234,-75.69308725,45.4210367,2016-09-10,21:15,01 - Clear,01 - Dry,01 - Traffic signal,03 - At intersection,07 - Dark,02 - Non-fatal injury,07 - SMV other,Downtown
4674,ELGIN ST @ LAURIER AVE,367948.4904,5031550.673,-75.69308719,45.42104065,2016-07-11,15:33,01 - Clear,01 - Dry,01 - Traffic signal,03 - At intersection,01 - Daylight,02 - Non-fatal injury,05 - Turning movement,Downtown
4675,ELGIN ST @ LAURIER AVE,367949.3917,5031549.121,-75.69307587,45.4210266,2016-06-22,14:30,01 - Clear,01 - Dry,01 - Traffic signal,02 - Intersection related,01 - Daylight,02 - Non-fatal injury,04 - Sideswipe,Downtown
4676,ELGIN ST @ LAURIER AVE,367948.0281,5031549.576,-75.69309324,45.42103082,2016-07-04,18:11,01 - Clear,01 - Dry,01 - Traffic signal,03 - At intersection,01 - Daylight,02 - Non-fatal injury,05 - Turning movement,Downtown
4677,ELGIN ST @ LAURIER AVE,367947.8817,5031549.99,-75.69309506,45.42103456,2016-09-08,20:35,01 - Clear,01 - Dry,01 - Traffic signal,03 - At intersection,07 - Dark,02 - Non-fatal injury,05 - Turning movement,Downtown
4678,ELGIN ST @ LAURIER AVE,367947.6122,5031550.234,-75.69309847,45.42103678,2016-02-12,15:24,03 - Snow,03 - Loose snow,01 - Traffic signal,02 - Intersection related,01 - Daylight,03 - P.D. only,04 - Sideswipe,Downtown
4679,ELGIN ST @ LAURIER AVE,367948.4826,5031549.576,-75.69308743,45.42103078,2016-07-26,7:54,01 - Clear,01 - Dry,01 - Traffic signal,03 - At intersection,01 - Daylight,03 - P.D. only,03 - Rear end,Downtown
4680,ELGIN ST @ LAURIER AVE,367948.0513,5031549.356,-75.69309297,45.42102884,2016-06-25,18:32,01 - Clear,01 - Dry,01 - Traffic signal,03 - At intersection,01 - Daylight,03 - P.D. only,04 - Sideswipe,Downtown
4681,ELGIN ST @ LAURIER AVE,367948.0513,5031549.356,-75.69309297,45.42102884,2016-09-26,3:24,01 - Clear,01 - Dry,01 - Traffic signal,03 - At intersection,07 - Dark,03 - P.D. only,07 - SMV other,Downtown
4682,ELGIN ST @ LAURIER AVE,367948.9294,5031549.795,-75.69308169,45.42103271,2016-11-01,16:51,01 - Clear,01 - Dry,01 - Traffic signal,02 - Intersection related,05 - Dusk,03 - P.D. only,04 - Sideswipe,Downtown
4683,ELGIN ST @ LAURIER AVE,367948.7099,5031549.162,-75.69308458,45.42102703,2016-05-05,15:30,01 - Clear,01 - Dry,01 - Traffic signal,03 - At intersection,01 - Daylight,03 - P.D. only,04 - Sideswipe,Downtown
4684,ELGIN ST @ LAURIER AVE,367949.5381,5031548.334,-75.6930741,45.42101951,2016-12-20,21:45,01 - Clear,04 - Slush,01 - Traffic signal,02 - Intersection related,07 - Dark,03 - P.D. only,99 - Other,Downtown
4685,ELGIN ST @ LAURIER AVE,367947.0536,5031547.505,-75.69310595,45.42101227,2016-12-21,20:09,01 - Clear,02 - Wet,01 - Traffic signal,02 - Intersection related,07 - Dark,03 - P.D. only,04 - Sideswipe,Downtown
4686,ELGIN ST @ LAURIER AVE,367949.5381,5031549.162,-75.693074,45.42102696,2016-12-01,17:28,02 - Rain,02 - Wet,01 - Traffic signal,02 - Intersection related,07 - Dark,03 - P.D. only,04 - Sideswipe,Downtown
4687,ELGIN ST @ MCLEOD ST,368425.1855,5030779.335,-75.68709618,45.41405722,2016-11-10,9:17,01 - Clear,01 - Dry,02 - Stop sign,02 - Intersection related,01 - Daylight,03 - P.D. only,02 - Angle,Centretown
4688,ELGIN ST @ NEPEAN ST,368028.8802,5031412.815,-75.69207776,45.41979299,2016-10-20,14:59,02 - Rain,02 - Wet,01 - Traffic signal,02 - Intersection related,01 - Daylight,03 - P.D. only,06 - SMV unattended vehicle,Byward Market - Parliament Hill
4689,ELGIN ST @ PARK AVE,368467.5813,5030712.8,-75.68656316,45.41345471,2016-06-22,13:29,01 - Clear,01 - Dry,02 - Stop sign,03 - At intersection,01 - Daylight,03 - P.D. only,02 - Angle,Centretown
4690,ELGIN ST @ QUEEN ST,367803.5751,5031779.803,-75.69490943,45.42311535,2016-05-05,10:08,01 - Clear,01 - Dry,01 - Traffic signal,02 - Intersection related,01 - Daylight,02 - Non-fatal injury,03 - Rear end,Downtown
4691,ELGIN ST @ QUEEN ST,367804.9272,5031780.926,-75.69489201,45.42312533,2016-05-07,14:11,01 - Clear,01 - Dry,01 - Traffic signal,02 - Intersection related,01 - Daylight,02 - Non-fatal injury,03 - Rear end,Downtown
4692,ELGIN ST @ QUEEN ST,367804.483,5031779.358,-75.69489789,45.42311126,2016-02-13,19:00,01 - Clear,06 - Ice,01 - Traffic signal,02 - Intersection related,07 - Dark,03 - P.D. only,03 - Rear end,Downtown
4693,ELGIN ST @ QUEEN ST,367804.3684,5031779.32,-75.69489936,45.42311093,2016-04-08,16:30,01 - Clear,02 - Wet,01 - Traffic signal,03 - At intersection,01 - Daylight,03 - P.D. only,05 - Turning movement,Downtown
4694,ELGIN ST @ QUEEN ST,367804.483,5031778.919,-75.69489795,45.42310731,2016-08-23,11:37,01 - Clear,01 - Dry,01 - Traffic signal,03 - At intersection,01 - Daylight,03 - P.D. only,04 - Sideswipe,Downtown
4695,ELGIN ST @ QUEEN ST,367805.8002,5031780.676,-75.69488089,45.423123,2016-09-08,20:00,01 - Clear,01 - Dry,01 - Traffic signal,03 - At intersection,07 - Dark,03 - P.D. only,07 - SMV other,Downtown
4696,ELGIN ST @ QUEEN ST,367804.4902,5031780.088,-75.69489771,45.42311783,2016-11-20,2:05,01 - Clear,01 - Dry,01 - Traffic signal,02 - Intersection related,07 - Dark,03 - P.D. only,03 - Rear end,Downtown
4697,ELGIN ST @ SLATER ST,367890.4804,5031646.121,-75.69381615,45.42190469,2016-07-11,7:41,01 - Clear,01 - Dry,01 - Traffic signal,03 - At intersection,01 - Daylight,02 - Non-fatal injury,04 - Sideswipe,Downtown
4698,ELGIN ST @ SLATER ST,367890.4837,5031646.799,-75.69381602,45.42191079,2016-03-14,14:28,01 - Clear,01 - Dry,01 - Traffic signal,03 - At intersection,01 - Daylight,02 - Non-fatal injury,02 - Angle,Downtown