Record,Location,X,Y,lon,lat,Date,Time,Environment,Road_Surface,Traffic_Control,Collision_Location,Light,Collision_Classification,Impact_type,Neighborhood
4699,ELGIN ST @ SLATER ST,367890.4857,5031646.353,-75.69381605,45.42190678,2016-03-17,23:27,01 - Clear,01 - Dry,01 - Traffic signal,03 - At intersection,07 - Dark,03 - P.D. only,04 - Sideswipe,Downtown
4700,ELGIN ST @ SLATER ST,367890.0491,5031645.916,-75.69382168,45.42190289,2016-08-27,11:55,01 - Clear,01 - Dry,01 - Traffic signal,03 - At intersection,01 - Daylight,03 - P.D. only,02 - Angle,Downtown
4701,ELGIN ST @ SLATER ST,367890.4882,5031646.356,-75.69381602,45.4219068,2016-09-04,15:30,01 - Clear,01 - Dry,01 - Traffic signal,02 - Intersection related,01 - Daylight,03 - P.D. only,04 - Sideswipe,Downtown
4702,ELGIN ST @ SLATER ST,367889.5803,5031645.899,-75.69382768,45.42190277,2016-06-19,14:06,01 - Clear,01 - Dry,01 - Traffic signal,02 - Intersection related,01 - Daylight,03 - P.D. only,03 - Rear end,Downtown
4703,ELGIN ST @ SLATER ST,367890.3171,5031645.794,-75.69381827,45.42190176,2016-06-16,13:43,01 - Clear,01 - Dry,01 - Traffic signal,02 - Intersection related,01 - Daylight,03 - P.D. only,04 - Sideswipe,Downtown
4704,ELGIN ST @ SLATER ST,367891.8275,5031647.247,-75.69379879,45.4219147,2016-04-06,19:00,03 - Snow,03 - Loose snow,01 - Traffic signal,02 - Intersection related,05 - Dusk,03 - P.D. only,04 - Sideswipe,Downtown
4705,ELGIN ST @ SLATER ST,367891.3811,5031645.453,-75.69380472,45.4218986,2016-04-14,6:47,01 - Clear,01 - Dry,01 - Traffic signal,03 - At intersection,01 - Daylight,03 - P.D. only,07 - SMV other,Downtown
4706,ELGIN ST @ SLATER ST,367891.5946,5031646.132,-75.69380191,45.42190469,2016-03-02,8:37,03 - Snow,04 - Slush,01 - Traffic signal,02 - Intersection related,01 - Daylight,03 - P.D. only,03 - Rear end,Downtown
4707,ELGIN ST @ SLATER ST,367889.8795,5031646.989,-75.69382371,45.42191256,2016-10-20,23:31,02 - Rain,02 - Wet,01 - Traffic signal,03 - At intersection,07 - Dark,03 - P.D. only,07 - SMV other,Downtown
4708,ELGIN ST @ SLATER ST,367890.935,5031645.666,-75.6938104,45.42190056,2016-06-22,17:49,01 - Clear,01 - Dry,01 - Traffic signal,02 - Intersection related,01 - Daylight,03 - P.D. only,04 - Sideswipe,Downtown
4709,ELGIN ST @ SLATER ST,367889.8795,5031645.333,-75.69382392,45.42189766,2016-12-16,17:19,01 - Clear,04 - Slush,01 - Traffic signal,02 - Intersection related,07 - Dark,03 - P.D. only,03 - Rear end,Downtown
4710,ELGIN ST @ SLATER ST,367889.0514,5031644.505,-75.69383461,45.42189028,2016-12-08,17:25,03 - Snow,02 - Wet,01 - Traffic signal,03 - At intersection,07 - Dark,03 - P.D. only,07 - SMV other,Downtown
4711,ELGIN ST @ SLATER ST,367889.0514,5031646.161,-75.6938344,45.42190518,2016-12-07,15:25,01 - Clear,01 - Dry,01 - Traffic signal,02 - Intersection related,01 - Daylight,03 - P.D. only,04 - Sideswipe,Downtown
4712,ELGIN ST @ SOMERSET ST,368164.9331,5031198.796,-75.69036701,45.41785501,2016-04-10,0:33,01 - Clear,01 - Dry,01 - Traffic signal,03 - At intersection,07 - Dark,02 - Non-fatal injury,07 - SMV other,Centretown
4713,ELGIN ST @ SOMERSET ST,368164.9331,5031198.796,-75.69036701,45.41785501,2016-03-08,18:22,01 - Clear,01 - Dry,01 - Traffic signal,02 - Intersection related,07 - Dark,03 - P.D. only,05 - Turning movement,Centretown
4714,ELGIN ST @ SOMERSET ST,368164.4831,5031198.346,-75.69037282,45.417851,2016-06-04,23:24,01 - Clear,01 - Dry,01 - Traffic signal,02 - Intersection related,07 - Dark,03 - P.D. only,99 - Other,Centretown
4715,ELGIN ST @ WAVERLEY ST,368317.7067,5030952.154,-75.68844696,45.41562195,2016-07-22,21:36,01 - Clear,01 - Dry,01 - Traffic signal,02 - Intersection related,07 - Dark,03 - P.D. only,06 - SMV unattended vehicle,Centretown
4716,ELGIN ST @ WELLINGTON ST W,367664.3132,5031879.14,-75.69667614,45.42402168,2016-03-05,10:19,01 - Clear,01 - Dry,01 - Traffic signal,02 - Intersection related,01 - Daylight,02 - Non-fatal injury,03 - Rear end,Downtown
4717,ELGIN ST @ WELLINGTON ST W,367664.9233,5031877.358,-75.69666857,45.42400559,2016-01-29,11:04,03 - Snow,02 - Wet,01 - Traffic signal,03 - At intersection,01 - Daylight,03 - P.D. only,04 - Sideswipe,Downtown
4718,ELGIN ST @ WELLINGTON ST W,367664.4843,5031877.753,-75.69667413,45.42400918,2016-10-25,21:50,01 - Clear,01 - Dry,01 - Traffic signal,03 - At intersection,07 - Dark,03 - P.D. only,05 - Turning movement,Downtown
4719,ELGIN ST @ WELLINGTON ST W,367663.0475,5031877.991,-75.69669246,45.42401145,2016-12-28,13:22,01 - Clear,02 - Wet,01 - Traffic signal,03 - At intersection,01 - Daylight,03 - P.D. only,04 - Sideswipe,Downtown
4720,ELGIN ST btwn ARGYLE AVE & ARGYLE AVE,368500.4369,5030662.117,-75.68614998,45.41299569,2016-08-05,16:17,01 - Clear,01 - Dry,10 - No control,01 - Non intersection,01 - Daylight,03 - P.D. only,99 - Other,Golden Triangle
4721,ELGIN ST btwn COOPER ST & SOMERSET ST W,368157.0767,5031209.795,-75.69046597,45.41795468,2016-04-11,14:28,01 - Clear,02 - Wet,10 - No control,01 - Non intersection,01 - Daylight,03 - P.D. only,06 - SMV unattended vehicle,Centretown
4722,ELGIN ST btwn COOPER ST & SOMERSET ST W,368129.0322,5031257.043,-75.6908182,45.41838234,2016-06-01,10:11,01 - Clear,01 - Dry,10 - No control,01 - Non intersection,01 - Daylight,03 - P.D. only,04 - Sideswipe,Centretown
4723,ELGIN ST btwn COOPER ST & SOMERSET ST W,368123.8548,5031265.378,-75.69088327,45.41845781,2016-11-07,9:14,01 - Clear,01 - Dry,10 - No control,01 - Non intersection,01 - Daylight,03 - P.D. only,07 - SMV other,Centretown
4724,ELGIN ST btwn GLADSTONE AVE & MCLEOD ST,368389.4511,5030838.931,-75.687545,45.41459669,2016-06-18,11:34,01 - Clear,01 - Dry,10 - No control,01 - Non intersection,01 - Daylight,03 - P.D. only,06 - SMV unattended vehicle,Centretown
4725,ELGIN ST btwn GLOUCESTER ST & NEPEAN ST (1),368016.3165,5031431.55,-75.69223588,45.41996269,2016-02-04,10:05,01 - Clear,02 - Wet,10 - No control,01 - Non intersection,01 - Daylight,03 - P.D. only,04 - Sideswipe,Byward Market - Parliament Hill
4726,ELGIN ST btwn GLOUCESTER ST & NEPEAN ST (1),367992.3982,5031468.566,-75.69253672,45.42029791,2016-02-01,8:30,01 - Clear,02 - Wet,10 - No control,01 - Non intersection,01 - Daylight,03 - P.D. only,06 - SMV unattended vehicle,Byward Market - Parliament Hill
4727,ELGIN ST btwn ISABELLA ST & PRETORIA AVE,368619.8847,5030463.232,-75.6846498,45.4111953,2016-06-23,12:35,01 - Clear,01 - Dry,10 - No control,01 - Non intersection,01 - Daylight,03 - P.D. only,04 - Sideswipe,The Glebe
4728,ELGIN ST btwn LAURIER AVE W & GLOUCESTER ST (1),367971.7615,5031545.405,-75.69279054,45.42099115,2016-10-21,15:11,01 - Clear,01 - Dry,10 - No control,04 - At/near private drive,01 - Daylight,03 - P.D. only,99 - Other,Golden Triangle
4729,ELGIN ST btwn LEWIS ST & WAVERLEY ST,368279.3143,5031013.333,-75.68892957,45.41617591,2016-05-03,16:18,01 - Clear,01 - Dry,10 - No control,01 - Non intersection,01 - Daylight,02 - Non-fatal injury,04 - Sideswipe,Centretown
4730,ELGIN ST btwn LEWIS ST & WAVERLEY ST,368301.2413,5030977.815,-75.68865401,45.41585434,2016-02-10,11:32,03 - Snow,02 - Wet,10 - No control,01 - Non intersection,01 - Daylight,03 - P.D. only,04 - Sideswipe,Centretown
4731,ELGIN ST btwn LISGAR ST & COOPER ST,368115.5732,5031278.628,-75.69098738,45.41857778,2016-10-29,11:03,01 - Clear,01 - Dry,10 - No control,01 - Non intersection,01 - Daylight,03 - P.D. only,06 - SMV unattended vehicle,Centretown
4732,ELGIN ST btwn MACLAREN ST & GILMOUR ST,368239.0175,5031076.425,-75.68943626,45.41674724,2016-01-01,9:34,01 - Clear,04 - Slush,10 - No control,01 - Non intersection,01 - Daylight,03 - P.D. only,06 - SMV unattended vehicle,Centretown
4733,ELGIN ST btwn QUEEN ST & ALBERT ST (1),367842.3025,5031724.309,-75.69442171,45.42261254,2016-07-27,12:04,01 - Clear,01 - Dry,10 - No control,01 - Non intersection,01 - Daylight,03 - P.D. only,04 - Sideswipe,Downtown
4734,ELGIN ST btwn SLATER ST & LAURIER AVE W (2),367899.1168,5031632.03,-75.6937076,45.42177713,2016-07-25,17:15,01 - Clear,01 - Dry,10 - No control,01 - Non intersection,01 - Daylight,03 - P.D. only,04 - Sideswipe,Downtown
4735,ELGIN ST btwn SOMERSET ST W & MACLAREN ST,368174.8552,5031183.465,-75.69024222,45.41771617,2016-06-28,14:55,01 - Clear,01 - Dry,10 - No control,01 - Non intersection,01 - Daylight,03 - P.D. only,06 - SMV unattended vehicle,Centretown
4736,ELGIN ST btwn SOMERSET ST W & MACLAREN ST,368197.956,5031144.358,-75.68995211,45.4173622,2016-09-26,22:00,01 - Clear,01 - Dry,10 - No control,01 - Non intersection,07 - Dark,03 - P.D. only,06 - SMV unattended vehicle,Centretown
4737,ELGIN ST btwn WAVERLEY ST & FRANK ST,368329.2371,5030935.398,-75.68830182,45.41547014,2016-01-15,20:29,01 - Clear,02 - Wet,10 - No control,01 - Non intersection,07 - Dark,03 - P.D. only,05 - Turning movement,Centretown
4738,ELGIN ST btwn WELLINGTON ST & LAWRENCE FREIMAN LANE (1),367812.804,5031810.922,-75.69478753,45.42339452,2016-01-20,2:25,01 - Clear,04 - Slush,10 - No control,01 - Non intersection,07 - Dark,03 - P.D. only,07 - SMV other,Downtown
4739,ELGIN ST NB @ WELLINGTON ST/RIDEAU ST,367804.1569,5031965.859,-75.6948782,45.42478937,2016-09-03,15:37,01 - Clear,01 - Dry,01 - Traffic signal,03 - At intersection,01 - Daylight,02 - Non-fatal injury,05 - Turning movement,Byward Market - Parliament Hill
4740,ELGIN ST NB @ WELLINGTON ST/RIDEAU ST,367802.5944,5031964.296,-75.69489837,45.42477544,2016-09-20,13:07,01 - Clear,01 - Dry,01 - Traffic signal,02 - Intersection related,01 - Daylight,03 - P.D. only,04 - Sideswipe,Byward Market - Parliament Hill
4741,ELGIN ST NB @ WELLINGTON ST/RIDEAU ST,367802.9195,5031965.727,-75.69489403,45.42478829,2016-02-17,16:10,03 - Snow,03 - Loose snow,01 - Traffic signal,02 - Intersection related,01 - Daylight,03 - P.D. only,03 - Rear end,Byward Market - Parliament Hill
4742,ELGIN ST NB @ WELLINGTON ST/RIDEAU ST,367802.8309,5031964.629,-75.6948953,45.42477842,2016-11-25,17:40,01 - Clear,02 - Wet,01 - Traffic signal,02 - Intersection related,07 - Dark,03 - P.D. only,03 - Rear end,Byward Market - Parliament Hill
4743,ELIZA CRES @ WEST RIDGE DR N,349705.2729,5012715.096,-75.92789462,45.25296248,2016-10-02,14:46,01 - Clear,01 - Dry,02 - Stop sign,03 - At intersection,01 - Daylight,03 - P.D. only,05 - Turning movement,Stittsville
4744,ELIZABETH ST btwn JILL ST & ANNETTE ST,375220.0292,5000797.623,-75.604546,45.14364059,2016-03-07,13:39,01 - Clear,01 - Dry,10 - No control,04 - At/near private drive,01 - Daylight,03 - P.D. only,06 - SMV unattended vehicle,Kars - Osgoode
4745,ELKWOOD DR @ MANOTICK STATION RD,374493.3943,5011116.548,-75.61234256,45.23656075,2016-10-14,17:28,01 - Clear,01 - Dry,02 - Stop sign,02 - Intersection related,01 - Daylight,02 - Non-fatal injury,07 - SMV other,Kars - Osgoode
4746,ELLENDALE CRES @ LANARK AVE,363463.6947,5029087.328,-75.75068204,45.39926639,2016-01-07,7:26,01 - Clear,06 - Ice,02 - Stop sign,02 - Intersection related,03 - Dawn,03 - P.D. only,07 - SMV other,Westboro Beach
4747,ELLIOT AVE @ MAIN ST,369449.0245,5029492.766,-75.67418522,45.40238729,2016-06-23,21:35,01 - Clear,01 - Dry,02 - Stop sign,02 - Intersection related,07 - Dark,03 - P.D. only,02 - Angle,Old Ottawa East
4748,ELLIOT AVE btwn MARLOWE CRES & BULLOCK AVE,369568.0651,5029559.711,-75.67265599,45.40297864,2016-01-29,16:45,03 - Snow,03 - Loose snow,10 - No control,01 - Non intersection,05 - Dusk,03 - P.D. only,06 - SMV unattended vehicle,Old Ottawa East
4749,ELM ST btwn PRESTON ST & ROCHESTER ST,366267.895,5030283.857,-75.71471783,45.40979187,2016-04-23,17:59,01 - Clear,01 - Dry,10 - No control,01 - Non intersection,01 - Daylight,03 - P.D. only,06 - SMV unattended vehicle,Little Italy
4750,ELMHURST ST @ TAVISTOCK RD,360818.901,5024771.302,-75.78495128,45.36064774,2016-01-08,10:20,03 - Snow,02 - Wet,02 - Stop sign,03 - At intersection,01 - Daylight,03 - P.D. only,02 - Angle,Whitehaven - Queensway Terrace North
4751,ELMIRA DR btwn COBDEN RD & LAMBETH WALK,361356.0399,5023940.142,-75.77819065,45.35312588,2016-07-23,19:00,01 - Clear,01 - Dry,10 - No control,01 - Non intersection,01 - Daylight,03 - P.D. only,06 - SMV unattended vehicle,Iris
4752,ELMRIDGE DR btwn ELMSMERE RD & ELMSMERE RD,375096.278,5034111.033,-75.60139779,45.44339563,2016-08-14,0:10,01 - Clear,02 - Wet,10 - No control,01 - Non intersection,07 - Dark,03 - P.D. only,06 - SMV unattended vehicle,Beacon Hill South - Cardinal Heights
4753,ELMSMERE RD @ MONTREAL RD,374929.3844,5034314.159,-75.60350199,45.44524,2016-11-30,18:11,02 - Rain,02 - Wet,01 - Traffic signal,03 - At intersection,07 - Dark,02 - Non-fatal injury,03 - Rear end,Beacon Hill South - Cardinal Heights
4754,ELMSMERE RD @ MONTREAL RD,374927.5036,5034314.348,-75.603526,45.44524189,2016-05-02,11:36,01 - Clear,01 - Dry,01 - Traffic signal,02 - Intersection related,01 - Daylight,03 - P.D. only,03 - Rear end,Beacon Hill South - Cardinal Heights
4755,ELMSMERE RD @ MONTREAL RD,374927.0463,5034315.027,-75.60353175,45.44524804,2016-07-15,23:28,01 - Clear,01 - Dry,01 - Traffic signal,03 - At intersection,07 - Dark,03 - P.D. only,02 - Angle,Beacon Hill South - Cardinal Heights
4756,ELVASTON AVE btwn CRAIG HENRY DR & BAINBRIDGE AVE,361223.6661,5021362.312,-75.78017397,45.3299413,2016-12-02,11:32,01 - Clear,01 - Dry,10 - No control,04 - At/near private drive,01 - Daylight,03 - P.D. only,06 - SMV unattended vehicle,Woodvale - Craig Henry - Manordale - Estates of Arlington Wo
4757,EMOND ST @ MONTREAL RD,370195.6292,5033133.9,-75.66416599,45.43507943,2016-06-10,23:53,01 - Clear,01 - Dry,02 - Stop sign,02 - Intersection related,07 - Dark,02 - Non-fatal injury,02 - Angle,Vanier
4758,EMOND ST @ MONTREAL RD,370195.3693,5033135.247,-75.66416913,45.43509158,2016-06-01,10:30,01 - Clear,01 - Dry,02 - Stop sign,02 - Intersection related,01 - Daylight,02 - Non-fatal injury,07 - SMV other,Vanier
4759,EMOND ST @ MONTREAL RD,370194.938,5033135.498,-75.66417461,45.43509387,2016-07-08,15:37,01 - Clear,01 - Dry,02 - Stop sign,03 - At intersection,01 - Daylight,03 - P.D. only,05 - Turning movement,Vanier
4760,EMOND ST @ MONTREAL RD,370194.6775,5033134.547,-75.66417807,45.43508534,2016-06-04,0:07,01 - Clear,01 - Dry,02 - Stop sign,02 - Intersection related,07 - Dark,03 - P.D. only,03 - Rear end,Vanier
4761,EMOND ST @ MONTREAL RD,370193.613,5033134.369,-75.6641917,45.43508384,2016-10-07,17:32,01 - Clear,01 - Dry,02 - Stop sign,02 - Intersection related,01 - Daylight,03 - P.D. only,02 - Angle,Vanier
4762,EMOND ST @ MONTREAL RD,370194.4912,5033134.369,-75.66418047,45.43508376,2016-11-28,10:08,01 - Clear,01 - Dry,02 - Stop sign,03 - At intersection,01 - Daylight,03 - P.D. only,02 - Angle,Vanier
4763,EMOND ST btwn DESCHAMPS AVE & MONTREAL RD,370172.1793,5033173.961,-75.66446036,45.43544208,2016-02-18,14:54,01 - Clear,05 - Packed snow,10 - No control,01 - Non intersection,01 - Daylight,03 - P.D. only,01 - Approaching,Vanier North
4764,EMOND ST btwn DESCHAMPS AVE & MONTREAL RD,370191.3981,5033140.8,-75.66421915,45.43514191,2016-12-13,16:50,03 - Snow,03 - Loose snow,10 - No control,01 - Non intersection,07 - Dark,03 - P.D. only,99 - Other,Vanier North
4765,EMPEROR AVE @ FISHER AVE,365682.3352,5027166.052,-75.72258272,45.38178976,2016-05-19,16:40,01 - Clear,01 - Dry,02 - Stop sign,03 - At intersection,01 - Daylight,02 - Non-fatal injury,07 - SMV other,Carlington
4766,EMPEROR AVE @ FISHER AVE,365682.8768,5027162.128,-75.72257629,45.38175441,2016-12-08,22:59,03 - Snow,06 - Ice,02 - Stop sign,03 - At intersection,07 - Dark,02 - Non-fatal injury,03 - Rear end,Carlington
4767,ENFIELD AVE @ MCARTHUR AVE,370338.2297,5032703.517,-75.66240087,45.43119368,2016-12-05,18:40,01 - Clear,01 - Dry,02 - Stop sign,02 - Intersection related,07 - Dark,03 - P.D. only,04 - Sideswipe,Vanier South
4768,ENTERPRISE AVE @ MERIVALE RD,365829.9197,5021417.829,-75.721408,45.33005539,2016-10-18,22:03,01 - Clear,01 - Dry,01 - Traffic signal,03 - At intersection,07 - Dark,03 - P.D. only,05 - Turning movement,Merivale Gardens - Grenfell Glen - Pineglen - Country Place
4769,ENTERPRISE AVE btwn TRADE ST & MERIVALE RD,365684.4729,5021336.67,-75.72327335,45.32933776,2016-08-03,17:46,01 - Clear,01 - Dry,10 - No control,01 - Non intersection,01 - Daylight,03 - P.D. only,04 - Sideswipe,Merivale Gardens - Grenfell Glen - Pineglen - Country Place
4770,EQUESTRIAN DR btwn RIDING WAY & FOXLEIGH CRES,354800.7403,5015970.417,-75.86265307,45.28191104,2016-11-30,0:00,02 - Rain,02 - Wet,10 - No control,01 - Non intersection,00 - Unknown,03 - P.D. only,06 - SMV unattended vehicle,Bridlewood - Emerald Meadows
4771,EQUINE WAY btwn CAVESSON ST & TAPADERO AVE,352990.7178,5015104.461,-75.88580769,45.27424535,2016-09-09,0:00,01 - Clear,01 - Dry,10 - No control,01 - Non intersection,00 - Unknown,03 - P.D. only,06 - SMV unattended vehicle,Glen Cairn - Kanata South Business Park
4772,EQUUS WAY btwn TO BE DETERMINED & BRIDLE PATH DR,371616.9579,5023541.524,-75.64730066,45.34863664,2016-02-09,9:11,03 - Snow,05 - Packed snow,10 - No control,01 - Non intersection,01 - Daylight,03 - P.D. only,01 - Approaching,Emerald Woods - Sawmill Creek
4773,ERIC CZAPNIK WAY btwn Continuation of ERIC CZAPNIK WAY & Dead End,382897.376,5038883.799,-75.50093202,45.48550881,2016-03-01,22:30,03 - Snow,05 - Packed snow,10 - No control,01 - Non intersection,07 - Dark,03 - P.D. only,01 - Approaching,Industrial Park
4774,ERIN CRES btwn LILLICO DR & LILLICO DR,369882.5034,5023031.725,-75.6695,45.3442127,2016-02-18,12:00,03 - Snow,05 - Packed snow,10 - No control,01 - Non intersection,01 - Daylight,03 - P.D. only,06 - SMV unattended vehicle,Hunt Club - Ottawa Airport
4775,ERINBROOK CRES @ SOUTHVALE CRES E,374114.4087,5029183.213,-75.61464088,45.3991557,2016-02-16,18:29,03 - Snow,03 - Loose snow,10 - No control,02 - Intersection related,07 - Dark,03 - P.D. only,03 - Rear end,Sheffield Glen
4776,ERINDALE DR @ BASELINE RD,363857.402,5024575.572,-75.74619325,45.35863721,2016-10-28,17:42,01 - Clear,01 - Dry,02 - Stop sign,03 - At intersection,07 - Dark,02 - Non-fatal injury,02 - Angle,Braemar Park - Bel Air Heights - Copeland Park
4777,ERINDALE DR @ BASELINE RD,363857.6921,5024576.765,-75.74618941,45.35864792,2016-12-14,23:29,03 - Snow,03 - Loose snow,02 - Stop sign,02 - Intersection related,07 - Dark,03 - P.D. only,07 - SMV other,Braemar Park - Bel Air Heights - Copeland Park
4778,ERINDALE DR @ FORLAN DR,363702.4652,5024908.29,-75.74813104,45.361644,2016-04-24,9:32,01 - Clear,01 - Dry,02 - Stop sign,02 - Intersection related,01 - Daylight,02 - Non-fatal injury,03 - Rear end,Braemar Park - Bel Air Heights - Copeland Park
4779,ERINDALE DR @ NAVAHO DR,363663.6917,5025067.934,-75.74860691,45.36308371,2016-10-15,15:21,01 - Clear,01 - Dry,02 - Stop sign,02 - Intersection related,01 - Daylight,02 - Non-fatal injury,03 - Rear end,Braemar Park - Bel Air Heights - Copeland Park
4780,ERINDALE DR @ NAVAHO DR,363662.4882,5025067.343,-75.74862234,45.3630785,2016-06-14,9:00,01 - Clear,01 - Dry,02 - Stop sign,03 - At intersection,01 - Daylight,03 - P.D. only,02 - Angle,Braemar Park - Bel Air Heights - Copeland Park
4781,ERINDALE DR btwn AINSLEY DR & BASELINE RD,363855.1827,5024578.97,-75.74622117,45.35866797,2016-07-13,16:42,01 - Clear,01 - Dry,10 - No control,01 - Non intersection,01 - Daylight,03 - P.D. only,03 - Rear end,Braemar Park - Bel Air Heights - Copeland Park
4782,ERINDALE DR btwn NAVAHO DR & MAITLAND AVE,363661.6624,5025074.51,-75.74863203,45.36314305,2016-05-11,21:02,01 - Clear,01 - Dry,10 - No control,01 - Non intersection,07 - Dark,03 - P.D. only,01 - Approaching,Braemar Park - Bel Air Heights - Copeland Park
4783,ESCALLONIA CRT btwn ESCALLONIA CRT & ESCALLONIA CRT,349759.8461,5015954.265,-75.92690615,45.28210618,2016-07-02,0:00,01 - Clear,01 - Dry,10 - No control,01 - Non intersection,00 - Unknown,03 - P.D. only,06 - SMV unattended vehicle,Stittsville
4784,ESPRIT DR btwn AQUAVIEW DR & GALLERIA CIRC,385048.8256,5035565.096,-75.47395574,45.4554063,2016-10-23,6:53,01 - Clear,01 - Dry,10 - No control,01 - Non intersection,07 - Dark,03 - P.D. only,06 - SMV unattended vehicle,Avalon
4785,ESSON ST @ HUNT CLUB RD,374638.6404,5025907.301,-75.60840912,45.3696285,2016-02-19,15:58,03 - Snow,03 - Loose snow,02 - Stop sign,03 - At intersection,01 - Daylight,03 - P.D. only,02 - Angle,Hunt Club
4786,ESSON ST @ HUNT CLUB RD,374640.537,5025907.255,-75.60838491,45.36962789,2016-03-30,19:10,01 - Clear,01 - Dry,02 - Stop sign,02 - Intersection related,07 - Dark,03 - P.D. only,07 - SMV other,Hunt Club
4787,ESSON ST @ HUNT CLUB RD,374639.5136,5025906.848,-75.60839803,45.36962433,2016-02-24,12:26,03 - Snow,04 - Slush,02 - Stop sign,02 - Intersection related,01 - Daylight,03 - P.D. only,03 - Rear end,Hunt Club
4788,ESSON ST @ HUNT CLUB RD,374640.4123,5025907.97,-75.6083864,45.36963434,2016-05-13,13:02,01 - Clear,01 - Dry,02 - Stop sign,03 - At intersection,01 - Daylight,03 - P.D. only,02 - Angle,Hunt Club
4789,ESSON ST btwn CHRIS LUND PRIV & HUNT CLUB RD,374627.4049,5025927.515,-75.60854968,45.36981149,2016-04-12,17:30,01 - Clear,01 - Dry,10 - No control,01 - Non intersection,01 - Daylight,03 - P.D. only,06 - SMV unattended vehicle,Hunt Club
4790,ESSON ST btwn CHRIS LUND PRIV & HUNT CLUB RD,374610.5081,5025957.56,-75.60876112,45.37008351,2016-12-17,0:00,03 - Snow,05 - Packed snow,10 - No control,01 - Non intersection,00 - Unknown,03 - P.D. only,06 - SMV unattended vehicle,Hunt Club
4791,ESTERBROOK DR btwn ROLLING MEADOW CRES & DOVEHAVEN ST,381759.421,5032376.268,-75.51650564,45.4270858,2016-11-11,0:00,01 - Clear,01 - Dry,10 - No control,01 - Non intersection,00 - Unknown,03 - P.D. only,06 - SMV unattended vehicle,Chapel Hill South
4792,EUCALYPTUS CIR/SANTOLINA ST @ ROSEHILL AVE,349971.5233,5015962.416,-75.92420734,45.28216595,2016-09-04,17:56,01 - Clear,01 - Dry,02 - Stop sign,03 - At intersection,01 - Daylight,03 - P.D. only,02 - Angle,Stittsville
4793,EVANS AVE btwn BANK ST & END,369797.9958,5027045.325,-75.67005038,45.38033373,2016-12-07,12:34,01 - Clear,04 - Slush,10 - No control,01 - Non intersection,01 - Daylight,03 - P.D. only,06 - SMV unattended vehicle,Alta Vista
4794,EVANS BLVD @ HERON RD,370262.9458,5026884.765,-75.66413543,45.37884578,2016-10-24,16:02,01 - Clear,01 - Dry,02 - Stop sign,02 - Intersection related,01 - Daylight,03 - P.D. only,04 - Sideswipe,Alta Vista
4795,EVANSHEN CRES @ ROBSON CRT E,350501.382,5019648.686,-75.91711391,45.31530182,2016-09-27,8:32,01 - Clear,01 - Dry,02 - Stop sign,02 - Intersection related,01 - Daylight,02 - Non-fatal injury,07 - SMV other,Kanata Lakes - Marchwood Lakeside - Morgan's Grant - Kanata
4796,EVELYN AVE btwn MAIN ST & ROSEMERE AVE,369107.4459,5030513.738,-75.67841486,45.41160511,2016-12-15,7:45,01 - Clear,05 - Packed snow,10 - No control,04 - At/near private drive,03 - Dawn,02 - Non-fatal injury,07 - SMV other,Old Ottawa East
4797,EVELYN DR/MUSKET WAY @ TODD DR,357424.1483,5006725.445,-75.83019357,45.19853117,2016-12-25,15:00,01 - Clear,01 - Dry,03 - Yield sign,02 - Intersection related,01 - Daylight,03 - P.D. only,01 - Approaching,Richmond
4798,EVEREST PRIV @ RUSSELL RD,372691.4938,5029716.211,-75.63274041,45.4040908,2016-12-23,15:36,01 - Clear,02 - Wet,02 - Stop sign,03 - At intersection,01 - Daylight,03 - P.D. only,02 - Angle,Elmvale - Eastway - Riverview - Riverview Park West
4799,EWING ST @ JOHNSTON RD,373637.737,5026421.529,-75.6211139,45.37435433,2016-11-23,18:28,01 - Clear,02 - Wet,02 - Stop sign,03 - At intersection,07 - Dark,03 - P.D. only,02 - Angle,Hunt Club
4800,EXPLORER LANE N @ VOYAGEUR DR N,378434.5621,5037818.661,-75.55817467,45.47641054,2016-12-17,14:15,03 - Snow,03 - Loose snow,10 - No control,02 - Intersection related,01 - Daylight,03 - P.D. only,02 - Angle,Greenbelt
4801,EYE BRIGHT CRES btwn ROYAL FERN WAY & ROYAL FERN WAY,369747.9638,5015906.188,-75.67215064,45.28011108,2016-02-18,10:08,01 - Clear,05 - Packed snow,10 - No control,04 - At/near private drive,01 - Daylight,03 - P.D. only,06 - SMV unattended vehicle,Gloucester
4802,FABLE ST btwn SHERWAY DR & BERKSHIRE WAY,362586.5729,5015313.968,-75.76349312,45.27540739,2016-02-26,20:15,01 - Clear,01 - Dry,10 - No control,04 - At/near private drive,07 - Dark,03 - P.D. only,06 - SMV unattended vehicle,Barrhaven West - Old Barrhaven
4803,FAIRBAIRN ST btwn SUNNYSIDE AVE & BELMONT AVE,368875.6453,5028650.334,-75.68161814,45.39486008,2016-03-21,7:30,01 - Clear,01 - Dry,10 - No control,01 - Non intersection,01 - Daylight,03 - P.D. only,04 - Sideswipe,Old Ottawa South
4804,FAIRBANKS AVE @ PLEASANT PARK RD,370857.9746,5028520.178,-75.65631974,45.39350478,2016-01-12,8:15,01 - Clear,02 - Wet,02 - Stop sign,03 - At intersection,01 - Daylight,03 - P.D. only,02 - Angle,Alta Vista