Record,Location,X,Y,lon,lat,Date,Time,Environment,Road_Surface,Traffic_Control,Collision_Location,Light,Collision_Classification,Impact_type,Neighborhood
4805,FAIRBANKS AVE @ SMYTH RD,370628.9402,5029081.777,-75.65916967,45.39857941,2016-10-20,8:47,01 - Clear,01 - Dry,02 - Stop sign,03 - At intersection,01 - Daylight,03 - P.D. only,05 - Turning movement,Alta Vista
4806,FAIRBANKS AVE @ SMYTH RD,370628.7207,5029081.972,-75.65917245,45.39858118,2016-12-20,9:40,01 - Clear,02 - Wet,02 - Stop sign,02 - Intersection related,01 - Daylight,03 - P.D. only,02 - Angle,Alta Vista
4807,FAIRGREEN AVE btwn TRIM RD & COLONIAL RD,388890.7747,5031690.77,-75.42550375,45.42009742,2016-08-14,1:18,02 - Rain,02 - Wet,10 - No control,01 - Non intersection,07 - Dark,02 - Non-fatal injury,07 - SMV other,Navan
4808,FAIRHAVEN WAY btwn GREENHILL WAY & BLACKTHORNE AVE (1),372542.7661,5034574.782,-75.63397184,45.44782032,2016-05-08,0:00,01 - Clear,01 - Dry,10 - No control,04 - At/near private drive,00 - Unknown,03 - P.D. only,06 - SMV unattended vehicle,Gloucester
4809,FAIRLAWN AVE btwn WOODROFFE AVE & FOX CRES,361947.9295,5025791.61,-75.77042304,45.36973726,2016-12-29,15:18,03 - Snow,03 - Loose snow,10 - No control,04 - At/near private drive,01 - Daylight,02 - Non-fatal injury,02 - Angle,Glabar Park
4810,FAIRLAWN AVE btwn WOODROFFE AVE & FOX CRES,361941.2769,5025819.024,-75.77050479,45.36998447,2016-01-13,17:13,03 - Snow,05 - Packed snow,10 - No control,01 - Non intersection,05 - Dusk,03 - P.D. only,03 - Rear end,Carlingwood West - Glabar Park - McKellar Heights
4811,FAIRLEA CRES btwn HEATHERINGTON RD & GORE PRIV,372062.9864,5026703.646,-75.64117882,45.37704564,2016-03-12,12:16,01 - Clear,01 - Dry,10 - No control,01 - Non intersection,01 - Daylight,03 - P.D. only,06 - SMV unattended vehicle,Ledbury - Heron Gate - Ridgemont - Elmwood
4812,FAIRLEA CRES btwn HEATHERINGTON RD & GORE PRIV,372077.4019,5026587.236,-75.64101064,45.37599684,2016-12-25,0:54,01 - Clear,02 - Wet,10 - No control,01 - Non intersection,07 - Dark,03 - P.D. only,06 - SMV unattended vehicle,Ledbury - Heron Gate - Ridgemont - Elmwood
4813,FAIRMONT AVE @ WELLINGTON ST,365556.1674,5029697.664,-75.72388188,45.4045796,2016-06-29,9:59,01 - Clear,01 - Dry,01 - Traffic signal,02 - Intersection related,01 - Daylight,03 - P.D. only,02 - Angle,Mechanicsville
4814,FAIRMONT AVE btwn DUHAMEL ST & GLADSTONE AVE,365729.1115,5029359.108,-75.72171468,45.40151832,2016-08-10,9:00,01 - Clear,01 - Dry,10 - No control,01 - Non intersection,01 - Daylight,03 - P.D. only,06 - SMV unattended vehicle,Civi
4815,FAIRMONT AVE btwn WELLINGTON ST W & DUHAMEL ST,365567.0852,5029680.913,-75.72374449,45.40442793,2016-12-11,0:00,01 - Clear,01 - Dry,10 - No control,01 - Non intersection,00 - Unknown,03 - P.D. only,06 - SMV unattended vehicle,Mechanicsville
4816,FAIRWINDS TER btwn Continuation of FAIRWINDS TER & TO BE DETERMINED,378396.5297,5037960.203,-75.55863986,45.47768804,2016-12-05,12:26,03 - Snow,03 - Loose snow,10 - No control,04 - At/near private drive,01 - Daylight,03 - P.D. only,02 - Angle,Greenbelt
4817,FALAISE RD @ FISHER AVE,366775.4862,5024561.299,-75.70895219,45.35825691,2016-02-12,8:52,01 - Clear,02 - Wet,02 - Stop sign,03 - At intersection,01 - Daylight,03 - P.D. only,05 - Turning movement,Carleton Heights - Rideauview
4818,FALAISE RD @ NORMANDY CRES,366603.5389,5024488.102,-75.71115585,45.35761347,2016-12-17,11:10,03 - Snow,03 - Loose snow,02 - Stop sign,03 - At intersection,01 - Daylight,03 - P.D. only,02 - Angle,Borden Farm - Stewart Farm - Parkwood Hills - Fisher Glen
4819,FALAISE RD btwn FISHER AVE & ORTONA AVE,366886.4185,5024607.744,-75.70753057,45.358665,2016-05-28,22:26,01 - Clear,01 - Dry,10 - No control,01 - Non intersection,07 - Dark,03 - P.D. only,06 - SMV unattended vehicle,Carleton Heights - Rideauview
4820,FALCON AVE btwn GREGG ST & BROOKFIELD RD,369636.7313,5026515.465,-75.6721789,45.37558116,2016-11-25,0:00,01 - Clear,02 - Wet,10 - No control,01 - Non intersection,00 - Unknown,03 - P.D. only,06 - SMV unattended vehicle,Alta Vista
4821,FALCONCREST CRT btwn ROSSIGNOL CRES & END,383122.6986,5039442.748,-75.49796083,45.49051247,2016-09-22,0:00,02 - Rain,02 - Wet,10 - No control,01 - Non intersection,00 - Unknown,03 - P.D. only,06 - SMV unattended vehicle,Chatelaine Village
4822,FALLINGWATER CIRC btwn Continuation of FALLINGWATER CIRC & Continuatio,364301.6299,5012850.226,-75.74193123,45.25309555,2016-10-31,10:02,01 - Clear,01 - Dry,10 - No control,04 - At/near private drive,01 - Daylight,03 - P.D. only,06 - SMV unattended vehicle,New Barrhaven
4823,FALLMOUTH CRT @ CLEARBROOK DR,366013.8793,5014913.736,-75.71986439,45.2715161,2016-08-04,13:21,01 - Clear,01 - Dry,02 - Stop sign,03 - At intersection,01 - Daylight,02 - Non-fatal injury,02 - Angle,New Barrhaven
4824,FALLOWFIELD RD @ 482 E OF HOLITMAN DR/BARRHAVE,364164.2645,5017376.488,-75.74313996,45.29383449,2016-12-15,15:40,05 - Drifting Snow,03 - Loose snow,01 - Traffic signal,03 - At intersection,01 - Daylight,02 - Non-fatal injury,04 - Sideswipe,New Barrhaven
4825,FALLOWFIELD RD @ 482 E OF HOLITMAN DR/BARRHAVE,364167.174,5017377.592,-75.74310274,45.29384418,2016-01-06,8:02,01 - Clear,06 - Ice,01 - Traffic signal,03 - At intersection,01 - Daylight,03 - P.D. only,07 - SMV other,New Barrhaven
4826,FALLOWFIELD RD @ GREENBANK RD,363080.903,5016733.364,-75.75702658,45.28813835,2016-08-11,14:45,01 - Clear,01 - Dry,01 - Traffic signal,03 - At intersection,01 - Daylight,02 - Non-fatal injury,05 - Turning movement,Greenbelt
4827,FALLOWFIELD RD @ GREENBANK RD,363079.578,5016733.114,-75.7570435,45.28813621,2016-01-19,16:59,01 - Clear,01 - Dry,01 - Traffic signal,03 - At intersection,05 - Dusk,02 - Non-fatal injury,05 - Turning movement,Greenbelt
4828,FALLOWFIELD RD @ GREENBANK RD,363079.7587,5016733.475,-75.75704115,45.28813944,2016-06-22,11:05,01 - Clear,01 - Dry,01 - Traffic signal,03 - At intersection,01 - Daylight,02 - Non-fatal injury,05 - Turning movement,Greenbelt
4829,FALLOWFIELD RD @ GREENBANK RD,363079.8475,5016731.213,-75.75704029,45.28811908,2016-11-23,11:01,01 - Clear,01 - Dry,01 - Traffic signal,02 - Intersection related,01 - Daylight,02 - Non-fatal injury,03 - Rear end,Greenbelt
4830,FALLOWFIELD RD @ GREENBANK RD,363079.8173,5016731.597,-75.75704063,45.28812254,2016-12-14,13:06,01 - Clear,01 - Dry,01 - Traffic signal,02 - Intersection related,01 - Daylight,02 - Non-fatal injury,03 - Rear end,Greenbelt
4831,FALLOWFIELD RD @ GREENBANK RD,363080.444,5016732.687,-75.75703251,45.28813229,2016-12-30,12:40,01 - Clear,03 - Loose snow,01 - Traffic signal,03 - At intersection,01 - Daylight,02 - Non-fatal injury,05 - Turning movement,Greenbelt
4832,FALLOWFIELD RD @ GREENBANK RD,363080.9075,5016732.687,-75.7570266,45.28813225,2016-12-30,8:53,01 - Clear,02 - Wet,01 - Traffic signal,03 - At intersection,01 - Daylight,02 - Non-fatal injury,03 - Rear end,Greenbelt
4833,FALLOWFIELD RD @ GREENBANK RD,363081.5039,5016733.283,-75.75701893,45.28813757,2016-12-20,9:45,01 - Clear,02 - Wet,01 - Traffic signal,03 - At intersection,01 - Daylight,02 - Non-fatal injury,02 - Angle,Greenbelt
4834,FALLOWFIELD RD @ GREENBANK RD,363080.0171,5016732.236,-75.757038,45.28812827,2016-07-12,13:58,01 - Clear,01 - Dry,01 - Traffic signal,03 - At intersection,01 - Daylight,02 - Non-fatal injury,05 - Turning movement,Greenbelt
4835,FALLOWFIELD RD @ GREENBANK RD,363080.4562,5016731.358,-75.75703251,45.28812033,2016-11-20,6:11,02 - Rain,02 - Wet,01 - Traffic signal,03 - At intersection,07 - Dark,02 - Non-fatal injury,02 - Angle,Barrhaven West - Old Barrhaven
4836,FALLOWFIELD RD @ GREENBANK RD,363080.4537,5016732.233,-75.75703244,45.28812821,2016-02-26,12:56,01 - Clear,06 - Ice,01 - Traffic signal,03 - At intersection,01 - Daylight,03 - P.D. only,02 - Angle,Greenbelt
4837,FALLOWFIELD RD @ GREENBANK RD,363081.0663,5016731.674,-75.7570247,45.28812313,2016-08-19,8:04,01 - Clear,01 - Dry,01 - Traffic signal,03 - At intersection,01 - Daylight,03 - P.D. only,05 - Turning movement,Barrhaven West - Old Barrhaven
4838,FALLOWFIELD RD @ GREENBANK RD,363083.1602,5016732.041,-75.75699796,45.28812625,2016-08-29,17:40,01 - Clear,01 - Dry,01 - Traffic signal,02 - Intersection related,01 - Daylight,03 - P.D. only,03 - Rear end,Greenbelt
4839,FALLOWFIELD RD @ GREENBANK RD,363081.3575,5016732.91,-75.75702084,45.28813422,2016-07-26,15:40,01 - Clear,01 - Dry,01 - Traffic signal,02 - Intersection related,01 - Daylight,03 - P.D. only,03 - Rear end,Greenbelt
4840,FALLOWFIELD RD @ GREENBANK RD,363080.4562,5016732.675,-75.75703236,45.28813218,2016-02-08,7:30,01 - Clear,01 - Dry,01 - Traffic signal,02 - Intersection related,01 - Daylight,03 - P.D. only,03 - Rear end,Greenbelt
4841,FALLOWFIELD RD @ GREENBANK RD,363080.8977,5016733.565,-75.75702662,45.28814015,2016-02-15,9:43,01 - Clear,01 - Dry,01 - Traffic signal,02 - Intersection related,01 - Daylight,03 - P.D. only,03 - Rear end,Greenbelt
4842,FALLOWFIELD RD @ GREENBANK RD,363080.471,5016732.195,-75.75703222,45.28812786,2016-02-17,19:54,01 - Clear,06 - Ice,01 - Traffic signal,02 - Intersection related,07 - Dark,03 - P.D. only,03 - Rear end,Greenbelt
4843,FALLOWFIELD RD @ GREENBANK RD,363081.3521,5016731.328,-75.75702109,45.28811999,2016-05-23,20:47,01 - Clear,01 - Dry,01 - Traffic signal,03 - At intersection,07 - Dark,03 - P.D. only,05 - Turning movement,Barrhaven West - Old Barrhaven
4844,FALLOWFIELD RD @ GREENBANK RD,363079.0194,5016732.041,-75.75705075,45.2881266,2016-11-21,20:13,03 - Snow,02 - Wet,01 - Traffic signal,03 - At intersection,07 - Dark,03 - P.D. only,03 - Rear end,Greenbelt
4845,FALLOWFIELD RD @ GREENBANK RD,363080.4512,5016733.129,-75.75703237,45.28813627,2016-04-04,17:43,01 - Clear,01 - Dry,01 - Traffic signal,02 - Intersection related,01 - Daylight,03 - P.D. only,03 - Rear end,Greenbelt
4846,FALLOWFIELD RD @ GREENBANK RD,363080.0171,5016732.236,-75.757038,45.28812827,2016-11-10,12:32,01 - Clear,01 - Dry,01 - Traffic signal,02 - Intersection related,01 - Daylight,03 - P.D. only,04 - Sideswipe,Greenbelt
4847,FALLOWFIELD RD @ GREENBANK RD,363079.5559,5016732.679,-75.75704383,45.28813229,2016-03-02,15:15,03 - Snow,03 - Loose snow,01 - Traffic signal,02 - Intersection related,01 - Daylight,03 - P.D. only,03 - Rear end,Greenbelt
4848,FALLOWFIELD RD @ GREENBANK RD,363080.444,5016731.76,-75.75703262,45.28812395,2016-07-09,18:03,01 - Clear,01 - Dry,01 - Traffic signal,03 - At intersection,01 - Daylight,03 - P.D. only,04 - Sideswipe,Barrhaven West - Old Barrhaven
4849,FALLOWFIELD RD @ GREENBANK RD,363081.8031,5016732.681,-75.75701519,45.28813213,2016-06-13,12:35,01 - Clear,01 - Dry,01 - Traffic signal,03 - At intersection,01 - Daylight,03 - P.D. only,05 - Turning movement,Greenbelt
4850,FALLOWFIELD RD @ GREENBANK RD,363079.5483,5016732.681,-75.75704393,45.28813231,2016-05-07,22:13,01 - Clear,01 - Dry,01 - Traffic signal,03 - At intersection,07 - Dark,03 - P.D. only,05 - Turning movement,Greenbelt
4851,FALLOWFIELD RD @ GREENBANK RD,363080.903,5016732.001,-75.75702674,45.28812608,2016-07-25,16:32,01 - Clear,01 - Dry,01 - Traffic signal,02 - Intersection related,01 - Daylight,03 - P.D. only,03 - Rear end,Greenbelt
4852,FALLOWFIELD RD @ GREENBANK RD,363080.0171,5016732.236,-75.757038,45.28812827,2016-09-20,18:52,01 - Clear,01 - Dry,01 - Traffic signal,03 - At intersection,05 - Dusk,03 - P.D. only,05 - Turning movement,Greenbelt
4853,FALLOWFIELD RD @ GREENBANK RD,363079.8475,5016732.041,-75.75704019,45.28812653,2016-10-04,8:26,01 - Clear,01 - Dry,01 - Traffic signal,02 - Intersection related,01 - Daylight,03 - P.D. only,03 - Rear end,Greenbelt
4854,FALLOWFIELD RD @ GREENBANK RD,363080.0171,5016732.236,-75.757038,45.28812827,2016-12-11,20:49,03 - Snow,03 - Loose snow,01 - Traffic signal,03 - At intersection,07 - Dark,03 - P.D. only,05 - Turning movement,Greenbelt
4855,FALLOWFIELD RD @ HWY 416 FALLOWFI IC66R24,360278.5586,5014852.254,-75.79295874,45.27143873,2016-09-06,13:56,01 - Clear,01 - Dry,02 - Stop sign,03 - At intersection,01 - Daylight,02 - Non-fatal injury,02 - Angle,Munster Hamlet - Richmond
4856,FALLOWFIELD RD @ HWY 416 FALLOWFI IC66R24,360278.967,5014849.501,-75.79295384,45.27141393,2016-11-03,15:30,01 - Clear,01 - Dry,02 - Stop sign,02 - Intersection related,01 - Daylight,03 - P.D. only,03 - Rear end,Munster Hamlet - Richmond
4857,FALLOWFIELD RD @ HWY 416 FALLOWFI IC66R34,359824.0067,5014725.562,-75.79876533,45.27033445,2016-10-24,15:31,01 - Clear,01 - Dry,01 - Traffic signal,02 - Intersection related,01 - Daylight,03 - P.D. only,03 - Rear end,Munster Hamlet - Richmond
4858,FALLOWFIELD RD @ HWY 416 FALLOWFI IC66R34,359825.1368,5014727.762,-75.79875069,45.27035416,2016-11-21,16:51,03 - Snow,03 - Loose snow,01 - Traffic signal,02 - Intersection related,05 - Dusk,03 - P.D. only,02 - Angle,Munster Hamlet - Richmond
4859,FALLOWFIELD RD @ KIMINI DR,352560.7724,5009745.784,-75.89180191,45.22605558,2016-01-05,16:34,01 - Clear,06 - Ice,02 - Stop sign,03 - At intersection,01 - Daylight,03 - P.D. only,05 - Turning movement,Munster Hamlet - Richmond
4860,FALLOWFIELD RD @ LARKIN DR,361721.6662,5015913.666,-75.77444695,45.28087406,2016-06-21,18:30,01 - Clear,01 - Dry,01 - Traffic signal,02 - Intersection related,01 - Daylight,02 - Non-fatal injury,03 - Rear end,Barrhaven West - Old Barrhaven
4861,FALLOWFIELD RD @ LARKIN DR,361721.4422,5015913.66,-75.7744498,45.28087402,2016-04-06,17:19,03 - Snow,03 - Loose snow,01 - Traffic signal,02 - Intersection related,01 - Daylight,03 - P.D. only,03 - Rear end,Barrhaven West - Old Barrhaven
4862,FALLOWFIELD RD @ LARKIN DR,361720.5685,5015913.217,-75.77446099,45.28087011,2016-06-24,14:20,01 - Clear,01 - Dry,01 - Traffic signal,02 - Intersection related,01 - Daylight,03 - P.D. only,03 - Rear end,Barrhaven West - Old Barrhaven
4863,FALLOWFIELD RD @ LARKIN DR,361720.0099,5015911.366,-75.77446832,45.2808535,2016-12-05,6:50,03 - Snow,04 - Slush,01 - Traffic signal,02 - Intersection related,07 - Dark,03 - P.D. only,03 - Rear end,Barrhaven West - Old Barrhaven
4864,FALLOWFIELD RD @ MCCAFFREY TR,343382.9755,5001733.161,-76.00928951,45.1545158,2016-12-13,20:04,03 - Snow,06 - Ice,02 - Stop sign,02 - Intersection related,07 - Dark,03 - P.D. only,07 - SMV other,Munster Hamlet - Richmond
4865,FALLOWFIELD RD @ MERIVALE RD,366890.0563,5018846.54,-75.70820686,45.30682629,2016-09-24,18:24,01 - Clear,01 - Dry,01 - Traffic signal,03 - At intersection,01 - Daylight,02 - Non-fatal injury,03 - Rear end,Greenbelt
4866,FALLOWFIELD RD @ MERIVALE RD,366891.7126,5018844.706,-75.70818597,45.30680964,2016-11-22,15:49,01 - Clear,02 - Wet,01 - Traffic signal,03 - At intersection,01 - Daylight,02 - Non-fatal injury,05 - Turning movement,Greenbelt
4867,FALLOWFIELD RD @ MERIVALE RD,366892.5408,5018844.055,-75.70817549,45.30680371,2016-12-19,2:47,04 - Freezing Rain,06 - Ice,01 - Traffic signal,02 - Intersection related,07 - Dark,02 - Non-fatal injury,07 - SMV other,Greenbelt
4868,FALLOWFIELD RD @ MERIVALE RD,366891.7126,5018844.233,-75.70818603,45.30680539,2016-10-11,11:50,01 - Clear,01 - Dry,01 - Traffic signal,02 - Intersection related,01 - Daylight,03 - P.D. only,03 - Rear end,Greenbelt
4869,FALLOWFIELD RD @ MERIVALE RD,366891.054,5018845.128,-75.70819431,45.3068135,2016-02-10,10:31,01 - Clear,02 - Wet,01 - Traffic signal,03 - At intersection,01 - Daylight,03 - P.D. only,05 - Turning movement,Greenbelt
4870,FALLOWFIELD RD @ MERIVALE RD,366890.0563,5018846.54,-75.70820686,45.30682629,2016-08-12,7:44,01 - Clear,02 - Wet,01 - Traffic signal,02 - Intersection related,01 - Daylight,03 - P.D. only,03 - Rear end,Greenbelt
4871,FALLOWFIELD RD @ MERIVALE RD,366891.4931,5018844.25,-75.70818882,45.30680556,2016-01-18,9:40,03 - Snow,03 - Loose snow,01 - Traffic signal,02 - Intersection related,01 - Daylight,03 - P.D. only,03 - Rear end,Greenbelt
4872,FALLOWFIELD RD @ MERIVALE RD,366891.4881,5018844.694,-75.70818883,45.30680956,2016-05-01,15:48,02 - Rain,02 - Wet,01 - Traffic signal,02 - Intersection related,01 - Daylight,03 - P.D. only,03 - Rear end,Greenbelt
4873,FALLOWFIELD RD @ MERIVALE RD,366890.381,5018845.268,-75.70820288,45.30681482,2016-03-21,15:28,01 - Clear,01 - Dry,01 - Traffic signal,02 - Intersection related,01 - Daylight,03 - P.D. only,03 - Rear end,Greenbelt
4874,FALLOWFIELD RD @ MERIVALE RD,366891.04,5018844.918,-75.70819452,45.30681161,2016-04-06,17:02,03 - Snow,04 - Slush,01 - Traffic signal,02 - Intersection related,01 - Daylight,03 - P.D. only,03 - Rear end,Greenbelt
4875,FALLOWFIELD RD @ MERIVALE RD,366891.0392,5018844.694,-75.70819455,45.3068096,2016-05-02,7:44,01 - Clear,01 - Dry,01 - Traffic signal,03 - At intersection,01 - Daylight,03 - P.D. only,07 - SMV other,Greenbelt
4876,FALLOWFIELD RD @ MERIVALE RD,366890.5762,5018844.015,-75.70820054,45.30680353,2016-07-12,18:31,01 - Clear,01 - Dry,01 - Traffic signal,02 - Intersection related,01 - Daylight,03 - P.D. only,03 - Rear end,Greenbelt
4877,FALLOWFIELD RD @ MOODIE DR,359501.3896,5014635.614,-75.80288642,45.26955026,2016-04-02,13:37,01 - Clear,01 - Dry,01 - Traffic signal,03 - At intersection,01 - Daylight,02 - Non-fatal injury,03 - Rear end,Munster Hamlet - Richmond
4878,FALLOWFIELD RD @ MOODIE DR,359502.4548,5014635.081,-75.8028729,45.26954538,2016-03-21,15:37,01 - Clear,01 - Dry,01 - Traffic signal,02 - Intersection related,01 - Daylight,02 - Non-fatal injury,03 - Rear end,Munster Hamlet - Richmond
4879,FALLOWFIELD RD @ MOODIE DR,359501.6559,5014636.413,-75.80288294,45.26955743,2016-10-25,13:50,01 - Clear,01 - Dry,01 - Traffic signal,02 - Intersection related,01 - Daylight,03 - P.D. only,03 - Rear end,Munster Hamlet - Richmond
4880,FALLOWFIELD RD @ MOODIE DR,359501.2653,5014635.632,-75.802888,45.26955043,2016-05-13,0:05,01 - Clear,01 - Dry,01 - Traffic signal,03 - At intersection,07 - Dark,03 - P.D. only,05 - Turning movement,Munster Hamlet - Richmond
4881,FALLOWFIELD RD @ MOODIE DR,359502.3377,5014636.867,-75.8028742,45.26956146,2016-07-05,15:47,01 - Clear,01 - Dry,01 - Traffic signal,02 - Intersection related,01 - Daylight,03 - P.D. only,03 - Rear end,Munster Hamlet - Richmond
4882,FALLOWFIELD RD @ MOODIE DR,359503.2623,5014636.145,-75.80286249,45.26955489,2016-09-23,7:45,01 - Clear,01 - Dry,01 - Traffic signal,02 - Intersection related,01 - Daylight,03 - P.D. only,03 - Rear end,Munster Hamlet - Richmond
4883,FALLOWFIELD RD @ MOODIE DR,359500.9795,5014637.54,-75.80289143,45.26956762,2016-05-26,8:10,01 - Clear,01 - Dry,01 - Traffic signal,02 - Intersection related,01 - Daylight,03 - P.D. only,03 - Rear end,Munster Hamlet - Richmond
4884,FALLOWFIELD RD @ MOODIE DR,359501.4304,5014636.187,-75.80288583,45.26955541,2016-05-10,19:41,01 - Clear,01 - Dry,01 - Traffic signal,02 - Intersection related,01 - Daylight,03 - P.D. only,03 - Rear end,Munster Hamlet - Richmond
4885,FALLOWFIELD RD @ MOODIE DR,359503.3122,5014636.827,-75.80286178,45.26956102,2016-12-16,9:43,01 - Clear,06 - Ice,01 - Traffic signal,02 - Intersection related,01 - Daylight,03 - P.D. only,03 - Rear end,Munster Hamlet - Richmond
4886,FALLOWFIELD RD @ RICHMOND RD,357720.5379,5013528.757,-75.82569788,45.25972682,2016-01-21,16:43,01 - Clear,01 - Dry,01 - Traffic signal,02 - Intersection related,05 - Dusk,02 - Non-fatal injury,03 - Rear end,Greenbelt
4887,FALLOWFIELD RD @ RICHMOND RD,357720.5379,5013530.075,-75.82569774,45.25973868,2016-09-27,13:35,01 - Clear,01 - Dry,01 - Traffic signal,03 - At intersection,01 - Daylight,02 - Non-fatal injury,02 - Angle,Greenbelt
4888,FALLOWFIELD RD @ RICHMOND RD,357720.8367,5013528.617,-75.82569409,45.25972554,2016-03-21,17:35,01 - Clear,01 - Dry,01 - Traffic signal,02 - Intersection related,01 - Daylight,03 - P.D. only,03 - Rear end,Munster Hamlet - Richmond
4889,FALLOWFIELD RD @ STRANDHERD DR,360752.8834,5014961.935,-75.78690186,45.27238807,2016-01-19,6:27,01 - Clear,06 - Ice,01 - Traffic signal,02 - Intersection related,07 - Dark,03 - P.D. only,03 - Rear end,Munster Hamlet - Richmond
4890,FALLOWFIELD RD @ STRANDHERD DR,360753.3225,5014961.935,-75.78689626,45.27238804,2016-01-13,15:11,01 - Clear,02 - Wet,01 - Traffic signal,02 - Intersection related,01 - Daylight,03 - P.D. only,04 - Sideswipe,Munster Hamlet - Richmond
4891,FALLOWFIELD RD @ STRANDHERD DR,360752.4468,5014963.264,-75.78690727,45.27240006,2016-02-20,3:57,02 - Rain,04 - Slush,01 - Traffic signal,02 - Intersection related,07 - Dark,03 - P.D. only,03 - Rear end,Munster Hamlet - Richmond
4892,FALLOWFIELD RD @ STRANDHERD DR,360751.5662,5014961.935,-75.78691864,45.27238818,2016-06-18,13:50,01 - Clear,01 - Dry,01 - Traffic signal,02 - Intersection related,01 - Daylight,03 - P.D. only,03 - Rear end,Munster Hamlet - Richmond
4893,FALLOWFIELD RD @ TRANSITWAY/VIARAIL,364466.9984,5017548.986,-75.73925987,45.29536098,2016-02-11,17:54,01 - Clear,01 - Dry,01 - Traffic signal,03 - At intersection,07 - Dark,02 - Non-fatal injury,05 - Turning movement,New Barrhaven
4894,FALLOWFIELD RD @ VIA PARK PL/275 W OF WOODROFFE AVE,364847.9032,5017764.911,-75.73437771,45.29727142,2016-03-07,21:15,01 - Clear,01 - Dry,01 - Traffic signal,03 - At intersection,07 - Dark,02 - Non-fatal injury,07 - SMV other,New Barrhaven
4895,FALLOWFIELD RD @ VIA PARK PL/275 W OF WOODROFFE AVE,364847.4568,5017766.24,-75.73438324,45.29728341,2016-01-22,18:07,01 - Clear,01 - Dry,01 - Traffic signal,02 - Intersection related,07 - Dark,02 - Non-fatal injury,03 - Rear end,New Barrhaven
4896,FALLOWFIELD RD @ VIA PARK PL/275 W OF WOODROFFE AVE,364846.1175,5017767.141,-75.73440021,45.29729163,2016-03-04,16:52,01 - Clear,01 - Dry,01 - Traffic signal,03 - At intersection,01 - Daylight,02 - Non-fatal injury,05 - Turning movement,Munster Hamlet - Richmond
4897,FALLOWFIELD RD @ VIA PARK PL/275 W OF WOODROFFE AVE,364848.0655,5017764.779,-75.73437566,45.29727021,2016-10-25,7:20,01 - Clear,01 - Dry,01 - Traffic signal,02 - Intersection related,01 - Daylight,03 - P.D. only,03 - Rear end,New Barrhaven
4898,FALLOWFIELD RD @ VIA PARK PL/275 W OF WOODROFFE AVE,364847.0601,5017766.568,-75.73438826,45.2972864,2016-08-17,17:00,01 - Clear,01 - Dry,01 - Traffic signal,02 - Intersection related,01 - Daylight,03 - P.D. only,03 - Rear end,New Barrhaven
4899,FALLOWFIELD RD @ VIA PARK PL/275 W OF WOODROFFE AVE,364846.4384,5017765.755,-75.73439628,45.29727913,2016-04-05,11:05,01 - Clear,01 - Dry,01 - Traffic signal,02 - Intersection related,01 - Daylight,03 - P.D. only,03 - Rear end,New Barrhaven
4900,FALLOWFIELD RD @ WOODROFFE AVE,365084.0523,5017903.849,-75.73135014,45.29850135,2016-01-26,16:32,01 - Clear,02 - Wet,01 - Traffic signal,02 - Intersection related,05 - Dusk,02 - Non-fatal injury,03 - Rear end,New Barrhaven
4901,FALLOWFIELD RD @ WOODROFFE AVE,365084.4841,5017904.3,-75.73134458,45.29850537,2016-02-19,10:22,01 - Clear,01 - Dry,01 - Traffic signal,02 - Intersection related,01 - Daylight,02 - Non-fatal injury,03 - Rear end,New Barrhaven
4902,FALLOWFIELD RD @ WOODROFFE AVE,365085.3747,5017902.291,-75.73133347,45.29848722,2016-05-19,18:53,01 - Clear,01 - Dry,01 - Traffic signal,02 - Intersection related,01 - Daylight,02 - Non-fatal injury,03 - Rear end,New Barrhaven
4903,FALLOWFIELD RD @ WOODROFFE AVE,365084.928,5017904.3,-75.73133893,45.29850533,2016-03-08,7:15,01 - Clear,01 - Dry,01 - Traffic signal,02 - Intersection related,01 - Daylight,03 - P.D. only,03 - Rear end,New Barrhaven
4904,FALLOWFIELD RD @ WOODROFFE AVE,365085.3695,5017903.41,-75.7313334,45.29849729,2016-08-16,12:00,01 - Clear,01 - Dry,01 - Traffic signal,03 - At intersection,01 - Daylight,03 - P.D. only,02 - Angle,New Barrhaven
4905,FALLOWFIELD RD @ WOODROFFE AVE,365084.6145,5017904.529,-75.73134289,45.29850742,2016-09-08,7:34,02 - Rain,02 - Wet,01 - Traffic signal,02 - Intersection related,01 - Daylight,03 - P.D. only,03 - Rear end,New Barrhaven
4906,FALLOWFIELD RD @ WOODROFFE AVE,365085.8673,5017904.159,-75.73132697,45.29850398,2016-01-16,15:55,01 - Clear,02 - Wet,01 - Traffic signal,02 - Intersection related,01 - Daylight,03 - P.D. only,03 - Rear end,New Barrhaven
4907,FALLOWFIELD RD @ WOODROFFE AVE,365084.7594,5017903.971,-75.73134111,45.29850239,2016-03-09,8:08,01 - Clear,02 - Wet,01 - Traffic signal,02 - Intersection related,01 - Daylight,03 - P.D. only,03 - Rear end,New Barrhaven
4908,FALLOWFIELD RD @ WOODROFFE AVE,365084.4758,5017903.19,-75.73134483,45.29849538,2016-05-06,16:46,01 - Clear,01 - Dry,01 - Traffic signal,02 - Intersection related,01 - Daylight,03 - P.D. only,03 - Rear end,New Barrhaven