Record,Location,X,Y,lon,lat,Date,Time,Environment,Road_Surface,Traffic_Control,Collision_Location,Light,Collision_Classification,Impact_type,Neighborhood
4909,FALLOWFIELD RD @ WOODROFFE AVE,365084.926,5017903.414,-75.73133906,45.29849736,2016-03-24,17:52,04 - Freezing Rain,03 - Loose snow,01 - Traffic signal,02 - Intersection related,01 - Daylight,03 - P.D. only,07 - SMV other,New Barrhaven
4910,FALLOWFIELD RD @ WOODROFFE AVE,365085.9782,5017901.12,-75.73132592,45.29847663,2016-11-21,16:50,03 - Snow,03 - Loose snow,01 - Traffic signal,02 - Intersection related,05 - Dusk,03 - P.D. only,03 - Rear end,New Barrhaven
4911,FALLOWFIELD RD @ WOODROFFE AVE,365085.3695,5017902.97,-75.73133346,45.29849333,2016-06-24,23:03,01 - Clear,01 - Dry,01 - Traffic signal,02 - Intersection related,07 - Dark,03 - P.D. only,03 - Rear end,Greenbelt
4912,FALLOWFIELD RD @ WOODROFFE AVE,365085.1232,5017904.313,-75.73133643,45.29850543,2016-11-11,17:59,01 - Clear,01 - Dry,01 - Traffic signal,02 - Intersection related,07 - Dark,03 - P.D. only,03 - Rear end,New Barrhaven
4913,FALLOWFIELD RD @ WOODROFFE AVE,365085.15,5017902.48,-75.73133632,45.29848894,2016-11-22,0:25,03 - Snow,03 - Loose snow,01 - Traffic signal,03 - At intersection,07 - Dark,03 - P.D. only,02 - Angle,New Barrhaven
4914,FALLOWFIELD RD @ WOODROFFE AVE,365085.15,5017904.432,-75.73133608,45.2985065,2016-11-08,9:00,01 - Clear,01 - Dry,01 - Traffic signal,03 - At intersection,01 - Daylight,03 - P.D. only,03 - Rear end,New Barrhaven
4915,FALLOWFIELD RD @ WOODROFFE AVE,365085.15,5017901.948,-75.73133638,45.29848415,2016-12-22,8:27,01 - Clear,03 - Loose snow,01 - Traffic signal,03 - At intersection,01 - Daylight,03 - P.D. only,03 - Rear end,New Barrhaven
4916,FALLOWFIELD RD @ WOODROFFE AVE,365084.4914,5017903.41,-75.7313446,45.29849736,2016-11-12,15:48,01 - Clear,01 - Dry,01 - Traffic signal,03 - At intersection,01 - Daylight,03 - P.D. only,02 - Angle,New Barrhaven
4917,FALLOWFIELD RD @ WOODROFFE AVE,365085.15,5017902.48,-75.73133632,45.29848894,2016-02-16,20:50,03 - Snow,03 - Loose snow,01 - Traffic signal,02 - Intersection related,07 - Dark,03 - P.D. only,04 - Sideswipe,New Barrhaven
4918,FALLOWFIELD RD btwn ASHDALE AVE & PRINCE OF WALES DR,367313.5816,5019112.226,-75.70277293,45.30917933,2016-09-07,14:46,01 - Clear,01 - Dry,10 - No control,01 - Non intersection,01 - Daylight,02 - Non-fatal injury,03 - Rear end,New Barrhaven
4919,FALLOWFIELD RD btwn ASHDALE AVE & PRINCE OF WALES DR,367361.4447,5019144.159,-75.70215857,45.3094624,2016-10-05,9:33,01 - Clear,01 - Dry,10 - No control,01 - Non intersection,01 - Daylight,02 - Non-fatal injury,03 - Rear end,Greenbelt
4920,FALLOWFIELD RD btwn ASHDALE AVE & PRINCE OF WALES DR,367364.8033,5019146.053,-75.7021155,45.30947914,2016-02-13,14:30,01 - Clear,03 - Loose snow,10 - No control,01 - Non intersection,01 - Daylight,03 - P.D. only,01 - Approaching,Greenbelt
4921,FALLOWFIELD RD btwn ASHDALE AVE & PRINCE OF WALES DR,367312.1123,5019113.15,-75.70279155,45.30918778,2016-06-17,18:10,01 - Clear,01 - Dry,10 - No control,01 - Non intersection,01 - Daylight,03 - P.D. only,03 - Rear end,Greenbelt
4922,FALLOWFIELD RD btwn ASHDALE AVE & PRINCE OF WALES DR,367229.5673,5019059.994,-75.70385083,45.30871683,2016-01-18,16:54,01 - Clear,01 - Dry,10 - No control,01 - Non intersection,05 - Dusk,03 - P.D. only,03 - Rear end,Greenbelt
4923,FALLOWFIELD RD btwn CONLEY RD & HUNTLEY RD,351754.0887,5009040.549,-75.90214038,45.21976385,2016-01-20,7:37,01 - Clear,06 - Ice,10 - No control,01 - Non intersection,03 - Dawn,03 - P.D. only,07 - SMV other,Greenbelt
4924,FALLOWFIELD RD btwn EAGLESON RD & RICHMOND RD,356896.2518,5013047.624,-75.83625049,45.255459,2016-08-20,2:25,01 - Clear,01 - Dry,10 - No control,01 - Non intersection,07 - Dark,02 - Non-fatal injury,07 - SMV other,Munster Hamlet - Richmond
4925,FALLOWFIELD RD btwn EAGLESON RD & RICHMOND RD,356852.2172,5013027.028,-75.83681364,45.25527694,2016-01-03,5:40,05 - Drifting Snow,03 - Loose snow,10 - No control,01 - Non intersection,07 - Dark,03 - P.D. only,07 - SMV other,Munster Hamlet - Richmond
4926,FALLOWFIELD RD btwn EAGLESON RD & RICHMOND RD,356112.7995,5012611.942,-75.84627664,45.2515962,2016-02-26,7:26,04 - Freezing Rain,06 - Ice,10 - No control,01 - Non intersection,01 - Daylight,03 - P.D. only,99 - Other,Munster Hamlet - Richmond
4927,FALLOWFIELD RD btwn EAGLESON RD & RICHMOND RD,356549.1949,5012853.163,-75.84069223,45.25373481,2016-11-20,17:20,03 - Snow,06 - Ice,10 - No control,01 - Non intersection,07 - Dark,03 - P.D. only,03 - Rear end,Munster Hamlet - Richmond
4928,FALLOWFIELD RD btwn EAGLESON RD & RICHMOND RD,356640.365,5012901.983,-75.83952567,45.25416739,2016-11-20,18:15,03 - Snow,06 - Ice,10 - No control,01 - Non intersection,07 - Dark,03 - P.D. only,07 - SMV other,Munster Hamlet - Richmond
4929,FALLOWFIELD RD btwn HOLITMAN DR & 482 E OF HOLITMAN DR/BARRHAVEN CROSS,363939.3645,5017252.373,-75.74602186,45.29273667,2016-03-18,8:00,01 - Clear,01 - Dry,10 - No control,01 - Non intersection,01 - Daylight,03 - P.D. only,03 - Rear end,Munster Hamlet - Richmond
4930,FALLOWFIELD RD btwn HWY416 IC66 RAMP62 & STRANDHERD DR,360713.3664,5014959.739,-75.7874057,45.27237145,2016-06-25,11:56,01 - Clear,01 - Dry,10 - No control,01 - Non intersection,01 - Daylight,02 - Non-fatal injury,07 - SMV other,Greenbelt
4931,FALLOWFIELD RD btwn HWY416 IC66 RAMP63 & HWY416 IC66 RAMP52,360071.607,5014794.782,-75.79560241,45.27093789,2016-07-08,16:45,01 - Clear,01 - Dry,10 - No control,01 - Non intersection,01 - Daylight,03 - P.D. only,03 - Rear end,Munster Hamlet - Richmond
4932,FALLOWFIELD RD btwn KIMINI DR & SHEA RD,353151.946,5010279.106,-75.88422237,45.23081426,2016-08-21,7:10,02 - Rain,02 - Wet,10 - No control,01 - Non intersection,01 - Daylight,03 - P.D. only,07 - SMV other,Munster Hamlet - Richmond
4933,FALLOWFIELD RD btwn KOLO DR & BILTMORE CRES,346341.3762,5004329.389,-75.97144917,45.17771031,2016-04-19,22:00,01 - Clear,01 - Dry,10 - No control,01 - Non intersection,07 - Dark,03 - P.D. only,07 - SMV other,Stittsville - Basswood
4934,FALLOWFIELD RD btwn LARKIN DR & BARRAN ST,361893.9229,5016015.3,-75.77223976,45.2817746,2016-12-22,8:29,03 - Snow,04 - Slush,10 - No control,01 - Non intersection,01 - Daylight,03 - P.D. only,01 - Approaching,Munster Hamlet - Richmond
4935,FALLOWFIELD RD btwn MERIVALE RD & ASHDALE AVE,366968.7312,5018892.916,-75.70719785,45.30723662,2016-10-28,7:14,02 - Rain,02 - Wet,10 - No control,01 - Non intersection,01 - Daylight,03 - P.D. only,03 - Rear end,Greenbelt
4936,FALLOWFIELD RD btwn MERIVALE RD & WOODROFFE AVE,366699.1769,5018808.245,-75.71064556,45.30649857,2016-01-26,0:30,01 - Clear,02 - Wet,10 - No control,01 - Non intersection,07 - Dark,03 - P.D. only,07 - SMV other,Greenbelt
4937,FALLOWFIELD RD btwn MERIVALE RD & WOODROFFE AVE,366798.6544,5018808.822,-75.70937705,45.30649498,2016-01-02,15:09,05 - Drifting Snow,03 - Loose snow,10 - No control,01 - Non intersection,01 - Daylight,03 - P.D. only,01 - Approaching,Greenbelt
4938,FALLOWFIELD RD btwn MERIVALE RD & WOODROFFE AVE,365176.4949,5017954.056,-75.73016545,45.29894517,2016-02-10,16:47,03 - Snow,02 - Wet,10 - No control,01 - Non intersection,01 - Daylight,03 - P.D. only,07 - SMV other,Greenbelt
4939,FALLOWFIELD RD btwn MERIVALE RD & WOODROFFE AVE,365338.4535,5018077.658,-75.72808548,45.3000434,2016-03-22,16:53,01 - Clear,01 - Dry,10 - No control,01 - Non intersection,01 - Daylight,03 - P.D. only,05 - Turning movement,Greenbelt
4940,FALLOWFIELD RD btwn MERIVALE RD & WOODROFFE AVE,366799.2126,5018806.287,-75.70937025,45.30647213,2016-07-10,14:44,01 - Clear,01 - Dry,10 - No control,01 - Non intersection,01 - Daylight,03 - P.D. only,07 - SMV other,Greenbelt
4941,FALLOWFIELD RD btwn MERIVALE RD & WOODROFFE AVE,366798.1308,5018804.304,-75.70938429,45.30645438,2016-12-14,16:13,06 - Strong wind,06 - Ice,10 - No control,01 - Non intersection,05 - Dusk,03 - P.D. only,07 - SMV other,Greenbelt
4942,FALLOWFIELD RD btwn MERIVALE RD & WOODROFFE AVE,366818.6696,5018827.369,-75.70911951,45.3066601,2016-12-22,9:25,03 - Snow,04 - Slush,10 - No control,01 - Non intersection,01 - Daylight,03 - P.D. only,07 - SMV other,Greenbelt
4943,FALLOWFIELD RD btwn MOODIE DR & HWY416 IC66 RAMP53,359513.7014,5014640.958,-75.80272894,45.26959739,2016-07-11,6:23,01 - Clear,01 - Dry,10 - No control,04 - At/near private drive,01 - Daylight,02 - Non-fatal injury,05 - Turning movement,Greenbelt
4944,FALLOWFIELD RD btwn MOODIE DR & HWY416 IC66 RAMP53,359598.5769,5014663.187,-75.80164491,45.2697908,2016-08-19,16:30,01 - Clear,01 - Dry,10 - No control,01 - Non intersection,01 - Daylight,03 - P.D. only,03 - Rear end,Munster Hamlet - Richmond
4945,FALLOWFIELD RD btwn MOODIE DR & HWY416 IC66 RAMP53,359513.711,5014639.852,-75.80272894,45.26958743,2016-11-08,15:52,01 - Clear,01 - Dry,10 - No control,04 - At/near private drive,01 - Daylight,03 - P.D. only,05 - Turning movement,Munster Hamlet - Richmond
4946,FALLOWFIELD RD btwn MUNSTER RD & CONLEY RD,347174.7253,5005045.391,-75.96078572,45.18410372,2016-12-31,19:50,03 - Snow,03 - Loose snow,10 - No control,01 - Non intersection,07 - Dark,03 - P.D. only,07 - SMV other,Munster Hamlet - Richmond
4947,FALLOWFIELD RD btwn O'KEEFE CRT & CEDARVIEW RD,361204.6672,5015610.351,-75.78107083,45.27818648,2016-09-01,11:31,01 - Clear,01 - Dry,10 - No control,01 - Non intersection,01 - Daylight,03 - P.D. only,04 - Sideswipe,Munster Hamlet - Richmond
4948,FALLOWFIELD RD btwn O'KEEFE CRT & CEDARVIEW RD,360975.349,5015469.897,-75.78400936,45.27694102,2016-07-24,0:39,01 - Clear,01 - Dry,10 - No control,01 - Non intersection,07 - Dark,03 - P.D. only,01 - Approaching,Munster Hamlet - Richmond
4949,FALLOWFIELD RD btwn RICHMOND RD & STEEPLE HILL CRES,358373.3161,5013979.421,-75.81733231,45.26373256,2016-09-28,7:48,01 - Clear,01 - Dry,10 - No control,01 - Non intersection,01 - Daylight,03 - P.D. only,07 - SMV other,Munster Hamlet - Richmond
4950,FALLOWFIELD RD btwn SHEA RD & EAGLESON RD,355430.4204,5012256.25,-75.8550058,45.24844502,2016-07-24,16:26,01 - Clear,01 - Dry,10 - No control,01 - Non intersection,01 - Daylight,03 - P.D. only,04 - Sideswipe,Munster Hamlet - Richmond
4951,FALLOWFIELD RD btwn STEEPLE HILL CRES & MOODIE DR,358802.0962,5014256.47,-75.81183878,45.26619271,2016-03-31,23:07,02 - Rain,02 - Wet,10 - No control,01 - Non intersection,07 - Dark,03 - P.D. only,07 - SMV other,Stittsville - Basswood
4952,FALLOWFIELD RD btwn STEEPLE HILL CRES & MOODIE DR,359224.2232,5014514.26,-75.80643166,45.2684798,2016-12-01,22:08,01 - Clear,01 - Dry,10 - No control,01 - Non intersection,07 - Dark,03 - P.D. only,07 - SMV other,Munster Hamlet - Richmond
4953,FALLOWFIELD RD btwn STRANDHERD DR & O'KEEFE CRT,360753.3612,5015022.609,-75.78688893,45.27293398,2016-04-22,15:13,02 - Rain,02 - Wet,10 - No control,01 - Non intersection,01 - Daylight,03 - P.D. only,03 - Rear end,Greenbelt
4954,FALLOWFIELD RD btwn TRANSIT & 482 E OF HOLITMAN DR/BARRHAVEN CROSSING ,364223.5968,5017411.162,-75.74237942,45.29414147,2016-12-18,18:25,02 - Rain,02 - Wet,10 - No control,01 - Non intersection,07 - Dark,03 - P.D. only,04 - Sideswipe,Munster Hamlet - Richmond
4955,FALLOWFIELD RD btwn TRANSIT & 482 E OF HOLITMAN DR/BARRHAVEN CROSSING ,364185.4685,5017388.936,-75.74286816,45.29394471,2016-11-23,18:34,01 - Clear,01 - Dry,10 - No control,01 - Non intersection,07 - Dark,03 - P.D. only,03 - Rear end,New Barrhaven
4956,FALLOWFIELD RD btwn VIA PARK PL/275 W OF WOODROFFE AVE & TRANSIT,364544.4931,5017591.927,-75.73826674,45.29574078,2016-01-27,16:45,01 - Clear,01 - Dry,10 - No control,01 - Non intersection,05 - Dusk,03 - P.D. only,03 - Rear end,New Barrhaven
4957,FALLOWFIELD RD btwn WOLFGANG DR & HOLITMAN DR,363505.0275,5017000.009,-75.75158869,45.29050232,2016-06-16,19:56,01 - Clear,01 - Dry,10 - No control,01 - Non intersection,01 - Daylight,03 - P.D. only,03 - Rear end,New Barrhaven
4958,FALLOWFIELD RD btwn WOODROFFE AVE & VIA PARK PL/275 W OF WOODROFFE AVE,364911.656,5017802.788,-75.73356033,45.29760678,2016-09-09,16:15,01 - Clear,01 - Dry,10 - No control,01 - Non intersection,01 - Daylight,03 - P.D. only,03 - Rear end,Greenbelt
4959,FARLANE BLVD btwn SUNNYCREST DR & ENCORE PRIV,365410.5027,5025432.416,-75.72626623,45.3662144,2016-08-16,17:46,02 - Rain,02 - Wet,10 - No control,04 - At/near private drive,01 - Daylight,02 - Non-fatal injury,07 - SMV other,New Barrhaven
4960,FARMERS WAY btwn LEITRIM RD & EIGHTH LINE RD,381442.2825,5025475.893,-75.52162991,45.36503599,2016-02-13,15:00,01 - Clear,01 - Dry,10 - No control,01 - Non intersection,01 - Daylight,02 - Non-fatal injury,07 - SMV other,Cityview - Skyline - Fisher Heights
4961,FARMERS WAY btwn LEITRIM RD & EIGHTH LINE RD,382445.7018,5025374.704,-75.50883867,45.36401513,2016-11-24,8:35,03 - Snow,05 - Packed snow,10 - No control,01 - Non intersection,01 - Daylight,03 - P.D. only,07 - SMV other,Greenbelt
4962,FARRIERS LANE @ HUNTER'S POINT CRES,371618.6338,5023375.858,-75.64730166,45.34714587,2016-01-18,16:30,01 - Clear,01 - Dry,10 - No control,03 - At intersection,01 - Daylight,03 - P.D. only,02 - Angle,Greenbelt
4963,FARRIERS LANE @ SOUTHDOWN CRT,371645.6306,5023351.734,-75.64696044,45.34692624,2016-09-25,10:03,01 - Clear,01 - Dry,02 - Stop sign,03 - At intersection,01 - Daylight,03 - P.D. only,02 - Angle,Emerald Woods - Sawmill Creek
4964,FEATHERSTON DR btwn JEFFERSON ST & VIRGINIA DR,371822.8609,5027374.283,-75.64415338,45.38310279,2016-01-11,8:55,01 - Clear,02 - Wet,10 - No control,01 - Non intersection,01 - Daylight,03 - P.D. only,03 - Rear end,Emerald Woods - Sawmill Creek
4965,FEATHERSTON DR E @ KILBORN AVE E,372290.4853,5027963.91,-75.63810212,45.38836311,2016-02-18,15:36,01 - Clear,01 - Dry,02 - Stop sign,03 - At intersection,01 - Daylight,03 - P.D. only,02 - Angle,Playfair Park - Lynda Park - Guildwood Estates
4966,FEATHERSTON DR E @ KILBORN AVE E,372291.1915,5027962.851,-75.63809325,45.38835352,2016-03-28,14:43,04 - Freezing Rain,05 - Packed snow,02 - Stop sign,03 - At intersection,01 - Daylight,03 - P.D. only,02 - Angle,Playfair Park - Lynda Park - Guildwood Estates
4967,FEATHERSTON DR E @ KILBORN AVE E,372290.6148,5027963.467,-75.63810053,45.38835912,2016-03-24,12:14,03 - Snow,05 - Packed snow,02 - Stop sign,03 - At intersection,01 - Daylight,03 - P.D. only,02 - Angle,Playfair Park - Lynda Park - Guildwood Estates
4968,FELICITY CRES btwn FOUNTAINHEAD DR & SADDLERIDGE DR,381514.9831,5032134.102,-75.51966666,45.42493383,2016-02-18,0:00,01 - Clear,03 - Loose snow,10 - No control,01 - Non intersection,00 - Unknown,03 - P.D. only,06 - SMV unattended vehicle,Playfair Park - Lynda Park - Guildwood Estates
4969,FELICITY CRES btwn SADDLERIDGE DR & FOUNTAINHEAD DR,381856.5668,5032107.591,-75.51530639,45.42465776,2016-11-25,18:15,"07 - Fog, mist, smoke, dust",02 - Wet,10 - No control,01 - Non intersection,07 - Dark,03 - P.D. only,07 - SMV other,Chapel Hill South
4970,FENTON RD @ LEITRIM RD,373912.5222,5020704.263,-75.61840498,45.32288557,2016-06-22,7:53,01 - Clear,01 - Dry,02 - Stop sign,02 - Intersection related,01 - Daylight,02 - Non-fatal injury,03 - Rear end,Chapel Hill South
4971,FERIAND ST btwn JOLLIET AVE & END,369843.4427,5034070.929,-75.66854305,45.44354328,2016-01-02,17:30,01 - Clear,03 - Loose snow,10 - No control,01 - Non intersection,05 - Dusk,03 - P.D. only,06 - SMV unattended vehicle,Greenbelt
4972,FERN CASEY ST @ RENAUD RD,382624.9507,5033235.527,-75.50531056,45.43472095,2016-12-20,8:03,01 - Clear,03 - Loose snow,02 - Stop sign,02 - Intersection related,01 - Daylight,03 - P.D. only,02 - Angle,Vanier North
4973,FERNBANK RD @ FERNBANK RD,353438.3059,5014345.661,-75.88017783,45.26738664,2016-09-18,17:04,01 - Clear,01 - Dry,01 - Traffic signal,03 - At intersection,01 - Daylight,02 - Non-fatal injury,02 - Angle,Chapel Hill South
4974,FERNBANK RD @ ROBERT GRANT AVE,353047.2325,5014005.364,-75.88519424,45.26435149,2016-06-23,20:08,01 - Clear,01 - Dry,01 - Traffic signal,02 - Intersection related,01 - Daylight,03 - P.D. only,04 - Sideswipe,Stittsville - Basswood
4975,FERNBANK RD @ ROMINA ST,354466.9803,5015278.788,-75.86697638,45.27571126,2016-02-16,13:00,03 - Snow,05 - Packed snow,02 - Stop sign,03 - At intersection,01 - Daylight,03 - P.D. only,02 - Angle,Stittsville - Basswood
4976,FERNBANK RD @ SHEA RD,352054.5462,5013122.838,-75.89792709,45.25647763,2016-01-23,8:54,01 - Clear,01 - Dry,11 - Roundabout,03 - At intersection,01 - Daylight,03 - P.D. only,02 - Angle,Stittsville - Basswood
4977,FERNBANK RD @ SHEA RD,352054.1249,5013123.271,-75.89793242,45.25648156,2016-05-31,9:21,01 - Clear,01 - Dry,11 - Roundabout,02 - Intersection related,01 - Daylight,03 - P.D. only,02 - Angle,Stittsville
4978,FERNBANK RD @ SHEA RD,352053.0579,5013122.716,-75.89794606,45.25647663,2016-11-04,12:21,01 - Clear,01 - Dry,11 - Roundabout,03 - At intersection,01 - Daylight,03 - P.D. only,02 - Angle,Stittsville
4979,FERNBANK RD @ SMART CENTRE SC / 235 W OF TERRY FOX DR,354121.9537,5014963.635,-75.87140491,45.27289972,2016-07-13,16:22,01 - Clear,01 - Dry,01 - Traffic signal,03 - At intersection,01 - Daylight,03 - P.D. only,02 - Angle,Stittsville
4980,FERNBANK RD btwn DWYER HILL RD & MUNSTER RD,345142.3379,5006999.725,-75.98648846,45.20180908,2016-11-01,19:05,01 - Clear,01 - Dry,10 - No control,01 - Non intersection,07 - Dark,03 - P.D. only,07 - SMV other,Stittsville - Basswood
4981,FERNBANK RD btwn DWYER HILL RD & MUNSTER RD,344395.6862,5006352.408,-75.99604353,45.19602649,2016-05-27,19:46,01 - Clear,01 - Dry,10 - No control,04 - At/near private drive,01 - Daylight,03 - P.D. only,02 - Angle,Munster Hamlet - Richmond
4982,FERNBANK RD btwn DWYER HILL RD & MUNSTER RD,343309.7298,5005417.945,-76.00993676,45.18767779,2016-03-21,16:59,01 - Clear,01 - Dry,10 - No control,01 - Non intersection,01 - Daylight,03 - P.D. only,07 - SMV other,Munster Hamlet - Richmond
4983,FERNBANK RD btwn JINKINSON RD & BLACK'S SIDE RD,346047.2271,5007793.342,-75.97490504,45.2088981,2016-02-09,22:36,03 - Snow,02 - Wet,10 - No control,01 - Non intersection,07 - Dark,03 - P.D. only,07 - SMV other,Munster Hamlet - Richmond
4984,FERNBANK RD btwn JINKINSON RD & BLACK'S SIDE RD,346120.9388,5007867.061,-75.97396059,45.20955714,2016-12-27,19:30,03 - Snow,03 - Loose snow,10 - No control,01 - Non intersection,07 - Dark,03 - P.D. only,07 - SMV other,Stittsville - Basswood
4985,FERNBANK RD btwn LIARD ST & SHEA RD,351974.7736,5013055.174,-75.89894984,45.25587412,2016-11-05,19:04,01 - Clear,01 - Dry,10 - No control,01 - Non intersection,07 - Dark,03 - P.D. only,07 - SMV other,Stittsville - Basswood
4986,FERNBANK RD btwn MUNSTER RD & LUCAS LANE,345323.7887,5007158.316,-75.984166,45.20322576,2016-01-31,17:21,01 - Clear,02 - Wet,10 - No control,01 - Non intersection,05 - Dusk,02 - Non-fatal injury,07 - SMV other,Stittsville
4987,FERNBANK RD btwn MUNSTER RD & LUCAS LANE,345324.1673,5007159.387,-75.98416109,45.20323538,2016-12-11,21:30,03 - Snow,04 - Slush,10 - No control,01 - Non intersection,07 - Dark,03 - P.D. only,07 - SMV other,Munster Hamlet - Richmond
4988,FERNBANK RD btwn SHEA RD & FERNBANK RD,352833.9396,5013827.416,-75.88792924,45.26276486,2016-02-20,12:40,02 - Rain,02 - Wet,10 - No control,04 - At/near private drive,01 - Daylight,03 - P.D. only,99 - Other,Munster Hamlet - Richmond
4989,FERNBANK RD btwn TERRY FOX DR & Continuation of FERNBANK RD,354324.7314,5015149.151,-75.86880221,45.27455479,2016-08-09,11:50,01 - Clear,01 - Dry,10 - No control,01 - Non intersection,01 - Daylight,03 - P.D. only,07 - SMV other,Stittsville - Basswood
4990,FERNBANK RD btwn TERRY FOX DR & Continuation of FERNBANK RD,354340.6279,5015163.106,-75.86859823,45.27467924,2016-04-22,20:11,01 - Clear,01 - Dry,10 - No control,01 - Non intersection,07 - Dark,03 - P.D. only,07 - SMV other,Stittsville - Basswood
4991,FERNSIDE ST @ LOOSESTRIFE WAY,376052.614,5021266.989,-75.59102852,45.32773478,2016-12-12,14:57,03 - Snow,03 - Loose snow,02 - Stop sign,02 - Intersection related,01 - Daylight,03 - P.D. only,06 - SMV unattended vehicle,Stittsville - Basswood
4992,FIELD ST @ WOODROFFE AVE,362418.5205,5024106.507,-75.76461222,45.35453633,2016-09-09,15:34,01 - Clear,01 - Dry,02 - Stop sign,02 - Intersection related,01 - Daylight,03 - P.D. only,03 - Rear end,Greenbelt
4993,FIELDGATE DR btwn BIRDHILL AVE & GROUSE AVE,363428.0317,5016591.087,-75.75261852,45.28682927,2016-02-08,12:40,01 - Clear,01 - Dry,10 - No control,01 - Non intersection,01 - Daylight,03 - P.D. only,03 - Rear end,Iris
4994,FIELDING DR @ MCCARTHY RD,369366.7197,5025039.931,-75.67581884,45.36232967,2016-12-25,6:17,01 - Clear,02 - Wet,01 - Traffic signal,02 - Intersection related,07 - Dark,02 - Non-fatal injury,07 - SMV other,New Barrhaven
4995,FIELDING DR @ MCCARTHY RD,369366.0611,5025039.737,-75.67582727,45.36232798,2016-06-23,8:37,01 - Clear,01 - Dry,01 - Traffic signal,02 - Intersection related,01 - Daylight,03 - P.D. only,02 - Angle,Hunt Club Woods - Quintarra - Revelstoke - Riverside South P
4996,FIELDING DR btwn HARTMAN CRES & RANKIN ST,369096.1717,5024890.583,-75.6792914,45.36101074,2016-11-11,14:00,02 - Rain,02 - Wet,10 - No control,01 - Non intersection,01 - Daylight,03 - P.D. only,06 - SMV unattended vehicle,Hunt Club Woods - Quintarra - Revelstoke - Riverside South P
4997,FIELDROW ST btwn VIEWMOUNT DR & MALCOLM PL,364220.9271,5022912.505,-75.74175348,45.34364241,2016-11-03,10:21,02 - Rain,02 - Wet,10 - No control,04 - At/near private drive,01 - Daylight,03 - P.D. only,06 - SMV unattended vehicle,Hunt Club Woods - Quintarra - Revelstoke - Riverside South P
4998,FIFTH AVE @ QUEEN ELIZABETH DRWY,368836.6526,5029657.444,-75.68198536,45.40392529,2016-10-16,10:35,02 - Rain,02 - Wet,01 - Traffic signal,03 - At intersection,01 - Daylight,02 - Non-fatal injury,05 - Turning movement,Crestview - Meadowlands
4999,FIFTH AVE @ QUEEN ELIZABETH DRWY,368836.0262,5029657.739,-75.68199332,45.40392801,2016-12-29,16:50,03 - Snow,04 - Slush,01 - Traffic signal,02 - Intersection related,07 - Dark,02 - Non-fatal injury,03 - Rear end,The Glebe
5000,FIFTH AVE @ QUEEN ELIZABETH DRWY,368836.6526,5029657.444,-75.68198536,45.40392529,2016-01-12,15:10,03 - Snow,01 - Dry,01 - Traffic signal,02 - Intersection related,01 - Daylight,03 - P.D. only,03 - Rear end,The Glebe
5001,FIFTH AVE @ QUEEN ELIZABETH DRWY,368836.0203,5029657.519,-75.68199342,45.40392603,2016-01-13,8:30,01 - Clear,03 - Loose snow,01 - Traffic signal,03 - At intersection,01 - Daylight,03 - P.D. only,04 - Sideswipe,The Glebe
5002,FIFTH AVE @ QUEEN ELIZABETH DRWY,368837.0712,5029657.965,-75.68197994,45.40392994,2016-04-23,19:45,01 - Clear,01 - Dry,01 - Traffic signal,02 - Intersection related,05 - Dusk,03 - P.D. only,03 - Rear end,The Glebe
5003,FIFTH AVE @ QUEEN ELIZABETH DRWY,368836.5237,5029657.388,-75.68198701,45.4039248,2016-04-15,18:32,01 - Clear,01 - Dry,01 - Traffic signal,03 - At intersection,01 - Daylight,03 - P.D. only,05 - Turning movement,The Glebe
5004,FIFTH AVE @ QUEEN ELIZABETH DRWY,368835.2674,5029657.653,-75.68200302,45.4039273,2016-08-20,17:15,01 - Clear,01 - Dry,01 - Traffic signal,03 - At intersection,01 - Daylight,03 - P.D. only,07 - SMV other,The Glebe
5005,FIFTH AVE btwn BANK ST & HOWICK PL,368490.6389,5029454.803,-75.68643112,45.40213356,2016-12-10,15:30,01 - Clear,01 - Dry,10 - No control,01 - Non intersection,01 - Daylight,03 - P.D. only,04 - Sideswipe,The Glebe
5006,FIFTH AVE btwn BRONSON AVE & MURIEL ST,367623.4555,5028941.629,-75.69757257,45.39759453,2016-09-19,9:21,01 - Clear,01 - Dry,10 - No control,01 - Non intersection,01 - Daylight,03 - P.D. only,04 - Sideswipe,The Glebe
5007,FIFTH AVE btwn CHRYSLER ST & PERCY ST,367833.2793,5029062.263,-75.6948774,45.3986611,2016-01-26,19:57,02 - Rain,02 - Wet,10 - No control,01 - Non intersection,07 - Dark,03 - P.D. only,99 - Other,The Glebe
5008,FIFTH AVE btwn CRAIG ST & MORRIS ST,368053.2265,5029195.254,-75.69205124,45.39983788,2016-03-05,0:00,01 - Clear,05 - Packed snow,10 - No control,01 - Non intersection,00 - Unknown,03 - P.D. only,06 - SMV unattended vehicle,The Glebe
5009,FIFTH AVE btwn MONK ST & BANK ST,368381.3515,5029389.51,-75.6878354,45.40155601,2016-05-31,17:45,01 - Clear,01 - Dry,10 - No control,01 - Non intersection,01 - Daylight,03 - P.D. only,04 - Sideswipe,The Glebe
5010,FIFTH AVE btwn RUPERT ST & ADELAIDE ST,368612.0636,5029526.396,-75.68487096,45.40276668,2016-12-03,12:01,01 - Clear,01 - Dry,10 - No control,01 - Non intersection,01 - Daylight,02 - Non-fatal injury,03 - Rear end,The Glebe
5011,FIFTH LINE RD @ KERWIN RD,347368.3152,5030142.42,-75.95616797,45.40992396,2016-12-11,18:32,03 - Snow,03 - Loose snow,10 - No control,02 - Intersection related,07 - Dark,03 - P.D. only,07 - SMV other,The Glebe