Record,Location,X,Y,lon,lat,Date,Time,Environment,Road_Surface,Traffic_Control,Collision_Location,Light,Collision_Classification,Impact_type,Neighborhood
5012,FIFTH LINE RD btwn GREENLAND RD & BERRY SIDE RD,346655.2184,5030880.898,-75.96521503,45.41661193,2016-07-26,13:04,01 - Clear,01 - Dry,10 - No control,01 - Non intersection,01 - Daylight,02 - Non-fatal injury,07 - SMV other,Carp - Hardwood Plains
5013,FIFTH LINE RD btwn GREENLAND RD & BERRY SIDE RD,344655.8569,5033029.606,-75.990586,45.43606317,2016-09-30,7:10,01 - Clear,01 - Dry,10 - No control,01 - Non intersection,01 - Daylight,03 - P.D. only,07 - SMV other,Carp - Hardwood Plains
5014,FINDLAY AVE @ TORRINGTON PL,367933.0298,5028789.775,-75.69363829,45.39620035,2016-06-08,16:20,01 - Clear,01 - Dry,02 - Stop sign,03 - At intersection,01 - Daylight,03 - P.D. only,05 - Turning movement,Carp - Hardwood Plains
5015,FINDLAY CREEK DR @ GRACEWOOD CRES,374399.4939,5019429.132,-75.6123731,45.31136428,2016-10-04,7:40,01 - Clear,01 - Dry,02 - Stop sign,03 - At intersection,01 - Daylight,03 - P.D. only,05 - Turning movement,The Glebe
5016,FINDLAY CREEK DR @ KELLY FARM DR,375339.7172,5020048.314,-75.60029542,45.31684163,2016-03-03,16:59,01 - Clear,01 - Dry,02 - Stop sign,03 - At intersection,01 - Daylight,03 - P.D. only,02 - Angle,Greenbelt
5017,FINDLAY CREEK DR btwn DEVONWOOD CIRC & BANK ST,375761.1946,5020409.252,-75.59486862,45.32004674,2016-09-06,18:33,01 - Clear,01 - Dry,10 - No control,04 - At/near private drive,01 - Daylight,02 - Non-fatal injury,07 - SMV other,Greenbelt
5018,FINDLAY CREEK DR btwn DEVONWOOD CIRC & BANK ST,375742.7533,5020398.275,-75.59510538,45.31994984,2016-01-30,21:20,01 - Clear,02 - Wet,10 - No control,04 - At/near private drive,07 - Dark,03 - P.D. only,02 - Angle,Greenbelt
5019,FINDLAY CREEK DR btwn DEVONWOOD CIRC & BANK ST,375744.0706,5020398.275,-75.59508858,45.3199497,2016-01-26,17:12,01 - Clear,02 - Wet,10 - No control,04 - At/near private drive,05 - Dusk,03 - P.D. only,02 - Angle,Greenbelt
5020,FINDLAY CREEK DR btwn NETLEY CIRC & NETLEY CIRC,375293.1348,5019961.886,-75.60090178,45.31606867,2016-01-14,8:00,03 - Snow,06 - Ice,10 - No control,01 - Non intersection,01 - Daylight,03 - P.D. only,07 - SMV other,Greenbelt
5021,FINLAND PRIV btwn LORRY GREENBERG DR & LORRY GREENBERG DR,373293.9488,5025449.247,-75.62563752,45.36563982,2016-01-24,1:27,01 - Clear,01 - Dry,10 - No control,01 - Non intersection,07 - Dark,03 - P.D. only,06 - SMV unattended vehicle,Greenbelt
5022,FIRST AVE @ LYON ST,368056.8345,5029571.888,-75.69195685,45.40322639,2016-05-23,20:01,01 - Clear,01 - Dry,02 - Stop sign,03 - At intersection,05 - Dusk,02 - Non-fatal injury,02 - Angle,Greenboro East
5023,FIRST AVE @ LYON ST,368055.9266,5029572.345,-75.69196839,45.40323058,2016-01-13,18:26,01 - Clear,03 - Loose snow,02 - Stop sign,03 - At intersection,07 - Dark,03 - P.D. only,02 - Angle,The Glebe
5024,FIRST LINE RD btwn CENTURY RD E & CARSONBY RD E,367803.4352,5007406.407,-75.6980106,45.20380735,2016-11-23,10:31,06 - Strong wind,02 - Wet,10 - No control,01 - Non intersection,01 - Daylight,03 - P.D. only,07 - SMV other,The Glebe
5025,FIRST LINE RD/RIDEAU VALLEY DR @ ROGER STEVENS,371491.391,5002404.374,-75.65173919,45.15846002,2016-04-06,17:29,03 - Snow,03 - Loose snow,02 - Stop sign,03 - At intersection,01 - Daylight,03 - P.D. only,02 - Angle,Manotick - North Gower
5026,FIRST ST @ ST. JOSEPH BLVD,383643.802,5039063.349,-75.49135594,45.48704032,2016-06-11,9:00,01 - Clear,01 - Dry,02 - Stop sign,02 - Intersection related,01 - Daylight,03 - P.D. only,07 - SMV other,Kars - Osgoode
5027,FISHER AVE @ 220 S OF TRENT ST,365870.8997,5026728.374,-75.72022926,45.37783521,2016-03-24,17:02,04 - Freezing Rain,03 - Loose snow,01 - Traffic signal,02 - Intersection related,01 - Daylight,03 - P.D. only,03 - Rear end,Industrial Park
5028,FISHER AVE @ 220 S OF TRENT ST,365873.1569,5026727.08,-75.72020061,45.37782337,2016-03-08,17:37,02 - Rain,02 - Wet,01 - Traffic signal,02 - Intersection related,01 - Daylight,03 - P.D. only,03 - Rear end,Civic Hospital - Experimental Farm - Central Park
5029,FISHER AVE @ 220 S OF TRENT ST,365873.9686,5026728.54,-75.72019006,45.37783644,2016-12-08,19:25,03 - Snow,06 - Ice,01 - Traffic signal,02 - Intersection related,07 - Dark,03 - P.D. only,01 - Approaching,Civic Hospital - Experimental Farm - Central Park
5030,FISHER AVE @ DEER PARK RD/DYNES RD,366407.3189,5025455.527,-75.71353951,45.36633544,2016-07-29,17:19,01 - Clear,01 - Dry,01 - Traffic signal,02 - Intersection related,01 - Daylight,03 - P.D. only,04 - Sideswipe,Civic Hospital - Experimental Farm - Central Park
5031,FISHER AVE @ DEER PARK RD/DYNES RD,366406.6118,5025454.43,-75.71354868,45.36632564,2016-01-18,23:58,01 - Clear,02 - Wet,01 - Traffic signal,03 - At intersection,07 - Dark,03 - P.D. only,05 - Turning movement,Carleton Heights - Rideauview
5032,FISHER AVE @ DEER PARK RD/DYNES RD,366408.5641,5025455.256,-75.71352365,45.3663329,2016-05-03,20:39,01 - Clear,01 - Dry,01 - Traffic signal,03 - At intersection,07 - Dark,03 - P.D. only,04 - Sideswipe,Carleton Heights - Rideauview
5033,FISHER AVE @ DEER PARK RD/DYNES RD,366407.9565,5025455.263,-75.71353141,45.36633301,2016-11-08,14:49,01 - Clear,01 - Dry,01 - Traffic signal,02 - Intersection related,01 - Daylight,03 - P.D. only,02 - Angle,Carleton Heights - Rideauview
5034,FISHER AVE @ DEER PARK RD/DYNES RD,366406.8813,5025455.941,-75.71354505,45.36633921,2016-11-24,14:17,03 - Snow,03 - Loose snow,01 - Traffic signal,03 - At intersection,01 - Daylight,03 - P.D. only,05 - Turning movement,Carleton Heights - Rideauview
5035,FISHER AVE @ KINTYRE PRIV,366497.537,5025236.758,-75.71241524,45.36435907,2016-10-27,20:01,02 - Rain,02 - Wet,01 - Traffic signal,03 - At intersection,07 - Dark,02 - Non-fatal injury,07 - SMV other,Carleton Heights - Rideauview
5036,FISHER AVE @ MEADOWLANDS DR,366575.5241,5025045.216,-75.71144376,45.36262874,2016-02-25,8:22,02 - Rain,02 - Wet,01 - Traffic signal,03 - At intersection,01 - Daylight,02 - Non-fatal injury,05 - Turning movement,Carleton Heights - Rideauview
5037,FISHER AVE @ MEADOWLANDS DR,366574.4063,5025044.348,-75.71145813,45.36262103,2016-12-05,11:20,03 - Snow,04 - Slush,01 - Traffic signal,03 - At intersection,01 - Daylight,02 - Non-fatal injury,05 - Turning movement,Carleton Heights - Rideauview
5038,FISHER AVE @ MEADOWLANDS DR,366573.9672,5025045.226,-75.71146363,45.36262897,2016-02-05,22:05,01 - Clear,01 - Dry,01 - Traffic signal,03 - At intersection,07 - Dark,03 - P.D. only,04 - Sideswipe,Carleton Heights - Rideauview
5039,FISHER AVE @ MEADOWLANDS DR,366575.2894,5025044.773,-75.71144681,45.36262478,2016-04-07,17:03,01 - Clear,02 - Wet,01 - Traffic signal,02 - Intersection related,01 - Daylight,03 - P.D. only,03 - Rear end,Carleton Heights - Rideauview
5040,FISHER AVE @ MEADOWLANDS DR,366574.8454,5025046.105,-75.71145231,45.3626368,2016-05-30,21:11,01 - Clear,01 - Dry,01 - Traffic signal,03 - At intersection,07 - Dark,03 - P.D. only,05 - Turning movement,Carleton Heights - Rideauview
5041,FISHER AVE @ MEADOWLANDS DR,366574.4063,5025044.787,-75.71145808,45.36262498,2016-11-10,13:56,01 - Clear,01 - Dry,01 - Traffic signal,03 - At intersection,01 - Daylight,03 - P.D. only,05 - Turning movement,Carleton Heights - Rideauview
5042,FISHER AVE @ MEADOWLANDS DR,366574.4063,5025044.787,-75.71145808,45.36262498,2016-10-13,22:39,01 - Clear,01 - Dry,01 - Traffic signal,02 - Intersection related,07 - Dark,03 - P.D. only,04 - Sideswipe,Carleton Heights - Rideauview
5043,FISHER AVE @ NORMANDY CRES N,366685.5327,5024783.765,-75.71007239,45.36026656,2016-09-14,13:45,01 - Clear,01 - Dry,02 - Stop sign,03 - At intersection,01 - Daylight,03 - P.D. only,03 - Rear end,Carleton Heights - Rideauview
5044,FISHER AVE @ NORMANDY CRES S,366868.0195,5024341.03,-75.70779888,45.35626679,2016-01-23,17:08,01 - Clear,01 - Dry,02 - Stop sign,03 - At intersection,05 - Dusk,02 - Non-fatal injury,05 - Turning movement,Carleton Heights - Rideauview
5045,FISHER AVE @ PRINCE OF WALES DR,367163.0825,5023943.2,-75.70408341,45.35266101,2016-07-29,12:57,01 - Clear,01 - Dry,01 - Traffic signal,02 - Intersection related,01 - Daylight,02 - Non-fatal injury,07 - SMV other,Carleton Heights - Rideauview
5046,FISHER AVE @ PRINCE OF WALES DR,367161.296,5023942.356,-75.70410632,45.35265358,2016-08-10,17:19,01 - Clear,01 - Dry,01 - Traffic signal,02 - Intersection related,01 - Daylight,02 - Non-fatal injury,03 - Rear end,Borden Farm - Stewart Farm - Parkwood Hills - Fisher Glen
5047,FISHER AVE @ PRINCE OF WALES DR,367160.0485,5023941.269,-75.70412237,45.35264391,2016-11-15,9:21,01 - Clear,01 - Dry,01 - Traffic signal,02 - Intersection related,01 - Daylight,02 - Non-fatal injury,07 - SMV other,Borden Farm - Stewart Farm - Parkwood Hills - Fisher Glen
5048,FISHER AVE @ PRINCE OF WALES DR,367160.6071,5023942.731,-75.70411506,45.35265701,2016-10-07,14:50,01 - Clear,01 - Dry,01 - Traffic signal,03 - At intersection,01 - Daylight,02 - Non-fatal injury,05 - Turning movement,Borden Farm - Stewart Farm - Parkwood Hills - Fisher Glen
5049,FISHER AVE @ PRINCE OF WALES DR,367162.533,5023942.097,-75.70409056,45.35265114,2016-10-19,17:17,01 - Clear,01 - Dry,01 - Traffic signal,02 - Intersection related,01 - Daylight,03 - P.D. only,03 - Rear end,Borden Farm - Stewart Farm - Parkwood Hills - Fisher Glen
5050,FISHER AVE @ PRINCE OF WALES DR,367161.4853,5023943.17,-75.7041038,45.35266088,2016-01-20,12:25,01 - Clear,01 - Dry,01 - Traffic signal,02 - Intersection related,01 - Daylight,03 - P.D. only,03 - Rear end,Borden Farm - Stewart Farm - Parkwood Hills - Fisher Glen
5051,FISHER AVE @ PRINCE OF WALES DR,367161.0284,5023942.286,-75.70410974,45.35265297,2016-06-30,17:07,01 - Clear,01 - Dry,01 - Traffic signal,02 - Intersection related,01 - Daylight,03 - P.D. only,03 - Rear end,Borden Farm - Stewart Farm - Parkwood Hills - Fisher Glen
5052,FISHER AVE @ PRINCE OF WALES DR,367161.023,5023942.511,-75.70410978,45.352655,2016-08-19,11:06,01 - Clear,01 - Dry,01 - Traffic signal,03 - At intersection,01 - Daylight,03 - P.D. only,05 - Turning movement,Borden Farm - Stewart Farm - Parkwood Hills - Fisher Glen
5053,FISHER AVE @ SHILLINGTON AVE,365625.0363,5027295.303,-75.72329838,45.38295771,2016-09-08,14:15,02 - Rain,02 - Wet,01 - Traffic signal,02 - Intersection related,01 - Daylight,02 - Non-fatal injury,03 - Rear end,Borden Farm - Stewart Farm - Parkwood Hills - Fisher Glen
5054,FISHER AVE @ SHILLINGTON AVE,365626.034,5027297.643,-75.72328536,45.38297868,2016-02-17,18:00,01 - Clear,06 - Ice,01 - Traffic signal,02 - Intersection related,07 - Dark,03 - P.D. only,03 - Rear end,Carlington
5055,FISHER AVE @ SHILLINGTON AVE,365626.6926,5027298.421,-75.72327685,45.38298562,2016-01-06,12:43,01 - Clear,01 - Dry,01 - Traffic signal,02 - Intersection related,01 - Daylight,03 - P.D. only,03 - Rear end,Carlington
5056,FISHER AVE @ SHILLINGTON AVE,365627.3744,5027297,-75.72326832,45.38297278,2016-07-09,22:56,01 - Clear,01 - Dry,01 - Traffic signal,02 - Intersection related,07 - Dark,03 - P.D. only,03 - Rear end,Carlington
5057,FISHER AVE @ SHILLINGTON AVE,365626.6926,5027294.889,-75.72327729,45.38295384,2016-12-21,10:24,01 - Clear,02 - Wet,01 - Traffic signal,02 - Intersection related,01 - Daylight,03 - P.D. only,03 - Rear end,Carlington
5058,FISHER AVE @ TRENT ST,365783.4799,5026928.32,-75.72132067,45.3796419,2016-10-31,15:38,01 - Clear,01 - Dry,01 - Traffic signal,03 - At intersection,01 - Daylight,03 - P.D. only,04 - Sideswipe,Carlington
5059,FISHER AVE @ TUNIS AVE,365496.4796,5027596.315,-75.72490282,45.38567731,2016-10-21,16:07,02 - Rain,02 - Wet,02 - Stop sign,03 - At intersection,01 - Daylight,02 - Non-fatal injury,02 - Angle,Carlington
5060,FISHER AVE @ TUNIS AVE,365497.6176,5027597.682,-75.72488812,45.38568951,2016-07-09,23:50,01 - Clear,02 - Wet,02 - Stop sign,03 - At intersection,07 - Dark,03 - P.D. only,04 - Sideswipe,Carlington
5061,FISHER AVE @ TUNIS AVE,365497.3809,5027595.625,-75.72489139,45.38567102,2016-04-19,11:11,01 - Clear,01 - Dry,02 - Stop sign,03 - At intersection,01 - Daylight,03 - P.D. only,03 - Rear end,Civic Hospital - Experimental Farm - Central Park
5062,FISHER AVE @ VIEWMOUNT DR,366917.5994,5024209.729,-75.70718263,45.35508098,2016-03-11,21:24,01 - Clear,01 - Dry,01 - Traffic signal,03 - At intersection,07 - Dark,03 - P.D. only,07 - SMV other,Carlington
5063,FISHER AVE @ VIEWMOUNT DR,366918.7093,5024209.737,-75.70716846,45.35508095,2016-02-16,6:58,03 - Snow,03 - Loose snow,01 - Traffic signal,02 - Intersection related,03 - Dawn,03 - P.D. only,07 - SMV other,Borden Farm - Stewart Farm - Parkwood Hills - Fisher Glen
5064,FISHER AVE btwn 220 S OF TRENT ST & MCCOOEY LANE,365874.8081,5026717.782,-75.72018068,45.37773957,2016-02-08,10:26,01 - Clear,01 - Dry,10 - No control,01 - Non intersection,01 - Daylight,03 - P.D. only,03 - Rear end,Borden Farm - Stewart Farm - Parkwood Hills - Fisher Glen
5065,FISHER AVE btwn 220 S OF TRENT ST & MCCOOEY LANE,365890.6149,5026680.109,-75.71998353,45.37739922,2016-05-01,13:12,02 - Rain,02 - Wet,10 - No control,01 - Non intersection,01 - Daylight,03 - P.D. only,07 - SMV other,Civic Hospital - Experimental Farm - Central Park
5066,FISHER AVE btwn APPLEBY PRIV & TURN LANE,366974.6925,5024080.421,-75.70647027,45.35391243,2016-02-17,10:00,03 - Snow,03 - Loose snow,10 - No control,01 - Non intersection,01 - Daylight,03 - P.D. only,99 - Other,Civic Hospital - Experimental Farm - Central Park
5067,FISHER AVE btwn BASELINE RD & MALIBU TER,366223.0083,5025892.301,-75.71583784,45.37028162,2016-08-26,18:16,01 - Clear,01 - Dry,10 - No control,01 - Non intersection,01 - Daylight,02 - Non-fatal injury,03 - Rear end,Borden Farm - Stewart Farm - Parkwood Hills - Fisher Glen
5068,FISHER AVE btwn BASELINE RD & MALIBU TER,366252.9724,5025820.498,-75.71546427,45.36963293,2016-10-22,8:27,01 - Clear,01 - Dry,10 - No control,01 - Non intersection,01 - Daylight,03 - P.D. only,05 - Turning movement,Civic Hospital - Experimental Farm - Central Park
5069,FISHER AVE btwn CARLING AVE & HOLLAND AVE,365343.9518,5027947.382,-75.72680736,45.38884934,2016-05-17,13:24,01 - Clear,01 - Dry,10 - No control,01 - Non intersection,01 - Daylight,03 - P.D. only,04 - Sideswipe,Civic Hospital - Experimental Farm - Central Park
5070,FISHER AVE btwn CARLING AVE & HOLLAND AVE,365343.4207,5027950.278,-75.72681379,45.38887544,2016-07-27,8:37,01 - Clear,01 - Dry,10 - No control,01 - Non intersection,01 - Daylight,03 - P.D. only,03 - Rear end,Civic Hospital - Experimental Farm - Central Park
5071,FISHER AVE btwn CRERAR AVE & TUNIS AVE,365494.6789,5027601.697,-75.72492515,45.38572589,2016-01-05,17:23,01 - Clear,02 - Wet,10 - No control,01 - Non intersection,05 - Dusk,02 - Non-fatal injury,03 - Rear end,Civic Hospital - Experimental Farm - Central Park
5072,FISHER AVE btwn CRERAR AVE & TUNIS AVE,365476.282,5027641.979,-75.7251551,45.38608993,2016-02-12,11:04,01 - Clear,02 - Wet,10 - No control,01 - Non intersection,01 - Daylight,03 - P.D. only,03 - Rear end,Carlington
5073,FISHER AVE btwn DEER PARK RD & KINTYRE PRIV,366425.9091,5025406.299,-75.71330836,45.36589087,2016-07-22,8:34,01 - Clear,01 - Dry,10 - No control,01 - Non intersection,01 - Daylight,03 - P.D. only,03 - Rear end,Carlington
5074,FISHER AVE btwn EMPEROR AVE & TRENT ST,365721.6871,5027074.161,-75.72209161,45.38095952,2016-10-17,8:55,01 - Clear,01 - Dry,10 - No control,01 - Non intersection,01 - Daylight,03 - P.D. only,03 - Rear end,Carleton Heights - Rideauview
5075,FISHER AVE btwn EMPEROR AVE & TRENT ST,365686.1199,5027154.858,-75.72253577,45.38168871,2016-02-03,18:23,01 - Clear,02 - Wet,10 - No control,01 - Non intersection,07 - Dark,03 - P.D. only,04 - Sideswipe,Carlington
5076,FISHER AVE btwn EMPEROR AVE & TRENT ST,365763.2193,5026976.27,-75.72157342,45.38007511,2016-04-13,15:47,01 - Clear,01 - Dry,10 - No control,01 - Non intersection,01 - Daylight,03 - P.D. only,03 - Rear end,Carlington
5077,FISHER AVE btwn EMPEROR AVE & TRENT ST,365743.9688,5027017.653,-75.7218141,45.38044914,2016-04-27,17:40,01 - Clear,01 - Dry,10 - No control,01 - Non intersection,01 - Daylight,03 - P.D. only,03 - Rear end,Carlington
5078,FISHER AVE btwn FOREST PARK AVE & MEADOWLANDS DR,366549.7723,5025108.056,-75.71176459,45.36319644,2016-07-07,16:12,01 - Clear,01 - Dry,10 - No control,01 - Non intersection,01 - Daylight,02 - Non-fatal injury,03 - Rear end,Carlington
5079,FISHER AVE btwn MCCOOEY LANE & BASELINE RD,366070.767,5026259.274,-75.71773574,45.3735969,2016-10-17,16:36,01 - Clear,01 - Dry,10 - No control,01 - Non intersection,01 - Daylight,02 - Non-fatal injury,03 - Rear end,Carleton Heights - Rideauview
5080,FISHER AVE btwn MCCOOEY LANE & BASELINE RD,366107.3431,5026168.958,-75.71728002,45.37278106,2016-03-23,17:56,01 - Clear,01 - Dry,10 - No control,01 - Non intersection,01 - Daylight,02 - Non-fatal injury,03 - Rear end,Civic Hospital - Experimental Farm - Central Park
5081,FISHER AVE btwn MCCOOEY LANE & BASELINE RD,366127.8352,5026122.715,-75.71702416,45.37236318,2016-06-04,11:05,01 - Clear,01 - Dry,10 - No control,01 - Non intersection,01 - Daylight,03 - P.D. only,03 - Rear end,Civic Hospital - Experimental Farm - Central Park
5082,FISHER AVE btwn SHILLINGTON AVE & EMPEROR AVE,365664.7477,5027204.094,-75.72280258,45.38213358,2016-02-17,5:45,01 - Clear,03 - Loose snow,10 - No control,04 - At/near private drive,07 - Dark,03 - P.D. only,03 - Rear end,Civic Hospital - Experimental Farm - Central Park
5083,FISHER AVE btwn SHILLINGTON AVE & EMPEROR AVE,365638.9013,5027266.135,-75.72312495,45.38269406,2016-02-17,20:01,03 - Snow,03 - Loose snow,10 - No control,01 - Non intersection,07 - Dark,03 - P.D. only,01 - Approaching,Carlington
5084,FISHER AVE btwn TRENT ST & 220 S OF TRENT ST,365865.5176,5026739.903,-75.72029655,45.37793942,2016-07-13,16:15,01 - Clear,01 - Dry,10 - No control,04 - At/near private drive,01 - Daylight,02 - Non-fatal injury,05 - Turning movement,Carlington
5085,FISHER AVE btwn TRENT ST & 220 S OF TRENT ST,365852.4151,5026769.813,-75.72046014,45.37820968,2016-02-24,22:27,04 - Freezing Rain,06 - Ice,10 - No control,01 - Non intersection,07 - Dark,03 - P.D. only,03 - Rear end,Civic Hospital - Experimental Farm - Central Park
5086,FISHER AVE btwn TRENT ST & 220 S OF TRENT ST,365862.9497,5026747.281,-75.72032842,45.37800603,2016-08-16,19:15,02 - Rain,02 - Wet,10 - No control,01 - Non intersection,01 - Daylight,03 - P.D. only,03 - Rear end,Civic Hospital - Experimental Farm - Central Park
5087,FISHER AVE btwn TUNIS AVE & SHILLINGTON AVE,365562.5795,5027451.816,-75.72407658,45.3843714,2016-04-09,15:21,01 - Clear,01 - Dry,10 - No control,04 - At/near private drive,01 - Daylight,03 - P.D. only,02 - Angle,Civic Hospital - Experimental Farm - Central Park
5088,FISHER AVE btwn TUNIS AVE & SHILLINGTON AVE,365553.7221,5027460.783,-75.72418858,45.38445286,2016-02-25,15:49,02 - Rain,06 - Ice,10 - No control,01 - Non intersection,01 - Daylight,03 - P.D. only,99 - Other,Carlington
5089,FITZGERALD RD @ ROBERTSON RD,356789.9485,5020289.492,-75.83684588,45.32063041,2016-03-04,18:33,01 - Clear,01 - Dry,01 - Traffic signal,03 - At intersection,05 - Dusk,02 - Non-fatal injury,07 - SMV other,Carlington
5090,FITZGERALD RD @ ROBERTSON RD,356789.185,5020289.299,-75.83685564,45.32062873,2016-07-06,7:50,01 - Clear,01 - Dry,01 - Traffic signal,03 - At intersection,01 - Daylight,02 - Non-fatal injury,05 - Turning movement,Bells Corners West
5091,FITZGERALD RD @ ROBERTSON RD,356789.8104,5020288.892,-75.83684771,45.32062502,2016-10-17,15:26,02 - Rain,02 - Wet,01 - Traffic signal,02 - Intersection related,01 - Daylight,03 - P.D. only,03 - Rear end,Bells Corners West
5092,FITZGERALD RD @ ROBERTSON RD,356790.2342,5020289.079,-75.83684228,45.32062667,2016-09-08,12:36,01 - Clear,01 - Dry,01 - Traffic signal,03 - At intersection,01 - Daylight,03 - P.D. only,05 - Turning movement,Bells Corners West
5093,FLAMBOROUGH WAY @ ProposedMCPEAKE PL,349344.9068,5023001.183,-75.93156144,45.34554278,2016-03-21,7:39,01 - Clear,01 - Dry,02 - Stop sign,02 - Intersection related,01 - Daylight,03 - P.D. only,03 - Rear end,Bells Corners West
5094,FLANNERY DR btwn MALDEN SQ & SANDHURST CRT,368871.0632,5025188.596,-75.68212587,45.36371279,2016-01-13,14:30,01 - Clear,03 - Loose snow,10 - No control,01 - Non intersection,01 - Daylight,03 - P.D. only,06 - SMV unattended vehicle,Morgan's Grant
5095,FLANNERY DR S @ SPRINGLAND DR S,368681.7673,5025166.821,-75.68454482,45.36353414,2016-07-22,9:00,01 - Clear,01 - Dry,02 - Stop sign,03 - At intersection,01 - Daylight,03 - P.D. only,05 - Turning movement,Riverside Park
5096,FLAT SEDGE CRES btwn BUTTONBUSH WAY N & WHITE ALDER AVE E,375379.9809,5020789.141,-75.59967637,45.32350326,2016-12-14,12:30,01 - Clear,03 - Loose snow,10 - No control,01 - Non intersection,01 - Daylight,03 - P.D. only,06 - SMV unattended vehicle,Riverside Park
5097,FLEWELLYN RD @ MUNSTER RD E,346144.1924,5006068.185,-75.9738138,45.19336854,2016-01-06,13:06,01 - Clear,03 - Loose snow,02 - Stop sign,03 - At intersection,01 - Daylight,03 - P.D. only,02 - Angle,Greenbelt
5098,FLEWELLYN RD @ SHEA RD,352993.3807,5012174.625,-75.88605797,45.24788164,2016-10-21,18:03,02 - Rain,02 - Wet,02 - Stop sign,03 - At intersection,07 - Dark,02 - Non-fatal injury,02 - Angle,Munster Hamlet - Richmond
5099,FLEWELLYN RD btwn ASHTON STATION RD & WORLEY ST,341566.8788,5002000.251,-76.03236675,45.15701616,2016-05-20,21:32,01 - Clear,01 - Dry,10 - No control,01 - Non intersection,07 - Dark,03 - P.D. only,07 - SMV other,Stittsville - Basswood
5100,FLEWELLYN RD btwn CONLEY RD & NO NAME,348903.0494,5008502.637,-75.93848809,45.21510773,2016-03-17,8:15,01 - Clear,06 - Ice,10 - No control,01 - Non intersection,01 - Daylight,03 - P.D. only,07 - SMV other,Munster Hamlet - Richmond
5101,FLEWELLYN RD btwn FAULKNER TR & EAGLESON RD,354128.4857,5013196.206,-75.87149719,45.25699547,2016-05-20,23:55,01 - Clear,01 - Dry,10 - No control,01 - Non intersection,07 - Dark,03 - P.D. only,07 - SMV other,Munster Hamlet - Richmond
5102,FLEWELLYN RD btwn MUNSTER RD & CONLEY RD,346822.0826,5006675.036,-75.96513553,45.19878923,2016-10-23,18:33,01 - Clear,01 - Dry,10 - No control,01 - Non intersection,07 - Dark,03 - P.D. only,07 - SMV other,Stittsville - Basswood
5103,FLEWELLYN RD btwn MUNSTER RD & CONLEY RD,346166.2279,5006088.504,-75.97353168,45.19355009,2016-11-25,2:45,01 - Clear,02 - Wet,10 - No control,01 - Non intersection,07 - Dark,03 - P.D. only,07 - SMV other,Stittsville - Basswood
5104,FLEWELLYN RD btwn NO NAME & BLACK'S SIDE RD,349945.6977,5009456.777,-75.92512743,45.22362745,2016-04-02,21:46,01 - Clear,01 - Dry,10 - No control,01 - Non intersection,07 - Dark,03 - P.D. only,07 - SMV other,Munster Hamlet - Richmond
5105,FLEWELLYN RD btwn ORMROD RD & DWYER HILL RD,342271.4368,5002619.86,-76.02335939,45.16255477,2016-09-30,13:45,01 - Clear,01 - Dry,10 - No control,01 - Non intersection,01 - Daylight,02 - Non-fatal injury,07 - SMV other,Stittsville - Basswood
5106,FLEWELLYN RD btwn POPLARWOOD AVE & SHEA RD,352366.5863,5011610.761,-75.89409627,45.24285044,2016-11-05,19:06,01 - Clear,01 - Dry,10 - No control,01 - Non intersection,07 - Dark,03 - P.D. only,07 - SMV other,Munster Hamlet - Richmond
5107,FLEWELLYN RD btwn RIDINGVIEW CRES & WEST HEALEY AVE,351167.4811,5010521.762,-75.90947118,45.23313123,2016-12-03,17:30,01 - Clear,01 - Dry,10 - No control,01 - Non intersection,07 - Dark,03 - P.D. only,07 - SMV other,Stittsville - Basswood
5108,FLEWELLYN RD btwn SHEA RD & FAULKNER TR,353036.8253,5012211.359,-75.88550099,45.2482092,2016-04-11,22:02,01 - Clear,01 - Dry,10 - No control,01 - Non intersection,07 - Dark,03 - P.D. only,07 - SMV other,Stittsville - Basswood
5109,FLEWELLYN RD btwn WORLEY ST & ORMROD RD,341768.8776,5002175.83,-76.02978465,45.15858559,2016-01-03,10:31,03 - Snow,03 - Loose snow,10 - No control,01 - Non intersection,01 - Daylight,03 - P.D. only,06 - SMV unattended vehicle,Stittsville - Basswood
5110,FLEWELLYN RD btwn WORLEY ST & ORMROD RD,341769.9757,5002175.075,-76.02977074,45.15857874,2016-12-27,8:33,01 - Clear,02 - Wet,10 - No control,01 - Non intersection,01 - Daylight,03 - P.D. only,07 - SMV other,Munster Hamlet - Richmond
5111,FLINT CRT btwn PHEASANT RUN DR & READY WAY,361458.2113,5015519.66,-75.77784979,45.27735005,2016-12-26,21:35,04 - Freezing Rain,06 - Ice,10 - No control,01 - Non intersection,07 - Dark,03 - P.D. only,06 - SMV unattended vehicle,Munster Hamlet - Richmond