Record,Location,X,Y,lon,lat,Date,Time,Environment,Road_Surface,Traffic_Control,Collision_Location,Light,Collision_Classification,Impact_type,Neighborhood
5112,FLINT CRT btwn READY WAY & RAFTUS SQ,361570.138,5015555.812,-75.77641918,45.27766632,2016-03-19,9:00,01 - Clear,01 - Dry,10 - No control,04 - At/near private drive,01 - Daylight,02 - Non-fatal injury,07 - SMV other,Barrhaven West - Old Barrhaven
5113,FLORA ST @ KENT ST,367828.9379,5030323.792,-75.6947716,45.41001235,2016-05-06,11:19,01 - Clear,01 - Dry,02 - Stop sign,03 - At intersection,01 - Daylight,02 - Non-fatal injury,02 - Angle,Barrhaven West - Old Barrhaven
5114,FLORA ST @ KENT ST,367828.4939,5030324.226,-75.69477721,45.41001629,2016-05-01,13:10,02 - Rain,02 - Wet,02 - Stop sign,03 - At intersection,01 - Daylight,03 - P.D. only,02 - Angle,Centretown
5115,FLORA ST @ LYON ST,367664.0534,5030226.348,-75.6968903,45.40915041,2016-01-27,7:59,01 - Clear,01 - Dry,02 - Stop sign,03 - At intersection,01 - Daylight,03 - P.D. only,05 - Turning movement,Centretown
5116,FLORA ST @ LYON ST,367664.9499,5030226.711,-75.6968788,45.40915359,2016-12-05,5:15,03 - Snow,03 - Loose snow,02 - Stop sign,03 - At intersection,07 - Dark,03 - P.D. only,06 - SMV unattended vehicle,Centretown
5117,FLORENCE ST btwn KENT ST & BANK ST,367833.6438,5030603.186,-75.69467575,45.41252582,2016-07-07,14:32,01 - Clear,01 - Dry,10 - No control,01 - Non intersection,01 - Daylight,03 - P.D. only,04 - Sideswipe,Centretown
5118,FLORIZEL AVE btwn ROBINA AVE & ROBINA AVE,356604.6003,5019645.281,-75.83927729,45.31484742,2016-07-16,0:00,01 - Clear,01 - Dry,10 - No control,04 - At/near private drive,00 - Unknown,03 - P.D. only,06 - SMV unattended vehicle,Centretown
5119,FOREST GREEN CRES btwn 8TH LINE RD & 8TH LINE RD,384845.644,5014295.079,-75.47999781,45.2640585,2016-07-24,12:30,01 - Clear,01 - Dry,10 - No control,04 - At/near private drive,01 - Daylight,03 - P.D. only,06 - SMV unattended vehicle,Bells Corners West
5120,FOREST HILL AVE @ PRINCE OF WALES DR,366818.5411,5026288.966,-75.70818584,45.37379828,2016-03-24,11:30,03 - Snow,03 - Loose snow,02 - Stop sign,02 - Intersection related,01 - Daylight,03 - P.D. only,04 - Sideswipe,Metcalfe
5121,FOREST VALLEY DR @ ORLEANS BLVD,380257.651,5034818.474,-75.53532019,45.44922258,2016-10-29,13:25,02 - Rain,02 - Wet,01 - Traffic signal,03 - At intersection,01 - Daylight,02 - Non-fatal injury,05 - Turning movement,Civic Hospital - Experimental Farm - Central Park
5122,FOREST VALLEY DR @ ORLEANS BLVD,380258.7487,5034820.72,-75.53530582,45.44924267,2016-07-26,17:52,01 - Clear,01 - Dry,01 - Traffic signal,03 - At intersection,01 - Daylight,03 - P.D. only,05 - Turning movement,Chapel Hill
5123,FOREST VALLEY DR @ RIVERCREST DR,379760.5126,5035360.119,-75.54159236,45.45414939,2016-08-16,15:36,01 - Clear,01 - Dry,02 - Stop sign,03 - At intersection,01 - Daylight,03 - P.D. only,05 - Turning movement,Chapel Hill
5124,FOREST VALLEY DR btwn DES RAVINS PL & DES RAVINS PL,380010.5538,5035104.955,-75.53843493,45.45182675,2016-09-13,8:20,01 - Clear,01 - Dry,10 - No control,01 - Non intersection,01 - Daylight,03 - P.D. only,02 - Angle,Chapel Hill
5125,FOREST VALLEY DR btwn FORESTGLEN CRES & RIVERMILL CRES,379685.7438,5035786.441,-75.54248327,45.45799313,2016-06-01,16:38,01 - Clear,01 - Dry,10 - No control,01 - Non intersection,01 - Daylight,03 - P.D. only,07 - SMV other,Chapel Hill
5126,FOREST VALLEY DR btwn RIVERCREST DR & MEADOWGLEN DR,379776.5002,5035281.772,-75.54139993,45.45344277,2016-02-25,22:00,01 - Clear,06 - Ice,10 - No control,04 - At/near private drive,07 - Dark,03 - P.D. only,03 - Rear end,Chapel Hill
5127,FORESTGLADE CRES btwn FOLKWAY GT & NOBLETON AVE,375351.8156,5026601.973,-75.59920631,45.37580739,2016-01-22,17:53,01 - Clear,01 - Dry,10 - No control,04 - At/near private drive,07 - Dark,03 - P.D. only,06 - SMV unattended vehicle,Chapel Hill
5128,FORESTGLADE CRES btwn WINNEGREEN CRT & FOLKWAY GT,375149.249,5026616.169,-75.6017903,45.37595549,2016-07-25,21:00,01 - Clear,01 - Dry,10 - No control,01 - Non intersection,05 - Dusk,03 - P.D. only,06 - SMV unattended vehicle,Industrial Park
5129,FORTUNE DR btwn ST. MORITZ CRT & ST. JEROME CRES,379611.5061,5037247.478,-75.54321,45.47114638,2016-01-15,7:15,01 - Clear,02 - Wet,10 - No control,01 - Non intersection,03 - Dawn,03 - P.D. only,06 - SMV unattended vehicle,Hunt Club
5130,FORWARD AVE btwn WIGSTON PRIV & LYNDALE AVE,364935.166,5029974.224,-75.7317803,45.40712165,2016-05-06,9:50,01 - Clear,01 - Dry,10 - No control,04 - At/near private drive,01 - Daylight,03 - P.D. only,02 - Angle,Orleans South West
5131,FOSTER ST @ PARKDALE AVE,365243.6984,5029056.485,-75.72795168,45.39883746,2016-10-17,17:42,01 - Clear,01 - Dry,02 - Stop sign,02 - Intersection related,01 - Daylight,03 - P.D. only,03 - Rear end,Mechanicsville
5132,FOSTER ST @ PARKDALE AVE,365243.8435,5029058.508,-75.72794958,45.39885565,2016-01-13,13:00,01 - Clear,03 - Loose snow,02 - Stop sign,02 - Intersection related,01 - Daylight,03 - P.D. only,03 - Rear end,Civi
5133,FOUR SEASONS DR btwn CHESTERTON DR & SCHOLARS CRT,366229.502,5023923.782,-75.71599963,45.35256869,2016-04-06,11:00,01 - Clear,01 - Dry,10 - No control,01 - Non intersection,01 - Daylight,03 - P.D. only,06 - SMV unattended vehicle,Civi
5134,FOURTH AVE @ PERCY ST,367922.6116,5029212.341,-75.69371727,45.40000341,2016-02-04,15:29,01 - Clear,01 - Dry,02 - Stop sign,03 - At intersection,01 - Daylight,03 - P.D. only,02 - Angle,Borden Farm - Stewart Farm - Parkwood Hills - Fisher Glen
5135,FOURTH AVE btwn LYON ST S & BANK ST,368282.3156,5029424.974,-75.68909576,45.40188409,2016-02-26,15:41,01 - Clear,01 - Dry,10 - No control,01 - Non intersection,01 - Daylight,03 - P.D. only,06 - SMV unattended vehicle,The Glebe
5136,FOURTH AVE btwn O'CONNOR ST & QUEEN ELIZABETH DRWY,368696.9747,5029671.71,-75.6837676,45.40406642,2016-06-14,6:15,01 - Clear,01 - Dry,10 - No control,04 - At/near private drive,01 - Daylight,03 - P.D. only,06 - SMV unattended vehicle,The Glebe
5137,FOURTH LINE RD @ PRINCE OF WALES DR,366274.4363,4999562.058,-75.71843778,45.13335797,2016-08-20,9:56,01 - Clear,01 - Dry,02 - Stop sign,03 - At intersection,01 - Daylight,02 - Non-fatal injury,02 - Angle,The Glebe
5138,FOURTH LINE RD @ ROGER STEVENS DR,366454.2286,4999360.076,-75.71617708,45.13152483,2016-01-13,17:51,01 - Clear,01 - Dry,01 - Traffic signal,02 - Intersection related,07 - Dark,03 - P.D. only,99 - Other,Manotick - North Gower
5139,FOURTH LINE RD btwn BROPHY DR & CENTURY RD W,360862.8634,5005534.277,-75.78656243,45.18754771,2016-07-17,14:04,01 - Clear,01 - Dry,10 - No control,01 - Non intersection,01 - Daylight,02 - Non-fatal injury,07 - SMV other,Manotick - North Gower
5140,FOURTH LINE RD btwn CALLENDOR RD & DILWORTH RD,369911.7713,4995538.512,-75.6727221,45.09682787,2016-11-20,16:09,05 - Drifting Snow,06 - Ice,10 - No control,01 - Non intersection,01 - Daylight,03 - P.D. only,07 - SMV other,Munster Hamlet - Richmond
5141,FOURTH LINE RD btwn CALLENDOR RD & DILWORTH RD,370658.5244,4994721.121,-75.66334264,45.08940378,2016-12-12,13:47,03 - Snow,04 - Slush,10 - No control,01 - Non intersection,01 - Daylight,03 - P.D. only,07 - SMV other,Manotick - North Gower
5142,FOURTH LINE RD btwn DILWORTH RD & DONNELLY DR,371900.2604,4993196.874,-75.64777348,45.0755718,2016-04-29,12:52,01 - Clear,01 - Dry,10 - No control,01 - Non intersection,01 - Daylight,03 - P.D. only,07 - SMV other,Manotick - North Gower
5143,FOURTH LINE RD btwn POLLOCK RD & PHELAN RD W,364583.8945,5001433.477,-75.73970496,45.15034244,2016-03-29,19:23,01 - Clear,01 - Dry,10 - No control,01 - Non intersection,07 - Dark,02 - Non-fatal injury,07 - SMV other,Manotick - North Gower
5144,FOX CRES @ WOODROFFE AVE,361805.0019,5025625.861,-75.7722667,45.36825751,2016-04-29,18:07,01 - Clear,01 - Dry,02 - Stop sign,03 - At intersection,01 - Daylight,03 - P.D. only,03 - Rear end,Manotick - North Gower
5145,FOX CRES @ WOODROFFE AVE,361806.5938,5025626.304,-75.77224633,45.36826136,2016-07-09,13:01,01 - Clear,02 - Wet,02 - Stop sign,02 - Intersection related,01 - Daylight,03 - P.D. only,02 - Angle,Carlingwood West - Glabar Park - McKellar Heights
5146,FOX CRES @ WOODROFFE AVE,361805.4558,5025626.753,-75.7722608,45.3682655,2016-05-27,10:53,01 - Clear,01 - Dry,02 - Stop sign,02 - Intersection related,01 - Daylight,03 - P.D. only,03 - Rear end,Carlingwood West - Glabar Park - McKellar Heights
5147,FOXFIELD DR btwn KADEER WAY & FALK AVE,363420.825,5016241.124,-75.75275173,45.2836809,2016-09-29,0:00,01 - Clear,01 - Dry,10 - No control,01 - Non intersection,00 - Unknown,03 - P.D. only,06 - SMV unattended vehicle,Carlingwood West - Glabar Park - McKellar Heights
5148,FOXHALL WAY btwn BRIDGESTONE DR & KINGBROOK DR,355357.7575,5016508.95,-75.85549849,45.28671703,2016-04-07,19:43,01 - Clear,01 - Dry,10 - No control,04 - At/near private drive,05 - Dusk,03 - P.D. only,02 - Angle,New Barrhaven
5149,FOXLEIGH CRES btwn EQUESTRIAN DR & BLUEGRASS DR,354778.7273,5016230.549,-75.86290745,45.28425333,2016-02-29,8:39,02 - Rain,06 - Ice,10 - No control,01 - Non intersection,01 - Daylight,03 - P.D. only,01 - Approaching,Bridlewood - Emerald Meadows
5150,FOXLIGHT CIR btwn ROSINGDALE ST & SUMMERGAZE ST,"356,762.29","5,015,593.96",-75.83769075,45.27838136,2016-05-12,9:56,01 - Clear,01 - Dry,10 - No control,04 - At/near private drive,01 - Daylight,03 - P.D. only,06 - SMV unattended vehicle,Bridlewood - Emerald Meadows
5151,FOXWELL ST btwn AMBROSE DR & DONDALE ST (2),374447.9051,5031542.02,-75.61004836,45.42034595,2016-01-16,14:49,01 - Clear,04 - Slush,10 - No control,04 - At/near private drive,01 - Daylight,03 - P.D. only,07 - SMV other,Pineview
5152,FRANK BENDER ST @ JEANNE D'ARC BLVD,381870.5262,5035883.35,-75.51453674,45.45862746,2016-04-06,17:51,03 - Snow,05 - Packed snow,01 - Traffic signal,02 - Intersection related,01 - Daylight,03 - P.D. only,03 - Rear end,Orleans Village - Chateauneuf
5153,FRANK BENDER ST @ JEANNE D'ARC BLVD,381871.5789,5035882.332,-75.51452344,45.45861819,2016-11-20,13:18,02 - Rain,04 - Slush,01 - Traffic signal,02 - Intersection related,01 - Daylight,03 - P.D. only,03 - Rear end,Orleans Village - Chateauneuf
5154,FRANK BENDER ST @ JEANNE D'ARC BLVD,381871.0849,5035883.471,-75.51452958,45.45862849,2016-11-11,12:51,01 - Clear,01 - Dry,01 - Traffic signal,03 - At intersection,01 - Daylight,03 - P.D. only,05 - Turning movement,Orleans Village - Chateauneuf
5155,FRANK KENNY RD @ RUSSELL RD,392567.0638,5026367.616,-75.37948468,45.37175415,2016-12-27,16:53,03 - Snow,02 - Wet,02 - Stop sign,02 - Intersection related,07 - Dark,03 - P.D. only,03 - Rear end,Navan - Vars
5156,FRANK KENNY RD @ RUSSELL RD,392551.0085,5026365.476,-75.37969,45.37173691,2016-12-22,18:02,01 - Clear,01 - Dry,02 - Stop sign,02 - Intersection related,07 - Dark,03 - P.D. only,03 - Rear end,Navan - Vars
5157,FRANK KENNY RD @ TRIM RD,386221.4219,5038049.586,-75.45855408,45.47762361,2016-08-27,0:28,01 - Clear,01 - Dry,01 - Traffic signal,03 - At intersection,07 - Dark,03 - P.D. only,07 - SMV other,Cardinal Creek
5158,FRANK KENNY RD @ WALL RD,388923.7893,5035188.244,-75.42448433,45.45156005,2016-12-15,16:02,05 - Drifting Snow,05 - Packed snow,02 - Stop sign,02 - Intersection related,05 - Dusk,02 - Non-fatal injury,02 - Angle,Navan - Vars
5159,FRANK KENNY RD btwn FRENCH HILL RD & WALL RD,388595.1884,5035984.576,-75.42854904,45.45876407,2016-11-21,19:25,05 - Drifting Snow,03 - Loose snow,10 - No control,01 - Non intersection,07 - Dark,02 - Non-fatal injury,07 - SMV other,Navan - Vars
5160,FRANK KENNY RD btwn GIROUX RD & COLONIAL RD,389812.4497,5032981.135,-75.41350617,45.43159536,2016-12-05,16:48,01 - Clear,02 - Wet,10 - No control,01 - Non intersection,05 - Dusk,02 - Non-fatal injury,07 - SMV other,Navan
5161,FRANK KENNY RD btwn GIROUX RD & COLONIAL RD,390117.3361,5032247.723,-75.40973736,45.42495979,2016-06-16,21:49,01 - Clear,01 - Dry,10 - No control,01 - Non intersection,07 - Dark,03 - P.D. only,07 - SMV other,Navan - Vars
5162,FRANK KENNY RD btwn GIROUX RD & COLONIAL RD,389748.541,5033137.907,-75.41429575,45.43301359,2016-12-22,2:35,03 - Snow,02 - Wet,10 - No control,04 - At/near private drive,07 - Dark,03 - P.D. only,07 - SMV other,Navan
5163,FRANK KENNY RD btwn INNES RD & FRENCH HILL RD,388443.8725,5036353.7,-75.43042071,45.46210318,2016-07-11,6:39,"07 - Fog, mist, smoke, dust",01 - Dry,10 - No control,04 - At/near private drive,01 - Daylight,02 - Non-fatal injury,05 - Turning movement,Navan - Vars
5164,FRANK KENNY RD btwn INNES RD & FRENCH HILL RD,388542.1069,5036114.265,-75.42920556,45.45993723,2016-04-01,14:24,01 - Clear,01 - Dry,10 - No control,01 - Non intersection,01 - Daylight,03 - P.D. only,99 - Other,Navan - Vars
5165,FRANK KENNY RD btwn JONQUILLE WAY & WILHAVEN DR,386781.5056,5040159.444,-75.45103906,45.49654035,2016-06-02,13:58,01 - Clear,02 - Wet,10 - No control,01 - Non intersection,01 - Daylight,02 - Non-fatal injury,07 - SMV other,Cumberland - Estates
5166,FRANK KENNY RD btwn MCFADDEN RD & RUSSELL RD,392506.5438,5026503.992,-75.38023297,45.37298869,2016-11-24,22:26,01 - Clear,02 - Wet,10 - No control,01 - Non intersection,07 - Dark,02 - Non-fatal injury,07 - SMV other,Navan - Vars
5167,FRANK KENNY RD btwn MCFADDEN RD & RUSSELL RD,392505.3295,5026506.419,-75.38024804,45.37301068,2016-08-12,3:00,01 - Clear,01 - Dry,10 - No control,01 - Non intersection,07 - Dark,03 - P.D. only,07 - SMV other,Navan - Vars
5168,FRANK KENNY RD btwn MCFADDEN RD & RUSSELL RD,392524.2098,5026458.56,-75.38001554,45.37257773,2016-10-13,2:42,01 - Clear,01 - Dry,10 - No control,01 - Non intersection,07 - Dark,03 - P.D. only,07 - SMV other,Navan - Vars
5169,FRANK KENNY RD btwn REGIMBALD RD & GIROUX RD,389103.9609,5034774.105,-75.42225223,45.44781236,2016-02-27,16:49,05 - Drifting Snow,03 - Loose snow,10 - No control,01 - Non intersection,01 - Daylight,03 - P.D. only,07 - SMV other,Navan - Vars
5170,FRANK KENNY RD btwn RUSSELL RD & DEVINE RD,392599.6018,5026271,-75.37908652,45.37088083,2016-06-06,14:34,06 - Strong wind,01 - Dry,10 - No control,01 - Non intersection,01 - Daylight,03 - P.D. only,07 - SMV other,Navan - Vars
5171,FRANK KENNY RD btwn WALL RD & REGIMBALD RD,388981.4126,5035049.307,-75.42377152,45.4503031,2016-04-06,16:00,03 - Snow,03 - Loose snow,10 - No control,01 - Non intersection,01 - Daylight,02 - Non-fatal injury,07 - SMV other,Navan - Vars
5172,FRANK KENNY RD btwn WILHAVEN DR & INNES RD,387698.5473,5038154.862,-75.43964591,45.47839696,2016-01-18,15:40,01 - Clear,01 - Dry,10 - No control,04 - At/near private drive,01 - Daylight,03 - P.D. only,05 - Turning movement,Cumberland - Estates
5173,FRANK KENNY RD E @ INNES RD,387870.2415,5037737.071,-75.4375208,45.47461772,2016-11-23,17:46,01 - Clear,01 - Dry,02 - Stop sign,03 - At intersection,07 - Dark,02 - Non-fatal injury,02 - Angle,Navan - Vars
5174,FRANK KENNY RD E @ INNES RD,387867.0659,5037728.173,-75.43756291,45.47453805,2016-12-15,20:39,01 - Clear,02 - Wet,02 - Stop sign,03 - At intersection,07 - Dark,03 - P.D. only,02 - Angle,Navan - Vars
5175,FRANK KENNY RD W @ INNES RD,387531.2657,5037629.966,-75.44187363,45.47369435,2016-11-01,16:16,01 - Clear,01 - Dry,02 - Stop sign,03 - At intersection,01 - Daylight,02 - Non-fatal injury,02 - Angle,Cardinal Creek
5176,FRANK KENNY RD W @ INNES RD,387532.4128,5037632.396,-75.44185856,45.47371607,2016-08-12,16:21,02 - Rain,02 - Wet,02 - Stop sign,02 - Intersection related,01 - Daylight,03 - P.D. only,03 - Rear end,Cardinal Creek
5177,FRANK KENNY RD W @ INNES RD,387531.3624,5037631.037,-75.44187222,45.47370397,2016-01-16,14:44,03 - Snow,03 - Loose snow,02 - Stop sign,03 - At intersection,01 - Daylight,03 - P.D. only,02 - Angle,Cardinal Creek
5178,FRANK KENNY RD W @ INNES RD,387531.705,5037627.667,-75.4418684,45.47367361,2016-04-05,16:10,01 - Clear,01 - Dry,02 - Stop sign,03 - At intersection,01 - Daylight,03 - P.D. only,02 - Angle,Navan - Vars
5179,FRANK KENNY RD W @ INNES RD,387532.946,5037628.669,-75.44185236,45.47368248,2016-07-17,16:43,01 - Clear,01 - Dry,02 - Stop sign,02 - Intersection related,01 - Daylight,03 - P.D. only,03 - Rear end,Navan - Vars
5180,FRANK NIGHBOR PL @ SILVER SEVEN RD,350759.6592,5018219.158,-75.91395253,45.30242169,2016-10-16,14:15,02 - Rain,02 - Wet,02 - Stop sign,02 - Intersection related,01 - Daylight,03 - P.D. only,03 - Rear end,Katimavik - Hazeldean
5181,FRANK NIGHBOR PL @ SILVER SEVEN RD,350760.4873,5018220.618,-75.91394184,45.30243477,2016-12-21,12:00,01 - Clear,04 - Slush,02 - Stop sign,02 - Intersection related,01 - Daylight,03 - P.D. only,03 - Rear end,Katimavik - Hazeldean
5182,FRANK NIGHBOR PL btwn SILVER SEVEN RD & END,350719.2708,5018190.664,-75.91447015,45.30216793,2016-09-07,12:38,01 - Clear,01 - Dry,10 - No control,04 - At/near private drive,01 - Daylight,02 - Non-fatal injury,02 - Angle,Katimavik - Hazeldean
5183,FRANK ST @ METCALFE ST,368202.8198,5030792.242,-75.68993528,45.41419354,2016-04-03,13:44,01 - Clear,01 - Dry,02 - Stop sign,02 - Intersection related,01 - Daylight,03 - P.D. only,05 - Turning movement,Centretown
5184,FRANK ST @ O'CONNOR ST,368051.0303,5030698.701,-75.69188642,45.41336562,2016-04-30,17:47,01 - Clear,01 - Dry,02 - Stop sign,03 - At intersection,01 - Daylight,02 - Non-fatal injury,02 - Angle,Centretown
5185,FRANK ST @ O'CONNOR ST,368052.5056,5030697.307,-75.69186775,45.41335295,2016-04-01,14:17,01 - Clear,01 - Dry,02 - Stop sign,02 - Intersection related,01 - Daylight,03 - P.D. only,05 - Turning movement,Centretown
5186,FRANK ST @ O'CONNOR ST,368052.1659,5030698.722,-75.69187191,45.41336571,2016-05-30,15:49,01 - Clear,01 - Dry,02 - Stop sign,03 - At intersection,01 - Daylight,03 - P.D. only,02 - Angle,Centretown
5187,FRANK ST @ O'CONNOR ST,368051.4872,5030697.354,-75.69188076,45.41335346,2016-10-21,19:46,02 - Rain,02 - Wet,02 - Stop sign,03 - At intersection,07 - Dark,03 - P.D. only,02 - Angle,Centretown
5188,FRANK ST btwn O'CONNOR ST & METCALFE ST,368184.6591,5030779.908,-75.69016887,45.41408421,2016-12-06,20:04,01 - Clear,01 - Dry,10 - No control,01 - Non intersection,07 - Dark,03 - P.D. only,06 - SMV unattended vehicle,Centretown
5189,FRANKTOWN RD @ DWYER HILL RD,348405.3523,4998729.105,-75.94567817,45.12719125,2016-10-24,18:28,01 - Clear,01 - Dry,02 - Stop sign,02 - Intersection related,05 - Dusk,03 - P.D. only,07 - SMV other,Munster Hamlet - Richmond
5190,FRANKTOWN RD @ JOY'S RD W,355255.7596,5004900.885,-75.85797592,45.18227165,2016-12-30,13:04,01 - Clear,01 - Dry,02 - Stop sign,02 - Intersection related,01 - Daylight,03 - P.D. only,03 - Rear end,Munster Hamlet - Richmond
5191,FRANKTOWN RD @ MUNSTER RD,350728.4264,5000790.901,-75.91595882,45.14559727,2016-01-15,9:15,01 - Clear,01 - Dry,02 - Stop sign,03 - At intersection,01 - Daylight,03 - P.D. only,02 - Angle,Munster Hamlet - Richmond
5192,FRANKTOWN RD btwn ASHTON STATION RD & ASHTON STATION RD,346321.6688,4996512.24,-75.97234919,45.10736793,2016-10-02,11:46,02 - Rain,02 - Wet,10 - No control,01 - Non intersection,01 - Daylight,03 - P.D. only,07 - SMV other,Munster Hamlet - Richmond
5193,FRANKTOWN RD btwn ASHTON STATION RD & STARLIGHT PL,346317.3201,4996853.158,-75.97237619,45.110436,2016-07-01,3:19,01 - Clear,01 - Dry,10 - No control,01 - Non intersection,07 - Dark,03 - P.D. only,07 - SMV other,Munster Hamlet - Richmond
5194,FRANKTOWN RD btwn CONLEY RD & JOY'S RD,353323.1596,5003070.33,-75.88274379,45.16593512,2016-07-05,6:06,01 - Clear,01 - Dry,10 - No control,01 - Non intersection,01 - Daylight,02 - Non-fatal injury,04 - Sideswipe,Munster Hamlet - Richmond
5195,FRANKTOWN RD btwn CONLEY RD & JOY'S RD,353766.6114,5003494.867,-75.8770614,45.16972466,2016-06-20,22:36,01 - Clear,01 - Dry,10 - No control,01 - Non intersection,07 - Dark,03 - P.D. only,07 - SMV other,Munster Hamlet - Richmond
5196,FRANKTOWN RD btwn CONLEY RD & JOY'S RD,355182.9185,5004819.97,-75.8589109,45.18154875,2016-12-05,23:44,01 - Clear,02 - Wet,10 - No control,01 - Non intersection,07 - Dark,03 - P.D. only,07 - SMV other,Munster Hamlet - Richmond
5197,FRANKTOWN RD btwn DWYER HILL RD & MATILDA GT,348472.9662,4998792.931,-75.94481311,45.12776142,2016-03-17,7:54,01 - Clear,01 - Dry,10 - No control,01 - Non intersection,01 - Daylight,03 - P.D. only,07 - SMV other,Munster Hamlet - Richmond
5198,FRANKTOWN RD btwn GREEN'S RD & CONLEY RD,352450.296,5002303.557,-75.8939199,45.15909481,2016-11-24,6:15,03 - Snow,04 - Slush,10 - No control,01 - Non intersection,07 - Dark,03 - P.D. only,07 - SMV other,Munster Hamlet - Richmond
5199,FRANKTOWN RD btwn JOY'S RD & PERTH ST,355445.4472,5005062.869,-75.85554595,45.18371564,2016-09-28,3:00,01 - Clear,01 - Dry,10 - No control,01 - Non intersection,07 - Dark,03 - P.D. only,07 - SMV other,Munster Hamlet - Richmond
5200,FRANKTOWN RD btwn MUNSTER RD & GREEN'S RD,351055.5121,5001065.743,-75.91177427,45.14804909,2016-12-05,8:00,03 - Snow,05 - Packed snow,10 - No control,01 - Non intersection,01 - Daylight,02 - Non-fatal injury,01 - Approaching,Munster Hamlet - Richmond
5201,FRANKTOWN RD btwn SKEEL CRT & DWYER HILL RD,348252.1432,4998596.6,-75.94763722,45.12600833,2016-10-31,7:31,01 - Clear,01 - Dry,10 - No control,01 - Non intersection,01 - Daylight,03 - P.D. only,07 - SMV other,Munster Hamlet - Richmond
5202,FRANKTOWN RD btwn WOOD'S RD & MUNSTER RD,349874.2602,5000032.325,-75.92688853,45.13882621,2016-11-21,9:30,03 - Snow,05 - Packed snow,10 - No control,01 - Non intersection,01 - Daylight,03 - P.D. only,07 - SMV other,Munster Hamlet - Richmond
5203,FRASER AVE @ BYRON AVE,362504.5213,5027655.701,-75.76310008,45.38646453,2016-07-17,9:32,01 - Clear,01 - Dry,02 - Stop sign,03 - At intersection,01 - Daylight,02 - Non-fatal injury,02 - Angle,Carlingwood - McKellar Park - Laurentien View
5204,FRASER AVE @ BYRON AVE,362504.0299,5027656.409,-75.76310627,45.38647094,2016-11-03,18:40,01 - Clear,01 - Dry,02 - Stop sign,03 - At intersection,07 - Dark,03 - P.D. only,05 - Turning movement,Carlingwood - McKellar Park - Laurentien View
5205,FRASER AVE btwn DOVERCOURT AVE & TILLBURY AVE,362807.7533,5026902.137,-75.75931661,45.37965901,2016-10-07,0:00,01 - Clear,01 - Dry,10 - No control,01 - Non intersection,00 - Unknown,03 - P.D. only,06 - SMV unattended vehicle,Carlingwood - McKellar Park - Laurentien View
5206,FRASER AVE btwn TILLBURY AVE & SHERBOURNE RD,362854.74,5026779.64,-75.7587311,45.37855291,2016-11-16,19:00,01 - Clear,01 - Dry,10 - No control,01 - Non intersection,07 - Dark,03 - P.D. only,06 - SMV unattended vehicle,Carlingwood - McKellar Park - Laurentien View
5207,FRASER FIELDS WAY btwn HARTHILL WAY & STRANDHERD DR,362909.1911,5014027.222,-75.75953217,45.2638026,2016-07-29,17:20,01 - Clear,01 - Dry,10 - No control,04 - At/near private drive,01 - Daylight,03 - P.D. only,99 - Other,New Barrhaven
5208,FRENCH HILL RD @ SARSFIELD RD,393597.431,5038168.286,-75.36420538,45.47779247,2016-02-14,23:43,03 - Snow,06 - Ice,02 - Stop sign,03 - At intersection,07 - Dark,03 - P.D. only,07 - SMV other,Cumberland - Estates
5209,FRENCH HILL RD btwn EMMETT RD & BIRCHGROVE RD,396121.1485,5039210.616,-75.33173772,45.48684437,2016-05-02,22:20,01 - Clear,01 - Dry,10 - No control,01 - Non intersection,07 - Dark,03 - P.D. only,06 - SMV unattended vehicle,Cumberland - Estates
5210,FRIEL ST @ LAURIER AVE,368997.0478,5032192.236,-75.67960646,45.42671776,2016-01-14,17:23,01 - Clear,04 - Slush,02 - Stop sign,02 - Intersection related,05 - Dusk,03 - P.D. only,03 - Rear end,Sandy Hill
5211,FRIEL ST @ RIDEAU ST,368771.7024,5032570.209,-75.68243682,45.43013927,2016-03-11,16:58,01 - Clear,01 - Dry,01 - Traffic signal,03 - At intersection,01 - Daylight,02 - Non-fatal injury,07 - SMV other,Lowe
5212,FRIEL ST @ RIDEAU ST,368772.3788,5032570.359,-75.68242816,45.43014056,2016-05-25,22:50,01 - Clear,01 - Dry,01 - Traffic signal,02 - Intersection related,07 - Dark,02 - Non-fatal injury,07 - SMV other,Lowe
5213,FRIEL ST @ RIDEAU ST,368770.8742,5032569.342,-75.68244752,45.43013155,2016-11-17,18:26,01 - Clear,02 - Wet,01 - Traffic signal,02 - Intersection related,07 - Dark,02 - Non-fatal injury,03 - Rear end,Lowe
5214,FRINGEWOOD DR btwn POOLE CREEK CRES & POOLE CREEK CRES,351058.6432,5015370.257,-75.91040595,45.27676682,2016-07-06,15:30,01 - Clear,01 - Dry,10 - No control,04 - At/near private drive,01 - Daylight,02 - Non-fatal injury,07 - SMV other,Stittsville
5215,FROBISHER LANE @ OLD RIVERSIDE DR,370170.7081,5029578.051,-75.66495624,45.40308764,2016-11-06,12:47,01 - Clear,01 - Dry,02 - Stop sign,02 - Intersection related,01 - Daylight,02 - Non-fatal injury,03 - Rear end,Industrial Park