Record,Location,X,Y,lon,lat,Date,Time,Environment,Road_Surface,Traffic_Control,Collision_Location,Light,Collision_Classification,Impact_type,Neighborhood
5216,FROBISHER LANE @ OLD RIVERSIDE DR,370169.8799,5029578.88,-75.66496671,45.40309517,2016-11-17,11:08,01 - Clear,01 - Dry,02 - Stop sign,02 - Intersection related,01 - Daylight,03 - P.D. only,03 - Rear end,Industrial Park
5217,FROBISHER LANE W @ RIVERSIDE DR,370118.6863,5029601.203,-75.66561763,45.4033008,2016-05-16,18:45,01 - Clear,01 - Dry,01 - Traffic signal,02 - Intersection related,01 - Daylight,03 - P.D. only,05 - Turning movement,Industrial Park
5218,FROBISHER LANE W @ RIVERSIDE DR,370117.2142,5029602.352,-75.66563628,45.40331128,2016-01-06,16:46,01 - Clear,02 - Wet,01 - Traffic signal,03 - At intersection,05 - Dusk,03 - P.D. only,05 - Turning movement,Industrial Park
5219,FROBISHER LANE W @ RIVERSIDE DR,370119.3885,5029601.002,-75.66560869,45.40329893,2016-03-07,17:01,02 - Rain,02 - Wet,01 - Traffic signal,03 - At intersection,01 - Daylight,03 - P.D. only,05 - Turning movement,Industrial Park
5220,FROBISHER LANE W @ RIVERSIDE DR,370118.6866,5029601.238,-75.66561762,45.40330112,2016-11-21,20:20,03 - Snow,03 - Loose snow,01 - Traffic signal,02 - Intersection related,07 - Dark,03 - P.D. only,04 - Sideswipe,Industrial Park
5221,FROBISHER LANE W @ RIVERSIDE DR,370118.7293,5029601.195,-75.66561708,45.40330073,2016-10-07,21:39,01 - Clear,01 - Dry,01 - Traffic signal,03 - At intersection,07 - Dark,03 - P.D. only,04 - Sideswipe,Industrial Park
5222,FROBISHER LANE W @ RIVERSIDE DR,370118.7571,5029601.277,-75.66561672,45.40330146,2016-11-07,16:56,01 - Clear,01 - Dry,01 - Traffic signal,02 - Intersection related,05 - Dusk,03 - P.D. only,04 - Sideswipe,Industrial Park
5223,FROBISHER LANE W @ RIVERSIDE DR,370118.7151,5029601.219,-75.66561726,45.40330095,2016-12-14,20:20,03 - Snow,03 - Loose snow,01 - Traffic signal,02 - Intersection related,07 - Dark,03 - P.D. only,03 - Rear end,Industrial Park
5224,FRONTIER RD btwn DEVINE RD & BURTON RD,390153.0236,5020617.583,-75.4112911,45.32031899,2016-01-03,10:02,03 - Snow,03 - Loose snow,10 - No control,01 - Non intersection,01 - Daylight,03 - P.D. only,07 - SMV other,Navan - Vars
5225,GALETTA SIDE RD @ LOGGERS WAY,325000.7156,5032562.25,-76.24182176,45.43270181,2016-11-08,18:59,01 - Clear,01 - Dry,02 - Stop sign,02 - Intersection related,07 - Dark,03 - P.D. only,07 - SMV other,Galetta
5226,GALETTA SIDE RD btwn CARP RD & HARBOUR ST,328165.5947,5035362.824,-76.20124007,45.45780391,2016-11-08,17:26,01 - Clear,01 - Dry,10 - No control,01 - Non intersection,07 - Dark,03 - P.D. only,07 - SMV other,Fitzroy
5227,GALETTA SIDE RD btwn HARBOUR ST & CANON SMITH DR,328681.8576,5035820.51,-76.19461683,45.46190488,2016-02-28,21:21,02 - Rain,02 - Wet,10 - No control,01 - Non intersection,07 - Dark,03 - P.D. only,07 - SMV other,Fitzroy
5228,GALETTA SIDE RD btwn HARBOUR ST & CANON SMITH DR,329085.2897,5036180.109,-76.18944035,45.46512677,2016-10-13,7:15,01 - Clear,01 - Dry,10 - No control,01 - Non intersection,01 - Daylight,03 - P.D. only,07 - SMV other,Fitzroy
5229,GALETTA SIDE RD btwn IVY ACRES RD & UPPER DWYER HILL RD,320840.0323,5028838.651,-76.2951188,45.39930278,2016-03-19,11:43,01 - Clear,01 - Dry,10 - No control,01 - Non intersection,01 - Daylight,02 - Non-fatal injury,05 - Turning movement,Mississipp
5230,GALETTA SIDE RD btwn MACHARDY RD & DARWIN ST,323645.9553,5031445.492,-76.25917905,45.42269052,2016-09-09,3:27,01 - Clear,01 - Dry,10 - No control,01 - Non intersection,07 - Dark,03 - P.D. only,07 - SMV other,Moh
5231,GALETTA SIDE RD btwn MOHRS RD & MORNING DEW DR,324129.1274,5031958.902,-76.25298479,45.42729724,2016-03-05,4:51,01 - Clear,01 - Dry,10 - No control,01 - Non intersection,07 - Dark,02 - Non-fatal injury,07 - SMV other,Galetta
5232,GALETTA SIDE RD btwn MOHRS RD & MORNING DEW DR,323931.0655,5031724.192,-76.25552501,45.42519066,2016-02-28,12:58,03 - Snow,06 - Ice,10 - No control,01 - Non intersection,01 - Daylight,03 - P.D. only,07 - SMV other,Galetta
5233,GALETTA SIDE RD btwn TORBOLTON RIDGE RD & WOODKILTON RD,332629.5795,5039421.567,-76.14393322,45.49416215,2016-07-15,9:46,01 - Clear,01 - Dry,10 - No control,01 - Non intersection,01 - Daylight,01 - Fatal injury,07 - SMV other,Dirleton
5234,GALLAGHER RD @ HARNETT RD,362458.9333,4990770.427,-75.76795394,45.05456952,2016-03-23,8:34,03 - Snow,03 - Loose snow,10 - No control,03 - At intersection,01 - Daylight,03 - P.D. only,02 - Angle,Munster Hamlet - Richmond
5235,GALLAGHER RD @ HARNETT RD,362456.7943,4990769.977,-75.76798115,45.05456565,2016-12-27,12:55,01 - Clear,06 - Ice,10 - No control,02 - Intersection related,01 - Daylight,03 - P.D. only,07 - SMV other,Munster Hamlet - Richmond
5236,GALLANTRY WAY btwn CORIOLIS CRT/GALLANTRY WAY & KHAMSIN ST,350777.0271,5016393.889,-75.91390029,45.28599625,2016-09-19,20:44,01 - Clear,01 - Dry,10 - No control,01 - Non intersection,07 - Dark,02 - Non-fatal injury,07 - SMV other,Stittsville
5237,GARDENGATE WAY btwn WESTPOINTE CRES & WESTPOINTE CRES,362211.7156,5023043.529,-75.76737487,45.34498868,2016-02-05,21:26,01 - Clear,01 - Dry,10 - No control,01 - Non intersection,07 - Dark,03 - P.D. only,06 - SMV unattended vehicle,Centrepointe
5238,GARDENWAY DR @ NORTHLANDS DR,384939.0871,5036991.776,-75.47512605,45.46825481,2016-04-24,23:43,01 - Clear,01 - Dry,02 - Stop sign,03 - At intersection,07 - Dark,02 - Non-fatal injury,99 - Other,Fallingbrook
5239,GARDENWAY DR @ NORTHLANDS DR,384940.7198,5036991.998,-75.47510513,45.46825662,2016-11-04,17:20,01 - Clear,01 - Dry,02 - Stop sign,02 - Intersection related,07 - Dark,03 - P.D. only,02 - Angle,Fallingbrook
5240,GARDENWAY DR @ PORTOBELLO BLVD,385375.1166,5037309.148,-75.46949867,45.47106005,2016-08-29,8:00,01 - Clear,01 - Dry,02 - Stop sign,02 - Intersection related,01 - Daylight,02 - Non-fatal injury,03 - Rear end,Fallingbrook
5241,GARDENWAY DR @ PORTOBELLO BLVD,385377.4324,5037307.95,-75.46946925,45.47104901,2016-10-18,21:31,01 - Clear,02 - Wet,02 - Stop sign,02 - Intersection related,07 - Dark,03 - P.D. only,03 - Rear end,Fallingbrook
5242,GARDENWAY DR btwn BOAKE ST & LEJEUNE DR,384862.6199,5036892.327,-75.47612001,45.46736883,2016-07-20,15:45,01 - Clear,01 - Dry,10 - No control,01 - Non intersection,01 - Daylight,03 - P.D. only,06 - SMV unattended vehicle,Fallingbrook
5243,GARDENWAY DR btwn OAKLAWN CRES & OAKLAWN CRES,384079.4359,5036627.227,-75.48617692,45.46507304,2016-01-23,19:52,01 - Clear,01 - Dry,10 - No control,01 - Non intersection,07 - Dark,03 - P.D. only,07 - SMV other,Fallingbrook
5244,GARDENWAY DR btwn OAKLAWN CRES & ROUGEMOUNT CRES,384095.6212,5036574.846,-75.48597843,45.46459993,2016-06-28,22:41,02 - Rain,02 - Wet,10 - No control,01 - Non intersection,07 - Dark,03 - P.D. only,07 - SMV other,Fallingbrook
5245,GARDENWAY DR btwn SATURN CRES & SATURN CRES,385206.9642,5037159.81,-75.47167331,45.46973583,2016-05-06,7:25,01 - Clear,01 - Dry,10 - No control,04 - At/near private drive,01 - Daylight,02 - Non-fatal injury,07 - SMV other,Fallingbrook
5246,GARFIELD AVE @ MAITLAND AVE,363343.3504,5025563.186,-75.75263702,45.36756676,2016-05-12,16:14,01 - Clear,01 - Dry,01 - Traffic signal,02 - Intersection related,01 - Daylight,02 - Non-fatal injury,03 - Rear end,Braemar Park - Bel Air Heights - Copeland Park
5247,GARFIELD AVE @ MAITLAND AVE,363343.52,5025562.114,-75.75263499,45.3675571,2016-12-12,8:22,03 - Snow,03 - Loose snow,01 - Traffic signal,02 - Intersection related,01 - Daylight,02 - Non-fatal injury,03 - Rear end,Braemar Park - Bel Air Heights - Copeland Park
5248,GARFIELD AVE @ MAITLAND AVE,363342.4723,5025562.747,-75.75264829,45.36756288,2016-09-03,16:28,01 - Clear,01 - Dry,01 - Traffic signal,02 - Intersection related,01 - Daylight,03 - P.D. only,04 - Sideswipe,Braemar Park - Bel Air Heights - Copeland Park
5249,GARFIELD AVE @ MAITLAND AVE,363343.3682,5025563.204,-75.7526368,45.36756692,2016-05-10,8:30,01 - Clear,01 - Dry,01 - Traffic signal,02 - Intersection related,01 - Daylight,03 - P.D. only,03 - Rear end,Braemar Park - Bel Air Heights - Copeland Park
5250,GARFIELD AVE @ MAITLAND AVE,363342.9982,5025562.946,-75.75264155,45.36756463,2016-01-13,12:39,01 - Clear,06 - Ice,01 - Traffic signal,02 - Intersection related,01 - Daylight,03 - P.D. only,03 - Rear end,Braemar Park - Bel Air Heights - Copeland Park
5251,GARFIELD AVE @ MAITLAND AVE,363342.4255,5025562.261,-75.75264894,45.36755851,2016-01-21,17:43,01 - Clear,02 - Wet,01 - Traffic signal,02 - Intersection related,07 - Dark,03 - P.D. only,03 - Rear end,Braemar Park - Bel Air Heights - Copeland Park
5252,GARLAND ST @ LOWREY ST,365463.0811,5029953.893,-75.72503936,45.40689316,2016-12-21,8:54,01 - Clear,05 - Packed snow,02 - Stop sign,03 - At intersection,01 - Daylight,03 - P.D. only,02 - Angle,Mechanicsville
5253,GARRITY CRES btwn BALINROAN CRES & LEAMINGTON WAY,364948.5461,5014257.353,-75.73351971,45.26570189,2016-07-22,6:00,01 - Clear,01 - Dry,10 - No control,01 - Non intersection,01 - Daylight,03 - P.D. only,06 - SMV unattended vehicle,New Barrhaven
5254,GAULTOIS AVE btwn BEDEQUE CRT & LOIRE DR,380841.7574,5036292.677,-75.52762588,45.46242298,2016-02-01,7:20,01 - Clear,01 - Dry,10 - No control,01 - Non intersection,01 - Daylight,03 - P.D. only,06 - SMV unattended vehicle,Chapel Hill
5255,GENEST ST @ MARQUETTE AVE,369841.9294,5033961.821,-75.66857681,45.44256171,2016-02-17,8:20,01 - Clear,05 - Packed snow,02 - Stop sign,02 - Intersection related,01 - Daylight,03 - P.D. only,03 - Rear end,Vanier North
5256,GENEST ST btwn LOYER ST & ST. CHARLES ST,369506.5015,5033551.452,-75.67291805,45.4389005,2016-06-13,12:00,01 - Clear,01 - Dry,10 - No control,01 - Non intersection,01 - Daylight,03 - P.D. only,06 - SMV unattended vehicle,Vanier North
5257,GENEST ST btwn MARIER AVE & STE. CECILE ST,369796.4461,5033874.474,-75.6691697,45.44178003,2016-09-17,21:47,01 - Clear,01 - Dry,10 - No control,01 - Non intersection,07 - Dark,03 - P.D. only,06 - SMV unattended vehicle,Vanier North
5258,GENEVRIERS ST @ MAGNOLIA ST,384436.3707,5034491.482,-75.48195902,45.44581697,2016-09-22,20:02,01 - Clear,01 - Dry,02 - Stop sign,03 - At intersection,07 - Dark,03 - P.D. only,02 - Angle,Avalon
5259,GEORGE ST    W btwn PRESTON ST & END,366608.3831,5029411.949,-75.71047764,45.40191669,2016-01-20,0:00,01 - Clear,02 - Wet,10 - No control,01 - Non intersection,00 - Unknown,03 - P.D. only,06 - SMV unattended vehicle,Little Italy
5260,GEORGE ST    W btwn PRESTON ST & END,366610.4198,5029412.833,-75.71045151,45.40192447,2016-11-03,13:47,01 - Clear,01 - Dry,10 - No control,01 - Non intersection,01 - Daylight,03 - P.D. only,99 - Other,Little Italy
5261,GEORGE ST @ DALHOUSIE ST,368157.6976,5032315.176,-75.69031587,45.42790047,2016-10-28,18:48,01 - Clear,01 - Dry,01 - Traffic signal,03 - At intersection,07 - Dark,02 - Non-fatal injury,07 - SMV other,Byward Market
5262,GEORGE ST @ DALHOUSIE ST,368157.7065,5032315.977,-75.69031565,45.42790767,2016-02-09,16:42,01 - Clear,01 - Dry,01 - Traffic signal,03 - At intersection,01 - Daylight,02 - Non-fatal injury,07 - SMV other,Byward Market
5263,GEORGE ST @ DALHOUSIE ST,368155.9238,5032316.92,-75.69033831,45.42791632,2016-04-08,2:38,01 - Clear,01 - Dry,01 - Traffic signal,02 - Intersection related,07 - Dark,02 - Non-fatal injury,07 - SMV other,Byward Market
5264,GEORGE ST @ DALHOUSIE ST,368157.0149,5032316.083,-75.69032448,45.42790869,2016-06-04,21:08,01 - Clear,01 - Dry,01 - Traffic signal,03 - At intersection,05 - Dusk,02 - Non-fatal injury,07 - SMV other,Byward Market
5265,GEORGE ST @ DALHOUSIE ST,368157.4122,5032315.977,-75.69031941,45.4279077,2016-02-18,5:59,03 - Snow,03 - Loose snow,01 - Traffic signal,02 - Intersection related,07 - Dark,03 - P.D. only,03 - Rear end,Byward Market
5266,GEORGE ST @ DALHOUSIE ST,368157.8811,5032315.781,-75.69031345,45.42790589,2016-03-07,20:48,01 - Clear,02 - Wet,01 - Traffic signal,02 - Intersection related,07 - Dark,03 - P.D. only,03 - Rear end,Byward Market
5267,GEORGE ST @ DALHOUSIE ST,368157.4731,5032314.916,-75.69031877,45.42789815,2016-02-18,11:10,01 - Clear,06 - Ice,01 - Traffic signal,02 - Intersection related,01 - Daylight,03 - P.D. only,03 - Rear end,Byward Market
5268,GEORGE ST @ DALHOUSIE ST,368157.7002,5032315.419,-75.69031581,45.42790265,2016-01-16,17:40,01 - Clear,03 - Loose snow,01 - Traffic signal,03 - At intersection,07 - Dark,03 - P.D. only,05 - Turning movement,Byward Market
5269,GEORGE ST @ DALHOUSIE ST,368156.8321,5032315.287,-75.69032692,45.42790154,2016-05-04,15:56,01 - Clear,01 - Dry,01 - Traffic signal,03 - At intersection,01 - Daylight,03 - P.D. only,05 - Turning movement,Byward Market
5270,GEORGE ST @ DALHOUSIE ST,368157.1062,5032316.07,-75.69032331,45.42790856,2016-07-05,18:35,01 - Clear,01 - Dry,01 - Traffic signal,02 - Intersection related,01 - Daylight,03 - P.D. only,04 - Sideswipe,Byward Market
5271,GEORGE ST @ DALHOUSIE ST,368157.4731,5032315.814,-75.69031866,45.42790623,2016-04-27,7:15,01 - Clear,01 - Dry,01 - Traffic signal,02 - Intersection related,01 - Daylight,03 - P.D. only,03 - Rear end,Byward Market
5272,GEORGE ST @ PRESTON ST,366618.7393,5029417.264,-75.7103447,45.4019636,2016-03-22,21:05,02 - Rain,02 - Wet,01 - Traffic signal,02 - Intersection related,07 - Dark,03 - P.D. only,02 - Angle,Little Italy
5273,GEORGE ST @ SUSSEX DR,367868.5573,5032130.912,-75.69403419,45.42626865,2016-11-10,13:54,01 - Clear,01 - Dry,01 - Traffic signal,02 - Intersection related,01 - Daylight,03 - P.D. only,05 - Turning movement,Byward Market
5274,GEORGE ST @ SUSSEX DR,367868.3877,5032130.279,-75.69403644,45.42626297,2016-12-28,17:42,01 - Clear,01 - Dry,01 - Traffic signal,02 - Intersection related,07 - Dark,03 - P.D. only,03 - Rear end,Byward Market
5275,GEORGE ST @ WILLIAM ST,368047.7526,5032233.3,-75.69173129,45.42717373,2016-10-14,6:43,01 - Clear,01 - Dry,01 - Traffic signal,03 - At intersection,03 - Dawn,03 - P.D. only,07 - SMV other,Byward Market
5276,GEORGE ST btwn BY WARD MARKET SQ & WILLIAM ST,368027.7636,5032217.765,-75.69198871,45.42703575,2016-04-29,13:30,01 - Clear,01 - Dry,10 - No control,01 - Non intersection,01 - Daylight,03 - P.D. only,06 - SMV unattended vehicle,Byward Market
5277,GEORGE ST btwn CUMBERLAND ST & KING EDWARD AVE,368342.093,5032408.215,-75.68794761,45.42872087,2016-04-24,2:30,01 - Clear,01 - Dry,10 - No control,01 - Non intersection,07 - Dark,03 - P.D. only,06 - SMV unattended vehicle,Byward Market
5278,GEORGE ST btwn DALHOUSIE ST & CUMBERLAND ST,368246.2423,5032369.11,-75.68917747,45.42837772,2016-09-16,18:46,01 - Clear,01 - Dry,10 - No control,04 - At/near private drive,01 - Daylight,01 - Fatal injury,02 - Angle,Byward Market
5279,GEORGE ST btwn DALHOUSIE ST & CUMBERLAND ST,368246.2741,5032369.511,-75.68917702,45.42838132,2016-06-30,20:19,01 - Clear,01 - Dry,10 - No control,04 - At/near private drive,01 - Daylight,02 - Non-fatal injury,07 - SMV other,Byward Market
5280,GEORGE ST btwn DALHOUSIE ST & CUMBERLAND ST,368164.2734,5032318.859,-75.69023137,45.42793301,2016-03-16,9:30,01 - Clear,01 - Dry,10 - No control,01 - Non intersection,01 - Daylight,03 - P.D. only,06 - SMV unattended vehicle,Byward Market
5281,GEORGE ST btwn SUSSEX DR & 26 W OF BYWARD MARKET/FREIMAN MALL,367893.5882,5032145.497,-75.69371248,45.42639763,2016-10-31,2:30,01 - Clear,01 - Dry,10 - No control,01 - Non intersection,07 - Dark,03 - P.D. only,04 - Sideswipe,Byward Market
5282,GEORGE ST btwn SUSSEX DR & 26 W OF BYWARD MARKET/FREIMAN MALL,367953.5341,5032179.784,-75.69294209,45.42670072,2016-07-16,13:00,01 - Clear,01 - Dry,10 - No control,01 - Non intersection,01 - Daylight,03 - P.D. only,06 - SMV unattended vehicle,Byward Market
5283,GEORGE ST btwn WILLIAM ST & DALHOUSIE ST,368141.0798,5032303.561,-75.69052971,45.42779746,2016-08-27,15:54,01 - Clear,01 - Dry,10 - No control,01 - Non intersection,01 - Daylight,03 - P.D. only,99 - Other,Byward Market
5284,GEORGE ST btwn WILLIAM ST & DALHOUSIE ST,368152.9301,5032312.338,-75.69037716,45.42787536,2016-02-11,14:43,01 - Clear,01 - Dry,10 - No control,01 - Non intersection,01 - Daylight,03 - P.D. only,99 - Other,Byward Market
5285,GERRY LALONDE DR btwn AZURE ST/TRIGORIA CRES & NACARAT ST,383577.1929,5034985.977,-75.49286152,45.45036336,2016-12-28,0:00,01 - Clear,06 - Ice,10 - No control,01 - Non intersection,00 - Unknown,03 - P.D. only,06 - SMV unattended vehicle,Avalon
5286,GERRY LALONDE DR btwn LERTA WAY & PETRICHOR CRES/ STRASBOURG ST,383772.0359,5035163.404,-75.49034243,45.4519377,2016-12-08,0:00,01 - Clear,01 - Dry,10 - No control,01 - Non intersection,00 - Unknown,03 - P.D. only,06 - SMV unattended vehicle,Avalon
5287,GERVIN ST btwn PINEGLEN CRES & GRAYSON ST,365944.613,5020020.954,-75.72011741,45.31747649,2016-11-17,14:44,01 - Clear,01 - Dry,10 - No control,01 - Non intersection,01 - Daylight,03 - P.D. only,07 - SMV other,Merivale Gardens - Grenfell Glen - Pineglen - Country Place
5288,GIBBARD AVE @ GREENBANK RD,361430.3498,5020617.59,-75.77762258,45.32322365,2016-02-17,13:10,01 - Clear,01 - Dry,02 - Stop sign,02 - Intersection related,01 - Daylight,03 - P.D. only,03 - Rear end,Greenbelt
5289,GIBBARD AVE @ GREENBANK RD,361430.7549,5020616.212,-75.77761758,45.32321121,2016-09-30,15:13,01 - Clear,01 - Dry,02 - Stop sign,02 - Intersection related,01 - Daylight,03 - P.D. only,03 - Rear end,Greenbelt
5290,GIBBARD AVE btwn GREENBANK RD & ATKINSON GT,361445.4442,5020630.021,-75.77742863,45.32333428,2016-02-18,7:50,01 - Clear,05 - Packed snow,10 - No control,04 - At/near private drive,01 - Daylight,03 - P.D. only,02 - Angle,Woodvale - Craig Henry - Manordale - Estates of Arlington Wo
5291,GILCHRIST ST @ SPENCER ST,364349.7442,5029160.904,-75.73935654,45.39985361,2016-06-30,17:17,01 - Clear,01 - Dry,02 - Stop sign,03 - At intersection,01 - Daylight,03 - P.D. only,02 - Angle,Island Park
5292,GILLES ST @ HERON RD,369758.9441,5026817.408,-75.67057896,45.37828663,2016-06-17,10:47,01 - Clear,01 - Dry,02 - Stop sign,02 - Intersection related,01 - Daylight,02 - Non-fatal injury,03 - Rear end,Alta Vista
5293,GILLES ST @ HERON RD,369757.9197,5026818.802,-75.67059186,45.37829927,2016-02-10,11:36,01 - Clear,01 - Dry,02 - Stop sign,03 - At intersection,01 - Daylight,03 - P.D. only,02 - Angle,Alta Vista
5294,GILMOUR ST @ KENT ST,367615.9361,5030673.48,-75.69744798,45.41317788,2016-08-21,16:33,02 - Rain,02 - Wet,01 - Traffic signal,03 - At intersection,01 - Daylight,02 - Non-fatal injury,07 - SMV other,Centretown
5295,GILMOUR ST @ LYON ST,367453.4923,5030572.913,-75.69953598,45.41228757,2016-11-21,21:17,03 - Snow,03 - Loose snow,02 - Stop sign,03 - At intersection,07 - Dark,03 - P.D. only,02 - Angle,Centretown
5296,GILMOUR ST @ O'CONNOR ST,367943.4919,5030868.79,-75.69323843,45.41490574,2016-09-19,12:01,01 - Clear,01 - Dry,01 - Traffic signal,03 - At intersection,01 - Daylight,03 - P.D. only,05 - Turning movement,Centretown
5297,GILMOUR ST @ O'CONNOR ST,367943.035,5030867.443,-75.69324444,45.41489366,2016-06-24,12:34,01 - Clear,01 - Dry,01 - Traffic signal,03 - At intersection,01 - Daylight,03 - P.D. only,05 - Turning movement,Centretown
5298,GILMOUR ST btwn CARTIER ST & HARTINGTON PL,368419.1113,5031154.208,-75.68712538,45.41743075,2016-06-30,11:36,01 - Clear,01 - Dry,10 - No control,01 - Non intersection,01 - Daylight,03 - P.D. only,99 - Other,Golden Triangle
5299,GILMOUR ST btwn DERBY PL & O'CONNOR ST,367873.7899,5030826.242,-75.69413435,45.41452919,2016-12-05,9:51,03 - Snow,03 - Loose snow,10 - No control,01 - Non intersection,01 - Daylight,03 - P.D. only,03 - Rear end,Centretown
5300,GILMOUR ST btwn ELGIN ST & CARTIER ST,368274.9827,5031067.76,-75.68897789,45.41666601,2016-05-24,15:44,01 - Clear,01 - Dry,10 - No control,01 - Non intersection,01 - Daylight,03 - P.D. only,99 - Other,Golden Triangle
5301,GILMOUR ST btwn ELGIN ST & CARTIER ST,368297.3571,5031080.508,-75.6886904,45.41677869,2016-12-31,17:30,03 - Snow,03 - Loose snow,10 - No control,01 - Non intersection,07 - Dark,03 - P.D. only,06 - SMV unattended vehicle,Golden Triangle
5302,GILMOUR ST btwn HARTINGTON PL & MACDONALD ST,368536.3463,5031225.763,-75.68561834,45.41806391,2016-05-09,10:26,01 - Clear,01 - Dry,10 - No control,01 - Non intersection,01 - Daylight,03 - P.D. only,06 - SMV unattended vehicle,Golden Triangle
5303,GILMOUR ST btwn LYON ST N & KENT ST,367577.2818,5030649.2,-75.69794488,45.41296289,2016-01-14,9:30,03 - Snow,04 - Slush,10 - No control,04 - At/near private drive,01 - Daylight,03 - P.D. only,06 - SMV unattended vehicle,Centretown
5304,GILMOUR ST btwn LYON ST N & KENT ST,367466.6664,5030581.299,-75.69936662,45.41236185,2016-08-04,13:56,01 - Clear,01 - Dry,10 - No control,01 - Non intersection,01 - Daylight,03 - P.D. only,06 - SMV unattended vehicle,Centretown
5305,GILMOUR ST btwn LYON ST N & KENT ST,367597.4893,5030658.078,-75.6976856,45.41304096,2016-12-22,9:07,03 - Snow,04 - Slush,10 - No control,04 - At/near private drive,01 - Daylight,03 - P.D. only,06 - SMV unattended vehicle,Centretown
5306,GILMOUR ST btwn METCALFE ST & ELGIN ST,368246.0847,5031050.851,-75.68934927,45.41651649,2016-12-28,13:11,03 - Snow,03 - Loose snow,10 - No control,01 - Non intersection,01 - Daylight,03 - P.D. only,06 - SMV unattended vehicle,Centretown
5307,GLACIER ST btwn AVERY CRES & AMHERST CRES,363387.6444,5015279.507,-75.75328816,45.27503102,2016-01-10,19:40,03 - Snow,03 - Loose snow,10 - No control,04 - At/near private drive,07 - Dark,03 - P.D. only,06 - SMV unattended vehicle,Barrhaven West - Old Barrhaven
5308,GLADSTONE AVE @ CAMBRIDGE ST,367064.9241,5030036.789,-75.70456758,45.40749837,2016-07-08,22:05,02 - Rain,02 - Wet,02 - Stop sign,02 - Intersection related,07 - Dark,02 - Non-fatal injury,03 - Rear end,Centretown West
5309,GLADSTONE AVE @ CAMBRIDGE ST,367065.4551,5030037.695,-75.70456068,45.40750647,2016-01-04,14:31,01 - Clear,02 - Wet,02 - Stop sign,03 - At intersection,01 - Daylight,03 - P.D. only,02 - Angle,Centretown West
5310,GLADSTONE AVE @ CAMBRIDGE ST,367065.6078,5030036.919,-75.70455883,45.40749948,2016-01-07,16:01,01 - Clear,01 - Dry,02 - Stop sign,02 - Intersection related,01 - Daylight,03 - P.D. only,02 - Angle,Centretown West
5311,GLADSTONE AVE @ CAMBRIDGE ST,367063.8802,5030035.335,-75.7045811,45.40748538,2016-06-10,18:49,01 - Clear,01 - Dry,02 - Stop sign,03 - At intersection,01 - Daylight,03 - P.D. only,04 - Sideswipe,Centretown West
5312,GLADSTONE AVE @ IRVING AVE,365808.4979,5029386.243,-75.72069736,45.40175556,2016-11-20,2:59,02 - Rain,02 - Wet,02 - Stop sign,03 - At intersection,07 - Dark,02 - Non-fatal injury,07 - SMV other,Civi
5313,GLADSTONE AVE @ IRVING AVE,365807.4765,5029387.332,-75.72071027,45.40176545,2016-06-26,15:00,01 - Clear,01 - Dry,02 - Stop sign,03 - At intersection,01 - Daylight,03 - P.D. only,05 - Turning movement,Civi
5314,GLADSTONE AVE @ KENT ST,367744.0383,5030459.792,-75.69583876,45.41124367,2016-02-26,12:19,01 - Clear,01 - Dry,01 - Traffic signal,02 - Intersection related,01 - Daylight,03 - P.D. only,03 - Rear end,Centretown
5315,GLADSTONE AVE @ KENT ST,367744.0456,5030459.79,-75.69583867,45.41124366,2016-01-28,11:45,03 - Snow,02 - Wet,01 - Traffic signal,02 - Intersection related,01 - Daylight,03 - P.D. only,03 - Rear end,Centretown
5316,GLADSTONE AVE @ KENT ST,367744.4787,5030459.345,-75.69583319,45.41123961,2016-04-08,12:30,01 - Clear,01 - Dry,01 - Traffic signal,03 - At intersection,01 - Daylight,03 - P.D. only,02 - Angle,Centretown
5317,GLADSTONE AVE @ LEBRETON ST,366855.4749,5029922.343,-75.70725743,45.40648722,2016-06-11,19:30,01 - Clear,01 - Dry,02 - Stop sign,03 - At intersection,01 - Daylight,03 - P.D. only,02 - Angle,Centretown West
5318,GLADSTONE AVE @ LYON ST,367583.489,5030361.796,-75.69790219,45.41037636,2016-04-19,8:08,01 - Clear,01 - Dry,01 - Traffic signal,03 - At intersection,01 - Daylight,02 - Non-fatal injury,02 - Angle,Centretown
5319,GLADSTONE AVE @ LYON ST,367583.0476,5030361.793,-75.69790783,45.41037637,2016-01-11,9:44,01 - Clear,01 - Dry,01 - Traffic signal,03 - At intersection,01 - Daylight,03 - P.D. only,02 - Angle,Centretown
5320,GLADSTONE AVE @ LYON ST,367583.6879,5030361.946,-75.69789963,45.41037769,2016-01-11,14:05,01 - Clear,01 - Dry,01 - Traffic signal,02 - Intersection related,01 - Daylight,03 - P.D. only,04 - Sideswipe,Centretown
5321,GLADSTONE AVE @ LYON ST,367583.0371,5030361.346,-75.69790802,45.41037235,2016-06-01,15:26,01 - Clear,01 - Dry,01 - Traffic signal,03 - At intersection,01 - Daylight,03 - P.D. only,04 - Sideswipe,Centretown
5322,GLADSTONE AVE @ MELROSE AVE,365587.2354,5029280.245,-75.7235365,45.40082106,2016-02-19,19:45,01 - Clear,05 - Packed snow,02 - Stop sign,03 - At intersection,07 - Dark,03 - P.D. only,02 - Angle,Civi