Record,Location,X,Y,lon,lat,Date,Time,Environment,Road_Surface,Traffic_Control,Collision_Location,Light,Collision_Classification,Impact_type,Neighborhood
5323,GLADSTONE AVE @ METCALFE ST,368230.0531,5030751.666,-75.68959259,45.41382598,2016-02-10,14:50,03 - Snow,04 - Slush,01 - Traffic signal,02 - Intersection related,01 - Daylight,03 - P.D. only,03 - Rear end,Centretown
5324,GLADSTONE AVE @ METCALFE ST,368229.614,5030751.227,-75.68959825,45.41382207,2016-02-28,7:34,03 - Snow,06 - Ice,01 - Traffic signal,03 - At intersection,01 - Daylight,03 - P.D. only,02 - Angle,Centretown
5325,GLADSTONE AVE @ METCALFE ST,368230.4922,5030749.91,-75.6895872,45.41381014,2016-08-16,19:42,01 - Clear,01 - Dry,01 - Traffic signal,03 - At intersection,05 - Dusk,03 - P.D. only,05 - Turning movement,Centretown
5326,GLADSTONE AVE @ METCALFE ST,368230.0375,5030751.018,-75.68959287,45.41382015,2016-05-17,15:48,01 - Clear,01 - Dry,01 - Traffic signal,03 - At intersection,01 - Daylight,03 - P.D. only,05 - Turning movement,Centretown
5327,GLADSTONE AVE @ O'CONNOR ST,368075.3876,5030657.893,-75.6915805,45.41299624,2016-02-19,8:24,01 - Clear,02 - Wet,01 - Traffic signal,02 - Intersection related,01 - Daylight,02 - Non-fatal injury,03 - Rear end,Centretown
5328,GLADSTONE AVE @ O'CONNOR ST,368074.9307,5030658.35,-75.69158627,45.4130004,2016-10-19,19:21,01 - Clear,01 - Dry,01 - Traffic signal,03 - At intersection,07 - Dark,02 - Non-fatal injury,04 - Sideswipe,Centretown
5329,GLADSTONE AVE @ O'CONNOR ST,368074.9367,5030658.795,-75.69158614,45.4130044,2016-06-18,12:12,01 - Clear,01 - Dry,01 - Traffic signal,03 - At intersection,01 - Daylight,03 - P.D. only,06 - SMV unattended vehicle,Centretown
5330,GLADSTONE AVE @ O'CONNOR ST,368074.4867,5030657.896,-75.691592,45.41299635,2016-05-06,17:57,01 - Clear,01 - Dry,01 - Traffic signal,03 - At intersection,01 - Daylight,03 - P.D. only,05 - Turning movement,Centretown
5331,GLADSTONE AVE @ O'CONNOR ST,368073.6135,5030658.789,-75.69160304,45.41300447,2016-08-20,13:41,01 - Clear,01 - Dry,01 - Traffic signal,02 - Intersection related,01 - Daylight,03 - P.D. only,04 - Sideswipe,Centretown
5332,GLADSTONE AVE @ O'CONNOR ST,368074.9359,5030659.019,-75.69158612,45.41300642,2016-04-04,9:14,01 - Clear,01 - Dry,01 - Traffic signal,02 - Intersection related,01 - Daylight,03 - P.D. only,99 - Other,Centretown
5333,GLADSTONE AVE @ PERCY ST,367328.928,5030206.347,-75.70117376,45.40900046,2016-02-28,14:39,01 - Clear,02 - Wet,01 - Traffic signal,02 - Intersection related,01 - Daylight,03 - P.D. only,03 - Rear end,Centretown
5334,GLADSTONE AVE @ PERCY ST,367330.2094,5030206.941,-75.70115732,45.4090057,2016-01-07,12:24,01 - Clear,01 - Dry,01 - Traffic signal,02 - Intersection related,01 - Daylight,03 - P.D. only,04 - Sideswipe,Centretown
5335,GLADSTONE AVE @ PERCY ST,367328.484,5030207.24,-75.70117932,45.40900854,2016-04-26,19:01,01 - Clear,01 - Dry,01 - Traffic signal,03 - At intersection,01 - Daylight,03 - P.D. only,02 - Angle,Centretown
5336,GLADSTONE AVE @ PRESTON ST,366489.1255,5029712.423,-75.71196327,45.4046308,2016-04-01,6:23,01 - Clear,02 - Wet,01 - Traffic signal,03 - At intersection,03 - Dawn,02 - Non-fatal injury,07 - SMV other,Little Italy
5337,GLADSTONE AVE @ PRESTON ST,366489.4787,5029712.558,-75.71195874,45.40463198,2016-08-09,18:13,01 - Clear,01 - Dry,01 - Traffic signal,02 - Intersection related,01 - Daylight,02 - Non-fatal injury,05 - Turning movement,Little Italy
5338,GLADSTONE AVE @ PRESTON ST,366489.4787,5029712.558,-75.71195874,45.40463198,2016-08-10,9:45,01 - Clear,01 - Dry,01 - Traffic signal,03 - At intersection,01 - Daylight,02 - Non-fatal injury,03 - Rear end,Little Italy
5339,GLADSTONE AVE @ PRESTON ST,366489.4787,5029713.013,-75.71195868,45.40463607,2016-07-26,15:25,01 - Clear,01 - Dry,01 - Traffic signal,02 - Intersection related,01 - Daylight,02 - Non-fatal injury,07 - SMV other,Little Italy
5340,GLADSTONE AVE @ PRESTON ST,366489.4865,5029712.778,-75.71195861,45.40463396,2016-02-12,17:40,03 - Snow,03 - Loose snow,01 - Traffic signal,02 - Intersection related,05 - Dusk,03 - P.D. only,03 - Rear end,Little Italy
5341,GLADSTONE AVE @ PRESTON ST,366490.1652,5029712.788,-75.71194994,45.40463399,2016-06-29,9:45,01 - Clear,01 - Dry,01 - Traffic signal,02 - Intersection related,01 - Daylight,03 - P.D. only,07 - SMV other,Little Italy
5342,GLADSTONE AVE @ ROCHESTER ST,366662.9227,5029788.464,-75.7097338,45.40529965,2016-04-28,10:10,01 - Clear,01 - Dry,01 - Traffic signal,03 - At intersection,01 - Daylight,02 - Non-fatal injury,02 - Angle,Centretown West
5343,GLADSTONE AVE @ ROCHESTER ST,366661.9475,5029789.442,-75.70974613,45.40530854,2016-02-08,19:14,01 - Clear,01 - Dry,01 - Traffic signal,03 - At intersection,07 - Dark,02 - Non-fatal injury,05 - Turning movement,Centretown West
5344,GLADSTONE AVE @ ROCHESTER ST,366662.4785,5029786.468,-75.70973972,45.40528173,2016-09-07,14:22,01 - Clear,01 - Dry,01 - Traffic signal,03 - At intersection,01 - Daylight,02 - Non-fatal injury,02 - Angle,Little Italy
5345,GLADSTONE AVE @ ROCHESTER ST,366662.698,5029787.98,-75.70973673,45.40529532,2016-11-08,11:32,01 - Clear,01 - Dry,01 - Traffic signal,03 - At intersection,01 - Daylight,02 - Non-fatal injury,07 - SMV other,Little Italy
5346,GLADSTONE AVE @ ROCHESTER ST,366661.0417,5029787.152,-75.70975799,45.40528802,2016-08-30,22:34,01 - Clear,01 - Dry,01 - Traffic signal,02 - Intersection related,07 - Dark,03 - P.D. only,03 - Rear end,Little Italy
5347,GLADSTONE AVE @ ROCHESTER ST,366661.5236,5029787.377,-75.70975181,45.40529,2016-02-03,9:46,04 - Freezing Rain,02 - Wet,01 - Traffic signal,02 - Intersection related,01 - Daylight,03 - P.D. only,05 - Turning movement,Little Italy
5348,GLADSTONE AVE @ ROCHESTER ST,366663.8344,5029787.566,-75.70972227,45.40529149,2016-07-15,16:47,02 - Rain,02 - Wet,01 - Traffic signal,03 - At intersection,01 - Daylight,03 - P.D. only,02 - Angle,Little Italy
5349,GLADSTONE AVE @ ROSEMOUNT AVE,365454.3665,5029222.783,-75.72524061,45.40031556,2016-02-18,16:58,01 - Clear,02 - Wet,02 - Stop sign,02 - Intersection related,01 - Daylight,02 - Non-fatal injury,03 - Rear end,Civi
5350,GLADSTONE AVE @ ST. FRANCIS ST,365661.7067,5029312.789,-75.72258132,45.40110742,2016-03-21,12:15,01 - Clear,01 - Dry,02 - Stop sign,02 - Intersection related,01 - Daylight,03 - P.D. only,99 - Other,Civi
5351,GLADSTONE AVE btwn BANK ST & O'CONNOR ST,368040.305,5030639.258,-75.69203106,45.41283174,2016-02-10,15:02,01 - Clear,02 - Wet,10 - No control,01 - Non intersection,01 - Daylight,03 - P.D. only,06 - SMV unattended vehicle,Centretown
5352,GLADSTONE AVE btwn BAY ST & LYON ST N,367576.4982,5030358.865,-75.69799186,45.41035061,2016-06-21,11:05,01 - Clear,01 - Dry,10 - No control,01 - Non intersection,01 - Daylight,03 - P.D. only,04 - Sideswipe,Centretown
5353,GLADSTONE AVE btwn BOOTH ST & LEBRETON ST N,366773.4923,5029858.41,-75.70831267,45.40591923,2016-05-09,5:47,01 - Clear,01 - Dry,10 - No control,01 - Non intersection,03 - Dawn,02 - Non-fatal injury,07 - SMV other,Centretown West
5354,GLADSTONE AVE btwn BRONSON AVE & PERCY ST,367311.3172,5030194.558,-75.70140022,45.40889596,2016-12-14,14:01,01 - Clear,01 - Dry,10 - No control,01 - Non intersection,01 - Daylight,03 - P.D. only,04 - Sideswipe,Centretown
5355,GLADSTONE AVE btwn CAMBRIDGE ST N & BRONSON AVE,367120.1609,5030072.208,-75.70385752,45.40781214,2016-08-04,17:47,01 - Clear,01 - Dry,10 - No control,04 - At/near private drive,01 - Daylight,02 - Non-fatal injury,05 - Turning movement,Centretown West
5356,GLADSTONE AVE btwn CAMBRIDGE ST N & BRONSON AVE,367069.0954,5030040.082,-75.70451388,45.40752763,2016-02-25,12:51,01 - Clear,01 - Dry,10 - No control,04 - At/near private drive,01 - Daylight,03 - P.D. only,02 - Angle,Centretown West
5357,GLADSTONE AVE btwn KENT ST & BANK ST,367907.9248,5030557.302,-75.6937327,45.41210628,2016-01-19,20:46,01 - Clear,05 - Packed snow,10 - No control,04 - At/near private drive,07 - Dark,03 - P.D. only,02 - Angle,Centretown
5358,GLADSTONE AVE btwn KENT ST & BANK ST,367908.4248,5030556.359,-75.69372643,45.41209775,2016-12-15,13:37,01 - Clear,03 - Loose snow,10 - No control,01 - Non intersection,01 - Daylight,03 - P.D. only,06 - SMV unattended vehicle,Centretown
5359,GLADSTONE AVE btwn LYON ST N & KENT ST,367641.0132,5030396.478,-75.69716293,45.41068325,2016-06-10,12:57,01 - Clear,01 - Dry,10 - No control,04 - At/near private drive,01 - Daylight,03 - P.D. only,06 - SMV unattended vehicle,Centretown
5360,GLADSTONE AVE btwn METCALFE ST & ELGIN ST,368302.3631,5030794.623,-75.68866328,45.41420593,2016-03-03,9:44,01 - Clear,05 - Packed snow,10 - No control,04 - At/near private drive,01 - Daylight,02 - Non-fatal injury,02 - Angle,Centretown
5361,GLADSTONE AVE btwn METCALFE ST & ELGIN ST,368358.2824,5030828.588,-75.68794452,45.41450646,2016-01-06,13:29,03 - Snow,05 - Packed snow,10 - No control,01 - Non intersection,01 - Daylight,03 - P.D. only,06 - SMV unattended vehicle,Centretown
5362,GLADSTONE AVE btwn METCALFE ST & ELGIN ST,368309.1208,5030797.841,-75.68857654,45.41423428,2016-08-12,17:30,02 - Rain,02 - Wet,10 - No control,04 - At/near private drive,01 - Daylight,03 - P.D. only,02 - Angle,Centretown
5363,GLADSTONE AVE btwn PERCY ST & BAY ST,367344.7241,5030217.504,-75.70097056,45.40909944,2016-05-30,17:00,01 - Clear,01 - Dry,10 - No control,01 - Non intersection,01 - Daylight,03 - P.D. only,01 - Approaching,Centretown
5364,GLADSTONE AVE btwn PRESTON ST & ROCHESTER ST,366585.0837,5029754.272,-75.71073234,45.40499888,2016-06-03,13:28,01 - Clear,01 - Dry,10 - No control,01 - Non intersection,01 - Daylight,03 - P.D. only,03 - Rear end,Little Italy
5365,GLADSTONE AVE btwn ST. FRANCIS ST & FAIRMONT AVE,365677.3885,5029319.833,-75.72238015,45.40116943,2016-07-31,5:40,01 - Clear,01 - Dry,10 - No control,04 - At/near private drive,03 - Dawn,02 - Non-fatal injury,06 - SMV unattended vehicle,Civi
5366,GLADWIN CRES @ LANCASTER RD,373459.0749,5029474.897,-75.62296992,45.40184471,2016-08-16,11:57,01 - Clear,01 - Dry,02 - Stop sign,03 - At intersection,01 - Daylight,03 - P.D. only,02 - Angle,Industrial Park
5367,GLADWIN CRES @ LANCASTER RD,373459.0749,5029475.775,-75.6229698,45.40185261,2016-11-09,15:10,01 - Clear,01 - Dry,02 - Stop sign,02 - Intersection related,01 - Daylight,03 - P.D. only,03 - Rear end,Industrial Park
5368,GLADWIN CRES btwn BOURASSA ST & END,373349.2498,5029744.286,-75.62433518,45.40427931,2016-05-11,13:39,01 - Clear,01 - Dry,10 - No control,01 - Non intersection,01 - Daylight,03 - P.D. only,03 - Rear end,Industrial Park
5369,GLAMORGAN DR btwn UXBRIDGE CRES & HEATHCLIFFE CRT,353553.0984,5016391.289,-75.87851415,45.28578579,2016-05-27,22:08,01 - Clear,01 - Dry,10 - No control,01 - Non intersection,07 - Dark,02 - Non-fatal injury,06 - SMV unattended vehicle,Glen Cairn - Kanata South Business Park
5370,GLANDRIEL CRES btwn VALIN ST & CLENDENAN CRES,386766.1484,5037948.457,-75.45160463,45.47665002,2016-03-16,16:22,01 - Clear,01 - Dry,10 - No control,04 - At/near private drive,01 - Daylight,03 - P.D. only,06 - SMV unattended vehicle,Cardinal Creek
5371,GLEBE AVE @ O'CONNOR ST,368507.4872,5029950.22,-75.68615192,45.40658963,2016-01-17,14:50,01 - Clear,02 - Wet,02 - Stop sign,03 - At intersection,01 - Daylight,02 - Non-fatal injury,01 - Approaching,The Glebe
5372,GLEBE AVE btwn BRONSON AVE & PERCY ST,367482.7847,5029324.709,-75.69932046,45.40105398,2016-05-28,9:30,01 - Clear,01 - Dry,10 - No control,01 - Non intersection,01 - Daylight,03 - P.D. only,06 - SMV unattended vehicle,The Glebe
5373,GLEBE AVE btwn LYON ST S & BANK ST,368019.4389,5029655.609,-75.69242376,45.40398306,2016-03-27,12:56,01 - Clear,01 - Dry,10 - No control,01 - Non intersection,01 - Daylight,03 - P.D. only,06 - SMV unattended vehicle,The Glebe
5374,GLEN PARK DR btwn COMPATA WAY & FAIRGLEN MEWS,377930.0137,5032589.771,-75.5654047,45.42941762,2016-10-30,0:00,01 - Clear,02 - Wet,10 - No control,01 - Non intersection,00 - Unknown,03 - P.D. only,06 - SMV unattended vehicle,Blackburn Hamlet
5375,GLENBRAE AVE btwn MARCONI AVE & CELTIC RIDGE CRES,349517.5946,5024763.07,-75.92919853,45.36138564,2016-05-03,19:30,01 - Clear,01 - Dry,10 - No control,04 - At/near private drive,01 - Daylight,02 - Non-fatal injury,07 - SMV other,South March
5376,GLENEAGLES AVE @ ST. GEORGES ST,382780.527,5037107.363,-75.5027086,45.46953909,2016-10-06,7:52,01 - Clear,01 - Dry,02 - Stop sign,02 - Intersection related,01 - Daylight,03 - P.D. only,06 - SMV unattended vehicle,Queenswood Heights
5377,GLENLIVET AVE @ RENAUD RD,382141.017,5032935.209,-75.51154202,45.43207262,2016-01-26,11:07,02 - Rain,02 - Wet,02 - Stop sign,03 - At intersection,01 - Daylight,03 - P.D. only,02 - Angle,Chapel Hill South
5378,GLENMANOR DR btwn HILLMOUNT CRES & KINGSBURY AVE,364798.7564,5022618.327,-75.73441637,45.34094625,2016-04-22,15:30,01 - Clear,01 - Dry,10 - No control,01 - Non intersection,01 - Daylight,03 - P.D. only,06 - SMV unattended vehicle,Tanglewood
5379,GLENMANOR DR E @ VIEWMOUNT DR E,365107.1803,5022900.406,-75.73044686,45.34345791,2016-04-12,13:32,01 - Clear,01 - Dry,02 - Stop sign,03 - At intersection,01 - Daylight,03 - P.D. only,02 - Angle,Crestview - Meadowlands
5380,GLENMANOR DR E @ VIEWMOUNT DR E,365108.3668,5022899.895,-75.73043178,45.34345321,2016-03-09,12:32,02 - Rain,02 - Wet,02 - Stop sign,03 - At intersection,01 - Daylight,03 - P.D. only,02 - Angle,Crestview - Meadowlands
5381,GLENMANOR DR E @ VIEWMOUNT DR E,365107.8029,5022899.968,-75.73043897,45.34345392,2016-07-11,16:13,01 - Clear,01 - Dry,02 - Stop sign,03 - At intersection,01 - Daylight,03 - P.D. only,02 - Angle,Crestview - Meadowlands
5382,GLENORA AVE @ HERRIDGE ST,369145.6216,5030016.61,-75.67799207,45.40712861,2016-11-15,15:30,01 - Clear,01 - Dry,02 - Stop sign,03 - At intersection,01 - Daylight,03 - P.D. only,02 - Angle,Old Ottawa East
5383,GLOUCESTER ST @ KENT ST,367356.8731,5031099.814,-75.70070339,45.41703711,2016-12-01,16:49,02 - Rain,02 - Wet,01 - Traffic signal,03 - At intersection,05 - Dusk,02 - Non-fatal injury,07 - SMV other,Centretown
5384,GLOUCESTER ST @ KENT ST,367357.186,5031098.271,-75.70069959,45.4170232,2016-11-18,7:33,01 - Clear,01 - Dry,01 - Traffic signal,03 - At intersection,01 - Daylight,03 - P.D. only,02 - Angle,Centretown
5385,GLOUCESTER ST @ LYON ST,367193.5854,5031002.201,-75.70280189,45.4161734,2016-01-26,13:42,01 - Clear,02 - Wet,01 - Traffic signal,03 - At intersection,01 - Daylight,02 - Non-fatal injury,07 - SMV other,Downtown
5386,GLOUCESTER ST @ O'CONNOR ST,367678.7094,5031292.956,-75.69656701,45.41874609,2016-03-31,11:30,02 - Rain,02 - Wet,01 - Traffic signal,03 - At intersection,01 - Daylight,02 - Non-fatal injury,07 - SMV other,Downtown
5387,GLOUCESTER ST @ O'CONNOR ST,367679.3912,5031292.126,-75.6965584,45.41873856,2016-06-27,2:20,02 - Rain,02 - Wet,01 - Traffic signal,03 - At intersection,07 - Dark,03 - P.D. only,02 - Angle,Downtown
5388,GLOUCESTER ST btwn BANK ST & O'CONNOR ST,367611.5672,5031251.717,-75.69743009,45.41838107,2016-02-17,14:06,03 - Snow,03 - Loose snow,10 - No control,01 - Non intersection,01 - Daylight,03 - P.D. only,06 - SMV unattended vehicle,Centretown
5389,GLOUCESTER ST btwn BANK ST & O'CONNOR ST,367583.0622,5031236.086,-75.69779626,45.41824298,2016-07-19,10:51,01 - Clear,01 - Dry,10 - No control,01 - Non intersection,01 - Daylight,03 - P.D. only,04 - Sideswipe,Downtown
5390,GLOUCESTER ST btwn KENT ST & BANK ST,367506.3451,5031188.435,-75.69878248,45.41782112,2016-05-23,0:00,01 - Clear,01 - Dry,10 - No control,01 - Non intersection,00 - Unknown,03 - P.D. only,06 - SMV unattended vehicle,Centretown
5391,GLOUCESTER ST btwn KENT ST & BANK ST,367406.1104,5031127.663,-75.7000708,45.41728328,2016-07-16,13:26,01 - Clear,01 - Dry,10 - No control,01 - Non intersection,01 - Daylight,03 - P.D. only,06 - SMV unattended vehicle,Centretown
5392,GLOUCESTER ST btwn KENT ST & BANK ST,367369.8772,5031105.337,-75.70053655,45.41708564,2016-06-14,15:16,01 - Clear,01 - Dry,10 - No control,01 - Non intersection,01 - Daylight,03 - P.D. only,04 - Sideswipe,Centretown
5393,GLOUCESTER ST btwn KENT ST & BANK ST,367361.5345,5031100.602,-75.70064373,45.41704379,2016-05-06,18:20,01 - Clear,01 - Dry,10 - No control,01 - Non intersection,01 - Daylight,03 - P.D. only,04 - Sideswipe,Centretown
5394,GLOUCESTER ST btwn LYON ST N & KENT ST,367312.1527,5031071.657,-75.7012783,45.41678776,2016-12-05,11:54,03 - Snow,03 - Loose snow,10 - No control,04 - At/near private drive,01 - Daylight,03 - P.D. only,06 - SMV unattended vehicle,Downtown
5395,GLOUCESTER ST btwn METCALFE ST & ELGIN ST,367903.0656,5031427.743,-75.69368332,45.41993866,2016-09-07,14:32,01 - Clear,01 - Dry,10 - No control,01 - Non intersection,01 - Daylight,03 - P.D. only,06 - SMV unattended vehicle,Downtown
5396,GOLDEN AVE @ RICHMOND RD,362862.7031,5028026.653,-75.75848275,45.3897727,2016-01-29,16:47,01 - Clear,02 - Wet,01 - Traffic signal,03 - At intersection,05 - Dusk,02 - Non-fatal injury,03 - Rear end,Carlingwood - McKellar Park - Laurentien View
5397,GOLDEN AVE @ RICHMOND RD,362862.4697,5028026.765,-75.75848572,45.38977373,2016-02-09,15:00,01 - Clear,01 - Dry,01 - Traffic signal,03 - At intersection,01 - Daylight,03 - P.D. only,02 - Angle,Carlingwood - McKellar Park - Laurentien View
5398,GOLDEN AVE @ RICHMOND RD,362861.861,5028027.788,-75.75849337,45.38978298,2016-11-24,8:36,03 - Snow,05 - Packed snow,01 - Traffic signal,02 - Intersection related,01 - Daylight,03 - P.D. only,03 - Rear end,Woodroffe - Lincoln Heights
5399,GOLDEN AVE btwn RICHMOND RD & BYRON AVE,362880.7616,5027988.293,-75.75825666,45.38942605,2016-06-27,11:59,01 - Clear,01 - Dry,10 - No control,01 - Non intersection,01 - Daylight,03 - P.D. only,04 - Sideswipe,Carlingwood - McKellar Park - Laurentien View
5400,GOLDEN LINE RD btwn MARCH RD & Continuation of GOLDEN LINE RD,332694.4863,5012036.583,-76.14464928,45.24773673,2016-10-15,21:05,01 - Clear,01 - Dry,10 - No control,01 - Non intersection,07 - Dark,03 - P.D. only,07 - SMV other,Mississipp
5401,GOLDENBROOK WAY @ HARVEST VALLEY AVE,384940.0209,5034498.827,-75.47552038,45.44582549,2016-01-11,14:48,01 - Clear,02 - Wet,01 - Traffic signal,03 - At intersection,01 - Daylight,03 - P.D. only,02 - Angle,Avalon
5402,GOLDENBROOK WAY btwn HARVEST VALLEY AVE & FAIRLAKES WAY,384950.3285,5034476.701,-75.47539224,45.44562524,2016-01-03,0:00,01 - Clear,01 - Dry,10 - No control,01 - Non intersection,00 - Unknown,03 - P.D. only,06 - SMV unattended vehicle,Avalon
5403,GOLDRIDGE DR btwn BLACKDOME CRES & BLACKDOME CRES,350260.9318,5020018.576,-75.92014657,45.3186458,2016-06-02,18:46,01 - Clear,01 - Dry,10 - No control,01 - Non intersection,01 - Daylight,03 - P.D. only,03 - Rear end,Kanata Lakes - Marchwood Lakeside - Morgan's Grant - Kanata
5404,GOLDRIDGE DR btwn CHELTONIA WAY & INSMILL CRES (2),349744.0431,5019337.81,-75.9268009,45.31255336,2016-02-17,14:07,01 - Clear,03 - Loose snow,10 - No control,01 - Non intersection,01 - Daylight,03 - P.D. only,04 - Sideswipe,Kanata Lakes - Marchwood Lakeside - Morgan's Grant - Kanata
5405,GOLF CLUB WAY btwn NO NAME & WESTLEIGH BLVD,342365.9945,5008327.833,-76.02172669,45.2139136,2016-06-19,5:41,01 - Clear,01 - Dry,10 - No control,01 - Non intersection,03 - Dawn,03 - P.D. only,07 - SMV other,Munster Hamlet - Richmond
5406,GOLFLINKS DR btwn HAWKTREE RDG & FERGUSLEA LANE,366160.7881,5012748.068,-75.71825978,45.25201667,2016-02-22,19:03,01 - Clear,01 - Dry,10 - No control,01 - Non intersection,07 - Dark,03 - P.D. only,06 - SMV unattended vehicle,New Barrhaven
5407,GOLFLINKS DR E @ JOCKVALE RD,366027.9035,5012607.394,-75.71996991,45.25076246,2016-10-27,18:10,03 - Snow,03 - Loose snow,02 - Stop sign,02 - Intersection related,05 - Dusk,03 - P.D. only,03 - Rear end,New Barrhaven
5408,GOOSE RIVER AVE btwn GOLDENEYE WAY & ROCKY HARBOUR CRES,368842.8689,5016240.969,-75.68364291,45.28320643,2016-04-16,18:27,01 - Clear,01 - Dry,10 - No control,04 - At/near private drive,01 - Daylight,03 - P.D. only,06 - SMV unattended vehicle,Gloucester
5409,GORE PRIV btwn GABLE PRIV & GATEVILLE PRIV,372132.6161,5026422.372,-75.64032823,45.37450815,2016-09-10,15:38,01 - Clear,01 - Dry,10 - No control,04 - At/near private drive,01 - Daylight,03 - P.D. only,02 - Angle,Ledbury - Heron Gate - Ridgemont - Elmwood
5410,GOUGH RD @ LORDS MANOR LANE,373566.6159,5010806.921,-75.62418797,45.23386592,2016-11-17,9:18,01 - Clear,01 - Dry,02 - Stop sign,03 - At intersection,01 - Daylight,02 - Non-fatal injury,03 - Rear end,Manotick
5411,GOUGH RD @ MANOTICK STATION RD,374398.2821,5011331.418,-75.61352375,45.23850351,2016-12-21,11:11,01 - Clear,02 - Wet,02 - Stop sign,03 - At intersection,01 - Daylight,03 - P.D. only,03 - Rear end,Greely
5412,GOULBOURN FORCED RD @ INNOVATION DR,349438.006,5022666.636,-75.93040365,45.34252653,2016-10-27,21:30,03 - Snow,04 - Slush,10 - No control,02 - Intersection related,07 - Dark,03 - P.D. only,07 - SMV other,South March
5413,GOULBOURN FORCED RD @ KANATA AVE,349777.7835,5020352.462,-75.92627848,45.32168131,2016-09-22,12:26,01 - Clear,01 - Dry,01 - Traffic signal,03 - At intersection,01 - Daylight,03 - P.D. only,05 - Turning movement,Kanata Lakes - Marchwood Lakeside - Morgan's Grant - Kanata
5414,GOULBOURN FORCED RD @ KEYROCK DR,349519.886,5020794.241,-75.92952807,45.32567303,2016-05-04,17:58,01 - Clear,01 - Dry,02 - Stop sign,02 - Intersection related,01 - Daylight,03 - P.D. only,03 - Rear end,Kanata Lakes - Marchwood Lakeside - Morgan's Grant - Kanata
5415,GOULBOURN FORCED RD btwn INNOVATION DR & KANATA ROCKERIES PRIV,349304.5584,5021823.908,-75.9321822,45.33495193,2016-02-20,13:06,02 - Rain,02 - Wet,10 - No control,04 - At/near private drive,01 - Daylight,03 - P.D. only,05 - Turning movement,Kanata Lakes - Marchwood Lakeside - Morgan's Grant - Kanata
5416,GOULBOURN FORCED RD btwn INNOVATION DR & KANATA ROCKERIES PRIV,349304.5584,5021823.908,-75.9321822,45.33495193,2016-02-20,14:35,02 - Rain,04 - Slush,10 - No control,04 - At/near private drive,01 - Daylight,03 - P.D. only,02 - Angle,Kanata Lakes - Marchwood Lakeside - Morgan's Grant - Kanata
5417,GOULBOURN FORCED RD btwn INNOVATION DR & KANATA ROCKERIES PRIV,349304.5584,5021823.908,-75.9321822,45.33495193,2016-12-17,12:50,03 - Snow,04 - Slush,10 - No control,01 - Non intersection,01 - Daylight,03 - P.D. only,07 - SMV other,Kanata Lakes - Marchwood Lakeside - Morgan's Grant - Kanata
5418,GOULBOURN FORCED RD btwn INNOVATION DR & KANATA ROCKERIES PRIV,349304.5584,5021823.908,-75.9321822,45.33495193,2016-12-07,19:35,01 - Clear,01 - Dry,10 - No control,01 - Non intersection,07 - Dark,03 - P.D. only,07 - SMV other,Kanata Lakes - Marchwood Lakeside - Morgan's Grant - Kanata
5419,GOULBOURN FORCED RD btwn KANATA ROCKERIES PRIV & KANATA AVE,349601.8882,5020593.2,-75.92850025,45.32385878,2016-08-19,3:05,01 - Clear,01 - Dry,10 - No control,01 - Non intersection,07 - Dark,02 - Non-fatal injury,07 - SMV other,Kanata Lakes - Marchwood Lakeside - Morgan's Grant - Kanata
5420,GOULBOURN FORCED RD btwn KANATA ROCKERIES PRIV & KANATA AVE,349610.6662,5020577.063,-75.92838974,45.32371302,2016-04-06,16:50,03 - Snow,03 - Loose snow,10 - No control,01 - Non intersection,01 - Daylight,03 - P.D. only,07 - SMV other,Kanata Lakes - Marchwood Lakeside - Morgan's Grant - Kanata
5421,GOULBOURN FORCED RD btwn TERRY FOX DR & KANATA ROCKERIES PRIV,349351.491,5022711.203,-75.93150354,45.34293305,2016-09-18,12:33,01 - Clear,01 - Dry,10 - No control,01 - Non intersection,01 - Daylight,02 - Non-fatal injury,04 - Sideswipe,South March
5422,GOULBOURN FORCED RD btwn TERRY FOX DR & KANATA ROCKERIES PRIV,349353.7416,5022460.233,-75.93149743,45.34067462,2016-11-27,12:10,01 - Clear,01 - Dry,04 - Ped. crossover,01 - Non intersection,01 - Daylight,02 - Non-fatal injury,03 - Rear end,South March
5423,GOULBOURN FORCED RD btwn TERRY FOX DR & KANATA ROCKERIES PRIV,349268.5788,5021561.862,-75.93266478,45.33259626,2016-03-14,12:05,02 - Rain,02 - Wet,10 - No control,04 - At/near private drive,01 - Daylight,03 - P.D. only,02 - Angle,Kanata Lakes - Marchwood Lakeside - Morgan's Grant - Kanata
5424,GOULBOURN FORCED RD btwn TERRY FOX DR & KANATA ROCKERIES PRIV,349477.8789,5021053.512,-75.93004052,45.3280087,2016-03-01,18:13,03 - Snow,06 - Ice,10 - No control,01 - Non intersection,05 - Dusk,03 - P.D. only,07 - SMV other,Kanata Lakes - Marchwood Lakeside - Morgan's Grant - Kanata
5425,GOULBURN AVE @ SOMERSET ST,369472.3312,5031989.835,-75.67355988,45.42485285,2016-12-15,12:37,03 - Snow,06 - Ice,02 - Stop sign,03 - At intersection,01 - Daylight,02 - Non-fatal injury,02 - Angle,Sandy Hill