Record,Location,X,Y,lon,lat,Date,Time,Environment,Road_Surface,Traffic_Control,Collision_Location,Light,Collision_Classification,Impact_type,Neighborhood
5426,GOULBURN AVE @ SOMERSET ST,369472.0766,5031990.089,-75.6735631,45.42485516,2016-10-20,17:15,02 - Rain,02 - Wet,02 - Stop sign,03 - At intersection,01 - Daylight,02 - Non-fatal injury,02 - Angle,Sandy Hill
5427,GOULBURN AVE @ SOMERSET ST,369471.7467,5031988.274,-75.67356755,45.42483886,2016-10-03,17:10,01 - Clear,01 - Dry,02 - Stop sign,03 - At intersection,01 - Daylight,03 - P.D. only,02 - Angle,Sandy Hill
5428,GOULBURN AVE @ TEMPLETON ST,369577.0531,5031819.801,-75.67224415,45.42331326,2016-11-03,11:25,02 - Rain,02 - Wet,02 - Stop sign,03 - At intersection,01 - Daylight,03 - P.D. only,02 - Angle,Sandy Hill
5429,GRACEWOOD CRES btwn CREEKVIEW WAY E & FINDLAY CREEK DR E,374475.7228,5019643.832,-75.61137085,45.31328852,2016-12-29,0:00,01 - Clear,01 - Dry,10 - No control,01 - Non intersection,00 - Unknown,03 - P.D. only,06 - SMV unattended vehicle,Greenbelt
5430,GRACEWOOD CRES btwn CREEKVIEW WAY W & SLATTERY'S FIELD ST W,374277.4059,5019695.44,-75.6138926,45.31377252,2016-10-12,0:00,01 - Clear,01 - Dry,10 - No control,01 - Non intersection,00 - Unknown,03 - P.D. only,06 - SMV unattended vehicle,Greenbelt
5431,GRAINSTONE WAY/ GRAND MANAN CIRC @ HUNTSVILLE DR,348784.7435,5019897.788,-75.93898513,45.31765295,2016-03-04,8:55,01 - Clear,01 - Dry,02 - Stop sign,02 - Intersection related,01 - Daylight,03 - P.D. only,02 - Angle,Kanata Lakes - Marchwood Lakeside - Morgan's Grant - Kanata
5432,GRANGE AVE btwn SPENCER ST & WELLINGTON ST W,364581.2061,5029073.099,-75.73641093,45.39904383,2016-08-11,8:23,01 - Clear,01 - Dry,10 - No control,01 - Non intersection,01 - Daylight,03 - P.D. only,06 - SMV unattended vehicle,Island Park
5433,GRANGE AVE btwn SPENCER ST & WELLINGTON ST W,364590.3935,5029048.109,-75.73629662,45.3988182,2016-12-22,16:28,01 - Clear,04 - Slush,10 - No control,01 - Non intersection,05 - Dusk,03 - P.D. only,06 - SMV unattended vehicle,Island Park
5434,GRANGEMILL AVE btwn FOOTHILLS DR & CASSIDY RD,358863.1416,5021230.764,-75.81030053,45.32894343,2016-12-19,16:23,01 - Clear,04 - Slush,10 - No control,01 - Non intersection,05 - Dusk,03 - P.D. only,06 - SMV unattended vehicle,Bells Corners East
5435,GRANITE CRT btwn Continuation of GRANITE CRT & BRIDGESTONE DR,355314.3797,5015653.575,-75.8561385,45.27902331,2016-07-07,9:27,01 - Clear,01 - Dry,10 - No control,01 - Non intersection,01 - Daylight,03 - P.D. only,06 - SMV unattended vehicle,Bridlewood - Emerald Meadows
5436,GRANT CARMAN DR @ MEADOWLANDS DR,365052.36,5023902.617,-75.73102423,45.35248038,2016-01-09,12:57,02 - Rain,02 - Wet,01 - Traffic signal,03 - At intersection,01 - Daylight,02 - Non-fatal injury,02 - Angle,Cityview - Skyline - Fisher Heights
5437,GRANT CARMAN DR @ MEADOWLANDS DR,365052.5223,5023901.921,-75.73102225,45.35247411,2016-11-23,16:51,01 - Clear,01 - Dry,01 - Traffic signal,03 - At intersection,05 - Dusk,02 - Non-fatal injury,03 - Rear end,Cityview - Skyline - Fisher Heights
5438,GRANT CARMAN DR @ MEADOWLANDS DR,365052.3365,5023900.564,-75.73102478,45.35246191,2016-02-17,19:05,06 - Strong wind,06 - Ice,01 - Traffic signal,03 - At intersection,07 - Dark,03 - P.D. only,05 - Turning movement,Cityview - Skyline - Fisher Heights
5439,GRANT CARMAN DR @ MEADOWLANDS DR,365051.4746,5023902.605,-75.73103553,45.35248035,2016-02-04,10:58,01 - Clear,02 - Wet,01 - Traffic signal,03 - At intersection,01 - Daylight,03 - P.D. only,07 - SMV other,Cityview - Skyline - Fisher Heights
5440,GRANT CARMAN DR @ MEADOWLANDS DR,365050.9436,5023903.384,-75.73104221,45.35248741,2016-01-16,11:51,03 - Snow,03 - Loose snow,01 - Traffic signal,02 - Intersection related,01 - Daylight,03 - P.D. only,03 - Rear end,Cityview - Skyline - Fisher Heights
5441,GRANT CARMAN DR @ MEADOWLANDS DR,365051.0355,5023901.288,-75.7310413,45.35246854,2016-01-20,9:10,01 - Clear,04 - Slush,01 - Traffic signal,03 - At intersection,01 - Daylight,03 - P.D. only,02 - Angle,Cityview - Skyline - Fisher Heights
5442,GRANT CARMAN DR @ MEADOWLANDS DR,365050.8952,5023900.708,-75.73104316,45.35246333,2016-04-03,16:28,01 - Clear,01 - Dry,01 - Traffic signal,03 - At intersection,01 - Daylight,03 - P.D. only,05 - Turning movement,Cityview - Skyline - Fisher Heights
5443,GRANT CARMAN DR @ MEADOWLANDS DR,365051.4686,5023900.831,-75.73103583,45.35246439,2016-06-16,12:12,01 - Clear,01 - Dry,01 - Traffic signal,03 - At intersection,01 - Daylight,03 - P.D. only,05 - Turning movement,Cityview - Skyline - Fisher Heights
5444,GRANT CARMAN DR @ MEADOWLANDS DR,365051.6941,5023902.75,-75.73103271,45.35248164,2016-11-15,0:45,01 - Clear,01 - Dry,01 - Traffic signal,03 - At intersection,07 - Dark,03 - P.D. only,07 - SMV other,Cityview - Skyline - Fisher Heights
5445,GRANT CARMAN DR @ VIEWMOUNT DR,365434.4852,5023081.289,-75.72624847,45.34505726,2016-10-19,8:55,01 - Clear,01 - Dry,02 - Stop sign,03 - At intersection,01 - Daylight,03 - P.D. only,02 - Angle,Borden Farm - Stewart Farm - Parkwood Hills - Fisher Glen
5446,GRANT CARMAN DR btwn FAMILY BROWN LANE & BASIL MACDONALD WAY,365336.7453,5023345.255,-75.7274633,45.34744083,2016-12-19,17:11,01 - Clear,01 - Dry,10 - No control,04 - At/near private drive,07 - Dark,03 - P.D. only,02 - Angle,Borden Farm - Stewart Farm - Parkwood Hills - Fisher Glen
5447,GRANT CARMAN DR btwn MEADOWLANDS DR E & FAMILY BROWN LANE,365067.4291,5023885.358,-75.73083403,45.35232379,2016-12-04,15:39,01 - Clear,01 - Dry,10 - No control,04 - At/near private drive,01 - Daylight,03 - P.D. only,03 - Rear end,Borden Farm - Stewart Farm - Parkwood Hills - Fisher Glen
5448,GRANVILLE ST btwn MONTFORT ST & MONTREAL RD,370814.3459,5033501.483,-75.65620962,45.43832864,2016-03-03,12:51,01 - Clear,01 - Dry,10 - No control,01 - Non intersection,01 - Daylight,03 - P.D. only,99 - Other,Vanier North
5449,GRANVILLE ST btwn MONTFORT ST & MONTREAL RD,370793.6028,5033553.116,-75.65646781,45.43879517,2016-05-14,19:00,01 - Clear,01 - Dry,10 - No control,04 - At/near private drive,01 - Daylight,03 - P.D. only,06 - SMV unattended vehicle,Vanier North
5450,GRASSY PLAINS DR @ STONEHAVEN DR,356204.4158,5015964.653,-75.84476253,45.28175793,2016-01-21,7:28,01 - Clear,01 - Dry,01 - Traffic signal,02 - Intersection related,03 - Dawn,02 - Non-fatal injury,03 - Rear end,Bridlewood - Emerald Meadows
5451,GRASSY PLAINS DR @ STONEHAVEN DR,356204.4123,5015964.206,-75.84476262,45.28175391,2016-06-20,17:30,01 - Clear,01 - Dry,01 - Traffic signal,02 - Intersection related,01 - Daylight,02 - Non-fatal injury,04 - Sideswipe,Bridlewood - Emerald Meadows
5452,GRASSY PLAINS DR @ STONEHAVEN DR,356206.2941,5015966.501,-75.8447384,45.28177442,2016-08-12,15:03,02 - Rain,02 - Wet,01 - Traffic signal,03 - At intersection,01 - Daylight,03 - P.D. only,03 - Rear end,Bridlewood - Emerald Meadows
5453,GRASSY PLAINS DR @ SUNNYBROOKE DR,355376.5326,5015575.814,-75.85535427,45.27831913,2016-12-15,11:35,01 - Clear,04 - Slush,02 - Stop sign,02 - Intersection related,01 - Daylight,03 - P.D. only,02 - Angle,Bridlewood - Emerald Meadows
5454,GRASSY PLAINS DR btwn GRANITE CRT & SUNNYBROOKE DR,355333.4008,5015631.148,-75.85589836,45.27882014,2016-07-09,11:41,02 - Rain,02 - Wet,10 - No control,01 - Non intersection,01 - Daylight,03 - P.D. only,06 - SMV unattended vehicle,Bridlewood - Emerald Meadows
5455,GRAVELLE CRES btwn INNES RD & INNES RD,377512.0869,5032708.686,-75.5707275,45.43053112,2016-03-16,0:00,01 - Clear,01 - Dry,10 - No control,01 - Non intersection,00 - Unknown,03 - P.D. only,06 - SMV unattended vehicle,Blackburn Hamlet
5456,GREELY LANE @ PARKWAY RD,377741.0026,5013583.219,-75.5706225,45.25842605,2016-01-11,9:17,01 - Clear,02 - Wet,02 - Stop sign,03 - At intersection,01 - Daylight,03 - P.D. only,07 - SMV other,Greely
5457,GREENBANK RD @ 207 S OF BELLMAN DR/GREENBANK S,361338.0113,5020827.209,-75.77877643,45.32511724,2016-09-30,14:41,01 - Clear,01 - Dry,01 - Traffic signal,02 - Intersection related,01 - Daylight,02 - Non-fatal injury,03 - Rear end,Nepean
5458,GREENBANK RD @ 207 S OF BELLMAN DR/GREENBANK S,361338.157,5020827.231,-75.77877457,45.32511743,2016-04-06,21:26,03 - Snow,05 - Packed snow,01 - Traffic signal,02 - Intersection related,07 - Dark,03 - P.D. only,03 - Rear end,Nepean
5459,GREENBANK RD @ 220 N OF STRANDHERD DR,363848.1603,5014983.779,-75.74745447,45.27233153,2016-07-30,11:45,01 - Clear,01 - Dry,01 - Traffic signal,03 - At intersection,01 - Daylight,02 - Non-fatal injury,07 - SMV other,New Barrhaven
5460,GREENBANK RD @ 220 N OF STRANDHERD DR,363848.1705,5014984.592,-75.74745424,45.27233884,2016-02-19,18:27,03 - Snow,04 - Slush,01 - Traffic signal,03 - At intersection,07 - Dark,03 - P.D. only,03 - Rear end,New Barrhaven
5461,GREENBANK RD @ BELLMAN DR/BATEMAN DR,361256.5393,5021018.198,-75.77979386,45.32684232,2016-04-14,12:08,01 - Clear,01 - Dry,01 - Traffic signal,03 - At intersection,01 - Daylight,02 - Non-fatal injury,02 - Angle,Woodvale - Craig Henry - Manordale - Estates of Arlington Wo
5462,GREENBANK RD @ BELLMAN DR/BATEMAN DR,361255.8913,5021017.411,-75.77980222,45.32683529,2016-09-20,10:50,01 - Clear,01 - Dry,01 - Traffic signal,03 - At intersection,01 - Daylight,02 - Non-fatal injury,07 - SMV other,Sheahan Estates - Trend Village - Arlington Woods
5463,GREENBANK RD @ BELLMAN DR/BATEMAN DR,361256.4535,5021018.155,-75.77979496,45.32684194,2016-03-05,13:43,01 - Clear,01 - Dry,01 - Traffic signal,02 - Intersection related,01 - Daylight,03 - P.D. only,03 - Rear end,Woodvale - Craig Henry - Manordale - Estates of Arlington Wo
5464,GREENBANK RD @ BELLMAN DR/BATEMAN DR,361256.8204,5021018.528,-75.77979024,45.32684526,2016-01-24,12:59,01 - Clear,01 - Dry,01 - Traffic signal,02 - Intersection related,01 - Daylight,03 - P.D. only,03 - Rear end,Woodvale - Craig Henry - Manordale - Estates of Arlington Wo
5465,GREENBANK RD @ BELLMAN DR/BATEMAN DR,361257.7978,5021017.264,-75.77977791,45.32683381,2016-04-10,16:50,01 - Clear,01 - Dry,01 - Traffic signal,02 - Intersection related,01 - Daylight,03 - P.D. only,03 - Rear end,Sheahan Estates - Trend Village - Arlington Woods
5466,GREENBANK RD @ BERRIGAN DR/WESSEX RD,363724.8433,5015273.225,-75.7489916,45.27494631,2016-08-27,11:46,01 - Clear,01 - Dry,01 - Traffic signal,02 - Intersection related,01 - Daylight,02 - Non-fatal injury,03 - Rear end,New Barrhaven
5467,GREENBANK RD @ BERRIGAN DR/WESSEX RD,363723.8447,5015276.619,-75.74900393,45.27497694,2016-03-14,14:47,02 - Rain,02 - Wet,01 - Traffic signal,02 - Intersection related,01 - Daylight,02 - Non-fatal injury,07 - SMV other,New Barrhaven
5468,GREENBANK RD @ BERRIGAN DR/WESSEX RD,363722.3645,5015276.425,-75.74902281,45.27497531,2016-05-13,15:25,01 - Clear,01 - Dry,01 - Traffic signal,02 - Intersection related,01 - Daylight,02 - Non-fatal injury,03 - Rear end,New Barrhaven
5469,GREENBANK RD @ BERRIGAN DR/WESSEX RD,363724.5099,5015276.839,-75.74899542,45.27497886,2016-12-11,10:30,01 - Clear,01 - Dry,01 - Traffic signal,03 - At intersection,01 - Daylight,02 - Non-fatal injury,07 - SMV other,New Barrhaven
5470,GREENBANK RD @ BERRIGAN DR/WESSEX RD,363722.0912,5015276.54,-75.74902628,45.27497637,2016-03-01,19:55,03 - Snow,03 - Loose snow,01 - Traffic signal,03 - At intersection,07 - Dark,03 - P.D. only,05 - Turning movement,New Barrhaven
5471,GREENBANK RD @ BERRIGAN DR/WESSEX RD,363723.1462,5015276.157,-75.74901288,45.27497284,2016-09-09,15:39,01 - Clear,01 - Dry,01 - Traffic signal,03 - At intersection,01 - Daylight,03 - P.D. only,03 - Rear end,New Barrhaven
5472,GREENBANK RD @ BERRIGAN DR/WESSEX RD,363724.3403,5015275.766,-75.74899771,45.27496922,2016-06-24,17:24,01 - Clear,01 - Dry,01 - Traffic signal,02 - Intersection related,01 - Daylight,03 - P.D. only,03 - Rear end,New Barrhaven
5473,GREENBANK RD @ BERRIGAN DR/WESSEX RD,363722.6108,5015276.157,-75.74901971,45.27497288,2016-09-05,16:13,01 - Clear,01 - Dry,01 - Traffic signal,02 - Intersection related,01 - Daylight,03 - P.D. only,03 - Rear end,New Barrhaven
5474,GREENBANK RD @ BERRIGAN DR/WESSEX RD,363723.9012,5015276.205,-75.74900326,45.27497321,2016-07-30,13:23,01 - Clear,01 - Dry,01 - Traffic signal,03 - At intersection,01 - Daylight,03 - P.D. only,05 - Turning movement,New Barrhaven
5475,GREENBANK RD @ BERRIGAN DR/WESSEX RD,363722.8535,5015275.182,-75.74901673,45.27496409,2016-11-21,19:28,03 - Snow,03 - Loose snow,01 - Traffic signal,02 - Intersection related,07 - Dark,03 - P.D. only,03 - Rear end,New Barrhaven
5476,GREENBANK RD @ BERRIGAN DR/WESSEX RD,363723.9012,5015277.083,-75.74900315,45.27498111,2016-11-14,17:22,01 - Clear,01 - Dry,01 - Traffic signal,02 - Intersection related,07 - Dark,03 - P.D. only,02 - Angle,New Barrhaven
5477,GREENBANK RD @ BERRIGAN DR/WESSEX RD,363724.8181,5015276.879,-75.74899149,45.27497919,2016-05-26,8:51,01 - Clear,01 - Dry,01 - Traffic signal,03 - At intersection,01 - Daylight,03 - P.D. only,05 - Turning movement,New Barrhaven
5478,GREENBANK RD @ BERRIGAN DR/WESSEX RD,363725.0035,5015278.021,-75.74898899,45.27498945,2016-11-17,16:19,01 - Clear,01 - Dry,01 - Traffic signal,02 - Intersection related,01 - Daylight,03 - P.D. only,03 - Rear end,New Barrhaven
5479,GREENBANK RD @ BERRIGAN DR/WESSEX RD,363724.5099,5015275.182,-75.74899562,45.27496395,2016-11-24,10:34,03 - Snow,04 - Slush,01 - Traffic signal,02 - Intersection related,01 - Daylight,03 - P.D. only,03 - Rear end,New Barrhaven
5480,GREENBANK RD @ CANFIELD RD/CRAIG HENRY DR,361107.1546,5021365.235,-75.78165991,45.32997696,2016-08-26,20:48,01 - Clear,01 - Dry,01 - Traffic signal,03 - At intersection,07 - Dark,02 - Non-fatal injury,05 - Turning movement,Woodvale - Craig Henry - Manordale - Estates of Arlington Wo
5481,GREENBANK RD @ CANFIELD RD/CRAIG HENRY DR,361106.0212,5021364.712,-75.78167443,45.32997234,2016-09-19,8:59,01 - Clear,01 - Dry,01 - Traffic signal,03 - At intersection,01 - Daylight,02 - Non-fatal injury,05 - Turning movement,Sheahan Estates - Trend Village - Arlington Woods
5482,GREENBANK RD @ CANFIELD RD/CRAIG HENRY DR,361106.677,5021363.453,-75.78166621,45.32996096,2016-10-27,10:00,01 - Clear,01 - Dry,01 - Traffic signal,02 - Intersection related,01 - Daylight,02 - Non-fatal injury,03 - Rear end,Woodvale - Craig Henry - Manordale - Estates of Arlington Wo
5483,GREENBANK RD @ CANFIELD RD/CRAIG HENRY DR,361107.5422,5021363.92,-75.78165512,45.32996509,2016-11-24,17:24,"07 - Fog, mist, smoke, dust",04 - Slush,01 - Traffic signal,03 - At intersection,07 - Dark,02 - Non-fatal injury,05 - Turning movement,Woodvale - Craig Henry - Manordale - Estates of Arlington Wo
5484,GREENBANK RD @ CANFIELD RD/CRAIG HENRY DR,361107.508,5021364.078,-75.78165554,45.32996652,2016-08-28,11:58,01 - Clear,01 - Dry,01 - Traffic signal,02 - Intersection related,01 - Daylight,03 - P.D. only,03 - Rear end,Woodvale - Craig Henry - Manordale - Estates of Arlington Wo
5485,GREENBANK RD @ CANFIELD RD/CRAIG HENRY DR,361107.0704,5021365.274,-75.78166098,45.32997731,2016-06-03,17:09,01 - Clear,01 - Dry,01 - Traffic signal,02 - Intersection related,01 - Daylight,03 - P.D. only,03 - Rear end,Woodvale - Craig Henry - Manordale - Estates of Arlington Wo
5486,GREENBANK RD @ HALF MOON BAY,364651.5955,5013125.004,-75.73743986,45.25553833,2016-08-31,9:40,01 - Clear,01 - Dry,02 - Stop sign,02 - Intersection related,01 - Daylight,02 - Non-fatal injury,03 - Rear end,New Barrhaven
5487,GREENBANK RD @ HARRISON ST/ASHGROVE CRES,360839.4622,5022007.275,-75.78500205,45.33577546,2016-09-21,10:35,01 - Clear,01 - Dry,01 - Traffic signal,03 - At intersection,01 - Daylight,02 - Non-fatal injury,07 - SMV other,Briar Green - Leslie Park
5488,GREENBANK RD @ HARRISON ST/ASHGROVE CRES,360839.5231,5022007.401,-75.78500125,45.33577659,2016-04-27,19:09,01 - Clear,01 - Dry,01 - Traffic signal,02 - Intersection related,01 - Daylight,02 - Non-fatal injury,03 - Rear end,Briar Green - Leslie Park
5489,GREENBANK RD @ HARRISON ST/ASHGROVE CRES,360839.9012,5022007.275,-75.78499645,45.33577542,2016-09-23,9:46,01 - Clear,02 - Wet,01 - Traffic signal,02 - Intersection related,01 - Daylight,03 - P.D. only,07 - SMV other,Briar Green - Leslie Park
5490,GREENBANK RD @ HARRISON ST/ASHGROVE CRES,360839.6069,5022007.407,-75.78500018,45.33577663,2016-07-28,14:51,01 - Clear,01 - Dry,01 - Traffic signal,03 - At intersection,01 - Daylight,03 - P.D. only,05 - Turning movement,Briar Green - Leslie Park
5491,GREENBANK RD @ HWY 417 IC129 RAMP57/IRIS ST,360531.8691,5023313.557,-75.78877911,45.34755387,2016-03-17,13:18,02 - Rain,02 - Wet,01 - Traffic signal,02 - Intersection related,01 - Daylight,02 - Non-fatal injury,03 - Rear end,Iris
5492,GREENBANK RD @ HWY 417 IC129 RAMP57/IRIS ST,360531.5285,5023312.714,-75.78878355,45.34754631,2016-02-26,22:30,01 - Clear,06 - Ice,01 - Traffic signal,03 - At intersection,07 - Dark,03 - P.D. only,04 - Sideswipe,Iris
5493,GREENBANK RD @ HWY 417 IC129 RAMP57/IRIS ST,360531.9008,5023312.517,-75.78877883,45.34754451,2016-02-14,15:34,01 - Clear,01 - Dry,01 - Traffic signal,02 - Intersection related,01 - Daylight,03 - P.D. only,03 - Rear end,Iris
5494,GREENBANK RD @ HWY 417 IC129 RAMP57/IRIS ST,360532.0425,5023313.722,-75.78877688,45.34755534,2016-10-17,15:33,01 - Clear,01 - Dry,01 - Traffic signal,02 - Intersection related,01 - Daylight,03 - P.D. only,03 - Rear end,Iris
5495,GREENBANK RD @ HWY 417 IC129 RAMP57/IRIS ST,360533.0336,5023312.304,-75.78876439,45.3475425,2016-09-08,6:58,02 - Rain,02 - Wet,01 - Traffic signal,02 - Intersection related,01 - Daylight,03 - P.D. only,03 - Rear end,Iris
5496,GREENBANK RD @ HWY 417 IC129 RAMP57/IRIS ST,360530.407,5023314.139,-75.7887977,45.34755922,2016-09-08,10:09,02 - Rain,02 - Wet,01 - Traffic signal,02 - Intersection related,01 - Daylight,03 - P.D. only,03 - Rear end,Iris
5497,GREENBANK RD @ HWY 417 IC129 RAMP57/IRIS ST,360531.6996,5023311.713,-75.78878148,45.34753729,2016-06-02,18:12,01 - Clear,01 - Dry,01 - Traffic signal,02 - Intersection related,01 - Daylight,03 - P.D. only,03 - Rear end,Iris
5498,GREENBANK RD @ HWY 417 IC129 RAMP57/IRIS ST,360529.8081,5023314.37,-75.78880532,45.34756135,2016-01-14,8:22,03 - Snow,03 - Loose snow,01 - Traffic signal,02 - Intersection related,01 - Daylight,03 - P.D. only,04 - Sideswipe,Iris
5499,GREENBANK RD @ HWY 417 IC129 RAMP57/IRIS ST,360530.945,5023312.769,-75.78879099,45.34754685,2016-07-30,14:31,01 - Clear,01 - Dry,01 - Traffic signal,02 - Intersection related,01 - Daylight,03 - P.D. only,03 - Rear end,Iris
5500,GREENBANK RD @ HWY 417 IC129 RAMP57/IRIS ST,360531.177,5023313.124,-75.78878799,45.34755003,2016-04-28,8:57,01 - Clear,01 - Dry,01 - Traffic signal,03 - At intersection,01 - Daylight,03 - P.D. only,04 - Sideswipe,Iris
5501,GREENBANK RD @ HWY 417 IC129 RAMP57/IRIS ST,360531.2761,5023312.46,-75.7887868,45.34754405,2016-05-24,17:04,01 - Clear,01 - Dry,01 - Traffic signal,02 - Intersection related,01 - Daylight,03 - P.D. only,03 - Rear end,Iris
5502,GREENBANK RD @ HWY 417 IC129 RAMP57/IRIS ST,360532.3673,5023311.991,-75.78877293,45.34753974,2016-09-09,12:44,01 - Clear,01 - Dry,01 - Traffic signal,02 - Intersection related,01 - Daylight,03 - P.D. only,03 - Rear end,Iris
5503,GREENBANK RD @ HWY 417 IC129 RAMP57/IRIS ST,360531.3582,5023311.849,-75.78878583,45.34753854,2016-08-25,20:36,01 - Clear,01 - Dry,01 - Traffic signal,02 - Intersection related,07 - Dark,03 - P.D. only,03 - Rear end,Iris
5504,GREENBANK RD @ HWY 417 IC129 RAMP57/IRIS ST,360532.0319,5023313.016,-75.7887771,45.34754899,2016-06-06,18:30,01 - Clear,01 - Dry,01 - Traffic signal,02 - Intersection related,01 - Daylight,03 - P.D. only,03 - Rear end,Iris
5505,GREENBANK RD @ HWY 417 IC129 RAMP57/IRIS ST,360531.3417,5023312.418,-75.78878597,45.34754366,2016-09-27,9:06,01 - Clear,01 - Dry,01 - Traffic signal,03 - At intersection,01 - Daylight,03 - P.D. only,05 - Turning movement,Iris
5506,GREENBANK RD @ HWY 417 IC129 RAMP57/IRIS ST,360532.2577,5023311.999,-75.78877433,45.34753982,2016-10-16,12:20,02 - Rain,02 - Wet,01 - Traffic signal,02 - Intersection related,01 - Daylight,03 - P.D. only,03 - Rear end,Iris
5507,GREENBANK RD @ HWY 417 IC129 RAMP57/IRIS ST,360531.2939,5023311.59,-75.78878667,45.34753622,2016-07-05,13:38,01 - Clear,01 - Dry,01 - Traffic signal,02 - Intersection related,01 - Daylight,03 - P.D. only,03 - Rear end,Iris
5508,GREENBANK RD @ HWY 417 IC129 RAMP57/IRIS ST,360532.0425,5023314.55,-75.78877679,45.34756279,2016-10-08,12:53,02 - Rain,02 - Wet,01 - Traffic signal,02 - Intersection related,01 - Daylight,03 - P.D. only,03 - Rear end,Iris
5509,GREENBANK RD @ HWY 417 IC129 RAMP57/IRIS ST,360530.7178,5023312.314,-75.78879394,45.34754278,2016-07-11,18:00,01 - Clear,01 - Dry,01 - Traffic signal,02 - Intersection related,01 - Daylight,03 - P.D. only,03 - Rear end,Iris
5510,GREENBANK RD @ HWY 417 IC129 RAMP57/IRIS ST,360532.4988,5023313.695,-75.78877106,45.34755506,2016-03-06,17:07,01 - Clear,02 - Wet,01 - Traffic signal,03 - At intersection,01 - Daylight,03 - P.D. only,04 - Sideswipe,Iris
5511,GREENBANK RD @ HWY 417 IC129 RAMP57/IRIS ST,360531.309,5023312.67,-75.78878636,45.34754593,2016-12-08,18:00,03 - Snow,02 - Wet,01 - Traffic signal,02 - Intersection related,07 - Dark,03 - P.D. only,04 - Sideswipe,Iris
5512,GREENBANK RD @ JOCKVALE RD,364121.4623,5014331.09,-75.74404961,45.26643562,2016-05-28,13:29,01 - Clear,01 - Dry,01 - Traffic signal,02 - Intersection related,01 - Daylight,02 - Non-fatal injury,03 - Rear end,New Barrhaven
5513,GREENBANK RD @ JOCKVALE RD,364121.0219,5014331.079,-75.74405522,45.26643556,2016-03-05,9:00,01 - Clear,01 - Dry,01 - Traffic signal,02 - Intersection related,01 - Daylight,03 - P.D. only,03 - Rear end,New Barrhaven
5514,GREENBANK RD @ JOCKVALE RD,364119.3221,5014333.417,-75.7440766,45.26645674,2016-08-11,12:54,01 - Clear,01 - Dry,01 - Traffic signal,03 - At intersection,01 - Daylight,03 - P.D. only,05 - Turning movement,New Barrhaven
5515,GREENBANK RD @ JOCKVALE RD,364120.8596,5014330.827,-75.74405732,45.2664333,2016-11-18,17:42,01 - Clear,01 - Dry,01 - Traffic signal,02 - Intersection related,07 - Dark,03 - P.D. only,03 - Rear end,New Barrhaven
5516,GREENBANK RD @ KILBIRNIE DR,365285.2559,5011656.861,-75.72954585,45.24227377,2016-12-01,6:47,01 - Clear,02 - Wet,02 - Stop sign,03 - At intersection,07 - Dark,02 - Non-fatal injury,02 - Angle,New Barrhaven
5517,GREENBANK RD @ LARKIN DR,363176.6779,5016505.211,-75.75583258,45.28607747,2016-11-11,18:01,01 - Clear,01 - Dry,01 - Traffic signal,02 - Intersection related,07 - Dark,02 - Non-fatal injury,03 - Rear end,Barrhaven West - Old Barrhaven
5518,GREENBANK RD @ LARKIN DR,363176.9019,5016506.229,-75.7558296,45.28608661,2016-03-24,9:41,05 - Drifting Snow,03 - Loose snow,01 - Traffic signal,03 - At intersection,01 - Daylight,03 - P.D. only,05 - Turning movement,Barrhaven West - Old Barrhaven
5519,GREENBANK RD @ LISA AVE,360554.8424,5022894.499,-75.7885332,45.34378137,2016-05-20,15:57,01 - Clear,01 - Dry,01 - Traffic signal,02 - Intersection related,01 - Daylight,02 - Non-fatal injury,03 - Rear end,Iris
5520,GREENBANK RD @ LISA AVE,360554.0165,5022894.151,-75.78854378,45.3437783,2016-01-30,17:54,01 - Clear,02 - Wet,01 - Traffic signal,02 - Intersection related,07 - Dark,02 - Non-fatal injury,03 - Rear end,Iris
5521,GREENBANK RD @ LISA AVE,360553.0188,5022892.25,-75.78855672,45.34376128,2016-11-03,7:18,02 - Rain,02 - Wet,01 - Traffic signal,03 - At intersection,01 - Daylight,02 - Non-fatal injury,07 - SMV other,Iris
5522,GREENBANK RD @ LISA AVE,360554.1845,5022893.496,-75.78854171,45.34377239,2016-12-24,12:39,01 - Clear,02 - Wet,01 - Traffic signal,03 - At intersection,01 - Daylight,02 - Non-fatal injury,05 - Turning movement,Iris
5523,GREENBANK RD @ LISA AVE,360553.7566,5022894.181,-75.78854709,45.34377859,2016-02-17,12:23,01 - Clear,03 - Loose snow,01 - Traffic signal,03 - At intersection,01 - Daylight,03 - P.D. only,05 - Turning movement,Iris
5524,GREENBANK RD @ LISA AVE,360554.9024,5022893.038,-75.7885326,45.34376822,2016-07-09,17:05,02 - Rain,02 - Wet,01 - Traffic signal,02 - Intersection related,01 - Daylight,03 - P.D. only,03 - Rear end,Iris
5525,GREENBANK RD @ LISA AVE,360555.1657,5022893.496,-75.78852919,45.34377232,2016-10-19,10:58,01 - Clear,01 - Dry,01 - Traffic signal,02 - Intersection related,01 - Daylight,03 - P.D. only,03 - Rear end,Iris
5526,GREENBANK RD @ LISA AVE,360553.5774,5022893.273,-75.78854948,45.34377044,2016-12-11,9:08,01 - Clear,01 - Dry,01 - Traffic signal,03 - At intersection,01 - Daylight,03 - P.D. only,02 - Angle,Iris