Record,Location,X,Y,lon,lat,Date,Time,Environment,Road_Surface,Traffic_Control,Collision_Location,Light,Collision_Classification,Impact_type,Neighborhood
5527,GREENBANK RD @ LISA AVE,360554.4556,5022892.833,-75.78853832,45.34376641,2016-12-14,20:46,03 - Snow,05 - Packed snow,01 - Traffic signal,03 - At intersection,07 - Dark,03 - P.D. only,05 - Turning movement,Iris
5528,GREENBANK RD @ MALVERN DR/FOXFIELD DR,363311.5948,5016194.379,-75.7541495,45.28326938,2016-08-31,18:50,01 - Clear,01 - Dry,01 - Traffic signal,03 - At intersection,01 - Daylight,02 - Non-fatal injury,05 - Turning movement,Barrhaven West - Old Barrhaven
5529,GREENBANK RD @ MALVERN DR/FOXFIELD DR,363311.9137,5016194.433,-75.75414543,45.28326984,2016-08-19,11:41,01 - Clear,01 - Dry,01 - Traffic signal,02 - Intersection related,01 - Daylight,02 - Non-fatal injury,03 - Rear end,Barrhaven West - Old Barrhaven
5530,GREENBANK RD @ MALVERN DR/FOXFIELD DR,363311.4591,5016195.342,-75.75415111,45.28327806,2016-08-03,13:36,01 - Clear,01 - Dry,01 - Traffic signal,02 - Intersection related,01 - Daylight,03 - P.D. only,03 - Rear end,Barrhaven West - Old Barrhaven
5531,GREENBANK RD @ MALVERN DR/FOXFIELD DR,363311.5044,5016194.689,-75.75415061,45.28327218,2016-03-06,12:06,01 - Clear,01 - Dry,01 - Traffic signal,02 - Intersection related,01 - Daylight,03 - P.D. only,03 - Rear end,Barrhaven West - Old Barrhaven
5532,GREENBANK RD @ MALVERN DR/FOXFIELD DR,363310.55,5016194.433,-75.75416281,45.28326996,2016-07-30,16:02,01 - Clear,01 - Dry,01 - Traffic signal,03 - At intersection,01 - Daylight,03 - P.D. only,05 - Turning movement,Barrhaven West - Old Barrhaven
5533,GREENBANK RD @ MALVERN DR/FOXFIELD DR,363310.5887,5016194.653,-75.75416229,45.28327193,2016-07-29,20:03,01 - Clear,01 - Dry,01 - Traffic signal,02 - Intersection related,01 - Daylight,03 - P.D. only,03 - Rear end,Barrhaven West - Old Barrhaven
5534,GREENBANK RD @ MALVERN DR/FOXFIELD DR,363311.5044,5016194.555,-75.75415063,45.28327098,2016-05-29,20:20,01 - Clear,01 - Dry,01 - Traffic signal,02 - Intersection related,05 - Dusk,03 - P.D. only,99 - Other,Barrhaven West - Old Barrhaven
5535,GREENBANK RD @ MALVERN DR/FOXFIELD DR,363312.2219,5016194.166,-75.75414153,45.28326742,2016-10-05,15:45,01 - Clear,01 - Dry,01 - Traffic signal,02 - Intersection related,01 - Daylight,03 - P.D. only,03 - Rear end,Barrhaven West - Old Barrhaven
5536,GREENBANK RD @ MALVERN DR/FOXFIELD DR,363311.0278,5016194.214,-75.75415674,45.28326795,2016-12-16,15:29,03 - Snow,06 - Ice,01 - Traffic signal,03 - At intersection,01 - Daylight,03 - P.D. only,05 - Turning movement,Barrhaven West - Old Barrhaven
5537,GREENBANK RD @ MALVERN DR/FOXFIELD DR,363312.7841,5016193.775,-75.75413441,45.28326385,2016-12-08,19:57,03 - Snow,06 - Ice,01 - Traffic signal,03 - At intersection,07 - Dark,03 - P.D. only,05 - Turning movement,Barrhaven West - Old Barrhaven
5538,GREENBANK RD @ MARKETPLACE AVE,364007.6817,5014601.74,-75.74546716,45.26888052,2016-05-05,18:31,01 - Clear,01 - Dry,01 - Traffic signal,02 - Intersection related,01 - Daylight,03 - P.D. only,07 - SMV other,New Barrhaven
5539,GREENBANK RD @ MARKETPLACE AVE,364008.0896,5014601.923,-75.74546194,45.26888213,2016-03-18,18:43,01 - Clear,01 - Dry,01 - Traffic signal,03 - At intersection,07 - Dark,03 - P.D. only,05 - Turning movement,New Barrhaven
5540,GREENBANK RD @ MARKETPLACE AVE,364008.1936,5014601.887,-75.74546062,45.2688818,2016-08-23,12:36,01 - Clear,01 - Dry,01 - Traffic signal,03 - At intersection,01 - Daylight,03 - P.D. only,04 - Sideswipe,New Barrhaven
5541,GREENBANK RD @ MARKETPLACE AVE,364009.0377,5014603.099,-75.74544972,45.26889264,2016-06-28,23:01,01 - Clear,01 - Dry,01 - Traffic signal,02 - Intersection related,07 - Dark,03 - P.D. only,04 - Sideswipe,New Barrhaven
5542,GREENBANK RD @ MARKETPLACE AVE,364006.6996,5014600.947,-75.74547977,45.26887347,2016-12-23,14:09,01 - Clear,02 - Wet,01 - Traffic signal,03 - At intersection,01 - Daylight,03 - P.D. only,02 - Angle,New Barrhaven
5543,GREENBANK RD @ MEADOWBANK DR,360765.6778,5022185.163,-75.78592326,45.33738198,2016-08-12,16:08,02 - Rain,02 - Wet,02 - Stop sign,02 - Intersection related,01 - Daylight,03 - P.D. only,03 - Rear end,Briar Green - Leslie Park
5544,GREENBANK RD @ MEADOWBANK DR,360764.996,5022186.956,-75.78593175,45.33739817,2016-06-08,8:30,01 - Clear,01 - Dry,02 - Stop sign,02 - Intersection related,01 - Daylight,03 - P.D. only,03 - Rear end,Briar Green - Leslie Park
5545,GREENBANK RD @ MONTEREY DR,360653.0235,5022452.278,-75.78733037,45.33979446,2016-10-17,15:27,01 - Clear,02 - Wet,02 - Stop sign,03 - At intersection,01 - Daylight,03 - P.D. only,04 - Sideswipe,Briar Green - Leslie Park
5546,GREENBANK RD @ STRANDHERD DR,363933.2247,5014783.728,-75.74639427,45.27052432,2016-04-12,9:58,01 - Clear,01 - Dry,01 - Traffic signal,02 - Intersection related,01 - Daylight,02 - Non-fatal injury,03 - Rear end,New Barrhaven
5547,GREENBANK RD @ STRANDHERD DR,363933.018,5014785.527,-75.74639669,45.27054052,2016-02-17,20:45,03 - Snow,05 - Packed snow,01 - Traffic signal,02 - Intersection related,07 - Dark,03 - P.D. only,99 - Other,New Barrhaven
5548,GREENBANK RD @ STRANDHERD DR,363932.0775,5014784.149,-75.74640884,45.2705282,2016-08-22,10:28,01 - Clear,01 - Dry,01 - Traffic signal,02 - Intersection related,01 - Daylight,03 - P.D. only,03 - Rear end,New Barrhaven
5549,GREENBANK RD @ STRANDHERD DR,363932.3062,5014783.728,-75.74640598,45.27052439,2016-01-26,0:38,01 - Clear,02 - Wet,01 - Traffic signal,03 - At intersection,07 - Dark,03 - P.D. only,05 - Turning movement,New Barrhaven
5550,GREENBANK RD @ STRANDHERD DR,363935.3402,5014784.003,-75.74636728,45.27052661,2016-10-25,18:42,01 - Clear,02 - Wet,01 - Traffic signal,02 - Intersection related,07 - Dark,03 - P.D. only,03 - Rear end,New Barrhaven
5551,GREENBANK RD @ STRANDHERD DR,363933.9034,5014784.637,-75.74638551,45.27053244,2016-09-11,10:15,01 - Clear,01 - Dry,01 - Traffic signal,03 - At intersection,01 - Daylight,03 - P.D. only,05 - Turning movement,New Barrhaven
5552,GREENBANK RD @ STRANDHERD DR,363933.4566,5014785.326,-75.74639113,45.27053868,2016-08-10,18:09,01 - Clear,01 - Dry,01 - Traffic signal,02 - Intersection related,01 - Daylight,03 - P.D. only,04 - Sideswipe,New Barrhaven
5553,GREENBANK RD @ STRANDHERD DR,363933.4566,5014784.417,-75.74639123,45.2705305,2016-07-25,17:39,01 - Clear,01 - Dry,01 - Traffic signal,02 - Intersection related,01 - Daylight,03 - P.D. only,03 - Rear end,New Barrhaven
5554,GREENBANK RD @ STRANDHERD DR,363933.4584,5014784.192,-75.74639124,45.27052847,2016-06-04,13:10,01 - Clear,01 - Dry,01 - Traffic signal,02 - Intersection related,01 - Daylight,03 - P.D. only,03 - Rear end,New Barrhaven
5555,GREENBANK RD @ STRANDHERD DR,363933.4584,5014783.741,-75.74639129,45.27052441,2016-06-20,19:40,01 - Clear,01 - Dry,01 - Traffic signal,02 - Intersection related,01 - Daylight,03 - P.D. only,03 - Rear end,New Barrhaven
5556,GREENBANK RD @ STRANDHERD DR,363933.2545,5014784.549,-75.74639379,45.2705317,2016-05-31,13:15,01 - Clear,01 - Dry,01 - Traffic signal,02 - Intersection related,01 - Daylight,03 - P.D. only,04 - Sideswipe,New Barrhaven
5557,GREENBANK RD @ STRANDHERD DR,363932.5862,5014783.759,-75.7464024,45.27052465,2016-09-22,21:17,02 - Rain,02 - Wet,01 - Traffic signal,03 - At intersection,07 - Dark,03 - P.D. only,05 - Turning movement,New Barrhaven
5558,GREENBANK RD @ STRANDHERD DR,363932.9416,5014784.669,-75.74639777,45.27053281,2016-07-21,13:18,01 - Clear,01 - Dry,01 - Traffic signal,02 - Intersection related,01 - Daylight,03 - P.D. only,03 - Rear end,New Barrhaven
5559,GREENBANK RD @ STRANDHERD DR,363933.9112,5014784.872,-75.74638539,45.27053455,2016-08-25,19:20,01 - Clear,01 - Dry,01 - Traffic signal,02 - Intersection related,01 - Daylight,03 - P.D. only,03 - Rear end,New Barrhaven
5560,GREENBANK RD @ STRANDHERD DR,363935.3402,5014783.175,-75.74636738,45.27051916,2016-12-30,16:05,01 - Clear,02 - Wet,01 - Traffic signal,02 - Intersection related,05 - Dusk,03 - P.D. only,04 - Sideswipe,New Barrhaven
5561,GREENBANK RD @ STRANDHERD DR,363933.6839,5014785.659,-75.74638819,45.27054165,2016-12-21,18:36,01 - Clear,01 - Dry,01 - Traffic signal,02 - Intersection related,07 - Dark,03 - P.D. only,04 - Sideswipe,New Barrhaven
5562,GREENBANK RD @ STRANDHERD DR,363934.3319,5014784.944,-75.74638002,45.27053517,2016-12-03,18:12,01 - Clear,01 - Dry,01 - Traffic signal,02 - Intersection related,07 - Dark,03 - P.D. only,99 - Other,New Barrhaven
5563,GREENBANK RD @ VIEWBANK RD,366077.9055,5009752.611,-75.71968464,45.22507073,2016-08-21,3:29,"07 - Fog, mist, smoke, dust",01 - Dry,02 - Stop sign,02 - Intersection related,07 - Dark,02 - Non-fatal injury,07 - SMV other,New Barrhaven
5564,GREENBANK RD @ WEST HUNT CLUB RD,361479.4525,5020501.357,-75.77700958,45.32217382,2016-05-03,11:17,01 - Clear,01 - Dry,01 - Traffic signal,02 - Intersection related,01 - Daylight,02 - Non-fatal injury,03 - Rear end,Greenbelt
5565,GREENBANK RD @ WEST HUNT CLUB RD,361479.9025,5020501.803,-75.77700379,45.3221778,2016-05-26,10:40,01 - Clear,01 - Dry,01 - Traffic signal,02 - Intersection related,01 - Daylight,02 - Non-fatal injury,03 - Rear end,Greenbelt
5566,GREENBANK RD @ WEST HUNT CLUB RD,361479.4497,5020502.479,-75.77700949,45.32218392,2016-08-12,11:27,01 - Clear,01 - Dry,01 - Traffic signal,02 - Intersection related,01 - Daylight,02 - Non-fatal injury,03 - Rear end,Greenbelt
5567,GREENBANK RD @ WEST HUNT CLUB RD,361479.677,5020502.065,-75.77700664,45.32218017,2016-11-30,11:40,01 - Clear,01 - Dry,01 - Traffic signal,02 - Intersection related,01 - Daylight,02 - Non-fatal injury,03 - Rear end,Greenbelt
5568,GREENBANK RD @ WEST HUNT CLUB RD,361479.4575,5020501.821,-75.77700947,45.32217799,2016-02-17,8:55,01 - Clear,04 - Slush,01 - Traffic signal,02 - Intersection related,01 - Daylight,03 - P.D. only,03 - Rear end,Greenbelt
5569,GREENBANK RD @ WEST HUNT CLUB RD,361480.3429,5020503.145,-75.77699802,45.32218984,2016-02-26,15:12,03 - Snow,03 - Loose snow,01 - Traffic signal,02 - Intersection related,01 - Daylight,03 - P.D. only,03 - Rear end,Greenbelt
5570,GREENBANK RD @ WEST HUNT CLUB RD,361479.0111,5020501.813,-75.77701516,45.32217796,2016-03-04,16:10,01 - Clear,01 - Dry,01 - Traffic signal,02 - Intersection related,01 - Daylight,03 - P.D. only,03 - Rear end,Greenbelt
5571,GREENBANK RD @ WEST HUNT CLUB RD,361479.677,5020502.893,-75.77700654,45.32218762,2016-10-19,15:19,01 - Clear,01 - Dry,01 - Traffic signal,02 - Intersection related,01 - Daylight,03 - P.D. only,03 - Rear end,Greenbelt
5572,GREENBANK RD @ WEST HUNT CLUB RD,361479.4575,5020502.699,-75.77700937,45.32218589,2016-01-20,22:34,01 - Clear,01 - Dry,01 - Traffic signal,02 - Intersection related,07 - Dark,03 - P.D. only,03 - Rear end,Greenbelt
5573,GREENBANK RD @ WEST HUNT CLUB RD,361478.8781,5020501.68,-75.77701687,45.32217677,2016-04-03,16:12,01 - Clear,01 - Dry,01 - Traffic signal,02 - Intersection related,01 - Daylight,03 - P.D. only,03 - Rear end,Greenbelt
5574,GREENBANK RD @ WEST HUNT CLUB RD,361479.4523,5020502.929,-75.77700941,45.32218796,2016-05-10,12:10,01 - Clear,01 - Dry,01 - Traffic signal,02 - Intersection related,01 - Daylight,03 - P.D. only,03 - Rear end,Greenbelt
5575,GREENBANK RD @ WEST HUNT CLUB RD,361479.4575,5020502.699,-75.77700937,45.32218589,2016-06-24,22:10,01 - Clear,01 - Dry,01 - Traffic signal,02 - Intersection related,07 - Dark,03 - P.D. only,03 - Rear end,Greenbelt
5576,GREENBANK RD @ WEST HUNT CLUB RD,361478.0207,5020503.721,-75.77702758,45.32219521,2016-11-19,19:00,01 - Clear,01 - Dry,01 - Traffic signal,02 - Intersection related,07 - Dark,03 - P.D. only,03 - Rear end,Greenbelt
5577,GREENBANK RD @ WEST HUNT CLUB RD,361478.7996,5020501.45,-75.7770179,45.32217471,2016-09-29,21:31,01 - Clear,01 - Dry,01 - Traffic signal,03 - At intersection,07 - Dark,03 - P.D. only,03 - Rear end,Greenbelt
5578,GREENBANK RD @ WEST HUNT CLUB RD,361479.677,5020502.893,-75.77700654,45.32218762,2016-11-30,13:41,"07 - Fog, mist, smoke, dust",01 - Dry,01 - Traffic signal,03 - At intersection,01 - Daylight,03 - P.D. only,03 - Rear end,Greenbelt
5579,GREENBANK RD @ WEST HUNT CLUB RD,361480.5052,5020502.893,-75.77699598,45.32218756,2016-12-18,11:30,03 - Snow,03 - Loose snow,01 - Traffic signal,02 - Intersection related,01 - Daylight,03 - P.D. only,03 - Rear end,Greenbelt
5580,GREENBANK RD @ WEST HUNT CLUB RD,361478.0207,5020502.065,-75.77702776,45.32218031,2016-11-23,20:45,01 - Clear,04 - Slush,01 - Traffic signal,02 - Intersection related,07 - Dark,03 - P.D. only,03 - Rear end,Greenbelt
5581,GREENBANK RD @ WEST HUNT CLUB RD,361480.5052,5020503.721,-75.77699589,45.32219501,2016-12-08,8:25,03 - Snow,03 - Loose snow,01 - Traffic signal,02 - Intersection related,01 - Daylight,03 - P.D. only,04 - Sideswipe,Greenbelt
5582,GREENBANK RD @ WEST HUNT CLUB RD,361482.1615,5020503.721,-75.77697476,45.32219487,2016-12-08,21:10,03 - Snow,06 - Ice,01 - Traffic signal,02 - Intersection related,07 - Dark,03 - P.D. only,04 - Sideswipe,Greenbelt
5583,GREENBANK RD btwn 220 N OF STRANDHERD DR & STRANDHERD DR,363924.8902,5014804.485,-75.74649801,45.27071179,2016-05-27,18:20,01 - Clear,01 - Dry,10 - No control,01 - Non intersection,01 - Daylight,03 - P.D. only,04 - Sideswipe,New Barrhaven
5584,GREENBANK RD btwn BANNER RD & CANFIELD RD,361059.6528,5021475.383,-75.78225335,45.33097188,2016-10-28,8:45,02 - Rain,02 - Wet,10 - No control,01 - Non intersection,01 - Daylight,03 - P.D. only,04 - Sideswipe,Woodvale - Craig Henry - Manordale - Estates of Arlington Wo
5585,GREENBANK RD btwn BATEMAN DR/BELLMAN DR & GREENBANK SQUARE SC,361320.2917,5020869.329,-75.77899764,45.32549766,2016-05-30,16:18,01 - Clear,01 - Dry,10 - No control,01 - Non intersection,01 - Daylight,02 - Non-fatal injury,03 - Rear end,Nepean
5586,GREENBANK RD btwn CAMBRIAN RD & DUNDONALD DR,364789.7078,5012813.601,-75.73571794,45.25272456,2016-01-10,20:40,02 - Rain,02 - Wet,10 - No control,04 - At/near private drive,07 - Dark,03 - P.D. only,03 - Rear end,New Barrhaven
5587,GREENBANK RD btwn CANFIELD RD & BELLMAN DR,361240.9453,5021043.696,-75.77998987,45.327073,2016-05-29,15:21,01 - Clear,01 - Dry,10 - No control,04 - At/near private drive,01 - Daylight,03 - P.D. only,05 - Turning movement,Sheahan Estates - Trend Village - Arlington Woods
5588,GREENBANK RD btwn FALLOWFIELD RD & LARKIN DR,363085.7857,5016723.843,-75.75696546,45.28805227,2016-03-27,16:19,01 - Clear,01 - Dry,10 - No control,01 - Non intersection,01 - Daylight,02 - Non-fatal injury,07 - SMV other,New Barrhaven
5589,GREENBANK RD btwn FALLOWFIELD RD & LARKIN DR,363088.0914,5016719.422,-75.75693659,45.2880123,2016-05-19,17:37,01 - Clear,01 - Dry,10 - No control,01 - Non intersection,01 - Daylight,03 - P.D. only,03 - Rear end,New Barrhaven
5590,GREENBANK RD btwn GIBBARD AVE & WEST HUNT CLUB RD,361438.9952,5020596.116,-75.77751477,45.32302973,2016-07-20,16:07,01 - Clear,01 - Dry,10 - No control,01 - Non intersection,01 - Daylight,02 - Non-fatal injury,03 - Rear end,Greenbelt
5591,GREENBANK RD btwn GIBBARD AVE & WEST HUNT CLUB RD,361434.1195,5020604.826,-75.77757596,45.32310849,2016-02-12,10:26,01 - Clear,01 - Dry,10 - No control,01 - Non intersection,01 - Daylight,03 - P.D. only,04 - Sideswipe,Greenbelt
5592,GREENBANK RD btwn GIBBARD AVE & WEST HUNT CLUB RD,361476.31,5020510.336,-75.77704864,45.32225487,2016-04-20,11:03,01 - Clear,01 - Dry,10 - No control,01 - Non intersection,01 - Daylight,03 - P.D. only,03 - Rear end,Greenbelt
5593,GREENBANK RD btwn GREENBANK SQUARE SC & GIBBARD AVE,361406.8815,5020667.958,-75.77791616,45.32367875,2016-01-02,16:54,01 - Clear,02 - Wet,10 - No control,04 - At/near private drive,05 - Dusk,03 - P.D. only,02 - Angle,Nepean
5594,GREENBANK RD btwn GREENBANK SQUARE SC & GIBBARD AVE,361405.2991,5020671.305,-75.77793597,45.32370899,2016-05-12,18:44,01 - Clear,01 - Dry,10 - No control,01 - Non intersection,01 - Daylight,03 - P.D. only,05 - Turning movement,Nepean
5595,GREENBANK RD btwn HARRISON ST & BANNER RD,361002.1336,5021613.693,-75.78297141,45.332221,2016-01-18,22:35,01 - Clear,03 - Loose snow,10 - No control,01 - Non intersection,07 - Dark,02 - Non-fatal injury,03 - Rear end,Woodvale - Craig Henry - Manordale - Estates of Arlington Wo
5596,GREENBANK RD btwn HARRISON ST & BANNER RD,360870.3235,5021930.476,-75.78461702,45.33508195,2016-09-21,11:58,01 - Clear,01 - Dry,10 - No control,01 - Non intersection,01 - Daylight,03 - P.D. only,03 - Rear end,Briar Green - Leslie Park
5597,GREENBANK RD btwn HWY 417 IC129 RAMP57 & HWY417 IC129 RAMP53,360526.0401,5023293.175,-75.78885579,45.34737094,2016-02-09,11:25,01 - Clear,02 - Wet,10 - No control,01 - Non intersection,01 - Daylight,03 - P.D. only,03 - Rear end,Iris
5598,GREENBANK RD btwn HWY417 IC129 RAMP35 & HWY417 IC129 RAMP25,360513.7939,5023358.409,-75.78900471,45.34795888,2016-07-26,17:31,01 - Clear,01 - Dry,10 - No control,01 - Non intersection,01 - Daylight,02 - Non-fatal injury,03 - Rear end,Iris
5599,GREENBANK RD btwn JOCKVALE RD & CAMBRIAN RD,364469.6571,5013477.943,-75.73971533,45.25872954,2016-01-29,10:18,01 - Clear,03 - Loose snow,10 - No control,01 - Non intersection,01 - Daylight,02 - Non-fatal injury,01 - Approaching,New Barrhaven
5600,GREENBANK RD btwn JOCKVALE RD & CAMBRIAN RD,364370.9219,5013407.505,-75.7409817,45.2581041,2016-04-30,11:26,01 - Clear,01 - Dry,10 - No control,01 - Non intersection,01 - Daylight,02 - Non-fatal injury,06 - SMV unattended vehicle,New Barrhaven
5601,GREENBANK RD btwn JOCKVALE RD & CAMBRIAN RD,364477.9996,5013485.408,-75.73960814,45.258796,2016-06-22,22:43,02 - Rain,02 - Wet,10 - No control,01 - Non intersection,07 - Dark,03 - P.D. only,01 - Approaching,New Barrhaven
5602,GREENBANK RD btwn JOCKVALE RD & CAMBRIAN RD,364375.4709,5013405.45,-75.74092399,45.25808522,2016-04-06,20:26,03 - Snow,05 - Packed snow,10 - No control,01 - Non intersection,07 - Dark,03 - P.D. only,07 - SMV other,New Barrhaven
5603,GREENBANK RD btwn JOCKVALE RD & CAMBRIAN RD,364125.9527,5014320.312,-75.74399368,45.26633826,2016-04-28,21:36,01 - Clear,01 - Dry,10 - No control,01 - Non intersection,07 - Dark,03 - P.D. only,03 - Rear end,New Barrhaven
5604,GREENBANK RD btwn JOCKVALE RD & CAMBRIAN RD,364411.153,5013685.874,-75.74043575,45.26060546,2016-02-19,18:23,02 - Rain,03 - Loose snow,10 - No control,01 - Non intersection,07 - Dark,03 - P.D. only,01 - Approaching,New Barrhaven
5605,GREENBANK RD btwn LARKIN DR & MALVERN DR,363238.3684,5016362.216,-75.75506307,45.28478568,2016-01-20,18:51,03 - Snow,02 - Wet,10 - No control,01 - Non intersection,07 - Dark,03 - P.D. only,03 - Rear end,Barrhaven West - Old Barrhaven
5606,GREENBANK RD btwn LISA AVE & BASELINE RD,360594.1144,5022593.616,-75.78806604,45.3410709,2016-01-23,14:01,01 - Clear,01 - Dry,10 - No control,01 - Non intersection,01 - Daylight,03 - P.D. only,05 - Turning movement,Qualicum - Redwood Park
5607,GREENBANK RD btwn LISA AVE & BASELINE RD,360594.5766,5022592.935,-75.78806022,45.34106474,2016-02-16,22:26,03 - Snow,03 - Loose snow,10 - No control,04 - At/near private drive,07 - Dark,03 - P.D. only,03 - Rear end,Qualicum - Redwood Park
5608,GREENBANK RD btwn LISA AVE & BASELINE RD,360594.8263,5022590.216,-75.78805734,45.34104025,2016-07-31,23:00,01 - Clear,01 - Dry,10 - No control,01 - Non intersection,07 - Dark,03 - P.D. only,04 - Sideswipe,Qualicum - Redwood Park
5609,GREENBANK RD btwn MARKETPLACE AVE & JOCKVALE RD,364094.6424,5014394.05,-75.74438384,45.2670044,2016-06-14,20:53,01 - Clear,01 - Dry,10 - No control,01 - Non intersection,05 - Dusk,03 - P.D. only,04 - Sideswipe,New Barrhaven
5610,GREENBANK RD btwn MEADOWBANK DR & HARRISON ST,360783.9507,5022137.864,-75.78569548,45.33695493,2016-11-06,12:42,01 - Clear,01 - Dry,10 - No control,01 - Non intersection,01 - Daylight,03 - P.D. only,03 - Rear end,Briar Green - Leslie Park
5611,GREENBANK RD btwn MONTEREY DR & MEADOWBANK DR,360757.7744,5022204.943,-75.78602185,45.33756059,2016-02-18,9:30,01 - Clear,02 - Wet,10 - No control,01 - Non intersection,01 - Daylight,03 - P.D. only,03 - Rear end,Briar Green - Leslie Park
5612,GREENBANK RD btwn MONTEREY DR & MEADOWBANK DR,360677.7856,5022398.107,-75.78702056,45.33930505,2016-09-17,12:56,02 - Rain,02 - Wet,10 - No control,01 - Non intersection,01 - Daylight,03 - P.D. only,03 - Rear end,Briar Green - Leslie Park
5613,GREENBANK RD btwn MONTEREY DR & MEADOWBANK DR,360760.1893,5022200.333,-75.78599156,45.33751892,2016-09-17,12:30,02 - Rain,02 - Wet,10 - No control,01 - Non intersection,01 - Daylight,03 - P.D. only,01 - Approaching,Briar Green - Leslie Park
5614,GREENBANK RD btwn MONTEREY DR & MEADOWBANK DR,360743.0653,5022241.167,-75.78620542,45.33788771,2016-11-11,17:30,01 - Clear,01 - Dry,10 - No control,01 - Non intersection,07 - Dark,03 - P.D. only,04 - Sideswipe,Briar Green - Leslie Park
5615,GREENBANK RD btwn NE/OT BOUNDARY & MONTEREY DR,360635.1843,5022495.409,-75.78755311,45.34018397,2016-08-05,11:00,01 - Clear,01 - Dry,10 - No control,01 - Non intersection,01 - Daylight,03 - P.D. only,03 - Rear end,Briar Green - Leslie Park
5616,GREENBANK RD btwn NE/OT BOUNDARY & MONTEREY DR,360634.1168,5022498.437,-75.78756639,45.3402113,2016-10-16,13:29,02 - Rain,02 - Wet,10 - No control,01 - Non intersection,01 - Daylight,03 - P.D. only,03 - Rear end,Briar Green - Leslie Park
5617,GREENBANK RD btwn PINECREST RD & HWY417 IC129 RAMP35,360460.3856,5023495.877,-75.78967076,45.34920006,2016-04-08,8:15,03 - Snow,02 - Wet,10 - No control,01 - Non intersection,01 - Daylight,03 - P.D. only,03 - Rear end,Iris
5618,GREENBANK RD btwn STRANDHERD DR & MARKETPLACE AVE,363990.1054,5014646.766,-75.74568576,45.26928715,2016-03-24,15:44,04 - Freezing Rain,06 - Ice,10 - No control,01 - Non intersection,01 - Daylight,03 - P.D. only,03 - Rear end,New Barrhaven
5619,GREENBANK RD btwn WEST HUNT CLUB RD & FALLOWFIELD RD,362250.9952,5018663.445,-75.76738188,45.30557358,2016-09-19,23:10,01 - Clear,01 - Dry,10 - No control,01 - Non intersection,07 - Dark,02 - Non-fatal injury,07 - SMV other,Greenbelt
5620,GREENBANK RD btwn WEST HUNT CLUB RD & FALLOWFIELD RD,362680.0445,5017652.108,-75.76202914,45.29643835,2016-07-11,16:24,01 - Clear,01 - Dry,10 - No control,01 - Non intersection,01 - Daylight,02 - Non-fatal injury,05 - Turning movement,Greenbelt
5621,GREENBANK RD btwn WEST HUNT CLUB RD & FALLOWFIELD RD,362683.9423,5017656.197,-75.76197897,45.29647482,2016-12-12,18:44,03 - Snow,05 - Packed snow,10 - No control,01 - Non intersection,07 - Dark,02 - Non-fatal injury,01 - Approaching,Greenbelt
5622,GREENBANK RD btwn WEST HUNT CLUB RD & FALLOWFIELD RD,363078.0941,5016739.864,-75.75706162,45.28819707,2016-02-23,18:14,01 - Clear,01 - Dry,10 - No control,01 - Non intersection,07 - Dark,03 - P.D. only,04 - Sideswipe,Greenbelt
5623,GREENBANK RD btwn WEST HUNT CLUB RD & FALLOWFIELD RD,363061.1367,5016779.656,-75.75727311,45.28855652,2016-02-11,14:20,01 - Clear,02 - Wet,10 - No control,01 - Non intersection,01 - Daylight,03 - P.D. only,05 - Turning movement,Greenbelt
5624,GREENBANK RD btwn WEST HUNT CLUB RD & FALLOWFIELD RD,363077.1631,5016744.749,-75.75707292,45.2882411,2016-02-16,19:49,03 - Snow,03 - Loose snow,10 - No control,01 - Non intersection,07 - Dark,03 - P.D. only,03 - Rear end,Greenbelt
5625,GREENBANK RD btwn WEST HUNT CLUB RD & FALLOWFIELD RD,361523.1945,5020401.239,-75.77646313,45.32126942,2016-06-11,5:45,01 - Clear,01 - Dry,10 - No control,01 - Non intersection,01 - Daylight,03 - P.D. only,07 - SMV other,Greenbelt
5626,GREENBANK RD btwn WEST HUNT CLUB RD & FALLOWFIELD RD,361882.2779,5019588.113,-75.77197689,45.31392381,2016-04-06,19:22,03 - Snow,03 - Loose snow,10 - No control,01 - Non intersection,05 - Dusk,03 - P.D. only,07 - SMV other,Greenbelt
5627,GREENBANK RD btwn WEST HUNT CLUB RD & FALLOWFIELD RD,363071.0236,5016754.678,-75.75715001,45.28833095,2016-03-16,15:30,01 - Clear,01 - Dry,10 - No control,01 - Non intersection,01 - Daylight,03 - P.D. only,99 - Other,Greenbelt
5628,GREENBANK RD btwn WEST HUNT CLUB RD & FALLOWFIELD RD,361871.4658,5019590.721,-75.77211447,45.31394816,2016-02-27,16:29,01 - Clear,02 - Wet,10 - No control,01 - Non intersection,01 - Daylight,03 - P.D. only,07 - SMV other,Greenbelt
5629,GREENBANK RD btwn WEST HUNT CLUB RD & FALLOWFIELD RD,362982.3185,5016965.422,-75.75825603,45.29023457,2016-02-29,22:25,06 - Strong wind,05 - Packed snow,10 - No control,01 - Non intersection,07 - Dark,03 - P.D. only,07 - SMV other,Greenbelt
5630,GREENBANK RD btwn WEST HUNT CLUB RD & FALLOWFIELD RD,361486.6433,5020483.603,-75.7769199,45.32201349,2016-05-05,15:45,01 - Clear,01 - Dry,10 - No control,01 - Non intersection,01 - Daylight,03 - P.D. only,04 - Sideswipe,Greenbelt