Record,Location,X,Y,lon,lat,Date,Time,Environment,Road_Surface,Traffic_Control,Collision_Location,Light,Collision_Classification,Impact_type,Neighborhood
5631,GREENBANK RD btwn WEST HUNT CLUB RD & FALLOWFIELD RD,362923.2762,5017101.94,-75.75899268,45.29146785,2016-04-06,16:55,03 - Snow,03 - Loose snow,10 - No control,01 - Non intersection,01 - Daylight,03 - P.D. only,01 - Approaching,Greenbelt
5632,GREENBANK RD btwn WEST HUNT CLUB RD & FALLOWFIELD RD,362298.2198,5018554.548,-75.76679235,45.30458986,2016-11-17,22:53,"07 - Fog, mist, smoke, dust",01 - Dry,10 - No control,01 - Non intersection,07 - Dark,03 - P.D. only,07 - SMV other,Greenbelt
5633,GREENBANK RD NB btwn TO BE DETERMINED & HWY417 IC129 RAMP51,360542.3421,5023294.626,-75.78864761,45.3473827,2016-08-21,19:45,01 - Clear,01 - Dry,10 - No control,01 - Non intersection,01 - Daylight,03 - P.D. only,04 - Sideswipe,Iris
5634,GREENFIELD AVE btwn MAIN ST & HAVELOCK ST,368937.6325,5030843.796,-75.68054121,45.41459044,2016-02-22,12:24,01 - Clear,01 - Dry,10 - No control,01 - Non intersection,01 - Daylight,03 - P.D. only,06 - SMV unattended vehicle,Old Ottawa East
5635,GREENFIELD AVE btwn MONTCALM ST & CONCORD ST N,369031.9745,5031060.23,-75.67930776,45.41652918,2016-06-28,17:00,01 - Clear,01 - Dry,10 - No control,01 - Non intersection,01 - Daylight,03 - P.D. only,04 - Sideswipe,Old Ottawa East
5636,GREENLAND RD btwn ARMITAGE AVE & ROCK FOREST RD,340193.0898,5038208.975,-76.0472517,45.4829084,2016-05-31,1:53,01 - Clear,01 - Dry,10 - No control,01 - Non intersection,07 - Dark,02 - Non-fatal injury,07 - SMV other,Torwoo
5637,GREENLAND RD btwn VANCES SIDE RD & Continuation of GREENLAND RD,343024.3037,5034841.357,-76.01129802,45.45245676,2016-08-01,6:02,01 - Clear,01 - Dry,10 - No control,01 - Non intersection,03 - Dawn,03 - P.D. only,07 - SMV other,Car
5638,GREENLAND RD btwn VANCES SIDE RD & Continuation of GREENLAND RD,342384.7738,5035570.45,-76.01941847,45.45905196,2016-05-30,16:01,01 - Clear,01 - Dry,10 - No control,01 - Non intersection,01 - Daylight,03 - P.D. only,07 - SMV other,Car
5639,GREGG ST btwn JUNCTION AVE & CLOVER ST,369290.1878,5026569.283,-75.676596,45.37609738,2016-11-07,5:56,01 - Clear,01 - Dry,10 - No control,01 - Non intersection,07 - Dark,03 - P.D. only,06 - SMV unattended vehicle,Alta Vista
5640,GREGOIRE RD @ MARVELVILLE RD,393290.8371,5008914.672,-75.37335988,45.21463874,2016-07-23,14:45,01 - Clear,01 - Dry,02 - Stop sign,03 - At intersection,01 - Daylight,02 - Non-fatal injury,02 - Angle,Metcalfe
5641,GREGOIRE RD @ MARVELVILLE RD,393290.1785,5008915.58,-75.3733681,45.21464699,2016-10-23,17:35,01 - Clear,01 - Dry,02 - Stop sign,03 - At intersection,01 - Daylight,02 - Non-fatal injury,02 - Angle,Metcalfe
5642,GREGOIRE RD @ MARVELVILLE RD,393291.4957,5008914.702,-75.37335149,45.21463892,2016-11-03,17:41,02 - Rain,02 - Wet,02 - Stop sign,03 - At intersection,07 - Dark,03 - P.D. only,02 - Angle,Metcalfe
5643,GREGOIRE RD btwn PRESCOTT/RUSSELL RT 300 & SPRINGHILL RD,392438.7803,5010894.294,-75.38385744,45.23255621,2016-12-22,6:58,03 - Snow,03 - Loose snow,10 - No control,01 - Non intersection,03 - Dawn,03 - P.D. only,07 - SMV other,Metcalfe
5644,GRENADINE ST btwn CAYMAN RD & MAPLE GROVE RD,349769.4485,5016304.872,-75.92675198,45.28526044,2016-01-25,16:03,01 - Clear,02 - Wet,10 - No control,01 - Non intersection,01 - Daylight,03 - P.D. only,06 - SMV unattended vehicle,Stittsville
5645,GRENFELL CRES @ WOODROFFE AVE,364542.7698,5019226.328,-75.73809174,45.31044718,2016-08-05,10:08,01 - Clear,01 - Dry,02 - Stop sign,02 - Intersection related,01 - Daylight,02 - Non-fatal injury,05 - Turning movement,Merivale Gardens - Grenfell Glen - Pineglen - Country Place
5646,GRENFELL CRES btwn WOODROFFE AVE & PRATT AVE,365225.7049,5019606.974,-75.72933654,45.31381377,2016-04-27,10:17,01 - Clear,01 - Dry,10 - No control,04 - At/near private drive,01 - Daylight,03 - P.D. only,99 - Other,Merivale Gardens - Grenfell Glen - Pineglen - Country Place
5647,GRENON AVE @ RICHMOND RD,359806.3777,5024033.921,-75.79795662,45.35409297,2016-12-30,13:41,03 - Snow,04 - Slush,01 - Traffic signal,03 - At intersection,01 - Daylight,02 - Non-fatal injury,05 - Turning movement,Whitehaven - Queensway Terrace North
5648,GRENON AVE @ RICHMOND RD,359806.446,5024033.286,-75.79795582,45.35408726,2016-05-09,7:46,01 - Clear,01 - Dry,01 - Traffic signal,02 - Intersection related,01 - Daylight,03 - P.D. only,03 - Rear end,Whitehaven - Queensway Terrace North
5649,GRENON AVE @ RICHMOND RD,359807.4987,5024033.096,-75.7979424,45.35408546,2016-11-14,15:29,01 - Clear,01 - Dry,01 - Traffic signal,02 - Intersection related,01 - Daylight,03 - P.D. only,03 - Rear end,Whitehaven - Queensway Terrace North
5650,GRENWICH CIRC btwn Continuation of GRENWICH CIRC & Continuation of GRE,364254.9794,5025617.232,-75.74099371,45.36797632,2016-11-20,12:08,03 - Snow,02 - Wet,10 - No control,01 - Non intersection,01 - Daylight,03 - P.D. only,06 - SMV unattended vehicle,Civic Hospital - Experimental Farm - Central Park
5651,GREY NUNS DR @ ST. JOSEPH BLVD,380155.9549,5036667.248,-75.53633682,45.46586739,2016-01-14,9:20,03 - Snow,03 - Loose snow,01 - Traffic signal,02 - Intersection related,01 - Daylight,02 - Non-fatal injury,99 - Other,Industrial Park
5652,GREY NUNS DR @ ST. JOSEPH BLVD,380156.8331,5036666.37,-75.53632572,45.4658594,2016-02-25,16:40,03 - Snow,02 - Wet,01 - Traffic signal,03 - At intersection,01 - Daylight,03 - P.D. only,02 - Angle,Chapel Hill
5653,GREY NUNS DR @ ST. JOSEPH BLVD,380156.9073,5036666.59,-75.53632474,45.46586137,2016-05-09,9:18,01 - Clear,01 - Dry,01 - Traffic signal,02 - Intersection related,01 - Daylight,03 - P.D. only,03 - Rear end,Chapel Hill
5654,GREY NUNS DR @ ST. JOSEPH BLVD,380155.8183,5036666.519,-75.53633867,45.46586085,2016-01-22,13:41,01 - Clear,01 - Dry,01 - Traffic signal,03 - At intersection,01 - Daylight,03 - P.D. only,02 - Angle,Industrial Park
5655,GREY NUNS DR @ ST. JOSEPH BLVD,380154.947,5036665.953,-75.5363499,45.46585585,2016-03-24,9:19,03 - Snow,03 - Loose snow,01 - Traffic signal,03 - At intersection,01 - Daylight,03 - P.D. only,05 - Turning movement,Industrial Park
5656,GREY NUNS DR @ SUNDOWN CRES,380125.5624,5036952.587,-75.53668169,45.46843793,2016-03-06,11:32,01 - Clear,01 - Dry,02 - Stop sign,03 - At intersection,01 - Daylight,03 - P.D. only,02 - Angle,Industrial Park
5657,GREY'S CREEK RD @ SNAKE ISLAND RD,381963.5615,5009058.08,-75.51753046,45.21726056,2016-03-11,17:23,01 - Clear,01 - Dry,02 - Stop sign,03 - At intersection,01 - Daylight,02 - Non-fatal injury,02 - Angle,Metcalfe
5658,GREY'S CREEK RD @ SNAKE ISLAND RD,381962.6116,5009056.633,-75.51754278,45.21724765,2016-10-04,7:51,01 - Clear,01 - Dry,02 - Stop sign,03 - At intersection,01 - Daylight,02 - Non-fatal injury,02 - Angle,Metcalfe
5659,GROSVENOR AVE btwn AYLMER AVE & WOODBINE PL,368455.1916,5028547.802,-75.68700091,45.39397587,2016-08-19,19:48,01 - Clear,01 - Dry,10 - No control,01 - Non intersection,01 - Daylight,03 - P.D. only,06 - SMV unattended vehicle,Old Ottawa South
5660,GROVEHURST DR btwn RUTLEGE ST & OLDFIELD ST,366460.9054,5015652.097,-75.71407613,45.27812077,2016-05-01,19:25,02 - Rain,02 - Wet,10 - No control,01 - Non intersection,01 - Daylight,02 - Non-fatal injury,05 - Turning movement,Chapman Mills - Rideau Crest - Davidson Heights
5661,GROVEMONT DR btwn YORKWOOD PL & AQUAPASS PL,366567.7866,5014791.009,-75.71282109,45.27036337,2016-12-18,14:45,03 - Snow,05 - Packed snow,10 - No control,01 - Non intersection,01 - Daylight,03 - P.D. only,06 - SMV unattended vehicle,Chapman Mills - Rideau Crest - Davidson Heights
5662,GUIGUES AVE @ SUSSEX DR,367619.7027,5032527.931,-75.69716339,45.42986329,2016-07-20,9:16,01 - Clear,01 - Dry,02 - Stop sign,02 - Intersection related,01 - Daylight,02 - Non-fatal injury,99 - Other,Byward Market - Parliament Hill
5663,GUIGUES AVE btwn CUMBERLAND ST & KING EDWARD AVE,368144.2333,5032864.541,-75.69041725,45.43284468,2016-06-17,11:45,01 - Clear,01 - Dry,10 - No control,01 - Non intersection,01 - Daylight,03 - P.D. only,06 - SMV unattended vehicle,Lower Town
5664,GUIGUES AVE btwn SUSSEX DR & PARENT AVE,367668.5383,5032561.741,-75.69653502,45.43016311,2016-05-27,15:37,01 - Clear,01 - Dry,10 - No control,01 - Non intersection,01 - Daylight,03 - P.D. only,03 - Rear end,Lower Town
5665,GUIGUES AVE btwn SUSSEX DR & PARENT AVE,367628.6408,5032533.973,-75.6970484,45.42991685,2016-12-21,0:00,01 - Clear,02 - Wet,10 - No control,01 - Non intersection,00 - Unknown,03 - P.D. only,06 - SMV unattended vehicle,Lower Town
5666,GUINNESS CRES btwn BREAKSTONE RD & BREAKSTONE RD/KNOCKADERRY CRES,"365,191.84","5,011,253.07",-75.73078469,45.23864846,2016-10-03,8:03,01 - Clear,01 - Dry,10 - No control,01 - Non intersection,01 - Daylight,02 - Non-fatal injury,07 - SMV other,New Barrhaven
5667,GUY ST btwn MAY ST & ST. LAURENT BLVD,371794.7256,5033035.649,-75.64374327,45.43404404,2016-11-19,21:49,01 - Clear,01 - Dry,10 - No control,01 - Non intersection,99 - Other,03 - P.D. only,06 - SMV unattended vehicle,Vanier South
5668,HADLEY CIRC btwn TO BE DETERMINED & TANGLEWOOD DR,357252.1375,5020325.067,-75.8309471,45.32091613,2016-05-26,14:28,01 - Clear,01 - Dry,10 - No control,04 - At/near private drive,01 - Daylight,03 - P.D. only,06 - SMV unattended vehicle,Bells Corners East
5669,HAIG DR @ HAMLET RD,372567.3491,5029212.815,-75.63439525,45.3995735,2016-02-27,22:58,01 - Clear,02 - Wet,02 - Stop sign,02 - Intersection related,07 - Dark,03 - P.D. only,99 - Other,Elmvale - Eastway - Riverview - Riverview Park West
5670,HAIG DR @ PLEASANT PARK RD,372401.908,5028586.964,-75.63659398,45.39395835,2016-12-08,19:45,03 - Snow,03 - Loose snow,02 - Stop sign,02 - Intersection related,07 - Dark,03 - P.D. only,03 - Rear end,Elmvale - Eastway - Riverview - Riverview Park West
5671,HAIG DR @ SMYTH RD,372564.9494,5029297.875,-75.63441421,45.40033906,2016-04-16,15:00,01 - Clear,01 - Dry,01 - Traffic signal,03 - At intersection,01 - Daylight,02 - Non-fatal injury,02 - Angle,Elmvale - Eastway - Riverview - Riverview Park West
5672,HAIG DR @ SMYTH RD,372565.1983,5029297.838,-75.63441104,45.4003387,2016-11-17,9:12,01 - Clear,01 - Dry,01 - Traffic signal,02 - Intersection related,01 - Daylight,02 - Non-fatal injury,03 - Rear end,Elmvale - Eastway - Riverview - Riverview Park West
5673,HAIG DR @ SMYTH RD,372564.5054,5029298.768,-75.63441976,45.40034714,2016-11-23,17:37,01 - Clear,01 - Dry,01 - Traffic signal,03 - At intersection,07 - Dark,02 - Non-fatal injury,05 - Turning movement,Elmvale - Eastway - Riverview - Riverview Park West
5674,HAIG DR @ SMYTH RD,372564.5054,5029299.207,-75.6344197,45.40035109,2016-09-28,19:39,01 - Clear,01 - Dry,01 - Traffic signal,03 - At intersection,07 - Dark,03 - P.D. only,05 - Turning movement,Elmvale - Eastway - Riverview - Riverview Park West
5675,HAIG DR @ SMYTH RD,372564.9444,5029297.89,-75.63441427,45.4003392,2016-10-19,8:53,01 - Clear,01 - Dry,01 - Traffic signal,03 - At intersection,01 - Daylight,03 - P.D. only,05 - Turning movement,Elmvale - Eastway - Riverview - Riverview Park West
5676,HAIG DR @ SMYTH RD,372565.1841,5029298.778,-75.63441109,45.40034716,2016-08-14,18:25,01 - Clear,01 - Dry,01 - Traffic signal,03 - At intersection,01 - Daylight,03 - P.D. only,05 - Turning movement,Elmvale - Eastway - Riverview - Riverview Park West
5677,HAIG DR @ SMYTH RD,372564.5054,5029297.89,-75.63441988,45.40033924,2016-10-03,16:00,01 - Clear,01 - Dry,01 - Traffic signal,02 - Intersection related,01 - Daylight,03 - P.D. only,04 - Sideswipe,Elmvale - Eastway - Riverview - Riverview Park West
5678,HAIG DR @ SMYTH RD,372563.7782,5029298.785,-75.63442904,45.40034736,2016-12-16,16:16,01 - Clear,01 - Dry,01 - Traffic signal,03 - At intersection,05 - Dusk,03 - P.D. only,05 - Turning movement,Elmvale - Eastway - Riverview - Riverview Park West
5679,HAIG DR btwn RAGLAN AVE & SAUNDERSON DR,372548.4766,5029467.812,-75.63460126,45.40186968,2016-03-11,8:25,01 - Clear,01 - Dry,10 - No control,01 - Non intersection,01 - Daylight,03 - P.D. only,06 - SMV unattended vehicle,Elmvale - Eastway - Riverview - Riverview Park West
5680,HAIG DR btwn SAUNDERSON DR & HUTTON AVE,372601.9201,5029550.309,-75.63390732,45.40260677,2016-01-29,15:08,01 - Clear,01 - Dry,10 - No control,01 - Non intersection,01 - Daylight,03 - P.D. only,06 - SMV unattended vehicle,Elmvale - Eastway - Riverview - Riverview Park West
5681,HAILEYBURY ST btwn GEDDES WAY & TEMAGAMI DR,365473.1642,5014395.071,-75.72681823,45.26689602,2016-01-26,8:00,01 - Clear,01 - Dry,10 - No control,01 - Non intersection,01 - Daylight,03 - P.D. only,06 - SMV unattended vehicle,New Barrhaven
5682,HALIFAX DR @ WALKLEY RD,373644.4029,5027900.209,-75.62082262,45.38765819,2016-03-15,16:44,02 - Rain,02 - Wet,01 - Traffic signal,02 - Intersection related,01 - Daylight,02 - Non-fatal injury,03 - Rear end,Urbandale
5683,HALIFAX DR @ WALKLEY RD,373643.737,5027900.402,-75.62083109,45.38765999,2016-12-23,9:12,01 - Clear,02 - Wet,01 - Traffic signal,02 - Intersection related,01 - Daylight,02 - Non-fatal injury,03 - Rear end,Urbandale
5684,HALIFAX DR @ WALKLEY RD,373643.5175,5027899.763,-75.62083398,45.38765426,2016-01-23,16:41,01 - Clear,01 - Dry,01 - Traffic signal,02 - Intersection related,05 - Dusk,03 - P.D. only,03 - Rear end,Urbandale
5685,HALIFAX DR @ WALKLEY RD,373642.2361,5027901.42,-75.62085011,45.3876693,2016-01-09,3:40,03 - Snow,03 - Loose snow,01 - Traffic signal,03 - At intersection,07 - Dark,03 - P.D. only,07 - SMV other,Urbandale
5686,HALIFAX DR @ WALKLEY RD,373644.4134,5027899.318,-75.62082261,45.38765017,2016-05-30,15:39,01 - Clear,01 - Dry,01 - Traffic signal,02 - Intersection related,01 - Daylight,03 - P.D. only,03 - Rear end,Urbandale
5687,HALIFAX DR @ WALKLEY RD,373642.6393,5027898.885,-75.62084532,45.38764645,2016-09-21,14:50,01 - Clear,01 - Dry,01 - Traffic signal,02 - Intersection related,01 - Daylight,03 - P.D. only,04 - Sideswipe,Urbandale
5688,HALIFAX DR @ WALKLEY RD,373644.4188,5027899.543,-75.62082251,45.38765219,2016-07-08,16:09,01 - Clear,01 - Dry,01 - Traffic signal,03 - At intersection,01 - Daylight,03 - P.D. only,05 - Turning movement,Urbandale
5689,HALIFAX DR btwn BINGHAM ST & DAKOTA AVE,373489.9772,5027994.044,-75.62278142,45.38851764,2016-04-19,7:00,01 - Clear,02 - Wet,10 - No control,04 - At/near private drive,01 - Daylight,03 - P.D. only,02 - Angle,Urbandale
5690,HALTON TER @ KLONDIKE RD,348632.7228,5023474.684,-75.94060724,45.34984833,2016-02-17,19:51,03 - Snow,03 - Loose snow,02 - Stop sign,03 - At intersection,07 - Dark,03 - P.D. only,02 - Angle,Morgan's Grant
5691,HALTON TER btwn BEAULY ST & SCAMPTON DR,348567.8254,5023544.225,-75.94142926,45.35047813,2016-04-07,17:20,01 - Clear,01 - Dry,10 - No control,01 - Non intersection,01 - Daylight,03 - P.D. only,04 - Sideswipe,Morgan's Grant
5692,HALTON TER btwn Continuation of HALTON TER & OLD CARP RD,348839.8567,5024337.051,-75.93788711,45.35759513,2016-01-18,12:14,01 - Clear,04 - Slush,10 - No control,01 - Non intersection,01 - Daylight,03 - P.D. only,04 - Sideswipe,Morgan's Grant
5693,HALTON TER btwn Continuation of HALTON TER & OLD CARP RD,348840.3245,5024335.881,-75.93788124,45.35758457,2016-01-18,13:16,01 - Clear,04 - Slush,10 - No control,01 - Non intersection,01 - Daylight,03 - P.D. only,03 - Rear end,Morgan's Grant
5694,HALTON TER btwn KLONDIKE RD & WIMBLEDON WAY,348647.6539,5023459.319,-75.94041806,45.34970913,2016-04-30,19:48,01 - Clear,01 - Dry,10 - No control,01 - Non intersection,07 - Dark,03 - P.D. only,06 - SMV unattended vehicle,Morgan's Grant
5695,HALTON TER btwn KLONDIKE RD & WIMBLEDON WAY,348647.8516,5023458.757,-75.94041558,45.34970406,2016-11-07,17:11,01 - Clear,01 - Dry,10 - No control,01 - Non intersection,07 - Dark,03 - P.D. only,06 - SMV unattended vehicle,Morgan's Grant
5696,HALTON TER btwn NEWCASTLE AVE & PEPPERIDGE WAY,348898.1403,5023267.276,-75.93723864,45.34796538,2016-03-04,7:30,01 - Clear,06 - Ice,10 - No control,01 - Non intersection,01 - Daylight,03 - P.D. only,07 - SMV other,Morgan's Grant
5697,HALTON TER btwn PENRITH ST & DUNOLLIE CRES,348585.9227,5024034.279,-75.94115491,45.35488662,2016-10-19,18:57,01 - Clear,01 - Dry,10 - No control,01 - Non intersection,07 - Dark,03 - P.D. only,06 - SMV unattended vehicle,Morgan's Grant
5698,HALTON TERR/MAXWELL BRIDGE RD @ MARCH RD,348932.2627,5024423.098,-75.93670003,45.35836359,2016-09-30,19:32,01 - Clear,01 - Dry,01 - Traffic signal,03 - At intersection,05 - Dusk,02 - Non-fatal injury,05 - Turning movement,South March
5699,HALTON TERR/MAXWELL BRIDGE RD @ MARCH RD,348931.9276,5024422.669,-75.93670435,45.35835975,2016-11-24,6:47,03 - Snow,06 - Ice,01 - Traffic signal,03 - At intersection,03 - Dawn,02 - Non-fatal injury,05 - Turning movement,Kanata Lakes - Marchwood Lakeside - Morgan's Grant - Kanata
5700,HALTON TERR/MAXWELL BRIDGE RD @ MARCH RD,348932.2627,5024422.659,-75.93670007,45.35835964,2016-02-28,19:57,04 - Freezing Rain,06 - Ice,01 - Traffic signal,03 - At intersection,07 - Dark,03 - P.D. only,05 - Turning movement,South March
5701,HALTON TERR/MAXWELL BRIDGE RD @ MARCH RD,348933.596,5024424.022,-75.93668294,45.35837182,2016-12-23,10:59,01 - Clear,02 - Wet,01 - Traffic signal,03 - At intersection,01 - Daylight,03 - P.D. only,05 - Turning movement,South March
5702,HALTON TERR/MAXWELL BRIDGE RD @ MARCH RD,348934.2252,5024420.768,-75.9366752,45.3583425,2016-12-05,8:23,03 - Snow,03 - Loose snow,01 - Traffic signal,02 - Intersection related,01 - Daylight,03 - P.D. only,04 - Sideswipe,Kanata Lakes - Marchwood Lakeside - Morgan's Grant - Kanata
5703,HAMILTON AVE   N btwn ARMSTRONG ST & WELLINGTON ST W,365044.551,5029303.729,-75.73046496,45.40107928,2016-05-25,11:00,01 - Clear,01 - Dry,10 - No control,01 - Non intersection,01 - Daylight,03 - P.D. only,06 - SMV unattended vehicle,Islan
5704,HAMILTON AVE   N btwn ARMSTRONG ST & WELLINGTON ST W,365073.333,5029241.164,-75.73010499,45.40051385,2016-07-07,19:38,01 - Clear,01 - Dry,10 - No control,01 - Non intersection,01 - Daylight,03 - P.D. only,06 - SMV unattended vehicle,Islan
5705,HAMILTON AVE   N btwn ARMSTRONG ST & WELLINGTON ST W,365046.2839,5029306.19,-75.73044253,45.40110127,2016-04-04,12:58,01 - Clear,01 - Dry,10 - No control,01 - Non intersection,01 - Daylight,03 - P.D. only,99 - Other,Islan
5706,HAMILTON AVE   N btwn ARMSTRONG ST & WELLINGTON ST W,365017.6743,5029366.189,-75.73080061,45.40164359,2016-12-02,8:59,01 - Clear,01 - Dry,10 - No control,01 - Non intersection,01 - Daylight,03 - P.D. only,05 - Turning movement,Islan
5707,HAMILTON AVE   N btwn CRAFTSMAN PRIV & SPENCER ST,364982.9908,5029451.666,-75.73123318,45.40241568,2016-09-25,0:00,01 - Clear,01 - Dry,10 - No control,01 - Non intersection,00 - Unknown,03 - P.D. only,06 - SMV unattended vehicle,Islan
5708,HAMILTON AVE @ SPENCER ST,364989.168,5029436.705,-75.7311561,45.40228053,2016-06-10,13:05,01 - Clear,01 - Dry,02 - Stop sign,03 - At intersection,01 - Daylight,03 - P.D. only,02 - Angle,Islan
5709,HAMILTON AVE @ SPENCER ST,364989.7352,5029437.123,-75.73114881,45.40228424,2016-10-02,15:12,01 - Clear,02 - Wet,02 - Stop sign,03 - At intersection,01 - Daylight,03 - P.D. only,02 - Angle,Islan
5710,HAMILTON AVE @ TYNDALL ST,365185.4822,5028983.237,-75.72870417,45.39818342,2016-01-04,16:55,04 - Freezing Rain,03 - Loose snow,02 - Stop sign,02 - Intersection related,05 - Dusk,03 - P.D. only,03 - Rear end,Civi
5711,HAMLET RD @ OTHELLO AVE,373263.8499,5029288.807,-75.62548921,45.40018947,2016-11-24,9:00,03 - Snow,03 - Loose snow,03 - Yield sign,03 - At intersection,01 - Daylight,03 - P.D. only,02 - Angle,Elmvale - Eastway - Riverview - Riverview Park West
5712,HAMLET RD btwn HAIG DR & SAUNDERSON DR,372576.139,5029212.815,-75.63428299,45.39957265,2016-02-18,7:08,01 - Clear,01 - Dry,10 - No control,01 - Non intersection,03 - Dawn,03 - P.D. only,06 - SMV unattended vehicle,Elmvale - Eastway - Riverview - Riverview Park West
5713,HAMMILL CRT E @ SEYTON DR,356864.6674,5019947.125,-75.83592886,45.31754421,2016-01-06,6:43,01 - Clear,03 - Loose snow,10 - No control,03 - At intersection,07 - Dark,03 - P.D. only,02 - Angle,Bells Corners West
5714,HAMPSTEAD PL @ WALKLEY RD,370682.4887,5026150.662,-75.658877,45.37220124,2016-04-21,14:45,01 - Clear,01 - Dry,01 - Traffic signal,02 - Intersection related,01 - Daylight,03 - P.D. only,03 - Rear end,Ledbury - Heron Gate - Ridgemont - Elmwood
5715,HAMPSTEAD PL @ WALKLEY RD,370682.7142,5026151.605,-75.658874,45.3722097,2016-12-09,8:22,01 - Clear,06 - Ice,01 - Traffic signal,02 - Intersection related,01 - Daylight,03 - P.D. only,03 - Rear end,Ledbury - Heron Gate - Ridgemont - Elmwood
5716,HANNAH ST btwn MONTFORT ST & ETHEL ST,370141.9551,5033514.411,-75.66480143,45.43850813,2016-02-20,22:00,02 - Rain,02 - Wet,10 - No control,01 - Non intersection,07 - Dark,02 - Non-fatal injury,07 - SMV other,Vanier North
5717,HARBOUR ST btwn LEARMONTH AVE & TO BE DETERMINED,327717.1447,5035837.579,-76.20695189,45.46209079,2016-03-29,21:20,01 - Clear,01 - Dry,10 - No control,01 - Non intersection,07 - Dark,03 - P.D. only,07 - SMV other,Fitzro
5718,HARBOUR VIEW ST btwn HUNTCLIFF PL & ASHMORE DR,366879.2495,5014723.293,-75.7088606,45.26972664,2016-05-07,23:00,02 - Rain,02 - Wet,10 - No control,04 - At/near private drive,07 - Dark,03 - P.D. only,06 - SMV unattended vehicle,Chapman Mills - Rideau Crest - Davidson Heights
5719,HARDING RD @ WALKLEY RD,373149.6775,5027609.245,-75.62718006,45.38508867,2016-09-20,8:48,01 - Clear,01 - Dry,01 - Traffic signal,02 - Intersection related,01 - Daylight,02 - Non-fatal injury,02 - Angle,Urbandale
5720,HARDING RD @ WALKLEY RD,373148.3401,5027606.973,-75.62719745,45.38506836,2016-06-17,18:53,01 - Clear,01 - Dry,01 - Traffic signal,03 - At intersection,01 - Daylight,03 - P.D. only,05 - Turning movement,Urbandale
5721,HARDING RD @ WALKLEY RD,373148.5062,5027608.311,-75.62719514,45.38508038,2016-03-17,12:09,01 - Clear,02 - Wet,01 - Traffic signal,02 - Intersection related,01 - Daylight,03 - P.D. only,04 - Sideswipe,Urbandale
5722,HARDING RD @ WALKLEY RD,373148.5062,5027607.413,-75.62719527,45.3850723,2016-04-04,8:51,01 - Clear,01 - Dry,01 - Traffic signal,02 - Intersection related,01 - Daylight,03 - P.D. only,03 - Rear end,Urbandale
5723,HARDING RD @ WALKLEY RD,373148.9547,5027608.759,-75.62718935,45.38508437,2016-04-08,16:23,01 - Clear,02 - Wet,01 - Traffic signal,03 - At intersection,01 - Daylight,03 - P.D. only,05 - Turning movement,Urbandale
5724,HARDING RD @ WALKLEY RD,373148.958,5027609.444,-75.62718922,45.38509053,2016-08-23,15:17,01 - Clear,01 - Dry,01 - Traffic signal,03 - At intersection,01 - Daylight,03 - P.D. only,05 - Turning movement,Urbandale
5725,HARDING RD @ WALKLEY RD,373146.7335,5027608.866,-75.6272177,45.38508555,2016-05-18,15:14,01 - Clear,01 - Dry,01 - Traffic signal,02 - Intersection related,01 - Daylight,03 - P.D. only,03 - Rear end,Urbandale
5726,HARE AVE @ LENESTER AVE,362509.1871,5025807.278,-75.76325653,45.36983225,2016-12-10,17:20,01 - Clear,06 - Ice,02 - Stop sign,03 - At intersection,07 - Dark,03 - P.D. only,02 - Angle,Glabar Park
5727,HARKNESS AVE btwn COLMAN ST & WEXFORD WAY,369276.5598,5025412.72,-75.67692095,45.36569222,2016-12-31,12:23,01 - Clear,03 - Loose snow,10 - No control,01 - Non intersection,01 - Daylight,03 - P.D. only,06 - SMV unattended vehicle,Riverside Park
5728,HARNESS LANE btwn STONEHAVEN DR & EQUESTRIAN DR,354621.0591,5016705.338,-75.86486949,45.28853678,2016-04-02,17:30,01 - Clear,01 - Dry,10 - No control,01 - Non intersection,01 - Daylight,03 - P.D. only,06 - SMV unattended vehicle,Bridlewood - Emerald Meadows
5729,HARROLD PL btwn TO BE DETERMINED & VETERAN AVE (1),365071.0864,5027595.122,-75.73033476,45.3857033,2016-01-03,17:30,03 - Snow,03 - Loose snow,10 - No control,01 - Non intersection,05 - Dusk,03 - P.D. only,06 - SMV unattended vehicle,Carlington
5730,HARRY DOUGLAS DR @ IBER RD,351696.5809,5015203.515,-75.90229124,45.27522417,2016-11-24,11:00,03 - Snow,03 - Loose snow,02 - Stop sign,03 - At intersection,01 - Daylight,03 - P.D. only,05 - Turning movement,Stittsville
5731,HARRY DOUGLAS DR btwn QUARTZ CRES & IBER RD,351572.6331,5015117.842,-75.90387897,45.27446151,2016-09-09,19:30,01 - Clear,01 - Dry,10 - No control,01 - Non intersection,05 - Dusk,03 - P.D. only,07 - SMV other,Stittsville
5732,HARVEST VALLEY AVE/SWEETVALLEY DR @ TENTH LINE RD,384697.1996,5034388.902,-75.47864187,45.44486428,2016-07-18,15:21,01 - Clear,01 - Dry,02 - Stop sign,03 - At intersection,01 - Daylight,03 - P.D. only,05 - Turning movement,Avalon