Record,Location,X,Y,lon,lat,Date,Time,Environment,Road_Surface,Traffic_Control,Collision_Location,Light,Collision_Classification,Impact_type,Neighborhood
5733,HARWOOD AVE @ PINECREST RD,360209.6751,5024120.738,-75.79280002,45.3548424,2016-01-14,8:37,03 - Snow,03 - Loose snow,02 - Stop sign,03 - At intersection,01 - Daylight,03 - P.D. only,02 - Angle,Whitehaven - Queensway Terrace North
5734,HATHAWAY DR @ OLDFIELD ST,366564.2226,5015793.005,-75.71274185,45.27937958,2016-09-20,20:30,01 - Clear,01 - Dry,02 - Stop sign,03 - At intersection,07 - Dark,03 - P.D. only,02 - Angle,Chapman Mills - Rideau Crest - Davidson Heights
5735,HATHAWAY DR @ OLDFIELD ST,366564.2226,5015793.005,-75.71274185,45.27937958,2016-10-01,12:09,01 - Clear,01 - Dry,02 - Stop sign,03 - At intersection,01 - Daylight,03 - P.D. only,02 - Angle,Chapman Mills - Rideau Crest - Davidson Heights
5736,HAVELOCK ST btwn CONCORD ST N & END,369123.2321,5030952.374,-75.67815596,45.41555035,2016-12-03,0:00,01 - Clear,01 - Dry,10 - No control,01 - Non intersection,00 - Unknown,03 - P.D. only,06 - SMV unattended vehicle,Old Ottawa East
5737,HAWK CRES btwn WAXWING DR & WAXWING DR,370430.5607,5023747.515,-75.66241215,45.35060211,2016-12-05,14:48,01 - Clear,03 - Loose snow,10 - No control,01 - Non intersection,01 - Daylight,03 - P.D. only,06 - SMV unattended vehicle,Hunt Club East - Western Community
5738,HAWKSHAW CRES btwn COBBLE HILL DR & COBBLE HILL DR,361056.7016,5014896.723,-75.7830375,45.27177705,2016-08-29,6:51,01 - Clear,01 - Dry,10 - No control,04 - At/near private drive,01 - Daylight,03 - P.D. only,02 - Angle,Munster Hamlet - Richmond
5739,HAWKTREE RDG btwn DOCHART TER & END,365951.5667,5012764.45,-75.72092301,45.25218229,2016-12-27,5:00,01 - Clear,01 - Dry,10 - No control,04 - At/near private drive,07 - Dark,03 - P.D. only,06 - SMV unattended vehicle,New Barrhaven
5740,HAWTHORNE AVE @ MAIN ST,368970.4823,5030633.022,-75.68014899,45.41269096,2016-06-27,16:30,01 - Clear,01 - Dry,01 - Traffic signal,02 - Intersection related,01 - Daylight,03 - P.D. only,04 - Sideswipe,Old Ottawa East
5741,HAWTHORNE AVE @ MAIN ST,368970.9351,5030632.793,-75.68014323,45.41268885,2016-06-02,9:19,01 - Clear,01 - Dry,01 - Traffic signal,03 - At intersection,01 - Daylight,03 - P.D. only,04 - Sideswipe,Old Ottawa East
5742,HAWTHORNE AVE @ MAIN ST,368970.4901,5030632.787,-75.68014892,45.41268884,2016-11-03,16:27,01 - Clear,01 - Dry,01 - Traffic signal,03 - At intersection,05 - Dusk,03 - P.D. only,05 - Turning movement,Old Ottawa East
5743,HAWTHORNE AVE @ MAIN ST,368969.0533,5030630.497,-75.68016757,45.41266837,2016-12-03,15:50,01 - Clear,01 - Dry,01 - Traffic signal,02 - Intersection related,01 - Daylight,03 - P.D. only,04 - Sideswipe,Old Ottawa East
5744,HAWTHORNE AVE @ MAIN ST,368971.5378,5030632.153,-75.68013562,45.41268304,2016-12-30,14:30,01 - Clear,02 - Wet,01 - Traffic signal,03 - At intersection,01 - Daylight,03 - P.D. only,05 - Turning movement,Old Ottawa East
5745,HAWTHORNE AVE @ MAIN ST,368973.1941,5030633.809,-75.68011424,45.41269779,2016-05-27,17:52,02 - Rain,02 - Wet,01 - Traffic signal,02 - Intersection related,01 - Daylight,03 - P.D. only,03 - Rear end,Old Ottawa East
5746,HAWTHORNE AVE @ MAIN ST,368971.5378,5030632.153,-75.68013562,45.41268304,2016-12-04,18:57,01 - Clear,01 - Dry,01 - Traffic signal,02 - Intersection related,07 - Dark,03 - P.D. only,03 - Rear end,Old Ottawa East
5747,HAWTHORNE AVE btwn COLONEL BY DR & MAIN ST,368776.5721,5030532.229,-75.68263924,45.41180181,2016-06-30,18:11,01 - Clear,01 - Dry,10 - No control,07 - Overpass or bridge,01 - Daylight,03 - P.D. only,07 - SMV other,Old Ottawa East
5748,HAWTHORNE AVE btwn COLONEL BY DR & MAIN ST,368951.0343,5030628.162,-75.68039806,45.41264901,2016-07-05,14:10,01 - Clear,01 - Dry,10 - No control,04 - At/near private drive,01 - Daylight,03 - P.D. only,07 - SMV other,Old Ottawa East
5749,HAWTHORNE AVE btwn ISABELLA ST & COLONEL BY DR,368722.2809,5030500.683,-75.68333688,45.41152293,2016-03-29,8:38,01 - Clear,06 - Ice,10 - No control,07 - Overpass or bridge,01 - Daylight,03 - P.D. only,03 - Rear end,Old Ottawa East
5750,HAWTHORNE AVE btwn ISABELLA ST & COLONEL BY DR,368672.4131,5030478.018,-75.68397686,45.41132355,2016-09-07,11:16,01 - Clear,01 - Dry,10 - No control,07 - Overpass or bridge,01 - Daylight,03 - P.D. only,07 - SMV other,The Glebe
5751,HAWTHORNE AVE btwn MAIN ST & CONCORD ST S,369212.1546,5030770.197,-75.67704374,45.413903,2016-11-15,6:45,01 - Clear,01 - Dry,10 - No control,04 - At/near private drive,07 - Dark,03 - P.D. only,06 - SMV unattended vehicle,Old Ottawa East
5752,HAWTHORNE AVE btwn MAIN ST & CONCORD ST S,369202.1853,5030766.204,-75.67717162,45.41386799,2016-06-17,7:03,01 - Clear,01 - Dry,10 - No control,04 - At/near private drive,01 - Daylight,03 - P.D. only,07 - SMV other,Old Ottawa East
5753,HAWTHORNE AVE/ISABELLA ST @ QUEEN ELIZABETH DR,368667.0104,5030477.275,-75.68404597,45.41131736,2016-06-19,2:01,01 - Clear,01 - Dry,01 - Traffic signal,03 - At intersection,07 - Dark,02 - Non-fatal injury,05 - Turning movement,The Glebe
5754,HAWTHORNE AVE/ISABELLA ST @ QUEEN ELIZABETH DR,368665.931,5030476.353,-75.68405988,45.41130916,2016-08-03,15:34,01 - Clear,01 - Dry,01 - Traffic signal,02 - Intersection related,01 - Daylight,02 - Non-fatal injury,07 - SMV other,The Glebe
5755,HAWTHORNE AVE/ISABELLA ST @ QUEEN ELIZABETH DR,368665.0529,5030476.353,-75.6840711,45.41130924,2016-10-18,14:46,01 - Clear,01 - Dry,01 - Traffic signal,03 - At intersection,01 - Daylight,02 - Non-fatal injury,02 - Angle,The Glebe
5756,HAWTHORNE AVE/ISABELLA ST @ QUEEN ELIZABETH DR,368663.9888,5030475.371,-75.68408482,45.4113005,2016-03-11,6:45,01 - Clear,01 - Dry,01 - Traffic signal,02 - Intersection related,01 - Daylight,03 - P.D. only,03 - Rear end,The Glebe
5757,HAWTHORNE AVE/ISABELLA ST @ QUEEN ELIZABETH DR,368666.3839,5030477.428,-75.68405395,45.41131879,2016-03-24,17:07,03 - Snow,04 - Slush,01 - Traffic signal,03 - At intersection,01 - Daylight,03 - P.D. only,05 - Turning movement,The Glebe
5758,HAWTHORNE AVE/ISABELLA ST @ QUEEN ELIZABETH DR,368665.4452,5030476.839,-75.68406602,45.41131358,2016-03-30,7:44,01 - Clear,02 - Wet,01 - Traffic signal,03 - At intersection,01 - Daylight,03 - P.D. only,02 - Angle,The Glebe
5759,HAWTHORNE AVE/ISABELLA ST @ QUEEN ELIZABETH DR,368666.3933,5030477.481,-75.68405383,45.41131927,2016-07-21,18:38,01 - Clear,01 - Dry,01 - Traffic signal,03 - At intersection,01 - Daylight,03 - P.D. only,02 - Angle,The Glebe
5760,HAWTHORNE AVE/ISABELLA ST @ QUEEN ELIZABETH DR,368666.1578,5030476.703,-75.68405694,45.41131229,2016-07-07,13:33,01 - Clear,01 - Dry,01 - Traffic signal,02 - Intersection related,01 - Daylight,03 - P.D. only,99 - Other,The Glebe
5761,HAWTHORNE RD @ HUNT CLUB RD,375506.1435,5026407.868,-75.59726391,45.37404538,2016-09-02,17:54,01 - Clear,01 - Dry,01 - Traffic signal,02 - Intersection related,01 - Daylight,02 - Non-fatal injury,03 - Rear end,Industrial Park
5762,HAWTHORNE RD @ HUNT CLUB RD,375506.0936,5026406.943,-75.59726468,45.37403706,2016-12-05,17:22,01 - Clear,03 - Loose snow,01 - Traffic signal,02 - Intersection related,07 - Dark,02 - Non-fatal injury,03 - Rear end,Industrial Park
5763,HAWTHORNE RD @ HUNT CLUB RD,375507.5252,5026406.08,-75.59724653,45.37402915,2016-05-15,1:09,01 - Clear,01 - Dry,01 - Traffic signal,02 - Intersection related,07 - Dark,03 - P.D. only,07 - SMV other,Industrial Park
5764,HAWTHORNE RD @ HUNT CLUB RD,375508.1405,5026407.31,-75.5972385,45.37404015,2016-02-17,14:00,01 - Clear,01 - Dry,01 - Traffic signal,02 - Intersection related,01 - Daylight,03 - P.D. only,03 - Rear end,Industrial Park
5765,HAWTHORNE RD @ HUNT CLUB RD,375507.0765,5026406.754,-75.59725216,45.37403526,2016-02-25,20:09,01 - Clear,06 - Ice,01 - Traffic signal,02 - Intersection related,07 - Dark,03 - P.D. only,03 - Rear end,Industrial Park
5766,HAWTHORNE RD @ HUNT CLUB RD,375507.0913,5026406.749,-75.59725197,45.37403521,2016-02-15,17:22,01 - Clear,01 - Dry,01 - Traffic signal,02 - Intersection related,05 - Dusk,03 - P.D. only,03 - Rear end,Industrial Park
5767,HAWTHORNE RD @ HUNT CLUB RD,375507.3593,5026407.31,-75.59724847,45.37404023,2016-07-02,17:20,01 - Clear,01 - Dry,01 - Traffic signal,02 - Intersection related,01 - Daylight,03 - P.D. only,03 - Rear end,Industrial Park
5768,HAWTHORNE RD @ HUNT CLUB RD,375507.9754,5026405.402,-75.59724088,45.374023,2016-06-27,11:45,01 - Clear,01 - Dry,01 - Traffic signal,02 - Intersection related,01 - Daylight,03 - P.D. only,03 - Rear end,Industrial Park
5769,HAWTHORNE RD @ HUNT CLUB RD,375507.6658,5026406.446,-75.59724468,45.37403243,2016-01-29,20:11,01 - Clear,01 - Dry,01 - Traffic signal,02 - Intersection related,07 - Dark,03 - P.D. only,03 - Rear end,Industrial Park
5770,HAWTHORNE RD @ HUNT CLUB RD,375509.2508,5026406.154,-75.59722449,45.37402964,2016-01-05,9:40,01 - Clear,01 - Dry,01 - Traffic signal,02 - Intersection related,01 - Daylight,03 - P.D. only,03 - Rear end,Industrial Park
5771,HAWTHORNE RD @ HUNT CLUB RD,375506.863,5026407.86,-75.59725473,45.37404523,2016-01-20,7:25,01 - Clear,01 - Dry,01 - Traffic signal,03 - At intersection,03 - Dawn,03 - P.D. only,03 - Rear end,Industrial Park
5772,HAWTHORNE RD @ HUNT CLUB RD,375508.6368,5026405.199,-75.59723246,45.37402111,2016-03-15,18:53,02 - Rain,02 - Wet,01 - Traffic signal,02 - Intersection related,05 - Dusk,03 - P.D. only,03 - Rear end,Industrial Park
5773,HAWTHORNE RD @ HUNT CLUB RD,375508.6368,5026405.199,-75.59723246,45.37402111,2016-03-16,16:41,01 - Clear,01 - Dry,01 - Traffic signal,02 - Intersection related,01 - Daylight,03 - P.D. only,03 - Rear end,Industrial Park
5774,HAWTHORNE RD @ HUNT CLUB RD,375507.5304,5026407.188,-75.5972463,45.37403912,2016-01-19,8:16,01 - Clear,01 - Dry,01 - Traffic signal,02 - Intersection related,01 - Daylight,03 - P.D. only,03 - Rear end,Industrial Park
5775,HAWTHORNE RD @ HUNT CLUB RD,375508.4233,5026406.754,-75.59723497,45.37403512,2016-05-09,13:43,01 - Clear,01 - Dry,01 - Traffic signal,02 - Intersection related,01 - Daylight,03 - P.D. only,03 - Rear end,Industrial Park
5776,HAWTHORNE RD @ HUNT CLUB RD,375507.3593,5026407.31,-75.59724847,45.37404023,2016-03-09,14:31,02 - Rain,02 - Wet,01 - Traffic signal,02 - Intersection related,01 - Daylight,03 - P.D. only,03 - Rear end,Industrial Park
5777,HAWTHORNE RD @ HUNT CLUB RD,375506.6225,5026405.853,-75.59725808,45.3740272,2016-05-14,2:40,01 - Clear,01 - Dry,01 - Traffic signal,02 - Intersection related,07 - Dark,03 - P.D. only,07 - SMV other,Industrial Park
5778,HAWTHORNE RD @ HUNT CLUB RD,375507.078,5026406.305,-75.5972522,45.37403122,2016-03-25,3:15,04 - Freezing Rain,06 - Ice,01 - Traffic signal,02 - Intersection related,07 - Dark,03 - P.D. only,07 - SMV other,Industrial Park
5779,HAWTHORNE RD @ HUNT CLUB RD,375508.8863,5026407.893,-75.59722889,45.37404532,2016-07-19,15:20,01 - Clear,01 - Dry,01 - Traffic signal,03 - At intersection,01 - Daylight,03 - P.D. only,04 - Sideswipe,Industrial Park
5780,HAWTHORNE RD @ HUNT CLUB RD,375506.8408,5026406.529,-75.5972552,45.37403326,2016-06-07,6:46,01 - Clear,01 - Dry,01 - Traffic signal,02 - Intersection related,01 - Daylight,03 - P.D. only,03 - Rear end,Industrial Park
5781,HAWTHORNE RD @ HUNT CLUB RD,375507.5244,5026406.755,-75.59724644,45.37403522,2016-05-04,11:43,01 - Clear,01 - Dry,01 - Traffic signal,02 - Intersection related,01 - Daylight,03 - P.D. only,04 - Sideswipe,Industrial Park
5782,HAWTHORNE RD @ HUNT CLUB RD,375507.5244,5026407.206,-75.59724638,45.37403928,2016-05-18,9:57,01 - Clear,01 - Dry,01 - Traffic signal,02 - Intersection related,01 - Daylight,03 - P.D. only,03 - Rear end,Industrial Park
5783,HAWTHORNE RD @ HUNT CLUB RD,375507.9772,5026405.62,-75.59724082,45.37402496,2016-07-21,21:58,01 - Clear,01 - Dry,01 - Traffic signal,02 - Intersection related,07 - Dark,03 - P.D. only,03 - Rear end,Industrial Park
5784,HAWTHORNE RD @ HUNT CLUB RD,375507.9754,5026405.402,-75.59724088,45.374023,2016-05-18,6:00,01 - Clear,01 - Dry,01 - Traffic signal,02 - Intersection related,01 - Daylight,03 - P.D. only,02 - Angle,Industrial Park
5785,HAWTHORNE RD @ HUNT CLUB RD,375508.8863,5026406.529,-75.59722909,45.37403305,2016-07-22,15:47,01 - Clear,01 - Dry,01 - Traffic signal,03 - At intersection,01 - Daylight,03 - P.D. only,02 - Angle,Industrial Park
5786,HAWTHORNE RD @ HUNT CLUB RD,375506.0936,5026405.287,-75.59726492,45.37402216,2016-10-09,14:57,01 - Clear,01 - Dry,01 - Traffic signal,02 - Intersection related,01 - Daylight,03 - P.D. only,03 - Rear end,Industrial Park
5787,HAWTHORNE RD @ HUNT CLUB RD,375508.5781,5026407.771,-75.59723284,45.37404426,2016-11-16,9:41,01 - Clear,01 - Dry,01 - Traffic signal,02 - Intersection related,01 - Daylight,03 - P.D. only,03 - Rear end,Industrial Park
5788,HAWTHORNE RD @ HUNT CLUB RD,375510.1377,5026403.831,-75.5972135,45.37400865,2016-11-16,16:10,01 - Clear,01 - Dry,01 - Traffic signal,02 - Intersection related,01 - Daylight,03 - P.D. only,03 - Rear end,Industrial Park
5789,HAWTHORNE RD @ HUNT CLUB RD,375506.0936,5026406.115,-75.5972648,45.37402961,2016-12-21,15:57,01 - Clear,01 - Dry,01 - Traffic signal,02 - Intersection related,01 - Daylight,03 - P.D. only,03 - Rear end,Industrial Park
5790,HAWTHORNE RD @ HUNT CLUB RD,375507.7499,5026406.943,-75.59724353,45.37403689,2016-07-12,16:56,01 - Clear,01 - Dry,01 - Traffic signal,02 - Intersection related,01 - Daylight,03 - P.D. only,03 - Rear end,Industrial Park
5791,HAWTHORNE RD @ HUNT CLUB RD,375507.0913,5026405.871,-75.5972521,45.37402731,2016-12-20,15:23,01 - Clear,02 - Wet,01 - Traffic signal,03 - At intersection,01 - Daylight,03 - P.D. only,05 - Turning movement,Industrial Park
5792,HAWTHORNE RD @ HUNT CLUB RD,375507.7499,5026404.459,-75.59724389,45.37401454,2016-11-07,6:45,01 - Clear,01 - Dry,01 - Traffic signal,02 - Intersection related,03 - Dawn,03 - P.D. only,03 - Rear end,Industrial Park
5793,HAWTHORNE RD @ HUNT CLUB RD,375506.9217,5026407.771,-75.59725399,45.37404443,2016-11-06,16:25,01 - Clear,01 - Dry,01 - Traffic signal,02 - Intersection related,05 - Dusk,03 - P.D. only,03 - Rear end,Industrial Park
5794,HAWTHORNE RD @ LEITRIM RD,377037.9628,5022709.769,-75.57824944,45.34061552,2016-03-17,17:13,01 - Clear,01 - Dry,01 - Traffic signal,02 - Intersection related,01 - Daylight,02 - Non-fatal injury,03 - Rear end,Greenbelt
5795,HAWTHORNE RD @ LEITRIM RD,377038.0112,5022709.878,-75.57824881,45.34061649,2016-01-11,6:43,01 - Clear,06 - Ice,01 - Traffic signal,02 - Intersection related,07 - Dark,03 - P.D. only,03 - Rear end,Greenbelt
5796,HAWTHORNE RD @ LEITRIM RD,377038.9864,5022710.401,-75.57823629,45.3406211,2016-04-15,12:53,01 - Clear,01 - Dry,01 - Traffic signal,02 - Intersection related,01 - Daylight,03 - P.D. only,03 - Rear end,Greenbelt
5797,HAWTHORNE RD @ LEITRIM RD,377038.9812,5022709.722,-75.57823646,45.34061499,2016-10-14,15:01,01 - Clear,01 - Dry,01 - Traffic signal,03 - At intersection,01 - Daylight,03 - P.D. only,07 - SMV other,Greenbelt
5798,HAWTHORNE RD @ LEITRIM RD,377041.2462,5022710.745,-75.57820741,45.34062396,2016-11-23,17:19,01 - Clear,01 - Dry,01 - Traffic signal,02 - Intersection related,07 - Dark,03 - P.D. only,03 - Rear end,Greenbelt
5799,HAWTHORNE RD @ RUSSELL RD,374835.3839,5028068.234,-75.6055912,45.38905192,2016-06-28,9:18,01 - Clear,01 - Dry,01 - Traffic signal,02 - Intersection related,01 - Daylight,03 - P.D. only,03 - Rear end,Industrial Park
5800,HAWTHORNE RD @ STEVENAGE DR,375136.6627,5027313.643,-75.60185163,45.38223229,2016-01-14,12:48,01 - Clear,02 - Wet,01 - Traffic signal,03 - At intersection,01 - Daylight,02 - Non-fatal injury,02 - Angle,Industrial Park
5801,HAWTHORNE RD @ STEVENAGE DR,375136.5158,5027312.188,-75.60185371,45.38221921,2016-05-13,8:30,02 - Rain,02 - Wet,01 - Traffic signal,02 - Intersection related,01 - Daylight,03 - P.D. only,05 - Turning movement,Industrial Park
5802,HAWTHORNE RD @ STEVENAGE DR,375136.9036,5027313.763,-75.60184853,45.38223334,2016-02-09,6:50,03 - Snow,04 - Slush,01 - Traffic signal,03 - At intersection,03 - Dawn,03 - P.D. only,05 - Turning movement,Industrial Park
5803,HAWTHORNE RD @ STEVENAGE DR,375136.4467,5027310.362,-75.60185485,45.38220279,2016-04-06,13:36,03 - Snow,02 - Wet,01 - Traffic signal,03 - At intersection,01 - Daylight,03 - P.D. only,05 - Turning movement,Industrial Park
5804,HAWTHORNE RD @ STEVENAGE DR,375137.4139,5027313.312,-75.60184208,45.38222924,2016-04-22,6:19,02 - Rain,02 - Wet,01 - Traffic signal,03 - At intersection,01 - Daylight,03 - P.D. only,05 - Turning movement,Industrial Park
5805,HAWTHORNE RD btwn AGES DR & STEVENAGE DR,375047.6021,5027530.915,-75.60295781,45.38419613,2016-12-05,8:01,03 - Snow,04 - Slush,10 - No control,01 - Non intersection,01 - Daylight,03 - P.D. only,04 - Sideswipe,Industrial Park
5806,HAWTHORNE RD btwn DAVIDSON RD & LEITRIM RD,376298.9232,5024457.296,-75.58742568,45.35641465,2016-02-24,7:53,03 - Snow,03 - Loose snow,10 - No control,01 - Non intersection,01 - Daylight,02 - Non-fatal injury,07 - SMV other,Greenbelt
5807,HAWTHORNE RD btwn DAVIDSON RD & LEITRIM RD,376646.4891,5023635.203,-75.58310956,45.34898233,2016-07-27,13:59,01 - Clear,01 - Dry,10 - No control,01 - Non intersection,01 - Daylight,02 - Non-fatal injury,07 - SMV other,Greenbelt
5808,HAWTHORNE RD btwn DAVIDSON RD & LEITRIM RD,376394.1837,5024244.531,-75.58624079,45.35449058,2016-12-30,14:50,01 - Clear,02 - Wet,10 - No control,01 - Non intersection,01 - Daylight,02 - Non-fatal injury,05 - Turning movement,Greenbelt
5809,HAWTHORNE RD btwn DAVIDSON RD & LEITRIM RD,376926.0143,5022984.244,-75.5796377,45.34309663,2016-12-14,16:30,01 - Clear,01 - Dry,10 - No control,01 - Non intersection,05 - Dusk,02 - Non-fatal injury,03 - Rear end,Greenbelt
5810,HAWTHORNE RD btwn DAVIDSON RD & LEITRIM RD,376922.406,5022984.629,-75.57968368,45.34310046,2016-02-10,1:53,02 - Rain,02 - Wet,10 - No control,01 - Non intersection,07 - Dark,03 - P.D. only,07 - SMV other,Greenbelt
5811,HAWTHORNE RD btwn DAVIDSON RD & LEITRIM RD,376691.4243,5023513.234,-75.58255391,45.34788031,2016-12-12,1:58,03 - Snow,03 - Loose snow,10 - No control,01 - Non intersection,07 - Dark,03 - P.D. only,07 - SMV other,Greenbelt
5812,HAWTHORNE RD btwn HAWTHORNE RD & WHYTE SIDE RD,376205.7616,5024695.15,-75.58858023,45.35856424,2016-04-07,7:35,02 - Rain,02 - Wet,10 - No control,01 - Non intersection,01 - Daylight,03 - P.D. only,07 - SMV other,Greenbelt
5813,HAWTHORNE RD btwn HUNT CLUB RD & HAWTHORNE RD,375519.7574,5026379.137,-75.59709423,45.37378549,2016-01-11,16:51,01 - Clear,01 - Dry,10 - No control,01 - Non intersection,05 - Dusk,03 - P.D. only,04 - Sideswipe,Industrial Park
5814,HAWTHORNE RD btwn LEITRIM RD & LOUISEIZE RD,377593.061,5021403.918,-75.57135943,45.32880873,2016-04-06,7:35,01 - Clear,01 - Dry,10 - No control,01 - Non intersection,01 - Daylight,03 - P.D. only,99 - Other,Greenbelt
5815,HAWTHORNE RD btwn LEITRIM RD & LOUISEIZE RD,377043.372,5022700.062,-75.57818185,45.34052762,2016-08-23,19:42,01 - Clear,01 - Dry,10 - No control,01 - Non intersection,01 - Daylight,03 - P.D. only,04 - Sideswipe,Greenbelt
5816,HAWTHORNE RD btwn LEITRIM RD & LOUISEIZE RD,377383.2889,5021883.59,-75.57396487,45.33314632,2016-04-22,12:31,01 - Clear,01 - Dry,10 - No control,01 - Non intersection,01 - Daylight,03 - P.D. only,04 - Sideswipe,Greenbelt
5817,HAWTHORNE RD btwn STEVENAGE DR & HUNT CLUB RD,375141.5132,5027301.264,-75.60179146,45.38212042,2016-08-23,8:49,01 - Clear,01 - Dry,10 - No control,04 - At/near private drive,01 - Daylight,03 - P.D. only,05 - Turning movement,Industrial Park
5818,HAWTHORNE RD btwn STEVENAGE DR & HUNT CLUB RD,375501.8224,5026419.043,-75.59731747,45.37414636,2016-08-21,10:45,02 - Rain,02 - Wet,10 - No control,01 - Non intersection,01 - Daylight,03 - P.D. only,04 - Sideswipe,Industrial Park
5819,HAWTHORNE RD btwn STEVENAGE DR & HUNT CLUB RD,375486.6135,5026453.802,-75.59750665,45.37446064,2016-07-28,8:59,01 - Clear,01 - Dry,10 - No control,01 - Non intersection,01 - Daylight,03 - P.D. only,04 - Sideswipe,Industrial Park
5820,HAWTHORNE RD btwn STEVENAGE DR & HUNT CLUB RD,375168.5331,5027237.19,-75.60145561,45.3815412,2016-05-26,7:05,01 - Clear,01 - Dry,10 - No control,04 - At/near private drive,01 - Daylight,03 - P.D. only,02 - Angle,Industrial Park
5821,HAWTHORNE RD/RUSSELL RD @ WALKLEY RD,374672.9701,5028497.324,-75.60760434,45.39292889,2016-03-11,15:40,01 - Clear,01 - Dry,01 - Traffic signal,02 - Intersection related,01 - Daylight,02 - Non-fatal injury,03 - Rear end,Sheffield Glen
5822,HAWTHORNE RD/RUSSELL RD @ WALKLEY RD,374675.0301,5028500.461,-75.60757759,45.39295691,2016-04-12,6:21,01 - Clear,01 - Dry,01 - Traffic signal,03 - At intersection,01 - Daylight,02 - Non-fatal injury,02 - Angle,Sheffield Glen
5823,HAWTHORNE RD/RUSSELL RD @ WALKLEY RD,374671.0794,5028503.348,-75.60762763,45.39298328,2016-05-03,8:02,01 - Clear,01 - Dry,01 - Traffic signal,02 - Intersection related,01 - Daylight,02 - Non-fatal injury,03 - Rear end,Sheffield Glen
5824,HAWTHORNE RD/RUSSELL RD @ WALKLEY RD,374674.9634,5028500.2,-75.60757848,45.39295456,2016-09-30,15:53,01 - Clear,01 - Dry,01 - Traffic signal,03 - At intersection,01 - Daylight,02 - Non-fatal injury,05 - Turning movement,Sheffield Glen
5825,HAWTHORNE RD/RUSSELL RD @ WALKLEY RD,374675.1023,5028500.884,-75.60757661,45.3929607,2016-09-27,15:45,01 - Clear,01 - Dry,01 - Traffic signal,02 - Intersection related,01 - Daylight,02 - Non-fatal injury,03 - Rear end,Sheffield Glen
5826,HAWTHORNE RD/RUSSELL RD @ WALKLEY RD,374674.5921,5028500.243,-75.60758321,45.39295499,2016-05-13,8:01,02 - Rain,02 - Wet,01 - Traffic signal,02 - Intersection related,01 - Daylight,03 - P.D. only,03 - Rear end,Sheffield Glen
5827,HAWTHORNE RD/RUSSELL RD @ WALKLEY RD,374674.1542,5028500.461,-75.60758878,45.39295699,2016-02-16,6:50,03 - Snow,04 - Slush,01 - Traffic signal,02 - Intersection related,03 - Dawn,03 - P.D. only,03 - Rear end,Sheffield Glen
5828,HAWTHORNE RD/RUSSELL RD @ WALKLEY RD,374675.7743,5028499.839,-75.60756817,45.39295123,2016-03-01,18:56,03 - Snow,04 - Slush,01 - Traffic signal,03 - At intersection,07 - Dark,03 - P.D. only,05 - Turning movement,Sheffield Glen
5829,HAWTHORNE RD/RUSSELL RD @ WALKLEY RD,374674.1116,5028499.882,-75.6075894,45.39295179,2016-05-06,10:22,01 - Clear,01 - Dry,01 - Traffic signal,02 - Intersection related,01 - Daylight,03 - P.D. only,03 - Rear end,Sheffield Glen
5830,HAWTHORNE RD/RUSSELL RD @ WALKLEY RD,374674.5504,5028499.434,-75.60758386,45.39294771,2016-09-11,20:10,01 - Clear,01 - Dry,01 - Traffic signal,02 - Intersection related,07 - Dark,03 - P.D. only,03 - Rear end,Sheffield Glen
5831,HAWTHORNE RD/RUSSELL RD @ WALKLEY RD,374673.7955,5028499.697,-75.60759346,45.39295015,2016-09-14,17:30,01 - Clear,01 - Dry,01 - Traffic signal,02 - Intersection related,01 - Daylight,03 - P.D. only,03 - Rear end,Sheffield Glen
5832,HAWTHORNE RD/RUSSELL RD @ WALKLEY RD,374674.0046,5028499.548,-75.60759081,45.39294879,2016-07-22,14:43,01 - Clear,01 - Dry,01 - Traffic signal,02 - Intersection related,01 - Daylight,03 - P.D. only,99 - Other,Sheffield Glen
5833,HAWTHORNE RD/RUSSELL RD @ WALKLEY RD,374674.81,5028498.95,-75.60758061,45.39294333,2016-06-20,7:44,01 - Clear,01 - Dry,01 - Traffic signal,02 - Intersection related,01 - Daylight,03 - P.D. only,99 - Other,Sheffield Glen
5834,HAWTHORNE RD/RUSSELL RD @ WALKLEY RD,374676.386,5028500.37,-75.60756029,45.39295595,2016-11-07,16:24,01 - Clear,01 - Dry,01 - Traffic signal,02 - Intersection related,05 - Dusk,03 - P.D. only,03 - Rear end,Sheffield Glen
5835,HAWTHORNE RD/RUSSELL RD @ WALKLEY RD,374674.7536,5028499.856,-75.60758121,45.39295149,2016-10-19,17:46,01 - Clear,01 - Dry,01 - Traffic signal,03 - At intersection,01 - Daylight,03 - P.D. only,01 - Approaching,Sheffield Glen
5836,HAWTHORNE RD/RUSSELL RD @ WALKLEY RD,374674.5244,5028499.761,-75.60758415,45.39295066,2016-10-05,18:45,01 - Clear,01 - Dry,01 - Traffic signal,02 - Intersection related,05 - Dusk,03 - P.D. only,02 - Angle,Sheffield Glen
5837,HAWTHORNE RD/RUSSELL RD @ WALKLEY RD,374674.0853,5028499.322,-75.60758982,45.39294675,2016-09-28,10:57,01 - Clear,01 - Dry,01 - Traffic signal,02 - Intersection related,01 - Daylight,03 - P.D. only,04 - Sideswipe,Sheffield Glen
5838,HAWTHORNE RD/RUSSELL RD @ WALKLEY RD,374675.5721,5028498.299,-75.60757097,45.3929374,2016-12-17,13:33,03 - Snow,05 - Packed snow,01 - Traffic signal,02 - Intersection related,01 - Daylight,03 - P.D. only,07 - SMV other,Sheffield Glen