Record,Location,X,Y,lon,lat,Date,Time,Environment,Road_Surface,Traffic_Control,Collision_Location,Light,Collision_Classification,Impact_type,Neighborhood
5839,HAWTHORNE RD/RUSSELL RD @ WALKLEY RD,374674.7381,5028500.37,-75.60758133,45.39295612,2016-12-16,6:52,01 - Clear,02 - Wet,01 - Traffic signal,02 - Intersection related,03 - Dawn,03 - P.D. only,03 - Rear end,Sheffield Glen
5840,HAWTHORNE RD/RUSSELL RD @ WALKLEY RD,374674.5244,5028500.639,-75.60758402,45.39295856,2016-12-05,5:55,03 - Snow,05 - Packed snow,01 - Traffic signal,02 - Intersection related,07 - Dark,03 - P.D. only,99 - Other,Sheffield Glen
5841,HAWTHORNE RD/RUSSELL RD @ WALKLEY RD,374675.5621,5028498.722,-75.60757104,45.39294121,2016-12-05,6:10,03 - Snow,05 - Packed snow,01 - Traffic signal,02 - Intersection related,07 - Dark,03 - P.D. only,03 - Rear end,Sheffield Glen
5842,HAZEL ST @ MAIN ST,369166.9384,5030174.225,-75.67769921,45.40854482,2016-03-31,13:59,02 - Rain,02 - Wet,01 - Traffic signal,03 - At intersection,01 - Daylight,03 - P.D. only,02 - Angle,Old Ottawa East
5843,HAZELDEAN RD @ 246 E OF CASTLEFRANK RD/FARMBOY,352861.0845,5017842.322,-75.88719457,45.2988902,2016-12-27,18:00,04 - Freezing Rain,03 - Loose snow,01 - Traffic signal,03 - At intersection,07 - Dark,02 - Non-fatal injury,07 - SMV other,Katimavik - Hazeldean
5844,HAZELDEAN RD @ 246 E OF CASTLEFRANK RD/FARMBOY,352859.3449,5017840.893,-75.88721689,45.29887746,2016-07-29,13:34,01 - Clear,01 - Dry,01 - Traffic signal,03 - At intersection,01 - Daylight,03 - P.D. only,05 - Turning movement,Glen Cairn - Kanata South Business Park
5845,HAZELDEAN RD @ CARBROOKE ST/IRWIN GATE,353419.4382,5018264.863,-75.88003423,45.3026539,2016-01-15,21:03,01 - Clear,02 - Wet,01 - Traffic signal,03 - At intersection,07 - Dark,02 - Non-fatal injury,05 - Turning movement,Glen Cairn - Kanata South Business Park
5846,HAZELDEAN RD @ CARBROOKE ST/IRWIN GATE,353417.61,5018265.188,-75.88005751,45.30265695,2016-06-27,15:38,01 - Clear,01 - Dry,01 - Traffic signal,03 - At intersection,01 - Daylight,02 - Non-fatal injury,05 - Turning movement,Glen Cairn - Kanata South Business Park
5847,HAZELDEAN RD @ CARBROOKE ST/IRWIN GATE,353416.3461,5018265.279,-75.88007362,45.30265786,2016-07-11,13:23,01 - Clear,01 - Dry,01 - Traffic signal,03 - At intersection,01 - Daylight,02 - Non-fatal injury,05 - Turning movement,Katimavik - Hazeldean
5848,HAZELDEAN RD @ CARBROOKE ST/IRWIN GATE,353417.0849,5018264.584,-75.88006426,45.30265155,2016-08-11,15:02,01 - Clear,01 - Dry,01 - Traffic signal,03 - At intersection,01 - Daylight,03 - P.D. only,02 - Angle,Glen Cairn - Kanata South Business Park
5849,HAZELDEAN RD @ CARBROOKE ST/IRWIN GATE,353418.1272,5018266.158,-75.88005082,45.30266564,2016-01-19,12:44,01 - Clear,04 - Slush,01 - Traffic signal,02 - Intersection related,01 - Daylight,03 - P.D. only,04 - Sideswipe,Katimavik - Hazeldean
5850,HAZELDEAN RD @ CARBROOKE ST/IRWIN GATE,353417.7646,5018265.72,-75.88005549,45.30266173,2016-02-10,11:04,03 - Snow,02 - Wet,01 - Traffic signal,02 - Intersection related,01 - Daylight,03 - P.D. only,03 - Rear end,Katimavik - Hazeldean
5851,HAZELDEAN RD @ CARBROOKE ST/IRWIN GATE,353417.4489,5018266.037,-75.88005948,45.3026646,2016-01-14,7:30,03 - Snow,04 - Slush,01 - Traffic signal,03 - At intersection,03 - Dawn,03 - P.D. only,03 - Rear end,Katimavik - Hazeldean
5852,HAZELDEAN RD @ CARBROOKE ST/IRWIN GATE,353419.5541,5018266.06,-75.88003264,45.30266466,2016-04-11,16:48,01 - Clear,01 - Dry,01 - Traffic signal,02 - Intersection related,01 - Daylight,03 - P.D. only,03 - Rear end,Katimavik - Hazeldean
5853,HAZELDEAN RD @ CARBROOKE ST/IRWIN GATE,353417.1982,5018265.29,-75.88006275,45.3026579,2016-12-21,14:29,01 - Clear,02 - Wet,01 - Traffic signal,03 - At intersection,01 - Daylight,03 - P.D. only,05 - Turning movement,Katimavik - Hazeldean
5854,HAZELDEAN RD @ CARBROOKE ST/IRWIN GATE,353417.5911,5018265.137,-75.88005776,45.30265649,2016-02-18,7:52,01 - Clear,02 - Wet,01 - Traffic signal,02 - Intersection related,01 - Daylight,03 - P.D. only,03 - Rear end,Glen Cairn - Kanata South Business Park
5855,HAZELDEAN RD @ EDGEWATER ST,352320.9902,5017350.743,-75.89412779,45.29450359,2016-09-19,15:40,01 - Clear,01 - Dry,01 - Traffic signal,03 - At intersection,01 - Daylight,02 - Non-fatal injury,05 - Turning movement,Glen Cairn - Kanata South Business Park
5856,HAZELDEAN RD @ EDGEWATER ST,352323.6057,5017352.571,-75.89409427,45.29451986,2016-04-15,17:20,01 - Clear,01 - Dry,01 - Traffic signal,03 - At intersection,01 - Daylight,02 - Non-fatal injury,05 - Turning movement,Katimavik - Hazeldean
5857,HAZELDEAN RD @ EDGEWATER ST,352323.8297,5017352.117,-75.89409146,45.29451576,2016-03-04,13:02,01 - Clear,01 - Dry,01 - Traffic signal,03 - At intersection,01 - Daylight,02 - Non-fatal injury,05 - Turning movement,Glen Cairn - Kanata South Business Park
5858,HAZELDEAN RD @ EDGEWATER ST,352325.262,5017352.687,-75.89407314,45.29452079,2016-05-13,12:24,01 - Clear,02 - Wet,01 - Traffic signal,02 - Intersection related,01 - Daylight,02 - Non-fatal injury,03 - Rear end,Katimavik - Hazeldean
5859,HAZELDEAN RD @ EDGEWATER ST,352323.3862,5017351.665,-75.89409716,45.29451172,2016-01-16,10:03,01 - Clear,04 - Slush,01 - Traffic signal,02 - Intersection related,01 - Daylight,03 - P.D. only,03 - Rear end,Glen Cairn - Kanata South Business Park
5860,HAZELDEAN RD @ EDGEWATER ST,352324.2716,5017352.111,-75.89408582,45.29451567,2016-03-16,11:54,01 - Clear,01 - Dry,01 - Traffic signal,03 - At intersection,01 - Daylight,03 - P.D. only,02 - Angle,Glen Cairn - Kanata South Business Park
5861,HAZELDEAN RD @ EDGEWATER ST,352322.7775,5017349.375,-75.89410514,45.29449116,2016-08-11,9:40,01 - Clear,01 - Dry,01 - Traffic signal,02 - Intersection related,01 - Daylight,03 - P.D. only,03 - Rear end,Glen Cairn - Kanata South Business Park
5862,HAZELDEAN RD @ EDGEWATER ST,352320.8398,5017351.816,-75.8941296,45.29451325,2016-03-28,10:02,02 - Rain,02 - Wet,01 - Traffic signal,03 - At intersection,01 - Daylight,03 - P.D. only,02 - Angle,Katimavik - Hazeldean
5863,HAZELDEAN RD @ FRINGEWOOD DR,350754.6571,5015908.95,-75.91423035,45.28163409,2016-06-22,11:50,01 - Clear,01 - Dry,01 - Traffic signal,02 - Intersection related,01 - Daylight,03 - P.D. only,07 - SMV other,Stittsville
5864,HAZELDEAN RD @ HUNTMAR DR/IBER RD,350941.2387,5016083.322,-75.91183597,45.28319092,2016-03-14,9:11,02 - Rain,02 - Wet,01 - Traffic signal,03 - At intersection,01 - Daylight,03 - P.D. only,02 - Angle,Stittsville
5865,HAZELDEAN RD @ HUNTMAR DR/IBER RD,350942.5979,5016081.503,-75.91181881,45.28317446,2016-08-12,18:04,02 - Rain,02 - Wet,01 - Traffic signal,02 - Intersection related,01 - Daylight,03 - P.D. only,03 - Rear end,Stittsville
5866,HAZELDEAN RD @ HUNTMAR DR/IBER RD,350941.4756,5016079.657,-75.91183329,45.28315792,2016-04-25,10:58,01 - Clear,01 - Dry,01 - Traffic signal,02 - Intersection related,01 - Daylight,03 - P.D. only,04 - Sideswipe,Stittsville
5867,HAZELDEAN RD @ HUNTMAR DR/IBER RD,350941.9161,5016079.887,-75.91182765,45.28315996,2016-07-11,14:13,01 - Clear,01 - Dry,01 - Traffic signal,02 - Intersection related,01 - Daylight,03 - P.D. only,03 - Rear end,Stittsville
5868,HAZELDEAN RD @ HUNTMAR DR/IBER RD,350946.2547,5016080.422,-75.9117723,45.28316449,2016-04-06,17:22,03 - Snow,04 - Slush,01 - Traffic signal,02 - Intersection related,01 - Daylight,03 - P.D. only,03 - Rear end,Stittsville
5869,HAZELDEAN RD @ HUNTMAR DR/IBER RD,350941.4707,5016079.442,-75.91183337,45.28315599,2016-11-10,20:58,01 - Clear,01 - Dry,01 - Traffic signal,02 - Intersection related,07 - Dark,03 - P.D. only,03 - Rear end,Stittsville
5870,HAZELDEAN RD @ HUNTMAR DR/IBER RD,350941.3635,5016078.419,-75.91183483,45.28314679,2016-11-24,9:35,03 - Snow,03 - Loose snow,01 - Traffic signal,02 - Intersection related,01 - Daylight,03 - P.D. only,04 - Sideswipe,Stittsville
5871,HAZELDEAN RD @ HWY 7 HAZELDEAN IC RAMP 24,346573.8887,5012281.704,-75.96782394,45.24925549,2016-11-20,16:05,03 - Snow,04 - Slush,02 - Stop sign,03 - At intersection,01 - Daylight,03 - P.D. only,02 - Angle,Stittsville - Basswood
5872,HAZELDEAN RD @ JOHNWOODS ST/VICTOR ST,350185.5191,5015395.108,-75.92153159,45.27704735,2016-08-24,10:49,01 - Clear,01 - Dry,01 - Traffic signal,02 - Intersection related,01 - Daylight,03 - P.D. only,03 - Rear end,Stittsville
5873,HAZELDEAN RD @ JOHNWOODS ST/VICTOR ST,350185.5347,5015396.438,-75.92153127,45.27705931,2016-12-17,13:31,01 - Clear,06 - Ice,01 - Traffic signal,02 - Intersection related,01 - Daylight,03 - P.D. only,04 - Sideswipe,Stittsville
5874,HAZELDEAN RD @ SPRINGBROOK DR,349869.6701,5015109.75,-75.92558299,45.27449992,2016-06-18,12:20,01 - Clear,01 - Dry,01 - Traffic signal,03 - At intersection,01 - Daylight,02 - Non-fatal injury,05 - Turning movement,Stittsville
5875,HAZELDEAN RD @ SPRINGBROOK DR,349869.7604,5015110.025,-75.92558182,45.27450238,2016-10-15,10:30,01 - Clear,01 - Dry,01 - Traffic signal,02 - Intersection related,01 - Daylight,03 - P.D. only,03 - Rear end,Stittsville
5876,HAZELDEAN RD @ SWEETNAM DR,350475.3623,5015656.217,-75.91781351,45.27937812,2016-04-06,17:05,03 - Snow,03 - Loose snow,02 - Stop sign,03 - At intersection,01 - Daylight,03 - P.D. only,05 - Turning movement,Stittsville
5877,HAZELDEAN RD @ SWEETNAM DR,350474.9099,5015655.765,-75.91781932,45.27937408,2016-06-16,14:43,01 - Clear,01 - Dry,02 - Stop sign,03 - At intersection,01 - Daylight,03 - P.D. only,03 - Rear end,Stittsville
5878,HAZELDEAN RD @ TERRY FOX DR,352206.9391,5017242.675,-75.89559214,45.29353887,2016-02-16,6:52,02 - Rain,03 - Loose snow,01 - Traffic signal,03 - At intersection,03 - Dawn,02 - Non-fatal injury,02 - Angle,Glen Cairn - Kanata South Business Park
5879,HAZELDEAN RD @ TERRY FOX DR,352207.3915,5017242.231,-75.89558642,45.29353484,2016-08-16,21:11,02 - Rain,02 - Wet,01 - Traffic signal,03 - At intersection,07 - Dark,02 - Non-fatal injury,05 - Turning movement,Glen Cairn - Kanata South Business Park
5880,HAZELDEAN RD @ TERRY FOX DR,352208.0702,5017242.221,-75.89557776,45.29353471,2016-07-21,18:44,01 - Clear,01 - Dry,01 - Traffic signal,02 - Intersection related,01 - Daylight,02 - Non-fatal injury,03 - Rear end,Glen Cairn - Kanata South Business Park
5881,HAZELDEAN RD @ TERRY FOX DR,352208.0702,5017241.303,-75.89557785,45.29352645,2016-07-11,8:28,01 - Clear,01 - Dry,01 - Traffic signal,02 - Intersection related,01 - Daylight,02 - Non-fatal injury,03 - Rear end,Glen Cairn - Kanata South Business Park
5882,HAZELDEAN RD @ TERRY FOX DR,352207.7415,5017242.682,-75.89558191,45.29353888,2016-11-16,14:59,01 - Clear,01 - Dry,01 - Traffic signal,02 - Intersection related,01 - Daylight,02 - Non-fatal injury,05 - Turning movement,Glen Cairn - Kanata South Business Park
5883,HAZELDEAN RD @ TERRY FOX DR,352207.7349,5017242.677,-75.895582,45.29353883,2016-02-19,14:04,01 - Clear,02 - Wet,01 - Traffic signal,02 - Intersection related,01 - Daylight,03 - P.D. only,03 - Rear end,Glen Cairn - Kanata South Business Park
5884,HAZELDEAN RD @ TERRY FOX DR,352207.833,5017241.785,-75.89558083,45.2935308,2016-03-02,11:20,01 - Clear,01 - Dry,01 - Traffic signal,02 - Intersection related,01 - Daylight,03 - P.D. only,03 - Rear end,Glen Cairn - Kanata South Business Park
5885,HAZELDEAN RD @ TERRY FOX DR,352207.3915,5017242.231,-75.89558642,45.29353484,2016-10-28,21:12,01 - Clear,01 - Dry,01 - Traffic signal,02 - Intersection related,07 - Dark,03 - P.D. only,05 - Turning movement,Glen Cairn - Kanata South Business Park
5886,HAZELDEAN RD @ TERRY FOX DR,352207.3915,5017242.231,-75.89558642,45.29353484,2016-01-14,7:11,03 - Snow,03 - Loose snow,01 - Traffic signal,02 - Intersection related,03 - Dawn,03 - P.D. only,03 - Rear end,Glen Cairn - Kanata South Business Park
5887,HAZELDEAN RD @ TERRY FOX DR,352208.2928,5017242.451,-75.8955749,45.29353676,2016-07-15,9:28,01 - Clear,01 - Dry,01 - Traffic signal,02 - Intersection related,01 - Daylight,03 - P.D. only,03 - Rear end,Glen Cairn - Kanata South Business Park
5888,HAZELDEAN RD @ TERRY FOX DR,352206.9376,5017242.227,-75.8955922,45.29353484,2016-04-07,17:00,01 - Clear,02 - Wet,01 - Traffic signal,02 - Intersection related,01 - Daylight,03 - P.D. only,03 - Rear end,Glen Cairn - Kanata South Business Park
5889,HAZELDEAN RD @ TERRY FOX DR,352207.8383,5017242.906,-75.89558066,45.29354089,2016-07-02,17:17,01 - Clear,01 - Dry,01 - Traffic signal,03 - At intersection,01 - Daylight,03 - P.D. only,03 - Rear end,Glen Cairn - Kanata South Business Park
5890,HAZELDEAN RD @ TERRY FOX DR,352207.8305,5017241.792,-75.89558086,45.29353086,2016-06-18,12:21,01 - Clear,01 - Dry,01 - Traffic signal,02 - Intersection related,01 - Daylight,03 - P.D. only,03 - Rear end,Glen Cairn - Kanata South Business Park
5891,HAZELDEAN RD @ TERRY FOX DR,352207.8365,5017242.676,-75.8955807,45.29353882,2016-05-23,11:23,01 - Clear,01 - Dry,01 - Traffic signal,02 - Intersection related,01 - Daylight,03 - P.D. only,03 - Rear end,Glen Cairn - Kanata South Business Park
5892,HAZELDEAN RD @ TERRY FOX DR,352207.2822,5017243.289,-75.89558771,45.29354437,2016-11-12,13:53,01 - Clear,01 - Dry,01 - Traffic signal,02 - Intersection related,01 - Daylight,03 - P.D. only,04 - Sideswipe,Glen Cairn - Kanata South Business Park
5893,HAZELDEAN RD @ TERRY FOX DR,352207.652,5017241.866,-75.89558313,45.29353154,2016-07-27,13:29,01 - Clear,01 - Dry,01 - Traffic signal,03 - At intersection,01 - Daylight,03 - P.D. only,02 - Angle,Glen Cairn - Kanata South Business Park
5894,HAZELDEAN RD @ YOUNG RD,352464.3867,5017480.224,-75.8922872,45.29565898,2016-04-03,21:15,01 - Clear,01 - Dry,02 - Stop sign,02 - Intersection related,07 - Dark,03 - P.D. only,03 - Rear end,Glen Cairn - Kanata South Business Park
5895,HAZELDEAN RD btwn 246 E OF CASTLEFRANK RD & IRWIN GT,352937.5267,5017911.802,-75.8862132,45.29951016,2016-06-20,15:18,01 - Clear,01 - Dry,10 - No control,04 - At/near private drive,01 - Daylight,03 - P.D. only,02 - Angle,Kanata
5896,HAZELDEAN RD btwn CARP RD & Continuation of HAZELDEAN RD,348872.1404,5014435.633,-75.93835581,45.2684972,2016-04-23,23:13,01 - Clear,01 - Dry,10 - No control,01 - Non intersection,07 - Dark,03 - P.D. only,07 - SMV other,Stittsville
5897,HAZELDEAN RD btwn CARP RD & Continuation of HAZELDEAN RD,348823.6668,5014384.527,-75.93897805,45.26804036,2016-07-18,21:25,01 - Clear,01 - Dry,10 - No control,01 - Non intersection,07 - Dark,03 - P.D. only,07 - SMV other,Stittsville
5898,HAZELDEAN RD btwn CASTLEFRANK RD & 246 E OF CASTLEFRANK RD,352685.045,5017683.488,-75.88945438,45.29747299,2016-03-27,11:01,01 - Clear,01 - Dry,10 - No control,04 - At/near private drive,01 - Daylight,03 - P.D. only,02 - Angle,Katimavik - Hazeldean
5899,HAZELDEAN RD btwn EDGEWATER ST & YOUNG RD,352453.9559,5017470.237,-75.89242115,45.29556982,2016-03-06,17:42,01 - Clear,01 - Dry,10 - No control,01 - Non intersection,01 - Daylight,03 - P.D. only,03 - Rear end,Glen Cairn - Kanata South Business Park
5900,HAZELDEAN RD btwn GO/KA BOUNDARY & HUNTMAR DR/IBER RD,351202.6796,5016316.962,-75.9084817,45.28527607,2016-04-18,12:15,01 - Clear,01 - Dry,10 - No control,04 - At/near private drive,01 - Daylight,03 - P.D. only,99 - Other,Stittsville
5901,HAZELDEAN RD btwn GO/KA BOUNDARY & HUNTMAR DR/IBER RD,351171.5993,5016280.701,-75.90888126,45.28495183,2016-12-21,22:00,01 - Clear,02 - Wet,10 - No control,01 - Non intersection,07 - Dark,03 - P.D. only,03 - Rear end,Stittsville
5902,HAZELDEAN RD btwn GO/KA BOUNDARY & KINCARDINE DR,351876.9344,5016936.869,-75.89982828,45.29080933,2016-06-30,17:03,01 - Clear,01 - Dry,10 - No control,01 - Non intersection,01 - Daylight,03 - P.D. only,03 - Rear end,Katimavik - Hazeldean
5903,HAZELDEAN RD btwn IRWIN GT & EAGLESON RD,353425.302,5018270.998,-75.87995886,45.3027087,2016-05-14,11:24,01 - Clear,01 - Dry,10 - No control,01 - Non intersection,01 - Daylight,03 - P.D. only,04 - Sideswipe,Katimavik - Hazeldean
5904,HAZELDEAN RD btwn IRWIN GT & EAGLESON RD,353654.7772,5018413.718,-75.87701884,45.303977,2016-06-10,19:55,01 - Clear,01 - Dry,10 - No control,01 - Non intersection,01 - Daylight,03 - P.D. only,04 - Sideswipe,Katimavik - Hazeldean
5905,HAZELDEAN RD btwn JINKINSON RD/HAZELDEAN IC RAMP 62 & KITTIWAKE DR,346977.2439,5012494.954,-75.96266755,45.25115035,2016-07-26,8:30,01 - Clear,01 - Dry,10 - No control,01 - Non intersection,01 - Daylight,03 - P.D. only,99 - Other,Stittsville - Basswood
5906,HAZELDEAN RD btwn KINCARDINE DR & TERRY FOX DR,352061.8553,5017107.875,-75.89745461,45.29233567,2016-10-21,21:36,02 - Rain,02 - Wet,10 - No control,01 - Non intersection,07 - Dark,03 - P.D. only,07 - SMV other,Glen Cairn - Kanata South Business Park
5907,HAZELDEAN RD btwn KINCARDINE DR & TERRY FOX DR,352201.8528,5017237.047,-75.89565752,45.29348857,2016-01-15,19:21,01 - Clear,02 - Wet,10 - No control,01 - Non intersection,07 - Dark,03 - P.D. only,03 - Rear end,Katimavik - Hazeldean
5908,HAZELDEAN RD btwn KINCARDINE DR & TERRY FOX DR,352144.574,5017184.212,-75.89639279,45.29301701,2016-12-08,21:24,03 - Snow,06 - Ice,10 - No control,01 - Non intersection,07 - Dark,03 - P.D. only,07 - SMV other,Katimavik - Hazeldean
5909,HAZELDEAN RD btwn KITTIWAKE DR & CARP RD,348506.6537,5013900.741,-75.94306033,45.26370684,2016-11-10,16:49,01 - Clear,01 - Dry,10 - No control,01 - Non intersection,05 - Dusk,03 - P.D. only,07 - SMV other,Stittsville
5910,HAZELDEAN RD btwn STITTSVILLE MAIN ST & TURN LANE,349561.9896,5014880.513,-75.92952488,45.27245682,2016-04-30,11:44,01 - Clear,01 - Dry,10 - No control,01 - Non intersection,01 - Daylight,03 - P.D. only,04 - Sideswipe,Stittsville
5911,HAZELDEAN RD btwn SWEETNAM DR & CEDAROW CRT,350568.7586,5015741.496,-75.91661526,45.28013941,2016-12-20,15:05,01 - Clear,02 - Wet,10 - No control,01 - Non intersection,01 - Daylight,02 - Non-fatal injury,03 - Rear end,Stittsville
5912,HAZELDEAN RD btwn TERRY FOX DR & EDGEWATER ST,352217.9293,5017251.891,-75.89545115,45.29362105,2016-10-18,11:00,01 - Clear,01 - Dry,10 - No control,04 - At/near private drive,01 - Daylight,02 - Non-fatal injury,02 - Angle,Glen Cairn - Kanata South Business Park
5913,HAZELDEAN RD btwn TERRY FOX DR & EDGEWATER ST,352300.8189,5017331.392,-75.8943868,45.29433083,2016-10-20,12:55,02 - Rain,02 - Wet,10 - No control,01 - Non intersection,01 - Daylight,03 - P.D. only,04 - Sideswipe,Glen Cairn - Kanata South Business Park
5914,HAZELDEAN RD btwn YOUNG RD & CASTLEFRANK RD,352545.552,5017553.559,-75.89124536,45.29631335,2016-09-08,8:51,01 - Clear,01 - Dry,10 - No control,04 - At/near private drive,01 - Daylight,03 - P.D. only,02 - Angle,Glen Cairn - Kanata South Business Park
5915,HEARTHSTONE PL btwn GROVEMONT DR & ASHMORE DR,366792.4866,5014587.206,-75.70998319,45.26850979,2016-07-20,17:05,01 - Clear,01 - Dry,10 - No control,01 - Non intersection,01 - Daylight,03 - P.D. only,06 - SMV unattended vehicle,Chapman Mills - Rideau Crest - Davidson Heights
5916,HEATHERINGTON RD @ FAIRLEA CRES S/ANGELA PRIV,371874.7365,5026503.029,-75.64360939,45.37525861,2016-01-16,15:36,01 - Clear,03 - Loose snow,02 - Stop sign,02 - Intersection related,01 - Daylight,03 - P.D. only,07 - SMV other,Ledbury - Heron Gate - Ridgemont - Elmwood
5917,HEATHERINGTON RD @ FAIRLEA CRES S/ANGELA PRIV,371872.252,5026501.114,-75.64364137,45.37524162,2016-12-08,23:24,01 - Clear,06 - Ice,02 - Stop sign,02 - Intersection related,07 - Dark,03 - P.D. only,03 - Rear end,Ledbury - Heron Gate - Ridgemont - Elmwood
5918,HEATHERINGTON RD btwn ALBION RD N & BANNERHILL PRIV,371592.3363,5026225.896,-75.64725207,45.37279204,2016-01-03,9:44,03 - Snow,04 - Slush,10 - No control,01 - Non intersection,01 - Daylight,02 - Non-fatal injury,01 - Approaching,Ledbury - Heron Gate - Ridgemont - Elmwood
5919,HEATHERINGTON RD btwn ALBION RD N & BANNERHILL PRIV,371276.4928,5026236.106,-75.65128267,45.37291394,2016-02-07,14:06,01 - Clear,01 - Dry,10 - No control,01 - Non intersection,01 - Daylight,03 - P.D. only,04 - Sideswipe,Ledbury - Heron Gate - Ridgemont - Elmwood
5920,HEATHERINGTON RD btwn ALBION RD N & BANNERHILL PRIV,371276.9426,5026236.79,-75.65127684,45.37292005,2016-01-30,1:00,03 - Snow,05 - Packed snow,10 - No control,01 - Non intersection,07 - Dark,03 - P.D. only,06 - SMV unattended vehicle,Ledbury - Heron Gate - Ridgemont - Elmwood
5921,HEATHERINGTON RD btwn ALBION RD N & BANNERHILL PRIV,371555.9158,5026239.437,-75.64771517,45.37291735,2016-04-20,21:00,01 - Clear,01 - Dry,10 - No control,01 - Non intersection,07 - Dark,03 - P.D. only,06 - SMV unattended vehicle,Ledbury - Heron Gate - Ridgemont - Elmwood
5922,HEATHERINGTON RD btwn ALBION RD N & BANNERHILL PRIV,371674.5405,5026248.555,-75.6461996,45.37298808,2016-02-06,5:21,01 - Clear,01 - Dry,10 - No control,01 - Non intersection,07 - Dark,03 - P.D. only,06 - SMV unattended vehicle,Ledbury - Heron Gate - Ridgemont - Elmwood
5923,HEATHERINGTON RD btwn ALBION RD N & BANNERHILL PRIV,371818.3599,5026345.644,-75.64435047,45.37384791,2016-12-16,9:11,01 - Clear,05 - Packed snow,10 - No control,04 - At/near private drive,01 - Daylight,03 - P.D. only,03 - Rear end,Ledbury - Heron Gate - Ridgemont - Elmwood
5924,HEATHERINGTON RD btwn FAIRLEA CRES & ANGELA PRIV,371819.5092,5026666.074,-75.64429231,45.37673091,2016-08-06,11:52,01 - Clear,01 - Dry,10 - No control,01 - Non intersection,01 - Daylight,03 - P.D. only,06 - SMV unattended vehicle,Ledbury - Heron Gate - Ridgemont - Elmwood
5925,HEMLO CRES btwn GOLDRIDGE DR & GRENGOLD WAY (1),350301.1329,5019352.22,-75.91969503,45.31264714,2016-02-16,10:00,03 - Snow,05 - Packed snow,10 - No control,01 - Non intersection,01 - Daylight,03 - P.D. only,07 - SMV other,Kanata Lakes - Marchwood Lakeside - Morgan's Grant - Kanata
5926,HEMLOCK RD @ LANSDOWNE RD,369848.6986,5034511.986,-75.66841756,45.44751123,2016-12-06,10:15,01 - Clear,03 - Loose snow,02 - Stop sign,02 - Intersection related,01 - Daylight,03 - P.D. only,01 - Approaching,Rockcliffe - Manor Park
5927,HEMLOCK RD @ LANSDOWNE RD,369847.8705,5034512.814,-75.66842804,45.44751876,2016-12-08,16:37,03 - Snow,03 - Loose snow,02 - Stop sign,02 - Intersection related,05 - Dusk,03 - P.D. only,01 - Approaching,Rockcliffe - Manor Park
5928,HEMLOCK RD @ ST. LAURENT BLVD,371144.9584,5034783.474,-75.65181137,45.44983211,2016-05-15,14:57,01 - Clear,01 - Dry,01 - Traffic signal,02 - Intersection related,01 - Daylight,02 - Non-fatal injury,04 - Sideswipe,Cemetery
5929,HEMLOCK RD @ ST. LAURENT BLVD,371145.0271,5034781.143,-75.65181081,45.44981113,2016-07-11,12:53,01 - Clear,01 - Dry,01 - Traffic signal,02 - Intersection related,01 - Daylight,02 - Non-fatal injury,07 - SMV other,Cemetery
5930,HEMLOCK RD @ ST. LAURENT BLVD,371145.9284,5034780.5,-75.65179938,45.44980526,2016-10-12,8:27,01 - Clear,01 - Dry,01 - Traffic signal,03 - At intersection,01 - Daylight,02 - Non-fatal injury,07 - SMV other,Cemetery
5931,HEMLOCK RD @ ST. LAURENT BLVD,371146.3907,5034782.052,-75.65179326,45.44981918,2016-07-07,22:35,01 - Clear,01 - Dry,01 - Traffic signal,03 - At intersection,07 - Dark,02 - Non-fatal injury,05 - Turning movement,Cemetery
5932,HEMLOCK RD @ ST. LAURENT BLVD,371145.7089,5034782.84,-75.65180187,45.44982633,2016-12-03,2:38,01 - Clear,01 - Dry,01 - Traffic signal,02 - Intersection related,07 - Dark,03 - P.D. only,07 - SMV other,Cemetery
5933,HEMLOCK RD btwn BEECHWOOD AVE & LANSDOWNE RD S,369776.0529,5034324.89,-75.66937087,45.44583458,2016-01-12,13:19,03 - Snow,03 - Loose snow,10 - No control,01 - Non intersection,01 - Daylight,03 - P.D. only,01 - Approaching,Rockcliffe - Manor Park
5934,HEMMINGWOOD WAY btwn CENTREPOINTE DR & COVINGTON PL,361724.6536,5023004.603,-75.7735942,45.34467812,2016-03-20,17:00,01 - Clear,01 - Dry,10 - No control,01 - Non intersection,01 - Daylight,03 - P.D. only,06 - SMV unattended vehicle,Centrepointe
5935,HENDERSON AVE @ OSGOODE ST,368918.377,5031896.246,-75.68065025,45.42406177,2016-04-29,14:08,01 - Clear,01 - Dry,02 - Stop sign,03 - At intersection,01 - Daylight,02 - Non-fatal injury,07 - SMV other,Sandy Hill
5936,HENDERSON AVE btwn OSGOODE ST & SOMERSET ST E,368944.0285,5031854.216,-75.68032796,45.42368125,2016-05-13,9:04,02 - Rain,02 - Wet,10 - No control,01 - Non intersection,01 - Daylight,03 - P.D. only,06 - SMV unattended vehicle,Sandy Hill
5937,HENDERSON AVE btwn SOMERSET ST E & TEMPLETON ST,369032.6351,5031708.581,-75.6792148,45.42236275,2016-09-06,17:45,01 - Clear,01 - Dry,10 - No control,01 - Non intersection,01 - Daylight,03 - P.D. only,06 - SMV unattended vehicle,Sandy Hill
5938,HENLEY ST btwn MAPLEWOOD AVE & DUNDEE AVE,360522.8458,5024432.598,-75.78876814,45.35762369,2016-07-26,19:30,01 - Clear,01 - Dry,10 - No control,01 - Non intersection,01 - Daylight,03 - P.D. only,06 - SMV unattended vehicle,Whitehaven - Queensway Terrace North