Record,Location,X,Y,lon,lat,Date,Time,Environment,Road_Surface,Traffic_Control,Collision_Location,Light,Collision_Classification,Impact_type,Neighborhood
5939,HENNESSY CRES E @ VALIN ST E,385265.9861,5037698.125,-75.47083045,45.47457227,2016-08-16,18:55,02 - Rain,02 - Wet,02 - Stop sign,03 - At intersection,01 - Daylight,03 - P.D. only,02 - Angle,Cardinal Creek
5940,HENNESSY CRES/VARENNES BLVD @ VALIN ST,385176.8831,5037685.76,-75.47197192,45.47447128,2016-08-21,18:14,01 - Clear,01 - Dry,02 - Stop sign,03 - At intersection,01 - Daylight,02 - Non-fatal injury,07 - SMV other,Fallingbrook
5941,HENRI LAUZON ST btwn GREENRIDGE ST & BRYARTON ST,380488.9277,5036356.452,-75.53212718,45.4630351,2016-02-18,10:01,01 - Clear,05 - Packed snow,10 - No control,04 - At/near private drive,01 - Daylight,03 - P.D. only,02 - Angle,Chapel Hill
5942,HEPATICA WAY btwn GENEVRIERS ST & MAGNOLIA ST,"384,542.73","5,034,620.66",-75.48057864,45.44696707,2016-06-16,16:01,01 - Clear,01 - Dry,10 - No control,01 - Non intersection,01 - Daylight,03 - P.D. only,06 - SMV unattended vehicle,Avalon
5943,HEPATICA WAY btwn GENEVRIERS ST & MAGNOLIA ST,"384,542.73","5,034,620.66",-75.48057864,45.44696707,2016-11-08,0:00,01 - Clear,01 - Dry,10 - No control,01 - Non intersection,00 - Unknown,03 - P.D. only,06 - SMV unattended vehicle,Avalon
5944,HERITAGE GLEN DR @ WOODROFFE AVE,366010.9949,5015621.076,-75.71981394,45.27788096,2016-09-12,7:26,01 - Clear,01 - Dry,02 - Stop sign,02 - Intersection related,01 - Daylight,02 - Non-fatal injury,03 - Rear end,New Barrhaven
5945,HERON RD @ 155 W OF BANK ST/CANADIAN TIRE SC,369847.8238,5026829.279,-75.66944267,45.3783852,2016-02-19,9:53,01 - Clear,04 - Slush,01 - Traffic signal,03 - At intersection,01 - Daylight,03 - P.D. only,02 - Angle,Alta Vista
5946,HERON RD @ 155 W OF BANK ST/CANADIAN TIRE SC,369852.2971,5026826.59,-75.66938591,45.37836059,2016-04-08,18:25,03 - Snow,03 - Loose snow,01 - Traffic signal,03 - At intersection,01 - Daylight,03 - P.D. only,02 - Angle,Alta Vista
5947,HERON RD @ ALTA VISTA DR,370490.942,5026902.279,-75.66122224,45.37898202,2016-05-03,23:14,01 - Clear,01 - Dry,01 - Traffic signal,03 - At intersection,07 - Dark,02 - Non-fatal injury,02 - Angle,Alta Vista
5948,HERON RD @ ALTA VISTA DR,370494.3787,5026901.295,-75.66117849,45.37897285,2016-09-01,13:56,01 - Clear,01 - Dry,01 - Traffic signal,02 - Intersection related,01 - Daylight,02 - Non-fatal injury,03 - Rear end,Alta Vista
5949,HERON RD @ ALTA VISTA DR,370490.7797,5026903.577,-75.66122414,45.37899372,2016-07-02,16:37,01 - Clear,01 - Dry,01 - Traffic signal,03 - At intersection,01 - Daylight,02 - Non-fatal injury,02 - Angle,Alta Vista
5950,HERON RD @ ALTA VISTA DR,370492.7794,5026901.53,-75.66119888,45.37897511,2016-02-28,12:08,03 - Snow,02 - Wet,01 - Traffic signal,03 - At intersection,01 - Daylight,03 - P.D. only,02 - Angle,Alta Vista
5951,HERON RD @ ALTA VISTA DR,370491.8942,5026900.467,-75.66121032,45.37896563,2016-09-24,23:09,01 - Clear,01 - Dry,01 - Traffic signal,02 - Intersection related,07 - Dark,03 - P.D. only,03 - Rear end,Alta Vista
5952,HERON RD @ ALTA VISTA DR,370494.4087,5026902.874,-75.6611779,45.37898705,2016-08-24,18:21,01 - Clear,01 - Dry,01 - Traffic signal,02 - Intersection related,01 - Daylight,03 - P.D. only,03 - Rear end,Alta Vista
5953,HERON RD @ ALTA VISTA DR,370492.0638,5026902.757,-75.66120785,45.37898622,2016-02-02,15:15,01 - Clear,01 - Dry,01 - Traffic signal,02 - Intersection related,01 - Daylight,03 - P.D. only,03 - Rear end,Alta Vista
5954,HERON RD @ ALTA VISTA DR,370491.9719,5026904.413,-75.6612088,45.37900113,2016-01-15,14:49,01 - Clear,05 - Packed snow,01 - Traffic signal,02 - Intersection related,01 - Daylight,03 - P.D. only,04 - Sideswipe,Alta Vista
5955,HERON RD @ ALTA VISTA DR,370493.6409,5026901.389,-75.6611879,45.37897376,2016-05-31,12:38,01 - Clear,01 - Dry,01 - Traffic signal,02 - Intersection related,01 - Daylight,03 - P.D. only,04 - Sideswipe,Alta Vista
5956,HERON RD @ ALTA VISTA DR,370493.381,5026902.757,-75.66119104,45.37898609,2016-12-05,14:00,01 - Clear,05 - Packed snow,01 - Traffic signal,02 - Intersection related,01 - Daylight,03 - P.D. only,05 - Turning movement,Alta Vista
5957,HERON RD @ BAYCREST DR,371144.6554,5026978.482,-75.65286594,45.37960607,2016-03-16,12:08,01 - Clear,01 - Dry,01 - Traffic signal,02 - Intersection related,01 - Daylight,03 - P.D. only,03 - Rear end,Ledbury - Heron Gate - Ridgemont - Elmwood
5958,HERON RD @ BAYCREST DR,371142.6144,5026979.953,-75.6528918,45.3796195,2016-02-01,10:40,01 - Clear,01 - Dry,01 - Traffic signal,03 - At intersection,01 - Daylight,03 - P.D. only,02 - Angle,Ledbury - Heron Gate - Ridgemont - Elmwood
5959,HERON RD @ BAYCREST DR,371143.7293,5026979.92,-75.65287757,45.3796191,2016-01-06,13:34,01 - Clear,02 - Wet,01 - Traffic signal,02 - Intersection related,01 - Daylight,03 - P.D. only,03 - Rear end,Ledbury - Heron Gate - Ridgemont - Elmwood
5960,HERON RD @ BAYCREST DR,371145.4627,5026981.455,-75.65285524,45.37963274,2016-04-25,15:14,01 - Clear,01 - Dry,01 - Traffic signal,03 - At intersection,01 - Daylight,03 - P.D. only,02 - Angle,Ledbury - Heron Gate - Ridgemont - Elmwood
5961,HERON RD @ BAYCREST DR,371142.6144,5026981.204,-75.65289163,45.37963076,2016-05-31,16:28,01 - Clear,01 - Dry,01 - Traffic signal,02 - Intersection related,01 - Daylight,03 - P.D. only,03 - Rear end,Ledbury - Heron Gate - Ridgemont - Elmwood
5962,HERON RD @ BAYCREST DR,371142.073,5026979.959,-75.65289871,45.37961961,2016-11-16,10:49,01 - Clear,02 - Wet,01 - Traffic signal,02 - Intersection related,01 - Daylight,03 - P.D. only,03 - Rear end,Ledbury - Heron Gate - Ridgemont - Elmwood
5963,HERON RD @ BRIAR HILL DR/SANDALWOOD DR,371452.712,5027013.279,-75.6489282,45.37988992,2016-01-06,14:48,01 - Clear,02 - Wet,01 - Traffic signal,03 - At intersection,01 - Daylight,03 - P.D. only,05 - Turning movement,Ledbury - Heron Gate - Ridgemont - Elmwood
5964,HERON RD @ BRIAR HILL DR/SANDALWOOD DR,371451.8388,5027011.549,-75.64893958,45.37987444,2016-02-18,12:57,01 - Clear,02 - Wet,01 - Traffic signal,03 - At intersection,01 - Daylight,03 - P.D. only,02 - Angle,Ledbury - Heron Gate - Ridgemont - Elmwood
5965,HERON RD @ BRONSON AVE RAMP 52,368689.5352,5026696.275,-75.68424786,45.37729504,2016-12-05,6:45,03 - Snow,04 - Slush,10 - No control,02 - Intersection related,07 - Dark,03 - P.D. only,07 - SMV other,Alta Vista
5966,HERON RD @ FINN CRT,370831.1784,5026945.252,-75.65687264,45.37933669,2016-05-27,7:37,01 - Clear,01 - Dry,01 - Traffic signal,02 - Intersection related,01 - Daylight,03 - P.D. only,03 - Rear end,Ledbury - Heron Gate - Ridgemont - Elmwood
5967,HERON RD @ FINN CRT,370831.4948,5026945.038,-75.65686863,45.37933474,2016-01-06,15:45,01 - Clear,02 - Wet,01 - Traffic signal,03 - At intersection,01 - Daylight,03 - P.D. only,02 - Angle,Ledbury - Heron Gate - Ridgemont - Elmwood
5968,HERON RD @ FINN CRT,370830.8623,5026945.248,-75.65687668,45.37933669,2016-10-03,13:54,01 - Clear,01 - Dry,01 - Traffic signal,03 - At intersection,01 - Daylight,03 - P.D. only,05 - Turning movement,Ledbury - Heron Gate - Ridgemont - Elmwood
5969,HERON RD @ JEFFERSON ST,371809.3912,5027053.651,-75.64436888,45.38021915,2016-03-01,12:04,01 - Clear,01 - Dry,01 - Traffic signal,03 - At intersection,01 - Daylight,03 - P.D. only,02 - Angle,Ledbury - Heron Gate - Ridgemont - Elmwood
5970,HERON RD @ JEFFERSON ST,371808.5512,5027052.914,-75.64437971,45.3802126,2016-09-01,19:09,01 - Clear,01 - Dry,01 - Traffic signal,03 - At intersection,01 - Daylight,03 - P.D. only,04 - Sideswipe,Ledbury - Heron Gate - Ridgemont - Elmwood
5971,HERON RD @ JEFFERSON ST,371807.6276,5027053.2,-75.64439146,45.38021526,2016-01-28,14:55,01 - Clear,01 - Dry,01 - Traffic signal,02 - Intersection related,01 - Daylight,03 - P.D. only,03 - Rear end,Ledbury - Heron Gate - Ridgemont - Elmwood
5972,HERON RD @ JEFFERSON ST,371808.0435,5027052.542,-75.64438624,45.3802093,2016-06-18,20:20,01 - Clear,01 - Dry,01 - Traffic signal,03 - At intersection,05 - Dusk,03 - P.D. only,02 - Angle,Ledbury - Heron Gate - Ridgemont - Elmwood
5973,HERON RD @ JEFFERSON ST,371808.0489,5027052.767,-75.64438614,45.38021132,2016-07-03,18:41,01 - Clear,01 - Dry,01 - Traffic signal,03 - At intersection,01 - Daylight,03 - P.D. only,02 - Angle,Ledbury - Heron Gate - Ridgemont - Elmwood
5974,HERON RD @ KALADAR AVE,369685.5039,5026804.318,-75.6715183,45.37817566,2016-02-10,11:17,01 - Clear,02 - Wet,01 - Traffic signal,03 - At intersection,01 - Daylight,02 - Non-fatal injury,02 - Angle,Alta Vista
5975,HERON RD @ KALADAR AVE,369685.4351,5026804.407,-75.67151916,45.37817646,2016-05-12,13:16,01 - Clear,01 - Dry,01 - Traffic signal,03 - At intersection,01 - Daylight,02 - Non-fatal injury,02 - Angle,Alta Vista
5976,HERON RD @ KALADAR AVE,369685.5039,5026803.879,-75.67151835,45.37817171,2016-11-28,11:04,01 - Clear,01 - Dry,01 - Traffic signal,03 - At intersection,01 - Daylight,02 - Non-fatal injury,02 - Angle,Alta Vista
5977,HERON RD @ KALADAR AVE,369685.7234,5026804.981,-75.67151541,45.3781816,2016-03-08,15:00,01 - Clear,01 - Dry,01 - Traffic signal,02 - Intersection related,01 - Daylight,03 - P.D. only,03 - Rear end,Alta Vista
5978,HERON RD @ KALADAR AVE,369685.9429,5026803.44,-75.67151281,45.37816772,2016-12-19,15:23,01 - Clear,01 - Dry,01 - Traffic signal,03 - At intersection,01 - Daylight,03 - P.D. only,05 - Turning movement,Alta Vista
5979,HERON RD @ WALKLEY RD,372266.9556,5027083.235,-75.63852294,45.38044142,2016-11-05,17:07,01 - Clear,01 - Dry,01 - Traffic signal,03 - At intersection,05 - Dusk,02 - Non-fatal injury,02 - Angle,Ledbury - Heron Gate - Ridgemont - Elmwood
5980,HERON RD @ WALKLEY RD,372267.5657,5027083.455,-75.63851513,45.38044334,2016-04-02,18:27,01 - Clear,01 - Dry,01 - Traffic signal,02 - Intersection related,01 - Daylight,02 - Non-fatal injury,03 - Rear end,Ledbury - Heron Gate - Ridgemont - Elmwood
5981,HERON RD @ WALKLEY RD,372266.7459,5027083.907,-75.63852553,45.38044749,2016-01-11,15:36,01 - Clear,01 - Dry,01 - Traffic signal,02 - Intersection related,01 - Daylight,03 - P.D. only,03 - Rear end,Ledbury - Heron Gate - Ridgemont - Elmwood
5982,HERON RD @ WALKLEY RD,372267.8515,5027084.131,-75.63851138,45.3804494,2016-07-04,9:34,01 - Clear,01 - Dry,01 - Traffic signal,02 - Intersection related,01 - Daylight,03 - P.D. only,04 - Sideswipe,Ledbury - Heron Gate - Ridgemont - Elmwood
5983,HERON RD @ WALKLEY RD,372267.5657,5027084.236,-75.63851502,45.38045037,2016-09-28,18:47,01 - Clear,01 - Dry,01 - Traffic signal,02 - Intersection related,01 - Daylight,03 - P.D. only,04 - Sideswipe,Ledbury - Heron Gate - Ridgemont - Elmwood
5984,HERON RD @ WALKLEY RD,372267.8337,5027083.235,-75.63851173,45.38044134,2016-11-11,12:41,01 - Clear,01 - Dry,01 - Traffic signal,02 - Intersection related,01 - Daylight,03 - P.D. only,04 - Sideswipe,Ledbury - Heron Gate - Ridgemont - Elmwood
5985,HERON RD @ WALKLEY RD,372268.0033,5027082.212,-75.63850971,45.38043212,2016-12-16,10:26,01 - Clear,01 - Dry,01 - Traffic signal,02 - Intersection related,01 - Daylight,03 - P.D. only,03 - Rear end,Ledbury - Heron Gate - Ridgemont - Elmwood
5986,HERON RD @ WALKLEY RD,372267.1751,5027082.212,-75.63852028,45.3804322,2016-12-31,14:09,03 - Snow,03 - Loose snow,01 - Traffic signal,03 - At intersection,01 - Daylight,03 - P.D. only,01 - Approaching,Ledbury - Heron Gate - Ridgemont - Elmwood
5987,HERON RD btwn ALTA VISTA DR & FINN CRT,370647.0038,5026923.021,-75.65922701,45.379154,2016-06-21,6:57,01 - Clear,01 - Dry,10 - No control,04 - At/near private drive,01 - Daylight,02 - Non-fatal injury,02 - Angle,Alta Vista
5988,HERON RD btwn ALTA VISTA DR & FINN CRT,370499.3133,5026902.537,-75.66111533,45.37898356,2016-08-04,13:17,01 - Clear,01 - Dry,10 - No control,01 - Non intersection,01 - Daylight,03 - P.D. only,05 - Turning movement,Alta Vista
5989,HERON RD btwn ALTA VISTA DR & FINN CRT,370510.2308,5026906.129,-75.66097546,45.37901485,2016-05-03,7:28,01 - Clear,01 - Dry,10 - No control,01 - Non intersection,01 - Daylight,03 - P.D. only,04 - Sideswipe,Alta Vista
5990,HERON RD btwn ALTA VISTA DR & FINN CRT,370781.8975,5026937.95,-75.6575028,45.37927564,2016-12-17,17:27,03 - Snow,04 - Slush,10 - No control,01 - Non intersection,07 - Dark,03 - P.D. only,04 - Sideswipe,Alta Vista
5991,HERON RD btwn BAYCREST DR & SANDALWOOD DR,371343.4605,5027003.729,-75.65032434,45.37981438,2016-09-14,21:37,01 - Clear,01 - Dry,10 - No control,01 - Non intersection,07 - Dark,02 - Non-fatal injury,04 - Sideswipe,Ledbury - Heron Gate - Ridgemont - Elmwood
5992,HERON RD btwn CLEMENTINE BLVD & FALCON AVE,369585.7143,5026791.645,-75.67279397,45.37807086,2016-01-18,14:57,01 - Clear,03 - Loose snow,10 - No control,01 - Non intersection,01 - Daylight,03 - P.D. only,04 - Sideswipe,Alta Vista
5993,HERON RD btwn CLOVER ST & CARLSEN AVE,369317.7989,5026765.654,-75.67621785,45.37786173,2016-01-24,9:56,01 - Clear,01 - Dry,10 - No control,01 - Non intersection,01 - Daylight,03 - P.D. only,04 - Sideswipe,Alta Vista
5994,HERON RD btwn FINN CRT & BAYCREST DR,370941.0948,5026958.249,-75.65546757,45.37944327,2016-02-27,10:11,01 - Clear,01 - Dry,10 - No control,04 - At/near private drive,01 - Daylight,03 - P.D. only,05 - Turning movement,Ledbury - Heron Gate - Ridgemont - Elmwood
5995,HERON RD btwn FINN CRT & BAYCREST DR,371092.0732,5026974.373,-75.65353783,45.37957408,2016-04-04,18:17,01 - Clear,01 - Dry,10 - No control,04 - At/near private drive,05 - Dusk,03 - P.D. only,02 - Angle,Ledbury - Heron Gate - Ridgemont - Elmwood
5996,HERON RD btwn FINN CRT & BAYCREST DR,371044.3848,5026968.021,-75.65414753,45.37952143,2016-04-06,17:57,03 - Snow,03 - Loose snow,10 - No control,04 - At/near private drive,01 - Daylight,03 - P.D. only,02 - Angle,Ledbury - Heron Gate - Ridgemont - Elmwood
5997,HERON RD btwn FINN CRT & BAYCREST DR,370936.9695,5026956.323,-75.6555205,45.37942633,2016-03-30,11:33,01 - Clear,01 - Dry,10 - No control,01 - Non intersection,01 - Daylight,03 - P.D. only,03 - Rear end,Ledbury - Heron Gate - Ridgemont - Elmwood
5998,HERON RD btwn HUNTLEY AVE & CLEMENTINE BLVD,369532.5784,5026785.012,-75.67347323,45.37801609,2016-02-08,9:43,01 - Clear,01 - Dry,10 - No control,01 - Non intersection,01 - Daylight,03 - P.D. only,03 - Rear end,Alta Vista
5999,HERON RD btwn JEFFERSON ST & TURN LANE,372054.8285,5027082.618,-75.64123135,45.38045627,2016-11-04,7:45,01 - Clear,01 - Dry,10 - No control,01 - Non intersection,01 - Daylight,02 - Non-fatal injury,04 - Sideswipe,Ledbury - Heron Gate - Ridgemont - Elmwood
6000,HERON RD btwn JEFFERSON ST & TURN LANE,372169.9714,5027096.504,-75.63975937,45.38057014,2016-03-26,12:11,01 - Clear,01 - Dry,10 - No control,04 - At/near private drive,01 - Daylight,03 - P.D. only,01 - Approaching,Ledbury - Heron Gate - Ridgemont - Elmwood
6001,HERON RD btwn JEFFERSON ST & TURN LANE,372193.41,5027099.261,-75.63945975,45.3805927,2016-10-23,22:55,01 - Clear,01 - Dry,10 - No control,01 - Non intersection,07 - Dark,03 - P.D. only,04 - Sideswipe,Ledbury - Heron Gate - Ridgemont - Elmwood
6002,HERON RD btwn JEFFERSON ST & TURN LANE,372020.4133,5027079.942,-75.6416711,45.38043549,2016-10-07,8:04,01 - Clear,01 - Dry,10 - No control,04 - At/near private drive,01 - Daylight,03 - P.D. only,02 - Angle,Ledbury - Heron Gate - Ridgemont - Elmwood
6003,HERON RD btwn PRINCE OF WALES DR & TURN LANE (1),366924.7189,5026452.965,-75.70680973,45.3752645,2016-08-09,17:01,01 - Clear,01 - Dry,10 - No control,01 - Non intersection,01 - Daylight,03 - P.D. only,07 - SMV other,Civic Hospital - Experimental Farm - Central Park
6004,HERON RD btwn RIVERSIDE DR & TURN LANE (1),368172.2887,5026638.427,-75.69085891,45.37682152,2016-05-21,15:29,01 - Clear,01 - Dry,10 - No control,01 - Non intersection,01 - Daylight,02 - Non-fatal injury,03 - Rear end,Riverside Park
6005,HERON RD btwn RIVERSIDE DR & TURN LANE (2),368146.1896,5026650.501,-75.69119056,45.37693252,2016-06-30,16:45,01 - Clear,01 - Dry,10 - No control,01 - Non intersection,01 - Daylight,03 - P.D. only,04 - Sideswipe,Riverside Park
6006,HERON RD btwn RIVERSIDE DR & TURN LANE (2),368163.397,5026652.577,-75.69097061,45.37694964,2016-09-09,14:10,01 - Clear,01 - Dry,10 - No control,01 - Non intersection,01 - Daylight,03 - P.D. only,04 - Sideswipe,Riverside Park
6007,HERON RD btwn TURN LANE & RIVERSIDE DR (1),368070.5147,5026642.106,-75.69215776,45.37686382,2016-04-17,13:29,01 - Clear,01 - Dry,10 - No control,01 - Non intersection,01 - Daylight,03 - P.D. only,04 - Sideswipe,Riverside Park
6008,HERON RD btwn WILDWOOD AVE & BANK ST,369982.0275,5026850.869,-75.66772643,45.37856698,2016-02-25,8:58,01 - Clear,02 - Wet,10 - No control,01 - Non intersection,01 - Daylight,03 - P.D. only,04 - Sideswipe,Alta Vista
6009,HERON RD EB btwn BRONSON AVE RAMP 35 & BRONSON AVE RAMP 52,368678.5202,5026696.459,-75.68438846,45.3772977,2016-02-25,14:35,04 - Freezing Rain,06 - Ice,10 - No control,01 - Non intersection,01 - Daylight,03 - P.D. only,03 - Rear end,Riverside Park
6010,HERON RD EB btwn BRONSON AVE RAMP 52 & HERON RD SPLIT,368700.4717,5026699.131,-75.68410786,45.37731974,2016-02-17,8:13,01 - Clear,04 - Slush,10 - No control,01 - Non intersection,01 - Daylight,03 - P.D. only,03 - Rear end,Alta Vista
6011,HERON RD EB btwn PRINCE OF WALES DR & HERON RD EB OFF RAMP/VINCENT MAS,367072.8845,5026450.046,-75.70491855,45.37522508,2016-02-14,3:33,01 - Clear,06 - Ice,10 - No control,01 - Non intersection,07 - Dark,03 - P.D. only,07 - SMV other,Carleton Heights - Rideauview
6012,HERON RD EB btwn RIVERSIDE DR & BRONSON AVE RAMP 35,368617.6511,5026688.76,-75.68516657,45.37723398,2016-02-16,8:15,03 - Snow,03 - Loose snow,10 - No control,01 - Non intersection,01 - Daylight,03 - P.D. only,99 - Other,Riverside Park
6013,HERON RD EB btwn RIVERSIDE DR & BRONSON AVE RAMP 35,368403.4885,5026664.756,-75.68790384,45.37703747,2016-06-29,16:00,01 - Clear,01 - Dry,10 - No control,01 - Non intersection,01 - Daylight,03 - P.D. only,04 - Sideswipe,Riverside Park
6014,HERON RD WB btwn BRONSON AVE RAMP 26 & BRONSON AVE RAMP 62,368701.2606,5026713.543,-75.68409593,45.37744935,2016-08-13,9:10,02 - Rain,02 - Wet,10 - No control,01 - Non intersection,01 - Daylight,03 - P.D. only,03 - Rear end,Alta Vista
6015,HERON RD WB btwn BRONSON AVE RAMP 26 & BRONSON AVE RAMP 62,368733.8828,5026716.623,-75.68367905,45.37747408,2016-01-18,11:32,01 - Clear,04 - Slush,10 - No control,01 - Non intersection,01 - Daylight,03 - P.D. only,03 - Rear end,Alta Vista
6016,HERON RD WB btwn BRONSON AVE RAMP 62 & HERON RD SPLIT,368868.399,5026732.541,-75.68195963,45.37760502,2016-09-06,13:53,01 - Clear,01 - Dry,10 - No control,01 - Non intersection,01 - Daylight,03 - P.D. only,04 - Sideswipe,Alta Vista
6017,HERON RD WB btwn HERON RD WB OFF RAMP/VINCENT MASSEY PARK & HERON RD W,367970.1009,5026629.818,-75.6934413,45.37676231,2016-10-03,16:30,01 - Clear,01 - Dry,10 - No control,01 - Non intersection,01 - Daylight,03 - P.D. only,03 - Rear end,Riverside Park
6018,HERON RD WB btwn HERON RD WB OFF RAMP/VINCENT MASSEY PARK & RIVERSIDE ,368021.8238,5026636.578,-75.6927801,45.37681847,2016-02-13,9:18,01 - Clear,05 - Packed snow,10 - No control,01 - Non intersection,01 - Daylight,03 - P.D. only,07 - SMV other,Riverside Park
6019,HERON RD WB btwn PRINCE OF WALES DR & HERON RD WB ON RAMP/VINCENT MASS,367168.8018,5026488.542,-75.70368916,45.37556293,2016-10-06,16:47,01 - Clear,01 - Dry,10 - No control,01 - Non intersection,01 - Daylight,02 - Non-fatal injury,07 - SMV other,Civic Hospital - Experimental Farm - Central Park
6020,HERON RD WB btwn PRINCE OF WALES DR & HERON RD WB ON RAMP/VINCENT MASS,367075.5186,5026474.436,-75.70488184,45.3754443,2016-03-24,20:35,04 - Freezing Rain,04 - Slush,10 - No control,01 - Non intersection,07 - Dark,03 - P.D. only,04 - Sideswipe,Civic Hospital - Experimental Farm - Central Park
6021,HERON RD WB btwn RIVERSIDE DR & BRONSON AVE RAMP 36,368414.0953,5026682.745,-75.68776611,45.37719837,2016-11-15,12:40,01 - Clear,01 - Dry,10 - No control,01 - Non intersection,01 - Daylight,02 - Non-fatal injury,03 - Rear end,Riverside Park
6022,HERON RD WB btwn RIVERSIDE DR & BRONSON AVE RAMP 36,368320.6908,5026669.167,-75.68896034,45.37708467,2016-09-07,17:22,01 - Clear,01 - Dry,10 - No control,01 - Non intersection,01 - Daylight,02 - Non-fatal injury,03 - Rear end,Riverside Park
6023,HERWIG PL btwn FIREFLY LANE & END,369561.3973,5009293.885,-75.67538987,45.22063148,2016-01-29,3:00,03 - Snow,03 - Loose snow,10 - No control,04 - At/near private drive,07 - Dark,03 - P.D. only,07 - SMV other,Manotick
6024,HERZBERG RD @ CARLING AVE,352037.3927,5022300.493,-75.89727133,45.33906168,2016-08-17,17:40,01 - Clear,01 - Dry,01 - Traffic signal,02 - Intersection related,01 - Daylight,02 - Non-fatal injury,03 - Rear end,Kanata Lakes - Marchwood Lakeside - Morgan's Grant - Kanata
6025,HERZBERG RD @ CARLING AVE,352036.9382,5022300.038,-75.89727718,45.33905762,2016-08-02,7:45,01 - Clear,01 - Dry,01 - Traffic signal,02 - Intersection related,01 - Daylight,03 - P.D. only,03 - Rear end,Kanata Lakes - Marchwood Lakeside - Morgan's Grant - Kanata
6026,HERZBERG RD @ CARLING AVE,352038.3979,5022300.833,-75.89725848,45.33906467,2016-06-15,17:43,01 - Clear,01 - Dry,01 - Traffic signal,02 - Intersection related,01 - Daylight,03 - P.D. only,03 - Rear end,Kanata Lakes - Marchwood Lakeside - Morgan's Grant - Kanata
6027,HERZBERG RD @ CARLING AVE,352039.2763,5022300.079,-75.89724734,45.33905783,2016-11-30,6:00,"07 - Fog, mist, smoke, dust",02 - Wet,01 - Traffic signal,02 - Intersection related,07 - Dark,03 - P.D. only,07 - SMV other,Kanata Lakes - Marchwood Lakeside - Morgan's Grant - Kanata
6028,HERZBERG RD @ MARCH RD,352323.9936,5021528.557,-75.89368877,45.3320963,2016-04-15,14:56,01 - Clear,01 - Dry,01 - Traffic signal,02 - Intersection related,01 - Daylight,02 - Non-fatal injury,04 - Sideswipe,Kanata Lakes - Marchwood Lakeside - Morgan's Grant - Kanata
6029,HERZBERG RD @ MARCH RD,352324.4504,5021528.074,-75.89368298,45.33209192,2016-12-20,3:03,03 - Snow,03 - Loose snow,01 - Traffic signal,02 - Intersection related,07 - Dark,02 - Non-fatal injury,07 - SMV other,Kanata Lakes - Marchwood Lakeside - Morgan's Grant - Kanata
6030,HERZBERG RD @ MARCH RD,352323.4027,5021527.83,-75.89369637,45.3320898,2016-01-18,17:51,01 - Clear,02 - Wet,01 - Traffic signal,02 - Intersection related,07 - Dark,03 - P.D. only,03 - Rear end,Kanata Lakes - Marchwood Lakeside - Morgan's Grant - Kanata
6031,HERZBERG RD @ MARCH RD,352324.569,5021529.198,-75.89368136,45.33210203,2016-12-08,19:15,03 - Snow,03 - Loose snow,01 - Traffic signal,03 - At intersection,07 - Dark,03 - P.D. only,02 - Angle,Kanata Lakes - Marchwood Lakeside - Morgan's Grant - Kanata
6032,HERZBERG RD @ MARCH RD,352321.9659,5021530.559,-75.89371444,45.33211445,2016-02-13,13:29,03 - Snow,06 - Ice,01 - Traffic signal,02 - Intersection related,01 - Daylight,03 - P.D. only,03 - Rear end,Kanata Lakes - Marchwood Lakeside - Morgan's Grant - Kanata
6033,HERZBERG RD btwn LEGGET DR & CARLING AVE,351995.384,5022395.317,-75.89779827,45.33991775,2016-12-01,12:37,01 - Clear,01 - Dry,10 - No control,01 - Non intersection,01 - Daylight,02 - Non-fatal injury,03 - Rear end,Kanata Lakes - Marchwood Lakeside - Morgan's Grant - Kanata
6034,HIGH RD btwn EARL ARMSTRONG RD & ALBION RD,374447.8309,5017837.582,-75.61198033,45.29703926,2016-12-05,7:37,03 - Snow,05 - Packed snow,10 - No control,01 - Non intersection,03 - Dawn,03 - P.D. only,01 - Approaching,Greenbelt
6035,HIGHBURY PARK DR @ LONGFIELDS DR,364162.5328,5015915.687,-75.74333682,45.28069037,2016-12-15,8:57,01 - Clear,03 - Loose snow,02 - Stop sign,03 - At intersection,01 - Daylight,03 - P.D. only,05 - Turning movement,New Barrhaven
6036,HIGHBURY PARK DR @ VIA VERONA AVE/COLINDALE AVE,364016.746,5015829.323,-75.74520523,45.27992556,2016-09-20,3:30,01 - Clear,01 - Dry,02 - Stop sign,02 - Intersection related,07 - Dark,03 - P.D. only,07 - SMV other,New Barrhaven
6037,HIGHCROFT AVE btwn KENWOOD AVE & CLARE ST,363489.7287,5027885.096,-75.75049255,45.38844673,2016-08-17,0:00,00 - Unknown,99 - Other,10 - No control,01 - Non intersection,00 - Unknown,03 - P.D. only,06 - SMV unattended vehicle,Westboro
6038,HIGHGATE RD btwn WESTBURY RD & BASELINE RD,362041.3908,5023501.436,-75.7694952,45.34912282,2016-01-22,17:16,01 - Clear,02 - Wet,10 - No control,04 - At/near private drive,05 - Dusk,03 - P.D. only,05 - Turning movement,Iris