Record,Location,X,Y,lon,lat,Date,Time,Environment,Road_Surface,Traffic_Control,Collision_Location,Light,Collision_Classification,Impact_type,Neighborhood
6039,HIGHLAND AVE @ PRINCETON AVE,362923.4654,5027492.841,-75.75776969,45.3849645,2016-12-21,11:15,01 - Clear,01 - Dry,02 - Stop sign,03 - At intersection,01 - Daylight,03 - P.D. only,02 - Angle,Carlingwood - McKellar Park - Laurentien View
6040,HIGHLAND TER @ SMYTH RD,371357.5739,5029162.553,-75.64985299,45.39923731,2016-11-09,15:11,01 - Clear,01 - Dry,02 - Stop sign,02 - Intersection related,01 - Daylight,02 - Non-fatal injury,07 - SMV other,Elmvale - Eastway - Riverview - Riverview Park West
6041,HIGHWAY 17 btwn OTTAWA ROAD 29 & Continuation of HIGHWAY 17,318992.477,5031694.041,-76.31863549,45.42503698,2016-02-02,17:31,01 - Clear,01 - Dry,10 - No control,01 - Non intersection,07 - Dark,03 - P.D. only,07 - SMV other,Arnprior
6042,HIGHWAY 17 btwn THOMAS ELLIOT RD & GALETTA SIDE RD,321696.2004,5029916.272,-76.28414602,45.40897964,2016-03-07,10:05,01 - Clear,04 - Slush,10 - No control,01 - Non intersection,01 - Daylight,03 - P.D. only,07 - SMV other,Mississipp
6043,HIGHWAY 416 btwn HIGHWAY 416 & HWY416 IC57 RAMP52,364708.4615,5008117.791,-75.73731831,45.21047829,2016-08-18,8:00,01 - Clear,01 - Dry,10 - No control,01 - Non intersection,01 - Daylight,02 - Non-fatal injury,03 - Rear end,New Barrhaven
6044,HIGHWAY 416 btwn HIGHWAY 416 & HWY416 IC57 RAMP52,364735.2033,5008073.083,-75.73698327,45.21007373,2016-11-20,17:18,05 - Drifting Snow,03 - Loose snow,10 - No control,01 - Non intersection,07 - Dark,03 - P.D. only,04 - Sideswipe,New Barrhaven
6045,HIGHWAY 416 btwn HIGHWAY 416 & HWY416 IC57 RAMP52,364732.5493,5008073.204,-75.73701704,45.21007505,2016-07-16,12:05,01 - Clear,01 - Dry,10 - No control,01 - Non intersection,01 - Daylight,03 - P.D. only,07 - SMV other,New Barrhaven
6046,HIGHWAY 416 btwn HIGHWAY 416 & HWY416 IC57 RAMP53,364739.4878,5008005.498,-75.73693687,45.20946523,2016-07-14,9:00,01 - Clear,01 - Dry,10 - No control,01 - Non intersection,01 - Daylight,03 - P.D. only,07 - SMV other,Manotick - North Gower
6047,HIGHWAY 416 btwn HWY416 IC42 RAMP24 & END,372494.2941,4994086.231,-75.6401096,45.08351777,2016-08-11,10:15,01 - Clear,03 - Loose snow,10 - No control,01 - Non intersection,01 - Daylight,03 - P.D. only,99 - Other,Manotick - North Gower
6048,HIGHWAY 416 btwn HWY416 IC42 RAMP24 & END,371963.0286,4994332.762,-75.64682425,45.08578669,2016-12-30,0:17,01 - Clear,02 - Wet,10 - No control,01 - Non intersection,07 - Dark,03 - P.D. only,07 - SMV other,Manotick - North Gower
6049,HIGHWAY 416 btwn HWY416 IC42 RAMP34 & HWY416 IC42 RAMP43,371458.4074,4995147.079,-75.6531255,45.0931617,2016-07-13,16:15,01 - Clear,01 - Dry,10 - No control,01 - Non intersection,01 - Daylight,03 - P.D. only,01 - Approaching,Manotick - North Gower
6050,HIGHWAY 416 btwn HWY416 IC42 RAMP34 & HWY416 IC42 RAMP43,371457.7561,4995147.066,-75.65313378,45.09316164,2016-12-13,3:15,01 - Clear,02 - Wet,10 - No control,01 - Non intersection,07 - Dark,03 - P.D. only,07 - SMV other,Manotick - North Gower
6051,HIGHWAY 416 btwn HWY416 IC49 RAMP24 & HWY416 IC42 RAMP42,369698.7043,4998759.193,-75.67501152,45.12582751,2016-06-23,0:08,01 - Clear,01 - Dry,10 - No control,01 - Non intersection,07 - Dark,03 - P.D. only,07 - SMV other,Kars - Osgoode
6052,HIGHWAY 416 btwn HWY416 IC49 RAMP34 & HWY416 IC49 RAMP43,369201.0408,5001047.835,-75.68104241,45.14646644,2016-04-06,15:40,03 - Snow,04 - Slush,10 - No control,01 - Non intersection,01 - Daylight,03 - P.D. only,07 - SMV other,Kars - Osgoode
6053,HIGHWAY 416 btwn HWY416 IC49 RAMP34 & HWY416 IC49 RAMP43,369221.7206,5000984.452,-75.68078763,45.14589423,2016-06-17,22:45,01 - Clear,01 - Dry,10 - No control,01 - Non intersection,07 - Dark,03 - P.D. only,07 - SMV other,Kars - Osgoode
6054,HIGHWAY 416 btwn HWY416 IC49 RAMP34 & HWY416 IC49 RAMP43,369213.3106,5001008.686,-75.68089144,45.14611306,2016-04-17,20:30,01 - Clear,01 - Dry,10 - No control,01 - Non intersection,07 - Dark,03 - P.D. only,07 - SMV other,Kars - Osgoode
6055,HIGHWAY 416 btwn HWY416 IC49 RAMP42 & HWY416 IC49 RAMP24,369254.7412,5000972.124,-75.68036936,45.14578029,2016-04-03,14:50,01 - Clear,01 - Dry,10 - No control,01 - Non intersection,01 - Daylight,03 - P.D. only,07 - SMV other,Kars - Osgoode
6056,HIGHWAY 416 btwn HWY416 IC49 RAMP42 & HWY416 IC49 RAMP24,369247.2708,5000999.768,-75.68046078,45.14602971,2016-04-06,23:32,03 - Snow,03 - Loose snow,10 - No control,01 - Non intersection,07 - Dark,03 - P.D. only,07 - SMV other,Kars - Osgoode
6057,HIGHWAY 416 btwn HWY416 IC49 RAMP42 & HWY416 IC49 RAMP24,369273.8083,5000911.864,-75.68013469,45.14523632,2016-03-24,18:50,04 - Freezing Rain,06 - Ice,10 - No control,01 - Non intersection,05 - Dusk,03 - P.D. only,07 - SMV other,Kars - Osgoode
6058,HIGHWAY 416 btwn HWY416 IC49 RAMP42 & HWY416 IC49 RAMP24,369243.2868,5001013.475,-75.68050967,45.14615341,2016-07-12,8:10,01 - Clear,01 - Dry,10 - No control,01 - Non intersection,01 - Daylight,03 - P.D. only,07 - SMV other,Kars - Osgoode
6059,HIGHWAY 416 btwn HWY416 IC49 RAMP43 & HWY416 IC42 RAMP34,369675.5517,4998834.871,-75.67529599,45.1265106,2016-04-12,1:27,01 - Clear,01 - Dry,10 - No control,01 - Non intersection,07 - Dark,03 - P.D. only,07 - SMV other,Kars - Osgoode
6060,HIGHWAY 416 btwn HWY416 IC49 RAMP43 & HWY416 IC42 RAMP34,369671.3743,4998819.882,-75.67535103,45.12637611,2016-02-29,8:46,01 - Clear,04 - Slush,10 - No control,01 - Non intersection,01 - Daylight,03 - P.D. only,07 - SMV other,Kars - Osgoode
6061,HIGHWAY 416 btwn HWY416 IC49 RAMP43 & HWY416 IC42 RAMP34,369676.949,4998839.78,-75.67527759,45.12655464,2016-04-22,0:30,01 - Clear,01 - Dry,10 - No control,01 - Non intersection,07 - Dark,03 - P.D. only,07 - SMV other,Kars - Osgoode
6062,HIGHWAY 416 btwn HWY416 IC57 RAMP34 & HWY416 IC57 RAMP43,364716.0164,5008048.848,-75.73723043,45.2098573,2016-01-13,10:00,01 - Clear,03 - Loose snow,10 - No control,01 - Non intersection,01 - Daylight,03 - P.D. only,07 - SMV other,New Barrhaven
6063,HIGHWAY 416 btwn HWY416 IC57 RAMP34 & HWY416 IC57 RAMP43,364648.5557,5008151.779,-75.73807681,45.21078921,2016-12-20,18:00,01 - Clear,01 - Dry,10 - No control,01 - Non intersection,07 - Dark,03 - P.D. only,07 - SMV other,New Barrhaven
6064,HIGHWAY 416 btwn HWY416 IC57 RAMP53 & HWY416 IC49 RAMP34,365731.106,5006329.77,-75.72451904,45.19430186,2016-02-20,6:38,02 - Rain,04 - Slush,10 - No control,01 - Non intersection,03 - Dawn,03 - P.D. only,07 - SMV other,Manotick - North Gower
6065,HIGHWAY 416 btwn HWY416 IC57 RAMP53 & HWY416 IC49 RAMP34,365720.9603,5006345.656,-75.72464622,45.19444568,2016-12-07,10:34,01 - Clear,01 - Dry,10 - No control,01 - Non intersection,01 - Daylight,03 - P.D. only,03 - Rear end,Manotick - North Gower
6066,HIGHWAY 416 btwn HWY416 IC66 RAMP24 & HWY416 IC57 RAMP62,360929.7469,5013049.171,-75.78486411,45.25516272,2016-02-13,8:38,01 - Clear,06 - Ice,10 - No control,01 - Non intersection,01 - Daylight,02 - Non-fatal injury,04 - Sideswipe,Munster Hamlet - Richmond
6067,HIGHWAY 416 btwn HWY416 IC66 RAMP24 & HWY416 IC57 RAMP62,363806.6584,5009899.141,-75.74858687,45.22658316,2016-02-04,20:03,01 - Clear,01 - Dry,10 - No control,01 - Non intersection,07 - Dark,02 - Non-fatal injury,07 - SMV other,New Barrhaven
6068,HIGHWAY 416 btwn HWY416 IC66 RAMP24 & HWY416 IC57 RAMP62,360930.2761,5013045.335,-75.7848578,45.25512816,2016-02-13,8:17,01 - Clear,06 - Ice,10 - No control,01 - Non intersection,01 - Daylight,03 - P.D. only,07 - SMV other,Munster Hamlet - Richmond
6069,HIGHWAY 416 btwn HWY416 IC66 RAMP24 & HWY416 IC57 RAMP62,363797.2076,5009912.145,-75.74870567,45.22670096,2016-07-09,21:00,01 - Clear,01 - Dry,10 - No control,01 - Non intersection,05 - Dusk,03 - P.D. only,07 - SMV other,New Barrhaven
6070,HIGHWAY 416 btwn HWY416 IC66 RAMP24 & HWY416 IC57 RAMP62,363812.4077,5009879.397,-75.74851601,45.22640502,2016-05-22,19:45,01 - Clear,01 - Dry,10 - No control,01 - Non intersection,01 - Daylight,03 - P.D. only,07 - SMV other,New Barrhaven
6071,HIGHWAY 416 btwn HWY416 IC66 RAMP24 & HWY416 IC57 RAMP62,363808.7032,5009886.563,-75.74856233,45.22646981,2016-05-31,3:00,01 - Clear,01 - Dry,10 - No control,01 - Non intersection,07 - Dark,03 - P.D. only,07 - SMV other,New Barrhaven
6072,HIGHWAY 416 btwn HWY416 IC66 RAMP24 & HWY416 IC57 RAMP62,360962.4261,5012995.988,-75.78445379,45.25468157,2016-09-04,14:52,01 - Clear,01 - Dry,10 - No control,01 - Non intersection,01 - Daylight,03 - P.D. only,07 - SMV other,Munster Hamlet - Richmond
6073,HIGHWAY 416 btwn HWY416 IC66 RAMP24 & HWY416 IC57 RAMP62,363747.5013,5010003.916,-75.74932773,45.22753088,2016-10-09,10:45,01 - Clear,01 - Dry,10 - No control,01 - Non intersection,01 - Daylight,03 - P.D. only,07 - SMV other,New Barrhaven
6074,HIGHWAY 416 btwn HWY416 IC66 RAMP34 & HWY416 IC66 RAMP63,359902.4984,5014987.587,-75.79773602,45.27268604,2016-12-26,15:00,04 - Freezing Rain,06 - Ice,10 - No control,01 - Non intersection,01 - Daylight,03 - P.D. only,07 - SMV other,Greenbelt
6075,HIGHWAY 416 btwn HWY416 IC66 RAMP34 & HWY416 IC72 RAMP53,359833.8814,5017249.008,-75.79835967,45.29303991,2016-01-10,2:25,01 - Clear,01 - Dry,10 - No control,01 - Non intersection,07 - Dark,03 - P.D. only,07 - SMV other,Greenbelt
6076,HIGHWAY 416 btwn HWY416 IC66 RAMP34 & HWY416 IC72 RAMP53,359832.0448,5017261.864,-75.79838165,45.29315574,2016-05-30,23:40,01 - Clear,01 - Dry,10 - No control,01 - Non intersection,"08 - Dark, artificial",03 - P.D. only,07 - SMV other,Greenbelt
6077,HIGHWAY 416 btwn HWY416 IC66 RAMP52 & HWY416 IC66 RAMP24,360098.4464,5014739.905,-75.7952665,45.27044199,2016-04-30,10:15,01 - Clear,01 - Dry,10 - No control,01 - Non intersection,01 - Daylight,02 - Non-fatal injury,07 - SMV other,Munster Hamlet - Richmond
6078,HIGHWAY 416 btwn HWY416 IC66 RAMP52 & HWY416 IC66 RAMP24,360069.8019,5014785.917,-75.7956264,45.27085826,2016-01-10,10:40,02 - Rain,02 - Wet,10 - No control,01 - Non intersection,01 - Daylight,03 - P.D. only,07 - SMV other,Munster Hamlet - Richmond
6079,HIGHWAY 416 btwn HWY416 IC66 RAMP52 & HWY416 IC66 RAMP24,360083.8561,5014764.917,-75.79544964,45.2706682,2016-01-24,19:42,01 - Clear,03 - Loose snow,10 - No control,01 - Non intersection,07 - Dark,03 - P.D. only,07 - SMV other,Munster Hamlet - Richmond
6080,HIGHWAY 416 btwn HWY416 IC66 RAMP52 & HWY416 IC66 RAMP24,360199.4184,5014590.996,-75.7939964,45.26909414,2016-12-31,11:20,03 - Snow,03 - Loose snow,10 - No control,01 - Non intersection,01 - Daylight,03 - P.D. only,04 - Sideswipe,Munster Hamlet - Richmond
6081,HIGHWAY 416 btwn HWY416 IC66 RAMP53 & HWY416 IC57 RAMP34,363760.2589,5009910.234,-75.74917638,45.22668686,2016-02-29,7:30,04 - Freezing Rain,04 - Slush,10 - No control,01 - Non intersection,01 - Daylight,02 - Non-fatal injury,07 - SMV other,New Barrhaven
6082,HIGHWAY 416 btwn HWY416 IC66 RAMP53 & HWY416 IC57 RAMP34,363751.1657,5009948.998,-75.74928757,45.22703642,2016-02-03,9:45,02 - Rain,04 - Slush,10 - No control,01 - Non intersection,01 - Daylight,03 - P.D. only,07 - SMV other,New Barrhaven
6083,HIGHWAY 416 btwn HWY416 IC66 RAMP53 & HWY416 IC57 RAMP34,363754.6638,5009921.488,-75.74924629,45.22678859,2016-06-17,6:00,01 - Clear,01 - Dry,10 - No control,01 - Non intersection,01 - Daylight,03 - P.D. only,07 - SMV other,New Barrhaven
6084,HIGHWAY 416 btwn HWY416 IC66 RAMP53 & HWY416 IC57 RAMP34,363760.615,5009917.496,-75.74917098,45.22675217,2016-08-02,18:10,01 - Clear,01 - Dry,10 - No control,01 - Non intersection,01 - Daylight,03 - P.D. only,04 - Sideswipe,New Barrhaven
6085,HIGHWAY 416 btwn HWY416 IC66 RAMP53 & HWY416 IC57 RAMP34,361069.5707,5012618.374,-75.78313156,45.25127519,2016-12-21,21:35,01 - Clear,01 - Dry,10 - No control,01 - Non intersection,07 - Dark,03 - P.D. only,07 - SMV other,Munster Hamlet - Richmond
6086,HIGHWAY 416 btwn HWY416 IC66 RAMP53 & HWY416 IC57 RAMP34,361111.9041,5012527.357,-75.78260259,45.25045282,2016-12-23,14:00,01 - Clear,01 - Dry,10 - No control,01 - Non intersection,01 - Daylight,03 - P.D. only,07 - SMV other,Munster Hamlet - Richmond
6087,HIGHWAY 416 btwn HWY416 IC66 RAMP62 & HWY416 IC66 RAMP52,360050.5069,5014816.33,-75.7958689,45.27113344,2016-04-04,21:38,01 - Clear,01 - Dry,10 - No control,01 - Non intersection,07 - Dark,03 - P.D. only,07 - SMV other,Munster Hamlet - Richmond
6088,HIGHWAY 416 btwn HWY416 IC66 RAMP62 & HWY416 IC66 RAMP52,360038.6958,5014839.258,-75.79601686,45.27134067,2016-02-04,21:00,01 - Clear,01 - Dry,10 - No control,01 - Non intersection,07 - Dark,03 - P.D. only,07 - SMV other,Munster Hamlet - Richmond
6089,HIGHWAY 416 btwn HWY416 IC66 RAMP62 & HWY416 IC66 RAMP52,360048.3666,5014825.691,-75.79589513,45.27121784,2016-06-06,19:30,01 - Clear,01 - Dry,10 - No control,01 - Non intersection,01 - Daylight,03 - P.D. only,07 - SMV other,Munster Hamlet - Richmond
6090,HIGHWAY 416 btwn HWY416 IC66 RAMP62 & HWY416 IC66 RAMP52,360053.9873,5014815.809,-75.7958246,45.27112848,2016-07-20,19:30,01 - Clear,01 - Dry,10 - No control,01 - Non intersection,01 - Daylight,03 - P.D. only,07 - SMV other,Munster Hamlet - Richmond
6091,HIGHWAY 416 btwn HWY416 IC66 RAMP62 & HWY416 IC66 RAMP52,360052.5913,5014817.025,-75.79584226,45.27113953,2016-03-24,23:30,04 - Freezing Rain,05 - Packed snow,10 - No control,01 - Non intersection,07 - Dark,03 - P.D. only,07 - SMV other,Munster Hamlet - Richmond
6092,HIGHWAY 416 btwn HWY416 IC66 RAMP62 & HWY416 IC66 RAMP52,360042.8644,5014835.784,-75.79596412,45.27130909,2016-02-29,22:31,01 - Clear,01 - Dry,10 - No control,01 - Non intersection,07 - Dark,03 - P.D. only,07 - SMV other,Munster Hamlet - Richmond
6093,HIGHWAY 416 btwn HWY416 IC66 RAMP62 & HWY416 IC72 RAMP24,360311.1902,5017866.747,-75.79220566,45.29856083,2016-01-12,15:10,01 - Clear,06 - Ice,10 - No control,01 - Non intersection,01 - Daylight,02 - Non-fatal injury,07 - SMV other,Greenbelt
6094,HIGHWAY 416 btwn HWY416 IC66 RAMP62 & HWY416 IC72 RAMP24,359590.4004,5019432.969,-75.80122225,45.31271039,2016-05-18,10:38,01 - Clear,01 - Dry,10 - No control,01 - Non intersection,01 - Daylight,02 - Non-fatal injury,03 - Rear end,Greenbelt
6095,HIGHWAY 416 btwn HWY416 IC66 RAMP62 & HWY416 IC72 RAMP24,359585.8241,5019432.927,-75.80128062,45.31271037,2016-12-06,10:50,01 - Clear,01 - Dry,10 - No control,01 - Non intersection,01 - Daylight,02 - Non-fatal injury,03 - Rear end,Greenbelt
6096,HIGHWAY 416 btwn HWY416 IC66 RAMP62 & HWY416 IC72 RAMP24,360295.0503,5017785.888,-75.79242048,45.29783453,2016-01-12,15:30,03 - Snow,02 - Wet,10 - No control,01 - Non intersection,01 - Daylight,03 - P.D. only,04 - Sideswipe,Greenbelt
6097,HIGHWAY 416 btwn HWY416 IC66 RAMP62 & HWY416 IC72 RAMP24,359590.5161,5019434.539,-75.8012206,45.31272451,2016-09-30,7:33,01 - Clear,01 - Dry,10 - No control,01 - Non intersection,01 - Daylight,03 - P.D. only,03 - Rear end,Greenbelt
6098,HIGHWAY 416 btwn HWY416 IC66 RAMP62 & HWY416 IC72 RAMP24,360328.6035,5018110.898,-75.7919563,45.30075634,2016-12-18,1:21,03 - Snow,03 - Loose snow,10 - No control,01 - Non intersection,07 - Dark,03 - P.D. only,07 - SMV other,Greenbelt
6099,HIGHWAY 416 btwn HWY416 IC72 RAMP34 & HWY416 IC72 RAMP63,359532.0594,5019473.745,-75.80196175,45.31308184,2016-02-03,9:58,04 - Freezing Rain,04 - Slush,10 - No control,01 - Non intersection,01 - Daylight,03 - P.D. only,04 - Sideswipe,Greenbelt
6100,HIGHWAY 416 btwn HWY416 IC72 RAMP34 & HWY416 IC72 RAMP63,359525.7862,5019483.782,-75.80204064,45.31317265,2016-02-25,2:35,04 - Freezing Rain,06 - Ice,10 - No control,01 - Non intersection,"08 - Dark, artificial",03 - P.D. only,07 - SMV other,Greenbelt
6101,HIGHWAY 416 btwn HWY416 IC72 RAMP34 & HWY416 IC72 RAMP63,359399.7686,5019703.604,-75.8036235,45.31516043,2016-03-24,19:55,03 - Snow,03 - Loose snow,10 - No control,01 - Non intersection,07 - Dark,03 - P.D. only,07 - SMV other,Greenbelt
6102,HIGHWAY 416 btwn HWY416 IC72 RAMP62 & HWY416 IC72 RAMP24,359568.9146,5019469.275,-75.80149224,45.31303875,2016-02-27,7:39,01 - Clear,02 - Wet,10 - No control,01 - Non intersection,01 - Daylight,02 - Non-fatal injury,99 - Other,Greenbelt
6103,HIGHWAY 416 btwn HWY416 IC72 RAMP62 & HWY416 IC72 RAMP24,359559.0343,5019486.918,-75.80161629,45.31319827,2016-06-08,20:00,01 - Clear,02 - Wet,10 - No control,01 - Non intersection,01 - Daylight,03 - P.D. only,07 - SMV other,Greenbelt
6104,HIGHWAY 416 btwn HWY416 IC72 RAMP62 & HWY416 IC72 RAMP24,359558.407,5019488.8,-75.80162408,45.31321526,2016-04-06,14:49,03 - Snow,04 - Slush,10 - No control,01 - Non intersection,01 - Daylight,03 - P.D. only,07 - SMV other,Greenbelt
6105,HIGHWAY 416 btwn HWY416 IC72 RAMP62 & HWY416 IC72 RAMP24,359559.9095,5019487.828,-75.80160503,45.31320639,2016-06-20,4:45,01 - Clear,01 - Dry,10 - No control,01 - Non intersection,07 - Dark,03 - P.D. only,07 - SMV other,Greenbelt
6106,HIGHWAY 416 btwn HWY416 IC72 RAMP63 & HWY416 IC72 RAMP53,359561.5436,5019421.05,-75.80159157,45.31260539,2016-05-30,16:55,01 - Clear,01 - Dry,10 - No control,01 - Non intersection,01 - Daylight,02 - Non-fatal injury,07 - SMV other,Greenbelt
6107,HIGHWAY 416 btwn HWY416 IC75A RAMP26 & HWY416 IC72 RAMP62,359185.6666,5020905.965,-75.80622196,45.32599596,2016-10-18,7:35,01 - Clear,02 - Wet,10 - No control,01 - Non intersection,01 - Daylight,02 - Non-fatal injury,05 - Turning movement,Greenbelt
6108,HIGHWAY 416 btwn HWY416 IC75A RAMP26 & HWY416 IC72 RAMP62,359181.2865,5020917.616,-75.80627656,45.32610113,2016-08-30,7:55,01 - Clear,01 - Dry,10 - No control,01 - Non intersection,01 - Daylight,03 - P.D. only,99 - Other,Greenbelt
6109,HIGHWAY 416 btwn HWY416 IC75A RAMP26 & HWY416 IC72 RAMP62,359178.4406,5020926.385,-75.80631189,45.32618026,2016-12-04,5:30,01 - Clear,03 - Loose snow,10 - No control,01 - Non intersection,"08 - Dark, artificial",03 - P.D. only,07 - SMV other,Greenbelt
6110,HIGHWAY 416 btwn HWY416 IC75A RAMP26 & HWY416 IC72 RAMP62,358949.3015,5021513.895,-75.80917047,45.33148442,2016-12-22,9:40,03 - Snow,02 - Wet,10 - No control,01 - Non intersection,01 - Daylight,03 - P.D. only,07 - SMV other,Greenbelt
6111,HIGHWAY 416 btwn HWY416 IC75A RAMP43 & HWY416 IC72 RAMP34,358779.6138,5021795.021,-75.81130451,45.33402708,2016-12-05,13:50,03 - Snow,04 - Slush,10 - No control,01 - Non intersection,01 - Daylight,03 - P.D. only,07 - SMV other,Nepean
6112,HIGHWAY 416 btwn HWY416 IC75B RAMP25 & HWY416 IC75A RAMP26,358659.6831,5022174.952,-75.81279318,45.33745493,2016-07-28,9:41,01 - Clear,01 - Dry,10 - No control,01 - Non intersection,01 - Daylight,02 - Non-fatal injury,07 - SMV other,Greenbelt
6113,HIGHWAY 416 btwn HWY416 IC75B RAMP25 & HWY416 IC75A RAMP26,358653.5159,5022181.401,-75.81287116,45.33751343,2016-01-03,7:35,03 - Snow,03 - Loose snow,10 - No control,01 - Non intersection,03 - Dawn,03 - P.D. only,07 - SMV other,Greenbelt
6114,HIGHWAY 416 btwn HWY416 IC75B RAMP25 & HWY416 IC75A RAMP26,358733.7122,5021993.561,-75.81186846,45.33581708,2016-02-21,7:55,03 - Snow,03 - Loose snow,10 - No control,01 - Non intersection,01 - Daylight,03 - P.D. only,07 - SMV other,Nepean
6115,HIGHWAY 416 btwn HWY417 IC131 RAMP53 & HWY416 IC75A RAMP43,358575.9484,5022167.958,-75.81386225,45.33739842,2016-08-28,21:20,01 - Clear,01 - Dry,10 - No control,01 - Non intersection,07 - Dark,03 - P.D. only,07 - SMV other,Greenbelt
6116,HIGHWAY 417 @ HWY 417 INNES IC112R66,374256.8278,5031106.445,-75.61255102,45.41644586,2016-09-02,15:55,01 - Clear,01 - Dry,01 - Traffic signal,02 - Intersection related,01 - Daylight,03 - P.D. only,03 - Rear end,Industrial Park
6117,HIGHWAY 417 btwn Continuation of HIGHWAY 417 & HWY417 IC134 RAMP51,355283.8206,5021574.718,-75.8559249,45.33230497,2016-09-15,7:15,01 - Clear,01 - Dry,10 - No control,01 - Non intersection,01 - Daylight,02 - Non-fatal injury,03 - Rear end,Greenbelt
6118,HIGHWAY 417 btwn Continuation of HIGHWAY 417 & HWY417 IC134 RAMP51,354292.8026,5020983.338,-75.86862671,45.32705424,2016-02-11,7:41,01 - Clear,04 - Slush,10 - No control,01 - Non intersection,01 - Daylight,03 - P.D. only,03 - Rear end,Greenbelt
6119,HIGHWAY 417 btwn Continuation of HIGHWAY 417 & HWY417 IC134 RAMP51,355587.9805,5021745.208,-75.85202717,45.33381712,2016-08-12,10:00,01 - Clear,01 - Dry,10 - No control,01 - Non intersection,01 - Daylight,03 - P.D. only,04 - Sideswipe,Greenbelt
6120,HIGHWAY 417 btwn Continuation of HIGHWAY 417 & HWY417 IC134 RAMP51,355816.281,5021882.524,-75.84910046,45.33503614,2016-09-29,8:00,01 - Clear,01 - Dry,10 - No control,01 - Non intersection,01 - Daylight,03 - P.D. only,03 - Rear end,Greenbelt
6121,HIGHWAY 417 btwn Continuation of HIGHWAY 417 & HWY417 IC134 RAMP51,355802.4746,5021867.814,-75.84927811,45.33490478,2016-12-17,6:34,03 - Snow,03 - Loose snow,10 - No control,01 - Non intersection,07 - Dark,03 - P.D. only,07 - SMV other,Greenbelt
6122,HIGHWAY 417 btwn Continuation of HIGHWAY 417 & HWY417 IC134 RAMP51,355098.5904,5021470.919,-75.85829848,45.33138428,2016-09-15,7:30,01 - Clear,01 - Dry,10 - No control,01 - Non intersection,01 - Daylight,03 - P.D. only,03 - Rear end,Greenbelt
6123,HIGHWAY 417 btwn Continuation of HIGHWAY 417 & HWY417 IC134 RAMP51,353738.2676,5020665.579,-75.87573182,45.32423387,2016-03-24,16:42,03 - Snow,03 - Loose snow,10 - No control,01 - Non intersection,01 - Daylight,03 - P.D. only,04 - Sideswipe,Greenbelt
6124,HIGHWAY 417 btwn Continuation of HIGHWAY 417 & HWY417 IC144 RAMP16,347378.0682,5015845.84,-75.95727407,45.28127883,2016-02-24,22:30,04 - Freezing Rain,06 - Ice,10 - No control,01 - Non intersection,"08 - Dark, artificial",02 - Non-fatal injury,07 - SMV other,Stittsville - Basswood
6125,HIGHWAY 417 btwn Continuation of HIGHWAY 417 & HWY417 IC144 RAMP16,347333.0236,5015813.544,-75.95785098,45.28099094,2016-12-14,21:40,03 - Snow,03 - Loose snow,10 - No control,01 - Non intersection,07 - Dark,02 - Non-fatal injury,07 - SMV other,Stittsville - Basswood
6126,HIGHWAY 417 btwn Continuation of HIGHWAY 417 & HWY417 IC144 RAMP16,347367.1907,5015835.68,-75.95741359,45.28118806,2016-02-15,16:30,01 - Clear,01 - Dry,10 - No control,01 - Non intersection,01 - Daylight,03 - P.D. only,07 - SMV other,Stittsville - Basswood
6127,HIGHWAY 417 btwn Continuation of HIGHWAY 417 & HWY417 IC144 RAMP16,347355.2699,5015827.383,-75.95756624,45.28111412,2016-02-16,16:35,03 - Snow,05 - Packed snow,10 - No control,01 - Non intersection,01 - Daylight,03 - P.D. only,99 - Other,Stittsville - Basswood
6128,HIGHWAY 417 btwn Continuation of HIGHWAY 417 & HWY417 IC144 RAMP16,347354.401,5015825.646,-75.95757747,45.28109855,2016-02-06,18:30,01 - Clear,01 - Dry,10 - No control,01 - Non intersection,07 - Dark,03 - P.D. only,03 - Rear end,Stittsville - Basswood
6129,HIGHWAY 417 btwn Continuation of HIGHWAY 417 & HWY417 IC144 RAMP16,347378.729,5015844.717,-75.95726575,45.28126868,2016-07-03,17:30,01 - Clear,01 - Dry,10 - No control,01 - Non intersection,01 - Daylight,03 - P.D. only,99 - Other,Stittsville - Basswood
6130,HIGHWAY 417 btwn Continuation of HIGHWAY 417 & HWY417 IC144 RAMP16,347371.7781,5015837.81,-75.95735493,45.28120695,2016-02-20,6:30,02 - Rain,04 - Slush,10 - No control,01 - Non intersection,03 - Dawn,03 - P.D. only,07 - SMV other,Stittsville - Basswood
6131,HIGHWAY 417 btwn Continuation of HIGHWAY 417 & HWY417 IC144 RAMP16,347378.0682,5015844.362,-75.9572742,45.28126553,2016-03-19,23:45,01 - Clear,01 - Dry,10 - No control,01 - Non intersection,"08 - Dark, artificial",03 - P.D. only,07 - SMV other,Stittsville - Basswood
6132,HIGHWAY 417 btwn Continuation of HIGHWAY 417 & HWY417 IC144 RAMP16,347370.583,5015837.704,-75.95737018,45.28120607,2016-06-29,0:15,01 - Clear,01 - Dry,10 - No control,01 - Non intersection,07 - Dark,03 - P.D. only,07 - SMV other,Stittsville - Basswood
6133,HIGHWAY 417 btwn Continuation of HIGHWAY 417 & HWY417 IC144 RAMP16,347355.9298,5015836.417,-75.95755706,45.28119537,2016-12-13,16:05,01 - Clear,02 - Wet,10 - No control,01 - Non intersection,05 - Dusk,03 - P.D. only,04 - Sideswipe,Stittsville - Basswood
6134,HIGHWAY 417 btwn Continuation of HIGHWAY 417 & HWY417 IC155 RAMP26,339541.3369,5019346.905,-76.05691718,45.31321409,2016-02-24,15:00,02 - Rain,04 - Slush,10 - No control,01 - Non intersection,01 - Daylight,03 - P.D. only,04 - Sideswipe,Carp - Hardwood Plains
6135,HIGHWAY 417 btwn Continuation of HIGHWAY 417 & HWY417 IC155 RAMP26,339560.054,5019339.859,-76.05667897,45.31314976,2016-02-24,11:08,03 - Snow,04 - Slush,10 - No control,01 - Non intersection,01 - Daylight,03 - P.D. only,04 - Sideswipe,Carp - Hardwood Plains
6136,HIGHWAY 417 btwn Continuation of HIGHWAY 417 & HWY417 IC155 RAMP26,339568.4199,5019336.423,-76.05657252,45.31311842,2016-06-14,8:00,01 - Clear,01 - Dry,10 - No control,01 - Non intersection,01 - Daylight,03 - P.D. only,04 - Sideswipe,Carp - Hardwood Plains