Record,Location,X,Y,lon,lat,Date,Time,Environment,Road_Surface,Traffic_Control,Collision_Location,Light,Collision_Classification,Impact_type,Neighborhood
6812,HIGHWAY 417 btwn HWY417 IC127 RAMP35 & HWY417 IC127 RAMP25,362143.0116,5024841.265,-75.76804303,45.36117021,2016-10-06,19:00,01 - Clear,01 - Dry,10 - No control,01 - Non intersection,07 - Dark,03 - P.D. only,07 - SMV other,Braemar Park - Bel Air Heights - Copeland Park
6813,HIGHWAY 417 btwn HWY417 IC127 RAMP35 & HWY417 IC127 RAMP25,362123.2129,5024827.462,-75.76829733,45.36104763,2016-06-23,8:05,01 - Clear,01 - Dry,10 - No control,01 - Non intersection,01 - Daylight,03 - P.D. only,03 - Rear end,Whitehaven - Queensway Terrace North
6814,HIGHWAY 417 btwn HWY417 IC127 RAMP35 & HWY417 IC127 RAMP25,362134.0245,5024837.117,-75.76815821,45.36113362,2016-10-10,16:05,01 - Clear,01 - Dry,10 - No control,01 - Non intersection,01 - Daylight,03 - P.D. only,03 - Rear end,Braemar Park - Bel Air Heights - Copeland Park
6815,HIGHWAY 417 btwn HWY417 IC127 RAMP35 & HWY417 IC127 RAMP25,362119.8776,5024822.892,-75.76834043,45.36100678,2016-10-12,8:15,01 - Clear,01 - Dry,10 - No control,01 - Non intersection,01 - Daylight,03 - P.D. only,03 - Rear end,Iris
6816,HIGHWAY 417 btwn HWY417 IC127 RAMP35 & HWY417 IC127 RAMP25,362117.5309,5024822.696,-75.7683704,45.36100521,2016-07-15,16:20,01 - Clear,01 - Dry,10 - No control,01 - Non intersection,01 - Daylight,03 - P.D. only,03 - Rear end,Iris
6817,HIGHWAY 417 btwn HWY417 IC127 RAMP35 & HWY417 IC127 RAMP25,362130.3496,5024834.036,-75.76820548,45.3611062,2016-07-13,9:00,01 - Clear,01 - Dry,10 - No control,01 - Non intersection,01 - Daylight,03 - P.D. only,03 - Rear end,Braemar Park - Bel Air Heights - Copeland Park
6818,HIGHWAY 417 btwn HWY417 IC127 RAMP35 & HWY417 IC127 RAMP25,362134.4971,5024832.761,-75.76815269,45.36109439,2016-12-14,15:45,01 - Clear,01 - Dry,10 - No control,01 - Non intersection,01 - Daylight,03 - P.D. only,99 - Other,Braemar Park - Bel Air Heights - Copeland Park
6819,HIGHWAY 417 btwn HWY417 IC127 RAMP35 & HWY417 IC127 RAMP25,362134.9026,5024836.981,-75.76814702,45.36113232,2016-12-10,15:55,01 - Clear,01 - Dry,10 - No control,01 - Non intersection,01 - Daylight,03 - P.D. only,03 - Rear end,Braemar Park - Bel Air Heights - Copeland Park
6820,HIGHWAY 417 btwn HWY417 IC127 RAMP63 & HWY417 IC127 RAMP67,362123.088,5024850.83,-75.76829621,45.3612579,2016-02-26,15:50,01 - Clear,01 - Dry,10 - No control,01 - Non intersection,01 - Daylight,02 - Non-fatal injury,03 - Rear end,Carlingwood West - Glabar Park - McKellar Heights
6821,HIGHWAY 417 btwn HWY417 IC127 RAMP63 & HWY417 IC127 RAMP67,362129.8298,5024856.443,-75.76820951,45.36130786,2016-05-04,13:37,01 - Clear,01 - Dry,10 - No control,01 - Non intersection,01 - Daylight,02 - Non-fatal injury,04 - Sideswipe,Carlingwood West - Glabar Park - McKellar Heights
6822,HIGHWAY 417 btwn HWY417 IC127 RAMP63 & HWY417 IC127 RAMP67,362127.8352,5024855.316,-75.7682351,45.36129788,2016-09-14,18:34,01 - Clear,01 - Dry,10 - No control,01 - Non intersection,01 - Daylight,02 - Non-fatal injury,03 - Rear end,Carlingwood West - Glabar Park - McKellar Heights
6823,HIGHWAY 417 btwn HWY417 IC127 RAMP63 & HWY417 IC127 RAMP67,362126.5977,5024854.357,-75.76825101,45.36128935,2016-08-28,7:29,01 - Clear,01 - Dry,10 - No control,01 - Non intersection,01 - Daylight,02 - Non-fatal injury,07 - SMV other,Carlingwood West - Glabar Park - McKellar Heights
6824,HIGHWAY 417 btwn HWY417 IC127 RAMP63 & HWY417 IC127 RAMP67,362160.0906,5024877.17,-75.76782087,45.36149188,2016-12-31,11:35,03 - Snow,03 - Loose snow,10 - No control,01 - Non intersection,01 - Daylight,02 - Non-fatal injury,04 - Sideswipe,Carlingwood West - Glabar Park - McKellar Heights
6825,HIGHWAY 417 btwn HWY417 IC127 RAMP63 & HWY417 IC127 RAMP67,362124.0735,5024852.149,-75.76828348,45.36126969,2016-02-01,11:15,01 - Clear,01 - Dry,10 - No control,01 - Non intersection,01 - Daylight,03 - P.D. only,04 - Sideswipe,Carlingwood West - Glabar Park - McKellar Heights
6826,HIGHWAY 417 btwn HWY417 IC127 RAMP63 & HWY417 IC127 RAMP67,362107.293,5024841.346,-75.76849891,45.36117386,2016-02-13,13:15,01 - Clear,01 - Dry,10 - No control,01 - Non intersection,01 - Daylight,03 - P.D. only,99 - Other,Whitehaven - Queensway Terrace North
6827,HIGHWAY 417 btwn HWY417 IC127 RAMP63 & HWY417 IC127 RAMP67,362125.6062,5024853.75,-75.76826373,45.36128397,2016-03-10,9:45,01 - Clear,01 - Dry,10 - No control,01 - Non intersection,01 - Daylight,03 - P.D. only,04 - Sideswipe,Carlingwood West - Glabar Park - McKellar Heights
6828,HIGHWAY 417 btwn HWY417 IC127 RAMP63 & HWY417 IC127 RAMP67,362137.4238,5024862.868,-75.76811184,45.36136505,2016-05-17,11:35,01 - Clear,01 - Dry,10 - No control,01 - Non intersection,01 - Daylight,03 - P.D. only,04 - Sideswipe,Carlingwood West - Glabar Park - McKellar Heights
6829,HIGHWAY 417 btwn HWY417 IC127 RAMP63 & HWY417 IC127 RAMP67,362123.0758,5024853.302,-75.76829608,45.36128015,2016-05-17,23:18,01 - Clear,01 - Dry,10 - No control,01 - Non intersection,"08 - Dark, artificial",03 - P.D. only,04 - Sideswipe,Carlingwood West - Glabar Park - McKellar Heights
6830,HIGHWAY 417 btwn HWY417 IC127 RAMP63 & HWY417 IC127 RAMP67,362124.9199,5024855.054,-75.76827234,45.36129576,2016-06-18,1:24,01 - Clear,01 - Dry,10 - No control,01 - Non intersection,07 - Dark,03 - P.D. only,07 - SMV other,Carlingwood West - Glabar Park - McKellar Heights
6831,HIGHWAY 417 btwn HWY417 IC127 RAMP63 & HWY417 IC127 RAMP67,362132.8017,5024860.121,-75.76817115,45.36134071,2016-06-02,18:24,01 - Clear,01 - Dry,10 - No control,01 - Non intersection,01 - Daylight,03 - P.D. only,03 - Rear end,Carlingwood West - Glabar Park - McKellar Heights
6832,HIGHWAY 417 btwn HWY417 IC127 RAMP63 & HWY417 IC127 RAMP67,362276.2298,5024970.707,-75.76632764,45.36232401,2016-10-12,17:05,01 - Clear,01 - Dry,10 - No control,01 - Non intersection,01 - Daylight,03 - P.D. only,03 - Rear end,Carlingwood West - Glabar Park - McKellar Heights
6833,HIGHWAY 417 btwn HWY417 IC127 RAMP63 & HWY417 IC127 RAMP67,362203.0482,5024907.803,-75.76726902,45.361764,2016-08-17,8:15,01 - Clear,01 - Dry,10 - No control,01 - Non intersection,01 - Daylight,03 - P.D. only,04 - Sideswipe,Carlingwood West - Glabar Park - McKellar Heights
6834,HIGHWAY 417 btwn HWY417 IC127 RAMP63 & HWY417 IC127 RAMP67,362163.0572,5024885.448,-75.76778205,45.36156612,2016-08-23,17:20,01 - Clear,01 - Dry,10 - No control,01 - Non intersection,01 - Daylight,03 - P.D. only,03 - Rear end,Carlingwood West - Glabar Park - McKellar Heights
6835,HIGHWAY 417 btwn HWY417 IC127 RAMP63 & HWY417 IC127 RAMP67,362125.3746,5024851.964,-75.7682669,45.36126792,2016-06-21,17:45,01 - Clear,01 - Dry,10 - No control,01 - Non intersection,01 - Daylight,03 - P.D. only,03 - Rear end,Carlingwood West - Glabar Park - McKellar Heights
6836,HIGHWAY 417 btwn HWY417 IC127 RAMP63 & HWY417 IC127 RAMP67,362135.1065,5024861.478,-75.76814158,45.36135273,2016-08-05,7:55,01 - Clear,01 - Dry,10 - No control,01 - Non intersection,01 - Daylight,03 - P.D. only,07 - SMV other,Carlingwood West - Glabar Park - McKellar Heights
6837,HIGHWAY 417 btwn HWY417 IC127 RAMP63 & HWY417 IC127 RAMP67,362113.3937,5024846.874,-75.7684204,45.3612231,2016-12-09,15:15,01 - Clear,01 - Dry,10 - No control,01 - Non intersection,01 - Daylight,03 - P.D. only,04 - Sideswipe,Whitehaven - Queensway Terrace North
6838,HIGHWAY 417 btwn HWY417 IC127 RAMP67 & HWY417 IC126 RAMP16,362841.6242,5025427.518,-75.75905745,45.36638776,2016-03-24,20:45,02 - Rain,04 - Slush,10 - No control,01 - Non intersection,07 - Dark,03 - P.D. only,07 - SMV other,Carlingwood West - Glabar Park - McKellar Heights
6839,HIGHWAY 417 btwn HWY417 IC129 RAMP25 & HWY417 IC129 RAMP35,360472.1059,5023535.179,-75.78951677,45.34955277,2016-01-19,17:11,01 - Clear,01 - Dry,10 - No control,01 - Non intersection,05 - Dusk,02 - Non-fatal injury,03 - Rear end,Iris
6840,HIGHWAY 417 btwn HWY417 IC129 RAMP25 & HWY417 IC129 RAMP35,360479.3626,5023545.196,-75.78942304,45.34964232,2016-09-20,9:00,01 - Clear,01 - Dry,10 - No control,01 - Non intersection,01 - Daylight,02 - Non-fatal injury,03 - Rear end,Whitehaven - Queensway Terrace North
6841,HIGHWAY 417 btwn HWY417 IC129 RAMP25 & HWY417 IC129 RAMP35,360446.6466,5023517.701,-75.78984362,45.34939752,2016-07-04,22:41,01 - Clear,01 - Dry,10 - No control,01 - Non intersection,07 - Dark,02 - Non-fatal injury,03 - Rear end,Qualicum - Redwood Park
6842,HIGHWAY 417 btwn HWY417 IC129 RAMP25 & HWY417 IC129 RAMP35,360458.2166,5023523.804,-75.78969529,45.34945152,2016-01-07,7:15,01 - Clear,99 - Other,10 - No control,01 - Non intersection,"04 - Dawn, artificial",03 - P.D. only,03 - Rear end,Iris
6843,HIGHWAY 417 btwn HWY417 IC129 RAMP25 & HWY417 IC129 RAMP35,360457.577,5023527.154,-75.78970308,45.34948171,2016-01-19,17:10,01 - Clear,02 - Wet,10 - No control,01 - Non intersection,05 - Dusk,03 - P.D. only,03 - Rear end,Whitehaven - Queensway Terrace North
6844,HIGHWAY 417 btwn HWY417 IC129 RAMP25 & HWY417 IC129 RAMP35,360455.65,5023522.285,-75.78972822,45.34943805,2016-01-20,7:10,01 - Clear,01 - Dry,10 - No control,01 - Non intersection,"04 - Dawn, artificial",03 - P.D. only,03 - Rear end,Qualicum - Redwood Park
6845,HIGHWAY 417 btwn HWY417 IC129 RAMP25 & HWY417 IC129 RAMP35,360461.4265,5023529.819,-75.78965365,45.34950539,2016-01-21,6:50,01 - Clear,02 - Wet,10 - No control,01 - Non intersection,07 - Dark,03 - P.D. only,03 - Rear end,Whitehaven - Queensway Terrace North
6846,HIGHWAY 417 btwn HWY417 IC129 RAMP25 & HWY417 IC129 RAMP35,360445.9087,5023517.243,-75.78985309,45.34939346,2016-05-10,15:22,01 - Clear,01 - Dry,10 - No control,01 - Non intersection,01 - Daylight,03 - P.D. only,04 - Sideswipe,Qualicum - Redwood Park
6847,HIGHWAY 417 btwn HWY417 IC129 RAMP25 & HWY417 IC129 RAMP35,360456.7967,5023524.364,-75.78971335,45.34945667,2016-09-18,13:43,01 - Clear,01 - Dry,10 - No control,01 - Non intersection,01 - Daylight,03 - P.D. only,03 - Rear end,Qualicum - Redwood Park
6848,HIGHWAY 417 btwn HWY417 IC129 RAMP25 & HWY417 IC129 RAMP35,360468.4459,5023536.712,-75.7895633,45.34956685,2016-09-23,8:50,01 - Clear,01 - Dry,10 - No control,01 - Non intersection,01 - Daylight,03 - P.D. only,03 - Rear end,Whitehaven - Queensway Terrace North
6849,HIGHWAY 417 btwn HWY417 IC129 RAMP25 & HWY417 IC129 RAMP35,360461.0498,5023530.269,-75.78965841,45.34950946,2016-06-20,9:10,01 - Clear,01 - Dry,10 - No control,01 - Non intersection,01 - Daylight,03 - P.D. only,99 - Other,Whitehaven - Queensway Terrace North
6850,HIGHWAY 417 btwn HWY417 IC129 RAMP25 & HWY417 IC129 RAMP35,360514.3204,5023579.092,-75.78897313,45.34994454,2016-08-12,17:30,01 - Clear,01 - Dry,10 - No control,01 - Non intersection,01 - Daylight,03 - P.D. only,04 - Sideswipe,Whitehaven - Queensway Terrace North
6851,HIGHWAY 417 btwn HWY417 IC129 RAMP25 & HWY417 IC129 RAMP35,360453.8475,5023522.845,-75.78975115,45.34944324,2016-06-30,16:10,01 - Clear,01 - Dry,10 - No control,01 - Non intersection,01 - Daylight,03 - P.D. only,03 - Rear end,Whitehaven - Queensway Terrace North
6852,HIGHWAY 417 btwn HWY417 IC129 RAMP25 & HWY417 IC129 RAMP35,360455.413,5023523.059,-75.78973115,45.34944504,2016-06-30,18:00,01 - Clear,01 - Dry,10 - No control,01 - Non intersection,01 - Daylight,03 - P.D. only,03 - Rear end,Qualicum - Redwood Park
6853,HIGHWAY 417 btwn HWY417 IC129 RAMP25 & HWY417 IC129 RAMP35,360448.5741,5023518.255,-75.78981896,45.34940235,2016-04-28,21:20,01 - Clear,01 - Dry,10 - No control,01 - Non intersection,"08 - Dark, artificial",03 - P.D. only,04 - Sideswipe,Qualicum - Redwood Park
6854,HIGHWAY 417 btwn HWY417 IC129 RAMP25 & HWY417 IC129 RAMP35,360445.2617,5023517.438,-75.78986133,45.34939526,2016-02-03,20:15,02 - Rain,02 - Wet,10 - No control,01 - Non intersection,07 - Dark,03 - P.D. only,07 - SMV other,Qualicum - Redwood Park
6855,HIGHWAY 417 btwn HWY417 IC129 RAMP25 & HWY417 IC129 RAMP35,360470.889,5023534.815,-75.78953234,45.34954959,2016-10-11,16:40,01 - Clear,01 - Dry,10 - No control,01 - Non intersection,01 - Daylight,03 - P.D. only,04 - Sideswipe,Iris
6856,HIGHWAY 417 btwn HWY417 IC129 RAMP25 & HWY417 IC129 RAMP35,360454.6831,5023522.492,-75.78974053,45.34943999,2016-07-14,15:40,01 - Clear,01 - Dry,10 - No control,01 - Non intersection,01 - Daylight,03 - P.D. only,03 - Rear end,Qualicum - Redwood Park
6857,HIGHWAY 417 btwn HWY417 IC129 RAMP25 & HWY417 IC129 RAMP35,360454.2164,5023523.132,-75.78974642,45.34944579,2016-07-15,16:40,01 - Clear,01 - Dry,10 - No control,01 - Non intersection,01 - Daylight,03 - P.D. only,03 - Rear end,Qualicum - Redwood Park
6858,HIGHWAY 417 btwn HWY417 IC129 RAMP25 & HWY417 IC129 RAMP35,360444.1807,5023515.841,-75.7898753,45.34938098,2016-07-12,7:03,01 - Clear,01 - Dry,10 - No control,01 - Non intersection,01 - Daylight,03 - P.D. only,03 - Rear end,Qualicum - Redwood Park
6859,HIGHWAY 417 btwn HWY417 IC129 RAMP25 & HWY417 IC129 RAMP35,360471.0343,5023531.928,-75.78953081,45.3495236,2016-12-10,17:10,01 - Clear,01 - Dry,10 - No control,01 - Non intersection,07 - Dark,03 - P.D. only,03 - Rear end,Iris
6860,HIGHWAY 417 btwn HWY417 IC129 RAMP25 & TRANSIT,361831.289,5024596.168,-75.77204998,45.35899027,2016-09-19,8:30,01 - Clear,01 - Dry,10 - No control,01 - Non intersection,01 - Daylight,03 - P.D. only,03 - Rear end,Iris
6861,HIGHWAY 417 btwn HWY417 IC129 RAMP26 & HWY417 IC129 RAMP61,360581.7344,5023652.552,-75.78810457,45.35060018,2016-12-18,16:05,01 - Clear,02 - Wet,10 - No control,01 - Non intersection,05 - Dusk,03 - P.D. only,03 - Rear end,Whitehaven - Queensway Terrace North
6862,HIGHWAY 417 btwn HWY417 IC129 RAMP51 & HWY417 IC129 RAMP35,360344.6245,5023440.583,-75.79115418,45.3487117,2016-10-17,6:00,01 - Clear,02 - Wet,10 - No control,01 - Non intersection,07 - Dark,02 - Non-fatal injury,03 - Rear end,Qualicum - Redwood Park
6863,HIGHWAY 417 btwn HWY417 IC129 RAMP51 & HWY417 IC129 RAMP35,360290.1177,5023400.715,-75.7918542,45.34835728,2016-09-15,16:44,01 - Clear,01 - Dry,10 - No control,01 - Non intersection,01 - Daylight,02 - Non-fatal injury,03 - Rear end,Whitehaven - Queensway Terrace North
6864,HIGHWAY 417 btwn HWY417 IC129 RAMP51 & HWY417 IC129 RAMP35,360404.3576,5023485.595,-75.79038688,45.34911199,2016-08-31,6:50,01 - Clear,01 - Dry,10 - No control,01 - Non intersection,01 - Daylight,03 - P.D. only,03 - Rear end,Qualicum - Redwood Park
6865,HIGHWAY 417 btwn HWY417 IC129 RAMP51 & HWY417 IC129 RAMP35,360418.8676,5023496.6,-75.79020048,45.34920986,2016-06-24,17:54,01 - Clear,01 - Dry,10 - No control,01 - Non intersection,01 - Daylight,03 - P.D. only,04 - Sideswipe,Qualicum - Redwood Park
6866,HIGHWAY 417 btwn HWY417 IC129 RAMP51 & HWY417 IC129 RAMP35,360408.1438,5023489.646,-75.79033811,45.34914814,2016-07-04,22:41,01 - Clear,01 - Dry,10 - No control,01 - Non intersection,07 - Dark,03 - P.D. only,99 - Other,Qualicum - Redwood Park
6867,HIGHWAY 417 btwn HWY417 IC129 RAMP76 & HWY417 IC129 RAMP26,360446.5505,5023548.941,-75.78984133,45.34967863,2016-06-09,16:31,01 - Clear,01 - Dry,10 - No control,01 - Non intersection,01 - Daylight,02 - Non-fatal injury,03 - Rear end,Whitehaven - Queensway Terrace North
6868,HIGHWAY 417 btwn HWY417 IC129 RAMP76 & HWY417 IC129 RAMP26,360449.5799,5023550.92,-75.78980245,45.34969619,2016-04-20,14:00,01 - Clear,01 - Dry,10 - No control,01 - Non intersection,01 - Daylight,02 - Non-fatal injury,04 - Sideswipe,Whitehaven - Queensway Terrace North
6869,HIGHWAY 417 btwn HWY417 IC129 RAMP76 & HWY417 IC129 RAMP26,360396.4694,5023504.456,-75.79048542,45.34928232,2016-08-17,7:45,01 - Clear,01 - Dry,10 - No control,01 - Non intersection,01 - Daylight,02 - Non-fatal injury,03 - Rear end,Whitehaven - Queensway Terrace North
6870,HIGHWAY 417 btwn HWY417 IC129 RAMP76 & HWY417 IC129 RAMP26,360444.5892,5023548.938,-75.78986636,45.34967875,2016-01-19,17:55,01 - Clear,01 - Dry,10 - No control,01 - Non intersection,"08 - Dark, artificial",03 - P.D. only,03 - Rear end,Whitehaven - Queensway Terrace North
6871,HIGHWAY 417 btwn HWY417 IC129 RAMP76 & HWY417 IC129 RAMP26,360458.5291,5023558.358,-75.78968742,45.34976241,2016-05-12,8:45,01 - Clear,01 - Dry,10 - No control,01 - Non intersection,01 - Daylight,03 - P.D. only,03 - Rear end,Whitehaven - Queensway Terrace North
6872,HIGHWAY 417 btwn HWY417 IC129 RAMP76 & HWY417 IC129 RAMP26,360432.7921,5023534.785,-75.7900185,45.34955234,2016-02-24,19:10,02 - Rain,04 - Slush,10 - No control,01 - Non intersection,"08 - Dark, artificial",03 - P.D. only,04 - Sideswipe,Whitehaven - Queensway Terrace North
6873,HIGHWAY 417 btwn HWY417 IC129 RAMP76 & HWY417 IC129 RAMP26,360436.7565,5023540.094,-75.78996731,45.3495998,2016-11-09,8:15,01 - Clear,01 - Dry,10 - No control,01 - Non intersection,01 - Daylight,03 - P.D. only,07 - SMV other,Whitehaven - Queensway Terrace North
6874,HIGHWAY 417 btwn HWY417 IC129 RAMP76 & HWY417 IC129 RAMP26,360443.8405,5023546.697,-75.78987617,45.34965865,2016-07-05,10:05,01 - Clear,01 - Dry,10 - No control,01 - Non intersection,01 - Daylight,03 - P.D. only,03 - Rear end,Whitehaven - Queensway Terrace North
6875,HIGHWAY 417 btwn HWY417 IC129 RAMP76 & HWY417 IC129 RAMP26,360462.7344,5023562.472,-75.78963329,45.34979909,2016-03-02,6:00,03 - Snow,03 - Loose snow,10 - No control,01 - Non intersection,07 - Dark,03 - P.D. only,07 - SMV other,Whitehaven - Queensway Terrace North
6876,HIGHWAY 417 btwn HWY417 IC129 RAMP76 & HWY417 IC129 RAMP26,360450.0804,5023550.931,-75.78979607,45.34969625,2016-08-04,17:57,01 - Clear,01 - Dry,10 - No control,01 - Non intersection,01 - Daylight,03 - P.D. only,03 - Rear end,Whitehaven - Queensway Terrace North
6877,HIGHWAY 417 btwn HWY417 IC129 RAMP76 & HWY417 IC129 RAMP26,360400.7883,5023506.927,-75.79043003,45.34930421,2016-08-08,16:30,01 - Clear,01 - Dry,10 - No control,01 - Non intersection,01 - Daylight,03 - P.D. only,03 - Rear end,Whitehaven - Queensway Terrace North
6878,HIGHWAY 417 btwn HWY417 IC129 RAMP76 & HWY417 IC129 RAMP26,360453.0382,5023555.786,-75.78975778,45.3497397,2016-02-25,18:30,03 - Snow,03 - Loose snow,10 - No control,01 - Non intersection,"08 - Dark, artificial",03 - P.D. only,07 - SMV other,Whitehaven - Queensway Terrace North
6879,HIGHWAY 417 btwn HWY417 IC129 RAMP76 & HWY417 IC129 RAMP26,360443.0895,5023545.494,-75.78988589,45.34964788,2016-08-21,17:00,01 - Clear,01 - Dry,10 - No control,01 - Non intersection,01 - Daylight,03 - P.D. only,03 - Rear end,Whitehaven - Queensway Terrace North
6880,HIGHWAY 417 btwn HWY417 IC129 RAMP76 & HWY417 IC129 RAMP26,360342.6255,5023470.089,-75.79117637,45.34897735,2016-12-18,6:50,03 - Snow,06 - Ice,10 - No control,01 - Non intersection,07 - Dark,03 - P.D. only,07 - SMV other,Whitehaven - Queensway Terrace North
6881,HIGHWAY 417 btwn HWY417 IC130 RAMP35 & HWY417 IC130 RAMP25,359211.8189,5023063.377,-75.80565117,45.3454064,2016-01-01,17:35,03 - Snow,02 - Wet,10 - No control,01 - Non intersection,05 - Dusk,03 - P.D. only,99 - Other,Qualicum - Redwood Park
6882,HIGHWAY 417 btwn HWY417 IC130 RAMP35 & HWY417 IC130 RAMP25,359183.4623,5023057.354,-75.80601366,45.3453544,2016-05-10,8:15,01 - Clear,01 - Dry,10 - No control,01 - Non intersection,01 - Daylight,03 - P.D. only,03 - Rear end,Greenbelt
6883,HIGHWAY 417 btwn HWY417 IC130 RAMP35 & HWY417 IC130 RAMP25,359229.4092,5023068.805,-75.80542612,45.34545387,2016-09-18,14:32,01 - Clear,01 - Dry,10 - No control,01 - Non intersection,01 - Daylight,03 - P.D. only,03 - Rear end,Bayshore
6884,HIGHWAY 417 btwn HWY417 IC130 RAMP35 & HWY417 IC130 RAMP25,359195.1298,5023062.734,-75.80586419,45.34540191,2016-09-24,13:30,01 - Clear,01 - Dry,10 - No control,01 - Non intersection,01 - Daylight,03 - P.D. only,03 - Rear end,Greenbelt
6885,HIGHWAY 417 btwn HWY417 IC130 RAMP35 & HWY417 IC130 RAMP25,359180.1548,5023060.601,-75.80605551,45.34538387,2016-03-07,5:07,03 - Snow,03 - Loose snow,10 - No control,01 - Non intersection,07 - Dark,03 - P.D. only,07 - SMV other,Bayshore
6886,HIGHWAY 417 btwn HWY417 IC130 RAMP35 & HWY417 IC130 RAMP25,359200.8439,5023063.36,-75.80579121,45.34540709,2016-09-27,8:00,01 - Clear,01 - Dry,10 - No control,01 - Non intersection,01 - Daylight,03 - P.D. only,04 - Sideswipe,Bayshore
6887,HIGHWAY 417 btwn HWY417 IC130 RAMP35 & HWY417 IC130 RAMP25,359215.8941,5023064.752,-75.80559902,45.34541845,2016-12-16,6:36,01 - Clear,01 - Dry,10 - No control,01 - Non intersection,07 - Dark,03 - P.D. only,03 - Rear end,Bayshore
6888,HIGHWAY 417 btwn HWY417 IC131 RAMP55 & HWY417 IC130 RAMP35,358906.5991,5023012.512,-75.80955135,45.34497232,2016-12-15,18:00,01 - Clear,06 - Ice,10 - No control,01 - Non intersection,07 - Dark,02 - Non-fatal injury,07 - SMV other,Bayshore
6889,HIGHWAY 417 btwn HWY417 IC131 RAMP55 & HWY417 IC130 RAMP35,358903.4801,5023013.15,-75.80959108,45.3449783,2016-10-05,12:20,01 - Clear,01 - Dry,10 - No control,01 - Non intersection,01 - Daylight,03 - P.D. only,03 - Rear end,Bayshore
6890,HIGHWAY 417 btwn HWY417 IC131 RAMP66 & HWY417 IC130 RAMP26,359232.5033,5023080.899,-75.8053853,45.34556246,2016-03-31,12:53,01 - Clear,01 - Dry,10 - No control,01 - Non intersection,01 - Daylight,03 - P.D. only,99 - Other,Bayshore
6891,HIGHWAY 417 btwn HWY417 IC131 RAMP66 & HWY417 IC130 RAMP26,359204.136,5023081.994,-75.80574715,45.34557451,2016-12-02,2:25,01 - Clear,01 - Dry,10 - No control,01 - Non intersection,07 - Dark,03 - P.D. only,07 - SMV other,Bayshore
6892,HIGHWAY 417 btwn HWY417 IC131 RAMP66 & HWY417 IC130 RAMP26,359221.344,5023081.886,-75.80552759,45.3455722,2016-05-30,20:30,01 - Clear,01 - Dry,10 - No control,01 - Non intersection,05 - Dusk,03 - P.D. only,07 - SMV other,Bayshore
6893,HIGHWAY 417 btwn HWY417 IC131 RAMP66 & HWY417 IC130 RAMP26,359161.3922,5023076.883,-75.80629313,45.34553183,2016-08-17,7:45,01 - Clear,01 - Dry,10 - No control,01 - Non intersection,01 - Daylight,03 - P.D. only,03 - Rear end,Bayshore
6894,HIGHWAY 417 btwn HWY417 IC131 RAMP66 & HWY417 IC130 RAMP26,359183.8245,5023075.644,-75.80600703,45.34551895,2016-08-20,22:32,01 - Clear,01 - Dry,10 - No control,01 - Non intersection,07 - Dark,03 - P.D. only,03 - Rear end,Bayshore
6895,HIGHWAY 417 btwn HWY417 IC131 RAMP66 & HWY417 IC130 RAMP26,359235.967,5023084.999,-75.80534066,45.34559908,2016-03-24,7:50,03 - Snow,02 - Wet,10 - No control,01 - Non intersection,01 - Daylight,03 - P.D. only,07 - SMV other,Bayshore
6896,HIGHWAY 417 btwn HWY417 IC131 RAMP66 & HWY417 IC130 RAMP26,359114.9141,5023068.34,-75.80688713,45.34545856,2016-06-07,20:10,01 - Clear,01 - Dry,10 - No control,01 - Non intersection,01 - Daylight,03 - P.D. only,99 - Other,Bayshore
6897,HIGHWAY 417 btwn HWY417 IC131 RAMP66 & HWY417 IC130 RAMP26,359213.0194,5023079.559,-75.80563407,45.34555191,2016-06-25,15:45,01 - Clear,01 - Dry,10 - No control,01 - Non intersection,01 - Daylight,03 - P.D. only,99 - Other,Bayshore
6898,HIGHWAY 417 btwn HWY417 IC131 RAMP66 & HWY417 IC130 RAMP26,359194.5933,5023078.61,-75.80586929,45.3455448,2016-09-25,14:00,01 - Clear,01 - Dry,10 - No control,01 - Non intersection,01 - Daylight,03 - P.D. only,04 - Sideswipe,Bayshore
6899,HIGHWAY 417 btwn HWY417 IC131 RAMP66 & HWY417 IC130 RAMP26,359168.2965,5023073.002,-75.80620546,45.34549638,2016-12-19,20:17,01 - Clear,02 - Wet,10 - No control,01 - Non intersection,07 - Dark,03 - P.D. only,07 - SMV other,Bayshore
6900,HIGHWAY 417 btwn HWY417 IC131 RAMP66 & HWY417 IC130 RAMP26,359173.0446,5023073.766,-75.80614479,45.34550288,2016-12-31,13:45,03 - Snow,03 - Loose snow,10 - No control,01 - Non intersection,01 - Daylight,03 - P.D. only,04 - Sideswipe,Bayshore
6901,HIGHWAY 417 btwn HWY417 IC131 RAMP66 & HWY417 IC130 RAMP26,359224.5287,5023081.737,-75.80548697,45.34557061,2016-12-26,16:45,04 - Freezing Rain,06 - Ice,10 - No control,01 - Non intersection,05 - Dusk,03 - P.D. only,07 - SMV other,Bayshore
6902,HIGHWAY 417 btwn HWY417 IC134 RAMP26 & HWY417 IC134 RAMP61,356652.0788,5022430.875,-75.83838004,45.33990899,2016-08-17,7:20,01 - Clear,01 - Dry,10 - No control,01 - Non intersection,01 - Daylight,02 - Non-fatal injury,03 - Rear end,Crystal Bay - Lakeview Park - Britannia Village
6903,HIGHWAY 417 btwn HWY417 IC134 RAMP26 & HWY417 IC134 RAMP61,356608.818,5022402.864,-75.83893494,45.33966014,2016-12-20,15:40,01 - Clear,01 - Dry,10 - No control,01 - Non intersection,01 - Daylight,02 - Non-fatal injury,04 - Sideswipe,Crystal Bay - Lakeview Park - Britannia Village
6904,HIGHWAY 417 btwn HWY417 IC134 RAMP26 & HWY417 IC134 RAMP61,356577.273,5022383.848,-75.83933941,45.33949136,2016-12-18,8:00,03 - Snow,04 - Slush,10 - No control,01 - Non intersection,01 - Daylight,03 - P.D. only,07 - SMV other,Crystal Bay - Lakeview Park - Britannia Village