Record,Location,X,Y,lon,lat,Date,Time,Environment,Road_Surface,Traffic_Control,Collision_Location,Light,Collision_Classification,Impact_type,Neighborhood
6905,HIGHWAY 417 btwn HWY417 IC134 RAMP26 & HWY417 IC134 RAMP61,356568.083,5022368.163,-75.8394583,45.3393509,2016-12-18,8:55,03 - Snow,03 - Loose snow,10 - No control,01 - Non intersection,01 - Daylight,03 - P.D. only,07 - SMV other,Greenbelt
6906,HIGHWAY 417 btwn HWY417 IC134 RAMP35 & HWY417 IC134 RAMP25,356409.7512,5022238.699,-75.84149193,45.33819764,2016-06-03,18:45,01 - Clear,01 - Dry,10 - No control,01 - Non intersection,01 - Daylight,02 - Non-fatal injury,04 - Sideswipe,Greenbelt
6907,HIGHWAY 417 btwn HWY417 IC134 RAMP35 & HWY417 IC134 RAMP25,356413.0643,5022241.233,-75.84144939,45.3382202,2016-06-08,7:30,01 - Clear,01 - Dry,10 - No control,01 - Non intersection,01 - Daylight,02 - Non-fatal injury,03 - Rear end,Greenbelt
6908,HIGHWAY 417 btwn HWY417 IC134 RAMP35 & HWY417 IC134 RAMP25,356436.528,5022247.001,-75.84114943,45.33827037,2016-01-26,6:40,01 - Clear,02 - Wet,10 - No control,01 - Non intersection,07 - Dark,03 - P.D. only,03 - Rear end,Greenbelt
6909,HIGHWAY 417 btwn HWY417 IC134 RAMP35 & HWY417 IC134 RAMP25,356439.5567,5022252.592,-75.8411102,45.33832046,2016-01-21,13:30,01 - Clear,01 - Dry,10 - No control,01 - Non intersection,01 - Daylight,03 - P.D. only,03 - Rear end,Greenbelt
6910,HIGHWAY 417 btwn HWY417 IC134 RAMP35 & HWY417 IC134 RAMP25,356430.4157,5022247.212,-75.84122739,45.33827272,2016-07-20,22:40,01 - Clear,01 - Dry,10 - No control,01 - Non intersection,"08 - Dark, artificial",03 - P.D. only,03 - Rear end,Greenbelt
6911,HIGHWAY 417 btwn HWY417 IC134 RAMP35 & HWY417 IC134 RAMP25,356420.8544,5022243.957,-75.84134972,45.33824413,2016-04-06,15:10,03 - Snow,04 - Slush,10 - No control,01 - Non intersection,01 - Daylight,03 - P.D. only,04 - Sideswipe,Greenbelt
6912,HIGHWAY 417 btwn HWY417 IC134 RAMP35 & HWY417 IC134 RAMP25,356409.8152,5022237.518,-75.84149123,45.33818701,2016-04-07,3:00,02 - Rain,03 - Loose snow,10 - No control,01 - Non intersection,"08 - Dark, artificial",03 - P.D. only,07 - SMV other,Greenbelt
6913,HIGHWAY 417 btwn HWY417 IC134 RAMP35 & HWY417 IC134 RAMP25,356410.7352,5022240.277,-75.84147921,45.33821177,2016-04-06,20:30,03 - Snow,03 - Loose snow,10 - No control,01 - Non intersection,07 - Dark,03 - P.D. only,04 - Sideswipe,Greenbelt
6914,HIGHWAY 417 btwn HWY417 IC134 RAMP35 & HWY417 IC134 RAMP25,356411.9027,5022240.646,-75.84146427,45.338215,2016-04-12,6:50,01 - Clear,01 - Dry,10 - No control,01 - Non intersection,01 - Daylight,03 - P.D. only,07 - SMV other,Greenbelt
6915,HIGHWAY 417 btwn HWY417 IC134 RAMP35 & HWY417 IC134 RAMP25,356411.9027,5022241.441,-75.84146419,45.33822215,2016-06-17,14:00,01 - Clear,01 - Dry,10 - No control,01 - Non intersection,01 - Daylight,03 - P.D. only,99 - Other,Greenbelt
6916,HIGHWAY 417 btwn HWY417 IC134 RAMP35 & HWY417 IC134 RAMP25,356437.4123,5022249.929,-75.84113784,45.33829665,2016-02-22,8:00,01 - Clear,01 - Dry,10 - No control,01 - Non intersection,01 - Daylight,03 - P.D. only,04 - Sideswipe,Greenbelt
6917,HIGHWAY 417 btwn HWY417 IC134 RAMP35 & HWY417 IC134 RAMP25,356415.8745,5022239.057,-75.84141376,45.33820041,2016-02-27,0:28,01 - Clear,01 - Dry,10 - No control,01 - Non intersection,00 - Unknown,03 - P.D. only,07 - SMV other,Greenbelt
6918,HIGHWAY 417 btwn HWY417 IC134 RAMP35 & HWY417 IC134 RAMP25,356434.8036,5022251.668,-75.84117094,45.33831249,2016-02-19,20:10,01 - Clear,03 - Loose snow,10 - No control,01 - Non intersection,07 - Dark,03 - P.D. only,04 - Sideswipe,Greenbelt
6919,HIGHWAY 417 btwn HWY417 IC134 RAMP35 & HWY417 IC134 RAMP25,356476.5431,5022272.538,-75.84063623,45.33849721,2016-02-19,20:00,01 - Clear,03 - Loose snow,10 - No control,01 - Non intersection,07 - Dark,03 - P.D. only,06 - SMV unattended vehicle,Greenbelt
6920,HIGHWAY 417 btwn HWY417 IC134 RAMP35 & HWY417 IC134 RAMP25,356442.0128,5022253.156,-75.84107881,45.33832535,2016-04-26,6:35,01 - Clear,01 - Dry,10 - No control,01 - Non intersection,03 - Dawn,03 - P.D. only,04 - Sideswipe,Greenbelt
6921,HIGHWAY 417 btwn HWY417 IC134 RAMP35 & HWY417 IC134 RAMP25,356410.7352,5022236.598,-75.84147959,45.33817866,2016-02-25,18:45,03 - Snow,03 - Loose snow,10 - No control,01 - Non intersection,"08 - Dark, artificial",03 - P.D. only,99 - Other,Greenbelt
6922,HIGHWAY 417 btwn HWY417 IC134 RAMP35 & HWY417 IC134 RAMP25,356431.8936,5022247.637,-75.84120849,45.33827643,2016-03-24,14:10,03 - Snow,04 - Slush,10 - No control,01 - Non intersection,01 - Daylight,03 - P.D. only,07 - SMV other,Greenbelt
6923,HIGHWAY 417 btwn HWY417 IC134 RAMP35 & HWY417 IC134 RAMP25,356436.528,5022251.767,-75.84114893,45.33831326,2016-03-23,16:10,01 - Clear,01 - Dry,10 - No control,01 - Non intersection,01 - Daylight,03 - P.D. only,99 - Other,Greenbelt
6924,HIGHWAY 417 btwn HWY417 IC134 RAMP35 & HWY417 IC134 RAMP25,356447.7829,5022255.745,-75.84100492,45.33834822,2016-10-03,7:30,01 - Clear,01 - Dry,10 - No control,01 - Non intersection,01 - Daylight,03 - P.D. only,03 - Rear end,Greenbelt
6925,HIGHWAY 417 btwn HWY417 IC134 RAMP35 & HWY417 IC134 RAMP25,356437.4132,5022250.397,-75.84113778,45.33830086,2016-12-13,16:40,01 - Clear,02 - Wet,10 - No control,01 - Non intersection,05 - Dusk,03 - P.D. only,03 - Rear end,Greenbelt
6926,HIGHWAY 417 btwn HWY417 IC134 RAMP35 & HWY417 IC134 RAMP25,356430.5955,5022251.33,-75.84122466,45.33830976,2016-12-13,17:30,01 - Clear,01 - Dry,10 - No control,01 - Non intersection,07 - Dark,03 - P.D. only,03 - Rear end,Greenbelt
6927,HIGHWAY 417 btwn HWY417 IC134 RAMP35 & HWY417 IC134 RAMP25,356431.8936,5022250.397,-75.8412082,45.33830127,2016-12-05,5:45,03 - Snow,03 - Loose snow,10 - No control,01 - Non intersection,"08 - Dark, artificial",03 - P.D. only,07 - SMV other,Greenbelt
6928,HIGHWAY 417 btwn HWY417 IC134 RAMP35 & HWY417 IC134 RAMP25,356440.9719,5022255.119,-75.84109188,45.33834309,2016-12-13,16:40,01 - Clear,01 - Dry,10 - No control,01 - Non intersection,05 - Dusk,03 - P.D. only,04 - Sideswipe,Greenbelt
6929,HIGHWAY 417 btwn HWY417 IC134 RAMP36 & HWY417 IC134 RAMP26,356433.3505,5022303.401,-75.84118408,45.3387781,2016-05-30,11:23,01 - Clear,01 - Dry,10 - No control,01 - Non intersection,01 - Daylight,02 - Non-fatal injury,04 - Sideswipe,Greenbelt
6930,HIGHWAY 417 btwn HWY417 IC134 RAMP36 & HWY417 IC134 RAMP26,356428.2139,5022297.313,-75.84125025,45.33872369,2016-03-25,14:20,03 - Snow,03 - Loose snow,10 - No control,01 - Non intersection,01 - Daylight,02 - Non-fatal injury,99 - Other,Greenbelt
6931,HIGHWAY 417 btwn HWY417 IC134 RAMP36 & HWY417 IC134 RAMP26,356357.3322,5022256.266,-75.84215888,45.33835956,2016-08-23,18:25,01 - Clear,01 - Dry,10 - No control,01 - Non intersection,01 - Daylight,02 - Non-fatal injury,03 - Rear end,Greenbelt
6932,HIGHWAY 417 btwn HWY417 IC134 RAMP36 & HWY417 IC134 RAMP26,356412.9356,5022290.838,-75.84144586,45.33866656,2016-02-16,12:30,03 - Snow,03 - Loose snow,10 - No control,01 - Non intersection,01 - Daylight,03 - P.D. only,04 - Sideswipe,Greenbelt
6933,HIGHWAY 417 btwn HWY417 IC134 RAMP36 & HWY417 IC134 RAMP26,356414.8035,5022290.799,-75.84142203,45.33866607,2016-02-11,18:14,01 - Clear,01 - Dry,10 - No control,01 - Non intersection,07 - Dark,03 - P.D. only,03 - Rear end,Greenbelt
6934,HIGHWAY 417 btwn HWY417 IC134 RAMP36 & HWY417 IC134 RAMP26,356453.972,5022312.032,-75.84092008,45.33885424,2016-02-24,18:50,02 - Rain,04 - Slush,10 - No control,01 - Non intersection,07 - Dark,03 - P.D. only,04 - Sideswipe,Greenbelt
6935,HIGHWAY 417 btwn HWY417 IC134 RAMP36 & HWY417 IC134 RAMP26,356452.8718,5022309.832,-75.84093434,45.33883453,2016-12-01,6:00,01 - Clear,01 - Dry,10 - No control,01 - Non intersection,07 - Dark,03 - P.D. only,04 - Sideswipe,Greenbelt
6936,HIGHWAY 417 btwn HWY417 IC134 RAMP36 & HWY417 IC134 RAMP26,356436.528,5022301.018,-75.84114379,45.33875642,2016-06-11,21:30,01 - Clear,01 - Dry,10 - No control,01 - Non intersection,07 - Dark,03 - P.D. only,07 - SMV other,Greenbelt
6937,HIGHWAY 417 btwn HWY417 IC134 RAMP36 & HWY417 IC134 RAMP26,356430.024,5022299.634,-75.84122692,45.33874445,2016-05-20,8:30,01 - Clear,01 - Dry,10 - No control,01 - Non intersection,01 - Daylight,03 - P.D. only,04 - Sideswipe,Greenbelt
6938,HIGHWAY 417 btwn HWY417 IC134 RAMP36 & HWY417 IC134 RAMP26,356427.1623,5022297.433,-75.84126366,45.33872485,2016-05-31,9:10,01 - Clear,01 - Dry,10 - No control,01 - Non intersection,01 - Daylight,03 - P.D. only,04 - Sideswipe,Greenbelt
6939,HIGHWAY 417 btwn HWY417 IC134 RAMP36 & HWY417 IC134 RAMP26,356413.0643,5022288.19,-75.84144449,45.33864272,2016-05-15,16:56,01 - Clear,01 - Dry,10 - No control,01 - Non intersection,01 - Daylight,03 - P.D. only,03 - Rear end,Greenbelt
6940,HIGHWAY 417 btwn HWY417 IC134 RAMP36 & HWY417 IC134 RAMP26,356427.3934,5022297.049,-75.84126075,45.33872138,2016-02-20,10:34,02 - Rain,02 - Wet,10 - No control,01 - Non intersection,01 - Daylight,03 - P.D. only,07 - SMV other,Greenbelt
6941,HIGHWAY 417 btwn HWY417 IC134 RAMP36 & HWY417 IC134 RAMP26,356429.6068,5022301.548,-75.84123204,45.3387617,2016-03-06,21:30,01 - Clear,01 - Dry,10 - No control,01 - Non intersection,07 - Dark,03 - P.D. only,99 - Other,Greenbelt
6942,HIGHWAY 417 btwn HWY417 IC134 RAMP36 & HWY417 IC134 RAMP26,356435.5733,5022300.073,-75.84115607,45.33874799,2016-02-18,6:37,01 - Clear,01 - Dry,10 - No control,01 - Non intersection,07 - Dark,03 - P.D. only,03 - Rear end,Greenbelt
6943,HIGHWAY 417 btwn HWY417 IC134 RAMP36 & HWY417 IC134 RAMP26,356430.4473,5022300.232,-75.84122145,45.3387498,2016-10-09,5:45,01 - Clear,01 - Dry,10 - No control,01 - Non intersection,07 - Dark,03 - P.D. only,07 - SMV other,Greenbelt
6944,HIGHWAY 417 btwn HWY417 IC134 RAMP36 & HWY417 IC134 RAMP26,356385.6691,5022278.533,-75.84179502,45.33855784,2016-12-15,14:35,01 - Clear,02 - Wet,10 - No control,01 - Non intersection,01 - Daylight,03 - P.D. only,04 - Sideswipe,Greenbelt
6945,HIGHWAY 417 btwn HWY417 IC134 RAMP51 & HWY417 IC134 RAMP35,356265.7445,5022153.792,-75.84333807,45.33744422,2016-03-24,22:30,04 - Freezing Rain,04 - Slush,10 - No control,01 - Non intersection,07 - Dark,02 - Non-fatal injury,07 - SMV other,Greenbelt
6946,HIGHWAY 417 btwn HWY417 IC134 RAMP51 & HWY417 IC134 RAMP35,356208.6281,5022125.474,-75.84406972,45.33719359,2016-03-24,18:55,03 - Snow,03 - Loose snow,10 - No control,01 - Non intersection,07 - Dark,03 - P.D. only,99 - Other,Greenbelt
6947,HIGHWAY 417 btwn HWY417 IC138 RAMP26 & HWY417 IC138 RAMP61,353173.9608,5020404.828,-75.8829553,45.3219267,2016-08-21,8:45,02 - Rain,02 - Wet,10 - No control,01 - Non intersection,01 - Daylight,02 - Non-fatal injury,07 - SMV other,Greenbelt
6948,HIGHWAY 417 btwn HWY417 IC138 RAMP26 & HWY417 IC138 RAMP61,353115.6049,5020357.158,-75.88370428,45.32150177,2016-12-26,14:46,04 - Freezing Rain,06 - Ice,10 - No control,01 - Non intersection,01 - Daylight,03 - P.D. only,07 - SMV other,Greenbelt
6949,HIGHWAY 417 btwn HWY417 IC138 RAMP35 & HIGHWAY 417,352932.3863,5020201.086,-75.88605638,45.32010999,2016-03-25,6:04,04 - Freezing Rain,06 - Ice,10 - No control,01 - Non intersection,07 - Dark,03 - P.D. only,04 - Sideswipe,Katimavik - Hazeldean
6950,HIGHWAY 417 btwn HWY417 IC138 RAMP36 & HIGHWAY 417,352920.1162,5020246.077,-75.88620851,45.32051567,2016-01-29,7:10,03 - Snow,02 - Wet,10 - No control,01 - Non intersection,03 - Dawn,02 - Non-fatal injury,07 - SMV other,Kanata
6951,HIGHWAY 417 btwn HWY417 IC138 RAMP36 & HIGHWAY 417,352917.9272,5020247.329,-75.88623631,45.32052709,2016-10-28,3:44,03 - Snow,04 - Slush,10 - No control,01 - Non intersection,07 - Dark,02 - Non-fatal injury,07 - SMV other,Kanata
6952,HIGHWAY 417 btwn HWY417 IC138 RAMP36 & HIGHWAY 417,352920.1162,5020241.987,-75.88620891,45.32047887,2016-02-03,6:50,04 - Freezing Rain,03 - Loose snow,10 - No control,01 - Non intersection,"04 - Dawn, artificial",03 - P.D. only,07 - SMV other,Kanata
6953,HIGHWAY 417 btwn HWY417 IC138 RAMP36 & HIGHWAY 417,352920.1162,5020247.099,-75.88620841,45.32052487,2016-03-29,8:40,01 - Clear,01 - Dry,10 - No control,01 - Non intersection,01 - Daylight,03 - P.D. only,03 - Rear end,Kanata
6954,HIGHWAY 417 btwn HWY417 IC138 RAMP36 & HIGHWAY 417,352921.858,5020246.069,-75.8861863,45.32051548,2016-07-21,6:55,01 - Clear,01 - Dry,10 - No control,01 - Non intersection,01 - Daylight,03 - P.D. only,04 - Sideswipe,Kanata
6955,HIGHWAY 417 btwn HWY417 IC138 RAMP36 & HIGHWAY 417,352912.9586,5020241.987,-75.8863002,45.32047936,2016-05-09,13:00,01 - Clear,02 - Wet,10 - No control,01 - Non intersection,01 - Daylight,03 - P.D. only,99 - Other,Kanata
6956,HIGHWAY 417 btwn HWY417 IC138 RAMP36 & HIGHWAY 417,352921.7758,5020246.242,-75.88618733,45.32051704,2016-02-24,21:50,02 - Rain,06 - Ice,10 - No control,01 - Non intersection,07 - Dark,03 - P.D. only,07 - SMV other,Kanata
6957,HIGHWAY 417 btwn HWY417 IC138 RAMP36 & HIGHWAY 417,352913.9585,5020242.037,-75.88628744,45.32047974,2016-10-27,23:30,03 - Snow,04 - Slush,10 - No control,01 - Non intersection,07 - Dark,03 - P.D. only,07 - SMV other,Kanata
6958,HIGHWAY 417 btwn HWY417 IC138 RAMP36 & HIGHWAY 417,352898.0834,5020224.839,-75.88649159,45.32032608,2016-10-19,2:35,01 - Clear,01 - Dry,10 - No control,01 - Non intersection,07 - Dark,03 - P.D. only,07 - SMV other,Kanata
6959,HIGHWAY 417 btwn HWY417 IC138 RAMP61 & HWY417 IC134 RAMP36,353882.1686,5020805.135,-75.87388246,45.32547957,2016-09-28,8:05,01 - Clear,01 - Dry,10 - No control,01 - Non intersection,01 - Daylight,02 - Non-fatal injury,03 - Rear end,Greenbelt
6960,HIGHWAY 417 btwn HWY417 IC138 RAMP61 & HWY417 IC134 RAMP36,355779.5392,5021927.242,-75.8495646,45.33544119,2016-08-13,17:50,02 - Rain,02 - Wet,10 - No control,01 - Non intersection,01 - Daylight,03 - P.D. only,07 - SMV other,Greenbelt
6961,HIGHWAY 417 btwn HWY417 IC138 RAMP61 & HWY417 IC134 RAMP36,354041.2462,5020900.222,-75.87184385,45.32632404,2016-09-22,8:59,01 - Clear,01 - Dry,10 - No control,01 - Non intersection,01 - Daylight,03 - P.D. only,03 - Rear end,Greenbelt
6962,HIGHWAY 417 btwn HWY417 IC138 RAMP61 & HWY417 IC134 RAMP36,353833.1942,5020778.334,-75.87450982,45.32524184,2016-09-30,2:40,01 - Clear,01 - Dry,10 - No control,01 - Non intersection,07 - Dark,03 - P.D. only,07 - SMV other,Greenbelt
6963,HIGHWAY 417 btwn HWY417 IC138 RAMP61 & HWY417 IC134 RAMP36,355729.436,5021876.812,-75.850209,45.33499105,2016-08-22,17:20,01 - Clear,01 - Dry,10 - No control,01 - Non intersection,01 - Daylight,03 - P.D. only,04 - Sideswipe,Greenbelt
6964,HIGHWAY 417 btwn HWY417 IC138 RAMP61 & HWY417 IC134 RAMP36,355345.6846,5021660.567,-75.85512692,45.333073,2016-09-16,3:00,01 - Clear,01 - Dry,10 - No control,01 - Non intersection,07 - Dark,03 - P.D. only,07 - SMV other,Greenbelt
6965,HIGHWAY 417 btwn HWY417 IC138 RAMP61 & HWY417 IC134 RAMP36,355785.2998,5021921.641,-75.84949168,45.33539037,2016-12-29,20:00,01 - Clear,04 - Slush,10 - No control,01 - Non intersection,07 - Dark,03 - P.D. only,04 - Sideswipe,Greenbelt
6966,HIGHWAY 417 btwn HWY417 IC140 RAMP25 & HWY417 IC139 RAMP15,351674.8486,5019169.612,-75.90219338,45.31091364,2016-04-06,16:10,03 - Snow,04 - Slush,10 - No control,01 - Non intersection,01 - Daylight,03 - P.D. only,07 - SMV other,Katimavik - Hazeldean
6967,HIGHWAY 417 btwn HWY417 IC140 RAMP25 & HWY417 IC139 RAMP15,351653.8081,5019144.05,-75.90246411,45.31068503,2016-12-18,9:45,03 - Snow,04 - Slush,10 - No control,01 - Non intersection,01 - Daylight,03 - P.D. only,07 - SMV other,Katimavik - Hazeldean
6968,HIGHWAY 417 btwn HWY417 IC140 RAMP25 & HWY417 IC139 RAMP15,351367.1857,5018906.465,-75.9061416,45.30856624,2016-12-31,12:45,05 - Drifting Snow,03 - Loose snow,10 - No control,01 - Non intersection,01 - Daylight,03 - P.D. only,07 - SMV other,Katimavik - Hazeldean
6969,HIGHWAY 417 btwn HWY417 IC140 RAMP35 & HWY417 IC140 RAMP25,350951.8584,5018561.478,-75.91146999,45.30548938,2016-07-15,18:20,01 - Clear,01 - Dry,10 - No control,01 - Non intersection,01 - Daylight,02 - Non-fatal injury,07 - SMV other,Katimavik - Hazeldean
6970,HIGHWAY 417 btwn HWY417 IC140 RAMP35 & HWY417 IC140 RAMP25,350979.3287,5018575.178,-75.91111843,45.30561085,2016-12-16,10:00,01 - Clear,01 - Dry,10 - No control,01 - Non intersection,01 - Daylight,02 - Non-fatal injury,03 - Rear end,Katimavik - Hazeldean
6971,HIGHWAY 417 btwn HWY417 IC140 RAMP35 & HWY417 IC140 RAMP25,350956.5451,5018565.479,-75.91140986,45.30552507,2016-02-16,6:25,03 - Snow,03 - Loose snow,10 - No control,01 - Non intersection,"08 - Dark, artificial",03 - P.D. only,04 - Sideswipe,Katimavik - Hazeldean
6972,HIGHWAY 417 btwn HWY417 IC140 RAMP35 & HWY417 IC140 RAMP25,350972.6357,5018570.552,-75.91120421,45.30556966,2016-02-24,13:05,03 - Snow,03 - Loose snow,10 - No control,01 - Non intersection,01 - Daylight,03 - P.D. only,04 - Sideswipe,Katimavik - Hazeldean
6973,HIGHWAY 417 btwn HWY417 IC140 RAMP35 & HWY417 IC140 RAMP25,350951.4347,5018557.762,-75.91147574,45.30545597,2016-12-09,10:25,01 - Clear,01 - Dry,10 - No control,01 - Non intersection,01 - Daylight,03 - P.D. only,04 - Sideswipe,Katimavik - Hazeldean
6974,HIGHWAY 417 btwn HWY417 IC140 RAMP36 & HWY417 IC140 RAMP16,350924.0162,5018593.994,-75.91182199,45.30578379,2016-04-06,11:45,01 - Clear,02 - Wet,10 - No control,01 - Non intersection,01 - Daylight,03 - P.D. only,99 - Other,Kanata
6975,HIGHWAY 417 btwn HWY417 IC140 RAMP51 & HWY417 IC140 RAMP35,350778.8002,5018447.074,-75.91368733,45.30447129,2016-12-26,14:45,04 - Freezing Rain,06 - Ice,10 - No control,01 - Non intersection,01 - Daylight,02 - Non-fatal injury,04 - Sideswipe,Katimavik - Hazeldean
6976,HIGHWAY 417 btwn HWY417 IC140 RAMP61 & HWY417 IC139 RAMP61,351694.1906,5019226.997,-75.90194129,45.31142871,2016-12-26,18:20,04 - Freezing Rain,06 - Ice,10 - No control,01 - Non intersection,07 - Dark,03 - P.D. only,07 - SMV other,Kanata
6977,HIGHWAY 417 btwn HWY417 IC142 RAMP16 & HWY417 IC142 RAMP61,349347.6764,5017637.033,-75.93200861,45.29727451,2016-06-12,23:00,01 - Clear,01 - Dry,10 - No control,01 - Non intersection,"08 - Dark, artificial",02 - Non-fatal injury,03 - Rear end,Stittsville - Basswood
6978,HIGHWAY 417 btwn HWY417 IC142 RAMP35 & HWY417 IC142 RAMP25,348948.5289,5017219.299,-75.93713476,45.2935408,2016-11-14,18:00,01 - Clear,01 - Dry,10 - No control,01 - Non intersection,07 - Dark,02 - Non-fatal injury,07 - SMV other,Stittsville - Basswood
6979,HIGHWAY 417 btwn HWY417 IC142 RAMP35 & HWY417 IC142 RAMP25,348914.1029,5017191.934,-75.93757608,45.29329672,2016-01-16,11:35,03 - Snow,04 - Slush,10 - No control,01 - Non intersection,01 - Daylight,03 - P.D. only,07 - SMV other,Stittsville - Basswood
6980,HIGHWAY 417 btwn HWY417 IC142 RAMP35 & HWY417 IC142 RAMP25,348952.9775,5017225.745,-75.93707747,45.29359852,2016-01-18,8:30,01 - Clear,04 - Slush,10 - No control,01 - Non intersection,01 - Daylight,03 - P.D. only,07 - SMV other,Stittsville - Basswood
6981,HIGHWAY 417 btwn HWY417 IC142 RAMP35 & HWY417 IC142 RAMP25,348950.3001,5017218.257,-75.93711227,45.29353131,2016-02-03,6:45,04 - Freezing Rain,06 - Ice,10 - No control,01 - Non intersection,07 - Dark,03 - P.D. only,07 - SMV other,Stittsville - Basswood
6982,HIGHWAY 417 btwn HWY417 IC142 RAMP35 & HWY417 IC142 RAMP25,348947.4475,5017222.288,-75.93714828,45.29356776,2016-02-17,8:25,01 - Clear,06 - Ice,10 - No control,01 - Non intersection,01 - Daylight,03 - P.D. only,03 - Rear end,Stittsville - Basswood
6983,HIGHWAY 417 btwn HWY417 IC142 RAMP35 & HWY417 IC142 RAMP25,348948.1388,5017222.98,-75.93713941,45.29357395,2016-02-24,17:30,04 - Freezing Rain,04 - Slush,10 - No control,01 - Non intersection,05 - Dusk,03 - P.D. only,03 - Rear end,Stittsville - Basswood
6984,HIGHWAY 417 btwn HWY417 IC142 RAMP35 & HWY417 IC142 RAMP25,348950.3063,5017218.272,-75.93711219,45.29353145,2016-09-17,15:00,02 - Rain,02 - Wet,10 - No control,01 - Non intersection,01 - Daylight,03 - P.D. only,07 - SMV other,Stittsville - Basswood
6985,HIGHWAY 417 btwn HWY417 IC142 RAMP35 & HWY417 IC142 RAMP25,348949.5868,5017217.544,-75.93712143,45.29352494,2016-02-25,19:00,01 - Clear,06 - Ice,10 - No control,01 - Non intersection,"08 - Dark, artificial",03 - P.D. only,04 - Sideswipe,Stittsville - Basswood
6986,HIGHWAY 417 btwn HWY417 IC142 RAMP35 & HWY417 IC142 RAMP25,349064.424,5017326.694,-75.93564766,45.29449988,2016-08-16,18:00,02 - Rain,02 - Wet,10 - No control,01 - Non intersection,01 - Daylight,03 - P.D. only,07 - SMV other,Stittsville - Basswood
6987,HIGHWAY 417 btwn HWY417 IC142 RAMP35 & HWY417 IC142 RAMP25,348950.3001,5017220.397,-75.93711208,45.29355057,2016-03-24,14:55,04 - Freezing Rain,04 - Slush,10 - No control,01 - Non intersection,01 - Daylight,03 - P.D. only,07 - SMV other,Stittsville - Basswood
6988,HIGHWAY 417 btwn HWY417 IC142 RAMP35 & HWY417 IC142 RAMP25,348967.2912,5017243.815,-75.93689338,45.29376022,2016-12-29,14:15,03 - Snow,04 - Slush,10 - No control,01 - Non intersection,01 - Daylight,03 - P.D. only,07 - SMV other,Stittsville - Basswood
6989,HIGHWAY 417 btwn HWY417 IC144 RAMP16 & HWY417 IC144 RAMP61,347562.5285,5016022.795,-75.95490769,45.28285994,2016-10-09,6:23,01 - Clear,01 - Dry,10 - No control,01 - Non intersection,07 - Dark,03 - P.D. only,07 - SMV other,Stittsville - Basswood
6990,HIGHWAY 417 btwn HWY417 IC144 RAMP35 & HWY417 IC144 RAMP25,347408.2488,5015816.796,-75.95689188,45.28101565,2016-02-04,15:15,01 - Clear,01 - Dry,10 - No control,01 - Non intersection,01 - Daylight,02 - Non-fatal injury,99 - Other,Stittsville - Basswood
6991,HIGHWAY 417 btwn HWY417 IC144 RAMP35 & HWY417 IC144 RAMP25,347410.0079,5015820.432,-75.95686915,45.28104826,2016-01-16,13:20,03 - Snow,04 - Slush,10 - No control,01 - Non intersection,01 - Daylight,03 - P.D. only,07 - SMV other,Stittsville - Basswood
6992,HIGHWAY 417 btwn HWY417 IC144 RAMP35 & HWY417 IC144 RAMP25,347420.1843,5015823.772,-75.95673915,45.2810777,2016-02-17,9:05,01 - Clear,06 - Ice,10 - No control,01 - Non intersection,01 - Daylight,03 - P.D. only,99 - Other,Stittsville - Basswood
6993,HIGHWAY 417 btwn HWY417 IC144 RAMP35 & HWY417 IC144 RAMP25,347421.2935,5015829.239,-75.95672455,45.28112682,2016-06-11,8:40,02 - Rain,02 - Wet,10 - No control,01 - Non intersection,,03 - P.D. only,07 - SMV other,Stittsville - Basswood
6994,HIGHWAY 417 btwn HWY417 IC144 RAMP35 & HWY417 IC144 RAMP25,347436.9769,5015841.453,-75.9565236,45.28123578,2016-09-23,7:45,02 - Rain,02 - Wet,10 - No control,01 - Non intersection,01 - Daylight,03 - P.D. only,04 - Sideswipe,Stittsville - Basswood
6995,HIGHWAY 417 btwn HWY417 IC144 RAMP35 & HWY417 IC144 RAMP25,347409.4481,5015816.148,-75.95687665,45.28100974,2016-12-04,19:45,01 - Clear,01 - Dry,10 - No control,01 - Non intersection,07 - Dark,03 - P.D. only,07 - SMV other,Stittsville - Basswood
6996,HIGHWAY 417 btwn HWY417 IC144 RAMP35 & HWY417 IC144 RAMP25,347410.8767,5015820.432,-75.95685808,45.28104821,2016-02-20,7:25,02 - Rain,04 - Slush,10 - No control,01 - Non intersection,01 - Daylight,03 - P.D. only,07 - SMV other,Stittsville - Basswood
6997,HIGHWAY 417 btwn HWY417 IC144 RAMP35 & HWY417 IC144 RAMP25,347437.0007,5015843.921,-75.95652308,45.28125799,2016-08-20,14:23,01 - Clear,01 - Dry,10 - No control,01 - Non intersection,01 - Daylight,03 - P.D. only,04 - Sideswipe,Stittsville - Basswood
6998,HIGHWAY 417 btwn HWY417 IC144 RAMP35 & HWY417 IC144 RAMP25,347429.4379,5015834.531,-75.95662028,45.28117395,2016-10-07,7:00,"07 - Fog, mist, smoke, dust",01 - Dry,10 - No control,01 - Non intersection,07 - Dark,03 - P.D. only,07 - SMV other,Stittsville - Basswood
6999,HIGHWAY 417 btwn HWY417 IC144 RAMP35 & HWY417 IC144 RAMP25,347409.8513,5015816.274,-75.9568715,45.28101085,2016-10-02,16:30,02 - Rain,02 - Wet,10 - No control,01 - Non intersection,01 - Daylight,03 - P.D. only,04 - Sideswipe,Stittsville - Basswood
7000,HIGHWAY 417 btwn HWY417 IC144 RAMP51 & HWY417 IC144 RAMP35,347310.5425,5015728.264,-75.95814483,45.28022492,2016-12-17,10:40,05 - Drifting Snow,04 - Slush,10 - No control,01 - Non intersection,01 - Daylight,03 - P.D. only,03 - Rear end,Stittsville - Basswood
7001,HIGHWAY 417 btwn HWY417 IC144 RAMP51 & HWY417 IC144 RAMP35,347290.5124,5015706.128,-75.95840202,45.28002694,2016-12-28,17:50,01 - Clear,02 - Wet,10 - No control,01 - Non intersection,07 - Dark,03 - P.D. only,07 - SMV other,Stittsville - Basswood
7002,HIGHWAY 417 btwn HWY417 IC144 RAMP61 & HWY417 IC142 RAMP16,348816.589,5017156.102,-75.93882244,45.29298041,2016-05-02,9:46,01 - Clear,01 - Dry,10 - No control,01 - Non intersection,01 - Daylight,02 - Non-fatal injury,07 - SMV other,Stittsville - Basswood