Record,Location,X,Y,lon,lat,Date,Time,Environment,Road_Surface,Traffic_Control,Collision_Location,Light,Collision_Classification,Impact_type,Neighborhood
7003,HIGHWAY 417 btwn HWY417 IC144 RAMP61 & HWY417 IC142 RAMP16,348826.6771,5017164.975,-75.93869304,45.29305962,2016-03-02,10:55,03 - Snow,04 - Slush,10 - No control,01 - Non intersection,01 - Daylight,03 - P.D. only,07 - SMV other,Stittsville - Basswood
7004,HIGHWAY 417 btwn HWY417 IC145 RAMP55 & HWY417 IC144 RAMP51,346888.7166,5015349.128,-75.96355349,45.27683869,2016-11-20,15:25,03 - Snow,03 - Loose snow,10 - No control,01 - Non intersection,01 - Daylight,03 - P.D. only,07 - SMV other,Stittsville - Basswood
7005,HIGHWAY 417 btwn HWY417 IC155 RAMP25 & RAMP,344326.7525,5015433.2,-75.99619929,45.2777439,2016-02-02,18:45,01 - Clear,01 - Dry,10 - No control,01 - Non intersection,07 - Dark,03 - P.D. only,07 - SMV other,Carp - Hardwood Plains
7006,HIGHWAY 417 btwn HWY417 IC155 RAMP25 & RAMP,344311.8456,5015454.348,-75.9963876,45.27793504,2016-02-24,7:30,03 - Snow,03 - Loose snow,10 - No control,01 - Non intersection,01 - Daylight,03 - P.D. only,07 - SMV other,Carp - Hardwood Plains
7007,HIGHWAY 417 btwn HWY417 IC155 RAMP25 & RAMP,342130.0589,5017581.17,-76.02403532,45.29719239,2016-05-27,7:30,02 - Rain,02 - Wet,10 - No control,01 - Non intersection,01 - Daylight,03 - P.D. only,04 - Sideswipe,Carp - Hardwood Plains
7008,HIGHWAY 417 btwn HWY417 IC155 RAMP25 & RAMP,344360.4712,5015404.034,-75.99577186,45.27747956,2016-10-08,18:45,01 - Clear,01 - Dry,10 - No control,01 - Non intersection,07 - Dark,03 - P.D. only,03 - Rear end,Stittsville - Basswood
7009,HIGHWAY 417 btwn HWY417 IC155 RAMP25 & RAMP,342125.2618,5017589.908,-76.02409583,45.29727127,2016-02-25,6:50,02 - Rain,06 - Ice,10 - No control,01 - Non intersection,07 - Dark,03 - P.D. only,03 - Rear end,Carp - Hardwood Plains
7010,HIGHWAY 417 btwn HWY417 IC155 RAMP26 & HWY417 IC155 RAMP61,339713.828,5019297.156,-76.05472085,45.31275787,2016-08-31,22:59,01 - Clear,01 - Dry,10 - No control,01 - Non intersection,07 - Dark,02 - Non-fatal injury,07 - SMV other,Carp - Hardwood Plains
7011,HIGHWAY 417 btwn HWY417 IC155 RAMP35 & HWY417 IC155 RAMP25,339569.1704,5019305.645,-76.05656511,45.31284143,2016-05-24,13:55,01 - Clear,01 - Dry,10 - No control,01 - Non intersection,01 - Daylight,02 - Non-fatal injury,07 - SMV other,Carp - Hardwood Plains
7012,HIGHWAY 417 btwn HWY417 IC155 RAMP35 & HWY417 IC155 RAMP25,339571.3632,5019303.452,-76.0565373,45.31282159,2016-02-25,18:30,03 - Snow,06 - Ice,10 - No control,01 - Non intersection,07 - Dark,02 - Non-fatal injury,04 - Sideswipe,Carp - Hardwood Plains
7013,HIGHWAY 417 btwn HWY417 IC155 RAMP35 & HWY417 IC155 RAMP25,339546.4376,5019309.574,-76.05685475,45.31287791,2016-04-13,19:10,01 - Clear,01 - Dry,10 - No control,01 - Non intersection,01 - Daylight,03 - P.D. only,07 - SMV other,Carp - Hardwood Plains
7014,HIGHWAY 417 btwn HWY417 IC155 RAMP35 & HWY417 IC155 RAMP25,339548.9971,5019308.604,-76.05682218,45.31286906,2016-06-13,20:40,01 - Clear,01 - Dry,10 - No control,01 - Non intersection,05 - Dusk,03 - P.D. only,07 - SMV other,Carp - Hardwood Plains
7015,HIGHWAY 417 btwn HWY417 IC155 RAMP35 & HWY417 IC155 RAMP25,339543.8739,5019308.543,-76.05688752,45.31286876,2016-02-20,8:10,02 - Rain,04 - Slush,10 - No control,01 - Non intersection,01 - Daylight,03 - P.D. only,07 - SMV other,Carp - Hardwood Plains
7016,HIGHWAY 417 btwn HWY417 IC155 RAMP35 & HWY417 IC155 RAMP25,339568.1477,5019305.731,-76.05657814,45.31284226,2016-02-20,8:24,02 - Rain,02 - Wet,10 - No control,01 - Non intersection,01 - Daylight,03 - P.D. only,07 - SMV other,Carp - Hardwood Plains
7017,HIGHWAY 417 btwn HWY417 IC155 RAMP35 & HWY417 IC155 RAMP25,339565.2751,5019303.816,-76.05661491,45.31282517,2016-02-20,8:00,01 - Clear,04 - Slush,10 - No control,01 - Non intersection,01 - Daylight,03 - P.D. only,04 - Sideswipe,Carp - Hardwood Plains
7018,HIGHWAY 417 btwn HWY417 IC155 RAMP35 & HWY417 IC155 RAMP25,339561.445,5019305.731,-76.05666363,45.31284259,2016-03-22,6:45,01 - Clear,01 - Dry,10 - No control,01 - Non intersection,01 - Daylight,03 - P.D. only,04 - Sideswipe,Carp - Hardwood Plains
7019,HIGHWAY 417 btwn HWY417 IC155 RAMP35 & HWY417 IC155 RAMP25,339529.1281,5019313.612,-76.05707522,45.3129151,2016-06-25,20:45,01 - Clear,01 - Dry,10 - No control,01 - Non intersection,05 - Dusk,03 - P.D. only,07 - SMV other,Carp - Hardwood Plains
7020,HIGHWAY 417 btwn HWY417 IC155 RAMP35 & HWY417 IC155 RAMP25,339578.3125,5019299.631,-76.05644894,45.31278686,2016-12-18,6:00,03 - Snow,05 - Packed snow,10 - No control,01 - Non intersection,07 - Dark,03 - P.D. only,07 - SMV other,Carp - Hardwood Plains
7021,HIGHWAY 417 btwn HWY417 IC155 RAMP61 & HWY417 IC145 RAMP56,346147.7852,5014854.434,-75.97303791,45.27243119,2016-01-18,18:10,01 - Clear,01 - Dry,10 - No control,01 - Non intersection,07 - Dark,03 - P.D. only,03 - Rear end,Stittsville - Basswood
7022,HIGHWAY 417 btwn HWY417 IC155 RAMP61 & HWY417 IC145 RAMP56,344373.7239,5015429.562,-75.99560091,45.27770852,2016-04-01,20:30,01 - Clear,01 - Dry,10 - No control,01 - Non intersection,07 - Dark,03 - P.D. only,07 - SMV other,Stittsville - Basswood
7023,HIGHWAY 417 btwn HWY417 IC155 RAMP61 & HWY417 IC145 RAMP56,344373.027,5015432.084,-75.99560959,45.27773126,2016-04-01,20:32,01 - Clear,01 - Dry,10 - No control,01 - Non intersection,07 - Dark,03 - P.D. only,07 - SMV other,Stittsville - Basswood
7024,HIGHWAY 417 btwn HWY417 IC155 RAMP61 & HWY417 IC145 RAMP56,344373.3708,5015426.324,-75.99560567,45.27767941,2016-04-02,18:35,01 - Clear,01 - Dry,10 - No control,01 - Non intersection,01 - Daylight,03 - P.D. only,07 - SMV other,Stittsville - Basswood
7025,HIGHWAY 417 btwn HWY417 IC155 RAMP61 & HWY417 IC145 RAMP56,344363.4059,5015435,-75.99573199,45.27775804,2016-03-31,3:10,02 - Rain,02 - Wet,10 - No control,01 - Non intersection,07 - Dark,03 - P.D. only,07 - SMV other,Stittsville - Basswood
7026,HIGHWAY 417 btwn HWY417 IC155 RAMP61 & HWY417 IC145 RAMP56,344367.1885,5015438.098,-75.99568353,45.2777857,2016-03-28,7:20,02 - Rain,02 - Wet,10 - No control,01 - Non intersection,01 - Daylight,03 - P.D. only,07 - SMV other,Stittsville - Basswood
7027,HIGHWAY 417 btwn HWY417 IC155 RAMP61 & HWY417 IC145 RAMP56,344363.8942,5015436.115,-75.99572567,45.27776804,2016-03-15,17:50,01 - Clear,02 - Wet,10 - No control,01 - Non intersection,01 - Daylight,03 - P.D. only,07 - SMV other,Stittsville - Basswood
7028,HIGHWAY 417 btwn HWY417 IC155 RAMP61 & HWY417 IC145 RAMP56,344367.1708,5015439.391,-75.99568365,45.27779734,2016-06-13,21:45,01 - Clear,01 - Dry,10 - No control,01 - Non intersection,07 - Dark,03 - P.D. only,07 - SMV other,Stittsville - Basswood
7029,HIGHWAY 417 btwn HWY417 IC155 RAMP61 & HWY417 IC145 RAMP56,344371.2741,5015435.609,-75.99563165,45.27776307,2016-02-26,18:30,01 - Clear,01 - Dry,10 - No control,01 - Non intersection,07 - Dark,03 - P.D. only,07 - SMV other,Stittsville - Basswood
7030,HIGHWAY 417 btwn HWY417 IC155 RAMP61 & HWY417 IC145 RAMP56,346157.9081,5014858.231,-75.97290859,45.27246476,2016-02-20,9:30,02 - Rain,04 - Slush,10 - No control,01 - Non intersection,01 - Daylight,03 - P.D. only,07 - SMV other,Stittsville - Basswood
7031,HIGHWAY 417 btwn HWY417 IC155 RAMP61 & HWY417 IC145 RAMP56,344345.0713,5015464.978,-75.99596328,45.27802882,2016-12-15,21:30,01 - Clear,01 - Dry,10 - No control,01 - Non intersection,07 - Dark,03 - P.D. only,07 - SMV other,Carp - Hardwood Plains
7032,HIGHWAY 417 btwn HWY417 IC155 RAMP61 & HWY417 IC145 RAMP56,344388.5066,5015428.535,-75.99541259,45.27769845,2016-12-29,1:15,01 - Clear,01 - Dry,10 - No control,01 - Non intersection,07 - Dark,03 - P.D. only,07 - SMV other,Stittsville - Basswood
7033,HIGHWAY 417 btwn HWY417 IC163 RAMP15 & HWY417 IC155 RAMP51,336014.7366,5020225.64,-76.10183809,45.32128701,2016-02-24,20:13,02 - Rain,04 - Slush,10 - No control,01 - Non intersection,07 - Dark,02 - Non-fatal injury,07 - SMV other,Carp - Hardwood Plains
7034,HIGHWAY 417 btwn HWY417 IC163 RAMP15 & HWY417 IC155 RAMP51,331297.5743,5021454.995,-76.16194126,45.33254333,2016-06-09,13:30,01 - Clear,01 - Dry,10 - No control,01 - Non intersection,01 - Daylight,02 - Non-fatal injury,07 - SMV other,Carp - Hardwood Plains
7035,HIGHWAY 417 btwn HWY417 IC163 RAMP15 & HWY417 IC155 RAMP51,331282.64,5021459.399,-76.16213156,45.33258352,2016-03-26,12:14,01 - Clear,01 - Dry,10 - No control,01 - Non intersection,01 - Daylight,02 - Non-fatal injury,07 - SMV other,Car
7036,HIGHWAY 417 btwn HWY417 IC163 RAMP15 & HWY417 IC155 RAMP51,331378.9861,5021437.811,-76.16090354,45.33238562,2016-01-07,21:45,01 - Clear,01 - Dry,10 - No control,01 - Non intersection,07 - Dark,03 - P.D. only,07 - SMV other,Carp - Hardwood Plains
7037,HIGHWAY 417 btwn HWY417 IC163 RAMP15 & HWY417 IC155 RAMP51,336074.5625,5020204.489,-76.10107633,45.32109402,2016-07-07,7:10,01 - Clear,01 - Dry,10 - No control,01 - Non intersection,01 - Daylight,03 - P.D. only,07 - SMV other,Carp - Hardwood Plains
7038,HIGHWAY 417 btwn HWY417 IC163 RAMP15 & HWY417 IC155 RAMP51,336018.9365,5020220.437,-76.10178484,45.32124001,2016-02-24,6:15,03 - Snow,03 - Loose snow,10 - No control,01 - Non intersection,07 - Dark,03 - P.D. only,07 - SMV other,Carp - Hardwood Plains
7039,HIGHWAY 417 btwn HWY417 IC163 RAMP15 & HWY417 IC155 RAMP51,331315.0458,5021449.668,-76.16171865,45.33249473,2016-07-17,21:45,01 - Clear,01 - Dry,10 - No control,01 - Non intersection,07 - Dark,03 - P.D. only,07 - SMV other,Carp - Hardwood Plains
7040,HIGHWAY 417 btwn HWY417 IC163 RAMP15 & HWY417 IC155 RAMP51,336076.4482,5020203.015,-76.10105237,45.32108067,2016-07-13,16:50,02 - Rain,02 - Wet,10 - No control,01 - Non intersection,01 - Daylight,03 - P.D. only,07 - SMV other,Carp - Hardwood Plains
7041,HIGHWAY 417 btwn HWY417 IC163 RAMP15 & HWY417 IC155 RAMP51,331293.4326,5021455.573,-76.16199407,45.33254869,2016-12-10,17:10,01 - Clear,01 - Dry,10 - No control,01 - Non intersection,07 - Dark,03 - P.D. only,07 - SMV other,Carp - Hardwood Plains
7042,HIGHWAY 417 btwn HWY417 IC163 RAMP15 & HWY417 IC155 RAMP51,336018.7985,5020222.033,-76.1017865,45.32125437,2016-12-11,10:00,01 - Clear,01 - Dry,10 - No control,01 - Non intersection,01 - Daylight,03 - P.D. only,07 - SMV other,Carp - Hardwood Plains
7043,HIGHWAY 417 btwn HWY417 IC163 RAMP16 & HWY417 IC163 RAMP61,331519.4887,5021435.758,-76.15911114,45.33236181,2016-09-14,20:35,01 - Clear,01 - Dry,10 - No control,01 - Non intersection,07 - Dark,03 - P.D. only,07 - SMV other,Carp - Hardwood Plains
7044,HIGHWAY 417 btwn HWY417 IC163 RAMP16 & HWY417 IC169 RAMP61,331309.7618,5021497.333,-76.16178351,45.33292385,2016-01-13,0:40,01 - Clear,02 - Wet,10 - No control,01 - Non intersection,07 - Dark,02 - Non-fatal injury,07 - SMV other,Car
7045,HIGHWAY 417 btwn HWY417 IC163 RAMP16 & HWY417 IC169 RAMP61,329632.5505,5022036.839,-76.18315427,45.33783998,2016-01-06,12:40,01 - Clear,01 - Dry,10 - No control,01 - Non intersection,01 - Daylight,03 - P.D. only,07 - SMV other,Car
7046,HIGHWAY 417 btwn HWY417 IC163 RAMP16 & HWY417 IC169 RAMP61,331312.6694,5021497.874,-76.16174638,45.33292861,2016-01-30,0:23,01 - Clear,01 - Dry,10 - No control,01 - Non intersection,07 - Dark,03 - P.D. only,07 - SMV other,Car
7047,HIGHWAY 417 btwn HWY417 IC163 RAMP16 & HWY417 IC169 RAMP61,331309.3569,5021500.321,-76.16178851,45.33295075,2016-02-14,9:45,01 - Clear,05 - Packed snow,10 - No control,01 - Non intersection,01 - Daylight,03 - P.D. only,07 - SMV other,Car
7048,HIGHWAY 417 btwn HWY417 IC163 RAMP16 & HWY417 IC169 RAMP61,331300.9104,5021502.157,-76.16189618,45.33296759,2016-02-10,23:39,01 - Clear,01 - Dry,10 - No control,01 - Non intersection,07 - Dark,03 - P.D. only,07 - SMV other,Car
7049,HIGHWAY 417 btwn HWY417 IC163 RAMP16 & HWY417 IC169 RAMP61,331317.66,5021498.714,-76.16168267,45.33293598,2016-06-15,2:00,01 - Clear,01 - Dry,10 - No control,01 - Non intersection,07 - Dark,03 - P.D. only,07 - SMV other,Car
7050,HIGHWAY 417 btwn HWY417 IC163 RAMP16 & HWY417 IC169 RAMP61,331307.8193,5021500.009,-76.16180815,45.332948,2016-06-02,11:15,01 - Clear,02 - Wet,10 - No control,01 - Non intersection,01 - Daylight,03 - P.D. only,07 - SMV other,Car
7051,HIGHWAY 417 btwn HWY417 IC163 RAMP61 & HWY417 IC155 RAMP36,336118.7389,5020240.983,-76.10051054,45.32142044,2016-05-25,7:20,01 - Clear,01 - Dry,10 - No control,01 - Non intersection,01 - Daylight,02 - Non-fatal injury,07 - SMV other,Carp - Hardwood Plains
7052,HIGHWAY 417 btwn HWY417 IC163 RAMP61 & HWY417 IC155 RAMP36,336167.3199,5020236.066,-76.09989118,45.32137403,2016-08-24,16:45,01 - Clear,01 - Dry,10 - No control,01 - Non intersection,01 - Daylight,02 - Non-fatal injury,07 - SMV other,Carp - Hardwood Plains
7053,HIGHWAY 417 btwn HWY417 IC163 RAMP61 & HWY417 IC155 RAMP36,336124.0424,5020239.699,-76.10044297,45.32140865,2016-02-17,6:49,01 - Clear,06 - Ice,10 - No control,01 - Non intersection,03 - Dawn,03 - P.D. only,07 - SMV other,Carp - Hardwood Plains
7054,HIGHWAY 417 btwn HWY417 IC163 RAMP61 & HWY417 IC155 RAMP36,336156.0437,5020236.081,-76.10003502,45.32137467,2016-09-20,20:45,01 - Clear,01 - Dry,10 - No control,01 - Non intersection,07 - Dark,03 - P.D. only,07 - SMV other,Carp - Hardwood Plains
7055,HIGHWAY 417 btwn HWY417 IC163 RAMP61 & HWY417 IC155 RAMP36,336168.3058,5020219.533,-76.09987966,45.32122521,2016-09-02,19:15,01 - Clear,01 - Dry,10 - No control,01 - Non intersection,07 - Dark,03 - P.D. only,07 - SMV other,Carp - Hardwood Plains
7056,HIGHWAY 417 btwn HWY417 IC163 RAMP61 & HWY417 IC155 RAMP36,336160.3086,5020219.827,-76.09998164,45.32122822,2016-03-18,8:55,01 - Clear,01 - Dry,10 - No control,01 - Non intersection,01 - Daylight,03 - P.D. only,07 - SMV other,Carp - Hardwood Plains
7057,HIGHWAY 417 btwn HWY417 IC163 RAMP61 & HWY417 IC155 RAMP36,334863.1046,5020568.71,-76.11650665,45.3244244,2016-03-24,22:45,03 - Snow,03 - Loose snow,10 - No control,01 - Non intersection,07 - Dark,03 - P.D. only,07 - SMV other,Carp - Hardwood Plains
7058,HIGHWAY 417 btwn HWY417 IC169 RAMP25 & HWY417 IC163 RAMP51,328524.645,5022731.502,-76.19725684,45.34412929,2016-09-17,11:32,01 - Clear,01 - Dry,10 - No control,01 - Non intersection,01 - Daylight,03 - P.D. only,04 - Sideswipe,Car
7059,HIGHWAY 417 btwn HWY417 IC169 RAMP35 & HWY417 IC169 RAMP25,325546.6305,5024800.169,-76.23517116,45.36283874,2016-06-08,21:45,01 - Clear,01 - Dry,10 - No control,01 - Non intersection,07 - Dark,03 - P.D. only,03 - Rear end,Antrim
7060,HIGHWAY 417 btwn HWY417 IC169 RAMP35 & HWY417 IC169 RAMP25,325538.8726,5024802.123,-76.23527011,45.36285655,2016-06-22,16:45,01 - Clear,01 - Dry,10 - No control,01 - Non intersection,01 - Daylight,03 - P.D. only,07 - SMV other,Antrim
7061,HIGHWAY 417 btwn HWY417 IC169 RAMP51 & HWY417 IC169 RAMP35,325424.274,5024925.863,-76.23672777,45.36397341,2016-12-23,17:15,01 - Clear,01 - Dry,10 - No control,01 - Non intersection,07 - Dark,03 - P.D. only,07 - SMV other,Antrim
7062,HIGHWAY 417 btwn HWY417 IC180 RAMP35 & HWY417 IC169 RAMP51,321304.2283,5029309.252,-76.28917386,45.40352671,2016-03-25,1:05,03 - Snow,03 - Loose snow,10 - No control,01 - Non intersection,07 - Dark,03 - P.D. only,07 - SMV other,Mississipp
7063,HIGHWAY 417 btwn HWY417 IC180 RAMP61 & HWY417 IC169 RAMP36,321371.9136,5029304.49,-76.28830941,45.40348226,2016-06-29,22:00,01 - Clear,01 - Dry,10 - No control,01 - Non intersection,07 - Dark,03 - P.D. only,07 - SMV other,Mississipp
7064,HIGHWAY 417 btwn HWY417 IC88 RAMP15 & END,395296.747,5022448.218,-75.34535942,45.33614481,2016-07-06,18:58,01 - Clear,01 - Dry,10 - No control,01 - Non intersection,01 - Daylight,02 - Non-fatal injury,07 - SMV other,Navan - Vars
7065,HIGHWAY 417 btwn HWY417 IC88 RAMP15 & END,395335.8946,5022448.545,-75.34485998,45.3361427,2016-02-16,9:45,03 - Snow,03 - Loose snow,10 - No control,01 - Non intersection,01 - Daylight,03 - P.D. only,07 - SMV other,Navan - Vars
7066,HIGHWAY 417 btwn HWY417 IC88 RAMP15 & END,395319.7485,5022452.36,-75.34506525,45.3361791,2016-12-05,4:45,03 - Snow,03 - Loose snow,10 - No control,01 - Non intersection,07 - Dark,03 - P.D. only,07 - SMV other,Navan - Vars
7067,HIGHWAY 417 btwn HWY417 IC88 RAMP15 & END,395276.0764,5022446.716,-75.34562338,45.33613396,2016-04-03,10:15,01 - Clear,01 - Dry,10 - No control,01 - Non intersection,01 - Daylight,03 - P.D. only,07 - SMV other,Navan - Vars
7068,HIGHWAY 417 btwn HWY417 IC96 RAMP51 & HIGHWAY 417,387341.5912,5023847.045,-75.44660714,45.34971119,2016-02-16,7:30,03 - Snow,03 - Loose snow,10 - No control,01 - Non intersection,01 - Daylight,02 - Non-fatal injury,07 - SMV other,Greenbelt
7069,HIGHWAY 417 btwn HWY417 IC96 RAMP51 & HIGHWAY 417,387385.4406,5023840.255,-75.44604876,45.34964494,2016-02-16,8:45,03 - Snow,03 - Loose snow,10 - No control,01 - Non intersection,01 - Daylight,03 - P.D. only,04 - Sideswipe,Greenbelt
7070,HIGHWAY 417 btwn HWY417 IC96 RAMP51 & HIGHWAY 417,387396.8812,5023837.712,-75.44590321,45.34962071,2016-02-19,19:30,03 - Snow,03 - Loose snow,10 - No control,01 - Non intersection,07 - Dark,03 - P.D. only,07 - SMV other,Greenbelt
7071,HIGHWAY 417 btwn HWY417 IC96 RAMP51 & HIGHWAY 417,387347.1965,5023837.812,-75.44653716,45.34962746,2016-10-09,9:45,01 - Clear,01 - Dry,10 - No control,01 - Non intersection,01 - Daylight,03 - P.D. only,07 - SMV other,Greenbelt
7072,HIGHWAY 417 btwn HWY417 IC96 RAMP51 & HIGHWAY 417,387332.8933,5023849.421,-75.44671773,45.34973359,2016-10-12,6:15,01 - Clear,01 - Dry,10 - No control,01 - Non intersection,03 - Dawn,03 - P.D. only,04 - Sideswipe,Greenbelt
7073,HIGHWAY 417 btwn HWY417 IC96 RAMP51 & HIGHWAY 417,387199.7142,5023871.988,-75.44841331,45.34995229,2016-09-25,13:00,01 - Clear,01 - Dry,10 - No control,01 - Non intersection,01 - Daylight,03 - P.D. only,04 - Sideswipe,Greenbelt
7074,HIGHWAY 417 btwn HWY417 IC96 RAMP51 & HIGHWAY 417,387377.5072,5023837.812,-75.4461504,45.34962389,2016-12-05,4:30,03 - Snow,03 - Loose snow,10 - No control,01 - Non intersection,07 - Dark,03 - P.D. only,03 - Rear end,Greenbelt
7075,HIGHWAY 417 btwn HWY417 IC96 RAMP61 & HIGHWAY 417,387465.4084,5023877.216,-75.44502221,45.34996806,2016-01-11,16:40,01 - Clear,01 - Dry,10 - No control,01 - Non intersection,05 - Dusk,03 - P.D. only,07 - SMV other,Navan - Vars
7076,HIGHWAY 417 btwn HWY417 IC96 RAMP61 & HIGHWAY 417,387480.5637,5023874.185,-75.44482934,45.349939,2016-01-18,11:30,01 - Clear,01 - Dry,10 - No control,01 - Non intersection,01 - Daylight,03 - P.D. only,06 - SMV unattended vehicle,Navan - Vars
7077,HIGHWAY 417 btwn HWY417 IC96 RAMP61 & HIGHWAY 417,387478.5873,5023869.273,-75.44485538,45.34989504,2016-02-13,20:15,03 - Snow,03 - Loose snow,10 - No control,01 - Non intersection,07 - Dark,03 - P.D. only,07 - SMV other,Navan - Vars
7078,HIGHWAY 417 btwn HWY417 IC96 RAMP61 & HIGHWAY 417,387461.3378,5023870.453,-75.44507529,45.34990769,2016-02-12,8:11,03 - Snow,03 - Loose snow,10 - No control,01 - Non intersection,01 - Daylight,03 - P.D. only,07 - SMV other,Navan - Vars
7079,HIGHWAY 417 btwn HWY417 IC96 RAMP61 & HIGHWAY 417,387461.9177,5023871.174,-75.44506777,45.34991411,2016-03-30,14:46,01 - Clear,01 - Dry,10 - No control,01 - Non intersection,01 - Daylight,03 - P.D. only,07 - SMV other,Navan - Vars
7080,HIGHWAY 417 btwn HWY417 IC96 RAMP61 & HIGHWAY 417,387426.0848,5023878.954,-75.44552369,45.34998833,2016-06-15,7:30,01 - Clear,01 - Dry,10 - No control,01 - Non intersection,01 - Daylight,03 - P.D. only,07 - SMV other,Navan - Vars
7081,HIGHWAY 417 btwn HWY417 IC96 RAMP61 & HIGHWAY 417,387456.6584,5023875.919,-75.44513408,45.34995742,2016-02-04,10:00,01 - Clear,01 - Dry,10 - No control,01 - Non intersection,01 - Daylight,03 - P.D. only,07 - SMV other,Navan - Vars
7082,HIGHWAY 417 btwn HWY417 IC96 RAMP61 & HIGHWAY 417,387509.3903,5023862.365,-75.4444635,45.34982926,2016-12-26,13:56,04 - Freezing Rain,06 - Ice,10 - No control,01 - Non intersection,01 - Daylight,03 - P.D. only,07 - SMV other,Navan - Vars
7083,HIGHWAY 417 btwn HWY417 IC96 RAMP61 & HWY417 IC88 RAMP16,395324.6852,5022492.637,-75.34499491,45.33654083,2016-01-26,8:00,01 - Clear,02 - Wet,10 - No control,01 - Non intersection,01 - Daylight,02 - Non-fatal injury,07 - SMV other,Navan - Vars
7084,HIGHWAY 417 btwn HWY417 IC96 RAMP61 & HWY417 IC88 RAMP16,392487.1586,5022889.702,-75.38112152,45.34047356,2016-09-05,16:20,01 - Clear,01 - Dry,10 - No control,01 - Non intersection,01 - Daylight,02 - Non-fatal injury,07 - SMV other,Navan - Vars
7085,HIGHWAY 417 btwn HWY417 IC96 RAMP61 & HWY417 IC88 RAMP16,392506.611,5022899.795,-75.38087156,45.34056193,2016-01-11,6:45,01 - Clear,02 - Wet,10 - No control,01 - Non intersection,07 - Dark,03 - P.D. only,04 - Sideswipe,Navan - Vars
7086,HIGHWAY 417 btwn HWY417 IC96 RAMP61 & HWY417 IC88 RAMP16,392326.5615,5022925.57,-75.38316398,45.34081632,2016-02-09,22:40,03 - Snow,02 - Wet,10 - No control,01 - Non intersection,07 - Dark,03 - P.D. only,07 - SMV other,Navan - Vars
7087,HIGHWAY 417 btwn HWY417 IC96 RAMP61 & HWY417 IC88 RAMP16,392287.9105,5022941.772,-75.38365421,45.34096691,2016-02-06,9:34,03 - Snow,03 - Loose snow,10 - No control,01 - Non intersection,01 - Daylight,03 - P.D. only,07 - SMV other,Navan - Vars
7088,HIGHWAY 417 btwn HWY417 IC96 RAMP61 & HWY417 IC88 RAMP16,392332.8898,5022923.251,-75.38308366,45.34079466,2016-02-06,8:05,01 - Clear,06 - Ice,10 - No control,01 - Non intersection,01 - Daylight,03 - P.D. only,07 - SMV other,Navan - Vars
7089,HIGHWAY 417 btwn HWY417 IC96 RAMP61 & HWY417 IC88 RAMP16,395321.6932,5022490.46,-75.34503347,45.33652163,2016-05-31,6:00,01 - Clear,01 - Dry,10 - No control,01 - Non intersection,01 - Daylight,03 - P.D. only,07 - SMV other,Navan - Vars
7090,HIGHWAY 417 btwn HWY417 IC96 RAMP61 & HWY417 IC88 RAMP16,392391.8753,5022909.478,-75.38233359,45.34066339,2016-09-03,3:40,01 - Clear,01 - Dry,10 - No control,01 - Non intersection,07 - Dark,03 - P.D. only,07 - SMV other,Navan - Vars
7091,HIGHWAY 417 btwn HWY417 IC96 RAMP61 & HWY417 IC88 RAMP16,392387.9586,5022913.296,-75.38238288,45.34069823,2016-07-02,10:15,01 - Clear,01 - Dry,10 - No control,01 - Non intersection,01 - Daylight,03 - P.D. only,07 - SMV other,Navan - Vars
7092,HIGHWAY 417 btwn HWY417 IC96 RAMP61 & HWY417 IC88 RAMP16,392444.5436,5022905.272,-75.38166242,45.34061897,2016-08-03,10:50,01 - Clear,01 - Dry,10 - No control,01 - Non intersection,01 - Daylight,03 - P.D. only,03 - Rear end,Navan - Vars
7093,HIGHWAY 417 btwn HWY417 IC96 RAMP61 & HWY417 IC88 RAMP16,392417.5382,5022907.741,-75.3820065,45.34064455,2016-02-25,17:17,03 - Snow,03 - Loose snow,10 - No control,01 - Non intersection,01 - Daylight,03 - P.D. only,07 - SMV other,Navan - Vars
7094,HIGHWAY 417 btwn RAMP & HWY417 IC129 RAMP76,359858.0802,5023171.613,-75.7973928,45.34632987,2016-10-14,5:30,01 - Clear,01 - Dry,10 - No control,01 - Non intersection,07 - Dark,03 - P.D. only,04 - Sideswipe,Whitehaven - Queensway Terrace North
7095,HIGHWAY 417 btwn RAMP & HWY417 IC129 RAMP76,360186.4818,5023347.284,-75.79318265,45.3478847,2016-10-05,12:20,01 - Clear,01 - Dry,10 - No control,01 - Non intersection,01 - Daylight,03 - P.D. only,04 - Sideswipe,Whitehaven - Queensway Terrace North
7096,HIGHWAY 417 btwn RAMP & HWY417 IC129 RAMP76,359844.6895,5023168.265,-75.79756404,45.3463008,2016-12-18,8:19,03 - Snow,03 - Loose snow,10 - No control,01 - Non intersection,01 - Daylight,03 - P.D. only,07 - SMV other,Whitehaven - Queensway Terrace North
7097,HIGHWAY 417 btwn RAMP & HWY417 IC88 RAMP51,392282.6189,5022902.084,-75.38372873,45.34061049,2016-02-06,8:54,03 - Snow,03 - Loose snow,10 - No control,01 - Non intersection,01 - Daylight,02 - Non-fatal injury,07 - SMV other,Navan - Vars
7098,HIGHWAY 417 btwn RAMP & HWY417 IC88 RAMP51,392209.8412,5022904.292,-75.3846568,45.34063943,2016-01-13,1:05,03 - Snow,05 - Packed snow,10 - No control,01 - Non intersection,07 - Dark,03 - P.D. only,07 - SMV other,Navan - Vars
7099,HIGHWAY 417 btwn RAMP & HWY417 IC88 RAMP51,392306.7284,5022888.623,-75.38342354,45.34048638,2016-01-21,3:10,01 - Clear,01 - Dry,10 - No control,01 - Non intersection,07 - Dark,03 - P.D. only,07 - SMV other,Navan - Vars
7100,HIGHWAY 417 btwn RAMP & HWY417 IC88 RAMP51,392265.5926,5022900.986,-75.38394614,45.34060274,2016-03-31,15:00,01 - Clear,01 - Dry,10 - No control,01 - Non intersection,01 - Daylight,03 - P.D. only,04 - Sideswipe,Navan - Vars
7101,HIGHWAY 417 btwn RAMP & HWY417 IC88 RAMP51,392290.5564,5022894.147,-75.38362887,45.3405381,2016-02-06,9:00,03 - Snow,06 - Ice,10 - No control,01 - Non intersection,01 - Daylight,03 - P.D. only,07 - SMV other,Navan - Vars