Record,Location,X,Y,lon,lat,Date,Time,Environment,Road_Surface,Traffic_Control,Collision_Location,Light,Collision_Classification,Impact_type,Neighborhood
7102,HIGHWAY 417 btwn RAMP & HWY417 IC88 RAMP51,392290.0733,5022888.198,-75.38363609,45.34048463,2016-05-20,21:10,01 - Clear,01 - Dry,10 - No control,01 - Non intersection,07 - Dark,03 - P.D. only,07 - SMV other,Navan - Vars
7103,HIGHWAY 417 btwn RAMP & HWY417 IC88 RAMP51,392414.4842,5022878.618,-75.38205062,45.34038292,2016-08-05,17:15,01 - Clear,01 - Dry,10 - No control,01 - Non intersection,01 - Daylight,03 - P.D. only,03 - Rear end,Navan - Vars
7104,HIGHWAY 417 btwn RAMP & HWY417 IC88 RAMP51,392352.8891,5022872.691,-75.38283746,45.34033728,2016-12-17,11:31,03 - Snow,03 - Loose snow,10 - No control,01 - Non intersection,01 - Daylight,03 - P.D. only,07 - SMV other,Navan - Vars
7105,HIGHWAY 417 btwn RAMP & HWY417 IC88 RAMP51,392236.2632,5022905.272,-75.38431955,45.34064496,2016-12-31,23:20,03 - Snow,03 - Loose snow,10 - No control,01 - Non intersection,07 - Dark,03 - P.D. only,07 - SMV other,Navan - Vars
7106,HIGHWAY 417 btwn RAMP & HWY417 IC88 RAMP51,392273.3118,5022910.004,-75.38384607,45.34068291,2016-12-26,18:25,04 - Freezing Rain,06 - Ice,10 - No control,01 - Non intersection,07 - Dark,03 - P.D. only,07 - SMV other,Navan - Vars
7107,HIGHWAY 417 btwn REGIONAL ROAD 174 & HWY417 IC113 RAMP62,373284.8423,5031731.714,-75.62488169,45.42216754,2016-01-12,5:35,01 - Clear,01 - Dry,10 - No control,01 - Non intersection,07 - Dark,03 - P.D. only,03 - Rear end,Pineview
7108,HIGHWAY 417 btwn REGIONAL ROAD 174 & HWY417 IC113 RAMP62,373294.9366,5031734.837,-75.62475228,45.42219465,2016-01-05,8:45,01 - Clear,01 - Dry,10 - No control,01 - Non intersection,01 - Daylight,03 - P.D. only,03 - Rear end,Pineview
7109,HIGHWAY 417 btwn REGIONAL ROAD 174 & HWY417 IC113 RAMP62,373538.5734,5031851.181,-75.62162316,45.42321756,2016-02-10,7:50,03 - Snow,02 - Wet,10 - No control,01 - Non intersection,01 - Daylight,03 - P.D. only,04 - Sideswipe,Pineview
7110,HIGHWAY 417 btwn REGIONAL ROAD 174 & HWY417 IC113 RAMP62,373281.3965,5031729.587,-75.62492601,45.42214874,2016-09-07,7:31,01 - Clear,01 - Dry,10 - No control,01 - Non intersection,01 - Daylight,03 - P.D. only,04 - Sideswipe,Pineview
7111,HIGHWAY 417 btwn REGIONAL ROAD 174 & HWY417 IC113 RAMP62,373281.2386,5031729.619,-75.62492803,45.42214904,2016-05-29,12:45,01 - Clear,01 - Dry,10 - No control,01 - Non intersection,01 - Daylight,03 - P.D. only,07 - SMV other,Pineview
7112,HIGHWAY 417 btwn REGIONAL ROAD 174 & HWY417 IC113 RAMP62,373289.5793,5031732.914,-75.624821,45.42217787,2016-05-30,7:15,01 - Clear,01 - Dry,10 - No control,01 - Non intersection,01 - Daylight,03 - P.D. only,03 - Rear end,Pineview
7113,HIGHWAY 417 btwn REGIONAL ROAD 174 & HWY417 IC113 RAMP62,373290.2507,5031731.109,-75.62481267,45.42216156,2016-06-03,8:30,01 - Clear,01 - Dry,10 - No control,01 - Non intersection,01 - Daylight,03 - P.D. only,04 - Sideswipe,Pineview
7114,HIGHWAY 417 btwn REGIONAL ROAD 174 & HWY417 IC113 RAMP62,373348.8358,5031762.153,-75.62405982,45.42243515,2016-12-14,16:10,01 - Clear,01 - Dry,10 - No control,01 - Non intersection,05 - Dusk,03 - P.D. only,04 - Sideswipe,Pineview
7115,HIGHWAY 417 btwn REGIONAL ROAD 174 & HWY417 IC113 RAMP62,373524.4155,5031844.065,-75.62180505,45.42315492,2016-05-03,14:21,01 - Clear,01 - Dry,10 - No control,01 - Non intersection,01 - Daylight,03 - P.D. only,04 - Sideswipe,Pineview
7116,HIGHWAY 417 btwn REGIONAL ROAD 174 & HWY417 IC113 RAMP85,373756.1884,5031786.56,-75.61885174,45.42261471,2016-02-16,16:50,03 - Snow,03 - Loose snow,10 - No control,01 - Non intersection,01 - Daylight,02 - Non-fatal injury,04 - Sideswipe,Pineview
7117,HIGHWAY 417 btwn REGIONAL ROAD 174 & HWY417 IC113 RAMP85,373528.2142,5031788.389,-75.62176428,45.4226536,2016-03-13,3:45,01 - Clear,01 - Dry,10 - No control,01 - Non intersection,07 - Dark,03 - P.D. only,07 - SMV other,Pineview
7118,HIGHWAY 417 btwn REGIONAL ROAD 174 & HWY417 IC113 RAMP85,373381.6333,5031744.015,-75.6236433,45.42226873,2016-08-31,15:05,01 - Clear,01 - Dry,10 - No control,01 - Non intersection,01 - Daylight,03 - P.D. only,07 - SMV other,Pineview
7119,HIGHWAY 417 btwn REGIONAL ROAD 174 & HWY417 IC113 RAMP85,373606.0604,5031796.025,-75.62076858,45.42271466,2016-02-22,16:50,01 - Clear,01 - Dry,10 - No control,01 - Non intersection,"02 - Daylight, artificial",03 - P.D. only,04 - Sideswipe,Pineview
7120,HIGHWAY 417 btwn TRANSIT & HWY417 IC127 RAMP35,362033.8964,5024753.707,-75.76944586,45.36039128,2016-09-16,10:40,01 - Clear,01 - Dry,10 - No control,01 - Non intersection,01 - Daylight,03 - P.D. only,03 - Rear end,Iris
7121,HIGHWAY 7 btwn ASHTON STATION RD & OVERPASS RD,340065.4816,5003826.573,-76.05133324,45.17352726,2016-12-26,17:00,04 - Freezing Rain,06 - Ice,10 - No control,01 - Non intersection,07 - Dark,03 - P.D. only,07 - SMV other,Munster Hamlet - Richmond
7122,HIGHWAY 7 btwn ASHTON STATION RD & OVERPASS RD,340013.3077,5003803.83,-76.05199861,45.17332521,2016-12-26,17:00,04 - Freezing Rain,06 - Ice,10 - No control,01 - Non intersection,07 - Dark,03 - P.D. only,07 - SMV other,Munster Hamlet - Richmond
7123,HIGHWAY 7 btwn DWYER HILL RD & UPPER DWYER HILL RD,340972.0624,5007166.914,-76.03955731,45.20353988,2016-02-29,6:35,04 - Freezing Rain,02 - Wet,10 - No control,01 - Non intersection,07 - Dark,02 - Non-fatal injury,07 - SMV other,Munster Hamlet - Richmond
7124,HIGHWAY 7 btwn DWYER HILL RD & UPPER DWYER HILL RD,340974.8163,5007183.369,-76.03952106,45.20368781,2016-01-31,6:25,01 - Clear,01 - Dry,10 - No control,01 - Non intersection,07 - Dark,03 - P.D. only,07 - SMV other,Munster Hamlet - Richmond
7125,HIGHWAY 7 btwn HAZELDEAN IC RAMP 53 & HIGHWAY 7,342367.2757,5008438.578,-76.02170202,45.21491007,2016-05-27,23:35,01 - Clear,01 - Dry,10 - No control,01 - Non intersection,07 - Dark,03 - P.D. only,07 - SMV other,Munster Hamlet - Richmond
7126,HIGHWAY 7 btwn HWY 7 HAZELDEAN RD IC RAMP 34 & HAZELDEAN RD IC RAMP 63,346364.6015,5012325.16,-75.97048639,45.24965892,2016-01-18,0:45,03 - Snow,03 - Loose snow,10 - No control,01 - Non intersection,"08 - Dark, artificial",03 - P.D. only,07 - SMV other,Stittsville - Basswood
7127,HIGHWAY 7 btwn HWY 7 HAZELDEAN RD IC RAMP 34 & HAZELDEAN RD IC RAMP 63,346363.3752,5012322.869,-75.9705022,45.24963837,2016-04-06,7:47,03 - Snow,03 - Loose snow,10 - No control,01 - Non intersection,01 - Daylight,03 - P.D. only,07 - SMV other,Stittsville - Basswood
7128,HIGHWAY 7 btwn HWY 7 HAZELDEAN RD IC RAMP 52 & HAZELDEAN RD IC RAMP 62,346409.1982,5012358.049,-75.96991552,45.24995223,2016-01-27,5:55,01 - Clear,04 - Slush,10 - No control,01 - Non intersection,07 - Dark,02 - Non-fatal injury,07 - SMV other,Stittsville - Basswood
7129,HIGHWAY 7 btwn HWY 7 HAZELDEAN RD IC RAMP 52 & HAZELDEAN RD IC RAMP 62,346404.4211,5012341.357,-75.96997777,45.24980231,2016-05-11,18:00,01 - Clear,01 - Dry,10 - No control,01 - Non intersection,01 - Daylight,02 - Non-fatal injury,07 - SMV other,Stittsville - Basswood
7130,HIGHWAY 7 btwn HWY 7 HAZELDEAN RD IC RAMP 52 & HAZELDEAN RD IC RAMP 62,346403.0713,5012319.085,-75.96999683,45.24960198,2016-05-31,17:30,01 - Clear,01 - Dry,10 - No control,01 - Non intersection,01 - Daylight,02 - Non-fatal injury,07 - SMV other,Stittsville - Basswood
7131,HIGHWAY 7 btwn HWY 7 HAZELDEAN RD IC RAMP 52 & HAZELDEAN RD IC RAMP 62,346402.0859,5012314.638,-75.97000976,45.24956202,2016-07-17,7:50,01 - Clear,01 - Dry,10 - No control,01 - Non intersection,01 - Daylight,02 - Non-fatal injury,07 - SMV other,Stittsville - Basswood
7132,HIGHWAY 7 btwn HWY 7 HAZELDEAN RD IC RAMP 52 & HAZELDEAN RD IC RAMP 62,346402.3964,5012320.435,-75.97000532,45.24961417,2016-06-22,5:28,01 - Clear,01 - Dry,10 - No control,01 - Non intersection,03 - Dawn,03 - P.D. only,07 - SMV other,Stittsville - Basswood
7133,HIGHWAY 7 btwn HWY 7 HAZELDEAN RD IC RAMP 63 & HAZELDEAN RD,346357.8034,5012293.076,-75.97057567,45.24937061,2016-02-03,7:45,04 - Freezing Rain,06 - Ice,10 - No control,01 - Non intersection,03 - Dawn,03 - P.D. only,07 - SMV other,Stittsville - Basswood
7134,HIGHWAY 7 btwn HWY 7 HAZELDEAN RD IC RAMP 63 & HAZELDEAN RD,346360.4795,5012299.169,-75.97054107,45.24942528,2016-07-06,15:14,02 - Rain,02 - Wet,10 - No control,01 - Non intersection,01 - Daylight,03 - P.D. only,07 - SMV other,Stittsville - Basswood
7135,HIGHWAY 7 btwn HWY 7 HAZELDEAN RD IC RAMP 63 & HAZELDEAN RD,346360.4795,5012302.903,-75.97054076,45.24945888,2016-07-06,16:00,02 - Rain,02 - Wet,10 - No control,01 - Non intersection,01 - Daylight,03 - P.D. only,03 - Rear end,Stittsville - Basswood
7136,HIGHWAY 7 btwn HWY417 IC145 RAMP55 & RAMP,346304.4044,5013211.437,-75.97117923,45.25763758,2016-09-28,18:59,01 - Clear,01 - Dry,10 - No control,01 - Non intersection,01 - Daylight,03 - P.D. only,07 - SMV other,Stittsville - Basswood
7137,HIGHWAY 7 btwn RAMP & DWYER HILL RD,340921.667,5007117.524,-76.04020237,45.20309802,2016-05-04,6:30,01 - Clear,01 - Dry,10 - No control,01 - Non intersection,01 - Daylight,03 - P.D. only,07 - SMV other,Munster Hamlet - Richmond
7138,HIGHWAY 7 btwn TO BE DETERMINED & RAMP,345837.9628,5011402.995,-75.97727135,45.24139176,2016-08-09,3:20,01 - Clear,01 - Dry,10 - No control,01 - Non intersection,07 - Dark,03 - P.D. only,07 - SMV other,Stittsville - Basswood
7139,HIGHWAY 7 btwn UPPER DWYER HILL RD & HIGHWAY 7,341194.9842,5007379.772,-76.03670423,45.20544383,2016-12-14,17:02,01 - Clear,01 - Dry,10 - No control,01 - Non intersection,07 - Dark,02 - Non-fatal injury,07 - SMV other,Munster Hamlet - Richmond
7140,HIGHWAY 7 btwn UPPER DWYER HILL RD & HIGHWAY 7,341072.412,5007274.395,-76.03827216,45.2045019,2016-04-01,19:52,01 - Clear,01 - Dry,10 - No control,01 - Non intersection,05 - Dusk,03 - P.D. only,07 - SMV other,Munster Hamlet - Richmond
7141,HIGHWAY 7 btwn UPPER DWYER HILL RD & HIGHWAY 7,341099.7859,5007298.812,-76.03792193,45.20472021,2016-02-12,17:35,03 - Snow,03 - Loose snow,10 - No control,01 - Non intersection,"06 - Dusk, artificial",03 - P.D. only,07 - SMV other,Munster Hamlet - Richmond
7142,HIGHWAY 7 btwn UPPER DWYER HILL RD & HIGHWAY 7,341111.8187,5007330.353,-76.03776647,45.20500342,2016-06-21,7:53,01 - Clear,01 - Dry,10 - No control,01 - Non intersection,01 - Daylight,03 - P.D. only,04 - Sideswipe,Munster Hamlet - Richmond
7143,HIGHWAY 7 btwn UPPER DWYER HILL RD & HIGHWAY 7,341013.0095,5007219.775,-76.03903226,45.20401345,2016-06-24,22:08,01 - Clear,01 - Dry,10 - No control,01 - Non intersection,07 - Dark,03 - P.D. only,07 - SMV other,Munster Hamlet - Richmond
7144,HIGHWAY 7 btwn UPPER DWYER HILL RD & HIGHWAY 7,341112.9157,5007337.523,-76.03775198,45.20506788,2016-10-11,22:30,01 - Clear,01 - Dry,10 - No control,01 - Non intersection,07 - Dark,03 - P.D. only,07 - SMV other,Munster Hamlet - Richmond
7145,HIGHWAY 7 WB btwn HIGHWAY 417 HWY 7 RAMP 66/76 & HIGHWAY 7 HAZELDEAN IC RAMP 34,346142.1437,5013950.348,-75.97318507,45.26429618,2016-09-17,23:50,02 - Rain,02 - Wet,10 - No control,01 - Non intersection,07 - Dark,03 - P.D. only,07 - SMV other,Stittsville - Basswood
7146,HILLIARD AVE btwn LIPSTAN AVE & OAKWOOD AVE,366202.9578,5025709.39,-75.71611653,45.36863758,2016-05-25,12:29,01 - Clear,01 - Dry,10 - No control,01 - Non intersection,01 - Daylight,03 - P.D. only,07 - SMV other,Cityview - Skyline - Fisher Heights
7147,HILLSIDE DR @ MONTREAL RD,371705.0356,5033894.357,-75.64477275,45.44177887,2016-06-16,18:30,01 - Clear,01 - Dry,02 - Stop sign,02 - Intersection related,01 - Daylight,03 - P.D. only,03 - Rear end,Cummings
7148,HILSON AVE @ BYRON AVE,363969.0296,5028477.307,-75.74430107,45.39373501,2016-12-21,13:43,01 - Clear,01 - Dry,02 - Stop sign,03 - At intersection,01 - Daylight,03 - P.D. only,02 - Angle,Westboro
7149,HILSON AVE @ CLARE ST,364171.3183,5028017.771,-75.74177299,45.38958307,2016-07-06,9:37,01 - Clear,01 - Dry,02 - Stop sign,02 - Intersection related,01 - Daylight,03 - P.D. only,99 - Other,Westboro
7150,HINCHEY AVE @ SCOTT ST,365087.6034,5029810.344,-75.72985314,45.40563398,2016-08-31,2:36,01 - Clear,01 - Dry,02 - Stop sign,02 - Intersection related,07 - Dark,03 - P.D. only,07 - SMV other,Mechanicsville
7151,HINCHEY AVE @ SCOTT ST,365088.4674,5029808.545,-75.72984233,45.40561772,2016-12-01,20:19,01 - Clear,02 - Wet,02 - Stop sign,02 - Intersection related,07 - Dark,03 - P.D. only,04 - Sideswipe,Mechanicsville
7152,HINCKS LANE @ RIVERSIDE DR,370166.7159,5030206.009,-75.66492398,45.40873814,2016-01-06,11:00,01 - Clear,01 - Dry,01 - Traffic signal,02 - Intersection related,01 - Daylight,02 - Non-fatal injury,03 - Rear end,Industrial Park
7153,HINCKS LANE @ RIVERSIDE DR,370166.599,5030205.661,-75.66492552,45.40873502,2016-01-27,11:51,01 - Clear,02 - Wet,01 - Traffic signal,02 - Intersection related,01 - Daylight,03 - P.D. only,03 - Rear end,Industrial Park
7154,HINCKS LANE @ RIVERSIDE DR,370166.4964,5030205.346,-75.66492687,45.4087322,2016-01-27,13:15,01 - Clear,01 - Dry,01 - Traffic signal,02 - Intersection related,01 - Daylight,03 - P.D. only,03 - Rear end,Industrial Park
7155,HINCKS LANE @ RIVERSIDE DR,370166.4886,5030205.566,-75.66492695,45.40873418,2016-07-13,11:22,01 - Clear,01 - Dry,01 - Traffic signal,02 - Intersection related,01 - Daylight,03 - P.D. only,03 - Rear end,Industrial Park
7156,HINES RD @ SOLANDT RD,350331.0175,5022568.193,-75.91901816,45.34158332,2016-04-06,17:48,03 - Snow,03 - Loose snow,10 - No control,03 - At intersection,01 - Daylight,03 - P.D. only,02 - Angle,South March
7157,HINTON AVE   N btwn ARMSTRONG ST & WELLINGTON ST W,365001.8411,5029200.364,-75.73102308,45.40015289,2016-10-07,14:35,01 - Clear,01 - Dry,10 - No control,01 - Non intersection,01 - Daylight,03 - P.D. only,04 - Sideswipe,Islan
7158,HOBART CRES btwn ESTELLE CRES & JANSEN RD (2),360108.5068,5020971.337,-75.79444322,45.32651207,2016-07-18,8:32,01 - Clear,01 - Dry,10 - No control,01 - Non intersection,01 - Daylight,03 - P.D. only,06 - SMV unattended vehicle,Greenbelt
7159,HOBIN ST btwn WENDELL AVE & KYLE AVE,349073.8048,5014029.937,-75.93582214,45.26483393,2016-05-08,9:49,01 - Clear,01 - Dry,10 - No control,01 - Non intersection,01 - Daylight,03 - P.D. only,06 - SMV unattended vehicle,Crossing Bridge
7160,HOBSON RD btwn EGAN RD & END,368536.8259,5026153.006,-75.68626759,45.37242077,2016-06-20,8:55,01 - Clear,01 - Dry,10 - No control,01 - Non intersection,01 - Daylight,03 - P.D. only,04 - Sideswipe,Riverside Park
7161,HOCHELAGA ST btwn GULF PL & BERMUDA AVE,373042.8658,5034293.791,-75.62761825,45.44524346,2016-03-07,0:13,01 - Clear,01 - Dry,10 - No control,04 - At/near private drive,07 - Dark,03 - P.D. only,06 - SMV unattended vehicle,Carson Grove - Carson Meadows
7162,HOGARTH AVE btwn FENMORE ST & BANNON WAY,373006.4804,5023129.466,-75.62962683,45.34479533,2016-11-02,8:27,01 - Clear,01 - Dry,10 - No control,01 - Non intersection,01 - Daylight,02 - Non-fatal injury,03 - Rear end,Blossom Park - Blossom Park West - Sawmill Creek/ Timbermill
7163,HOG'S BACK RD btwn COLONEL BY DR & RIVERSIDE DR,367685.4603,5025929.682,-75.69716439,45.37048827,2016-06-20,16:00,01 - Clear,01 - Dry,10 - No control,01 - Non intersection,01 - Daylight,03 - P.D. only,03 - Rear end,Carleto
7164,HOG'S BACK RD btwn COLONEL BY DR & RIVERSIDE DR,367689.0679,5025932.388,-75.69711799,45.37051229,2016-05-31,16:54,01 - Clear,01 - Dry,10 - No control,01 - Non intersection,01 - Daylight,03 - P.D. only,03 - Rear end,Carleto
7165,HOG'S BACK RD btwn COLONEL BY DR & RIVERSIDE DR,367904.357,5026097.056,-75.69434871,45.37197458,2016-10-14,8:54,01 - Clear,01 - Dry,10 - No control,01 - Non intersection,01 - Daylight,03 - P.D. only,03 - Rear end,Riverside Park
7166,HOG'S BACK RD btwn COLONEL BY DR & RIVERSIDE DR,367852.5018,5026050.614,-75.6950166,45.37156138,2016-07-21,10:03,01 - Clear,01 - Dry,10 - No control,04 - At/near private drive,01 - Daylight,03 - P.D. only,02 - Angle,Riverside Park
7167,HOG'S BACK RD btwn PRINCE OF WALES DR & COLONEL BY DR,367381.065,5025699.165,-75.70107931,45.36844138,2016-10-18,14:43,01 - Clear,01 - Dry,10 - No control,01 - Non intersection,01 - Daylight,03 - P.D. only,04 - Sideswipe,Carleton Heights - Rideauview
7168,HOLITMAN DR btwn THARE CRES & FOXFIELD DR,363833.1175,5016973.888,-75.74740944,45.2902398,2016-11-14,17:19,01 - Clear,01 - Dry,10 - No control,01 - Non intersection,07 - Dark,03 - P.D. only,06 - SMV unattended vehicle,New Barrhaven
7169,HOLLAND AVE @ ISLAND PARK DR/N.C.C. DRIVEWAY,365426.3562,5027918.194,-75.72575868,45.38857958,2016-08-24,16:29,01 - Clear,01 - Dry,01 - Traffic signal,03 - At intersection,01 - Daylight,02 - Non-fatal injury,05 - Turning movement,Civic Hospital - Experimental Farm - Central Park
7170,HOLLAND AVE @ ISLAND PARK DR/N.C.C. DRIVEWAY,365425.9171,5027917.316,-75.72576439,45.38857172,2016-07-13,23:25,01 - Clear,01 - Dry,01 - Traffic signal,03 - At intersection,07 - Dark,02 - Non-fatal injury,05 - Turning movement,Civic Hospital - Experimental Farm - Central Park
7171,HOLLAND AVE @ ISLAND PARK DR/N.C.C. DRIVEWAY,365425.6313,5027917.073,-75.72576807,45.38856956,2016-10-05,9:45,01 - Clear,01 - Dry,01 - Traffic signal,03 - At intersection,01 - Daylight,02 - Non-fatal injury,02 - Angle,Civic Hospital - Experimental Farm - Central Park
7172,HOLLAND AVE @ ISLAND PARK DR/N.C.C. DRIVEWAY,365427.1506,5027916.06,-75.72574879,45.38856031,2016-06-08,10:14,01 - Clear,02 - Wet,01 - Traffic signal,02 - Intersection related,01 - Daylight,02 - Non-fatal injury,05 - Turning movement,Civic Hospital - Experimental Farm - Central Park
7173,HOLLAND AVE @ ISLAND PARK DR/N.C.C. DRIVEWAY,365424.5257,5027916.754,-75.72578223,45.38856678,2016-08-03,21:45,01 - Clear,01 - Dry,01 - Traffic signal,03 - At intersection,07 - Dark,03 - P.D. only,05 - Turning movement,Civic Hospital - Experimental Farm - Central Park
7174,HOLLAND AVE @ ISLAND PARK DR/N.C.C. DRIVEWAY,365426.2861,5027918.031,-75.72575959,45.38857812,2016-06-29,19:30,01 - Clear,01 - Dry,01 - Traffic signal,02 - Intersection related,01 - Daylight,03 - P.D. only,03 - Rear end,Civic Hospital - Experimental Farm - Central Park
7175,HOLLAND AVE @ ISLAND PARK DR/N.C.C. DRIVEWAY,365425.4703,5027917.081,-75.72577012,45.38856964,2016-03-04,15:15,01 - Clear,02 - Wet,01 - Traffic signal,03 - At intersection,01 - Daylight,03 - P.D. only,05 - Turning movement,Civic Hospital - Experimental Farm - Central Park
7176,HOLLAND AVE @ ISLAND PARK DR/N.C.C. DRIVEWAY,365426.22,5027917.097,-75.72576055,45.38856972,2016-08-31,15:29,01 - Clear,01 - Dry,01 - Traffic signal,03 - At intersection,01 - Daylight,03 - P.D. only,05 - Turning movement,Civic Hospital - Experimental Farm - Central Park
7177,HOLLAND AVE @ KENILWORTH ST,365214.0387,5028496.771,-75.72839903,45.39380384,2016-05-20,14:29,01 - Clear,01 - Dry,01 - Traffic signal,02 - Intersection related,01 - Daylight,03 - P.D. only,99 - Other,Civic Hospital - Experimental Farm - Central Park
7178,HOLLAND AVE @ RUSKIN ST,365279.9218,5028350.337,-75.72757561,45.39248057,2016-10-19,9:47,01 - Clear,01 - Dry,02 - Stop sign,02 - Intersection related,01 - Daylight,03 - P.D. only,05 - Turning movement,Civic Hospital - Experimental Farm - Central Park
7179,HOLLAND AVE @ SHERWOOD DR,365152.1851,5028646.485,-75.72917063,45.39515627,2016-12-07,20:25,03 - Snow,03 - Loose snow,02 - Stop sign,02 - Intersection related,07 - Dark,02 - Non-fatal injury,07 - SMV other,Civic Hospital - Experimental Farm - Central Park
7180,HOLLAND AVE @ TYNDALL ST,365031.4949,5028917.669,-75.73067886,45.39760672,2016-02-18,9:44,01 - Clear,06 - Ice,01 - Traffic signal,02 - Intersection related,01 - Daylight,03 - P.D. only,03 - Rear end,Island Park
7181,HOLLAND AVE @ TYNDALL ST,365032.0876,5028916.775,-75.7306714,45.39759862,2016-05-10,17:04,01 - Clear,01 - Dry,01 - Traffic signal,02 - Intersection related,01 - Daylight,03 - P.D. only,04 - Sideswipe,Island Park
7182,HOLLAND AVE @ TYNDALL ST,365031.4118,5028917.512,-75.73067994,45.39760531,2016-12-23,2:52,03 - Snow,03 - Loose snow,01 - Traffic signal,02 - Intersection related,07 - Dark,03 - P.D. only,03 - Rear end,Island Park
7183,HOLLAND AVE @ WELLINGTON ST,364929.025,5029152.427,-75.73195895,45.39972783,2016-05-17,13:55,01 - Clear,01 - Dry,01 - Traffic signal,03 - At intersection,01 - Daylight,02 - Non-fatal injury,05 - Turning movement,Island Park
7184,HOLLAND AVE @ WELLINGTON ST,364929.0196,5029153.1,-75.73195893,45.39973388,2016-07-25,18:39,01 - Clear,01 - Dry,01 - Traffic signal,03 - At intersection,01 - Daylight,02 - Non-fatal injury,03 - Rear end,Island Park
7185,HOLLAND AVE @ WELLINGTON ST,364929.0428,5029152.896,-75.73195866,45.39973204,2016-08-16,6:08,01 - Clear,01 - Dry,01 - Traffic signal,02 - Intersection related,03 - Dawn,03 - P.D. only,05 - Turning movement,Island Park
7186,HOLLAND AVE @ WELLINGTON ST,364930.7991,5029152.457,-75.73193628,45.39972794,2016-01-14,6:54,03 - Snow,03 - Loose snow,01 - Traffic signal,02 - Intersection related,07 - Dark,03 - P.D. only,03 - Rear end,Islan
7187,HOLLAND AVE @ WELLINGTON ST,364929.0428,5029153.774,-75.73195856,45.39973994,2016-11-17,13:29,01 - Clear,01 - Dry,01 - Traffic signal,03 - At intersection,01 - Daylight,03 - P.D. only,02 - Angle,Island Park
7188,HOLLAND AVE btwn ARMSTRONG ST & WELLINGTON ST W,364925.3832,5029161.736,-75.73200433,45.3998119,2016-07-11,18:22,01 - Clear,01 - Dry,10 - No control,01 - Non intersection,01 - Daylight,03 - P.D. only,06 - SMV unattended vehicle,Island Park
7189,HOLLAND AVE btwn ARMSTRONG ST & WELLINGTON ST W,364878.1405,5029265.695,-75.73259505,45.40075136,2016-12-23,20:28,01 - Clear,01 - Dry,10 - No control,01 - Non intersection,07 - Dark,03 - P.D. only,06 - SMV unattended vehicle,Island Park
7190,HOLLAND AVE btwn INGLEWOOD PL & CARLING AVE,365401.588,5028072.886,-75.72605596,45.38997361,2016-02-04,9:42,01 - Clear,02 - Wet,10 - No control,01 - Non intersection,01 - Daylight,02 - Non-fatal injury,05 - Turning movement,Civic Hospital - Experimental Farm - Central Park
7191,HOLLAND AVE btwn INGLEWOOD PL & CARLING AVE,365374.408,5028134.569,-75.72639547,45.39053097,2016-01-21,3:35,01 - Clear,01 - Dry,10 - No control,01 - Non intersection,07 - Dark,03 - P.D. only,06 - SMV unattended vehicle,Civic Hospital - Experimental Farm - Central Park
7192,HOLLAND AVE btwn RUSKIN ST & INGLEWOOD PL,365282.6204,5028343.149,-75.72754203,45.39241566,2016-04-06,12:46,01 - Clear,01 - Dry,10 - No control,01 - Non intersection,01 - Daylight,03 - P.D. only,04 - Sideswipe,Civic Hospital - Experimental Farm - Central Park
7193,HOLLAND AVE btwn TYNDALL ST & 95 N OF SHERWOOD DR/FISHER PARK HS,365065.2179,5028846.34,-75.73025688,45.39696201,2016-10-18,20:40,02 - Rain,02 - Wet,10 - No control,01 - Non intersection,07 - Dark,03 - P.D. only,07 - SMV other,Island Park
7194,HOLLAND AVE btwn WELLINGTON ST W & BYRON AVE,364934.5313,5029143.017,-75.73188977,45.39964268,2016-10-28,13:05,01 - Clear,01 - Dry,10 - No control,04 - At/near private drive,01 - Daylight,03 - P.D. only,99 - Other,Island Park
7195,HOLLAND AVE btwn WELLINGTON ST W & BYRON AVE,364951.465,5029103.648,-75.73167829,45.399287,2016-01-12,12:36,03 - Snow,02 - Wet,10 - No control,04 - At/near private drive,01 - Daylight,03 - P.D. only,02 - Angle,Island Park
7196,HOLLAND AVE btwn WELLINGTON ST W & BYRON AVE,364936.068,5029139.284,-75.7318706,45.39960896,2016-08-17,16:09,01 - Clear,01 - Dry,10 - No control,04 - At/near private drive,01 - Daylight,03 - P.D. only,02 - Angle,Island Park
7197,HOLLAND AVE btwn WELLINGTON ST W & BYRON AVE,364967.656,5029062.645,-75.7314765,45.39891667,2016-07-13,16:13,02 - Rain,02 - Wet,10 - No control,01 - Non intersection,01 - Daylight,03 - P.D. only,03 - Rear end,Island Park
7198,HOLLAND AVE/TUNNEY'S PASTURE @ SCOTT ST,364740.0094,5029593.888,-75.73431941,45.40371621,2016-05-18,8:04,01 - Clear,01 - Dry,01 - Traffic signal,03 - At intersection,01 - Daylight,02 - Non-fatal injury,07 - SMV other,Islan
7199,HOLLAND AVE/TUNNEY'S PASTURE @ SCOTT ST,364736.9207,5029596.576,-75.73435854,45.40374066,2016-07-31,14:41,01 - Clear,01 - Dry,01 - Traffic signal,02 - Intersection related,01 - Daylight,02 - Non-fatal injury,02 - Angle,Island Park
7200,HOLLAND AVE/TUNNEY'S PASTURE @ SCOTT ST,364738.7542,5029596.399,-75.73433514,45.40373891,2016-03-17,11:00,01 - Clear,01 - Dry,01 - Traffic signal,03 - At intersection,01 - Daylight,02 - Non-fatal injury,07 - SMV other,Island Park
7201,HOLLAND AVE/TUNNEY'S PASTURE @ SCOTT ST,364738.9691,5029595.86,-75.73433246,45.40373404,2016-06-27,15:13,01 - Clear,01 - Dry,01 - Traffic signal,02 - Intersection related,01 - Daylight,02 - Non-fatal injury,04 - Sideswipe,Island Park