Record,Location,X,Y,lon,lat,Date,Time,Environment,Road_Surface,Traffic_Control,Collision_Location,Light,Collision_Classification,Impact_type,Neighborhood
7202,HOLLAND AVE/TUNNEY'S PASTURE @ SCOTT ST,364737.3033,5029595.809,-75.73435374,45.40373372,2016-02-17,9:17,01 - Clear,05 - Packed snow,01 - Traffic signal,02 - Intersection related,01 - Daylight,03 - P.D. only,03 - Rear end,Island Park
7203,HOLLAND AVE/TUNNEY'S PASTURE @ SCOTT ST,364738.0458,5029596.552,-75.73434417,45.40374034,2016-03-02,9:19,03 - Snow,05 - Packed snow,01 - Traffic signal,02 - Intersection related,01 - Daylight,03 - P.D. only,03 - Rear end,Island Park
7204,HOLLAND AVE/TUNNEY'S PASTURE @ SCOTT ST,364737.7828,5029595.531,-75.73434765,45.40373118,2016-01-04,9:22,01 - Clear,02 - Wet,01 - Traffic signal,02 - Intersection related,01 - Daylight,03 - P.D. only,05 - Turning movement,Island Park
7205,HOLLAND AVE/TUNNEY'S PASTURE @ SCOTT ST,364736.5474,5029595.31,-75.73436346,45.4037293,2016-06-16,14:20,01 - Clear,01 - Dry,01 - Traffic signal,02 - Intersection related,01 - Daylight,03 - P.D. only,03 - Rear end,Island Park
7206,HOLLAND AVE/TUNNEY'S PASTURE @ SCOTT ST,364738.8101,5029594.556,-75.73433465,45.40372232,2016-06-09,15:33,01 - Clear,01 - Dry,01 - Traffic signal,03 - At intersection,01 - Daylight,03 - P.D. only,05 - Turning movement,Island Park
7207,HOLLAND AVE/TUNNEY'S PASTURE @ SCOTT ST,364737.6554,5029594.565,-75.7343494,45.4037225,2016-10-06,12:00,01 - Clear,01 - Dry,01 - Traffic signal,03 - At intersection,01 - Daylight,03 - P.D. only,03 - Rear end,Island Park
7208,HOLLOW TRAIL GT btwn SPRATT RD & ROCKY HARBOUR CRES,368914.2209,5016288.942,-75.68272728,45.28363158,2016-03-04,18:00,01 - Clear,04 - Slush,10 - No control,01 - Non intersection,05 - Dusk,03 - P.D. only,07 - SMV other,Gloucester
7209,HOLLY ACRES RD @ CARLING AVE,358233.6044,5023497.429,-75.81808636,45.34938721,2016-11-18,19:41,01 - Clear,01 - Dry,01 - Traffic signal,03 - At intersection,07 - Dark,02 - Non-fatal injury,05 - Turning movement,Crystal Bay - Lakeview Park - Britannia Village
7210,HOLLY ACRES RD @ CARLING AVE,358234.4368,5023496.86,-75.8180758,45.34938203,2016-12-08,17:31,03 - Snow,02 - Wet,01 - Traffic signal,03 - At intersection,07 - Dark,02 - Non-fatal injury,05 - Turning movement,Crystal Bay - Lakeview Park - Britannia Village
7211,HOLLY ACRES RD @ CARLING AVE,358233.9977,5023497.738,-75.81808131,45.34938996,2016-11-02,8:53,01 - Clear,01 - Dry,01 - Traffic signal,03 - At intersection,01 - Daylight,02 - Non-fatal injury,05 - Turning movement,Crystal Bay - Lakeview Park - Britannia Village
7212,HOLLY ACRES RD @ CARLING AVE,358234.429,5023497.973,-75.81807578,45.34939205,2016-06-28,13:18,01 - Clear,01 - Dry,01 - Traffic signal,03 - At intersection,01 - Daylight,03 - P.D. only,02 - Angle,Crystal Bay - Lakeview Park - Britannia Village
7213,HOLLY ACRES RD @ TRANSITWAY - BAYSHORE/278 N O,358496.6392,5022986.293,-75.81478528,45.34476791,2016-03-10,23:52,01 - Clear,02 - Wet,01 - Traffic signal,02 - Intersection related,07 - Dark,02 - Non-fatal injury,03 - Rear end,Crystal Bay - Lakeview Park - Britannia Village
7214,HOLLY ACRES RD @ TRANSITWAY - BAYSHORE/278 N O,358495.8469,5022986.042,-75.81479541,45.34476571,2016-09-18,21:37,01 - Clear,01 - Dry,01 - Traffic signal,02 - Intersection related,07 - Dark,03 - P.D. only,03 - Rear end,Crystal Bay - Lakeview Park - Britannia Village
7215,HOLLY ACRES RD btwn AERO DR & TRANSIT,358485.4997,5022994.683,-75.81492651,45.34484425,2016-07-11,8:31,01 - Clear,01 - Dry,10 - No control,01 - Non intersection,01 - Daylight,03 - P.D. only,07 - SMV other,Crystal Bay - Lakeview Park - Britannia Village
7216,HOLLY ACRES RD btwn HWY416 IC75C RAMP24 & RICHMOND RD,359013.1666,5022768.252,-75.80821833,45.34276624,2016-03-17,16:44,01 - Clear,01 - Dry,10 - No control,01 - Non intersection,01 - Daylight,03 - P.D. only,03 - Rear end,Greenbelt
7217,HOLMWOOD AVE btwn BANK ST & ADELAIDE ST,368513.3578,5029215.292,-75.68617188,45.39997645,2016-02-19,19:30,03 - Snow,04 - Slush,10 - No control,01 - Non intersection,07 - Dark,03 - P.D. only,01 - Approaching,The Glebe
7218,HOLMWOOD AVE btwn RALPH ST & MONK ST,368296.3008,5029087.949,-75.68896052,45.39885038,2016-02-05,15:54,01 - Clear,06 - Ice,10 - No control,04 - At/near private drive,01 - Daylight,03 - P.D. only,02 - Angle,The Glebe
7219,HONEYWELL AVE btwn LOCKHART AVE & SHERBOURNE RD,361911.9367,5026859.133,-75.77075905,45.37934567,2016-02-24,9:35,03 - Snow,05 - Packed snow,10 - No control,04 - At/near private drive,01 - Daylight,03 - P.D. only,06 - SMV unattended vehicle,Carlingwood - McKellar Park - Laurentien View
7220,HOPE SIDE RD @ RICHMOND RD,356952.8586,5015486.545,-75.83527322,45.2774007,2016-03-14,9:06,01 - Clear,01 - Dry,02 - Stop sign,02 - Intersection related,01 - Daylight,03 - P.D. only,07 - SMV other,Bridlewood - Emerald Meadows
7221,HOPE SIDE RD @ RICHMOND RD,356951.978,5015484.776,-75.83528463,45.27738485,2016-01-30,11:45,01 - Clear,01 - Dry,02 - Stop sign,02 - Intersection related,01 - Daylight,03 - P.D. only,03 - Rear end,Bridlewood - Emerald Meadows
7222,HOPE SIDE RD @ RICHMOND RD,356962.5192,5015479.549,-75.83515083,45.27733704,2016-01-05,10:30,01 - Clear,06 - Ice,02 - Stop sign,02 - Intersection related,01 - Daylight,03 - P.D. only,07 - SMV other,Greenbelt
7223,HOPE SIDE RD btwn CROWNRIDGE DR & RICHMOND RD,356164.8441,5015034.35,-75.84536317,45.27338977,2016-10-05,18:37,01 - Clear,01 - Dry,10 - No control,04 - At/near private drive,07 - Dark,03 - P.D. only,03 - Rear end,Greenbelt
7224,HOPE SIDE RD btwn CROWNRIDGE DR & RICHMOND RD,356119.926,5015008.029,-75.84593833,45.27315621,2016-03-29,0:05,01 - Clear,01 - Dry,10 - No control,01 - Non intersection,07 - Dark,03 - P.D. only,04 - Sideswipe,Greenbelt
7225,HOPEWELL AVE @ SENECA ST,368264.1623,5028203.665,-75.68948474,45.39089677,2016-09-12,18:54,01 - Clear,01 - Dry,02 - Stop sign,03 - At intersection,01 - Daylight,03 - P.D. only,02 - Angle,Old Ottawa South
7226,HOPEWELL AVE btwn GROSVENOR AVE & BANK ST,368753.8015,5028495.684,-75.68319424,45.39347972,2016-11-09,0:00,01 - Clear,01 - Dry,10 - No control,01 - Non intersection,07 - Dark,03 - P.D. only,06 - SMV unattended vehicle,Old Ottawa South
7227,HOPEWELL AVE btwn LEONARD AVE & GROSVENOR AVE,368518.5946,5028356.951,-75.68621586,45.39225289,2016-04-23,11:03,01 - Clear,01 - Dry,10 - No control,01 - Non intersection,01 - Daylight,02 - Non-fatal injury,07 - SMV other,Old Ottawa South
7228,HORNCHURCH LANE btwn OAKWELL DR & LONGFIELDS DR,364221.798,5015505.605,-75.74263056,45.27699545,2016-11-09,11:40,02 - Rain,02 - Wet,10 - No control,01 - Non intersection,01 - Daylight,03 - P.D. only,06 - SMV unattended vehicle,New Barrhaven
7229,HOWIE RD btwn JIULIA LAKE PRIV & PESKETT RD,338864.5857,5015218.049,-76.06583166,45.27609373,2016-02-03,22:40,01 - Clear,02 - Wet,10 - No control,01 - Non intersection,07 - Dark,03 - P.D. only,07 - SMV other,Carp - Hardwood Plains
7230,HUMMINGBIRD CRES btwn KENNEVALE DR & KENNEVALE DR,362339.5592,5014688.094,-75.76671365,45.269796,2016-07-02,13:00,01 - Clear,01 - Dry,10 - No control,01 - Non intersection,01 - Daylight,03 - P.D. only,06 - SMV unattended vehicle,Barrhaven West - Old Barrhaven
7231,HUMMINGBIRD CRES btwn KENNEVALE DR & KENNEVALE DR,362351.2741,5014675.239,-75.76656586,45.26967937,2016-07-03,22:00,01 - Clear,01 - Dry,10 - No control,01 - Non intersection,07 - Dark,03 - P.D. only,06 - SMV unattended vehicle,Barrhaven West - Old Barrhaven
7232,HUMPHREY WAY @ MCCURDY DR,352250.177,5017973.716,-75.89497096,45.30011404,2016-05-16,7:32,01 - Clear,01 - Dry,02 - Stop sign,03 - At intersection,01 - Daylight,03 - P.D. only,02 - Angle,Katimavik - Hazeldean
7233,HUNT CLUB RD @ BRIDLE PATH DR/DAZE ST,371291.7386,5023864.228,-75.65140717,45.35157113,2016-09-17,9:08,01 - Clear,01 - Dry,01 - Traffic signal,02 - Intersection related,01 - Daylight,03 - P.D. only,99 - Other,South Keys - Heron Gate - Greenboro West
7234,HUNT CLUB RD @ BRIDLE PATH DR/DAZE ST,371287.984,5023865.645,-75.65145489,45.35158424,2016-09-01,23:42,01 - Clear,01 - Dry,01 - Traffic signal,02 - Intersection related,07 - Dark,03 - P.D. only,03 - Rear end,South Keys - Heron Gate - Greenboro West
7235,HUNT CLUB RD @ BRIDLE PATH DR/DAZE ST,371289.7062,5023865.737,-75.65143291,45.3515849,2016-10-24,18:30,01 - Clear,01 - Dry,01 - Traffic signal,02 - Intersection related,05 - Dusk,03 - P.D. only,04 - Sideswipe,South Keys - Heron Gate - Greenboro West
7236,HUNT CLUB RD @ BRIDLE PATH DR/DAZE ST,371291.9484,5023864.284,-75.65140449,45.35157162,2016-11-04,18:53,01 - Clear,01 - Dry,01 - Traffic signal,02 - Intersection related,07 - Dark,03 - P.D. only,04 - Sideswipe,South Keys - Heron Gate - Greenboro West
7237,HUNT CLUB RD @ BRIDLE PATH DR/DAZE ST,371291.9952,5023863.705,-75.65140397,45.3515664,2016-03-23,7:45,01 - Clear,01 - Dry,01 - Traffic signal,02 - Intersection related,01 - Daylight,03 - P.D. only,03 - Rear end,South Keys - Heron Gate - Greenboro West
7238,HUNT CLUB RD @ BRIDLE PATH DR/DAZE ST,371291.0555,5023863.83,-75.65141594,45.35156762,2016-04-22,10:19,02 - Rain,02 - Wet,01 - Traffic signal,02 - Intersection related,01 - Daylight,03 - P.D. only,05 - Turning movement,South Keys - Heron Gate - Greenboro West
7239,HUNT CLUB RD @ BRIDLE PATH DR/DAZE ST,371289.0994,5023864.827,-75.65144077,45.35157677,2016-06-29,10:35,01 - Clear,01 - Dry,01 - Traffic signal,03 - At intersection,01 - Daylight,03 - P.D. only,02 - Angle,South Keys - Heron Gate - Greenboro West
7240,HUNT CLUB RD @ CANADAIR PRIV,368661.6197,5022311.274,-75.68517076,45.33784245,2016-02-17,7:30,01 - Clear,04 - Slush,01 - Traffic signal,02 - Intersection related,01 - Daylight,03 - P.D. only,03 - Rear end,Hunt Club - Ottawa Airport
7241,HUNT CLUB RD @ CANADAIR PRIV,368661.2731,5022308.832,-75.6851755,45.33782051,2016-11-20,11:45,03 - Snow,04 - Slush,01 - Traffic signal,02 - Intersection related,01 - Daylight,03 - P.D. only,03 - Rear end,Hunt Club - Ottawa Airport
7242,HUNT CLUB RD @ CANADAIR PRIV,368662.2349,5022311.68,-75.68516286,45.33784605,2016-04-13,10:54,01 - Clear,01 - Dry,01 - Traffic signal,02 - Intersection related,01 - Daylight,03 - P.D. only,03 - Rear end,Hunt Club - Ottawa Airport
7243,HUNT CLUB RD @ CANADAIR PRIV,368663.6404,5022312.836,-75.68514478,45.33785632,2016-06-20,17:49,01 - Clear,01 - Dry,01 - Traffic signal,02 - Intersection related,01 - Daylight,03 - P.D. only,03 - Rear end,Hunt Club - Ottawa Airport
7244,HUNT CLUB RD @ CANADAIR PRIV,368663.0477,5022311.47,-75.68515252,45.33784409,2016-12-16,16:57,01 - Clear,06 - Ice,01 - Traffic signal,02 - Intersection related,05 - Dusk,03 - P.D. only,03 - Rear end,Hunt Club - Ottawa Airport
7245,HUNT CLUB RD @ CANADAIR PRIV,368662.4851,5022312.328,-75.68515958,45.33785186,2016-12-24,16:52,01 - Clear,02 - Wet,01 - Traffic signal,02 - Intersection related,05 - Dusk,03 - P.D. only,02 - Angle,Hunt Club - Ottawa Airport
7246,HUNT CLUB RD @ DOWNPATRICK RD/MCCARTHY RD,370506.9062,5023399.267,-75.6614842,45.34746152,2016-12-10,8:56,01 - Clear,01 - Dry,01 - Traffic signal,02 - Intersection related,01 - Daylight,02 - Non-fatal injury,03 - Rear end,Hunt Club East - Western Community
7247,HUNT CLUB RD @ DOWNPATRICK RD/MCCARTHY RD,370507.9158,5023399.465,-75.66147129,45.34746321,2016-02-26,16:47,01 - Clear,01 - Dry,01 - Traffic signal,03 - At intersection,01 - Daylight,03 - P.D. only,02 - Angle,Hunt Club East - Western Community
7248,HUNT CLUB RD @ DOWNPATRICK RD/MCCARTHY RD,370508.5626,5023400.095,-75.66146295,45.34746882,2016-10-28,10:48,01 - Clear,02 - Wet,01 - Traffic signal,02 - Intersection related,01 - Daylight,03 - P.D. only,03 - Rear end,Hunt Club East - Western Community
7249,HUNT CLUB RD @ DOWNPATRICK RD/MCCARTHY RD,370509.288,5023399.229,-75.66145381,45.34746096,2016-10-25,15:07,01 - Clear,01 - Dry,01 - Traffic signal,02 - Intersection related,01 - Daylight,03 - P.D. only,03 - Rear end,Hunt Club East - Western Community
7250,HUNT CLUB RD @ DOWNPATRICK RD/MCCARTHY RD,370505.3317,5023400.797,-75.66150408,45.34747544,2016-12-06,17:36,01 - Clear,01 - Dry,01 - Traffic signal,03 - At intersection,07 - Dark,03 - P.D. only,05 - Turning movement,Hunt Club East - Western Community
7251,HUNT CLUB RD @ HWY417 HUNT CLUB IC108 RAMP52,376416.5641,5027444.644,-75.58549128,45.38328129,2016-12-14,17:30,01 - Clear,01 - Dry,02 - Stop sign,02 - Intersection related,07 - Dark,02 - Non-fatal injury,03 - Rear end,Greenbelt
7252,HUNT CLUB RD @ HWY417 HUNT CLUB IC108 RAMP52,376416.5641,5027444.644,-75.58549128,45.38328129,2016-06-24,18:08,01 - Clear,01 - Dry,02 - Stop sign,03 - At intersection,01 - Daylight,03 - P.D. only,02 - Angle,Greenbelt
7253,HUNT CLUB RD @ LINDBERGH PRIV,368364.0356,5022134.391,-75.68899006,45.33627792,2016-07-22,22:04,01 - Clear,01 - Dry,02 - Stop sign,03 - At intersection,07 - Dark,02 - Non-fatal injury,02 - Angle,Hunt Club - Ottawa Airport
7254,HUNT CLUB RD @ LINDBERGH PRIV,368363.5756,5022134.613,-75.6889959,45.33627996,2016-05-25,10:36,01 - Clear,01 - Dry,02 - Stop sign,03 - At intersection,01 - Daylight,02 - Non-fatal injury,03 - Rear end,Hunt Club - Ottawa Airport
7255,HUNT CLUB RD @ LORRY GREENBERG DR/SABLE RIDGE ,372825.0382,5024807.519,-75.63171106,45.35991146,2016-10-18,20:41,01 - Clear,01 - Dry,01 - Traffic signal,03 - At intersection,07 - Dark,02 - Non-fatal injury,03 - Rear end,Greenboro East
7256,HUNT CLUB RD @ LORRY GREENBERG DR/SABLE RIDGE ,372824.4617,5024807.519,-75.63171841,45.35991152,2016-10-17,17:58,02 - Rain,02 - Wet,01 - Traffic signal,02 - Intersection related,05 - Dusk,02 - Non-fatal injury,03 - Rear end,Greenboro East
7257,HUNT CLUB RD @ LORRY GREENBERG DR/SABLE RIDGE ,372824.5376,5024807.238,-75.63171748,45.35990898,2016-02-25,16:00,03 - Snow,04 - Slush,01 - Traffic signal,02 - Intersection related,01 - Daylight,03 - P.D. only,03 - Rear end,Greenboro East
7258,HUNT CLUB RD @ LORRY GREENBERG DR/SABLE RIDGE ,372822.8656,5024807.361,-75.63173881,45.35991025,2016-05-30,13:52,01 - Clear,01 - Dry,01 - Traffic signal,02 - Intersection related,01 - Daylight,03 - P.D. only,03 - Rear end,Greenboro East
7259,HUNT CLUB RD @ LORRY GREENBERG DR/SABLE RIDGE ,372824.6572,5024808.653,-75.63171576,45.3599217,2016-06-16,12:59,01 - Clear,01 - Dry,01 - Traffic signal,03 - At intersection,01 - Daylight,03 - P.D. only,05 - Turning movement,Greenboro East
7260,HUNT CLUB RD @ LORRY GREENBERG DR/SABLE RIDGE ,372823.8363,5024807.799,-75.63172636,45.3599141,2016-04-05,9:01,01 - Clear,01 - Dry,01 - Traffic signal,02 - Intersection related,01 - Daylight,03 - P.D. only,04 - Sideswipe,Greenboro East
7261,HUNT CLUB RD @ LORRY GREENBERG DR/SABLE RIDGE ,372823.0801,5024807.285,-75.63173608,45.35990955,2016-09-22,21:32,02 - Rain,02 - Wet,01 - Traffic signal,03 - At intersection,07 - Dark,03 - P.D. only,05 - Turning movement,Greenboro East
7262,HUNT CLUB RD @ LORRY GREENBERG DR/SABLE RIDGE ,372823.4813,5024806.463,-75.63173107,45.35990211,2016-10-20,14:34,02 - Rain,02 - Wet,01 - Traffic signal,02 - Intersection related,01 - Daylight,03 - P.D. only,03 - Rear end,Greenboro East
7263,HUNT CLUB RD @ LORRY GREENBERG DR/SABLE RIDGE ,372822.9534,5024805.935,-75.63173788,45.35989741,2016-11-23,7:20,01 - Clear,04 - Slush,01 - Traffic signal,02 - Intersection related,03 - Dawn,03 - P.D. only,03 - Rear end,Greenboro East
7264,HUNT CLUB RD @ MAC ST,371197.0724,5023807.289,-75.65262285,45.35106778,2016-01-21,10:34,01 - Clear,01 - Dry,02 - Stop sign,02 - Intersection related,01 - Daylight,03 - P.D. only,03 - Rear end,South Keys - Heron Gate - Greenboro West
7265,HUNT CLUB RD @ PAUL ANKA DR,369777.54,5022897.645,-75.67085688,45.34301601,2016-04-06,16:20,03 - Snow,04 - Slush,01 - Traffic signal,02 - Intersection related,01 - Daylight,03 - P.D. only,03 - Rear end,Hunt Club - Ottawa Airport
7266,HUNT CLUB RD @ PAUL ANKA DR,369778.7962,5022896.687,-75.67084098,45.34300727,2016-08-20,11:07,01 - Clear,01 - Dry,01 - Traffic signal,02 - Intersection related,01 - Daylight,03 - P.D. only,03 - Rear end,Hunt Club - Ottawa Airport
7267,HUNT CLUB RD @ PAUL ANKA DR,369776.6275,5022896.832,-75.67086863,45.34300878,2016-12-08,22:44,03 - Snow,05 - Packed snow,01 - Traffic signal,02 - Intersection related,07 - Dark,03 - P.D. only,05 - Turning movement,Hunt Club - Ottawa Airport
7268,HUNT CLUB RD @ PAUL ANKA DR,369777.0666,5022897.71,-75.67086291,45.34301664,2016-12-17,23:53,03 - Snow,04 - Slush,01 - Traffic signal,03 - At intersection,07 - Dark,03 - P.D. only,05 - Turning movement,Hunt Club - Ottawa Airport
7269,HUNT CLUB RD @ PIKE ST/MAPLE PARK PRIV,373296.2308,5025088.388,-75.62565841,45.36239273,2016-01-03,11:15,01 - Clear,01 - Dry,01 - Traffic signal,02 - Intersection related,01 - Daylight,03 - P.D. only,04 - Sideswipe,Greenboro East
7270,HUNT CLUB RD @ PIKE ST/MAPLE PARK PRIV,373296.0567,5025088.967,-75.62566055,45.36239796,2016-07-10,16:55,01 - Clear,01 - Dry,01 - Traffic signal,03 - At intersection,01 - Daylight,03 - P.D. only,05 - Turning movement,Greenboro East
7271,HUNT CLUB RD @ PIKE ST/MAPLE PARK PRIV,373297.5969,5025088.512,-75.62564096,45.36239371,2016-11-09,16:08,01 - Clear,01 - Dry,01 - Traffic signal,03 - At intersection,01 - Daylight,03 - P.D. only,05 - Turning movement,Greenboro East
7272,HUNT CLUB RD @ RIVERSIDE DR,368034.2185,5021946.741,-75.69322174,45.33461928,2016-07-15,9:15,01 - Clear,01 - Dry,01 - Traffic signal,02 - Intersection related,01 - Daylight,02 - Non-fatal injury,03 - Rear end,Hunt Club Woods - Quintarra - Revelstoke - Riverside South P
7273,HUNT CLUB RD @ RIVERSIDE DR,368036.0444,5021945.718,-75.69319857,45.33460991,2016-02-13,16:40,01 - Clear,01 - Dry,01 - Traffic signal,02 - Intersection related,05 - Dusk,02 - Non-fatal injury,03 - Rear end,Hunt Club Woods - Quintarra - Revelstoke - Riverside South P
7274,HUNT CLUB RD @ RIVERSIDE DR,368035.0467,5021945.913,-75.69321128,45.33461176,2016-10-28,15:41,02 - Rain,02 - Wet,01 - Traffic signal,02 - Intersection related,01 - Daylight,02 - Non-fatal injury,03 - Rear end,Hunt Club Woods - Quintarra - Revelstoke - Riverside South P
7275,HUNT CLUB RD @ RIVERSIDE DR,368035.5311,5021945.499,-75.69320515,45.33460799,2016-06-07,12:38,01 - Clear,01 - Dry,01 - Traffic signal,02 - Intersection related,01 - Daylight,02 - Non-fatal injury,03 - Rear end,Hunt Club Woods - Quintarra - Revelstoke - Riverside South P
7276,HUNT CLUB RD @ RIVERSIDE DR,368036.8593,5021946.51,-75.69318808,45.33461697,2016-06-09,14:33,01 - Clear,01 - Dry,01 - Traffic signal,02 - Intersection related,01 - Daylight,02 - Non-fatal injury,03 - Rear end,Hunt Club Woods - Quintarra - Revelstoke - Riverside South P
7277,HUNT CLUB RD @ RIVERSIDE DR,368036.4785,5021945.723,-75.69319303,45.33460992,2016-03-28,13:57,02 - Rain,02 - Wet,01 - Traffic signal,02 - Intersection related,01 - Daylight,02 - Non-fatal injury,03 - Rear end,Hunt Club Woods - Quintarra - Revelstoke - Riverside South P
7278,HUNT CLUB RD @ RIVERSIDE DR,368037.3848,5021945.044,-75.69318156,45.33460373,2016-08-05,15:04,01 - Clear,01 - Dry,01 - Traffic signal,02 - Intersection related,01 - Daylight,03 - P.D. only,03 - Rear end,Hunt Club Woods - Quintarra - Revelstoke - Riverside South P
7279,HUNT CLUB RD @ RIVERSIDE DR,368037.0936,5021944.717,-75.69318532,45.33460081,2016-01-27,17:56,01 - Clear,01 - Dry,01 - Traffic signal,02 - Intersection related,07 - Dark,03 - P.D. only,03 - Rear end,Hunt Club Woods - Quintarra - Revelstoke - Riverside South P
7280,HUNT CLUB RD @ RIVERSIDE DR,368036.4783,5021946.397,-75.69319295,45.33461599,2016-05-12,7:00,01 - Clear,01 - Dry,01 - Traffic signal,02 - Intersection related,01 - Daylight,03 - P.D. only,03 - Rear end,Hunt Club Woods - Quintarra - Revelstoke - Riverside South P
7281,HUNT CLUB RD @ RIVERSIDE DR,368036.481,5021945.277,-75.69319306,45.33460591,2016-02-25,19:01,01 - Clear,02 - Wet,01 - Traffic signal,02 - Intersection related,07 - Dark,03 - P.D. only,03 - Rear end,Hunt Club Woods - Quintarra - Revelstoke - Riverside South P
7282,HUNT CLUB RD @ RIVERSIDE DR,368037.3764,5021944.825,-75.69318169,45.33460176,2016-03-29,11:00,01 - Clear,02 - Wet,01 - Traffic signal,02 - Intersection related,01 - Daylight,03 - P.D. only,03 - Rear end,Hunt Club Woods - Quintarra - Revelstoke - Riverside South P
7283,HUNT CLUB RD @ RIVERSIDE DR,368036.4835,5021945.279,-75.69319303,45.33460593,2016-08-31,11:12,01 - Clear,01 - Dry,01 - Traffic signal,02 - Intersection related,01 - Daylight,03 - P.D. only,04 - Sideswipe,Hunt Club Woods - Quintarra - Revelstoke - Riverside South P
7284,HUNT CLUB RD @ RIVERSIDE DR,368036.0444,5021944.401,-75.69319874,45.33459806,2016-02-11,10:41,01 - Clear,01 - Dry,01 - Traffic signal,02 - Intersection related,01 - Daylight,03 - P.D. only,03 - Rear end,Hunt Club Woods - Quintarra - Revelstoke - Riverside South P
7285,HUNT CLUB RD @ RIVERSIDE DR,368036.4835,5021945.718,-75.69319297,45.33460988,2016-02-13,20:01,03 - Snow,06 - Ice,01 - Traffic signal,02 - Intersection related,07 - Dark,03 - P.D. only,03 - Rear end,Hunt Club Woods - Quintarra - Revelstoke - Riverside South P
7286,HUNT CLUB RD @ RIVERSIDE DR,368038.3593,5021946.741,-75.69316891,45.33461891,2016-10-26,9:45,01 - Clear,01 - Dry,01 - Traffic signal,02 - Intersection related,01 - Daylight,03 - P.D. only,03 - Rear end,Hunt Club Woods - Quintarra - Revelstoke - Riverside South P
7287,HUNT CLUB RD @ RIVERSIDE DR,368035.6053,5021945.718,-75.69320417,45.33460995,2016-01-11,15:57,01 - Clear,02 - Wet,01 - Traffic signal,02 - Intersection related,01 - Daylight,03 - P.D. only,03 - Rear end,Hunt Club Woods - Quintarra - Revelstoke - Riverside South P
7288,HUNT CLUB RD @ RIVERSIDE DR,368036.703,5021945.499,-75.6931902,45.33460788,2016-04-19,17:11,01 - Clear,01 - Dry,01 - Traffic signal,03 - At intersection,01 - Daylight,03 - P.D. only,05 - Turning movement,Hunt Club Woods - Quintarra - Revelstoke - Riverside South P
7289,HUNT CLUB RD @ RIVERSIDE DR,368036.4785,5021945.274,-75.69319309,45.33460588,2016-04-03,10:40,01 - Clear,01 - Dry,01 - Traffic signal,02 - Intersection related,01 - Daylight,03 - P.D. only,03 - Rear end,Hunt Club Woods - Quintarra - Revelstoke - Riverside South P
7290,HUNT CLUB RD @ RIVERSIDE DR,368037.322,5021946.505,-75.69318217,45.33461688,2016-03-12,11:50,01 - Clear,01 - Dry,01 - Traffic signal,02 - Intersection related,01 - Daylight,03 - P.D. only,03 - Rear end,Hunt Club Woods - Quintarra - Revelstoke - Riverside South P
7291,HUNT CLUB RD @ RIVERSIDE DR,368036.4785,5021944.376,-75.69319321,45.3345978,2016-05-06,8:53,01 - Clear,01 - Dry,01 - Traffic signal,02 - Intersection related,01 - Daylight,03 - P.D. only,03 - Rear end,Hunt Club Woods - Quintarra - Revelstoke - Riverside South P
7292,HUNT CLUB RD @ RIVERSIDE DR,368036.9693,5021945.232,-75.69318684,45.33460546,2016-03-18,9:02,01 - Clear,01 - Dry,01 - Traffic signal,02 - Intersection related,01 - Daylight,03 - P.D. only,03 - Rear end,Hunt Club Woods - Quintarra - Revelstoke - Riverside South P
7293,HUNT CLUB RD @ RIVERSIDE DR,368034.8816,5021946.71,-75.69321328,45.33461895,2016-09-15,18:41,01 - Clear,01 - Dry,01 - Traffic signal,02 - Intersection related,01 - Daylight,03 - P.D. only,03 - Rear end,Hunt Club Woods - Quintarra - Revelstoke - Riverside South P
7294,HUNT CLUB RD @ RIVERSIDE DR,368035.6053,5021944.401,-75.69320434,45.3345981,2016-08-19,8:20,01 - Clear,01 - Dry,01 - Traffic signal,02 - Intersection related,01 - Daylight,03 - P.D. only,04 - Sideswipe,Hunt Club Woods - Quintarra - Revelstoke - Riverside South P
7295,HUNT CLUB RD @ RIVERSIDE DR,368036.4785,5021944.825,-75.69319315,45.33460184,2016-03-29,9:08,01 - Clear,01 - Dry,01 - Traffic signal,02 - Intersection related,01 - Daylight,03 - P.D. only,03 - Rear end,Hunt Club Woods - Quintarra - Revelstoke - Riverside South P
7296,HUNT CLUB RD @ RIVERSIDE DR,368036.9348,5021944.803,-75.69318733,45.3346016,2016-07-15,9:45,01 - Clear,01 - Dry,01 - Traffic signal,02 - Intersection related,01 - Daylight,03 - P.D. only,03 - Rear end,Hunt Club Woods - Quintarra - Revelstoke - Riverside South P
7297,HUNT CLUB RD @ RIVERSIDE DR,368035.5832,5021945.275,-75.69320451,45.33460597,2016-04-08,15:12,01 - Clear,01 - Dry,01 - Traffic signal,02 - Intersection related,01 - Daylight,03 - P.D. only,03 - Rear end,Hunt Club Woods - Quintarra - Revelstoke - Riverside South P
7298,HUNT CLUB RD @ RIVERSIDE DR,368036.9275,5021945.723,-75.69318731,45.33460988,2016-05-03,6:31,01 - Clear,01 - Dry,01 - Traffic signal,02 - Intersection related,01 - Daylight,03 - P.D. only,03 - Rear end,Hunt Club Woods - Quintarra - Revelstoke - Riverside South P