Record,Location,X,Y,lon,lat,Date,Time,Environment,Road_Surface,Traffic_Control,Collision_Location,Light,Collision_Classification,Impact_type,Neighborhood
7299,HUNT CLUB RD @ RIVERSIDE DR,368036.0296,5021945.274,-75.69319882,45.33460592,2016-04-14,11:37,01 - Clear,01 - Dry,01 - Traffic signal,02 - Intersection related,01 - Daylight,03 - P.D. only,04 - Sideswipe,Hunt Club Woods - Quintarra - Revelstoke - Riverside South P
7300,HUNT CLUB RD @ RIVERSIDE DR,368035.6053,5021946.596,-75.69320406,45.33461785,2016-03-23,20:52,01 - Clear,01 - Dry,01 - Traffic signal,02 - Intersection related,07 - Dark,03 - P.D. only,03 - Rear end,Hunt Club Woods - Quintarra - Revelstoke - Riverside South P
7301,HUNT CLUB RD @ RIVERSIDE DR,368036.1864,5021946.318,-75.69319668,45.3346153,2016-06-24,11:35,01 - Clear,01 - Dry,01 - Traffic signal,02 - Intersection related,01 - Daylight,03 - P.D. only,04 - Sideswipe,Hunt Club Woods - Quintarra - Revelstoke - Riverside South P
7302,HUNT CLUB RD @ RIVERSIDE DR,368036.4835,5021944.401,-75.69319314,45.33459802,2016-06-28,16:26,01 - Clear,01 - Dry,01 - Traffic signal,02 - Intersection related,01 - Daylight,03 - P.D. only,03 - Rear end,Hunt Club Woods - Quintarra - Revelstoke - Riverside South P
7303,HUNT CLUB RD @ RIVERSIDE DR,368036.0444,5021945.279,-75.69319863,45.33460596,2016-05-30,14:09,01 - Clear,01 - Dry,01 - Traffic signal,02 - Intersection related,01 - Daylight,03 - P.D. only,03 - Rear end,Hunt Club Woods - Quintarra - Revelstoke - Riverside South P
7304,HUNT CLUB RD @ RIVERSIDE DR,368036.703,5021946.741,-75.69319004,45.33461906,2016-10-29,13:56,01 - Clear,01 - Dry,01 - Traffic signal,02 - Intersection related,01 - Daylight,03 - P.D. only,03 - Rear end,Hunt Club Woods - Quintarra - Revelstoke - Riverside South P
7305,HUNT CLUB RD @ RIVERSIDE DR,368037.8394,5021944.589,-75.69317582,45.33459959,2016-07-09,13:30,02 - Rain,02 - Wet,01 - Traffic signal,02 - Intersection related,01 - Daylight,03 - P.D. only,03 - Rear end,Hunt Club Woods - Quintarra - Revelstoke - Riverside South P
7306,HUNT CLUB RD @ RIVERSIDE DR,368035.0966,5021945.231,-75.69321073,45.33460562,2016-10-01,18:30,01 - Clear,01 - Dry,01 - Traffic signal,02 - Intersection related,07 - Dark,03 - P.D. only,03 - Rear end,Hunt Club Woods - Quintarra - Revelstoke - Riverside South P
7307,HUNT CLUB RD @ RIVERSIDE DR,368035.8748,5021944.256,-75.69320092,45.33459678,2016-12-09,8:00,01 - Clear,06 - Ice,01 - Traffic signal,03 - At intersection,01 - Daylight,03 - P.D. only,03 - Rear end,Hunt Club Woods - Quintarra - Revelstoke - Riverside South P
7308,HUNT CLUB RD @ RIVERSIDE DR,368036.483,5021947.067,-75.69319281,45.33462201,2016-12-18,15:48,03 - Snow,03 - Loose snow,01 - Traffic signal,03 - At intersection,01 - Daylight,03 - P.D. only,05 - Turning movement,Hunt Club Woods - Quintarra - Revelstoke - Riverside South P
7309,HUNT CLUB RD @ RIVERSIDE DR,368035.8748,5021945.084,-75.69320082,45.33460423,2016-07-27,17:06,01 - Clear,01 - Dry,01 - Traffic signal,03 - At intersection,01 - Daylight,03 - P.D. only,05 - Turning movement,Hunt Club Woods - Quintarra - Revelstoke - Riverside South P
7310,HUNT CLUB RD @ RIVERSIDE DR,368035.0467,5021943.428,-75.69321159,45.3345894,2016-11-21,11:48,01 - Clear,06 - Ice,01 - Traffic signal,02 - Intersection related,01 - Daylight,03 - P.D. only,03 - Rear end,Hunt Club Woods - Quintarra - Revelstoke - Riverside South P
7311,HUNT CLUB RD @ RIVERSIDE DR,368036.703,5021945.913,-75.69319015,45.33461161,2016-12-29,13:20,03 - Snow,05 - Packed snow,01 - Traffic signal,02 - Intersection related,01 - Daylight,03 - P.D. only,03 - Rear end,Hunt Club Woods - Quintarra - Revelstoke - Riverside South P
7312,HUNT CLUB RD @ RIVERSIDE DR,368035.0467,5021945.084,-75.69321138,45.3346043,2016-11-30,18:55,02 - Rain,02 - Wet,01 - Traffic signal,02 - Intersection related,07 - Dark,03 - P.D. only,03 - Rear end,Hunt Club Woods - Quintarra - Revelstoke - Riverside South P
7313,HUNT CLUB RD @ RIVERSIDE DR,368036.703,5021945.913,-75.69319015,45.33461161,2016-11-28,18:05,01 - Clear,01 - Dry,01 - Traffic signal,02 - Intersection related,07 - Dark,03 - P.D. only,03 - Rear end,Hunt Club Woods - Quintarra - Revelstoke - Riverside South P
7314,HUNT CLUB RD @ RIVERSIDE DR,368036.703,5021944.256,-75.69319036,45.3345967,2016-11-07,19:55,01 - Clear,01 - Dry,01 - Traffic signal,02 - Intersection related,07 - Dark,03 - P.D. only,03 - Rear end,Hunt Club Woods - Quintarra - Revelstoke - Riverside South P
7315,HUNT CLUB RD @ TRANSITWAY OFFRAMP,371093.2483,5023748.395,-75.65395563,45.3505477,2016-11-23,13:00,01 - Clear,01 - Dry,02 - Stop sign,02 - Intersection related,01 - Daylight,03 - P.D. only,03 - Rear end,Hunt Club East - Western Community
7316,HUNT CLUB RD @ UPLANDS DR,370155.899,5023119.422,-75.66600006,45.34497635,2016-10-04,19:44,01 - Clear,01 - Dry,01 - Traffic signal,02 - Intersection related,07 - Dark,02 - Non-fatal injury,03 - Rear end,Hunt Club East - Western Community
7317,HUNT CLUB RD @ UPLANDS DR,370156.5077,5023121.273,-75.66599205,45.34499295,2016-09-27,15:15,01 - Clear,01 - Dry,01 - Traffic signal,03 - At intersection,01 - Daylight,02 - Non-fatal injury,05 - Turning movement,Hunt Club East - Western Community
7318,HUNT CLUB RD @ UPLANDS DR,370155.6295,5023122.151,-75.66600314,45.34500093,2016-01-19,7:54,01 - Clear,01 - Dry,01 - Traffic signal,02 - Intersection related,03 - Dawn,03 - P.D. only,03 - Rear end,Hunt Club East - Western Community
7319,HUNT CLUB RD @ UPLANDS DR,370156.9519,5023121.942,-75.66598629,45.34499893,2016-05-01,15:04,02 - Rain,02 - Wet,01 - Traffic signal,03 - At intersection,01 - Daylight,03 - P.D. only,02 - Angle,Hunt Club East - Western Community
7320,HUNT CLUB RD @ UPLANDS DR,370155.6295,5023121.273,-75.66600325,45.34499303,2016-11-20,18:49,03 - Snow,04 - Slush,01 - Traffic signal,02 - Intersection related,07 - Dark,03 - P.D. only,04 - Sideswipe,Hunt Club East - Western Community
7321,HUNT CLUB RD btwn BANK ST & TURN LANE (1),371639.2943,5024155.149,-75.6469327,45.3541557,2016-05-28,19:58,01 - Clear,01 - Dry,10 - No control,01 - Non intersection,01 - Daylight,03 - P.D. only,04 - Sideswipe,South Keys - Heron Gate - Greenboro West
7322,HUNT CLUB RD btwn BANK ST & TURN LANE (1),371622.0632,5024122.756,-75.64715697,45.35386589,2016-03-22,13:50,01 - Clear,01 - Dry,10 - No control,01 - Non intersection,01 - Daylight,03 - P.D. only,04 - Sideswipe,South Keys - Heron Gate - Greenboro West
7323,HUNT CLUB RD btwn BANK ST & TURN LANE (2),371622.277,5024149.114,-75.64715068,45.35410303,2016-03-03,18:13,01 - Clear,01 - Dry,10 - No control,01 - Non intersection,05 - Dusk,03 - P.D. only,04 - Sideswipe,South Keys - Heron Gate - Greenboro West
7324,HUNT CLUB RD btwn BILLY BISHOP PRIV & HUNT CLUB PL,369006.5155,5022520.516,-75.68074343,45.33969369,2016-08-29,18:49,01 - Clear,01 - Dry,10 - No control,01 - Non intersection,01 - Daylight,02 - Non-fatal injury,03 - Rear end,Hunt Club - Ottawa Airport
7325,HUNT CLUB RD btwn BILLY BISHOP PRIV & HUNT CLUB PL,369021.9076,5022526.63,-75.68054626,45.33974729,2016-12-10,9:57,01 - Clear,01 - Dry,10 - No control,01 - Non intersection,01 - Daylight,03 - P.D. only,04 - Sideswipe,Hunt Club - Ottawa Airport
7326,HUNT CLUB RD btwn BLOHM DR & HAWTHORNE RD,375493.0408,5026398.406,-75.59743253,45.37396156,2016-09-08,16:45,01 - Clear,01 - Dry,10 - No control,01 - Non intersection,01 - Daylight,03 - P.D. only,04 - Sideswipe,Industrial Park
7327,HUNT CLUB RD btwn CAHILL DR & LORRY GREENBERG DR,372781.7991,5024778.116,-75.63226695,45.3596511,2016-12-29,20:50,03 - Snow,05 - Packed snow,10 - No control,01 - Non intersection,07 - Dark,02 - Non-fatal injury,04 - Sideswipe,Greenboro East
7328,HUNT CLUB RD btwn CAHILL DR & LORRY GREENBERG DR,372448.9537,5024568.558,-75.63654365,45.35779777,2016-04-06,23:15,03 - Snow,03 - Loose snow,10 - No control,01 - Non intersection,07 - Dark,03 - P.D. only,03 - Rear end,Greenboro East
7329,HUNT CLUB RD btwn CAHILL DR & LORRY GREENBERG DR,372471.8856,5024581.799,-75.63624917,45.35791469,2016-02-17,19:23,01 - Clear,06 - Ice,10 - No control,01 - Non intersection,07 - Dark,03 - P.D. only,07 - SMV other,Greenboro East
7330,HUNT CLUB RD btwn CAHILL DR & LORRY GREENBERG DR,372451.423,5024569.513,-75.636512,45.35780612,2016-09-03,1:23,01 - Clear,01 - Dry,10 - No control,01 - Non intersection,07 - Dark,03 - P.D. only,07 - SMV other,Greenboro East
7331,HUNT CLUB RD btwn DAZE ST & TURN LANE,371544.9626,5024011.655,-75.64815589,45.35287358,2016-01-08,21:00,01 - Clear,01 - Dry,10 - No control,04 - At/near private drive,07 - Dark,03 - P.D. only,02 - Angle,South Keys - Heron Gate - Greenboro West
7332,HUNT CLUB RD btwn DAZE ST & TURN LANE,371503.5773,5023978.614,-75.64868848,45.35258022,2016-10-11,9:40,01 - Clear,01 - Dry,10 - No control,04 - At/near private drive,01 - Daylight,03 - P.D. only,02 - Angle,South Keys - Heron Gate - Greenboro West
7333,HUNT CLUB RD btwn DUNSTON TER & CAHILL DR,372308.3371,5024483.327,-75.63834988,45.35704444,2016-05-21,15:05,01 - Clear,01 - Dry,10 - No control,01 - Non intersection,01 - Daylight,03 - P.D. only,03 - Rear end,Greenboro East
7334,HUNT CLUB RD btwn DUNSTON TER & CAHILL DR,372321.5983,5024491.146,-75.63817958,45.35711352,2016-07-17,9:59,01 - Clear,01 - Dry,10 - No control,01 - Non intersection,01 - Daylight,03 - P.D. only,04 - Sideswipe,Greenboro East
7335,HUNT CLUB RD btwn GIBFORD DR & UPLANDS DR,370071.9852,5023070.559,-75.66707721,45.34454451,2016-11-08,19:08,01 - Clear,01 - Dry,10 - No control,01 - Non intersection,07 - Dark,02 - Non-fatal injury,01 - Approaching,Hunt Club - Ottawa Airport
7336,HUNT CLUB RD btwn GIBFORD DR & UPLANDS DR,370070.5988,5023070.56,-75.6670949,45.34454465,2016-10-18,15:45,01 - Clear,01 - Dry,10 - No control,01 - Non intersection,01 - Daylight,03 - P.D. only,03 - Rear end,Hunt Club - Ottawa Airport
7337,HUNT CLUB RD btwn LINDBERGH PRIV & NORTH BOWESVILLE RD,368532.7646,5022235.757,-75.68682442,45.33717468,2016-12-30,13:11,01 - Clear,03 - Loose snow,10 - No control,01 - Non intersection,01 - Daylight,02 - Non-fatal injury,03 - Rear end,Hunt Club - Ottawa Airport
7338,HUNT CLUB RD btwn LINDBERGH PRIV & NORTH BOWESVILLE RD,368402.7486,5022156.265,-75.68849336,45.33647123,2016-08-31,18:04,01 - Clear,01 - Dry,10 - No control,01 - Non intersection,01 - Daylight,03 - P.D. only,03 - Rear end,Hunt Club - Ottawa Airport
7339,HUNT CLUB RD btwn LORRY GREENBERG DR & PIKE ST,372830.6199,5024812.166,-75.63163918,45.35995273,2016-01-26,17:02,01 - Clear,02 - Wet,10 - No control,04 - At/near private drive,05 - Dusk,03 - P.D. only,02 - Angle,Greenboro East
7340,HUNT CLUB RD btwn MALAK ST & ESSON ST,374627.4201,5025901.026,-75.60855323,45.36957316,2016-03-31,20:01,02 - Rain,02 - Wet,10 - No control,01 - Non intersection,07 - Dark,03 - P.D. only,07 - SMV other,Hunt Club
7341,HUNT CLUB RD btwn MCCARTHY RD & RAMP,370687.9617,5023508.236,-75.6591594,45.34842501,2016-08-07,17:45,01 - Clear,01 - Dry,10 - No control,01 - Non intersection,01 - Daylight,03 - P.D. only,03 - Rear end,Hunt Club East - Western Community
7342,HUNT CLUB RD btwn MCCARTHY RD & RAMP,370689.7799,5023508.236,-75.6591362,45.34842484,2016-08-07,18:31,01 - Clear,01 - Dry,10 - No control,01 - Non intersection,01 - Daylight,03 - P.D. only,03 - Rear end,Hunt Club East - Western Community
7343,HUNT CLUB RD btwn MCCARTHY RD & RAMP,370933.904,5023652.942,-75.65600175,45.34970388,2016-04-29,12:51,01 - Clear,01 - Dry,10 - No control,01 - Non intersection,01 - Daylight,03 - P.D. only,04 - Sideswipe,Hunt Club East - Western Community
7344,HUNT CLUB RD btwn MOUNTAIN CRES & TURN LANE,371462.4685,5023968.54,-75.64921443,45.35249349,2016-01-25,13:45,01 - Clear,02 - Wet,10 - No control,01 - Non intersection,01 - Daylight,02 - Non-fatal injury,03 - Rear end,South Keys - Heron Gate - Greenboro West
7345,HUNT CLUB RD btwn MOUNTAIN CRES & TURN LANE,371553.1931,5024040.524,-75.64804696,45.35313255,2016-12-22,15:39,01 - Clear,02 - Wet,10 - No control,04 - At/near private drive,01 - Daylight,03 - P.D. only,05 - Turning movement,South Keys - Heron Gate - Greenboro West
7346,HUNT CLUB RD btwn NORTH BOWESVILLE RD & BILLY BISHOP PRIV,368834.3195,5022413.452,-75.68295423,45.33874609,2016-08-25,18:24,01 - Clear,01 - Dry,10 - No control,01 - Non intersection,01 - Daylight,02 - Non-fatal injury,03 - Rear end,Hunt Club - Ottawa Airport
7347,HUNT CLUB RD btwn NORTH BOWESVILLE RD & BILLY BISHOP PRIV,368900.42,5022457.742,-75.68210517,45.33913856,2016-04-15,17:21,01 - Clear,01 - Dry,10 - No control,01 - Non intersection,01 - Daylight,02 - Non-fatal injury,03 - Rear end,Hunt Club - Ottawa Airport
7348,HUNT CLUB RD btwn NORTH BOWESVILLE RD & BILLY BISHOP PRIV,368934.3458,5022474.158,-75.68167021,45.33928317,2016-02-19,1:50,01 - Clear,05 - Packed snow,10 - No control,01 - Non intersection,07 - Dark,03 - P.D. only,99 - Other,Hunt Club - Ottawa Airport
7349,HUNT CLUB RD btwn NORTH BOWESVILLE RD & BILLY BISHOP PRIV,368799.1116,5022393.241,-75.68340604,45.33856745,2016-03-11,7:42,01 - Clear,01 - Dry,10 - No control,04 - At/near private drive,01 - Daylight,03 - P.D. only,02 - Angle,Hunt Club - Ottawa Airport
7350,HUNT CLUB RD btwn NORTH BOWESVILLE RD & BILLY BISHOP PRIV,368883.0192,5022445.554,-75.68232876,45.33903049,2016-03-25,22:52,01 - Clear,01 - Dry,10 - No control,04 - At/near private drive,07 - Dark,03 - P.D. only,07 - SMV other,Hunt Club - Ottawa Airport
7351,HUNT CLUB RD btwn NORTH BOWESVILLE RD & BILLY BISHOP PRIV,368808.5517,5022400.637,-75.68328464,45.33863313,2016-05-31,10:02,01 - Clear,01 - Dry,10 - No control,04 - At/near private drive,01 - Daylight,03 - P.D. only,02 - Angle,Hunt Club - Ottawa Airport
7352,HUNT CLUB RD btwn PIKE ST & CONROY RD,373720.6169,5025377.012,-75.62020158,45.36494806,2016-05-13,12:40,01 - Clear,01 - Dry,10 - No control,04 - At/near private drive,01 - Daylight,03 - P.D. only,02 - Angle,Greenboro East
7353,HUNT CLUB RD btwn PIKE ST & CONROY RD,373309.6913,5025096.635,-75.62548546,45.36246562,2016-04-19,22:44,01 - Clear,01 - Dry,10 - No control,01 - Non intersection,07 - Dark,03 - P.D. only,04 - Sideswipe,Greenboro East
7354,HUNT CLUB RD btwn RAMP & RAMP (1),371009.7343,5023698.263,-75.65502805,45.35010451,2016-05-16,11:00,01 - Clear,01 - Dry,10 - No control,01 - Non intersection,01 - Daylight,02 - Non-fatal injury,03 - Rear end,Hunt Club East - Western Community
7355,HUNT CLUB RD btwn RIVERSIDE DR & LINDBERGH PRIV,368213.8137,5022041.934,-75.69091839,45.3354596,2016-01-14,11:10,03 - Snow,03 - Loose snow,10 - No control,01 - Non intersection,01 - Daylight,03 - P.D. only,03 - Rear end,Hunt Club - Ottawa Airport
7356,HUNT CLUB RD btwn RIVERSIDE DR & LINDBERGH PRIV,368321.1265,5022109.676,-75.68954065,45.33605943,2016-08-18,9:07,01 - Clear,01 - Dry,10 - No control,01 - Non intersection,01 - Daylight,03 - P.D. only,03 - Rear end,Hunt Club - Ottawa Airport
7357,HUNT CLUB RD btwn RIVERSIDE DR & LINDBERGH PRIV,368211.4442,5022043.635,-75.6909484,45.33547512,2016-10-21,16:24,02 - Rain,02 - Wet,10 - No control,01 - Non intersection,01 - Daylight,03 - P.D. only,03 - Rear end,Hunt Club - Ottawa Airport
7358,HUNT CLUB RD btwn RIVERSIDE DR & LINDBERGH PRIV,368343.1265,5022122.119,-75.68925839,45.33616939,2016-07-05,12:52,01 - Clear,01 - Dry,10 - No control,01 - Non intersection,01 - Daylight,03 - P.D. only,04 - Sideswipe,Hunt Club - Ottawa Airport
7359,HUNT CLUB RD btwn RIVERSIDE DR & TURN LANE,368075.5666,5021963.226,-75.69269214,45.33476389,2016-07-20,17:20,01 - Clear,01 - Dry,10 - No control,01 - Non intersection,01 - Daylight,03 - P.D. only,03 - Rear end,Hunt Club - Ottawa Airport
7360,HUNT CLUB RD btwn TURN LANE & RIVERSIDE DR,367942.9599,5021915.422,-75.69438995,45.3343457,2016-08-15,4:36,01 - Clear,01 - Dry,10 - No control,01 - Non intersection,07 - Dark,02 - Non-fatal injury,07 - SMV other,Hunt Club Woods - Quintarra - Revelstoke - Riverside South P
7361,HUNT CLUB RD btwn TURN LANE & RIVERSIDE DR,367941.9303,5021915.044,-75.69440313,45.33434239,2016-07-18,11:35,01 - Clear,01 - Dry,10 - No control,01 - Non intersection,01 - Daylight,03 - P.D. only,04 - Sideswipe,Hunt Club Woods - Quintarra - Revelstoke - Riverside South P
7362,HUNT CLUB RD btwn TURN LANE & TURN LANE (2),371672.7096,5024213.543,-75.64649837,45.35467793,2016-04-13,21:12,01 - Clear,01 - Dry,10 - No control,04 - At/near private drive,07 - Dark,02 - Non-fatal injury,03 - Rear end,South Keys - Heron Gate - Greenboro West
7363,HUNT CLUB RD btwn TURN LANE & TURN LANE (2),371715.5233,5024259.427,-75.64594579,45.35508669,2016-05-27,21:00,01 - Clear,01 - Dry,10 - No control,01 - Non intersection,07 - Dark,03 - P.D. only,04 - Sideswipe,South Keys - Heron Gate - Greenboro West
7364,HUNT CLUB RD btwn TURN LANE & TURN LANE (2),371690.9153,5024234.486,-75.6462632,45.35486463,2016-07-12,11:32,01 - Clear,01 - Dry,10 - No control,01 - Non intersection,01 - Daylight,03 - P.D. only,03 - Rear end,South Keys - Heron Gate - Greenboro West
7365,HUNT CLUB RD btwn TURN LANE & TURN LANE (2),371645.8386,5024169.174,-75.64684729,45.35428127,2016-10-21,15:10,01 - Clear,02 - Wet,10 - No control,01 - Non intersection,01 - Daylight,03 - P.D. only,04 - Sideswipe,South Keys - Heron Gate - Greenboro West
7366,HUNT CLUB RD btwn UPLANDS DR & MCCARTHY RD,370198.9632,5023148.407,-75.66544675,45.34523314,2016-11-17,9:10,01 - Clear,01 - Dry,10 - No control,01 - Non intersection,01 - Daylight,03 - P.D. only,03 - Rear end,Hunt Club East - Western Community
7367,HUNT CLUB RD btwn WEST HUNT CLUB RD & TURN LANE,367844.5705,5021892.911,-75.69564799,45.334152,2016-10-17,8:49,01 - Clear,01 - Dry,10 - No control,01 - Non intersection,01 - Daylight,02 - Non-fatal injury,03 - Rear end,Hunt Club Woods - Quintarra - Revelstoke - Riverside South P
7368,HUNT CLUB RD btwn WEST HUNT CLUB RD & TURN LANE,367925.6336,5021909.851,-75.69461169,45.33429713,2016-01-05,12:30,01 - Clear,01 - Dry,10 - No control,04 - At/near private drive,01 - Daylight,03 - P.D. only,02 - Angle,Hunt Club Woods - Quintarra - Revelstoke - Riverside South P
7369,HUNT CLUB RD btwn WEST HUNT CLUB RD & TURN LANE,367928.2939,5021911.408,-75.69457755,45.3343109,2016-07-12,23:04,01 - Clear,01 - Dry,10 - No control,01 - Non intersection,07 - Dark,03 - P.D. only,03 - Rear end,Hunt Club Woods - Quintarra - Revelstoke - Riverside South P
7370,HUNT CLUB RD EB btwn 275 E OF HAWTHORNE RD/OC TRANSPO TURNAROUND & HAWTHORNE RD,375621.906,5026465.527,-75.59577784,45.37455247,2016-08-13,3:28,02 - Rain,02 - Wet,10 - No control,01 - Non intersection,07 - Dark,03 - P.D. only,07 - SMV other,Greenbelt
7371,HUNT CLUB RD EB btwn 275 E OF HAWTHORNE RD/OC TRANSPO TURNAROUND & HWY417 HUNT CLUB IC108 RAMP25,375621.906,5026465.527,-75.59577784,45.37455247,2016-04-14,0:01,01 - Clear,01 - Dry,10 - No control,01 - Non intersection,07 - Dark,03 - P.D. only,03 - Rear end,Greenbelt
7372,HUNT CLUB RD EB btwn ALBION RD & DUNSTON TER,371967.1126,5024335.839,-75.64272469,45.35575017,2016-09-17,17:11,02 - Rain,02 - Wet,10 - No control,01 - Non intersection,01 - Daylight,03 - P.D. only,03 - Rear end,Greenboro East
7373,HUNT CLUB RD WB btwn 275 E OF HAWTHORNE RD/OC TRANSPO TURNAROUND & HAWTHORNE RD,375613.234,5026476.798,-75.59588693,45.37465476,2016-02-10,8:30,03 - Snow,03 - Loose snow,10 - No control,01 - Non intersection,01 - Daylight,03 - P.D. only,04 - Sideswipe,Greenbelt
7374,HUNT CLUB RD WB btwn 275 E OF HAWTHORNE RD/OC TRANSPO TURNAROUND & HAWTHORNE RD,375613.234,5026476.798,-75.59588693,45.37465476,2016-09-09,17:57,01 - Clear,01 - Dry,10 - No control,01 - Non intersection,01 - Daylight,03 - P.D. only,03 - Rear end,Greenbelt
7375,HUNTER'S GLEN CRES btwn LORRY GREENBERG DR & STREAMWOOD LANE,372581.5732,5025075.031,-75.63478166,45.36234201,2016-02-11,12:00,01 - Clear,03 - Loose snow,10 - No control,01 - Non intersection,01 - Daylight,03 - P.D. only,06 - SMV unattended vehicle,Greenboro East
7376,HUNTER'S RUN DR @ JEANNE D'ARC BLVD,380567.5277,5036174.792,-75.53115022,45.46139214,2016-03-01,14:35,01 - Clear,01 - Dry,01 - Traffic signal,02 - Intersection related,01 - Daylight,03 - P.D. only,03 - Rear end,Chapel Hill
7377,HUNTER'S RUN DR @ JEANNE D'ARC BLVD,380567.0886,5036174.792,-75.53115583,45.46139219,2016-01-05,9:23,01 - Clear,01 - Dry,01 - Traffic signal,02 - Intersection related,01 - Daylight,03 - P.D. only,03 - Rear end,Chapel Hill
7378,HUNTER'S RUN DR @ JEANNE D'ARC BLVD,380568.4058,5036175.231,-75.53113893,45.461396,2016-01-18,12:20,03 - Snow,03 - Loose snow,01 - Traffic signal,02 - Intersection related,01 - Daylight,03 - P.D. only,04 - Sideswipe,Chapel Hill
7379,HUNTER'S RUN DR @ JEANNE D'ARC BLVD,380567.5217,5036175.249,-75.53115023,45.46139625,2016-01-18,10:23,01 - Clear,04 - Slush,01 - Traffic signal,03 - At intersection,01 - Daylight,03 - P.D. only,02 - Angle,Chapel Hill
7380,HUNTER'S RUN DR @ JEANNE D'ARC BLVD,380568.4236,5036173.896,-75.5311389,45.46138398,2016-05-26,8:09,01 - Clear,01 - Dry,01 - Traffic signal,03 - At intersection,01 - Daylight,03 - P.D. only,02 - Angle,Chapel Hill
7381,HUNTER'S RUN DR @ JEANNE D'ARC BLVD,380567.0621,5036174.536,-75.53115621,45.46138989,2016-04-27,9:08,01 - Clear,01 - Dry,01 - Traffic signal,02 - Intersection related,01 - Daylight,03 - P.D. only,03 - Rear end,Chapel Hill
7382,HUNTER'S RUN DR @ JEANNE D'ARC BLVD,380569.9602,5036175.456,-75.53111902,45.46139785,2016-11-16,8:15,02 - Rain,02 - Wet,01 - Traffic signal,02 - Intersection related,01 - Daylight,03 - P.D. only,03 - Rear end,Chapel Hill
7383,HUNTER'S RUN DR @ JEANNE D'ARC BLVD,380568.2062,5036175.456,-75.53114144,45.46139804,2016-10-15,17:00,01 - Clear,01 - Dry,01 - Traffic signal,02 - Intersection related,05 - Dusk,03 - P.D. only,03 - Rear end,Chapel Hill
7384,HUNTER'S RUN DR @ JEANNE D'ARC BLVD,380567.0886,5036174.792,-75.53115583,45.46139219,2016-12-17,7:35,05 - Drifting Snow,05 - Packed snow,01 - Traffic signal,03 - At intersection,03 - Dawn,03 - P.D. only,07 - SMV other,Chapel Hill
7385,HUNTER'S RUN DR btwn BEAUSEJOUR DR & JEANNE D'ARC BLVD,380568.429,5036143.663,-75.53114349,45.46111197,2016-07-13,4:55,01 - Clear,01 - Dry,10 - No control,01 - Non intersection,07 - Dark,03 - P.D. only,07 - SMV other,Chapel Hill
7386,HUNTER'S RUN DR btwn BEAUSEJOUR DR & JEANNE D'ARC BLVD,380572.0436,5036127.051,-75.53109984,45.46096212,2016-12-31,13:30,03 - Snow,03 - Loose snow,10 - No control,01 - Non intersection,01 - Daylight,03 - P.D. only,04 - Sideswipe,Chapel Hill
7387,HUNTERSFIELD DR @ PIKE ST,373227.9686,5025207.514,-75.62651317,45.36347125,2016-08-17,0:59,02 - Rain,02 - Wet,01 - Traffic signal,03 - At intersection,07 - Dark,03 - P.D. only,03 - Rear end,Greenboro East
7388,HUNTERSFIELD DR btwn BURLINGTON CRES & BURLINGTON CRES,373344.0574,5025287.786,-75.62502032,45.36418216,2016-01-05,14:54,01 - Clear,06 - Ice,10 - No control,01 - Non intersection,01 - Daylight,03 - P.D. only,06 - SMV unattended vehicle,Greenboro East
7389,HUNTERSWOOD CRES btwn FOLKWAY GT (2) & HUNTERSWOOD CRES,375118.6519,5026780.629,-75.60215749,45.37743829,2016-09-28,21:00,01 - Clear,01 - Dry,10 - No control,01 - Non intersection,07 - Dark,03 - P.D. only,06 - SMV unattended vehicle,Industrial Park
7390,HUNTERSWOOD CRES btwn FOLKWAY GT (2) & HUNTERSWOOD CRES,375243.1315,5026803.302,-75.60056508,45.37762979,2016-02-11,13:17,01 - Clear,05 - Packed snow,10 - No control,01 - Non intersection,01 - Daylight,03 - P.D. only,06 - SMV unattended vehicle,Industrial Park
7391,HUNTLEY RD @ FALLOWFIELD RD,352403.5897,5009614.699,-75.89381594,45.22488667,2016-05-28,21:25,01 - Clear,01 - Dry,02 - Stop sign,03 - At intersection,07 - Dark,03 - P.D. only,02 - Angle,Munster Hamlet - Richmond
7392,HUNTLEY RD @ FALLOWFIELD RD,352402.7248,5009615.527,-75.89382687,45.22489418,2016-10-18,11:18,01 - Clear,01 - Dry,02 - Stop sign,03 - At intersection,01 - Daylight,03 - P.D. only,02 - Angle,Munster Hamlet - Richmond
7393,HUNTLEY RD @ PERTH ST,356891.0486,5006389.419,-75.83701358,45.19554709,2016-11-14,10:49,01 - Clear,01 - Dry,01 - Traffic signal,02 - Intersection related,01 - Daylight,03 - P.D. only,04 - Sideswipe,Richmond
7394,HUNTLEY RD btwn BROWNLEE RD & GARVIN RD,355586.3269,5007924.084,-75.8534619,45.2094517,2016-04-01,14:34,01 - Clear,01 - Dry,10 - No control,01 - Non intersection,01 - Daylight,02 - Non-fatal injury,07 - SMV other,Munster Hamlet - Richmond
7395,HUNTLEY RD btwn FALLOWFIELD RD & MANSFIELD RD,353048.116,5008851.27,-75.885683,45.21797321,2016-08-27,1:30,01 - Clear,01 - Dry,10 - No control,01 - Non intersection,07 - Dark,03 - P.D. only,07 - SMV other,Munster Hamlet - Richmond
7396,HUNTLEY RD btwn MANSFIELD RD & BROWNLEE RD,354432.5629,5008558.911,-75.86808579,45.2152463,2016-05-13,18:12,01 - Clear,01 - Dry,10 - No control,01 - Non intersection,01 - Daylight,03 - P.D. only,07 - SMV other,Munster Hamlet - Richmond