Record,Location,X,Y,lon,lat,Date,Time,Environment,Road_Surface,Traffic_Control,Collision_Location,Light,Collision_Classification,Impact_type,Neighborhood
7397,HUNTMAR DR @ MAPLE GROVE RD,350267.3777,5016714.362,-75.92036742,45.28891312,2016-07-03,14:52,01 - Clear,01 - Dry,01 - Traffic signal,03 - At intersection,01 - Daylight,02 - Non-fatal injury,05 - Turning movement,Stittsville
7398,HUNTMAR DR @ MAPLE GROVE RD,350267.8245,5016714.112,-75.92036175,45.28891084,2016-02-25,15:30,02 - Rain,02 - Wet,01 - Traffic signal,02 - Intersection related,01 - Daylight,03 - P.D. only,05 - Turning movement,Stittsville
7399,HUNTMAR DR @ MAPLE GROVE RD,350267.605,5016713.039,-75.92036465,45.2889012,2016-10-19,13:50,01 - Clear,01 - Dry,01 - Traffic signal,02 - Intersection related,01 - Daylight,03 - P.D. only,03 - Rear end,Stittsville
7400,HUNTMAR DR @ MAPLE GROVE RD,350267.3803,5016713.004,-75.92036752,45.2889009,2016-05-11,16:53,01 - Clear,01 - Dry,01 - Traffic signal,02 - Intersection related,01 - Daylight,03 - P.D. only,03 - Rear end,Stittsville
7401,HUNTMAR DR @ MAPLE GROVE RD,350266.6864,5016713.515,-75.92037631,45.28890555,2016-10-02,11:05,02 - Rain,02 - Wet,01 - Traffic signal,02 - Intersection related,01 - Daylight,03 - P.D. only,03 - Rear end,Stittsville
7402,HUNTMAR DR @ MAPLE GROVE RD,350266.7768,5016712.211,-75.92037528,45.28889381,2016-12-16,9:19,01 - Clear,06 - Ice,01 - Traffic signal,02 - Intersection related,01 - Daylight,03 - P.D. only,03 - Rear end,Stittsville
7403,HUNTMAR DR @ MAPLE GROVE RD,350268.4332,5016713.867,-75.92035401,45.2889086,2016-12-26,10:17,04 - Freezing Rain,02 - Wet,01 - Traffic signal,02 - Intersection related,01 - Daylight,03 - P.D. only,03 - Rear end,Stittsville
7404,HUNTMAR DR @ MAPLE GROVE RD,350266.7768,5016714.696,-75.92037505,45.28891617,2016-12-30,16:38,01 - Clear,02 - Wet,01 - Traffic signal,02 - Intersection related,05 - Dusk,03 - P.D. only,07 - SMV other,Stittsville
7405,HUNTMAR DR @ OLD CARP RD,345200.7913,5022384.271,-75.98449272,45.34024255,2016-11-24,8:27,03 - Snow,03 - Loose snow,02 - Stop sign,03 - At intersection,01 - Daylight,03 - P.D. only,05 - Turning movement,Stittsville - Basswood
7406,HUNTMAR DR @ PALLADIUM DR N,349073.3727,5017955.295,-75.93547745,45.30015567,2016-09-24,15:40,01 - Clear,01 - Dry,02 - Stop sign,02 - Intersection related,01 - Daylight,02 - Non-fatal injury,03 - Rear end,Stittsville - Basswood
7407,HUNTMAR DR @ PALLADIUM DR N,349073.3727,5017957.972,-75.93547721,45.30017976,2016-10-07,11:08,01 - Clear,01 - Dry,02 - Stop sign,03 - At intersection,01 - Daylight,03 - P.D. only,03 - Rear end,Stittsville - Basswood
7408,HUNTMAR DR @ PALLADIUM DR N,349074.7364,5017957.047,-75.9354599,45.30017135,2016-12-18,15:12,01 - Clear,04 - Slush,02 - Stop sign,02 - Intersection related,01 - Daylight,03 - P.D. only,07 - SMV other,Stittsville - Basswood
7409,HUNTMAR DR @ PALLADIUM DR S,349675.8886,5017366.038,-75.92784858,45.29481513,2016-01-25,6:57,01 - Clear,02 - Wet,01 - Traffic signal,03 - At intersection,03 - Dawn,02 - Non-fatal injury,02 - Angle,Stittsville - Basswood
7410,HUNTMAR DR @ PALLADIUM DR S,349675.445,5017366.381,-75.9278542,45.29481824,2016-10-22,14:13,02 - Rain,02 - Wet,01 - Traffic signal,03 - At intersection,01 - Daylight,03 - P.D. only,05 - Turning movement,Stittsville - Basswood
7411,HUNTMAR DR @ PALLADIUM DR S,349675.3811,5017365.662,-75.92785508,45.29481178,2016-05-06,8:06,01 - Clear,01 - Dry,01 - Traffic signal,03 - At intersection,01 - Daylight,03 - P.D. only,05 - Turning movement,Stittsville - Basswood
7412,HUNTMAR DR @ PALLADIUM DR S,349676.5427,5017364.976,-75.92784033,45.29480553,2016-01-27,8:32,01 - Clear,06 - Ice,01 - Traffic signal,02 - Intersection related,01 - Daylight,03 - P.D. only,03 - Rear end,Stittsville - Basswood
7413,HUNTMAR DR @ PALLADIUM DR S,349676.2652,5017365.656,-75.92784381,45.29481166,2016-01-27,9:09,01 - Clear,06 - Ice,01 - Traffic signal,02 - Intersection related,01 - Daylight,03 - P.D. only,03 - Rear end,Stittsville - Basswood
7414,HUNTMAR DR @ PALLADIUM DR S,349672.9962,5017371.257,-75.92788498,45.29486227,2016-04-21,15:18,01 - Clear,01 - Dry,01 - Traffic signal,03 - At intersection,01 - Daylight,03 - P.D. only,02 - Angle,Stittsville - Basswood
7415,HUNTMAR DR @ PALLADIUM DR S,349675.3819,5017364.088,-75.92785521,45.29479761,2016-05-16,12:50,01 - Clear,01 - Dry,01 - Traffic signal,03 - At intersection,01 - Daylight,03 - P.D. only,05 - Turning movement,Stittsville - Basswood
7416,HUNTMAR DR @ PALLADIUM DR S,349674.948,5017365.217,-75.92786064,45.2948078,2016-11-19,18:00,01 - Clear,01 - Dry,01 - Traffic signal,03 - At intersection,07 - Dark,03 - P.D. only,05 - Turning movement,Stittsville - Basswood
7417,HUNTMAR DR @ PALLADIUM DR S,349675.3871,5017364.339,-75.92785512,45.29479987,2016-11-25,12:41,01 - Clear,02 - Wet,01 - Traffic signal,03 - At intersection,01 - Daylight,03 - P.D. only,05 - Turning movement,Stittsville - Basswood
7418,HUNTMAR DR @ RICHARDSON SIDE RD,348208.3633,5018982.684,-75.94641655,45.30945443,2016-02-12,19:02,03 - Snow,06 - Ice,02 - Stop sign,02 - Intersection related,07 - Dark,03 - P.D. only,99 - Other,Kanata Lakes - Marchwood Lakeside - Morgan's Grant - Kanata
7419,HUNTMAR DR @ RICHARDSON SIDE RD,348207.7571,5018982.877,-75.94642426,45.3094562,2016-12-05,9:00,03 - Snow,04 - Slush,02 - Stop sign,02 - Intersection related,01 - Daylight,03 - P.D. only,03 - Rear end,Kanata Lakes - Marchwood Lakeside - Morgan's Grant - Kanata
7420,HUNTMAR DR @ RICHARDSON SIDE RD,348207.9267,5018982.243,-75.94642215,45.30945049,2016-11-28,19:45,01 - Clear,01 - Dry,02 - Stop sign,02 - Intersection related,07 - Dark,03 - P.D. only,02 - Angle,Stittsville - Basswood
7421,HUNTMAR DR btwn HUNTMAR DR & AUTOPARK PRIV,349352.3577,5017728.013,-75.93194075,45.29809288,2016-05-13,23:10,01 - Clear,01 - Dry,10 - No control,01 - Non intersection,07 - Dark,03 - P.D. only,03 - Rear end,Stittsville - Basswood
7422,HUNTMAR DR btwn HUNTMAR DR & PALLADIUM DR,349073.9082,5017995.971,-75.93546699,45.30052165,2016-11-15,19:41,01 - Clear,01 - Dry,10 - No control,01 - Non intersection,07 - Dark,03 - P.D. only,07 - SMV other,Stittsville - Basswood
7423,HUNTMAR DR btwn OLD CARP RD & BRADLEY SIDE RD,346891.0757,5020495.545,-75.96308652,45.32314784,2016-08-27,2:24,01 - Clear,01 - Dry,10 - No control,01 - Non intersection,07 - Dark,02 - Non-fatal injury,07 - SMV other,Kanata Lakes - Marchwood Lakeside - Morgan's Grant - Kanata
7424,HUNTMAR DR btwn OLD CARP RD & BRADLEY SIDE RD,347442.9913,5019869.87,-75.95610047,45.31748451,2016-02-11,2:32,05 - Drifting Snow,03 - Loose snow,10 - No control,01 - Non intersection,07 - Dark,03 - P.D. only,07 - SMV other,Kanata Lakes - Marchwood Lakeside - Morgan's Grant - Kanata
7425,HUNTMAR DR btwn OLD CARP RD & BRADLEY SIDE RD,345335.3833,5022228.837,-75.98278815,45.33883614,2016-03-16,6:40,02 - Rain,02 - Wet,10 - No control,01 - Non intersection,03 - Dawn,03 - P.D. only,07 - SMV other,Stittsville - Basswood
7426,HUNTMAR DR btwn OLD CARP RD & BRADLEY SIDE RD,346896.8603,5020496.758,-75.96301263,45.32315841,2016-12-28,19:50,01 - Clear,01 - Dry,10 - No control,01 - Non intersection,07 - Dark,03 - P.D. only,07 - SMV other,Kanata Lakes - Marchwood Lakeside - Morgan's Grant - Kanata
7427,HUNTMAR DR btwn PALLADIUM DR & HUNTMAR DR,349160.8768,5017923.271,-75.93436462,45.29986199,2016-11-17,22:42,01 - Clear,01 - Dry,10 - No control,01 - Non intersection,07 - Dark,02 - Non-fatal injury,03 - Rear end,Stittsville - Basswood
7428,HUNTMAR DR btwn PALLADIUM DR & HUNTMAR DR,349089.5555,5017951.853,-75.93527142,45.30012368,2016-11-20,16:45,03 - Snow,03 - Loose snow,10 - No control,01 - Non intersection,05 - Dusk,03 - P.D. only,07 - SMV other,Stittsville - Basswood
7429,HUNTMAR DR btwn PALLADIUM DR & MAPLE GROVE RD,350247.627,5016732.992,-75.92061749,45.28908204,2016-01-24,0:45,01 - Clear,01 - Dry,10 - No control,01 - Non intersection,07 - Dark,03 - P.D. only,07 - SMV other,Stittsville
7430,HUNTMAR DR btwn RICHARDSON SIDE RD & HUNTMAR DR,348248.673,5018940.556,-75.9459062,45.30907286,2016-08-11,18:02,01 - Clear,01 - Dry,10 - No control,01 - Non intersection,01 - Daylight,03 - P.D. only,07 - SMV other,Kanata Lakes - Marchwood Lakeside - Morgan's Grant - Kanata
7431,HUNTSMAN CRES btwn RIDING WAY & BLACKSMITH PL,354834.0682,5015667.394,-75.86225883,45.279182,2016-01-15,6:42,01 - Clear,03 - Loose snow,10 - No control,04 - At/near private drive,07 - Dark,03 - P.D. only,06 - SMV unattended vehicle,Bridlewood - Emerald Meadows
7432,HUNTSVILLE DR btwn DRUMHELLER PL & HUNTSVILLE DR,348973.6286,5019788.976,-75.93658576,45.31666197,2016-07-25,7:40,02 - Rain,02 - Wet,10 - No control,01 - Non intersection,01 - Daylight,03 - P.D. only,06 - SMV unattended vehicle,Kanata Lakes - Marchwood Lakeside - Morgan's Grant - Kanata
7433,HURDMAN RD @ ROBINSON AVE,369889.6066,5031192.507,-75.66833347,45.4176401,2016-11-16,21:44,01 - Clear,01 - Dry,02 - Stop sign,02 - Intersection related,07 - Dark,03 - P.D. only,07 - SMV other,Sandy Hill
7434,HURON AVE @ SPENCER ST,364757.8248,5029339.012,-75.73412284,45.40142136,2016-05-18,8:02,01 - Clear,01 - Dry,02 - Stop sign,03 - At intersection,01 - Daylight,03 - P.D. only,02 - Angle,Island Park
7435,HWY 416 ACRES IC75R24 @ HOLLY ACRES RD,358757.2679,5022869.442,-75.81147242,45.34369648,2016-02-12,13:48,01 - Clear,01 - Dry,01 - Traffic signal,02 - Intersection related,01 - Daylight,03 - P.D. only,99 - Other,Greenbelt
7436,HWY 416 ACRES IC75R24 @ HOLLY ACRES RD,358756.3505,5022867.93,-75.81148429,45.34368294,2016-04-05,12:30,01 - Clear,01 - Dry,01 - Traffic signal,02 - Intersection related,01 - Daylight,03 - P.D. only,03 - Rear end,Greenbelt
7437,HWY 416 ACRES IC75R24 @ HOLLY ACRES RD,358757.1035,5022868.079,-75.81147467,45.34368423,2016-06-27,7:09,01 - Clear,01 - Dry,01 - Traffic signal,02 - Intersection related,01 - Daylight,03 - P.D. only,03 - Rear end,Greenbelt
7438,HWY 416 ACRES IC75R24 @ HOLLY ACRES RD,358757.2679,5022868.563,-75.81147252,45.34368857,2016-08-02,9:25,01 - Clear,01 - Dry,01 - Traffic signal,02 - Intersection related,01 - Daylight,03 - P.D. only,04 - Sideswipe,Greenbelt
7439,HWY 416 WESTHUNT IC72R34 @ WEST HUNT CLUB RD,359369.7921,5019363.255,-75.80404328,45.31210028,2016-04-30,11:25,01 - Clear,01 - Dry,01 - Traffic signal,03 - At intersection,01 - Daylight,03 - P.D. only,05 - Turning movement,Greenbelt
7440,HWY 416 WESTHUNT IC72R34 @ WEST HUNT CLUB RD,359371.0011,5019361.802,-75.80402802,45.31208711,2016-09-14,17:24,01 - Clear,01 - Dry,01 - Traffic signal,02 - Intersection related,01 - Daylight,03 - P.D. only,03 - Rear end,Greenbelt
7441,HWY 416 WESTHUNT IC72R34 @ WEST HUNT CLUB RD,359370.7404,5019361.541,-75.80403138,45.31208478,2016-12-02,6:45,01 - Clear,01 - Dry,01 - Traffic signal,03 - At intersection,07 - Dark,03 - P.D. only,01 - Approaching,Greenbelt
7442,HWY 417 CARLING IC124R57 @ CARLING AVE,364235.6014,5027185.449,-75.74105233,45.38208853,2016-02-12,14:15,01 - Clear,01 - Dry,10 - No control,02 - Intersection related,01 - Daylight,03 - P.D. only,03 - Rear end,Carlington
7443,HWY 417 CASTLEFR IC139R61 @ KANATA AVE,351615.5301,5019225.168,-75.90294459,45.3114175,2016-08-11,14:30,01 - Clear,01 - Dry,01 - Traffic signal,03 - At intersection,01 - Daylight,02 - Non-fatal injury,02 - Angle,Kanata
7444,HWY 417 CASTLEFR IC139R61 @ KANATA AVE,351616.0951,5019225.184,-75.90293738,45.31141761,2016-02-12,8:30,03 - Snow,03 - Loose snow,01 - Traffic signal,02 - Intersection related,01 - Daylight,03 - P.D. only,03 - Rear end,Kanata
7445,HWY 417 CASTLEFR IC139R61 @ KANATA AVE,351615.4081,5019224.749,-75.90294619,45.31141374,2016-01-21,8:17,01 - Clear,01 - Dry,01 - Traffic signal,03 - At intersection,01 - Daylight,03 - P.D. only,02 - Angle,Kanata
7446,HWY 417 CASTLEFR IC139R61 @ KANATA AVE,351614.7145,5019224.237,-75.90295508,45.31140918,2016-06-19,17:16,01 - Clear,01 - Dry,01 - Traffic signal,03 - At intersection,01 - Daylight,03 - P.D. only,02 - Angle,Kanata
7447,HWY 417 CASTLEFR IC139R61 @ KANATA AVE,351615.0927,5019224.946,-75.90295019,45.31141553,2016-03-09,16:40,01 - Clear,01 - Dry,01 - Traffic signal,02 - Intersection related,01 - Daylight,03 - P.D. only,03 - Rear end,Kanata
7448,HWY 417 CASTLEFR IC139R61 @ KANATA AVE,351616.8482,5019223.951,-75.9029279,45.31140646,2016-12-13,19:27,01 - Clear,03 - Loose snow,01 - Traffic signal,02 - Intersection related,07 - Dark,03 - P.D. only,03 - Rear end,Kanata
7449,HWY 417 CASTLEFR IC139R61 @ KANATA AVE,351616.1322,5019224.523,-75.90293697,45.31141166,2016-07-12,12:45,01 - Clear,01 - Dry,01 - Traffic signal,02 - Intersection related,01 - Daylight,03 - P.D. only,03 - Rear end,Kanata
7450,HWY 417 CASTLEFR IC139R61 @ KANATA AVE,351614.9365,5019226.125,-75.90295207,45.31142615,2016-12-14,15:45,01 - Clear,01 - Dry,01 - Traffic signal,02 - Intersection related,01 - Daylight,03 - P.D. only,03 - Rear end,Kanata
7451,HWY 417 INNES IC112R57 @ INNES RD,374297.8246,5030755.708,-75.61207673,45.41328604,2016-06-14,7:31,01 - Clear,01 - Dry,01 - Traffic signal,03 - At intersection,01 - Daylight,02 - Non-fatal injury,02 - Angle,Industrial Park
7452,HWY 417 INNES IC112R57 @ INNES RD,374298.9861,5030754.281,-75.61206209,45.41327309,2016-02-26,15:17,01 - Clear,06 - Ice,01 - Traffic signal,03 - At intersection,01 - Daylight,03 - P.D. only,03 - Rear end,Industrial Park
7453,HWY 417 INNES IC112R57 @ INNES RD,374298.9013,5030752.546,-75.61206342,45.41325748,2016-10-11,15:15,01 - Clear,01 - Dry,01 - Traffic signal,02 - Intersection related,01 - Daylight,03 - P.D. only,03 - Rear end,Industrial Park
7454,HWY 417 INNES IC112R57 @ INNES RD,374298.11,5030754.157,-75.6120733,45.41327206,2016-01-23,13:36,01 - Clear,01 - Dry,01 - Traffic signal,02 - Intersection related,01 - Daylight,03 - P.D. only,03 - Rear end,Industrial Park
7455,HWY 417 INNES IC112R57 @ INNES RD,374299.6103,5030754.381,-75.6120541,45.41327392,2016-12-01,9:30,01 - Clear,01 - Dry,01 - Traffic signal,03 - At intersection,01 - Daylight,03 - P.D. only,04 - Sideswipe,Industrial Park
7456,HWY 417 INNES IC112R58 @ INNES RD,374222.9775,5030710.64,-75.61303923,45.41288797,2016-10-03,17:51,01 - Clear,01 - Dry,03 - Yield sign,02 - Intersection related,01 - Daylight,03 - P.D. only,03 - Rear end,Industrial Park
7457,HWY 417 INNES IC112R68 @ INNES RD,374641.2248,5030921.784,-75.60766635,45.41474612,2016-04-09,10:21,01 - Clear,01 - Dry,01 - Traffic signal,02 - Intersection related,01 - Daylight,03 - P.D. only,03 - Rear end,Industrial Park
7458,HWY 417 INNES IC112R68 @ INNES RD,374641.557,5030922.123,-75.60766206,45.41474913,2016-06-01,8:10,01 - Clear,01 - Dry,01 - Traffic signal,02 - Intersection related,01 - Daylight,03 - P.D. only,04 - Sideswipe,Industrial Park
7459,HWY 417 INNES IC112R68 @ INNES RD,374642.2864,5030922.28,-75.60765272,45.41475047,2016-04-20,23:32,01 - Clear,01 - Dry,01 - Traffic signal,03 - At intersection,07 - Dark,03 - P.D. only,07 - SMV other,Industrial Park
7460,HWY 417 INNES IC112R68 @ INNES RD,374642.785,5030920.887,-75.60764655,45.41473789,2016-08-15,16:34,01 - Clear,01 - Dry,01 - Traffic signal,02 - Intersection related,01 - Daylight,03 - P.D. only,03 - Rear end,Industrial Park
7461,HWY 417 INNES IC112R68 @ INNES RD,374639.2309,5030918.423,-75.6076923,45.41471608,2016-10-19,20:15,01 - Clear,01 - Dry,01 - Traffic signal,02 - Intersection related,07 - Dark,03 - P.D. only,03 - Rear end,Industrial Park
7462,HWY 417 INNES IC112R68 @ INNES RD,374642.0207,5030920.396,-75.60765638,45.41473355,2016-10-04,17:55,01 - Clear,01 - Dry,01 - Traffic signal,02 - Intersection related,01 - Daylight,03 - P.D. only,03 - Rear end,Industrial Park
7463,HWY 417 MAITLAND IC126R25 @ MAITLAND AVE,363252.1445,5025716.537,-75.75378311,45.3689542,2016-10-29,15:55,01 - Clear,01 - Dry,10 - No control,03 - At intersection,01 - Daylight,03 - P.D. only,03 - Rear end,Braemar Park - Bel Air Heights - Copeland Park
7464,HWY 417 MAITLAND IC126R26/62 @ MAITLAND AVE,363145.5106,5025983.593,-75.75511277,45.37136603,2016-10-26,17:18,01 - Clear,01 - Dry,01 - Traffic signal,02 - Intersection related,05 - Dusk,03 - P.D. only,05 - Turning movement,Carlingwood West - Glabar Park - McKellar Heights
7465,HWY 417 MAITLAND IC126R26/62 @ MAITLAND AVE,363145.1384,5025982.76,-75.75511762,45.37135856,2016-10-25,15:30,01 - Clear,01 - Dry,01 - Traffic signal,02 - Intersection related,01 - Daylight,03 - P.D. only,03 - Rear end,Carlingwood West - Glabar Park - McKellar Heights
7466,HWY 417 MAITLAND IC126R26/62 @ MAITLAND AVE,363145.9735,5025983.603,-75.75510686,45.37136608,2016-03-31,18:37,02 - Rain,02 - Wet,01 - Traffic signal,03 - At intersection,05 - Dusk,03 - P.D. only,02 - Angle,Carlingwood West - Glabar Park - McKellar Heights
7467,HWY 417 MAITLAND IC126R26/62 @ MAITLAND AVE,363145.8236,5025983.673,-75.75510877,45.37136672,2016-09-14,4:22,01 - Clear,01 - Dry,01 - Traffic signal,03 - At intersection,07 - Dark,03 - P.D. only,07 - SMV other,Carlingwood West - Glabar Park - McKellar Heights
7468,HWY 417 MAITLAND IC126R26/62 @ MAITLAND AVE,363145.2321,5025983.47,-75.75511634,45.37136494,2016-08-19,15:44,01 - Clear,01 - Dry,01 - Traffic signal,03 - At intersection,01 - Daylight,03 - P.D. only,05 - Turning movement,Carlingwood West - Glabar Park - McKellar Heights
7469,HWY 417 MAITLAND IC126R26/62 @ MAITLAND AVE,363145.8992,5025983.573,-75.75510782,45.37136581,2016-08-25,17:21,01 - Clear,01 - Dry,01 - Traffic signal,03 - At intersection,01 - Daylight,03 - P.D. only,05 - Turning movement,Carlingwood West - Glabar Park - McKellar Heights
7470,HWY 417 MAITLAND IC126R26/62 @ MAITLAND AVE,363145.9556,5025983.914,-75.75510706,45.37136888,2016-05-06,14:00,01 - Clear,01 - Dry,01 - Traffic signal,02 - Intersection related,01 - Daylight,03 - P.D. only,99 - Other,Carlingwood West - Glabar Park - McKellar Heights
7471,HWY 417 MAITLAND IC126R26/62 @ MAITLAND AVE,363145.6594,5025984.125,-75.75511081,45.3713708,2016-12-21,12:37,01 - Clear,01 - Dry,01 - Traffic signal,03 - At intersection,01 - Daylight,03 - P.D. only,02 - Angle,Carlingwood West - Glabar Park - McKellar Heights
7472,HWY 417 MAITLAND IC126R26/62 @ MAITLAND AVE,363146.046,5025984.456,-75.75510584,45.37137375,2016-12-28,13:20,01 - Clear,01 - Dry,01 - Traffic signal,03 - At intersection,01 - Daylight,03 - P.D. only,05 - Turning movement,Carlingwood West - Glabar Park - McKellar Heights
7473,HWY 417 MAITLAND IC126R63 @ MAITLAND AVE,363167.077,5025928.569,-75.75484397,45.37086913,2016-09-02,16:10,01 - Clear,01 - Dry,03 - Yield sign,03 - At intersection,01 - Daylight,02 - Non-fatal injury,05 - Turning movement,Carlingwood West - Glabar Park - McKellar Heights
7474,HWY 417 MARCH IC138R36 @ MARCH RD,352853.3302,5020453.125,-75.88704025,45.32238331,2016-12-24,15:27,01 - Clear,02 - Wet,10 - No control,02 - Intersection related,01 - Daylight,03 - P.D. only,03 - Rear end,Greenbelt
7475,HWY 417 MOODIE IC134R52 @ MOODIE DR,356459.4673,5022043.555,-75.84087799,45.33643806,2016-02-28,18:55,01 - Clear,01 - Dry,01 - Traffic signal,02 - Intersection related,07 - Dark,03 - P.D. only,07 - SMV other,Greenbelt
7476,HWY 417 PALLADI IC142R36 @ PALLADIUM DR,348774.1912,5017374.909,-75.93934355,45.29495196,2016-05-07,14:32,01 - Clear,01 - Dry,01 - Traffic signal,03 - At intersection,01 - Daylight,03 - P.D. only,05 - Turning movement,Stittsville - Basswood
7477,HWY 417 PALLADI IC142R36 @ PALLADIUM DR,348773.4675,5017374.755,-75.93935279,45.29495062,2016-09-21,17:30,01 - Clear,01 - Dry,01 - Traffic signal,02 - Intersection related,01 - Daylight,03 - P.D. only,04 - Sideswipe,Stittsville - Basswood
7478,HWY 417 PALLADI IC142R36 @ PALLADIUM DR,348774.8134,5017374.516,-75.93933565,45.29494838,2016-12-19,16:35,01 - Clear,02 - Wet,01 - Traffic signal,02 - Intersection related,05 - Dusk,03 - P.D. only,99 - Other,Stittsville - Basswood
7479,HWY 417 RIVERSID IC117R25 @ RIVERSIDE DR,370817.8702,5031035.869,-75.65649508,45.41614377,2016-09-11,16:11,01 - Clear,01 - Dry,10 - No control,02 - Intersection related,01 - Daylight,03 - P.D. only,03 - Rear end,Industrial Park
7480,HWY 417 ST.LAURE IC115R36 @ ST. LAURENT BLVD,372393.6774,5031735.293,-75.63626744,45.42228641,2016-10-11,15:35,01 - Clear,01 - Dry,10 - No control,02 - Intersection related,01 - Daylight,03 - P.D. only,03 - Rear end,Overbrook
7481,HWY 417 ST.LAURE IC115R51 @ ST. LAURENT BLVD,372530.1853,5031410.244,-75.63456799,45.41934857,2016-02-15,16:47,03 - Snow,06 - Ice,01 - Traffic signal,02 - Intersection related,05 - Dusk,03 - P.D. only,03 - Rear end,Industrial Park
7482,HWY 417 ST.LAURE IC115R51 @ ST. LAURENT BLVD,372531.3767,5031410.093,-75.63455279,45.4193471,2016-06-05,15:23,02 - Rain,02 - Wet,01 - Traffic signal,02 - Intersection related,01 - Daylight,03 - P.D. only,03 - Rear end,Industrial Park
7483,HWY 417 TERRYFO IC140R52 @ TERRY FOX DR,351051.7885,5018433.601,-75.91020768,45.30433213,2016-02-12,15:27,01 - Clear,01 - Dry,01 - Traffic signal,02 - Intersection related,01 - Daylight,03 - P.D. only,03 - Rear end,Katimavik - Hazeldean
7484,HWY 417 TERRYFO IC140R52 @ TERRY FOX DR,351052.9092,5018434.963,-75.91019326,45.30434431,2016-03-21,10:09,01 - Clear,01 - Dry,01 - Traffic signal,03 - At intersection,01 - Daylight,03 - P.D. only,02 - Angle,Katimavik - Hazeldean
7485,HWY 417 TERRYFO IC140R52 @ TERRY FOX DR,351052.5648,5018433.328,-75.91019781,45.30432962,2016-05-22,15:08,01 - Clear,01 - Dry,01 - Traffic signal,02 - Intersection related,01 - Daylight,03 - P.D. only,03 - Rear end,Katimavik - Hazeldean
7486,HWY 417 TERRYFO IC140R52 @ TERRY FOX DR,351052.6363,5018435.205,-75.91019672,45.30434651,2016-05-06,17:15,01 - Clear,01 - Dry,01 - Traffic signal,02 - Intersection related,01 - Daylight,03 - P.D. only,02 - Angle,Katimavik - Hazeldean
7487,HWY 417 TERRYFO IC140R52 @ TERRY FOX DR,351053.7257,5018433.7,-75.91018297,45.30433289,2016-12-18,14:05,01 - Clear,01 - Dry,01 - Traffic signal,02 - Intersection related,01 - Daylight,03 - P.D. only,03 - Rear end,Katimavik - Hazeldean
7488,HWY 417 TERRYFO IC140R52 @ TERRY FOX DR,351051.1877,5018436.303,-75.91021509,45.30435648,2016-12-03,11:57,01 - Clear,01 - Dry,01 - Traffic signal,02 - Intersection related,01 - Daylight,03 - P.D. only,03 - Rear end,Katimavik - Hazeldean
7489,HWY 417 TERRYFO IC140R61 @ TERRY FOX DR,350807.535,5018711.519,-75.91329638,45.30684895,2016-08-30,9:03,01 - Clear,01 - Dry,01 - Traffic signal,02 - Intersection related,01 - Daylight,02 - Non-fatal injury,03 - Rear end,Kanata Lakes - Marchwood Lakeside - Morgan's Grant - Kanata
7490,HWY 417 TERRYFO IC140R61 @ TERRY FOX DR,350809.188,5018709.56,-75.91327549,45.30683122,2016-03-30,19:34,01 - Clear,01 - Dry,01 - Traffic signal,03 - At intersection,07 - Dark,03 - P.D. only,04 - Sideswipe,Kanata Lakes - Marchwood Lakeside - Morgan's Grant - Kanata
7491,HWY 417 TERRYFO IC140R61 @ TERRY FOX DR,350810.1525,5018709.464,-75.9132632,45.30683029,2016-02-27,13:58,01 - Clear,01 - Dry,01 - Traffic signal,02 - Intersection related,01 - Daylight,03 - P.D. only,03 - Rear end,Kanata Lakes - Marchwood Lakeside - Morgan's Grant - Kanata
7492,HWY 417 TERRYFO IC140R61 @ TERRY FOX DR,350808.8119,5018709.356,-75.9132803,45.30682941,2016-09-24,14:49,01 - Clear,01 - Dry,01 - Traffic signal,02 - Intersection related,01 - Daylight,03 - P.D. only,03 - Rear end,Kanata Lakes - Marchwood Lakeside - Morgan's Grant - Kanata
7493,HWY 417 TERRYFO IC140R61 @ TERRY FOX DR,350811.1781,5018708.768,-75.91325018,45.30682396,2016-11-12,14:30,01 - Clear,01 - Dry,01 - Traffic signal,02 - Intersection related,01 - Daylight,03 - P.D. only,03 - Rear end,Kanata Lakes - Marchwood Lakeside - Morgan's Grant - Kanata
7494,HWY 417 VANIER IC117R26 @ VANIER PKWY,370801.2995,5031359.539,-75.65666342,45.41905758,2016-12-30,13:33,01 - Clear,04 - Slush,10 - No control,02 - Intersection related,01 - Daylight,02 - Non-fatal injury,03 - Rear end,Overbrook
7495,HWY 417 VANIER IC117R26 @ VANIER PKWY,370801.721,5031358.857,-75.65665813,45.41905141,2016-08-24,17:55,01 - Clear,01 - Dry,10 - No control,03 - At intersection,01 - Daylight,03 - P.D. only,04 - Sideswipe,Overbrook
7496,HWY 417 VANIER IC117R63 @ VANIER PKWY,370799.4644,5031396.977,-75.65668185,45.41939461,2016-02-13,11:15,01 - Clear,02 - Wet,01 - Traffic signal,03 - At intersection,01 - Daylight,02 - Non-fatal injury,02 - Angle,Overbrook
7497,HWY 417 VANIER IC117R63 @ VANIER PKWY,370801.2664,5031397.51,-75.65665876,45.41939923,2016-09-20,15:30,01 - Clear,01 - Dry,01 - Traffic signal,02 - Intersection related,01 - Daylight,02 - Non-fatal injury,03 - Rear end,Overbrook