Record,Location,X,Y,lon,lat,Date,Time,Environment,Road_Surface,Traffic_Control,Collision_Location,Light,Collision_Classification,Impact_type,Neighborhood
7498,HWY 417 VANIER IC117R63 @ VANIER PKWY,370800.2479,5031397.055,-75.65667183,45.41939523,2016-11-06,16:07,01 - Clear,01 - Dry,01 - Traffic signal,03 - At intersection,01 - Daylight,02 - Non-fatal injury,02 - Angle,Overbrook
7499,HWY 417 VANIER IC117R63 @ VANIER PKWY,370799.3867,5031398.384,-75.65668266,45.41940727,2016-02-14,11:50,01 - Clear,01 - Dry,01 - Traffic signal,02 - Intersection related,01 - Daylight,03 - P.D. only,03 - Rear end,Overbrook
7500,HWY 417 VANIER IC117R63 @ VANIER PKWY,370794.5174,5031393.981,-75.65674546,45.41936812,2016-11-01,15:19,01 - Clear,01 - Dry,01 - Traffic signal,02 - Intersection related,01 - Daylight,03 - P.D. only,03 - Rear end,Overbrook
7501,HWY 417 VANIER IC117R63 @ VANIER PKWY,370801.9524,5031399.111,-75.65664978,45.41941357,2016-01-09,16:20,02 - Rain,02 - Wet,01 - Traffic signal,02 - Intersection related,05 - Dusk,03 - P.D. only,04 - Sideswipe,Overbrook
7502,HWY 417 VANIER IC117R63 @ VANIER PKWY,370798.4019,5031397.103,-75.65669541,45.41939584,2016-07-22,15:21,01 - Clear,01 - Dry,01 - Traffic signal,02 - Intersection related,01 - Daylight,03 - P.D. only,03 - Rear end,Overbrook
7503,HWY 417 VANIER IC117R63 @ VANIER PKWY,370797.3411,5031396.317,-75.65670907,45.41938887,2016-10-06,12:40,01 - Clear,01 - Dry,01 - Traffic signal,02 - Intersection related,01 - Daylight,03 - P.D. only,03 - Rear end,Overbrook
7504,HWY 417 VANIER IC117R63 @ VANIER PKWY,370799.3815,5031397.445,-75.65668285,45.41939883,2016-09-12,11:53,01 - Clear,01 - Dry,01 - Traffic signal,03 - At intersection,01 - Daylight,03 - P.D. only,02 - Angle,Overbrook
7505,HWY 417 VANIER IC117R63 @ VANIER PKWY,370799.4303,5031398.715,-75.65668206,45.41941025,2016-12-26,17:18,04 - Freezing Rain,06 - Ice,01 - Traffic signal,03 - At intersection,07 - Dark,03 - P.D. only,02 - Angle,Overbrook
7506,HWY 417 WALKLEY IC110R57 @ WALKLEY EXTENSION R,375656.4938,5028998.003,-75.59497274,45.39733491,2016-08-02,11:38,01 - Clear,01 - Dry,02 - Stop sign,02 - Intersection related,01 - Daylight,02 - Non-fatal injury,03 - Rear end,Greenbelt
7507,HWY 417 WALKLEY IC110R57 @ WALKLEY EXTENSION R,375656.8259,5028998.611,-75.59496841,45.39734035,2016-04-06,14:57,03 - Snow,04 - Slush,02 - Stop sign,03 - At intersection,01 - Daylight,03 - P.D. only,02 - Angle,Greenbelt
7508,HWY 417 WALKLEY IC110R57 @ WALKLEY EXTENSION R,375655.6978,5028999.037,-75.59498276,45.39734429,2016-07-03,21:24,01 - Clear,01 - Dry,02 - Stop sign,03 - At intersection,07 - Dark,03 - P.D. only,02 - Angle,Greenbelt
7509,HWY 417 WALKLEY IC110R57 @ WALKLEY EXTENSION R,375657.4801,5028999.818,-75.59495988,45.39735114,2016-12-07,16:12,01 - Clear,02 - Wet,02 - Stop sign,03 - At intersection,05 - Dusk,03 - P.D. only,02 - Angle,Greenbelt
7510,HWY 417 WALKLEY IC110R64 @ WALKLEY EXTENSION R,375989.6681,5029175.504,-75.59069213,45.39889817,2016-07-04,13:34,01 - Clear,01 - Dry,02 - Stop sign,02 - Intersection related,01 - Daylight,03 - P.D. only,07 - SMV other,Greenbelt
7511,HWY 417 WOODROFF IC127R36 @ WOODROFFE AVE,362031.5343,5025065.753,-75.76943987,45.36319924,2016-01-31,15:38,01 - Clear,02 - Wet,10 - No control,02 - Intersection related,01 - Daylight,03 - P.D. only,05 - Turning movement,Whitehaven - Queensway Terrace North
7512,HWY 417 WOODROFF IC127R62 @ WOODROFFE AVE,362049.6903,5025020.101,-75.76921342,45.36278699,2016-03-09,8:03,01 - Clear,01 - Dry,03 - Yield sign,02 - Intersection related,01 - Daylight,03 - P.D. only,03 - Rear end,Whitehaven - Queensway Terrace North
7513,HWY 417 WOODROFF IC127R62 @ WOODROFFE AVE,362050.7579,5025020.671,-75.76919972,45.36279203,2016-04-14,10:23,01 - Clear,01 - Dry,03 - Yield sign,03 - At intersection,01 - Daylight,03 - P.D. only,04 - Sideswipe,Whitehaven - Queensway Terrace North
7514,HWY 417 WOODROFF IC127R62 @ WOODROFFE AVE,362050.6415,5025018.609,-75.76920145,45.36277348,2016-07-07,12:45,01 - Clear,01 - Dry,03 - Yield sign,03 - At intersection,01 - Daylight,03 - P.D. only,02 - Angle,Whitehaven - Queensway Terrace North
7515,HWY 417 WOODROFF IC127R63 @ WOODROFFE AVE,362109.4707,5024871.9,-75.76846757,45.3614486,2016-01-29,15:22,01 - Clear,01 - Dry,10 - No control,02 - Intersection related,01 - Daylight,03 - P.D. only,03 - Rear end,Whitehaven - Queensway Terrace North
7516,HWY 7 HAZELDEAN RD IC RAMP 24 btwn HIGHWAY 7 & HAZELDEAN RD,346330.8913,5011972.743,-75.97094526,45.2464897,2016-02-09,8:11,03 - Snow,03 - Loose snow,10 - No control,01 - Non intersection,01 - Daylight,03 - P.D. only,07 - SMV other,Stittsville - Basswood
7517,HWY 7 HAZELDEAN RD IC RAMP 34 btwn HAZELDEAN RD & HIGHWAY 7,346317.8366,5012637.832,-75.97105601,45.25247524,2016-02-27,4:30,01 - Clear,01 - Dry,10 - No control,01 - Non intersection,07 - Dark,03 - P.D. only,07 - SMV other,Stittsville - Basswood
7518,HWY 7 HAZELDEAN RD IC RAMP 52 btwn HAZELDEAN RD & HIGHWAY 7,346400.3717,5012198.277,-75.97004133,45.24851505,2016-03-03,8:10,01 - Clear,06 - Ice,10 - No control,01 - Non intersection,01 - Daylight,03 - P.D. only,07 - SMV other,Stittsville - Basswood
7519,HWY416 IC42 RAMP34 btwn HIGHWAY 416 & DILWORTH RD,371259.7723,4995174.836,-75.65564514,45.09343014,2016-04-17,4:00,01 - Clear,01 - Dry,10 - No control,01 - Non intersection,07 - Dark,03 - P.D. only,07 - SMV other,Manotick - North Gower
7520,HWY416 IC42 RAMP43 btwn DILWORTH RD & HIGHWAY 416,371327.4536,4995246.663,-75.65477583,45.09407009,2016-04-01,12:55,01 - Clear,01 - Dry,10 - No control,01 - Non intersection,01 - Daylight,03 - P.D. only,07 - SMV other,Manotick - North Gower
7521,HWY416 IC49 RAMP43 btwn ROGER STEVENS DR & HIGHWAY 416,369050.1592,5000982.103,-75.68296935,45.14588872,2016-01-15,18:19,01 - Clear,06 - Ice,10 - No control,01 - Non intersection,07 - Dark,03 - P.D. only,07 - SMV other,Kars - Osgoode
7522,HWY416 IC57 RAMP43 btwn BROPHY DR & HIGHWAY 416,364523.3859,5008036.94,-75.73968395,45.2097665,2016-09-21,22:30,01 - Clear,01 - Dry,10 - No control,01 - Non intersection,07 - Dark,03 - P.D. only,07 - SMV other,New Barrhaven
7523,HWY416 IC66 RAMP34 btwn HIGHWAY 416 & FALLOWFIELD RD,359802.3877,5014870.276,-75.7990248,45.2716383,2016-02-24,15:00,04 - Freezing Rain,04 - Slush,10 - No control,01 - Non intersection,01 - Daylight,03 - P.D. only,04 - Sideswipe,Greenbelt
7524,HWY416 IC66 RAMP34 btwn HIGHWAY 416 & FALLOWFIELD RD,359749.6579,5015232.694,-75.79965665,45.2749035,2016-09-17,16:50,02 - Rain,02 - Wet,10 - No control,01 - Non intersection,01 - Daylight,03 - P.D. only,07 - SMV other,Greenbelt
7525,HWY416 IC66 RAMP62 btwn HIGHWAY 416 & FALLOWFIELD RD,359862.6291,5015149.193,-75.79822618,45.27414331,2016-12-05,10:00,01 - Clear,03 - Loose snow,10 - No control,01 - Non intersection,01 - Daylight,03 - P.D. only,06 - SMV unattended vehicle,Greenbelt
7526,HWY416 IC66 RAMP63 btwn FALLOWFIELD RD & HIGHWAY 416,359960.6279,5014879.397,-75.79700725,45.27170798,2016-02-13,14:40,06 - Strong wind,05 - Packed snow,10 - No control,01 - Non intersection,01 - Daylight,03 - P.D. only,07 - SMV other,Greenbelt
7527,HWY416 IC72 RAMP34 btwn HIGHWAY 416 & WEST HUNT CLUB RD,359349.8837,5019671.35,-75.80426324,45.31487408,2016-02-01,2:00,01 - Clear,01 - Dry,10 - No control,01 - Non intersection,"08 - Dark, artificial",02 - Non-fatal injury,07 - SMV other,Greenbelt
7528,HWY416 IC75A RAMP26 btwn HIGHWAY 417 & HIGHWAY 416,358303.2911,5022702.397,-75.81728309,45.34222817,2016-01-06,8:13,00 - Unknown,00 - Unknown,10 - No control,01 - Non intersection,01 - Daylight,01 - Fatal injury,07 - SMV other,Greenbelt
7529,HWY416 IC75A RAMP26 btwn HIGHWAY 417 & HIGHWAY 416,358702.5602,5022006.339,-75.8122645,45.33593445,2016-12-11,19:00,03 - Snow,03 - Loose snow,10 - No control,01 - Non intersection,07 - Dark,03 - P.D. only,07 - SMV other,Greenbelt
7530,HWY416 IC75A RAMP26 btwn HIGHWAY 417 & HIGHWAY 416,358185.5969,5022769.034,-75.81877761,45.34283674,2016-12-27,20:35,01 - Clear,02 - Wet,10 - No control,01 - Non intersection,07 - Dark,03 - P.D. only,03 - Rear end,Greenbelt
7531,HWY416 IC75A RAMP43 btwn HWY416 IC75A RAMP63 & HIGHWAY 416,358679.4928,5021953.38,-75.81256456,45.33545969,2016-12-07,20:20,01 - Clear,01 - Dry,10 - No control,01 - Non intersection,07 - Dark,03 - P.D. only,07 - SMV other,Greenbelt
7532,HWY416 IC75B RAMP25 btwn HWY416 IC75C RAMP24 & HWY417 IC131 RAMP55,358637.488,5022847.408,-75.81300317,45.34350742,2016-09-15,17:15,01 - Clear,01 - Dry,10 - No control,01 - Non intersection,01 - Daylight,03 - P.D. only,04 - Sideswipe,Greenbelt
7533,HWY416 IC75B RAMP25 btwn HWY416 IC75C RAMP24 & HWY417 IC131 RAMP55,358568.8194,5022739.635,-75.81389107,45.34254294,2016-11-01,15:15,01 - Clear,01 - Dry,10 - No control,01 - Non intersection,01 - Daylight,03 - P.D. only,04 - Sideswipe,Greenbelt
7534,HWY417 HUNT CLUB IC108 RAMP26,376456.491,5027698.067,-75.58494471,45.38555738,2016-09-13,1:48,01 - Clear,01 - Dry,10 - No control,01 - Non intersection,07 - Dark,02 - Non-fatal injury,07 - SMV other,Greenbelt
7535,HWY417 HUNT CLUB IC108 RAMP26,376456.491,5027698.067,-75.58494471,45.38555738,2016-01-29,19:13,01 - Clear,01 - Dry,10 - No control,01 - Non intersection,07 - Dark,03 - P.D. only,07 - SMV other,Greenbelt
7536,HWY417 HUNT CLUB IC108 RAMP26,376456.491,5027698.067,-75.58494471,45.38555738,2016-06-15,1:59,01 - Clear,01 - Dry,10 - No control,01 - Non intersection,07 - Dark,03 - P.D. only,07 - SMV other,Greenbelt
7537,HWY417 HUNT CLUB IC108 RAMP51,376355.0228,5027446.322,-75.58627679,45.38330268,2016-01-10,0:02,03 - Snow,06 - Ice,10 - No control,01 - Non intersection,"08 - Dark, artificial",03 - P.D. only,03 - Rear end,Greenbelt
7538,HWY417 HUNT CLUB IC108 RAMP63 btwn HIGHWAY 417 WB & HWY417 HUNT CLUB IC108 RAMP52,376588.9651,5027751.497,-75.58324546,45.38602455,2016-01-29,14:50,01 - Clear,03 - Loose snow,10 - No control,01 - Non intersection,01 - Daylight,03 - P.D. only,07 - SMV other,Greenbelt
7539,HWY417 IC104 RAMP16 btwn ANDERSON RD & HIGHWAY 417,380147.6897,5025985.995,-75.53807576,45.36976592,2016-04-14,5:40,01 - Clear,01 - Dry,10 - No control,01 - Non intersection,07 - Dark,03 - P.D. only,03 - Rear end,Greenbelt
7540,HWY417 IC104 RAMP16 btwn ANDERSON RD & HIGHWAY 417,380052.9048,5026237.063,-75.53924741,45.37203506,2016-12-18,15:14,01 - Clear,03 - Loose snow,10 - No control,01 - Non intersection,01 - Daylight,03 - P.D. only,07 - SMV other,Greenbelt
7541,HWY417 IC104 RAMP51 btwn HIGHWAY 417 & ANDERSON RD,379716.0068,5025965.301,-75.54358919,45.36962601,2016-10-04,0:30,01 - Clear,01 - Dry,10 - No control,01 - Non intersection,07 - Dark,03 - P.D. only,07 - SMV other,Greenbelt
7542,HWY417 IC104 RAMP61 btwn ANDERSON RD & HIGHWAY 417,380236.7248,5026013.261,-75.5369351,45.37000167,2016-03-08,21:15,01 - Clear,01 - Dry,10 - No control,01 - Non intersection,"08 - Dark, artificial",03 - P.D. only,07 - SMV other,Greenbelt
7543,HWY417 IC110 RAMP54 btwn HWY417 IC110 RAMP58 & HIGHWAY 417,375656.0942,5029229.562,-75.59494458,45.39941839,2016-03-12,10:57,01 - Clear,02 - Wet,10 - No control,01 - Non intersection,01 - Daylight,03 - P.D. only,07 - SMV other,Greenbelt
7544,HWY417 IC110 RAMP54 btwn HWY417 IC110 RAMP58 & HIGHWAY 417,375610.297,5029139.854,-75.59554236,45.39861588,2016-05-17,18:30,01 - Clear,01 - Dry,10 - No control,01 - Non intersection,01 - Daylight,03 - P.D. only,04 - Sideswipe,Greenbelt
7545,HWY417 IC110 RAMP56 btwn HIGHWAY 417 & WALKLEY EXTENSION RD,375926.7625,5028970.307,-75.59152511,45.39705831,2016-07-15,14:00,01 - Clear,01 - Dry,10 - No control,01 - Non intersection,01 - Daylight,02 - Non-fatal injury,07 - SMV other,Greenbelt
7546,HWY417 IC110 RAMP56 btwn HIGHWAY 417 & WALKLEY EXTENSION RD,375868.3372,5029005.101,-75.59226625,45.3973773,2016-05-31,22:40,01 - Clear,01 - Dry,10 - No control,01 - Non intersection,07 - Dark,03 - P.D. only,07 - SMV other,Greenbelt
7547,HWY417 IC110 RAMP56 btwn HIGHWAY 417 & WALKLEY EXTENSION RD,375988.1761,5028999.736,-75.59073655,45.39731686,2016-03-24,11:48,03 - Snow,03 - Loose snow,10 - No control,01 - Non intersection,01 - Daylight,03 - P.D. only,07 - SMV other,Greenbelt
7548,HWY417 IC110 RAMP66 btwn HIGHWAY 417 & WALKLEY EXTENSION RD,375903.7113,5029256.671,-75.59177822,45.3996372,2016-01-23,16:45,01 - Clear,01 - Dry,10 - No control,01 - Non intersection,05 - Dusk,03 - P.D. only,04 - Sideswipe,Greenbelt
7549,HWY417 IC112 RAMP64 btwn HWY417 IC112 RAMP68 & HIGHWAY 417,374814.6141,5030751.476,-75.60547549,45.41319645,2016-02-27,2:15,01 - Clear,01 - Dry,10 - No control,01 - Non intersection,07 - Dark,03 - P.D. only,04 - Sideswipe,Industrial Park
7550,HWY417 IC112 RAMP66 btwn HIGHWAY 417 & INNES RD,374783.3036,5030973.143,-75.605844,45.41519402,2016-04-07,4:50,03 - Snow,05 - Packed snow,10 - No control,01 - Non intersection,07 - Dark,03 - P.D. only,07 - SMV other,Industrial Park
7551,HWY417 IC115 RAMP26 btwn ST. LAURENT BLVD & Continuation of HWY417 IC1,372493.5675,5031541.202,-75.63501783,45.42053041,2016-07-23,1:08,01 - Clear,01 - Dry,10 - No control,01 - Non intersection,07 - Dark,03 - P.D. only,07 - SMV other,Overbrook
7552,HWY417 IC115 RAMP36 btwn HIGHWAY 417 & TRANSIT,372050.2332,5031480.998,-75.64069029,45.42003148,2016-06-30,13:26,01 - Clear,01 - Dry,10 - No control,01 - Non intersection,01 - Daylight,03 - P.D. only,04 - Sideswipe,Overbrook
7553,HWY417 IC115 RAMP51 btwn HIGHWAY 417 & ST. LAURENT BLVD,372120.4773,5031453.676,-75.63979656,45.4197789,2016-01-03,17:15,03 - Snow,03 - Loose snow,10 - No control,01 - Non intersection,05 - Dusk,03 - P.D. only,04 - Sideswipe,Industrial Park
7554,HWY417 IC115 RAMP61 btwn RAMP & HIGHWAY 417,372641.0965,5031562.54,-75.63313,45.42070811,2016-01-31,3:00,01 - Clear,01 - Dry,10 - No control,01 - Non intersection,"08 - Dark, artificial",03 - P.D. only,07 - SMV other,Cummings
7555,HWY417 IC115 RAMP61 btwn RAMP & HIGHWAY 417,372574.3133,5031620.326,-75.6339753,45.42123452,2016-08-29,16:50,01 - Clear,01 - Dry,10 - No control,01 - Non intersection,01 - Daylight,03 - P.D. only,04 - Sideswipe,Cummings
7556,HWY417 IC117 RAMP26 btwn HIGHWAY 417 & VANIER PKWY,370924.496,5031372.325,-75.65508773,45.41916099,2016-01-17,9:35,01 - Clear,06 - Ice,10 - No control,01 - Non intersection,01 - Daylight,03 - P.D. only,07 - SMV other,Overbrook
7557,HWY417 IC117 RAMP26 btwn HIGHWAY 417 & VANIER PKWY,370817.1653,5031377.694,-75.65645829,45.41921944,2016-02-14,18:00,01 - Clear,01 - Dry,10 - No control,01 - Non intersection,"08 - Dark, artificial",03 - P.D. only,04 - Sideswipe,Overbrook
7558,HWY417 IC117 RAMP36 btwn HIGHWAY 417 & VANIER PKWY,370748.9771,5031285.549,-75.65734181,45.41839678,2016-09-14,19:00,01 - Clear,01 - Dry,10 - No control,01 - Non intersection,01 - Daylight,02 - Non-fatal injury,03 - Rear end,Overbrook
7559,HWY417 IC117 RAMP36 btwn HIGHWAY 417 & VANIER PKWY,370656.2991,5031200.895,-75.65853718,45.41764383,2016-07-05,0:33,01 - Clear,01 - Dry,10 - No control,01 - Non intersection,07 - Dark,03 - P.D. only,04 - Sideswipe,Overbrook
7560,HWY417 IC117 RAMP36 btwn HIGHWAY 417 & VANIER PKWY,370748.7683,5031285.483,-75.65734448,45.41839621,2016-03-24,16:25,03 - Snow,04 - Slush,10 - No control,01 - Non intersection,01 - Daylight,03 - P.D. only,03 - Rear end,Overbrook
7561,HWY417 IC117 RAMP51 btwn HIGHWAY 417 & HWY417 IC117 RAMP53,370573.6123,5031125.503,-75.65960364,45.41697326,2016-06-09,11:45,01 - Clear,01 - Dry,10 - No control,01 - Non intersection,01 - Daylight,03 - P.D. only,03 - Rear end,Industrial Park
7562,HWY417 IC117 RAMP51 btwn HIGHWAY 417 & HWY417 IC117 RAMP53,370577.7141,5031126.141,-75.65955115,45.41697862,2016-03-02,8:15,03 - Snow,05 - Packed snow,10 - No control,,01 - Daylight,03 - P.D. only,07 - SMV other,Industrial Park
7563,HWY417 IC117 RAMP51 btwn HIGHWAY 417 & HWY417 IC117 RAMP53,370700.7403,5031029.955,-75.65799226,45.4161016,2016-08-04,8:30,01 - Clear,01 - Dry,10 - No control,01 - Non intersection,01 - Daylight,03 - P.D. only,03 - Rear end,Industrial Park
7564,HWY417 IC117 RAMP51 btwn HIGHWAY 417 & HWY417 IC117 RAMP53,370588.644,5031121.035,-75.65941219,45.41693165,2016-12-14,17:20,01 - Clear,01 - Dry,10 - No control,01 - Non intersection,07 - Dark,03 - P.D. only,03 - Rear end,Industrial Park
7565,HWY417 IC117 RAMP51 btwn HIGHWAY 417 & HWY417 IC117 RAMP53,370451.9057,5031131.725,-75.6611577,45.41704068,2016-12-09,9:14,01 - Clear,01 - Dry,10 - No control,01 - Non intersection,01 - Daylight,03 - P.D. only,03 - Rear end,Industrial Park
7566,HWY417 IC118 RAMP35 btwn NICHOLAS ST & HWY417 IC118 RAMP45,369487.473,5030987.139,-75.67349805,45.41582957,2016-01-22,6:35,01 - Clear,01 - Dry,10 - No control,01 - Non intersection,07 - Dark,02 - Non-fatal injury,03 - Rear end,Old Ottawa East
7567,HWY417 IC118 RAMP35 btwn NICHOLAS ST & HWY417 IC118 RAMP45,369392.4442,5030961.24,-75.67471549,45.41560532,2016-06-05,2:45,01 - Clear,01 - Dry,10 - No control,01 - Non intersection,07 - Dark,03 - P.D. only,07 - SMV other,Old Ottawa East
7568,HWY417 IC118 RAMP35 btwn NICHOLAS ST & HWY417 IC118 RAMP45,369492.3836,5030958.081,-75.67343913,45.41556766,2016-02-26,10:30,01 - Clear,01 - Dry,10 - No control,01 - Non intersection,01 - Daylight,03 - P.D. only,04 - Sideswipe,Old Ottawa East
7569,HWY417 IC118 RAMP45 btwn HWY417 IC118 RAMP35 & LEES AVE,369526.1931,5031051.758,-75.6729949,45.41640741,2016-04-06,23:45,03 - Snow,03 - Loose snow,10 - No control,01 - Non intersection,"08 - Dark, artificial",02 - Non-fatal injury,04 - Sideswipe,Old Ottawa East
7570,HWY417 IC118 RAMP45 btwn HWY417 IC118 RAMP35 & LEES AVE,369517.336,5030998.297,-75.67311507,45.41592721,2016-08-18,10:11,01 - Clear,01 - Dry,10 - No control,07 - Overpass or bridge,01 - Daylight,03 - P.D. only,03 - Rear end,Old Ottawa East
7571,HWY417 IC118 RAMP45 btwn HWY417 IC118 RAMP35 & LEES AVE,369513.4664,5030997.283,-75.67316464,45.41591844,2016-01-23,3:00,01 - Clear,01 - Dry,10 - No control,01 - Non intersection,"08 - Dark, artificial",03 - P.D. only,07 - SMV other,Old Ottawa East
7572,HWY417 IC118 RAMP52 btwn HWY417 IC118 RAMP57 & HWY417 IC118 RAMP62,369495.4284,5030892.368,-75.67340886,45.41497612,2016-03-25,3:30,02 - Rain,02 - Wet,10 - No control,01 - Non intersection,07 - Dark,03 - P.D. only,04 - Sideswipe,Old Ottawa East
7573,HWY417 IC118 RAMP67 btwn HWY417 IC118 RAMP64 & HIGHWAY 417,369679.2916,5031163.202,-75.67102429,45.41739596,2016-02-01,18:52,01 - Clear,01 - Dry,10 - No control,01 - Non intersection,07 - Dark,03 - P.D. only,07 - SMV other,Sandy Hill
7574,HWY417 IC118 RAMP67 btwn HWY417 IC118 RAMP64 & HIGHWAY 417,369601.0748,5031165.072,-75.67202333,45.41742004,2016-08-12,7:30,01 - Clear,01 - Dry,10 - No control,01 - Non intersection,01 - Daylight,03 - P.D. only,04 - Sideswipe,Sandy Hill
7575,HWY417 IC118 RAMP67 btwn HWY417 IC118 RAMP64 & HIGHWAY 417,369707.0047,5031161.268,-75.67067049,45.41737599,2016-02-20,8:35,02 - Rain,04 - Slush,10 - No control,01 - Non intersection,01 - Daylight,03 - P.D. only,07 - SMV other,Sandy Hill
7576,HWY417 IC118 RAMP67 btwn HWY417 IC118 RAMP64 & HIGHWAY 417,369706.7895,5031161.639,-75.67067319,45.41737935,2016-12-12,0:15,03 - Snow,03 - Loose snow,10 - No control,01 - Non intersection,00 - Unknown,03 - P.D. only,07 - SMV other,Sandy Hill
7577,HWY417 IC118 RAMP67 btwn HWY417 IC118 RAMP64 & HIGHWAY 417,369647.6023,5031164.953,-75.67142892,45.41741465,2016-12-31,21:40,03 - Snow,03 - Loose snow,10 - No control,01 - Non intersection,07 - Dark,03 - P.D. only,03 - Rear end,Sandy Hill
7578,HWY417 IC118 RAMP76 btwn HIGHWAY 417 & HWY417 IC118 RAMP43,369354.4357,5031005.812,-75.67519523,45.41600987,2016-01-27,19:55,01 - Clear,01 - Dry,10 - No control,01 - Non intersection,"08 - Dark, artificial",03 - P.D. only,99 - Other,Old Ottawa East
7579,HWY417 IC118 RAMP76 btwn HIGHWAY 417 & HWY417 IC118 RAMP43,369385.6953,5031077.96,-75.67478641,45.41665615,2016-01-21,21:13,01 - Clear,06 - Ice,10 - No control,01 - Non intersection,07 - Dark,03 - P.D. only,07 - SMV other,Old Ottawa East
7580,HWY417 IC118 RAMP76 btwn HIGHWAY 417 & HWY417 IC118 RAMP43,369384.2662,5031067.238,-75.67480607,45.41655981,2016-02-13,17:00,01 - Clear,06 - Ice,10 - No control,01 - Non intersection,01 - Daylight,03 - P.D. only,07 - SMV other,Old Ottawa East
7581,HWY417 IC119A RAMP67 btwn HWY417 IC119A RAMP66 & HIGHWAY 417,368587.4947,5030542.118,-75.68505336,45.41190805,2016-07-01,11:24,01 - Clear,01 - Dry,10 - No control,01 - Non intersection,01 - Daylight,03 - P.D. only,03 - Rear end,Centretown
7582,HWY417 IC119A RAMP75 btwn METCALFE ST & HIGHWAY 417,368591.4679,5030506.324,-75.68500723,45.41158562,2016-02-13,21:35,01 - Clear,01 - Dry,10 - No control,01 - Non intersection,07 - Dark,02 - Non-fatal injury,07 - SMV other,The Glebe
7583,HWY417 IC119B RAMP76 btwn HIGHWAY 417 & O'CONNOR ST,368194.9764,5030311.512,-75.69009731,45.4098688,2016-09-16,14:50,01 - Clear,01 - Dry,10 - No control,01 - Non intersection,01 - Daylight,03 - P.D. only,04 - Sideswipe,Centretown
7584,HWY417 IC121A RAMP16 btwn HIGHWAY 417 & RAYMOND ST,366975.7966,5029658.259,-75.7057538,45.40410038,2016-06-20,16:00,01 - Clear,01 - Dry,10 - No control,01 - Non intersection,01 - Daylight,03 - P.D. only,03 - Rear end,Centretown West
7585,HWY417 IC121A RAMP51 btwn HIGHWAY 417 & BRONSON AVE,367119.4743,5029668.866,-75.70391727,45.40418305,2016-07-29,18:35,01 - Clear,01 - Dry,10 - No control,01 - Non intersection,01 - Daylight,03 - P.D. only,03 - Rear end,The Glebe Annex
7586,HWY417 IC121A RAMP51 btwn HIGHWAY 417 & BRONSON AVE,367082.1541,5029662.899,-75.70439472,45.40413268,2016-09-29,14:53,01 - Clear,01 - Dry,10 - No control,01 - Non intersection,01 - Daylight,03 - P.D. only,04 - Sideswipe,The Glebe Annex
7587,HWY417 IC121A RAMP61 btwn CATHERINE ST & HIGHWAY 417,367456.2614,5029872.723,-75.6995896,45.40598723,2016-01-06,7:20,01 - Clear,06 - Ice,10 - No control,01 - Non intersection,03 - Dawn,03 - P.D. only,03 - Rear end,Centretown
7588,HWY417 IC121A RAMP61 btwn CATHERINE ST & HIGHWAY 417,367503.7149,5029880.562,-75.69898246,45.40605351,2016-02-14,0:14,01 - Clear,06 - Ice,10 - No control,01 - Non intersection,00 - Unknown,03 - P.D. only,07 - SMV other,The Glebe
7589,HWY417 IC122 RAMP15 btwn HWY417 IC122 RAMP51 & HIGHWAY 417,365482.3481,5028960.152,-75.72491553,45.39795004,2016-04-13,16:30,01 - Clear,01 - Dry,10 - No control,01 - Non intersection,01 - Daylight,03 - P.D. only,03 - Rear end,Civic Hospital - Experimental Farm - Central Park
7590,HWY417 IC122 RAMP15 btwn HWY417 IC122 RAMP51 & HIGHWAY 417,365632.2314,5029071.724,-75.72298752,45.39894093,2016-07-14,9:10,01 - Clear,01 - Dry,10 - No control,01 - Non intersection,01 - Daylight,03 - P.D. only,04 - Sideswipe,Civic Hospital - Experimental Farm - Central Park
7591,HWY417 IC122 RAMP16 btwn HIGHWAY 417 & WESTMOUNT AVE,365161.5985,5028759.976,-75.72903653,45.39617662,2016-02-12,19:00,01 - Clear,03 - Loose snow,10 - No control,01 - Non intersection,"08 - Dark, artificial",03 - P.D. only,04 - Sideswipe,Civi
7592,HWY417 IC122 RAMP51 btwn HIGHWAY 417 & PARKDALE AVE,365324.1647,5028836.25,-75.726951,45.39684889,2016-01-12,13:20,01 - Clear,04 - Slush,10 - No control,01 - Non intersection,01 - Daylight,03 - P.D. only,03 - Rear end,Civic Hospital - Experimental Farm - Central Park
7593,HWY417 IC122 RAMP51 btwn HIGHWAY 417 & PARKDALE AVE,365194.7287,5028746.288,-75.72861509,45.39605061,2016-01-03,8:20,03 - Snow,03 - Loose snow,10 - No control,01 - Non intersection,01 - Daylight,03 - P.D. only,07 - SMV other,Civic Hospital - Experimental Farm - Central Park
7594,HWY417 IC123 RAMP62 btwn ISLAND PARK DR & HIGHWAY 417,364558.9591,5028047.625,-75.73681928,45.38981872,2016-07-15,20:00,01 - Clear,01 - Dry,10 - No control,01 - Non intersection,01 - Daylight,02 - Non-fatal injury,07 - SMV other,Westboro
7595,HWY417 IC124 RAMP55 btwn CARLING AVE EB & HIGHWAY 417,364434.2354,5027479.812,-75.73848059,45.38472028,2016-09-25,22:20,01 - Clear,01 - Dry,10 - No control,01 - Non intersection,07 - Dark,03 - P.D. only,03 - Rear end,Carlington
7596,HWY417 IC126 RAMP16 btwn HIGHWAY 417 & HWY417 IC126 RAMP26,363082.278,5025801.28,-75.7559415,45.36973086,2016-03-24,15:31,04 - Freezing Rain,03 - Loose snow,10 - No control,01 - Non intersection,01 - Daylight,03 - P.D. only,04 - Sideswipe,Glabar Park
7597,HWY417 IC126 RAMP25 btwn HWY417 IC126 RAMP55 & HIGHWAY 417,363316.1731,5025964.227,-75.75293644,45.37117754,2016-04-06,21:30,03 - Snow,03 - Loose snow,10 - No control,01 - Non intersection,07 - Dark,02 - Non-fatal injury,04 - Sideswipe,Carlington