Record,Location,X,Y,lon,lat,Date,Time,Environment,Road_Surface,Traffic_Control,Collision_Location,Light,Collision_Classification,Impact_type,Neighborhood
7598,HWY417 IC126 RAMP26 btwn HWY417 IC126 RAMP16 & HWY417 IC126 RAMP62,363118.4514,5025979.816,-75.75545865,45.37133429,2016-07-26,10:44,01 - Clear,01 - Dry,10 - No control,01 - Non intersection,01 - Daylight,03 - P.D. only,03 - Rear end,Glabar Park
7599,HWY417 IC126 RAMP51 btwn HIGHWAY 417 & HWY417 IC126 RAMP52,363287.4543,5025931.117,-75.75330697,45.37088202,2016-07-25,18:17,01 - Clear,01 - Dry,10 - No control,01 - Non intersection,01 - Daylight,02 - Non-fatal injury,07 - SMV other,Carlington
7600,HWY417 IC126 RAMP51 btwn HIGHWAY 417 & HWY417 IC126 RAMP52,363245.0118,5025920.672,-75.75385001,45.37079158,2016-04-13,9:24,01 - Clear,01 - Dry,10 - No control,01 - Non intersection,01 - Daylight,02 - Non-fatal injury,03 - Rear end,Carlington
7601,HWY417 IC126 RAMP51 btwn HIGHWAY 417 & HWY417 IC126 RAMP52,363239.9036,5025917.337,-75.75391562,45.370762,2016-07-10,6:30,02 - Rain,02 - Wet,10 - No control,01 - Non intersection,01 - Daylight,03 - P.D. only,07 - SMV other,Carlington
7602,HWY417 IC126 RAMP52 btwn MAITLAND AVE & HWY417 IC126 RAMP51,363254.6381,5025802.844,-75.75374107,45.36973058,2016-02-13,14:50,01 - Clear,01 - Dry,10 - No control,01 - Non intersection,01 - Daylight,02 - Non-fatal injury,03 - Rear end,Carlington
7603,HWY417 IC126 RAMP52 btwn MAITLAND AVE & HWY417 IC126 RAMP51,363228.085,5025814.056,-75.7540787,45.36983367,2016-02-13,9:00,01 - Clear,06 - Ice,10 - No control,01 - Non intersection,01 - Daylight,03 - P.D. only,03 - Rear end,Carlington
7604,HWY417 IC126 RAMP61 btwn HWY417 IC126 RAMP63 & HIGHWAY 417,363104.8464,5025844.326,-75.75564832,45.3701163,2016-10-04,19:00,01 - Clear,01 - Dry,10 - No control,01 - Non intersection,05 - Dusk,03 - P.D. only,07 - SMV other,Glabar Park
7605,HWY417 IC126 RAMP61 btwn HWY417 IC126 RAMP63 & HIGHWAY 417,363154.2926,5025866.509,-75.7550145,45.37031179,2016-06-15,7:45,01 - Clear,01 - Dry,10 - No control,01 - Non intersection,01 - Daylight,03 - P.D. only,03 - Rear end,Carlingwood West - Glabar Park - McKellar Heights
7606,HWY417 IC127 RAMP25 btwn WOODROFFE AVE & HIGHWAY 417,362236.3327,5024881.911,-75.7668472,45.3615283,2016-07-17,14:00,01 - Clear,01 - Dry,10 - No control,01 - Non intersection,01 - Daylight,02 - Non-fatal injury,07 - SMV other,Braemar Park - Bel Air Heights - Copeland Park
7607,HWY417 IC127 RAMP25 btwn WOODROFFE AVE & HIGHWAY 417,362183.1131,5024809.055,-75.76753493,45.3608771,2016-03-03,9:35,01 - Clear,02 - Wet,10 - No control,01 - Non intersection,01 - Daylight,03 - P.D. only,03 - Rear end,Braemar Park - Bel Air Heights - Copeland Park
7608,HWY417 IC127 RAMP35 btwn HIGHWAY 417 & WOODROFFE AVE,362047.0678,5024690.342,-75.76928509,45.35982006,2016-06-10,22:10,01 - Clear,01 - Dry,10 - No control,01 - Non intersection,07 - Dark,03 - P.D. only,07 - SMV other,Iris
7609,HWY417 IC127 RAMP35 btwn HIGHWAY 417 & WOODROFFE AVE,362064.7273,5024770.562,-75.7690504,45.36054043,2016-09-23,13:06,01 - Clear,01 - Dry,10 - No control,01 - Non intersection,01 - Daylight,03 - P.D. only,04 - Sideswipe,Iris
7610,HWY417 IC127 RAMP35 btwn HIGHWAY 417 & WOODROFFE AVE,362091.3365,5024664.453,-75.76872308,45.35958349,2016-02-27,7:30,01 - Clear,01 - Dry,10 - No control,01 - Non intersection,01 - Daylight,03 - P.D. only,07 - SMV other,Iris
7611,HWY417 IC127 RAMP51 btwn HIGHWAY 417 & HWY417 IC127 RAMP53,361966.0353,5024665.279,-75.77032222,45.35960115,2016-04-09,13:30,01 - Clear,01 - Dry,10 - No control,01 - Non intersection,01 - Daylight,02 - Non-fatal injury,03 - Rear end,Iris
7612,HWY417 IC127 RAMP51 btwn HIGHWAY 417 & HWY417 IC127 RAMP53,362061.9166,5024658.688,-75.76909924,45.35953402,2016-05-30,0:01,01 - Clear,01 - Dry,10 - No control,01 - Non intersection,07 - Dark,03 - P.D. only,07 - SMV other,Iris
7613,HWY417 IC127 RAMP53 btwn HWY417 IC127 RAMP51 & WOODROFFE AVE,362202.3278,5024629.978,-75.76731048,45.35926421,2016-04-13,8:30,01 - Clear,01 - Dry,10 - No control,01 - Non intersection,01 - Daylight,02 - Non-fatal injury,03 - Rear end,Iris
7614,HWY417 IC127 RAMP53 btwn HWY417 IC127 RAMP51 & WOODROFFE AVE,362199.2379,5024633.549,-75.76734951,45.35929659,2016-09-07,18:50,01 - Clear,01 - Dry,10 - No control,01 - Non intersection,01 - Daylight,03 - P.D. only,03 - Rear end,Iris
7615,HWY417 IC127 RAMP53 btwn HWY417 IC127 RAMP51 & WOODROFFE AVE,362183.3373,5024648.605,-75.7675507,45.35943337,2016-06-08,11:00,01 - Clear,01 - Dry,10 - No control,01 - Non intersection,01 - Daylight,03 - P.D. only,03 - Rear end,Iris
7616,HWY417 IC127 RAMP53 btwn HWY417 IC127 RAMP51 & WOODROFFE AVE,362149.6811,5024665.375,-75.76797831,45.35958702,2016-03-01,7:35,01 - Clear,01 - Dry,10 - No control,01 - Non intersection,01 - Daylight,03 - P.D. only,03 - Rear end,Iris
7617,HWY417 IC127 RAMP62 btwn WOODROFFE AVE & HWY417 IC127 RAMP68,362054.7324,5025015.427,-75.7691496,45.36274452,2016-07-20,14:35,01 - Clear,01 - Dry,10 - No control,01 - Non intersection,01 - Daylight,03 - P.D. only,03 - Rear end,Carlingwood West - Glabar Park - McKellar Heights
7618,HWY417 IC127 RAMP63 btwn HIGHWAY 417 & WOODROFFE AVE,361957.0931,5024840.698,-75.77041606,45.36118029,2016-09-04,16:19,01 - Clear,01 - Dry,10 - No control,01 - Non intersection,01 - Daylight,02 - Non-fatal injury,07 - SMV other,Whitehaven - Queensway Terrace North
7619,HWY417 IC127 RAMP63 btwn HIGHWAY 417 & WOODROFFE AVE,361950.8013,5024883.104,-75.77049146,45.36156237,2016-12-03,17:20,01 - Clear,01 - Dry,10 - No control,01 - Non intersection,07 - Dark,03 - P.D. only,07 - SMV other,Whitehaven - Queensway Terrace North
7620,HWY417 IC129 RAMP25 btwn GREENBANK RD & HIGHWAY 417,360864.5011,5023841.468,-75.78447472,45.35227749,2016-02-12,8:40,01 - Clear,02 - Wet,10 - No control,01 - Non intersection,01 - Daylight,03 - P.D. only,03 - Rear end,Iris
7621,HWY417 IC129 RAMP25 btwn GREENBANK RD & HIGHWAY 417,360711.332,5023709.211,-75.78644435,45.35109967,2016-02-16,11:12,03 - Snow,03 - Loose snow,10 - No control,01 - Non intersection,01 - Daylight,03 - P.D. only,03 - Rear end,Iris
7622,HWY417 IC129 RAMP26 btwn PINECREST RD & HIGHWAY 417,360476.1265,5023706.991,-75.78944612,45.35109841,2016-04-05,7:45,01 - Clear,01 - Dry,10 - No control,01 - Non intersection,01 - Daylight,02 - Non-fatal injury,03 - Rear end,Whitehaven - Queensway Terrace North
7623,HWY417 IC129 RAMP35 btwn HIGHWAY 417 & GREENBANK RD,360483.5413,5023382.975,-75.78938798,45.34818233,2016-06-08,15:17,01 - Clear,01 - Dry,10 - No control,01 - Non intersection,01 - Daylight,03 - P.D. only,03 - Rear end,Qualicum - Redwood Park
7624,HWY417 IC129 RAMP35 btwn HIGHWAY 417 & GREENBANK RD,360375.7612,5023445.349,-75.79075632,45.34875212,2016-04-30,9:21,01 - Clear,01 - Dry,10 - No control,01 - Non intersection,01 - Daylight,03 - P.D. only,07 - SMV other,Qualicum - Redwood Park
7625,HWY417 IC129 RAMP51 btwn ASHLEY ST & HWY417 IC129 RAMP53,360477.435,5023291.827,-75.78947617,45.34736267,2016-05-24,18:00,01 - Clear,01 - Dry,10 - No control,01 - Non intersection,01 - Daylight,03 - P.D. only,03 - Rear end,Qualicum - Redwood Park
7626,HWY417 IC129 RAMP51 btwn HIGHWAY 417 & ASHLEY ST,360176.2385,5023296.048,-75.7933191,45.34742449,2016-01-02,14:30,01 - Clear,02 - Wet,10 - No control,01 - Non intersection,01 - Daylight,03 - P.D. only,04 - Sideswipe,Qualicum - Redwood Park
7627,HWY417 IC129 RAMP51 btwn HIGHWAY 417 & ASHLEY ST,360280.4188,5023335.571,-75.79198527,45.34777189,2016-08-21,13:40,01 - Clear,02 - Wet,10 - No control,01 - Non intersection,01 - Daylight,03 - P.D. only,04 - Sideswipe,Qualicum - Redwood Park
7628,HWY417 IC129 RAMP51 btwn HIGHWAY 417 & ASHLEY ST,360196.5024,5023301.095,-75.79305995,45.34746831,2016-06-25,12:20,01 - Clear,01 - Dry,10 - No control,01 - Non intersection,01 - Daylight,03 - P.D. only,03 - Rear end,Qualicum - Redwood Park
7629,HWY417 IC129 RAMP51 btwn HIGHWAY 417 & ASHLEY ST,360229.1937,5023317.483,-75.79264096,45.34761318,2016-06-29,12:40,01 - Clear,01 - Dry,10 - No control,01 - Non intersection,01 - Daylight,03 - P.D. only,04 - Sideswipe,Qualicum - Redwood Park
7630,HWY417 IC130 RAMP26 btwn RICHMOND RD & HIGHWAY 417,359332.8038,5023243.825,-75.8040875,45.34702067,2016-02-01,12:26,01 - Clear,01 - Dry,10 - No control,01 - Non intersection,01 - Daylight,03 - P.D. only,04 - Sideswipe,Bayshore
7631,HWY417 IC130 RAMP26 btwn RICHMOND RD & HIGHWAY 417,359429.5549,5023167.81,-75.80286131,45.34632916,2016-02-12,14:50,01 - Clear,01 - Dry,10 - No control,01 - Non intersection,01 - Daylight,03 - P.D. only,07 - SMV other,Bayshore
7632,HWY417 IC130 RAMP26 btwn RICHMOND RD & HIGHWAY 417,359379.0846,5023249.271,-75.80349633,45.34706608,2016-03-04,22:50,01 - Clear,01 - Dry,10 - No control,01 - Non intersection,07 - Dark,03 - P.D. only,04 - Sideswipe,Bayshore
7633,HWY417 IC130 RAMP35 btwn HIGHWAY 417 & RICHMOND RD,359030.2271,5022891.526,-75.80798713,45.34387414,2016-01-24,16:40,03 - Snow,02 - Wet,10 - No control,01 - Non intersection,05 - Dusk,03 - P.D. only,07 - SMV other,Greenbelt
7634,HWY417 IC130 RAMP36 btwn RICHMOND RD & HWY417 IC131 RAMP66,358577.5143,5022948.694,-75.8137574,45.34442339,2016-03-05,3:25,01 - Clear,01 - Dry,10 - No control,01 - Non intersection,"08 - Dark, artificial",03 - P.D. only,07 - SMV other,Bayshore
7635,HWY417 IC131 RAMP53 btwn HIGHWAY 417 & HWY417 IC131 RAMP63,358201.3002,5022651.434,-75.81858993,45.34177738,2016-05-20,13:00,01 - Clear,01 - Dry,10 - No control,01 - Non intersection,01 - Daylight,02 - Non-fatal injury,04 - Sideswipe,Greenbelt
7636,HWY417 IC131 RAMP53 btwn HIGHWAY 417 & HWY417 IC131 RAMP63,358431.205,5022418.516,-75.81568177,45.33966403,2016-07-17,20:30,01 - Clear,01 - Dry,10 - No control,01 - Non intersection,05 - Dusk,03 - P.D. only,07 - SMV other,Greenbelt
7637,HWY417 IC131 RAMP55 btwn HIGHWAY 417 & HWY416 IC75B RAMP25,358692.3513,5022915.707,-75.8122957,45.34411776,2016-03-24,16:10,04 - Freezing Rain,04 - Slush,10 - No control,01 - Non intersection,01 - Daylight,02 - Non-fatal injury,04 - Sideswipe,Greenbelt
7638,HWY417 IC131 RAMP55 btwn HIGHWAY 417 & HWY416 IC75B RAMP25,358645.319,5022886.4,-75.81289901,45.34385767,2016-01-06,7:20,01 - Clear,06 - Ice,10 - No control,01 - Non intersection,03 - Dawn,03 - P.D. only,07 - SMV other,Greenbelt
7639,HWY417 IC131 RAMP55 btwn HIGHWAY 417 & HWY416 IC75B RAMP25,358383.0555,5022764.451,-75.81625863,45.34278045,2016-01-06,9:55,01 - Clear,03 - Loose snow,10 - No control,01 - Non intersection,01 - Daylight,03 - P.D. only,04 - Sideswipe,Greenbelt
7640,HWY417 IC131 RAMP55 btwn HIGHWAY 417 & HWY416 IC75B RAMP25,358684.5341,5022910.777,-75.81239598,45.344074,2016-01-19,17:35,01 - Clear,01 - Dry,10 - No control,01 - Non intersection,05 - Dusk,03 - P.D. only,03 - Rear end,Greenbelt
7641,HWY417 IC131 RAMP55 btwn HIGHWAY 417 & HWY416 IC75B RAMP25,358655.4906,5022895.916,-75.81276818,45.34394251,2016-01-21,6:45,01 - Clear,06 - Ice,10 - No control,01 - Non intersection,07 - Dark,03 - P.D. only,03 - Rear end,Greenbelt
7642,HWY417 IC131 RAMP55 btwn HIGHWAY 417 & HWY416 IC75B RAMP25,358666.8399,5022899.312,-75.812623,45.3439722,2016-09-07,21:20,02 - Rain,02 - Wet,10 - No control,01 - Non intersection,07 - Dark,03 - P.D. only,07 - SMV other,Greenbelt
7643,HWY417 IC131 RAMP55 btwn HIGHWAY 417 & HWY416 IC75B RAMP25,358633.9134,5022882.603,-75.81304495,45.34382438,2016-08-21,9:20,02 - Rain,02 - Wet,10 - No control,01 - Non intersection,01 - Daylight,03 - P.D. only,07 - SMV other,Greenbelt
7644,HWY417 IC131 RAMP55 btwn HIGHWAY 417 & HWY416 IC75B RAMP25,358428.5637,5022784.825,-75.81567576,45.3429603,2016-04-28,7:10,01 - Clear,01 - Dry,10 - No control,01 - Non intersection,01 - Daylight,03 - P.D. only,07 - SMV other,Greenbelt
7645,HWY417 IC131 RAMP66 btwn HWY417 IC130 RAMP36 & HWY417 IC131 RAMP63,358612.4631,5022946.812,-75.81331167,45.34440378,2016-01-18,9:44,01 - Clear,02 - Wet,10 - No control,01 - Non intersection,01 - Daylight,03 - P.D. only,07 - SMV other,Bayshore
7646,HWY417 IC131 RAMP66 btwn HWY417 IC130 RAMP36 & HWY417 IC131 RAMP63,358361.1082,5022870.525,-75.81652718,45.34373658,2016-02-11,18:20,01 - Clear,01 - Dry,10 - No control,01 - Non intersection,"08 - Dark, artificial",03 - P.D. only,03 - Rear end,Greenbelt
7647,HWY417 IC131 RAMP66 btwn HWY417 IC130 RAMP36 & HWY417 IC131 RAMP63,358578.1246,5022937.919,-75.81375079,45.34432639,2016-07-25,7:00,02 - Rain,02 - Wet,10 - No control,01 - Non intersection,01 - Daylight,03 - P.D. only,07 - SMV other,Greenbelt
7648,HWY417 IC131 RAMP66 btwn TRANSIT & HWY417 IC130 RAMP36,358193.8157,5022837.646,-75.81866533,45.34345349,2016-02-11,18:15,01 - Clear,02 - Wet,10 - No control,01 - Non intersection,"08 - Dark, artificial",03 - P.D. only,03 - Rear end,Greenbelt
7649,HWY417 IC131 RAMP66 btwn TRANSIT & HWY417 IC130 RAMP36,358233.811,5022843.744,-75.81815435,45.34350531,2016-07-07,19:45,01 - Clear,01 - Dry,10 - No control,01 - Non intersection,01 - Daylight,03 - P.D. only,07 - SMV other,Greenbelt
7650,HWY417 IC131 RAMP66 btwn TRANSIT & HWY417 IC130 RAMP36,358200.3596,5022842.076,-75.81858136,45.34349285,2016-03-04,11:30,01 - Clear,01 - Dry,10 - No control,01 - Non intersection,01 - Daylight,03 - P.D. only,99 - Other,Greenbelt
7651,HWY417 IC134 RAMP35 btwn HIGHWAY 417 & MOODIE DR,356334.3808,5022179.562,-75.8424597,45.33767106,2016-04-06,19:37,03 - Snow,04 - Slush,10 - No control,01 - Non intersection,07 - Dark,03 - P.D. only,04 - Sideswipe,Greenbelt
7652,HWY417 IC134 RAMP36 btwn HIGHWAY 417 & HWY417 IC134 RAMP66,356265.2371,5022221.233,-75.84333753,45.33805109,2016-04-08,12:30,05 - Drifting Snow,01 - Dry,10 - No control,01 - Non intersection,01 - Daylight,03 - P.D. only,07 - SMV other,Greenbelt
7653,HWY417 IC134 RAMP61 btwn HWY417 IC134 RAMP63 & HIGHWAY 417,356855.8839,5022529.657,-75.83576932,45.34078274,2016-04-06,21:15,03 - Snow,03 - Loose snow,10 - No control,01 - Non intersection,07 - Dark,03 - P.D. only,04 - Sideswipe,Crystal Bay - Lakeview Park - Britannia Village
7654,HWY417 IC138 RAMP25 btwn EAGLESON RD & EAGLESON RD,353025.033,5020103.074,-75.88488426,45.3192217,2016-12-09,16:05,01 - Clear,01 - Dry,10 - No control,01 - Non intersection,05 - Dusk,03 - P.D. only,03 - Rear end,Greenbelt
7655,HWY417 IC138 RAMP25 btwn EAGLESON RD & EAGLESON RD,353024.4122,5020102.925,-75.88489219,45.31922041,2016-12-09,16:05,01 - Clear,02 - Wet,10 - No control,01 - Non intersection,05 - Dusk,03 - P.D. only,03 - Rear end,Greenbelt
7656,HWY417 IC138 RAMP26 btwn MARCH RD & HIGHWAY 417,353027.8589,5020431.87,-75.8848162,45.32218008,2016-03-09,20:15,01 - Clear,01 - Dry,10 - No control,01 - Non intersection,"08 - Dark, artificial",03 - P.D. only,07 - SMV other,Greenbelt
7657,HWY417 IC138 RAMP36 btwn HIGHWAY 417 & MARCH RD,352680.5672,5020117.31,-75.88927633,45.31937338,2016-08-26,1:40,01 - Clear,01 - Dry,10 - No control,01 - Non intersection,07 - Dark,03 - P.D. only,07 - SMV other,Kanata
7658,HWY417 IC138 RAMP61 btwn HWY417 IC138 RAMP62 & HIGHWAY 417,353381.2366,5020542.711,-75.88029798,45.32315308,2016-02-16,13:35,05 - Drifting Snow,03 - Loose snow,10 - No control,01 - Non intersection,01 - Daylight,03 - P.D. only,03 - Rear end,Greenbelt
7659,HWY417 IC140 RAMP35 btwn TERRY FOX DR & HIGHWAY 417,350863.8414,5018469.584,-75.91260087,45.30466827,2016-12-31,19:14,03 - Snow,03 - Loose snow,10 - No control,01 - Non intersection,07 - Dark,03 - P.D. only,07 - SMV other,Katimavik - Hazeldean
7660,HWY417 IC140 RAMP36 btwn TERRY FOX DR & HIGHWAY 417,350674.0546,5018458.775,-75.91502187,45.30458342,2016-01-15,17:25,01 - Clear,01 - Dry,10 - No control,01 - Non intersection,05 - Dusk,03 - P.D. only,07 - SMV other,Kanata Lakes - Marchwood Lakeside - Morgan's Grant - Kanata
7661,HWY417 IC140 RAMP51 btwn HIGHWAY 417 & HWY417 IC140 RAMP53,350942.9622,5018349.668,-75.91160315,45.30358404,2016-07-30,9:00,01 - Clear,01 - Dry,10 - No control,01 - Non intersection,01 - Daylight,03 - P.D. only,07 - SMV other,Katimavik - Hazeldean
7662,HWY417 IC140 RAMP53 btwn HWY417 IC140 RAMP51 & TERRY FOX DR,351064.4839,5018409.175,-75.91004808,45.3041115,2016-07-04,14:53,01 - Clear,01 - Dry,10 - No control,01 - Non intersection,01 - Daylight,03 - P.D. only,03 - Rear end,Katimavik - Hazeldean
7663,HWY417 IC142 RAMP16 btwn TO BE DETERMINED & HIGHWAY 417,348964.305,5017418.535,-75.93691589,45.2953326,2016-02-11,18:36,01 - Clear,06 - Ice,10 - No control,01 - Non intersection,07 - Dark,02 - Non-fatal injury,07 - SMV other,Stittsville - Basswood
7664,HWY417 IC142 RAMP16 btwn TO BE DETERMINED & HIGHWAY 417,348882.3767,5017429.045,-75.93795947,45.29543231,2016-01-16,22:05,03 - Snow,03 - Loose snow,10 - No control,01 - Non intersection,"08 - Dark, artificial",03 - P.D. only,07 - SMV other,Stittsville - Basswood
7665,HWY417 IC142 RAMP16 btwn TO BE DETERMINED & HIGHWAY 417,348909.4292,5017442.794,-75.93761335,45.29555433,2016-02-25,6:54,02 - Rain,06 - Ice,10 - No control,01 - Non intersection,"04 - Dawn, artificial",03 - P.D. only,07 - SMV other,Stittsville - Basswood
7666,HWY417 IC142 RAMP25 btwn PALLADIUM DR & HIGHWAY 417,349120.2942,5017016.032,-75.93496313,45.29170092,2016-12-16,8:15,01 - Clear,06 - Ice,10 - No control,01 - Non intersection,01 - Daylight,02 - Non-fatal injury,07 - SMV other,Stittsville - Basswood
7667,HWY417 IC142 RAMP51 btwn HIGHWAY 417 & HWY417 IC142 RAMP52,348740.3233,5016967.578,-75.93981142,45.29128878,2016-04-03,14:36,01 - Clear,01 - Dry,10 - No control,01 - Non intersection,01 - Daylight,03 - P.D. only,03 - Rear end,Stittsville - Basswood
7668,HWY417 IC142 RAMP61 btwn HWY417 IC142 RAMP63 & HIGHWAY 417,349034.0981,5017457.696,-75.9360226,45.29568059,2016-02-19,22:15,01 - Clear,06 - Ice,10 - No control,01 - Non intersection,07 - Dark,03 - P.D. only,07 - SMV other,Stittsville - Basswood
7669,HWY417 IC144 RAMP25 btwn CARP RD & HIGHWAY 417,347626.7642,5015983.872,-75.95409227,45.28250578,2016-12-12,7:00,03 - Snow,03 - Loose snow,10 - No control,01 - Non intersection,07 - Dark,02 - Non-fatal injury,03 - Rear end,Stittsville - Basswood
7670,HWY417 IC144 RAMP61 btwn HWY417 IC144 RAMP63 & HIGHWAY 417,347479.531,5016039.019,-75.95596421,45.28301097,2016-01-09,18:18,01 - Clear,02 - Wet,10 - No control,01 - Non intersection,07 - Dark,03 - P.D. only,03 - Rear end,Stittsville - Basswood
7671,HWY417 IC144 RAMP63 btwn CARP RD & HWY417 IC144 RAMP62,347368.7685,5015987.664,-75.95738044,45.28255557,2016-04-12,13:50,01 - Clear,02 - Wet,10 - No control,01 - Non intersection,01 - Daylight,03 - P.D. only,03 - Rear end,Stittsville - Basswood
7672,HWY417 IC163 RAMP15 btwn PANMURE RD & HIGHWAY 417,331087.119,5021305.603,-76.16463416,45.33120693,2016-11-14,17:33,01 - Clear,01 - Dry,10 - No control,01 - Non intersection,07 - Dark,02 - Non-fatal injury,07 - SMV other,Car
7673,HWY417 IC163 RAMP15 btwn PANMURE RD & HIGHWAY 417,331028.3122,5021451.576,-76.16537666,45.33252268,2016-01-18,14:18,01 - Clear,01 - Dry,10 - No control,01 - Non intersection,01 - Daylight,03 - P.D. only,07 - SMV other,Car
7674,HWY417 IC169 RAMP25 btwn KINBURN SIDE RD & HIGHWAY 417,325713.844,5024603.721,-76.23304503,45.36106602,2016-01-04,6:40,01 - Clear,05 - Packed snow,10 - No control,01 - Non intersection,07 - Dark,03 - P.D. only,07 - SMV other,Antrim
7675,HWY417 IC88 RAMP16 btwn HIGHWAY 417 & ROCKDALE RD,395347.2919,5022669.925,-75.34467409,45.33813295,2016-12-17,8:22,03 - Snow,03 - Loose snow,10 - No control,07 - Overpass or bridge,01 - Daylight,03 - P.D. only,07 - SMV other,Navan - Vars
7676,HWY417 IC96 RAMP15 btwn BOUNDARY RD & RAMP,387304.7614,5023695.352,-75.44710239,45.34835072,2016-01-03,6:30,03 - Snow,04 - Slush,10 - No control,01 - Non intersection,07 - Dark,03 - P.D. only,07 - SMV other,Greenbelt
7677,HWY417 IC96 RAMP16 btwn BOUNDARY RD & RAMP,387331.9853,5024103.323,-75.44668694,45.35201809,2016-08-26,8:55,01 - Clear,01 - Dry,10 - No control,01 - Non intersection,01 - Daylight,03 - P.D. only,03 - Rear end,Navan - Vars
7678,HWY417 IC96 RAMP61 btwn BOUNDARY RD & HIGHWAY 417,387307.2021,5024119.354,-75.4470005,45.35216524,2016-11-04,15:55,01 - Clear,01 - Dry,10 - No control,01 - Non intersection,01 - Daylight,03 - P.D. only,03 - Rear end,Navan - Vars
7679,IBER RD btwn HUNTMAR DR & HARRY DOUGLAS DR,351580.4734,5015335.056,-75.90375858,45.27641555,2016-04-07,12:24,01 - Clear,01 - Dry,10 - No control,04 - At/near private drive,01 - Daylight,02 - Non-fatal injury,02 - Angle,Stittsville
7680,IBER RD btwn HUNTMAR DR & HARRY DOUGLAS DR,351125.2689,5015869.449,-75.90951022,45.28125432,2016-05-30,8:59,01 - Clear,01 - Dry,10 - No control,01 - Non intersection,01 - Daylight,02 - Non-fatal injury,05 - Turning movement,Stittsville
7681,IBER RD btwn HUNTMAR DR & HARRY DOUGLAS DR,351167.2346,5015814.767,-75.90898043,45.28075951,2016-04-29,19:38,01 - Clear,01 - Dry,10 - No control,04 - At/near private drive,01 - Daylight,03 - P.D. only,03 - Rear end,Stittsville
7682,IBER RD btwn HUNTMAR DR & HARRY DOUGLAS DR,351628.8264,5015280.892,-75.90314744,45.27592495,2016-07-16,12:56,01 - Clear,01 - Dry,10 - No control,01 - Non intersection,01 - Daylight,03 - P.D. only,07 - SMV other,Stittsville
7683,IMPERIAL AVE btwn CHAMBERLAIN AVE & RENFREW AVE,367418.3638,5029678.793,-75.7000983,45.40424569,2016-12-07,16:59,01 - Clear,02 - Wet,10 - No control,01 - Non intersection,05 - Dusk,03 - P.D. only,04 - Sideswipe,The Glebe
7684,INDIAN RD @ WITHROW AVE,363787.7764,5023701.278,-75.74718619,45.35077627,2016-02-12,16:00,03 - Snow,02 - Wet,02 - Stop sign,03 - At intersection,01 - Daylight,03 - P.D. only,02 - Angle,Crestview - Meadowlands
7685,INDUSTRIAL AVE @ ALTA VISTA DR/SANDFORD FLEMIN,370884.5043,5030556.911,-75.65570801,45.41182801,2016-10-26,16:36,01 - Clear,01 - Dry,01 - Traffic signal,02 - Intersection related,01 - Daylight,02 - Non-fatal injury,02 - Angle,Industrial Park
7686,INDUSTRIAL AVE @ ALTA VISTA DR/SANDFORD FLEMIN,370885.552,5030555.5,-75.65569482,45.41181522,2016-10-14,10:45,01 - Clear,01 - Dry,01 - Traffic signal,02 - Intersection related,01 - Daylight,02 - Non-fatal injury,03 - Rear end,Industrial Park
7687,INDUSTRIAL AVE @ ALTA VISTA DR/SANDFORD FLEMIN,370883.8956,5030557.156,-75.65571576,45.41183027,2016-09-07,12:19,01 - Clear,01 - Dry,01 - Traffic signal,02 - Intersection related,01 - Daylight,02 - Non-fatal injury,03 - Rear end,Industrial Park
7688,INDUSTRIAL AVE @ ALTA VISTA DR/SANDFORD FLEMIN,370884.5043,5030557.35,-75.65570795,45.41183196,2016-11-03,7:50,02 - Rain,02 - Wet,01 - Traffic signal,03 - At intersection,03 - Dawn,02 - Non-fatal injury,05 - Turning movement,Industrial Park
7689,INDUSTRIAL AVE @ ALTA VISTA DR/SANDFORD FLEMIN,370883.0675,5030557.156,-75.65572633,45.41183035,2016-12-15,21:22,01 - Clear,02 - Wet,01 - Traffic signal,03 - At intersection,07 - Dark,02 - Non-fatal injury,05 - Turning movement,Industrial Park
7690,INDUSTRIAL AVE @ ALTA VISTA DR/SANDFORD FLEMIN,370885.1972,5030556.387,-75.65569923,45.41182323,2016-12-29,14:14,03 - Snow,03 - Loose snow,01 - Traffic signal,02 - Intersection related,01 - Daylight,02 - Non-fatal injury,05 - Turning movement,Industrial Park
7691,INDUSTRIAL AVE @ ALTA VISTA DR/SANDFORD FLEMIN,370884.0993,5030558.122,-75.65571302,45.41183894,2016-02-09,12:40,03 - Snow,02 - Wet,01 - Traffic signal,02 - Intersection related,01 - Daylight,03 - P.D. only,03 - Rear end,Industrial Park
7692,INDUSTRIAL AVE @ ALTA VISTA DR/SANDFORD FLEMIN,370884.5043,5030558.229,-75.65570784,45.41183987,2016-01-20,12:54,01 - Clear,01 - Dry,01 - Traffic signal,02 - Intersection related,01 - Daylight,03 - P.D. only,03 - Rear end,Industrial Park
7693,INDUSTRIAL AVE @ ALTA VISTA DR/SANDFORD FLEMIN,370883.2229,5030557.945,-75.65572424,45.41183743,2016-01-11,13:05,02 - Rain,06 - Ice,01 - Traffic signal,02 - Intersection related,01 - Daylight,03 - P.D. only,04 - Sideswipe,Industrial Park
7694,INDUSTRIAL AVE @ ALTA VISTA DR/SANDFORD FLEMIN,370884.9483,5030557.794,-75.65570222,45.41183591,2016-02-26,12:10,01 - Clear,01 - Dry,01 - Traffic signal,02 - Intersection related,01 - Daylight,03 - P.D. only,03 - Rear end,Industrial Park
7695,INDUSTRIAL AVE @ ALTA VISTA DR/SANDFORD FLEMIN,370884.4575,5030557.304,-75.65570856,45.41183155,2016-04-05,9:28,01 - Clear,01 - Dry,01 - Traffic signal,02 - Intersection related,01 - Daylight,03 - P.D. only,04 - Sideswipe,Industrial Park
7696,INDUSTRIAL AVE @ ALTA VISTA DR/SANDFORD FLEMIN,370885.3669,5030558.525,-75.65569678,45.41184245,2016-05-06,15:28,01 - Clear,01 - Dry,01 - Traffic signal,03 - At intersection,01 - Daylight,03 - P.D. only,05 - Turning movement,Industrial Park
7697,INDUSTRIAL AVE @ ALTA VISTA DR/SANDFORD FLEMIN,370886.3302,5030557.838,-75.65568456,45.41183618,2016-08-23,11:09,01 - Clear,01 - Dry,01 - Traffic signal,02 - Intersection related,01 - Daylight,03 - P.D. only,03 - Rear end,Industrial Park