Record,Location,X,Y,lon,lat,Date,Time,Environment,Road_Surface,Traffic_Control,Collision_Location,Light,Collision_Classification,Impact_type,Neighborhood
7698,INDUSTRIAL AVE @ ALTA VISTA DR/SANDFORD FLEMIN,370884.5043,5030556.472,-75.65570807,45.41182406,2016-08-25,18:53,01 - Clear,01 - Dry,01 - Traffic signal,03 - At intersection,01 - Daylight,03 - P.D. only,05 - Turning movement,Industrial Park
7699,INDUSTRIAL AVE @ ALTA VISTA DR/SANDFORD FLEMIN,370884.7238,5030557.838,-75.65570508,45.41183633,2016-08-18,12:53,01 - Clear,01 - Dry,01 - Traffic signal,02 - Intersection related,01 - Daylight,03 - P.D. only,03 - Rear end,Industrial Park
7700,INDUSTRIAL AVE @ ALTA VISTA DR/SANDFORD FLEMIN,370885.7562,5030557.941,-75.65569188,45.41183716,2016-04-20,10:13,01 - Clear,01 - Dry,01 - Traffic signal,03 - At intersection,01 - Daylight,03 - P.D. only,02 - Angle,Industrial Park
7701,INDUSTRIAL AVE @ ALTA VISTA DR/SANDFORD FLEMIN,370885.3824,5030557.35,-75.65569674,45.41183188,2016-09-01,15:52,01 - Clear,01 - Dry,01 - Traffic signal,03 - At intersection,01 - Daylight,03 - P.D. only,04 - Sideswipe,Industrial Park
7702,INDUSTRIAL AVE @ ALTA VISTA DR/SANDFORD FLEMIN,370884.9433,5030556.911,-75.6557024,45.41182797,2016-10-27,7:19,01 - Clear,01 - Dry,01 - Traffic signal,03 - At intersection,01 - Daylight,03 - P.D. only,05 - Turning movement,Industrial Park
7703,INDUSTRIAL AVE @ ALTA VISTA DR/SANDFORD FLEMIN,370883.8956,5030557.156,-75.65571576,45.41183027,2016-10-06,8:45,01 - Clear,01 - Dry,01 - Traffic signal,02 - Intersection related,01 - Daylight,03 - P.D. only,03 - Rear end,Industrial Park
7704,INDUSTRIAL AVE @ ALTA VISTA DR/SANDFORD FLEMIN,370885.4505,5030556.114,-75.65569603,45.41182075,2016-10-28,13:23,02 - Rain,02 - Wet,01 - Traffic signal,02 - Intersection related,01 - Daylight,03 - P.D. only,03 - Rear end,Industrial Park
7705,INDUSTRIAL AVE @ ALTA VISTA DR/SANDFORD FLEMIN,370884.2504,5030558.28,-75.65571107,45.41184035,2016-12-26,9:39,01 - Clear,01 - Dry,01 - Traffic signal,02 - Intersection related,01 - Daylight,03 - P.D. only,03 - Rear end,Industrial Park
7706,INDUSTRIAL AVE @ NEIGHBORHOOD WAY,371092.4635,5030527.394,-75.6530554,45.41154276,2016-09-18,22:48,01 - Clear,01 - Dry,02 - Stop sign,02 - Intersection related,07 - Dark,02 - Non-fatal injury,05 - Turning movement,Industrial Park
7707,INDUSTRIAL AVE @ NEIGHBORHOOD WAY,371093.4035,5030528.012,-75.65304331,45.41154823,2016-07-24,17:14,01 - Clear,01 - Dry,02 - Stop sign,03 - At intersection,01 - Daylight,03 - P.D. only,02 - Angle,Industrial Park
7708,INDUSTRIAL AVE @ RIVERSIDE DR,370685.1092,5030590.991,-75.65825064,45.41215345,2016-09-22,19:42,02 - Rain,02 - Wet,01 - Traffic signal,03 - At intersection,07 - Dark,01 - Fatal injury,07 - SMV other,Industrial Park
7709,INDUSTRIAL AVE @ RIVERSIDE DR,370685.8905,5030593.335,-75.65824035,45.41217447,2016-03-04,14:34,01 - Clear,02 - Wet,01 - Traffic signal,02 - Intersection related,01 - Daylight,02 - Non-fatal injury,03 - Rear end,Industrial Park
7710,INDUSTRIAL AVE @ RIVERSIDE DR,370682.4672,5030592.929,-75.65828413,45.41217113,2016-01-14,16:45,01 - Clear,02 - Wet,01 - Traffic signal,02 - Intersection related,05 - Dusk,02 - Non-fatal injury,03 - Rear end,Industrial Park
7711,INDUSTRIAL AVE @ RIVERSIDE DR,370684.9426,5030593.225,-75.65825247,45.41217357,2016-02-22,15:16,01 - Clear,01 - Dry,01 - Traffic signal,03 - At intersection,01 - Daylight,02 - Non-fatal injury,02 - Angle,Industrial Park
7712,INDUSTRIAL AVE @ RIVERSIDE DR,370684.717,5030592.319,-75.65825547,45.41216543,2016-11-09,17:00,01 - Clear,01 - Dry,01 - Traffic signal,02 - Intersection related,05 - Dusk,02 - Non-fatal injury,03 - Rear end,Industrial Park
7713,INDUSTRIAL AVE @ RIVERSIDE DR,370684.7186,5030592.553,-75.65825542,45.41216754,2016-07-13,14:28,01 - Clear,01 - Dry,01 - Traffic signal,02 - Intersection related,01 - Daylight,02 - Non-fatal injury,03 - Rear end,Industrial Park
7714,INDUSTRIAL AVE @ RIVERSIDE DR,370685.3845,5030592.331,-75.65824694,45.41216548,2016-02-25,7:47,04 - Freezing Rain,06 - Ice,01 - Traffic signal,02 - Intersection related,01 - Daylight,03 - P.D. only,04 - Sideswipe,Industrial Park
7715,INDUSTRIAL AVE @ RIVERSIDE DR,370686.3749,5030591.311,-75.65823443,45.41215621,2016-09-30,19:15,01 - Clear,01 - Dry,01 - Traffic signal,02 - Intersection related,07 - Dark,03 - P.D. only,03 - Rear end,Industrial Park
7716,INDUSTRIAL AVE @ RIVERSIDE DR,370683.8904,5030592.139,-75.65826606,45.41216389,2016-09-21,9:30,01 - Clear,01 - Dry,01 - Traffic signal,02 - Intersection related,01 - Daylight,03 - P.D. only,03 - Rear end,Industrial Park
7717,INDUSTRIAL AVE @ RIVERSIDE DR,370684.9381,5030591.895,-75.65825271,45.4121616,2016-01-22,16:34,01 - Clear,01 - Dry,01 - Traffic signal,02 - Intersection related,01 - Daylight,03 - P.D. only,03 - Rear end,Industrial Park
7718,INDUSTRIAL AVE @ RIVERSIDE DR,370685.3772,5030592.773,-75.65824698,45.41216946,2016-06-23,18:08,01 - Clear,01 - Dry,01 - Traffic signal,02 - Intersection related,01 - Daylight,03 - P.D. only,04 - Sideswipe,Industrial Park
7719,INDUSTRIAL AVE @ RIVERSIDE DR,370685.395,5030592.779,-75.65824675,45.41216951,2016-05-17,14:41,01 - Clear,01 - Dry,01 - Traffic signal,02 - Intersection related,01 - Daylight,03 - P.D. only,03 - Rear end,Industrial Park
7720,INDUSTRIAL AVE @ RIVERSIDE DR,370684.4523,5030592.287,-75.65825886,45.41216517,2016-03-11,7:20,01 - Clear,01 - Dry,01 - Traffic signal,02 - Intersection related,01 - Daylight,03 - P.D. only,03 - Rear end,Industrial Park
7721,INDUSTRIAL AVE @ RIVERSIDE DR,370684.0452,5030593.676,-75.65826387,45.41217771,2016-04-25,15:45,01 - Clear,01 - Dry,01 - Traffic signal,03 - At intersection,01 - Daylight,03 - P.D. only,02 - Angle,Industrial Park
7722,INDUSTRIAL AVE @ RIVERSIDE DR,370686.6717,5030591.772,-75.65823058,45.41216033,2016-03-31,16:10,02 - Rain,02 - Wet,01 - Traffic signal,02 - Intersection related,01 - Daylight,03 - P.D. only,03 - Rear end,Industrial Park
7723,INDUSTRIAL AVE @ RIVERSIDE DR,370684.0368,5030593.008,-75.65826407,45.4121717,2016-07-24,18:42,01 - Clear,01 - Dry,01 - Traffic signal,02 - Intersection related,01 - Daylight,03 - P.D. only,04 - Sideswipe,Industrial Park
7724,INDUSTRIAL AVE @ RIVERSIDE DR,370685.6371,5030593.242,-75.6582436,45.41217365,2016-07-21,13:30,01 - Clear,01 - Dry,01 - Traffic signal,02 - Intersection related,01 - Daylight,03 - P.D. only,03 - Rear end,Industrial Park
7725,INDUSTRIAL AVE @ RIVERSIDE DR,370683.0623,5030591.311,-75.65827675,45.41215652,2016-10-14,15:30,01 - Clear,01 - Dry,01 - Traffic signal,02 - Intersection related,01 - Daylight,03 - P.D. only,03 - Rear end,Industrial Park
7726,INDUSTRIAL AVE @ RIVERSIDE DR,370684.7186,5030590.483,-75.6582557,45.41214891,2016-12-20,23:25,01 - Clear,05 - Packed snow,01 - Traffic signal,02 - Intersection related,07 - Dark,03 - P.D. only,04 - Sideswipe,Industrial Park
7727,INDUSTRIAL AVE @ RIVERSIDE DR,370685.5468,5030590.483,-75.65824512,45.41214884,2016-06-26,4:29,01 - Clear,01 - Dry,01 - Traffic signal,03 - At intersection,07 - Dark,03 - P.D. only,04 - Sideswipe,Industrial Park
7728,INDUSTRIAL AVE @ RUSSELL RD,372464.6309,5030279.334,-75.63556079,45.4091795,2016-01-18,12:17,01 - Clear,01 - Dry,01 - Traffic signal,02 - Intersection related,01 - Daylight,02 - Non-fatal injury,03 - Rear end,Industrial Park
7729,INDUSTRIAL AVE @ RUSSELL RD,372465.0522,5030279.779,-75.63555535,45.40918346,2016-06-20,15:11,01 - Clear,01 - Dry,01 - Traffic signal,03 - At intersection,01 - Daylight,02 - Non-fatal injury,05 - Turning movement,Industrial Park
7730,INDUSTRIAL AVE @ RUSSELL RD,372465.9533,5030279.553,-75.63554387,45.40918134,2016-05-17,13:02,01 - Clear,01 - Dry,01 - Traffic signal,03 - At intersection,01 - Daylight,02 - Non-fatal injury,05 - Turning movement,Industrial Park
7731,INDUSTRIAL AVE @ RUSSELL RD,372464.6309,5030279.334,-75.63556079,45.4091795,2016-12-08,21:43,03 - Snow,06 - Ice,01 - Traffic signal,03 - At intersection,07 - Dark,02 - Non-fatal injury,02 - Angle,Industrial Park
7732,INDUSTRIAL AVE @ RUSSELL RD,372466.4028,5030280.452,-75.635538,45.40918939,2016-05-11,15:15,01 - Clear,01 - Dry,01 - Traffic signal,02 - Intersection related,01 - Daylight,03 - P.D. only,03 - Rear end,Industrial Park
7733,INDUSTRIAL AVE @ RUSSELL RD,372465.9481,5030280.651,-75.63554378,45.40919122,2016-10-27,19:00,03 - Snow,02 - Wet,01 - Traffic signal,03 - At intersection,07 - Dark,03 - P.D. only,05 - Turning movement,Industrial Park
7734,INDUSTRIAL AVE @ RUSSELL RD,372465.5091,5030278.894,-75.63554963,45.40917546,2016-11-03,7:13,02 - Rain,02 - Wet,01 - Traffic signal,02 - Intersection related,03 - Dawn,03 - P.D. only,04 - Sideswipe,Industrial Park
7735,INDUSTRIAL AVE @ RUSSELL RD,372464.0723,5030278.311,-75.63556806,45.40917035,2016-12-11,0:43,01 - Clear,01 - Dry,01 - Traffic signal,03 - At intersection,07 - Dark,03 - P.D. only,07 - SMV other,Industrial Park
7736,INDUSTRIAL AVE @ RUSSELL RD,372465.7286,5030279.967,-75.63554668,45.40918509,2016-12-18,0:43,03 - Snow,03 - Loose snow,01 - Traffic signal,03 - At intersection,07 - Dark,03 - P.D. only,07 - SMV other,Industrial Park
7737,INDUSTRIAL AVE @ TRAINYARDS DR,371686.4285,5030540.662,-75.64546602,45.41160562,2016-12-07,9:30,01 - Clear,03 - Loose snow,01 - Traffic signal,02 - Intersection related,01 - Daylight,02 - Non-fatal injury,03 - Rear end,Industrial Park
7738,INDUSTRIAL AVE @ TRAINYARDS DR,371683.538,5030539.32,-75.64550312,45.41159382,2016-01-20,20:10,01 - Clear,02 - Wet,01 - Traffic signal,02 - Intersection related,07 - Dark,03 - P.D. only,03 - Rear end,Industrial Park
7739,INDUSTRIAL AVE @ TRAINYARDS DR,371686.677,5030539.479,-75.645463,45.41159495,2016-11-02,8:56,02 - Rain,02 - Wet,01 - Traffic signal,03 - At intersection,01 - Daylight,03 - P.D. only,03 - Rear end,Industrial Park
7740,INDUSTRIAL AVE btwn NEIGHBORHOOD WAY & TRAINYARDS DR,371446.5555,5030556.364,-75.64852815,45.41176979,2016-04-25,15:25,01 - Clear,01 - Dry,10 - No control,04 - At/near private drive,01 - Daylight,02 - Non-fatal injury,02 - Angle,Industrial Park
7741,INDUSTRIAL AVE btwn NEIGHBORHOOD WAY & TRAINYARDS DR,371632.5165,5030545.567,-75.64615405,45.41165491,2016-05-24,13:31,01 - Clear,01 - Dry,10 - No control,04 - At/near private drive,01 - Daylight,02 - Non-fatal injury,03 - Rear end,Industrial Park
7742,INDUSTRIAL AVE btwn NEIGHBORHOOD WAY & TRAINYARDS DR,371644.7459,5030545.77,-75.6459978,45.41165557,2016-02-13,12:18,01 - Clear,01 - Dry,10 - No control,04 - At/near private drive,01 - Daylight,03 - P.D. only,02 - Angle,Industrial Park
7743,INDUSTRIAL AVE btwn NEIGHBORHOOD WAY & TRAINYARDS DR,371673.3025,5030541.477,-75.64563358,45.41161421,2016-03-18,20:58,01 - Clear,01 - Dry,10 - No control,01 - Non intersection,07 - Dark,03 - P.D. only,04 - Sideswipe,Industrial Park
7744,INDUSTRIAL AVE btwn NEIGHBORHOOD WAY & TRAINYARDS DR,371233.8853,5030539.632,-75.65124716,45.41163946,2016-10-18,8:18,02 - Rain,02 - Wet,10 - No control,04 - At/near private drive,01 - Daylight,03 - P.D. only,02 - Angle,Industrial Park
7745,INDUSTRIAL AVE btwn NEIGHBORHOOD WAY & TRAINYARDS DR,371336.0112,5030550.478,-75.64994109,45.41172735,2016-03-18,10:55,01 - Clear,01 - Dry,10 - No control,04 - At/near private drive,01 - Daylight,03 - P.D. only,02 - Angle,Industrial Park
7746,INDUSTRIAL AVE btwn NEIGHBORHOOD WAY & TRAINYARDS DR,371659.7995,5030542.636,-75.64580592,45.41162593,2016-06-27,15:08,01 - Clear,01 - Dry,10 - No control,01 - Non intersection,01 - Daylight,03 - P.D. only,04 - Sideswipe,Industrial Park
7747,INDUSTRIAL AVE btwn RIVERSIDE DR & SANDFORD FLEMING AVE,370874.8566,5030559.303,-75.65583094,45.41185044,2016-05-07,15:37,01 - Clear,01 - Dry,10 - No control,01 - Non intersection,01 - Daylight,03 - P.D. only,03 - Rear end,Industrial Park
7748,INDUSTRIAL AVE btwn RIVERSIDE DR & SANDFORD FLEMING AVE,370783.253,5030574.741,-75.65699907,45.41199799,2016-06-15,11:54,01 - Clear,01 - Dry,10 - No control,01 - Non intersection,01 - Daylight,03 - P.D. only,03 - Rear end,Industrial Park
7749,INDUSTRIAL AVE btwn RIVERSIDE DR & SANDFORD FLEMING AVE,370783.246,5030576.221,-75.65699896,45.41201131,2016-10-06,17:38,01 - Clear,01 - Dry,10 - No control,01 - Non intersection,01 - Daylight,03 - P.D. only,03 - Rear end,Industrial Park
7750,INDUSTRIAL AVE btwn RUSSELL RD & ST. LAURENT BLVD,373010.375,5029962.318,-75.62863338,45.40627416,2016-09-29,21:20,01 - Clear,01 - Dry,10 - No control,01 - Non intersection,07 - Dark,02 - Non-fatal injury,07 - SMV other,Industrial Park
7751,INDUSTRIAL AVE btwn RUSSELL RD & ST. LAURENT BLVD,372704.3816,5030070.331,-75.63252703,45.40727577,2016-01-12,8:45,03 - Snow,03 - Loose snow,10 - No control,01 - Non intersection,01 - Daylight,03 - P.D. only,03 - Rear end,Industrial Park
7752,INDUSTRIAL AVE btwn RUSSELL RD & ST. LAURENT BLVD,372565.5013,5030227.28,-75.63427944,45.40870138,2016-08-06,17:12,01 - Clear,01 - Dry,10 - No control,04 - At/near private drive,01 - Daylight,03 - P.D. only,02 - Angle,Industrial Park
7753,INDUSTRIAL AVE btwn RUSSELL RD & ST. LAURENT BLVD,373073.2715,5029990.054,-75.62782615,45.40651759,2016-09-01,21:31,01 - Clear,01 - Dry,10 - No control,04 - At/near private drive,07 - Dark,03 - P.D. only,99 - Other,Industrial Park
7754,INDUSTRIAL AVE btwn RUSSELL RD & ST. LAURENT BLVD,373002.0048,5029957.948,-75.6287409,45.40623566,2016-09-09,11:30,01 - Clear,01 - Dry,10 - No control,01 - Non intersection,01 - Daylight,03 - P.D. only,03 - Rear end,Industrial Park
7755,INDUSTRIAL AVE btwn RUSSELL RD & ST. LAURENT BLVD,372813.1891,5029973.157,-75.63115059,45.40639087,2016-07-07,16:06,01 - Clear,01 - Dry,10 - No control,04 - At/near private drive,01 - Daylight,03 - P.D. only,05 - Turning movement,Industrial Park
7756,INDUSTRIAL AVE btwn RUSSELL RD & ST. LAURENT BLVD,372671.2944,5030116.185,-75.63294335,45.40769155,2016-01-15,16:07,01 - Clear,01 - Dry,10 - No control,04 - At/near private drive,01 - Daylight,03 - P.D. only,02 - Angle,Industrial Park
7757,INDUSTRIAL AVE btwn RUSSELL RD & ST. LAURENT BLVD,373013.1124,5029963.208,-75.6285983,45.4062819,2016-04-13,16:30,01 - Clear,01 - Dry,10 - No control,04 - At/near private drive,01 - Daylight,03 - P.D. only,05 - Turning movement,Industrial Park
7758,INDUSTRIAL AVE btwn RUSSELL RD & ST. LAURENT BLVD,372837.7688,5029965.66,-75.63083766,45.40632103,2016-06-02,8:25,01 - Clear,01 - Dry,10 - No control,04 - At/near private drive,01 - Daylight,03 - P.D. only,03 - Rear end,Industrial Park
7759,INDUSTRIAL AVE btwn RUSSELL RD & ST. LAURENT BLVD,372934.0091,5029941.791,-75.62961166,45.40609691,2016-06-01,13:06,01 - Clear,01 - Dry,10 - No control,01 - Non intersection,01 - Daylight,03 - P.D. only,07 - SMV other,Industrial Park
7760,INDUSTRIAL AVE btwn RUSSELL RD & ST. LAURENT BLVD,373072.3982,5029989.418,-75.6278374,45.40651195,2016-12-21,15:45,01 - Clear,02 - Wet,10 - No control,04 - At/near private drive,01 - Daylight,03 - P.D. only,05 - Turning movement,Industrial Park
7761,INDUSTRIAL AVE btwn RUSSELL RD & ST. LAURENT BLVD,373001.5935,5029958.366,-75.6287461,45.40623946,2016-11-06,18:23,01 - Clear,01 - Dry,10 - No control,01 - Non intersection,07 - Dark,03 - P.D. only,04 - Sideswipe,Industrial Park
7762,INDUSTRIAL AVE btwn SANDFORD FLEMING AVE & NEIGHBORHOOD WAY,370987.0816,5030538.308,-75.65440013,45.41165093,2016-03-08,8:06,01 - Clear,01 - Dry,10 - No control,01 - Non intersection,01 - Daylight,03 - P.D. only,03 - Rear end,Industrial Park
7763,INDUSTRIAL AVE btwn SANDFORD FLEMING AVE & NEIGHBORHOOD WAY,370904.3405,5030553.286,-75.6554551,45.41179352,2016-01-29,8:59,01 - Clear,02 - Wet,10 - No control,01 - Non intersection,01 - Daylight,03 - P.D. only,04 - Sideswipe,Industrial Park
7764,INDUSTRIAL AVE btwn SANDFORD FLEMING AVE & NEIGHBORHOOD WAY,370979.9985,5030540.084,-75.65449038,45.41166758,2016-11-14,14:51,01 - Clear,01 - Dry,10 - No control,01 - Non intersection,01 - Daylight,03 - P.D. only,04 - Sideswipe,Industrial Park
7765,INDUSTRIAL AVE btwn TRAINYARDS DR & RUSSELL RD,371980.139,5030473.813,-75.64172314,45.41097601,2016-01-14,16:17,01 - Clear,02 - Wet,10 - No control,01 - Non intersection,05 - Dusk,02 - Non-fatal injury,01 - Approaching,Industrial Park
7766,INDUSTRIAL AVE btwn TRAINYARDS DR & RUSSELL RD,372328.0675,5030347.316,-75.63729592,45.40980436,2016-08-12,13:14,01 - Clear,01 - Dry,10 - No control,04 - At/near private drive,01 - Daylight,03 - P.D. only,02 - Angle,Industrial Park
7767,INDUSTRIAL AVE btwn TRAINYARDS DR & RUSSELL RD,371785.8429,5030523.093,-75.64419844,45.41143804,2016-02-19,13:30,01 - Clear,01 - Dry,10 - No control,01 - Non intersection,01 - Daylight,03 - P.D. only,04 - Sideswipe,Industrial Park
7768,INDUSTRIAL AVE btwn TRAINYARDS DR & RUSSELL RD,372118.7969,5030425.475,-75.63995848,45.41052776,2016-02-18,7:22,01 - Clear,06 - Ice,10 - No control,04 - At/near private drive,01 - Daylight,03 - P.D. only,03 - Rear end,Industrial Park
7769,INDUSTRIAL AVE btwn TRAINYARDS DR & RUSSELL RD,372220.7129,5030389.687,-75.63866148,45.41019595,2016-11-08,7:56,01 - Clear,01 - Dry,10 - No control,04 - At/near private drive,01 - Daylight,03 - P.D. only,02 - Angle,Industrial Park
7770,INDUSTRIAL AVE btwn TRAINYARDS DR & RUSSELL RD,372194.9078,5030398.008,-75.63898998,45.4102733,2016-12-14,20:20,03 - Snow,03 - Loose snow,10 - No control,01 - Non intersection,07 - Dark,03 - P.D. only,99 - Other,Industrial Park
7771,INDUSTRIAL AVE btwn TRAINYARDS DR & RUSSELL RD,372075.9207,5030440.165,-75.64050418,45.41066406,2016-12-03,1:14,01 - Clear,01 - Dry,10 - No control,01 - Non intersection,07 - Dark,03 - P.D. only,04 - Sideswipe,Industrial Park
7772,INDUSTRIAL AVE/INNES RD @ ST. LAURENT BLVD,373098.8759,5030006.242,-75.62749686,45.40666074,2016-01-29,17:47,01 - Clear,02 - Wet,01 - Traffic signal,02 - Intersection related,07 - Dark,02 - Non-fatal injury,03 - Rear end,Industrial Park
7773,INDUSTRIAL AVE/INNES RD @ ST. LAURENT BLVD,373100.5556,5030006.809,-75.62747533,45.40666568,2016-12-14,11:30,01 - Clear,01 - Dry,01 - Traffic signal,02 - Intersection related,01 - Daylight,02 - Non-fatal injury,03 - Rear end,Industrial Park
7774,INDUSTRIAL AVE/INNES RD @ ST. LAURENT BLVD,373104.7932,5030005.557,-75.62742137,45.406654,2016-05-26,6:45,01 - Clear,01 - Dry,01 - Traffic signal,02 - Intersection related,01 - Daylight,02 - Non-fatal injury,05 - Turning movement,Industrial Park
7775,INDUSTRIAL AVE/INNES RD @ ST. LAURENT BLVD,373099.3348,5030006.522,-75.62749096,45.40666321,2016-02-05,14:54,01 - Clear,01 - Dry,01 - Traffic signal,02 - Intersection related,01 - Daylight,03 - P.D. only,04 - Sideswipe,Industrial Park
7776,INDUSTRIAL AVE/INNES RD @ ST. LAURENT BLVD,373099.5571,5030005.517,-75.62748826,45.40665415,2016-02-26,11:29,01 - Clear,01 - Dry,01 - Traffic signal,02 - Intersection related,01 - Daylight,03 - P.D. only,03 - Rear end,Industrial Park
7777,INDUSTRIAL AVE/INNES RD @ ST. LAURENT BLVD,373099.2883,5030006.445,-75.62749156,45.40666253,2016-09-13,18:18,01 - Clear,01 - Dry,01 - Traffic signal,02 - Intersection related,01 - Daylight,03 - P.D. only,04 - Sideswipe,Industrial Park
7778,INDUSTRIAL AVE/INNES RD @ ST. LAURENT BLVD,373098.8992,5030005.981,-75.6274966,45.40665839,2016-09-30,7:47,01 - Clear,01 - Dry,01 - Traffic signal,02 - Intersection related,01 - Daylight,03 - P.D. only,03 - Rear end,Industrial Park
7779,INDUSTRIAL AVE/INNES RD @ ST. LAURENT BLVD,373099.4705,5030004.921,-75.62748945,45.4066488,2016-02-16,13:13,03 - Snow,03 - Loose snow,01 - Traffic signal,02 - Intersection related,01 - Daylight,03 - P.D. only,03 - Rear end,Industrial Park
7780,INDUSTRIAL AVE/INNES RD @ ST. LAURENT BLVD,373100.4707,5030006.608,-75.62747644,45.40666388,2016-03-08,8:20,01 - Clear,01 - Dry,01 - Traffic signal,02 - Intersection related,01 - Daylight,03 - P.D. only,03 - Rear end,Industrial Park
7781,INDUSTRIAL AVE/INNES RD @ ST. LAURENT BLVD,373096.5638,5030008.237,-75.62752612,45.40667892,2016-03-06,11:30,01 - Clear,01 - Dry,01 - Traffic signal,02 - Intersection related,01 - Daylight,03 - P.D. only,03 - Rear end,Industrial Park
7782,INDUSTRIAL AVE/INNES RD @ ST. LAURENT BLVD,373098.9464,5030007.353,-75.62749581,45.40667073,2016-02-22,20:42,01 - Clear,02 - Wet,01 - Traffic signal,03 - At intersection,07 - Dark,03 - P.D. only,05 - Turning movement,Industrial Park
7783,INDUSTRIAL AVE/INNES RD @ ST. LAURENT BLVD,373103.2906,5030008.141,-75.62744021,45.4066774,2016-05-13,19:40,01 - Clear,01 - Dry,01 - Traffic signal,03 - At intersection,01 - Daylight,03 - P.D. only,05 - Turning movement,Industrial Park
7784,INDUSTRIAL AVE/INNES RD @ ST. LAURENT BLVD,373100.4092,5030005.112,-75.62747743,45.40665042,2016-08-04,16:33,01 - Clear,01 - Dry,01 - Traffic signal,02 - Intersection related,01 - Daylight,03 - P.D. only,04 - Sideswipe,Industrial Park
7785,INDUSTRIAL AVE/INNES RD @ ST. LAURENT BLVD,373098.591,5030005.567,-75.62750059,45.40665469,2016-08-23,9:00,01 - Clear,01 - Dry,01 - Traffic signal,02 - Intersection related,01 - Daylight,03 - P.D. only,03 - Rear end,Industrial Park
7786,INDUSTRIAL AVE/INNES RD @ ST. LAURENT BLVD,373099.5001,5030005.567,-75.62748898,45.40665461,2016-07-29,12:52,01 - Clear,01 - Dry,01 - Traffic signal,02 - Intersection related,01 - Daylight,03 - P.D. only,03 - Rear end,Industrial Park
7787,INDUSTRIAL AVE/INNES RD @ ST. LAURENT BLVD,373099.6237,5030005.912,-75.62748735,45.4066577,2016-06-02,7:39,01 - Clear,01 - Dry,01 - Traffic signal,02 - Intersection related,01 - Daylight,03 - P.D. only,03 - Rear end,Industrial Park
7788,INDUSTRIAL AVE/INNES RD @ ST. LAURENT BLVD,373099.9547,5030005.112,-75.62748324,45.40665047,2016-07-12,22:18,01 - Clear,01 - Dry,01 - Traffic signal,03 - At intersection,07 - Dark,03 - P.D. only,03 - Rear end,Industrial Park
7789,INDUSTRIAL AVE/INNES RD @ ST. LAURENT BLVD,373100.5556,5030003.496,-75.62747579,45.40663587,2016-11-09,7:41,01 - Clear,01 - Dry,01 - Traffic signal,02 - Intersection related,01 - Daylight,03 - P.D. only,03 - Rear end,Industrial Park
7790,INDUSTRIAL AVE/INNES RD @ ST. LAURENT BLVD,373098.0711,5030005.153,-75.62750729,45.40665102,2016-12-14,19:55,03 - Snow,03 - Loose snow,01 - Traffic signal,02 - Intersection related,07 - Dark,03 - P.D. only,03 - Rear end,Industrial Park
7791,INGERSOLL CRES btwn INGERSOLL CRES & INGERSOLL CRES,349309.5551,5019416.532,-75.93233485,45.31328939,2016-05-08,10:12,01 - Clear,01 - Dry,10 - No control,01 - Non intersection,01 - Daylight,02 - Non-fatal injury,07 - SMV other,Kanata Lakes - Marchwood Lakeside - Morgan's Grant - Kanata
7792,INGLEWOOD PL @ PARKDALE AVE,365568.3842,5028309.739,-75.72389683,45.39209031,2016-08-08,16:53,01 - Clear,01 - Dry,01 - Traffic signal,03 - At intersection,01 - Daylight,03 - P.D. only,03 - Rear end,Civic Hospital - Experimental Farm - Central Park
7793,INNES RD @ 215 W OF CYRVILLE RD/HOME DEPOT W,374862.9885,5031001.719,-75.60482195,45.41544316,2016-04-09,17:38,01 - Clear,01 - Dry,01 - Traffic signal,02 - Intersection related,01 - Daylight,03 - P.D. only,03 - Rear end,Industrial Park
7794,INNES RD @ 215 W OF CYRVILLE RD/HOME DEPOT W,374864.0568,5031001.004,-75.6048084,45.41543662,2016-04-06,19:00,03 - Snow,03 - Loose snow,01 - Traffic signal,02 - Intersection related,05 - Dusk,03 - P.D. only,03 - Rear end,Industrial Park
7795,INNES RD @ 215 W OF CYRVILLE RD/HOME DEPOT W,374863.9857,5031000.737,-75.60480935,45.41543423,2016-06-27,20:23,01 - Clear,01 - Dry,01 - Traffic signal,02 - Intersection related,01 - Daylight,03 - P.D. only,03 - Rear end,Industrial Park
7796,INNES RD @ 260 E OF BELCOURT BLVD/WALMART SC,382345.4823,5035398.794,-75.50854103,45.45421529,2016-12-23,12:23,01 - Clear,03 - Loose snow,01 - Traffic signal,02 - Intersection related,01 - Daylight,02 - Non-fatal injury,03 - Rear end,Orleans Village - Chateauneuf
7797,INNES RD @ 260 E OF BELCOURT BLVD/WALMART SC,382346.9739,5035398.29,-75.50852204,45.45421059,2016-06-17,14:21,01 - Clear,01 - Dry,01 - Traffic signal,02 - Intersection related,01 - Daylight,03 - P.D. only,03 - Rear end,Chapel Hill South
7798,INNES RD @ 298 E OF WILDFLOWER DR/LOBLAWS SC,383191.559,5035796.158,-75.49766182,45.45769602,2016-11-04,17:29,01 - Clear,01 - Dry,01 - Traffic signal,03 - At intersection,07 - Dark,02 - Non-fatal injury,05 - Turning movement,Avalon
7799,INNES RD @ 298 E OF WILDFLOWER DR/LOBLAWS SC,383191.2044,5035796.152,-75.49766635,45.45769601,2016-10-15,17:49,01 - Clear,01 - Dry,01 - Traffic signal,03 - At intersection,05 - Dusk,03 - P.D. only,05 - Turning movement,Avalon