Record,Location,X,Y,lon,lat,Date,Time,Environment,Road_Surface,Traffic_Control,Collision_Location,Light,Collision_Classification,Impact_type,Neighborhood
7800,INNES RD @ 298 E OF WILDFLOWER DR/LOBLAWS SC,383190.2515,5035797.061,-75.49767839,45.45770429,2016-06-30,14:35,01 - Clear,01 - Dry,01 - Traffic signal,02 - Intersection related,01 - Daylight,03 - P.D. only,03 - Rear end,Avalon
7801,INNES RD @ 473 E OF PAGE RD/BUILDERS' WAREHOUS,381300.4823,5034781.169,-75.52199598,45.44877357,2016-06-30,6:35,01 - Clear,01 - Dry,01 - Traffic signal,02 - Intersection related,01 - Daylight,02 - Non-fatal injury,03 - Rear end,Chapel Hill South
7802,INNES RD @ BEARBROOK RD/GLEN PARK DR E,377994.7336,5032843.01,-75.56454005,45.43168933,2016-02-01,15:38,01 - Clear,01 - Dry,01 - Traffic signal,02 - Intersection related,01 - Daylight,03 - P.D. only,03 - Rear end,Blackburn Hamlet
7803,INNES RD @ BEARBROOK RD/GLEN PARK DR E,377993.671,5032844.597,-75.56455339,45.43170372,2016-08-26,18:58,01 - Clear,01 - Dry,01 - Traffic signal,03 - At intersection,01 - Daylight,03 - P.D. only,02 - Angle,Blackburn Hamlet
7804,INNES RD @ JEANNE D'ARC BLVD/MER BLEUE RD,382637.9809,5035567.554,-75.50477514,45.45570113,2016-08-03,21:20,01 - Clear,01 - Dry,01 - Traffic signal,03 - At intersection,07 - Dark,02 - Non-fatal injury,05 - Turning movement,Chapel Hill South
7805,INNES RD @ JEANNE D'ARC BLVD/MER BLEUE RD,382639.4248,5035565.217,-75.50475705,45.45567994,2016-08-28,12:20,01 - Clear,01 - Dry,01 - Traffic signal,02 - Intersection related,01 - Daylight,02 - Non-fatal injury,03 - Rear end,Chapel Hill South
7806,INNES RD @ JEANNE D'ARC BLVD/MER BLEUE RD,382638.5815,5035567.985,-75.5047674,45.45570494,2016-09-11,19:30,01 - Clear,01 - Dry,01 - Traffic signal,03 - At intersection,07 - Dark,02 - Non-fatal injury,05 - Turning movement,Chapel Hill South
7807,INNES RD @ JEANNE D'ARC BLVD/MER BLEUE RD,382637.095,5035567.334,-75.5047865,45.45569924,2016-05-31,18:38,01 - Clear,01 - Dry,01 - Traffic signal,03 - At intersection,01 - Daylight,02 - Non-fatal injury,05 - Turning movement,Chapel Hill South
7808,INNES RD @ JEANNE D'ARC BLVD/MER BLEUE RD,382638.4195,5035567.332,-75.50476957,45.45569908,2016-03-05,15:15,01 - Clear,01 - Dry,01 - Traffic signal,02 - Intersection related,01 - Daylight,03 - P.D. only,03 - Rear end,Chapel Hill South
7809,INNES RD @ JEANNE D'ARC BLVD/MER BLEUE RD,382639.4099,5035569.624,-75.50475655,45.45571959,2016-09-09,11:37,01 - Clear,01 - Dry,01 - Traffic signal,02 - Intersection related,01 - Daylight,03 - P.D. only,03 - Rear end,Queenswood Heights
7810,INNES RD @ JEANNE D'ARC BLVD/MER BLEUE RD,382638.2128,5035567.324,-75.50477221,45.45569903,2016-02-10,23:53,05 - Drifting Snow,03 - Loose snow,01 - Traffic signal,02 - Intersection related,07 - Dark,03 - P.D. only,07 - SMV other,Chapel Hill South
7811,INNES RD @ JEANNE D'ARC BLVD/MER BLEUE RD,382638.43,5035567.328,-75.50476944,45.45569904,2016-03-21,9:16,01 - Clear,01 - Dry,01 - Traffic signal,03 - At intersection,01 - Daylight,03 - P.D. only,05 - Turning movement,Chapel Hill South
7812,INNES RD @ JEANNE D'ARC BLVD/MER BLEUE RD,382638.43,5035568.681,-75.50476922,45.45571121,2016-05-22,17:20,01 - Clear,01 - Dry,01 - Traffic signal,02 - Intersection related,01 - Daylight,03 - P.D. only,03 - Rear end,Queenswood Heights
7813,INNES RD @ JEANNE D'ARC BLVD/MER BLEUE RD,382637.3184,5035569.248,-75.50478334,45.45571644,2016-01-28,13:14,01 - Clear,02 - Wet,01 - Traffic signal,03 - At intersection,01 - Daylight,03 - P.D. only,02 - Angle,Orleans Village - Chateauneuf
7814,INNES RD @ JEANNE D'ARC BLVD/MER BLEUE RD,382637.5316,5035567.776,-75.50478085,45.45570317,2016-02-17,8:29,01 - Clear,02 - Wet,01 - Traffic signal,03 - At intersection,01 - Daylight,03 - P.D. only,05 - Turning movement,Chapel Hill South
7815,INNES RD @ JEANNE D'ARC BLVD/MER BLEUE RD,382636.6869,5035567.985,-75.50479162,45.45570515,2016-08-28,23:10,01 - Clear,01 - Dry,01 - Traffic signal,03 - At intersection,07 - Dark,03 - P.D. only,05 - Turning movement,Chapel Hill South
7816,INNES RD @ JEANNE D'ARC BLVD/MER BLEUE RD,382638.1485,5035566.153,-75.50477322,45.4556885,2016-08-22,20:31,01 - Clear,01 - Dry,01 - Traffic signal,02 - Intersection related,07 - Dark,03 - P.D. only,03 - Rear end,Chapel Hill South
7817,INNES RD @ JEANNE D'ARC BLVD/MER BLEUE RD,382637.96,5035567.664,-75.50477539,45.45570212,2016-08-28,17:41,01 - Clear,01 - Dry,01 - Traffic signal,02 - Intersection related,01 - Daylight,03 - P.D. only,03 - Rear end,Chapel Hill South
7818,INNES RD @ JEANNE D'ARC BLVD/MER BLEUE RD,382637.5341,5035567.773,-75.50478082,45.45570315,2016-07-05,13:36,01 - Clear,01 - Dry,01 - Traffic signal,02 - Intersection related,01 - Daylight,03 - P.D. only,03 - Rear end,Chapel Hill South
7819,INNES RD @ JEANNE D'ARC BLVD/MER BLEUE RD,382635.2691,5035569.624,-75.50480948,45.45572005,2016-08-21,15:50,01 - Clear,01 - Dry,01 - Traffic signal,02 - Intersection related,01 - Daylight,03 - P.D. only,03 - Rear end,Orleans Village - Chateauneuf
7820,INNES RD @ JEANNE D'ARC BLVD/MER BLEUE RD,382638.4203,5035566.887,-75.50476963,45.45569508,2016-01-29,7:20,02 - Rain,02 - Wet,01 - Traffic signal,02 - Intersection related,03 - Dawn,03 - P.D. only,04 - Sideswipe,Chapel Hill South
7821,INNES RD @ JEANNE D'ARC BLVD/MER BLEUE RD,382639.4099,5035567.14,-75.50475694,45.45569724,2016-12-15,12:06,01 - Clear,01 - Dry,01 - Traffic signal,02 - Intersection related,01 - Daylight,03 - P.D. only,04 - Sideswipe,Chapel Hill South
7822,INNES RD @ JEANNE D'ARC BLVD/MER BLEUE RD,382638.5818,5035566.311,-75.50476766,45.45568987,2016-12-16,17:22,01 - Clear,06 - Ice,01 - Traffic signal,02 - Intersection related,07 - Dark,03 - P.D. only,03 - Rear end,Chapel Hill South
7823,INNES RD @ ORCHARDVIEW AVE/ESPRIT DR,384843.6937,5036560.292,-75.47641608,45.46438367,2016-08-20,21:35,01 - Clear,01 - Dry,01 - Traffic signal,02 - Intersection related,07 - Dark,02 - Non-fatal injury,03 - Rear end,Fallingbrook
7824,INNES RD @ ORCHARDVIEW AVE/ESPRIT DR,384845.4365,5036561.231,-75.47639364,45.46439192,2016-03-28,15:45,02 - Rain,02 - Wet,01 - Traffic signal,02 - Intersection related,01 - Daylight,02 - Non-fatal injury,03 - Rear end,Fallingbrook
7825,INNES RD @ ORCHARDVIEW AVE/ESPRIT DR,384845.2704,5036562.088,-75.47639562,45.46439965,2016-12-19,13:52,01 - Clear,01 - Dry,01 - Traffic signal,03 - At intersection,01 - Daylight,02 - Non-fatal injury,05 - Turning movement,Fallingbrook
7826,INNES RD @ ORCHARDVIEW AVE/ESPRIT DR,384844.5451,5036560.34,-75.47640518,45.464384,2016-01-07,9:20,02 - Rain,02 - Wet,01 - Traffic signal,02 - Intersection related,01 - Daylight,03 - P.D. only,03 - Rear end,Fallingbrook
7827,INNES RD @ ORCHARDVIEW AVE/ESPRIT DR,384844.5401,5036560.335,-75.47640525,45.46438396,2016-02-16,13:09,03 - Snow,03 - Loose snow,01 - Traffic signal,02 - Intersection related,01 - Daylight,03 - P.D. only,03 - Rear end,Fallingbrook
7828,INNES RD @ ORCHARDVIEW AVE/ESPRIT DR,384845.5928,5036560.974,-75.47639168,45.46438959,2016-10-04,15:06,01 - Clear,01 - Dry,01 - Traffic signal,02 - Intersection related,01 - Daylight,03 - P.D. only,03 - Rear end,Fallingbrook
7829,INNES RD @ ORCHARDVIEW AVE/ESPRIT DR,384845.2238,5036561.248,-75.47639636,45.46439209,2016-07-19,13:56,01 - Clear,01 - Dry,01 - Traffic signal,03 - At intersection,01 - Daylight,03 - P.D. only,05 - Turning movement,Fallingbrook
7830,INNES RD @ ORCHARDVIEW AVE/ESPRIT DR,384844.5373,5036559.65,-75.4764054,45.46437779,2016-07-17,16:38,01 - Clear,01 - Dry,01 - Traffic signal,02 - Intersection related,01 - Daylight,03 - P.D. only,03 - Rear end,Fallingbrook
7831,INNES RD @ ORCHARDVIEW AVE/ESPRIT DR,384846.8232,5036556.287,-75.47637672,45.46434728,2016-11-20,23:35,03 - Snow,04 - Slush,01 - Traffic signal,02 - Intersection related,07 - Dark,03 - P.D. only,07 - SMV other,Fallingbrook
7832,INNES RD @ ORIENT PARK DR,378321.2756,5033035.963,-75.56033846,45.43339114,2016-09-08,8:45,01 - Clear,01 - Dry,01 - Traffic signal,02 - Intersection related,01 - Daylight,03 - P.D. only,03 - Rear end,Blackburn Hamlet
7833,INNES RD @ ORLEANS BLVD,380461.0191,5034296.179,-75.53280095,45.44450138,2016-02-23,19:59,01 - Clear,05 - Packed snow,01 - Traffic signal,02 - Intersection related,07 - Dark,02 - Non-fatal injury,03 - Rear end,Orleans Village - Chateauneuf
7834,INNES RD @ ORLEANS BLVD,380461.682,5034295.073,-75.53279265,45.44449136,2016-04-12,18:41,01 - Clear,01 - Dry,01 - Traffic signal,02 - Intersection related,01 - Daylight,02 - Non-fatal injury,03 - Rear end,Chapel Hill South
7835,INNES RD @ ORLEANS BLVD,380461.4769,5034297.767,-75.53279485,45.44451562,2016-07-21,13:08,01 - Clear,01 - Dry,01 - Traffic signal,02 - Intersection related,01 - Daylight,02 - Non-fatal injury,03 - Rear end,Orleans Village - Chateauneuf
7836,INNES RD @ ORLEANS BLVD,380460.7951,5034296.166,-75.53280381,45.44450129,2016-10-13,9:41,02 - Rain,02 - Wet,01 - Traffic signal,03 - At intersection,01 - Daylight,02 - Non-fatal injury,05 - Turning movement,Orleans Village - Chateauneuf
7837,INNES RD @ ORLEANS BLVD,380460.1365,5034296.623,-75.53281216,45.44450547,2016-11-02,17:03,01 - Clear,01 - Dry,01 - Traffic signal,03 - At intersection,05 - Dusk,02 - Non-fatal injury,02 - Angle,Orleans Village - Chateauneuf
7838,INNES RD @ ORLEANS BLVD,380461.4537,5034296.183,-75.53279539,45.44450137,2016-12-08,19:01,03 - Snow,04 - Slush,01 - Traffic signal,03 - At intersection,07 - Dark,02 - Non-fatal injury,05 - Turning movement,Orleans Village - Chateauneuf
7839,INNES RD @ ORLEANS BLVD,380461.0198,5034295.954,-75.53280097,45.44449936,2016-01-19,18:45,01 - Clear,01 - Dry,01 - Traffic signal,02 - Intersection related,07 - Dark,03 - P.D. only,03 - Rear end,Orleans Village - Chateauneuf
7840,INNES RD @ ORLEANS BLVD,380460.1365,5034296.183,-75.53281223,45.44450151,2016-10-26,11:22,01 - Clear,01 - Dry,01 - Traffic signal,03 - At intersection,01 - Daylight,03 - P.D. only,05 - Turning movement,Orleans Village - Chateauneuf
7841,INNES RD @ ORLEANS BLVD,380461.6233,5034295.989,-75.53279326,45.44449961,2016-10-22,1:34,01 - Clear,01 - Dry,01 - Traffic signal,02 - Intersection related,07 - Dark,03 - P.D. only,03 - Rear end,Orleans Village - Chateauneuf
7842,INNES RD @ ORLEANS BLVD,380460.1365,5034295.305,-75.53281236,45.44449361,2016-01-25,18:40,01 - Clear,01 - Dry,01 - Traffic signal,02 - Intersection related,07 - Dark,03 - P.D. only,03 - Rear end,Orleans Village - Chateauneuf
7843,INNES RD @ ORLEANS BLVD,380461.4715,5034296.178,-75.53279517,45.44450132,2016-05-22,11:04,01 - Clear,01 - Dry,01 - Traffic signal,03 - At intersection,01 - Daylight,03 - P.D. only,05 - Turning movement,Orleans Village - Chateauneuf
7844,INNES RD @ ORLEANS BLVD,380460.5704,5034296.403,-75.53280665,45.44450345,2016-04-28,10:30,01 - Clear,01 - Dry,01 - Traffic signal,03 - At intersection,01 - Daylight,03 - P.D. only,05 - Turning movement,Orleans Village - Chateauneuf
7845,INNES RD @ ORLEANS BLVD,380460.5288,5034296.669,-75.53280714,45.44450584,2016-03-12,21:07,01 - Clear,01 - Dry,01 - Traffic signal,02 - Intersection related,07 - Dark,03 - P.D. only,02 - Angle,Orleans Village - Chateauneuf
7846,INNES RD @ ORLEANS BLVD,380461.4769,5034297.767,-75.53279485,45.44451562,2016-07-28,16:00,01 - Clear,01 - Dry,01 - Traffic signal,02 - Intersection related,01 - Daylight,03 - P.D. only,03 - Rear end,Orleans Village - Chateauneuf
7847,INNES RD @ ORLEANS BLVD,380460.5696,5034296.178,-75.53280669,45.44450142,2016-06-09,19:16,01 - Clear,01 - Dry,01 - Traffic signal,02 - Intersection related,01 - Daylight,03 - P.D. only,03 - Rear end,Orleans Village - Chateauneuf
7848,INNES RD @ ORLEANS BLVD,380460.356,5034297.281,-75.53280925,45.44451137,2016-10-14,8:16,01 - Clear,01 - Dry,01 - Traffic signal,02 - Intersection related,01 - Daylight,03 - P.D. only,02 - Angle,Orleans Village - Chateauneuf
7849,INNES RD @ ORLEANS BLVD,380461.0224,5034296.858,-75.5328008,45.44450749,2016-07-10,21:52,01 - Clear,01 - Dry,01 - Traffic signal,03 - At intersection,07 - Dark,03 - P.D. only,05 - Turning movement,Orleans Village - Chateauneuf
7850,INNES RD @ O'TOOLE RD,389105.4436,5038307.223,-75.42162735,45.47959928,2016-02-16,15:19,03 - Snow,05 - Packed snow,02 - Stop sign,03 - At intersection,01 - Daylight,03 - P.D. only,02 - Angle,Cumberland - Estates
7851,INNES RD @ PAGE RD,380887.0904,5034540.774,-75.52731731,45.44665581,2016-11-03,7:05,01 - Clear,01 - Dry,01 - Traffic signal,03 - At intersection,03 - Dawn,02 - Non-fatal injury,07 - SMV other,Orleans Village - Chateauneuf
7852,INNES RD @ PAGE RD,380887.9685,5034540.774,-75.52730608,45.44665572,2016-10-22,11:07,02 - Rain,02 - Wet,01 - Traffic signal,02 - Intersection related,01 - Daylight,03 - P.D. only,04 - Sideswipe,Orleans Village - Chateauneuf
7853,INNES RD @ PAGE RD,380887.973,5034540.331,-75.52730609,45.44665173,2016-03-23,10:52,01 - Clear,01 - Dry,01 - Traffic signal,02 - Intersection related,01 - Daylight,03 - P.D. only,03 - Rear end,Orleans Village - Chateauneuf
7854,INNES RD @ PAGE RD,380889.4053,5034539.312,-75.52728794,45.44664241,2016-11-23,6:45,01 - Clear,01 - Dry,01 - Traffic signal,02 - Intersection related,03 - Dawn,03 - P.D. only,03 - Rear end,Chapel Hill South
7855,INNES RD @ PAGE RD,380887.0904,5034541.213,-75.52731724,45.44665976,2016-11-04,21:47,01 - Clear,01 - Dry,01 - Traffic signal,03 - At intersection,07 - Dark,03 - P.D. only,05 - Turning movement,Orleans Village - Chateauneuf
7856,INNES RD @ PORTOBELLO BLVD,385631.0933,5036891.875,-75.46629407,45.46727626,2016-06-21,17:39,01 - Clear,01 - Dry,01 - Traffic signal,03 - At intersection,01 - Daylight,02 - Non-fatal injury,05 - Turning movement,Fallingbrook
7857,INNES RD @ PORTOBELLO BLVD,385631.5502,5036893.21,-75.46628801,45.46728822,2016-02-25,8:04,02 - Rain,06 - Ice,01 - Traffic signal,02 - Intersection related,01 - Daylight,03 - P.D. only,03 - Rear end,Fallingbrook
7858,INNES RD @ PORTOBELLO BLVD,385631.1111,5036891.893,-75.46629384,45.46727642,2016-08-30,19:21,01 - Clear,01 - Dry,01 - Traffic signal,02 - Intersection related,05 - Dusk,03 - P.D. only,02 - Angle,Fallingbrook
7859,INNES RD @ PROVENCE AVE,386110.1887,5037084.197,-75.46013637,45.46895097,2016-10-23,17:29,01 - Clear,01 - Dry,01 - Traffic signal,03 - At intersection,01 - Daylight,02 - Non-fatal injury,02 - Angle,Notting Hill
7860,INNES RD @ PROVENCE AVE,386109.964,5037083.96,-75.46013928,45.46894887,2016-03-18,16:40,01 - Clear,01 - Dry,01 - Traffic signal,03 - At intersection,01 - Daylight,03 - P.D. only,04 - Sideswipe,Notting Hill
7861,INNES RD @ PROVENCE AVE,386111.0169,5037083.546,-75.46012588,45.46894502,2016-12-19,16:48,01 - Clear,01 - Dry,01 - Traffic signal,02 - Intersection related,05 - Dusk,03 - P.D. only,04 - Sideswipe,Notting Hill
7862,INNES RD @ SOUTHPARK DR,377839.2151,5032754.098,-75.56654057,45.43090562,2016-10-06,9:17,01 - Clear,01 - Dry,01 - Traffic signal,03 - At intersection,01 - Daylight,02 - Non-fatal injury,05 - Turning movement,Blackburn Hamlet
7863,INNES RD @ STAR TOP RD/WINDMILL LANE,374146.0367,5030667.186,-75.61402823,45.41250462,2016-02-26,13:55,01 - Clear,01 - Dry,01 - Traffic signal,03 - At intersection,01 - Daylight,02 - Non-fatal injury,05 - Turning movement,Industrial Park
7864,INNES RD @ STAR TOP RD/WINDMILL LANE,374146.6281,5030666.341,-75.6140208,45.41249696,2016-09-02,7:08,01 - Clear,01 - Dry,01 - Traffic signal,02 - Intersection related,01 - Daylight,02 - Non-fatal injury,07 - SMV other,Industrial Park
7865,INNES RD @ STAR TOP RD/WINDMILL LANE,374147.9453,5030666.341,-75.61400397,45.41249683,2016-02-16,7:58,03 - Snow,05 - Packed snow,01 - Traffic signal,02 - Intersection related,01 - Daylight,03 - P.D. only,03 - Rear end,Industrial Park
7866,INNES RD @ STAR TOP RD/WINDMILL LANE,374147.5003,5030666.335,-75.61400966,45.41249682,2016-06-07,10:42,01 - Clear,01 - Dry,01 - Traffic signal,02 - Intersection related,01 - Daylight,03 - P.D. only,03 - Rear end,Industrial Park
7867,INNES RD @ STAR TOP RD/WINDMILL LANE,374147.0494,5030667.237,-75.61401529,45.41250498,2016-06-07,16:11,02 - Rain,02 - Wet,01 - Traffic signal,02 - Intersection related,01 - Daylight,03 - P.D. only,04 - Sideswipe,Industrial Park
7868,INNES RD @ STAR TOP RD/WINDMILL LANE,374148.185,5030666.331,-75.61400091,45.41249672,2016-02-16,13:00,03 - Snow,05 - Packed snow,01 - Traffic signal,02 - Intersection related,01 - Daylight,03 - P.D. only,04 - Sideswipe,Industrial Park
7869,INNES RD @ STAR TOP RD/WINDMILL LANE,374148.8494,5030667.01,-75.61399233,45.41250276,2016-04-11,9:04,02 - Rain,02 - Wet,01 - Traffic signal,02 - Intersection related,01 - Daylight,03 - P.D. only,02 - Angle,Industrial Park
7870,INNES RD @ STAR TOP RD/WINDMILL LANE,374147.044,5030667.47,-75.61401532,45.41250708,2016-08-05,15:00,01 - Clear,01 - Dry,01 - Traffic signal,02 - Intersection related,01 - Daylight,03 - P.D. only,03 - Rear end,Industrial Park
7871,INNES RD @ STAR TOP RD/WINDMILL LANE,374147.7258,5030665.318,-75.61400692,45.41248765,2016-12-16,9:13,01 - Clear,06 - Ice,01 - Traffic signal,02 - Intersection related,01 - Daylight,03 - P.D. only,03 - Rear end,Industrial Park
7872,INNES RD @ STAR TOP RD/WINDMILL LANE,374147.2524,5030667.271,-75.61401269,45.41250527,2016-11-23,8:22,01 - Clear,01 - Dry,01 - Traffic signal,03 - At intersection,01 - Daylight,03 - P.D. only,05 - Turning movement,Industrial Park
7873,INNES RD @ STAR TOP RD/WINDMILL LANE,374147.5063,5030665.902,-75.61400964,45.41249292,2016-11-17,9:31,01 - Clear,01 - Dry,01 - Traffic signal,03 - At intersection,01 - Daylight,03 - P.D. only,05 - Turning movement,Industrial Park
7874,INNES RD @ STONEHENGE CRES E,375363.1128,5031314.25,-75.59838802,45.41820489,2016-02-01,7:25,01 - Clear,02 - Wet,01 - Traffic signal,02 - Intersection related,01 - Daylight,02 - Non-fatal injury,03 - Rear end,Greenbelt
7875,INNES RD @ STONEHENGE CRES E,375362.5957,5031313.733,-75.5983947,45.41820029,2016-01-23,8:24,01 - Clear,01 - Dry,01 - Traffic signal,02 - Intersection related,01 - Daylight,03 - P.D. only,03 - Rear end,Greenbelt
7876,INNES RD @ STONEHENGE CRES E,375364.8444,5031315.25,-75.59836576,45.41821371,2016-01-04,17:42,01 - Clear,01 - Dry,01 - Traffic signal,02 - Intersection related,07 - Dark,03 - P.D. only,03 - Rear end,Greenbelt
7877,INNES RD @ STONEHENGE CRES E,375363.0691,5031314.675,-75.59838852,45.41820872,2016-04-27,13:53,01 - Clear,01 - Dry,01 - Traffic signal,03 - At intersection,01 - Daylight,03 - P.D. only,04 - Sideswipe,Greenbelt
7878,INNES RD @ STONEHENGE CRES E,375363.7368,5031313.38,-75.59838017,45.418197,2016-08-17,21:39,01 - Clear,01 - Dry,01 - Traffic signal,02 - Intersection related,07 - Dark,03 - P.D. only,02 - Angle,Greenbelt
7879,INNES RD @ STONEHENGE CRES E,375363.0839,5031313.333,-75.59838852,45.41819664,2016-09-10,15:38,01 - Clear,01 - Dry,01 - Traffic signal,02 - Intersection related,01 - Daylight,03 - P.D. only,04 - Sideswipe,Greenbelt
7880,INNES RD @ STONEHENGE CRES E,375363.0839,5031312.894,-75.59838858,45.41819269,2016-12-01,14:45,02 - Rain,02 - Wet,01 - Traffic signal,03 - At intersection,01 - Daylight,03 - P.D. only,02 - Angle,Greenbelt
7881,INNES RD @ STONEHENGE CRES W,375199.7412,5031216.809,-75.60048914,45.41734463,2016-11-23,8:33,01 - Clear,01 - Dry,01 - Traffic signal,02 - Intersection related,01 - Daylight,02 - Non-fatal injury,03 - Rear end,Industrial Park
7882,INNES RD @ STONEHENGE CRES W,375199.7412,5031217.881,-75.60048899,45.41735427,2016-03-07,16:27,01 - Clear,02 - Wet,01 - Traffic signal,02 - Intersection related,01 - Daylight,03 - P.D. only,03 - Rear end,Industrial Park
7883,INNES RD @ STONEHENGE CRES W,375198.9907,5031216.939,-75.60049871,45.41734587,2016-01-14,13:29,01 - Clear,06 - Ice,01 - Traffic signal,02 - Intersection related,01 - Daylight,03 - P.D. only,03 - Rear end,Industrial Park
7884,INNES RD @ TENTH LINE RD,383951.9823,5036159.783,-75.4878818,45.46088186,2016-02-17,20:43,01 - Clear,06 - Ice,01 - Traffic signal,02 - Intersection related,07 - Dark,02 - Non-fatal injury,03 - Rear end,Queenswood Heights
7885,INNES RD @ TENTH LINE RD,383952.0266,5036159.294,-75.48788131,45.46087746,2016-03-14,14:07,02 - Rain,02 - Wet,01 - Traffic signal,02 - Intersection related,01 - Daylight,02 - Non-fatal injury,03 - Rear end,Queenswood Heights
7886,INNES RD @ TENTH LINE RD,383950.6329,5036160.237,-75.48789898,45.4608861,2016-06-09,7:32,01 - Clear,01 - Dry,01 - Traffic signal,03 - At intersection,01 - Daylight,02 - Non-fatal injury,05 - Turning movement,Queenswood Heights
7887,INNES RD @ TENTH LINE RD,383951.1017,5036159.78,-75.48789306,45.46088193,2016-05-27,17:01,01 - Clear,01 - Dry,01 - Traffic signal,02 - Intersection related,01 - Daylight,02 - Non-fatal injury,03 - Rear end,Queenswood Heights
7888,INNES RD @ TENTH LINE RD,383950.9321,5036158.319,-75.48789546,45.46086881,2016-10-04,19:19,01 - Clear,01 - Dry,01 - Traffic signal,02 - Intersection related,07 - Dark,02 - Non-fatal injury,03 - Rear end,Queenswood Heights
7889,INNES RD @ TENTH LINE RD,383950.9321,5036157.49,-75.4878956,45.46086135,2016-10-22,18:56,02 - Rain,02 - Wet,01 - Traffic signal,02 - Intersection related,07 - Dark,02 - Non-fatal injury,03 - Rear end,Queenswood Heights
7890,INNES RD @ TENTH LINE RD,383950.9321,5036158.319,-75.48789546,45.46086881,2016-11-26,10:05,01 - Clear,02 - Wet,01 - Traffic signal,02 - Intersection related,01 - Daylight,02 - Non-fatal injury,03 - Rear end,Queenswood Heights
7891,INNES RD @ TENTH LINE RD,383952.4189,5036159.78,-75.48787622,45.46088178,2016-01-24,10:30,01 - Clear,01 - Dry,01 - Traffic signal,02 - Intersection related,01 - Daylight,03 - P.D. only,03 - Rear end,Queenswood Heights
7892,INNES RD @ TENTH LINE RD,383951.0785,5036159.106,-75.48789347,45.46087587,2016-08-25,15:15,01 - Clear,01 - Dry,01 - Traffic signal,02 - Intersection related,01 - Daylight,03 - P.D. only,04 - Sideswipe,Queenswood Heights
7893,INNES RD @ TENTH LINE RD,383952.4262,5036159.339,-75.4878762,45.46087781,2016-03-04,20:22,01 - Clear,01 - Dry,01 - Traffic signal,02 - Intersection related,07 - Dark,03 - P.D. only,03 - Rear end,Queenswood Heights
7894,INNES RD @ TENTH LINE RD,383953.714,5036156.057,-75.48786026,45.46084814,2016-08-11,17:28,01 - Clear,01 - Dry,01 - Traffic signal,02 - Intersection related,01 - Daylight,03 - P.D. only,03 - Rear end,Queenswood Heights
7895,INNES RD @ TENTH LINE RD,383952.5885,5036158.319,-75.48787429,45.46086862,2016-10-31,15:08,01 - Clear,01 - Dry,01 - Traffic signal,02 - Intersection related,01 - Daylight,03 - P.D. only,03 - Rear end,Queenswood Heights
7896,INNES RD @ TENTH LINE RD,383952.4367,5036160.688,-75.48787585,45.46088995,2016-04-24,15:35,01 - Clear,01 - Dry,01 - Traffic signal,02 - Intersection related,01 - Daylight,03 - P.D. only,03 - Rear end,Queenswood Heights
7897,INNES RD @ TENTH LINE RD,383951.5348,5036159.335,-75.48788759,45.46087788,2016-06-20,9:21,01 - Clear,01 - Dry,01 - Traffic signal,02 - Intersection related,01 - Daylight,03 - P.D. only,03 - Rear end,Queenswood Heights
7898,INNES RD @ TENTH LINE RD,383951.5383,5036159.339,-75.48788755,45.46087792,2016-02-16,6:10,03 - Snow,05 - Packed snow,01 - Traffic signal,02 - Intersection related,07 - Dark,03 - P.D. only,03 - Rear end,Queenswood Heights
7899,INNES RD @ TENTH LINE RD,383950.638,5036160.234,-75.48789892,45.46088607,2016-04-28,16:18,01 - Clear,01 - Dry,01 - Traffic signal,03 - At intersection,01 - Daylight,03 - P.D. only,02 - Angle,Queenswood Heights
7900,INNES RD @ TENTH LINE RD,383951.0884,5036158.889,-75.48789337,45.46087392,2016-02-17,8:15,01 - Clear,05 - Packed snow,01 - Traffic signal,03 - At intersection,01 - Daylight,03 - P.D. only,03 - Rear end,Queenswood Heights
7901,INNES RD @ TENTH LINE RD,383951.5408,5036158.902,-75.48788759,45.46087398,2016-09-16,15:49,01 - Clear,01 - Dry,01 - Traffic signal,03 - At intersection,01 - Daylight,03 - P.D. only,04 - Sideswipe,Queenswood Heights
7902,INNES RD @ TENTH LINE RD,383951.3697,5036160.342,-75.48788954,45.46088696,2016-04-19,13:48,01 - Clear,01 - Dry,01 - Traffic signal,02 - Intersection related,01 - Daylight,03 - P.D. only,03 - Rear end,Queenswood Heights
7903,INNES RD @ TENTH LINE RD,383952.1994,5036159.122,-75.48787913,45.46087589,2016-03-23,21:30,01 - Clear,01 - Dry,01 - Traffic signal,02 - Intersection related,07 - Dark,03 - P.D. only,99 - Other,Queenswood Heights
7904,INNES RD @ TENTH LINE RD,383951.9858,5036160.237,-75.48788168,45.46088594,2016-05-17,7:01,01 - Clear,01 - Dry,01 - Traffic signal,02 - Intersection related,01 - Daylight,03 - P.D. only,03 - Rear end,Queenswood Heights
7905,INNES RD @ TENTH LINE RD,383951.7603,5036157.49,-75.48788501,45.46086125,2016-11-14,17:20,01 - Clear,01 - Dry,01 - Traffic signal,02 - Intersection related,07 - Dark,03 - P.D. only,03 - Rear end,Queenswood Heights