Record,Location,X,Y,lon,lat,Date,Time,Environment,Road_Surface,Traffic_Control,Collision_Location,Light,Collision_Classification,Impact_type,Neighborhood
7906,INNES RD @ TENTH LINE RD,383951.7603,5036160.803,-75.48788447,45.46089106,2016-11-16,11:30,01 - Clear,01 - Dry,01 - Traffic signal,02 - Intersection related,01 - Daylight,03 - P.D. only,03 - Rear end,Queenswood Heights
7907,INNES RD @ TENTH LINE RD,383952.5885,5036158.319,-75.48787429,45.46086862,2016-10-31,16:59,01 - Clear,01 - Dry,01 - Traffic signal,02 - Intersection related,01 - Daylight,03 - P.D. only,03 - Rear end,Queenswood Heights
7908,INNES RD @ TENTH LINE RD,383952.2958,5036158.758,-75.48787796,45.4608726,2016-09-30,12:11,01 - Clear,01 - Dry,01 - Traffic signal,03 - At intersection,01 - Daylight,03 - P.D. only,03 - Rear end,Queenswood Heights
7909,INNES RD @ TENTH LINE RD,383950.104,5036158.319,-75.48790605,45.4608689,2016-04-28,17:15,01 - Clear,01 - Dry,01 - Traffic signal,03 - At intersection,01 - Daylight,03 - P.D. only,03 - Rear end,Queenswood Heights
7910,INNES RD @ TENTH LINE RD,383954.2448,5036158.319,-75.48785311,45.46086843,2016-12-26,13:34,04 - Freezing Rain,06 - Ice,01 - Traffic signal,02 - Intersection related,01 - Daylight,03 - P.D. only,03 - Rear end,Queenswood Heights
7911,INNES RD @ TENTH LINE RD,383951.7603,5036158.319,-75.48788487,45.46086871,2016-12-31,15:10,03 - Snow,05 - Packed snow,01 - Traffic signal,02 - Intersection related,01 - Daylight,03 - P.D. only,03 - Rear end,Queenswood Heights
7912,INNES RD @ TENTH LINE RD,383954.2448,5036160.803,-75.48785271,45.46089078,2016-11-30,23:00,02 - Rain,02 - Wet,01 - Traffic signal,02 - Intersection related,07 - Dark,03 - P.D. only,04 - Sideswipe,Queenswood Heights
7913,INNES RD @ TRIM RD,386566.3815,5037273.556,-75.45427165,45.47060138,2016-12-30,19:09,01 - Clear,01 - Dry,01 - Traffic signal,03 - At intersection,07 - Dark,02 - Non-fatal injury,05 - Turning movement,Cardinal Creek
7914,INNES RD @ TRIM RD,386566.9941,5037273.778,-75.45426378,45.4706033,2016-02-27,9:29,01 - Clear,01 - Dry,01 - Traffic signal,03 - At intersection,01 - Daylight,03 - P.D. only,05 - Turning movement,Cardinal Creek
7915,INNES RD @ TRIM RD,386567.8698,5037273.336,-75.45425266,45.47059922,2016-01-08,16:55,01 - Clear,01 - Dry,01 - Traffic signal,03 - At intersection,05 - Dusk,03 - P.D. only,05 - Turning movement,Cardinal Creek
7916,INNES RD @ TRIM RD,386566.0987,5037272.434,-75.45427546,45.47059132,2016-04-25,22:08,01 - Clear,01 - Dry,01 - Traffic signal,03 - At intersection,07 - Dark,03 - P.D. only,05 - Turning movement,Cardinal Creek
7917,INNES RD @ TRIM RD,386566.5448,5037273.556,-75.45426957,45.47060136,2016-08-09,16:29,01 - Clear,01 - Dry,01 - Traffic signal,02 - Intersection related,01 - Daylight,03 - P.D. only,03 - Rear end,Cardinal Creek
7918,INNES RD @ TRIM RD,386567.4448,5037273.107,-75.45425813,45.47059721,2016-04-02,10:32,01 - Clear,01 - Dry,01 - Traffic signal,03 - At intersection,01 - Daylight,03 - P.D. only,05 - Turning movement,Cardinal Creek
7919,INNES RD @ TRIM RD,386566.5448,5037272.192,-75.45426979,45.47058909,2016-07-01,14:02,01 - Clear,01 - Dry,01 - Traffic signal,03 - At intersection,01 - Daylight,03 - P.D. only,02 - Angle,Cardinal Creek
7920,INNES RD @ TRIM RD,386566.0979,5037274.904,-75.45427506,45.47061354,2016-05-17,11:58,01 - Clear,01 - Dry,01 - Traffic signal,02 - Intersection related,01 - Daylight,03 - P.D. only,03 - Rear end,Cardinal Creek
7921,INNES RD @ TRIM RD,386566.9994,5037273.101,-75.45426383,45.47059721,2016-08-04,12:00,01 - Clear,01 - Dry,01 - Traffic signal,02 - Intersection related,01 - Daylight,03 - P.D. only,03 - Rear end,Cardinal Creek
7922,INNES RD @ TRIM RD,386565.6744,5037273.775,-75.45428066,45.47060343,2016-11-13,18:46,01 - Clear,01 - Dry,01 - Traffic signal,03 - At intersection,07 - Dark,03 - P.D. only,05 - Turning movement,Cardinal Creek
7923,INNES RD @ VISENEAU DR,381798.5291,5035073.778,-75.51558395,45.45135154,2016-02-27,12:30,01 - Clear,01 - Dry,01 - Traffic signal,02 - Intersection related,01 - Daylight,02 - Non-fatal injury,03 - Rear end,Chapel Hill South
7924,INNES RD @ VISENEAU DR,381798.7511,5035074.798,-75.51558095,45.45136069,2016-11-26,11:30,01 - Clear,01 - Dry,01 - Traffic signal,02 - Intersection related,01 - Daylight,02 - Non-fatal injury,03 - Rear end,Chapel Hill South
7925,INNES RD @ VISENEAU DR,381798.9706,5035073.336,-75.51557837,45.45134751,2016-11-01,11:00,01 - Clear,01 - Dry,01 - Traffic signal,02 - Intersection related,01 - Daylight,03 - P.D. only,02 - Angle,Chapel Hill South
7926,INNES RD @ VISENEAU DR,381797.6237,5035072.429,-75.51559573,45.4513395,2016-06-21,15:20,01 - Clear,01 - Dry,01 - Traffic signal,02 - Intersection related,01 - Daylight,03 - P.D. only,03 - Rear end,Chapel Hill South
7927,INNES RD @ VISENEAU DR,381798.5316,5035072.897,-75.51558405,45.45134361,2016-02-05,18:00,01 - Clear,01 - Dry,01 - Traffic signal,02 - Intersection related,05 - Dusk,03 - P.D. only,99 - Other,Chapel Hill South
7928,INNES RD @ VISENEAU DR,381799.8221,5035073.288,-75.5155675,45.45134699,2016-08-24,18:35,01 - Clear,01 - Dry,01 - Traffic signal,02 - Intersection related,01 - Daylight,03 - P.D. only,03 - Rear end,Chapel Hill South
7929,INNES RD @ VISENEAU DR,381798.9751,5035074.676,-75.51557811,45.45135957,2016-04-04,13:34,01 - Clear,01 - Dry,01 - Traffic signal,02 - Intersection related,01 - Daylight,03 - P.D. only,03 - Rear end,Chapel Hill South
7930,INNES RD @ VISENEAU DR,381799.199,5035074.004,-75.51557535,45.4513535,2016-04-06,20:10,03 - Snow,03 - Loose snow,01 - Traffic signal,02 - Intersection related,07 - Dark,03 - P.D. only,02 - Angle,Chapel Hill South
7931,INNES RD @ VISENEAU DR,381797.6534,5035073.336,-75.51559521,45.45134766,2016-04-30,11:41,01 - Clear,01 - Dry,01 - Traffic signal,02 - Intersection related,01 - Daylight,03 - P.D. only,03 - Rear end,Chapel Hill South
7932,INNES RD @ VISENEAU DR,381797.0948,5035073.142,-75.51560238,45.45134598,2016-12-23,11:55,01 - Clear,02 - Wet,01 - Traffic signal,02 - Intersection related,01 - Daylight,03 - P.D. only,03 - Rear end,Chapel Hill South
7933,INNES RD @ VISENEAU DR,381799.5793,5035073.142,-75.51557062,45.4513457,2016-12-29,18:05,03 - Snow,05 - Packed snow,01 - Traffic signal,02 - Intersection related,07 - Dark,03 - P.D. only,05 - Turning movement,Chapel Hill South
7934,INNES RD @ WILDFLOWER DR,382936.9807,5035689.879,-75.50093332,45.45676833,2016-05-24,18:27,01 - Clear,01 - Dry,01 - Traffic signal,02 - Intersection related,01 - Daylight,03 - P.D. only,03 - Rear end,Avalon
7935,INNES RD @ WILDFLOWER DR,382937.5834,5035689.313,-75.50092571,45.45676317,2016-11-11,15:41,01 - Clear,01 - Dry,01 - Traffic signal,02 - Intersection related,01 - Daylight,03 - P.D. only,03 - Rear end,Avalon
7936,INNES RD @ WILDFLOWER DR,382937.5834,5035690.141,-75.50092558,45.45677062,2016-10-12,7:13,01 - Clear,01 - Dry,01 - Traffic signal,02 - Intersection related,01 - Daylight,03 - P.D. only,03 - Rear end,Avalon
7937,INNES RD @ WILDFLOWER DR,382938.4115,5035689.313,-75.50091512,45.45676308,2016-12-16,12:45,01 - Clear,01 - Dry,01 - Traffic signal,03 - At intersection,01 - Daylight,03 - P.D. only,03 - Rear end,Avalon
7938,INNES RD btwn 173 W OF ORIENT PARK DR & ORIENT PARK DR,378183.9673,5032955.559,-75.56210511,45.43268214,2016-02-14,11:04,01 - Clear,01 - Dry,10 - No control,04 - At/near private drive,01 - Daylight,02 - Non-fatal injury,02 - Angle,Blackburn Hamlet
7939,INNES RD btwn 260 E OF BELCOURT BLVD/WALMART SC & JEANNE D'ARC BLVD/ME,382377.7762,5035417.159,-75.5081253,45.45437693,2016-06-21,16:58,01 - Clear,01 - Dry,10 - No control,01 - Non intersection,01 - Daylight,02 - Non-fatal injury,03 - Rear end,Chapel Hill South
7940,INNES RD btwn 260 E OF BELCOURT BLVD/WALMART SC & JEANNE D'ARC BLVD/ME,382396.5065,5035426.448,-75.5078844,45.45445843,2016-01-05,17:26,01 - Clear,02 - Wet,10 - No control,01 - Non intersection,05 - Dusk,02 - Non-fatal injury,03 - Rear end,Chapel Hill South
7941,INNES RD btwn 260 E OF BELCOURT BLVD/WALMART SC & JEANNE D'ARC BLVD/ME,382379.7834,5035414.371,-75.50810008,45.45435163,2016-03-23,12:04,01 - Clear,01 - Dry,10 - No control,01 - Non intersection,01 - Daylight,02 - Non-fatal injury,03 - Rear end,Chapel Hill South
7942,INNES RD btwn 260 E OF BELCOURT BLVD/WALMART SC & JEANNE D'ARC BLVD/ME,382374.6994,5035415.784,-75.50816485,45.4543649,2016-06-27,16:50,01 - Clear,01 - Dry,10 - No control,01 - Non intersection,01 - Daylight,02 - Non-fatal injury,03 - Rear end,Orleans Village - Chateauneuf
7943,INNES RD btwn 260 E OF BELCOURT BLVD/WALMART SC & JEANNE D'ARC BLVD/ME,382460.4502,5035466.43,-75.50706065,45.45481105,2016-05-19,21:41,01 - Clear,01 - Dry,10 - No control,01 - Non intersection,07 - Dark,03 - P.D. only,03 - Rear end,Orleans Village - Chateauneuf
7944,INNES RD btwn 260 E OF BELCOURT BLVD/WALMART SC & JEANNE D'ARC BLVD/ME,382629.1916,5035562.943,-75.50488823,45.45566062,2016-10-23,12:38,01 - Clear,01 - Dry,10 - No control,04 - At/near private drive,01 - Daylight,03 - P.D. only,02 - Angle,Chapel Hill South
7945,INNES RD btwn 298 E OF WILDFLOWER DR & LANTHIER DR/PRESTWICK DR,383472.033,5035959.994,-75.49404994,45.45913855,2016-06-16,16:24,01 - Clear,01 - Dry,10 - No control,04 - At/near private drive,01 - Daylight,03 - P.D. only,02 - Angle,Queenswood Heights
7946,INNES RD btwn 298 E OF WILDFLOWER DR & LANTHIER DR/PRESTWICK DR,383499.7475,5035972.158,-75.49369367,45.45924487,2016-04-01,12:26,01 - Clear,01 - Dry,10 - No control,01 - Non intersection,01 - Daylight,03 - P.D. only,03 - Rear end,Queenswood Heights
7947,INNES RD btwn 298 E OF WILDFLOWER DR & LANTHIER DR/PRESTWICK DR,383404.4952,5035931.149,-75.49491799,45.45888663,2016-03-17,17:37,02 - Rain,02 - Wet,10 - No control,04 - At/near private drive,01 - Daylight,03 - P.D. only,02 - Angle,Queenswood Heights
7948,INNES RD btwn 473 E OF PAGE RD/BUILDERS' WAREHOUSE SC & GREENVALE LANE,381511.166,5034904.977,-75.51928363,45.44986441,2016-05-02,13:53,01 - Clear,01 - Dry,10 - No control,04 - At/near private drive,01 - Daylight,03 - P.D. only,02 - Angle,Chapel Hill South
7949,INNES RD btwn ANDERSON RD & INNES RD,376326.2898,5031865.995,-75.5860026,45.42307137,2016-09-22,8:20,01 - Clear,01 - Dry,10 - No control,01 - Non intersection,01 - Daylight,02 - Non-fatal injury,03 - Rear end,Greenbelt
7950,INNES RD btwn ANDERSON RD & INNES RD,376361.2176,5031884.768,-75.58555361,45.4232367,2016-02-09,6:05,03 - Snow,03 - Loose snow,10 - No control,01 - Non intersection,07 - Dark,02 - Non-fatal injury,07 - SMV other,Greenbelt
7951,INNES RD btwn ANDERSON RD & INNES RD,376446.7101,5031935.473,-75.58445391,45.42368417,2016-03-13,8:43,01 - Clear,01 - Dry,10 - No control,01 - Non intersection,01 - Daylight,02 - Non-fatal injury,03 - Rear end,Greenbelt
7952,INNES RD btwn ANDERSON RD & INNES RD,376294.133,5031848.37,-75.58641602,45.42291607,2016-02-24,10:31,03 - Snow,03 - Loose snow,10 - No control,01 - Non intersection,01 - Daylight,03 - P.D. only,07 - SMV other,Greenbelt
7953,INNES RD btwn ANDERSON RD & INNES RD,376543.267,5031993.531,-75.58321175,45.42419664,2016-11-20,22:49,03 - Snow,03 - Loose snow,10 - No control,01 - Non intersection,07 - Dark,03 - P.D. only,07 - SMV other,Greenbelt
7954,INNES RD btwn ANDERSON RD & INNES RD,376413.5519,5031915.248,-75.58488051,45.42350559,2016-03-25,2:27,04 - Freezing Rain,06 - Ice,10 - No control,01 - Non intersection,07 - Dark,03 - P.D. only,07 - SMV other,Greenbelt
7955,INNES RD btwn ANDERSON RD & INNES RD,376341.2201,5031872.527,-75.58581089,45.42312861,2016-07-11,13:53,01 - Clear,01 - Dry,10 - No control,01 - Non intersection,01 - Daylight,03 - P.D. only,04 - Sideswipe,Greenbelt
7956,INNES RD btwn ANDERSON RD & INNES RD,376540.4931,5031993.988,-75.58324712,45.42420104,2016-06-13,8:00,01 - Clear,01 - Dry,10 - No control,01 - Non intersection,01 - Daylight,03 - P.D. only,03 - Rear end,Greenbelt
7957,INNES RD btwn BANTREE ST & STAR TOP RD,374017.6481,5030589.757,-75.61567921,45.41182067,2016-02-21,15:06,01 - Clear,01 - Dry,10 - No control,01 - Non intersection,01 - Daylight,02 - Non-fatal injury,03 - Rear end,Industrial Park
7958,INNES RD btwn BANTREE ST & STAR TOP RD,374120.7882,5030654.295,-75.61435258,45.41239114,2016-10-07,12:15,01 - Clear,01 - Dry,10 - No control,01 - Non intersection,01 - Daylight,03 - P.D. only,03 - Rear end,Industrial Park
7959,INNES RD btwn BEARBROOK RD & 173 W OF ORIENT PARK DR,378029.6403,5032861.67,-75.56409121,45.43185357,2016-01-20,18:01,01 - Clear,01 - Dry,10 - No control,04 - At/near private drive,07 - Dark,03 - P.D. only,02 - Angle,Blackburn Hamlet
7960,INNES RD btwn BELCOURT BLVD & 260 E OF BELCOURT BLVD/WALMART SC,382136.9644,5035275.558,-75.51122602,45.45312962,2016-05-16,23:54,01 - Clear,01 - Dry,10 - No control,01 - Non intersection,07 - Dark,03 - P.D. only,07 - SMV other,Orleans Village - Chateauneuf
7961,INNES RD btwn BELCOURT BLVD & 260 E OF BELCOURT BLVD/WALMART SC,382136.8426,5035276.038,-75.5112275,45.45313395,2016-05-03,15:45,01 - Clear,01 - Dry,10 - No control,01 - Non intersection,01 - Daylight,03 - P.D. only,04 - Sideswipe,Orleans Village - Chateauneuf
7962,INNES RD btwn BELCOURT BLVD & 260 E OF BELCOURT BLVD/WALMART SC,382254.4,5035344.986,-75.50971386,45.45374127,2016-11-10,9:30,01 - Clear,01 - Dry,10 - No control,04 - At/near private drive,01 - Daylight,03 - P.D. only,05 - Turning movement,Chapel Hill South
7963,INNES RD btwn BLAIR RD & ANDERSON RD,376192.9564,5031794.359,-75.58771657,45.42244045,2016-10-20,8:56,02 - Rain,02 - Wet,10 - No control,01 - Non intersection,01 - Daylight,02 - Non-fatal injury,03 - Rear end,Greenbelt
7964,INNES RD btwn BLAIR RD & ANDERSON RD,375748.6957,5031557.473,-75.59342688,45.42035428,2016-06-03,14:47,01 - Clear,01 - Dry,10 - No control,01 - Non intersection,01 - Daylight,02 - Non-fatal injury,03 - Rear end,Greenbelt
7965,INNES RD btwn BLAIR RD & ANDERSON RD,375840.9545,5031610.727,-75.59224048,45.42082407,2016-04-22,10:19,01 - Clear,02 - Wet,10 - No control,01 - Non intersection,01 - Daylight,02 - Non-fatal injury,07 - SMV other,Greenbelt
7966,INNES RD btwn BLAIR RD & ANDERSON RD,375741.0779,5031552.539,-75.59352491,45.42031066,2016-03-08,0:20,01 - Clear,01 - Dry,10 - No control,01 - Non intersection,07 - Dark,03 - P.D. only,07 - SMV other,Greenbelt
7967,INNES RD btwn BLAIR RD & ANDERSON RD,376012.6756,5031692.508,-75.59003468,45.42154243,2016-01-09,21:25,02 - Rain,02 - Wet,10 - No control,01 - Non intersection,07 - Dark,03 - P.D. only,03 - Rear end,Greenbelt
7968,INNES RD btwn BLAIR RD & ANDERSON RD,375584.8228,5031443.388,-75.59553695,45.41934441,2016-06-07,10:11,01 - Clear,01 - Dry,10 - No control,01 - Non intersection,01 - Daylight,03 - P.D. only,03 - Rear end,Greenbelt
7969,INNES RD btwn BLAIR RD & ANDERSON RD,376155.2781,5031774.592,-75.58820083,45.42226644,2016-12-07,7:23,03 - Snow,06 - Ice,10 - No control,01 - Non intersection,03 - Dawn,03 - P.D. only,03 - Rear end,Greenbelt
7970,INNES RD btwn CASABELLA DR & ORCHARDVIEW AVE,384835.2197,5036556.786,-75.47652499,45.46435309,2016-02-18,7:49,01 - Clear,05 - Packed snow,10 - No control,01 - Non intersection,01 - Daylight,02 - Non-fatal injury,03 - Rear end,Fallingbrook
7971,INNES RD btwn CHAPELIER PRIV & DU GRAND BOIS AVE,383104.1184,5035760.082,-75.49878543,45.45738124,2016-06-22,12:10,01 - Clear,01 - Dry,10 - No control,04 - At/near private drive,01 - Daylight,03 - P.D. only,03 - Rear end,Avalon
7972,INNES RD btwn CLEROUX CRES & KEYSTONE CRT,379020.6966,5033442.489,-75.55133923,45.43697489,2016-11-25,8:31,02 - Rain,02 - Wet,10 - No control,01 - Non intersection,01 - Daylight,02 - Non-fatal injury,07 - SMV other,Blackburn Hamlet
7973,INNES RD btwn CLEROUX CRES & TO BE DETERMINED,379697.4964,5033808.978,-75.54263407,45.44020013,2016-03-03,9:15,01 - Clear,06 - Ice,10 - No control,01 - Non intersection,01 - Daylight,03 - P.D. only,03 - Rear end,Greenbelt
7974,INNES RD btwn CLEROUX CRES & TO BE DETERMINED,379598.7934,5033779.747,-75.5439,45.4399477,2016-07-05,17:48,01 - Clear,01 - Dry,10 - No control,01 - Non intersection,01 - Daylight,03 - P.D. only,05 - Turning movement,Greenbelt
7975,INNES RD btwn CLEROUX CRES & TO BE DETERMINED,379694.8535,5033809.308,-75.5426678,45.44020338,2016-11-13,20:20,01 - Clear,01 - Dry,10 - No control,01 - Non intersection,07 - Dark,03 - P.D. only,03 - Rear end,Greenbelt
7976,INNES RD btwn CYRVILLE RD & STONEHENGE CRES,375114.6006,5031165.426,-75.6015842,45.41689087,2016-01-21,8:29,01 - Clear,01 - Dry,10 - No control,01 - Non intersection,01 - Daylight,03 - P.D. only,03 - Rear end,Industrial Park
7977,INNES RD btwn CYRVILLE RD & STONEHENGE CRES,375074.3603,5031137.059,-75.60210234,45.41663968,2016-05-17,16:22,01 - Clear,01 - Dry,10 - No control,01 - Non intersection,01 - Daylight,03 - P.D. only,03 - Rear end,Industrial Park
7978,INNES RD btwn DU GRAND BOIS AVE & 298 E OF WILDFLOWER DR,383111.2234,5035762.964,-75.49869414,45.45740638,2016-02-17,20:02,03 - Snow,06 - Ice,10 - No control,01 - Non intersection,07 - Dark,03 - P.D. only,03 - Rear end,Avalon
7979,INNES RD btwn FRANK KENNY RD & O'TOOLE RD,387893.3374,5037743.125,-75.43722443,45.47466944,2016-04-23,21:45,02 - Rain,02 - Wet,10 - No control,01 - Non intersection,07 - Dark,03 - P.D. only,07 - SMV other,Navan - Vars
7980,INNES RD btwn GRAVELLE CRES & SOUTHPARK DR,377778.523,5032717.787,-75.5673215,45.43058525,2016-01-29,14:24,01 - Clear,01 - Dry,10 - No control,01 - Non intersection,01 - Daylight,03 - P.D. only,06 - SMV unattended vehicle,Blackburn Hamlet
7981,INNES RD btwn GRAVELLE CRES & SOUTHPARK DR,377762.2394,5032709.108,-75.56753087,45.43050886,2016-07-06,12:22,01 - Clear,01 - Dry,10 - No control,04 - At/near private drive,01 - Daylight,03 - P.D. only,03 - Rear end,Blackburn Hamlet
7982,INNES RD btwn GREENVALE LANE & VISENEAU DR,381709.5985,5035020.539,-75.51672907,45.45088233,2016-08-26,17:09,01 - Clear,01 - Dry,10 - No control,01 - Non intersection,01 - Daylight,02 - Non-fatal injury,03 - Rear end,Chapel Hill South
7983,INNES RD btwn GREENVALE LANE & VISENEAU DR,381656.4738,5034993.511,-75.51741238,45.450645,2016-06-18,14:50,01 - Clear,01 - Dry,10 - No control,04 - At/near private drive,01 - Daylight,03 - P.D. only,02 - Angle,Orleans Village - Chateauneuf
7984,INNES RD btwn HWY417 IC112 RAMP65 & HWY417 IC112 RAMP56,374421.5973,5030828.592,-75.61048527,45.41392951,2016-06-14,18:20,01 - Clear,01 - Dry,10 - No control,01 - Non intersection,01 - Daylight,03 - P.D. only,03 - Rear end,Industrial Park
7985,INNES RD btwn HWY417 IC112 RAMP66 & 215 W OF CYRVILLE RD/HOME DEPOT W,374830.1671,5030986.427,-75.60524342,45.41530886,2016-09-19,22:37,01 - Clear,01 - Dry,10 - No control,01 - Non intersection,07 - Dark,03 - P.D. only,04 - Sideswipe,Industrial Park
7986,INNES RD btwn HWY417 IC112 RAMP66 & CYRVILLE RD,375006.3168,5031091.821,-75.60297807,45.41623949,2016-10-20,20:00,02 - Rain,02 - Wet,10 - No control,04 - At/near private drive,07 - Dark,03 - P.D. only,03 - Rear end,Industrial Park
7987,INNES RD btwn HWY417 IC112 RAMP66 & CYRVILLE RD,375022.4841,5031102.319,-75.60277003,45.41633232,2016-01-19,16:57,03 - Snow,02 - Wet,10 - No control,01 - Non intersection,05 - Dusk,03 - P.D. only,04 - Sideswipe,Industrial Park
7988,INNES RD btwn HWY417 IC112 RAMP66 & CYRVILLE RD,374964.5229,5031063.42,-75.60351604,45.41598814,2016-06-01,7:45,01 - Clear,01 - Dry,10 - No control,01 - Non intersection,01 - Daylight,03 - P.D. only,04 - Sideswipe,Industrial Park
7989,INNES RD btwn HWY417 IC112 RAMP66 & CYRVILLE RD,374998.5304,5031091.13,-75.60307764,45.41623405,2016-12-13,13:47,01 - Clear,02 - Wet,10 - No control,01 - Non intersection,01 - Daylight,03 - P.D. only,04 - Sideswipe,Industrial Park
7990,INNES RD btwn INDUSTRIAL AVE & BANTREE ST,373682.8244,5030392.313,-75.61998399,45.4100772,2016-08-02,17:04,01 - Clear,01 - Dry,10 - No control,01 - Non intersection,01 - Daylight,02 - Non-fatal injury,03 - Rear end,Industrial Park
7991,INNES RD btwn INDUSTRIAL AVE & BANTREE ST,373502.9359,5030283.644,-75.62229703,45.40911713,2016-02-23,8:18,01 - Clear,01 - Dry,10 - No control,01 - Non intersection,01 - Daylight,02 - Non-fatal injury,03 - Rear end,Industrial Park
7992,INNES RD btwn INDUSTRIAL AVE & BANTREE ST,373686.332,5030394.83,-75.61993883,45.4100995,2016-05-24,17:09,01 - Clear,01 - Dry,10 - No control,01 - Non intersection,01 - Daylight,03 - P.D. only,03 - Rear end,Industrial Park
7993,INNES RD btwn INDUSTRIAL AVE & BANTREE ST,373144.3558,5030029.242,-75.62691274,45.40686324,2016-06-21,17:25,01 - Clear,01 - Dry,10 - No control,01 - Non intersection,01 - Daylight,03 - P.D. only,04 - Sideswipe,Industrial Park
7994,INNES RD btwn ORCHARDVIEW AVE & PORTOBELLO BLVD,385617.6124,5036887.158,-75.46646722,45.46723538,2016-05-10,10:20,01 - Clear,01 - Dry,10 - No control,01 - Non intersection,01 - Daylight,03 - P.D. only,04 - Sideswipe,Fallingbrook
7995,INNES RD btwn ORCHARDVIEW AVE & PORTOBELLO BLVD,385228.6452,5036733.294,-75.47146588,45.46589596,2016-09-14,19:47,01 - Clear,01 - Dry,10 - No control,01 - Non intersection,07 - Dark,03 - P.D. only,03 - Rear end,Fallingbrook
7996,INNES RD btwn O'TOOLE RD & DUNNING RD,391464.5854,5039278.051,-75.39128523,45.48804475,2016-06-23,18:35,01 - Clear,01 - Dry,10 - No control,01 - Non intersection,01 - Daylight,03 - P.D. only,07 - SMV other,Cumberland - Estates
7997,INNES RD btwn O'TOOLE RD & DUNNING RD,389294.6123,5038377.972,-75.41919591,45.48021293,2016-01-18,6:45,03 - Snow,04 - Slush,10 - No control,01 - Non intersection,07 - Dark,03 - P.D. only,07 - SMV other,Navan - Vars
7998,INNES RD btwn O'TOOLE RD & DUNNING RD,391563.1737,5039302.832,-75.39001984,45.48825546,2016-07-20,7:50,01 - Clear,01 - Dry,10 - No control,01 - Non intersection,01 - Daylight,03 - P.D. only,07 - SMV other,Navan - Vars
7999,INNES RD btwn PAGE RD & 473 E OF PAGE RD/BUILDERS' WAREHOUSE SC,380931.6413,5034565.813,-75.52674399,45.44687624,2016-09-30,18:25,01 - Clear,01 - Dry,10 - No control,01 - Non intersection,01 - Daylight,02 - Non-fatal injury,03 - Rear end,Orleans Village - Chateauneuf
8000,INNES RD btwn PAGE RD & 473 E OF PAGE RD/BUILDERS' WAREHOUSE SC,380902.8972,5034549.556,-75.52711391,45.4467331,2016-10-19,17:00,01 - Clear,01 - Dry,10 - No control,04 - At/near private drive,01 - Daylight,02 - Non-fatal injury,02 - Angle,Orleans Village - Chateauneuf
8001,INNES RD btwn PAGE RD & 473 E OF PAGE RD/BUILDERS' WAREHOUSE SC,380974.0975,5034591.387,-75.52619735,45.44710171,2016-02-17,20:46,01 - Clear,05 - Packed snow,10 - No control,04 - At/near private drive,07 - Dark,03 - P.D. only,02 - Angle,Chapel Hill South
8002,INNES RD btwn PAGE RD & 473 E OF PAGE RD/BUILDERS' WAREHOUSE SC,380896.5032,5034546.166,-75.52719616,45.4467033,2016-04-20,16:58,01 - Clear,01 - Dry,10 - No control,01 - Non intersection,01 - Daylight,03 - P.D. only,04 - Sideswipe,Orleans Village - Chateauneuf
8003,INNES RD btwn PRESTWICK DR & TENTH LINE RD,383765.0788,5036082.535,-75.49028377,45.460208,2016-01-10,15:32,02 - Rain,02 - Wet,10 - No control,04 - At/near private drive,01 - Daylight,02 - Non-fatal injury,03 - Rear end,Queenswood Heights
8004,INNES RD btwn PRESTWICK DR & TENTH LINE RD,383859.0067,5036121.88,-75.48907659,45.46055137,2016-11-16,17:13,01 - Clear,01 - Dry,10 - No control,01 - Non intersection,07 - Dark,02 - Non-fatal injury,03 - Rear end,Queenswood Heights
8005,INNES RD btwn PRESTWICK DR & TENTH LINE RD,383935.1972,5036152.936,-75.4880975,45.46082216,2016-10-22,8:45,02 - Rain,02 - Wet,10 - No control,04 - At/near private drive,01 - Daylight,02 - Non-fatal injury,07 - SMV other,Queenswood Heights
8006,INNES RD btwn PRESTWICK DR & TENTH LINE RD,383704.1291,5036059.375,-75.49106672,45.46000652,2016-08-02,17:26,01 - Clear,01 - Dry,10 - No control,01 - Non intersection,01 - Daylight,03 - P.D. only,03 - Rear end,Queenswood Heights
8007,INNES RD btwn PRESTWICK DR & TENTH LINE RD,383822.0974,5036106.078,-75.48955101,45.46041337,2016-05-07,9:42,01 - Clear,01 - Dry,10 - No control,04 - At/near private drive,01 - Daylight,03 - P.D. only,05 - Turning movement,Queenswood Heights
8008,INNES RD btwn PRESTWICK DR & TENTH LINE RD,383860.6516,5036122.898,-75.4890554,45.46056034,2016-02-09,18:26,03 - Snow,02 - Wet,10 - No control,04 - At/near private drive,07 - Dark,03 - P.D. only,05 - Turning movement,Queenswood Heights
8009,INNES RD btwn PRESTWICK DR & TENTH LINE RD,383849.6965,5036117.91,-75.48919626,45.46051671,2016-01-15,18:31,01 - Clear,02 - Wet,10 - No control,01 - Non intersection,07 - Dark,03 - P.D. only,03 - Rear end,Queenswood Heights