Record,Location,X,Y,lon,lat,Date,Time,Environment,Road_Surface,Traffic_Control,Collision_Location,Light,Collision_Classification,Impact_type,Neighborhood
8010,INNES RD btwn PRESTWICK DR & TENTH LINE RD,383815.1425,5036100.706,-75.48964079,45.46036583,2016-03-22,18:16,01 - Clear,01 - Dry,10 - No control,04 - At/near private drive,05 - Dusk,03 - P.D. only,02 - Angle,Queenswood Heights
8011,INNES RD btwn PRESTWICK DR & TENTH LINE RD,383766.6419,5036083.574,-75.49026362,45.46021717,2016-06-12,14:23,01 - Clear,01 - Dry,10 - No control,01 - Non intersection,01 - Daylight,03 - P.D. only,03 - Rear end,Queenswood Heights
8012,INNES RD btwn PRESTWICK DR & TENTH LINE RD,383882.5382,5036131.376,-75.48877421,45.46063414,2016-06-16,16:24,01 - Clear,01 - Dry,10 - No control,01 - Non intersection,01 - Daylight,03 - P.D. only,05 - Turning movement,Queenswood Heights
8013,INNES RD btwn SOUTHPARK DR & BEARBROOK RD,377890.6724,5032783.98,-75.56587858,45.4311691,2016-02-06,14:30,01 - Clear,01 - Dry,10 - No control,04 - At/near private drive,01 - Daylight,03 - P.D. only,07 - SMV other,Blackburn Hamlet
8014,INNES RD btwn STAR TOP RD & HWY417 IC112 RAMP55,374169.1463,5030681.217,-75.61373104,45.41262858,2016-06-06,16:48,01 - Clear,01 - Dry,10 - No control,01 - Non intersection,01 - Daylight,03 - P.D. only,04 - Sideswipe,Industrial Park
8015,INNES RD btwn STONEHENGE CRES & BLAIR RD,375535.0057,5031416.248,-75.59617731,45.41910525,2016-02-19,19:40,03 - Snow,03 - Loose snow,10 - No control,01 - Non intersection,07 - Dark,03 - P.D. only,04 - Sideswipe,Greenbelt
8016,INNES RD btwn STONEHENGE CRES & STONEHENGE CRES,375288.9593,5031269.018,-75.59934186,45.41780539,2016-03-08,8:20,01 - Clear,01 - Dry,10 - No control,01 - Non intersection,01 - Daylight,02 - Non-fatal injury,03 - Rear end,Greenbelt
8017,INNES RD btwn STONEHENGE CRES & STONEHENGE CRES,375322.6651,5031290.882,-75.59890812,45.41799871,2016-04-29,15:59,01 - Clear,01 - Dry,10 - No control,01 - Non intersection,01 - Daylight,03 - P.D. only,04 - Sideswipe,Greenbelt
8018,INNES RD btwn TENTH LINE RD & 240 E OF TENTH LINE RD/HOME DEPOT E,383962.2866,5036164.712,-75.48774927,45.46092504,2016-02-17,11:57,01 - Clear,04 - Slush,10 - No control,01 - Non intersection,01 - Daylight,03 - P.D. only,04 - Sideswipe,Avalon
8019,INNES RD btwn TENTH LINE RD & 240 E OF TENTH LINE RD/HOME DEPOT E,384043.6858,5036203.039,-75.4867024,45.46126064,2016-11-04,18:49,01 - Clear,01 - Dry,10 - No control,01 - Non intersection,07 - Dark,03 - P.D. only,03 - Rear end,Fallingbrook
8020,INNES RD btwn TENTH LINE RD & 240 E OF TENTH LINE RD/HOME DEPOT E,384107.4539,5036231.196,-75.48588258,45.46150674,2016-12-18,14:52,01 - Clear,04 - Slush,10 - No control,01 - Non intersection,01 - Daylight,03 - P.D. only,04 - Sideswipe,Orlans
8021,INNES RD btwn TRIM RD & VALIN ST,386588.2035,5037282.208,-75.45399117,45.47067666,2016-07-03,7:13,01 - Clear,01 - Dry,10 - No control,01 - Non intersection,01 - Daylight,03 - P.D. only,07 - SMV other,Cardinal Creek
8022,INNES RD btwn VISENEAU DR & BELCOURT BLVD,382115.1467,5035263.95,-75.51150675,45.45302759,2016-10-16,21:02,01 - Clear,02 - Wet,10 - No control,04 - At/near private drive,07 - Dark,02 - Non-fatal injury,03 - Rear end,Orleans Village - Chateauneuf
8023,INNES RD btwn VISENEAU DR & BELCOURT BLVD,382031.7875,5035211.945,-75.51258052,45.45256891,2016-09-10,15:45,01 - Clear,01 - Dry,10 - No control,01 - Non intersection,01 - Daylight,02 - Non-fatal injury,04 - Sideswipe,Chapel Hill South
8024,INNES RD btwn VISENEAU DR & BELCOURT BLVD,382085.4397,5035245.286,-75.51188943,45.45286296,2016-05-01,17:41,02 - Rain,02 - Wet,10 - No control,01 - Non intersection,01 - Daylight,03 - P.D. only,04 - Sideswipe,Chapel Hill South
8025,INNES RD btwn VISENEAU DR & BELCOURT BLVD,381924.5809,5035150.241,-75.51396064,45.45202559,2016-12-27,12:20,01 - Clear,02 - Wet,10 - No control,01 - Non intersection,01 - Daylight,03 - P.D. only,04 - Sideswipe,Orleans Village - Chateauneuf
8026,INNES RD EB btwn INNES RD & INNES RD W,376758.1661,5032114.836,-75.58044824,45.425266,2016-02-25,17:45,03 - Snow,06 - Ice,10 - No control,01 - Non intersection,05 - Dusk,02 - Non-fatal injury,99 - Other,Greenbelt
8027,INNES RD EB btwn INNES RD E & ORLEANS BLVD,380450.5678,5034273.676,-75.53293799,45.44430005,2016-08-02,15:03,01 - Clear,01 - Dry,10 - No control,01 - Non intersection,01 - Daylight,03 - P.D. only,07 - SMV other,Chapel Hill South
8028,INNES RD EB btwn INNES RD E & ORLEANS BLVD,379812.5138,5033781.552,-75.54116827,45.43994104,2016-01-22,16:45,01 - Clear,01 - Dry,10 - No control,01 - Non intersection,05 - Dusk,03 - P.D. only,03 - Rear end,Greenbelt
8029,INNES RD EB btwn INNES RD E & ORLEANS BLVD,380439.886,5034267.312,-75.5330755,45.44424395,2016-07-12,17:31,01 - Clear,01 - Dry,10 - No control,01 - Non intersection,01 - Daylight,03 - P.D. only,04 - Sideswipe,Chapel Hill South
8030,INNES RD EB btwn ORLEANS BLVD & INNES RD,380553.4999,5034333.889,-75.5316131,45.44483065,2016-03-20,16:55,01 - Clear,01 - Dry,10 - No control,01 - Non intersection,01 - Daylight,03 - P.D. only,03 - Rear end,Chapel Hill South
8031,INNES RD WB btwn INNES RD E/BLACKBURN BYPASS & ORLEANS BLVD,380452.0135,5034291.573,-75.53291676,45.44446092,2016-10-13,16:30,01 - Clear,01 - Dry,10 - No control,01 - Non intersection,01 - Daylight,03 - P.D. only,04 - Sideswipe,Chapel Hill
8032,INNES RD WB btwn INNES RD E/BLACKBURN BYPASS & ORLEANS BLVD,380066.9171,5034062.176,-75.53787396,45.44243854,2016-12-26,23:15,04 - Freezing Rain,06 - Ice,10 - No control,01 - Non intersection,07 - Dark,03 - P.D. only,03 - Rear end,Chapel Hill
8033,INNES RD WB btwn ORLEANS BLVD & INNES RD,380478.608,5034307.001,-75.53257447,45.44459685,2016-05-21,16:15,01 - Clear,01 - Dry,10 - No control,01 - Non intersection,01 - Daylight,03 - P.D. only,03 - Rear end,Orleans Village - Chateauneuf
8034,INNES RD WB btwn ORLEANS BLVD & INNES RD,380548.9194,5034347.679,-75.53166952,45.44495522,2016-01-19,18:20,03 - Snow,04 - Slush,10 - No control,01 - Non intersection,07 - Dark,03 - P.D. only,03 - Rear end,Orleans Village - Chateauneuf
8035,INNES RD WB btwn ORLEANS BLVD & INNES RD,380597.62,5034383.231,-75.53104158,45.44526981,2016-12-04,6:02,01 - Clear,01 - Dry,10 - No control,01 - Non intersection,07 - Dark,03 - P.D. only,07 - SMV other,Orleans Village - Chateauneuf
8036,INNES RD/PRESTWICK DR @ LANTHIER DR,383541.3312,5035988.249,-75.49315946,45.45938495,2016-04-02,18:16,01 - Clear,01 - Dry,01 - Traffic signal,03 - At intersection,01 - Daylight,02 - Non-fatal injury,02 - Angle,Queenswood Heights
8037,INNES RD/PRESTWICK DR @ LANTHIER DR,383541.1942,5035988.563,-75.49316116,45.45938779,2016-10-27,16:45,02 - Rain,02 - Wet,01 - Traffic signal,02 - Intersection related,01 - Daylight,03 - P.D. only,03 - Rear end,Queenswood Heights
8038,INNES RD/PRESTWICK DR @ LANTHIER DR,383540.1008,5035988.409,-75.49317516,45.45938653,2016-11-09,15:41,01 - Clear,01 - Dry,01 - Traffic signal,03 - At intersection,01 - Daylight,03 - P.D. only,05 - Turning movement,Queenswood Heights
8039,INNES RD/PRESTWICK DR @ LANTHIER DR,383539.6398,5035989.331,-75.49318091,45.45939488,2016-11-04,19:46,01 - Clear,01 - Dry,01 - Traffic signal,03 - At intersection,07 - Dark,03 - P.D. only,02 - Angle,Queenswood Heights
8040,INNES RD/PRESTWICK DR @ LANTHIER DR,383542.2061,5035989.402,-75.49314809,45.45939523,2016-12-08,20:05,01 - Clear,01 - Dry,01 - Traffic signal,03 - At intersection,07 - Dark,03 - P.D. only,02 - Angle,Queenswood Heights
8041,INNOVATION DR btwn FLAMBOROUGH WAY & FLAMBOROUGH WAY,349582.1161,5022451.692,-75.92858431,45.34058323,2016-06-20,13:10,01 - Clear,01 - Dry,10 - No control,01 - Non intersection,01 - Daylight,02 - Non-fatal injury,07 - SMV other,South March
8042,INSMILL CRES btwn CHELTONIA WAY & GOLDRIDGE DR S,349521.0754,5019257.737,-75.92965163,45.31184707,2016-06-21,6:12,01 - Clear,01 - Dry,10 - No control,04 - At/near private drive,01 - Daylight,03 - P.D. only,06 - SMV unattended vehicle,Kanata Lakes - Marchwood Lakeside - Morgan's Grant - Kanata
8043,INVERKIP AVE btwn PENNARD WAY & PENNARD WAY,372613.841,5025595.359,-75.63429841,45.36702061,2016-01-12,0:00,03 - Snow,03 - Loose snow,10 - No control,01 - Non intersection,07 - Dark,03 - P.D. only,06 - SMV unattended vehicle,Greenboro East
8044,INVERKIP AVE btwn PENNARD WAY & PENNARD WAY,372513.9718,5025751.847,-75.63555173,45.36843828,2016-09-09,16:45,01 - Clear,01 - Dry,10 - No control,04 - At/near private drive,01 - Daylight,03 - P.D. only,06 - SMV unattended vehicle,Greenboro East
8045,INVERNESS AVE @ MEADOWLANDS DR,365747.7283,5024717.152,-75.72204993,45.35974934,2016-01-22,15:10,01 - Clear,02 - Wet,01 - Traffic signal,02 - Intersection related,01 - Daylight,02 - Non-fatal injury,03 - Rear end,Borden Farm - Stewart Farm - Parkwood Hills - Fisher Glen
8046,IONA ST @ ISLAND PARK DR,364349.7223,5028385.872,-75.73945038,45.39288003,2016-06-04,14:00,01 - Clear,01 - Dry,01 - Traffic signal,03 - At intersection,01 - Daylight,02 - Non-fatal injury,02 - Angle,Westboro
8047,IONA ST @ ISLAND PARK DR,364348.577,5028384.874,-75.73946513,45.39287114,2016-06-24,16:32,01 - Clear,01 - Dry,01 - Traffic signal,03 - At intersection,01 - Daylight,03 - P.D. only,02 - Angle,Westboro
8048,IONA ST @ ISLAND PARK DR,364349.2415,5028384.91,-75.73945664,45.39287141,2016-08-22,18:08,01 - Clear,01 - Dry,01 - Traffic signal,03 - At intersection,01 - Daylight,03 - P.D. only,02 - Angle,Westboro
8049,IONA ST @ ISLAND PARK DR,364350.2031,5028385.872,-75.73944424,45.39287999,2016-08-31,11:24,01 - Clear,01 - Dry,01 - Traffic signal,03 - At intersection,01 - Daylight,03 - P.D. only,05 - Turning movement,Westboro
8050,IPSWICH TER btwn BEACON WAY & BEACON WAY,349130.7416,5023023.952,-75.93429224,45.34576123,2016-02-17,12:30,03 - Snow,03 - Loose snow,10 - No control,01 - Non intersection,01 - Daylight,03 - P.D. only,01 - Approaching,Morgan's Grant
8051,IRIS ST @ SOUTHWOOD DR,360845.8928,5023442.9,-75.78475736,45.34869267,2016-04-08,9:17,02 - Rain,02 - Wet,02 - Stop sign,02 - Intersection related,01 - Daylight,03 - P.D. only,03 - Rear end,Iris
8052,IRIS ST @ TRANSITWAY,362011.6586,5024239.78,-75.76978917,45.35576882,2016-02-09,8:10,03 - Snow,02 - Wet,01 - Traffic signal,03 - At intersection,01 - Daylight,02 - Non-fatal injury,07 - SMV other,Iris
8053,IRIS ST @ WOODROFFE AVE,362281.5822,5024441.298,-75.7663209,45.35755999,2016-03-01,18:45,03 - Snow,03 - Loose snow,01 - Traffic signal,02 - Intersection related,05 - Dusk,02 - Non-fatal injury,03 - Rear end,Iris
8054,IRIS ST @ WOODROFFE AVE,362282.4726,5024441.739,-75.76630948,45.35756388,2016-07-11,15:52,01 - Clear,01 - Dry,01 - Traffic signal,03 - At intersection,01 - Daylight,02 - Non-fatal injury,02 - Angle,Iris
8055,IRIS ST @ WOODROFFE AVE,362282.0335,5024441.3,-75.76631514,45.35755997,2016-09-17,17:22,02 - Rain,02 - Wet,01 - Traffic signal,03 - At intersection,01 - Daylight,03 - P.D. only,05 - Turning movement,Iris
8056,IRIS ST @ WOODROFFE AVE,362284.3484,5024439.449,-75.76628581,45.35754312,2016-10-24,12:45,01 - Clear,01 - Dry,01 - Traffic signal,02 - Intersection related,01 - Daylight,03 - P.D. only,03 - Rear end,Iris
8057,IRIS ST @ WOODROFFE AVE,362282.5637,5024441.732,-75.76630832,45.35756381,2016-01-18,9:25,06 - Strong wind,06 - Ice,01 - Traffic signal,02 - Intersection related,01 - Daylight,03 - P.D. only,03 - Rear end,Iris
8058,IRIS ST @ WOODROFFE AVE,362282.9194,5024440.61,-75.76630391,45.35755369,2016-07-01,19:11,01 - Clear,01 - Dry,01 - Traffic signal,02 - Intersection related,01 - Daylight,03 - P.D. only,03 - Rear end,Iris
8059,IRIS ST @ WOODROFFE AVE,362283.8195,5024441.294,-75.76629234,45.35755977,2016-06-29,15:31,01 - Clear,01 - Dry,01 - Traffic signal,02 - Intersection related,01 - Daylight,03 - P.D. only,03 - Rear end,Iris
8060,IRIS ST @ WOODROFFE AVE,362282.9176,5024441.294,-75.76630386,45.35755984,2016-06-01,18:24,01 - Clear,01 - Dry,01 - Traffic signal,02 - Intersection related,01 - Daylight,03 - P.D. only,99 - Other,Iris
8061,IRIS ST @ WOODROFFE AVE,362282.6921,5024440.716,-75.7663068,45.35755466,2016-10-05,9:47,01 - Clear,01 - Dry,01 - Traffic signal,02 - Intersection related,01 - Daylight,03 - P.D. only,03 - Rear end,Iris
8062,IRIS ST btwn GREENBANK RD & TO BE DETERMINED,360541.7788,5023315.321,-75.78865246,45.34756895,2016-07-14,8:30,01 - Clear,01 - Dry,10 - No control,01 - Non intersection,01 - Daylight,03 - P.D. only,04 - Sideswipe,Iris
8063,IRIS ST btwn HIGHGATE RD & GATEWAY RD,361640.0008,5023941.251,-75.7745667,45.3531129,2016-05-25,0:00,01 - Clear,01 - Dry,10 - No control,01 - Non intersection,00 - Unknown,03 - P.D. only,06 - SMV unattended vehicle,Iris
8064,IRIS ST btwn HIGHGATE RD & GATEWAY RD,361672.9235,5023968.511,-75.77414341,45.35335552,2016-04-15,19:58,01 - Clear,01 - Dry,10 - No control,01 - Non intersection,07 - Dark,03 - P.D. only,01 - Approaching,Iris
8065,IRIS ST btwn IRIS ST W & IRIS ST E,360636.8085,5023349.752,-75.78743595,45.34787121,2016-01-05,13:39,01 - Clear,01 - Dry,10 - No control,01 - Non intersection,01 - Daylight,03 - P.D. only,04 - Sideswipe,Iris
8066,IRIS ST btwn LAZARD ST & FIELD ST,362584.0002,5024627.768,-75.76243944,45.35921297,2016-02-17,12:19,03 - Snow,03 - Loose snow,10 - No control,04 - At/near private drive,01 - Daylight,03 - P.D. only,99 - Other,Braemar Park - Bel Air Heights - Copeland Park
8067,IRIS ST btwn WOODROFFE AVE & CHECKERS RD,362326.9121,5024467.333,-75.76573934,45.35779053,2016-04-25,23:50,01 - Clear,01 - Dry,10 - No control,01 - Non intersection,07 - Dark,03 - P.D. only,07 - SMV other,Braemar Park - Bel Air Heights - Copeland Park
8068,IRVING AVE @ LAUREL ST,365712.5799,5029607.832,-75.7218951,45.40375772,2016-02-17,18:10,01 - Clear,03 - Loose snow,10 - No control,03 - At intersection,07 - Dark,03 - P.D. only,05 - Turning movement,Civi
8069,IRVING AVE @ WELLINGTON ST,365625.9141,5029803.348,-75.72297796,45.40552446,2016-09-12,6:01,01 - Clear,01 - Dry,02 - Stop sign,03 - At intersection,03 - Dawn,02 - Non-fatal injury,05 - Turning movement,Mechanicsville
8070,IRVING AVE btwn WELLINGTON ST W & LAUREL ST,365643.1946,5029762.204,-75.72276231,45.40515275,2016-07-25,0:00,01 - Clear,01 - Dry,10 - No control,01 - Non intersection,00 - Unknown,03 - P.D. only,06 - SMV unattended vehicle,Centretow
8071,IRVING AVE btwn WELLINGTON ST W & LAUREL ST,365691.5614,5029653.467,-75.72215794,45.40417016,2016-07-22,19:00,01 - Clear,01 - Dry,10 - No control,04 - At/near private drive,01 - Daylight,03 - P.D. only,06 - SMV unattended vehicle,Civi
8072,IRVING AVE btwn WELLINGTON ST W & LAUREL ST,365705.2444,5029629.504,-75.72198612,45.40395335,2016-12-23,17:25,01 - Clear,02 - Wet,10 - No control,04 - At/near private drive,07 - Dark,03 - P.D. only,06 - SMV unattended vehicle,Civi
8073,IRVING PL btwn LAURENTIAN PL & BOTANICA PRIV,366127.6801,5028655.255,-75.7167115,45.39515042,2016-02-22,14:00,01 - Clear,01 - Dry,10 - No control,01 - Non intersection,01 - Daylight,03 - P.D. only,06 - SMV unattended vehicle,Civic Hospital - Experimental Farm - Central Park
8074,ISABELLA ST btwn CHAMBERLAIN AVE & O'CONNOR ST,368126.8394,5030205.86,-75.69098128,45.40892434,2016-08-18,12:05,01 - Clear,01 - Dry,10 - No control,01 - Non intersection,01 - Daylight,03 - P.D. only,04 - Sideswipe,The Glebe
8075,ISABELLA ST btwn METCALFE ST & ELGIN ST,368599.9313,5030482.191,-75.68490224,45.41136771,2016-06-14,13:00,01 - Clear,01 - Dry,10 - No control,01 - Non intersection,01 - Daylight,03 - P.D. only,04 - Sideswipe,The Glebe
8076,ISABELLA ST btwn METCALFE ST & ELGIN ST,368486.5926,5030419.745,-75.68635816,45.41081616,2016-03-29,11:26,01 - Clear,01 - Dry,10 - No control,04 - At/near private drive,01 - Daylight,03 - P.D. only,05 - Turning movement,The Glebe
8077,ISABELLA ST btwn METCALFE ST & ELGIN ST,368589.599,5030477.757,-75.6850348,45.41132876,2016-11-10,21:30,01 - Clear,01 - Dry,10 - No control,01 - Non intersection,07 - Dark,03 - P.D. only,04 - Sideswipe,The Glebe
8078,ISABELLA ST btwn O'CONNOR ST & METCALFE ST,368307.2251,5030315.431,-75.68866291,45.40989388,2016-05-13,20:57,01 - Clear,01 - Dry,10 - No control,01 - Non intersection,07 - Dark,02 - Non-fatal injury,03 - Rear end,The Glebe
8079,ISABELLA ST btwn O'CONNOR ST & METCALFE ST,368339.6623,5030334.035,-75.68824615,45.41005833,2016-03-11,20:17,01 - Clear,01 - Dry,10 - No control,01 - Non intersection,07 - Dark,03 - P.D. only,04 - Sideswipe,The Glebe
8080,ISABELLA ST btwn O'CONNOR ST & METCALFE ST,368363.5987,5030349.32,-75.68793841,45.41019369,2016-01-06,15:35,01 - Clear,01 - Dry,10 - No control,01 - Non intersection,01 - Daylight,03 - P.D. only,04 - Sideswipe,The Glebe
8081,ISABELLA ST btwn O'CONNOR ST & METCALFE ST,368361.6647,5030348.097,-75.68796328,45.41018286,2016-06-29,17:50,01 - Clear,01 - Dry,10 - No control,01 - Non intersection,01 - Daylight,03 - P.D. only,03 - Rear end,The Glebe
8082,ISABELLA ST/HWY 417 O'CONN IC119BR57 @ O'CONNO,368296.9638,5030308.85,-75.68879484,45.4098356,2016-07-04,8:01,01 - Clear,01 - Dry,01 - Traffic signal,03 - At intersection,01 - Daylight,03 - P.D. only,05 - Turning movement,The Glebe
8083,ISABELLA ST/HWY 417 O'CONN IC119BR57 @ O'CONNO,368298.0786,5030309.566,-75.68878051,45.40984194,2016-04-08,14:30,01 - Clear,01 - Dry,01 - Traffic signal,02 - Intersection related,01 - Daylight,03 - P.D. only,03 - Rear end,The Glebe
8084,ISABELLA ST/HWY 417 O'CONN IC119BR57 @ O'CONNO,368297.7422,5030310.125,-75.68878473,45.409847,2016-12-27,2:59,02 - Rain,02 - Wet,01 - Traffic signal,02 - Intersection related,07 - Dark,03 - P.D. only,03 - Rear end,The Glebe
8085,ISABELLA ST/HWY 417 O'CONN IC119BR57 @ O'CONNO,368297.9609,5030309.259,-75.68878205,45.40983919,2016-11-28,14:26,01 - Clear,01 - Dry,01 - Traffic signal,03 - At intersection,01 - Daylight,03 - P.D. only,04 - Sideswipe,The Glebe
8086,ISABELLA ST/HWY 417 O'CONN IC119BR57 @ O'CONNO,368298.8603,5030310.125,-75.68877045,45.4098469,2016-12-02,14:26,01 - Clear,01 - Dry,01 - Traffic signal,02 - Intersection related,01 - Daylight,03 - P.D. only,03 - Rear end,The Glebe
8087,ISABELLA ST/HWY417 IC119AR75 @ METCALFE ST,368448.5253,5030400.567,-75.68684692,45.41064707,2016-05-05,18:25,01 - Clear,01 - Dry,01 - Traffic signal,03 - At intersection,01 - Daylight,02 - Non-fatal injury,05 - Turning movement,The Glebe
8088,ISABELLA ST/HWY417 IC119AR75 @ METCALFE ST,368449.2935,5030399.268,-75.68683728,45.41063531,2016-11-10,21:14,01 - Clear,01 - Dry,01 - Traffic signal,02 - Intersection related,07 - Dark,02 - Non-fatal injury,03 - Rear end,The Glebe
8089,ISABELLA ST/HWY417 IC119AR75 @ METCALFE ST,368448.6672,5030399.643,-75.68684523,45.41063874,2016-06-29,17:20,01 - Clear,01 - Dry,01 - Traffic signal,02 - Intersection related,01 - Daylight,02 - Non-fatal injury,03 - Rear end,The Glebe
8090,ISABELLA ST/HWY417 IC119AR75 @ METCALFE ST,368448.1886,5030399.606,-75.68685135,45.41063845,2016-08-02,17:07,01 - Clear,01 - Dry,01 - Traffic signal,02 - Intersection related,01 - Daylight,03 - P.D. only,03 - Rear end,The Glebe
8091,ISABELLA ST/HWY417 IC119AR75 @ METCALFE ST,368448.2948,5030399.209,-75.68685004,45.41063487,2016-05-06,16:57,01 - Clear,01 - Dry,01 - Traffic signal,02 - Intersection related,01 - Daylight,03 - P.D. only,03 - Rear end,The Glebe
8092,ISABELLA ST/HWY417 IC119AR75 @ METCALFE ST,368448.6054,5030400.297,-75.68684593,45.41064463,2016-04-23,5:28,01 - Clear,01 - Dry,01 - Traffic signal,02 - Intersection related,03 - Dawn,03 - P.D. only,04 - Sideswipe,The Glebe
8093,ISABELLA ST/HWY417 IC119AR75 @ METCALFE ST,368448.2948,5030399.675,-75.68684998,45.41063907,2016-02-26,13:55,01 - Clear,01 - Dry,01 - Traffic signal,02 - Intersection related,01 - Daylight,03 - P.D. only,03 - Rear end,The Glebe
8094,ISABELLA ST/HWY417 IC119AR75 @ METCALFE ST,368448.6054,5030399.52,-75.68684603,45.41063764,2016-04-15,7:26,01 - Clear,01 - Dry,01 - Traffic signal,02 - Intersection related,01 - Daylight,03 - P.D. only,03 - Rear end,The Glebe
8095,ISABELLA ST/HWY417 IC119AR75 @ METCALFE ST,368448.1944,5030399.645,-75.68685127,45.41063881,2016-10-06,21:58,01 - Clear,01 - Dry,01 - Traffic signal,03 - At intersection,07 - Dark,03 - P.D. only,04 - Sideswipe,The Glebe
8096,ISABELLA ST/HWY417 IC119AR75 @ METCALFE ST,368450.3528,5030400.126,-75.68682363,45.41064294,2016-10-27,15:45,01 - Clear,01 - Dry,01 - Traffic signal,02 - Intersection related,01 - Daylight,03 - P.D. only,04 - Sideswipe,The Glebe
8097,ISABELLA ST/HWY417 IC119AR75 @ METCALFE ST,368449.2935,5030399.268,-75.68683728,45.41063531,2016-12-22,12:20,01 - Clear,02 - Wet,01 - Traffic signal,02 - Intersection related,01 - Daylight,03 - P.D. only,04 - Sideswipe,The Glebe
8098,ISIDORE ST/LAWSON AVE @ KING GEORGE ST,371667.2543,5032175.735,-75.64548906,45.42631912,2016-10-06,14:22,01 - Clear,01 - Dry,03 - Yield sign,03 - At intersection,01 - Daylight,03 - P.D. only,02 - Angle,Overbrook
8099,ISLAND PARK CRES @ ISLAND PARK DR,364465.7005,5028110.737,-75.73800255,45.39039454,2016-11-18,21:59,01 - Clear,01 - Dry,02 - Stop sign,03 - At intersection,07 - Dark,02 - Non-fatal injury,01 - Approaching,Westboro
8100,ISLAND PARK CRES @ ISLAND PARK DR,364465.7718,5028109.579,-75.73800178,45.39038412,2016-09-14,10:59,01 - Clear,01 - Dry,02 - Stop sign,02 - Intersection related,01 - Daylight,03 - P.D. only,99 - Other,Westboro
8101,ISLAND PARK DR @ BYNG DR,364829.9209,5028095.918,-75.73335327,45.39023008,2016-08-19,18:46,01 - Clear,01 - Dry,02 - Stop sign,02 - Intersection related,01 - Daylight,03 - P.D. only,03 - Rear end,Civic Hospital - Experimental Farm - Central Park
8102,ISLAND PARK DR @ MERIVALE RD,364653.9239,5028022.887,-75.73560959,45.38958802,2016-01-28,8:31,01 - Clear,02 - Wet,01 - Traffic signal,02 - Intersection related,01 - Daylight,03 - P.D. only,03 - Rear end,Westboro
8103,ISLAND PARK DR @ MERIVALE RD,364653.9693,5028023.538,-75.73560894,45.38959388,2016-04-08,15:30,01 - Clear,01 - Dry,01 - Traffic signal,02 - Intersection related,01 - Daylight,03 - P.D. only,03 - Rear end,Westboro
8104,ISLAND PARK DR @ RICHMOND RD,364130.0281,5028868.215,-75.74219799,45.39723871,2016-09-02,7:27,01 - Clear,01 - Dry,01 - Traffic signal,03 - At intersection,01 - Daylight,02 - Non-fatal injury,02 - Angle,Island Park
8105,ISLAND PARK DR @ RICHMOND RD,364131.6395,5028867.215,-75.74217753,45.39722957,2016-10-13,20:10,01 - Clear,01 - Dry,01 - Traffic signal,03 - At intersection,07 - Dark,02 - Non-fatal injury,05 - Turning movement,Island Park
8106,ISLAND PARK DR @ RICHMOND RD,364130.7257,5028866.898,-75.74218924,45.3972268,2016-01-09,12:37,02 - Rain,02 - Wet,01 - Traffic signal,02 - Intersection related,01 - Daylight,03 - P.D. only,03 - Rear end,Island Park
8107,ISLAND PARK DR @ RICHMOND RD,364130.4301,5028865.494,-75.74219318,45.39721419,2016-06-04,14:00,01 - Clear,01 - Dry,01 - Traffic signal,02 - Intersection related,01 - Daylight,03 - P.D. only,04 - Sideswipe,Island Park
8108,ISLAND PARK DR @ RICHMOND RD,364130.6867,5028866.219,-75.74218982,45.39722069,2016-06-07,18:37,02 - Rain,02 - Wet,01 - Traffic signal,03 - At intersection,01 - Daylight,03 - P.D. only,05 - Turning movement,Island Park
8109,ISLAND PARK DR @ RICHMOND RD,364130.8554,5028867.271,-75.74218754,45.39723014,2016-10-28,17:30,02 - Rain,02 - Wet,01 - Traffic signal,02 - Intersection related,01 - Daylight,03 - P.D. only,03 - Rear end,Island Park
8110,ISLAND PARK DR @ RICHMOND RD,364130.7886,5028867.447,-75.74218837,45.39723173,2016-12-11,3:04,01 - Clear,06 - Ice,01 - Traffic signal,02 - Intersection related,07 - Dark,03 - P.D. only,07 - SMV other,Island Park
8111,ISLAND PARK DR @ RICHMOND RD,364131.3705,5028867.025,-75.74218099,45.39722789,2016-08-31,15:30,01 - Clear,01 - Dry,01 - Traffic signal,02 - Intersection related,01 - Daylight,03 - P.D. only,03 - Rear end,Island Park
8112,ISLAND PARK DR @ SCOTT ST,363833.8102,5029040.818,-75.74596049,45.39881679,2016-12-26,18:39,01 - Clear,04 - Slush,01 - Traffic signal,03 - At intersection,07 - Dark,02 - Non-fatal injury,02 - Angle,Island Park
8113,ISLAND PARK DR @ SCOTT ST,363833.47,5029040.334,-75.74596489,45.39881247,2016-08-31,15:25,01 - Clear,01 - Dry,01 - Traffic signal,03 - At intersection,01 - Daylight,03 - P.D. only,04 - Sideswipe,Island Park
8114,ISLAND PARK DR @ SCOTT ST,363833.6895,5029040.139,-75.74596211,45.3988107,2016-09-21,16:00,01 - Clear,01 - Dry,01 - Traffic signal,02 - Intersection related,01 - Daylight,03 - P.D. only,03 - Rear end,Island Park