Record,Location,X,Y,lon,lat,Date,Time,Environment,Road_Surface,Traffic_Control,Collision_Location,Light,Collision_Classification,Impact_type,Neighborhood
8115,ISLAND PARK DR @ SCOTT ST,363833.909,5029040.773,-75.74595923,45.39881638,2016-01-21,16:43,01 - Clear,01 - Dry,01 - Traffic signal,02 - Intersection related,05 - Dusk,03 - P.D. only,03 - Rear end,Island Park
8116,ISLAND PARK DR @ SCOTT ST,363833.4183,5029040.426,-75.74596554,45.3988133,2016-06-04,16:20,01 - Clear,01 - Dry,01 - Traffic signal,02 - Intersection related,01 - Daylight,03 - P.D. only,04 - Sideswipe,Island Park
8117,ISLAND PARK DR @ SCOTT ST,363833.2989,5029041.335,-75.74596696,45.39882149,2016-03-14,16:39,02 - Rain,02 - Wet,01 - Traffic signal,02 - Intersection related,01 - Daylight,03 - P.D. only,04 - Sideswipe,Island Park
8118,ISLAND PARK DR @ SCOTT ST,363833.47,5029040.334,-75.74596489,45.39881247,2016-09-07,17:45,01 - Clear,01 - Dry,01 - Traffic signal,02 - Intersection related,01 - Daylight,03 - P.D. only,04 - Sideswipe,Island Park
8119,ISLAND PARK DR @ SCOTT ST,363832.746,5029040.917,-75.74597407,45.39881778,2016-07-15,16:04,02 - Rain,02 - Wet,01 - Traffic signal,02 - Intersection related,01 - Daylight,03 - P.D. only,04 - Sideswipe,Island Park
8120,ISLAND PARK DR @ SCOTT ST,363834.3713,5029041.008,-75.7459533,45.39881846,2016-07-15,16:00,02 - Rain,02 - Wet,01 - Traffic signal,03 - At intersection,01 - Daylight,03 - P.D. only,04 - Sideswipe,Island Park
8121,ISLAND PARK DR @ SCOTT ST,363834.5939,5029040.818,-75.74595048,45.39881673,2016-08-25,11:53,01 - Clear,01 - Dry,01 - Traffic signal,03 - At intersection,01 - Daylight,03 - P.D. only,02 - Angle,Island Park
8122,ISLAND PARK DR @ SUNNYMEDE AVE,363664.691,5029250.854,-75.7480954,45.4007209,2016-05-20,9:52,01 - Clear,01 - Dry,02 - Stop sign,02 - Intersection related,01 - Daylight,02 - Non-fatal injury,05 - Turning movement,Champlain Park
8123,ISLAND PARK DR btwn BASSETT LANE & BYRON AVE,364247.3935,5028625.151,-75.74072834,45.39504171,2016-07-23,11:15,01 - Clear,01 - Dry,10 - No control,01 - Non intersection,01 - Daylight,02 - Non-fatal injury,03 - Rear end,Island Park
8124,ISLAND PARK DR btwn BYRON AVE & IONA ST,364273.8461,5028562.71,-75.74039804,45.39447763,2016-03-26,14:15,01 - Clear,02 - Wet,10 - No control,01 - Non intersection,01 - Daylight,03 - P.D. only,03 - Rear end,Island Park
8125,ISLAND PARK DR btwn BYRON AVE & IONA ST,364282.9523,5028540.856,-75.74028439,45.39428022,2016-08-22,12:05,01 - Clear,00 - Unknown,10 - No control,01 - Non intersection,01 - Daylight,03 - P.D. only,01 - Approaching,Island Park
8126,ISLAND PARK DR btwn BYRON AVE & IONA ST,364262.5684,5028587.731,-75.74053906,45.39470372,2016-11-26,0:00,00 - Unknown,01 - Dry,10 - No control,04 - At/near private drive,00 - Unknown,03 - P.D. only,02 - Angle,Island Park
8127,ISLAND PARK DR btwn BYRON AVE & IONA ST,364313.4703,5028469.27,-75.73990328,45.39363351,2016-11-08,18:00,01 - Clear,01 - Dry,10 - No control,01 - Non intersection,07 - Dark,03 - P.D. only,03 - Rear end,Westboro
8128,ISLAND PARK DR btwn BYRON AVE & IONA ST,364327.8468,5028431.627,-75.73972422,45.39329358,2016-08-31,11:26,01 - Clear,01 - Dry,10 - No control,01 - Non intersection,01 - Daylight,03 - P.D. only,03 - Rear end,Westboro
8129,ISLAND PARK DR btwn BYRON AVE & IONA ST,364344.0188,5028401.604,-75.73952132,45.39302207,2016-07-14,13:10,00 - Unknown,00 - Unknown,10 - No control,04 - At/near private drive,01 - Daylight,03 - P.D. only,03 - Rear end,Westboro
8130,ISLAND PARK DR btwn CLEARVIEW AVE & OTTAWA RIVER PKWY,363544.7121,5029365.66,-75.74961413,45.40176398,2016-05-04,16:07,01 - Clear,01 - Dry,10 - No control,01 - Non intersection,01 - Daylight,02 - Non-fatal injury,04 - Sideswipe,Westboro Beach
8131,ISLAND PARK DR btwn CLEARVIEW AVE & OTTAWA RIVER PKWY,363451.583,5029400.099,-75.75079954,45.40208167,2016-10-10,12:35,01 - Clear,01 - Dry,10 - No control,01 - Non intersection,01 - Daylight,03 - P.D. only,03 - Rear end,Westboro Beach
8132,ISLAND PARK DR btwn CLEARVIEW AVE & OTTAWA RIVER PKWY,363446.0204,5029399.347,-75.75087067,45.40207537,2016-07-17,12:23,01 - Clear,01 - Dry,10 - No control,01 - Non intersection,01 - Daylight,03 - P.D. only,03 - Rear end,Westboro Beach
8133,ISLAND PARK DR btwn CLEARVIEW AVE & SUNNYMEDE AVE,363564.9336,5029356.713,-75.74935692,45.40168178,2016-07-25,8:00,02 - Rain,02 - Wet,10 - No control,01 - Non intersection,01 - Daylight,03 - P.D. only,03 - Rear end,Westboro Beach
8134,ISLAND PARK DR btwn HARMER AVE S & HURON AVE S,365290.5651,5028069.695,-75.72747409,45.38995449,2016-11-04,12:45,01 - Clear,01 - Dry,10 - No control,04 - At/near private drive,01 - Daylight,03 - P.D. only,99 - Other,Civic Hospital - Experimental Farm - Central Park
8135,ISLAND PARK DR btwn IONA ST & HELENA ST,364362.8879,5028357.051,-75.73928573,45.39261958,2016-05-04,17:50,01 - Clear,01 - Dry,10 - No control,01 - Non intersection,01 - Daylight,03 - P.D. only,04 - Sideswipe,Westboro
8136,ISLAND PARK DR btwn ISLAND PARK DR NB/SB SPLIT & BYNG DR,364824.4264,5028093.171,-75.73342377,45.39020583,2016-01-19,10:15,03 - Snow,02 - Wet,10 - No control,01 - Non intersection,01 - Daylight,03 - P.D. only,03 - Rear end,Civic Hospital - Experimental Farm - Central Park
8137,ISLAND PARK DR btwn MAILES AVE & RICHMOND RD,364093.1962,5028886.404,-75.7426662,45.39740549,2016-05-18,9:57,01 - Clear,01 - Dry,10 - No control,01 - Non intersection,01 - Daylight,03 - P.D. only,03 - Rear end,Island Park
8138,ISLAND PARK DR btwn OTTAWA RIVER PKWY & TURN LANE,363302.9507,5029451.808,-75.75269183,45.40255937,2016-04-27,15:50,01 - Clear,01 - Dry,10 - No control,01 - Non intersection,01 - Daylight,03 - P.D. only,05 - Turning movement,Westboro
8139,ISLAND PARK DR btwn RICHMOND RD & BASSETT LANE,364153.0776,5028829.644,-75.74190825,45.3968897,2016-05-17,15:10,01 - Clear,01 - Dry,10 - No control,01 - Non intersection,01 - Daylight,03 - P.D. only,03 - Rear end,Island Park
8140,ISLAND PARK DR btwn RICHMOND RD & BASSETT LANE,364187.6784,5028757.489,-75.74147504,45.39623753,2016-06-15,16:49,01 - Clear,01 - Dry,10 - No control,01 - Non intersection,01 - Daylight,03 - P.D. only,03 - Rear end,Island Park
8141,ISLAND PARK DR btwn RICHMOND RD & BASSETT LANE,364215.5801,5028693.374,-75.74112642,45.39565827,2016-06-19,14:02,01 - Clear,01 - Dry,10 - No control,01 - Non intersection,01 - Daylight,03 - P.D. only,03 - Rear end,Island Park
8142,ISLAND PARK DR btwn RICHMOND RD & BASSETT LANE,364144.8226,5028848.144,-75.74201146,45.39705686,2016-01-30,17:30,01 - Clear,02 - Wet,10 - No control,01 - Non intersection,05 - Dusk,03 - P.D. only,03 - Rear end,Island Park
8143,ISLAND PARK DR btwn TURN LANE & TURN LANE,363148.019,5029567.506,-75.75465705,45.40361333,2016-02-05,16:07,01 - Clear,01 - Dry,10 - No control,01 - Non intersection,01 - Daylight,03 - P.D. only,03 - Rear end,Westboro
8144,ISLAND VIEW DR N @ MANOTICK MAIN ST,369787.4899,5009020.167,-75.67254705,45.21814776,2016-03-02,7:37,03 - Snow,05 - Packed snow,02 - Stop sign,03 - At intersection,01 - Daylight,03 - P.D. only,05 - Turning movement,Manotick
8145,IVANHOE AVE btwn CARLING AVE & ELMHURST ST,360438.9121,5024863.846,-75.78979082,45.36151071,2016-09-28,22:30,01 - Clear,01 - Dry,10 - No control,01 - Non intersection,07 - Dark,03 - P.D. only,06 - SMV unattended vehicle,Whitehaven - Queensway Terrace North
8146,JACKMAN TER btwn AIRD PL & AIRD PL,351894.3168,5019088.671,-75.89940229,45.31017063,2016-01-02,11:00,01 - Clear,02 - Wet,10 - No control,01 - Non intersection,01 - Daylight,03 - P.D. only,06 - SMV unattended vehicle,Katimavik - Hazeldean
8147,JAMES ST @ KENT ST,367659.0416,5030599.694,-75.69690671,45.41251011,2016-03-03,17:12,01 - Clear,05 - Packed snow,02 - Stop sign,03 - At intersection,01 - Daylight,02 - Non-fatal injury,02 - Angle,Centretown
8148,JAMES ST @ KENT ST,367659.0371,5030598.799,-75.69690689,45.41250206,2016-05-02,13:52,01 - Clear,01 - Dry,02 - Stop sign,02 - Intersection related,01 - Daylight,03 - P.D. only,04 - Sideswipe,Centretown
8149,JAMES ST @ KENT ST,367660.3953,5030599.028,-75.69688951,45.41250399,2016-06-26,11:00,01 - Clear,01 - Dry,02 - Stop sign,03 - At intersection,01 - Daylight,03 - P.D. only,05 - Turning movement,Centretown
8150,JAMES ST @ KENT ST,367660.2275,5030597.65,-75.69689182,45.41249161,2016-12-31,14:12,03 - Snow,03 - Loose snow,02 - Stop sign,02 - Intersection related,01 - Daylight,03 - P.D. only,04 - Sideswipe,Centretown
8151,JAMES ST @ LYON ST,367496.0517,5030502.345,-75.69900127,45.41164881,2016-06-22,17:34,01 - Clear,01 - Dry,01 - Traffic signal,02 - Intersection related,01 - Daylight,02 - Non-fatal injury,05 - Turning movement,Centretown
8152,JAMES ST btwn KENT ST & BANK ST,367724.2993,5030636.633,-75.69606834,45.41283661,2016-06-23,12:07,01 - Clear,01 - Dry,10 - No control,04 - At/near private drive,01 - Daylight,03 - P.D. only,02 - Angle,Centretown
8153,JAMIE AVE @ SUNDERLAND ST,366064.2439,5022023.195,-75.71834394,45.33548197,2016-04-19,12:23,01 - Clear,01 - Dry,02 - Stop sign,02 - Intersection related,01 - Daylight,03 - P.D. only,02 - Angle,Industrial Park
8154,JANSEN RD btwn GRADY CRES & HOBART CRES,360234.9943,5021063.583,-75.79281944,45.32733212,2016-08-06,0:00,01 - Clear,01 - Dry,10 - No control,01 - Non intersection,00 - Unknown,03 - P.D. only,06 - SMV unattended vehicle,Sheahan Estates - Trend Village - Arlington Woods
8155,JASMINE CRES btwn ARROWSMITH DR & BEAVERHILL DR,375650.0698,5033828.027,-75.59436026,45.4407934,2016-01-24,21:17,01 - Clear,02 - Wet,10 - No control,01 - Non intersection,07 - Dark,03 - P.D. only,07 - SMV other,Beacon Hill South - Cardinal Heights
8156,JASMINE CRES btwn OGILVIE RD & ARROWSMITH DR,375473.5926,5033658.97,-75.59664007,45.43929019,2016-06-08,15:20,01 - Clear,01 - Dry,10 - No control,04 - At/near private drive,01 - Daylight,02 - Non-fatal injury,02 - Angle,Beacon Hill South - Cardinal Heights
8157,JASMINE CRES S @ OGILVIE RD,375353.8962,5033722.614,-75.59816073,45.43987491,2016-01-14,8:08,01 - Clear,01 - Dry,02 - Stop sign,02 - Intersection related,01 - Daylight,03 - P.D. only,07 - SMV other,Beacon Hill South - Cardinal Heights
8158,JASMINE CRES S @ OGILVIE RD,375354.2563,5033720.134,-75.59815649,45.43985256,2016-01-13,15:45,01 - Clear,02 - Wet,02 - Stop sign,03 - At intersection,01 - Daylight,03 - P.D. only,02 - Angle,Beacon Hill South - Cardinal Heights
8159,JASMINE CRES S @ OGILVIE RD,375354.2614,5033719.339,-75.59815654,45.4398454,2016-11-10,17:52,01 - Clear,01 - Dry,02 - Stop sign,03 - At intersection,07 - Dark,03 - P.D. only,02 - Angle,Beacon Hill South - Cardinal Heights
8160,JASMINE CRES S @ OGILVIE RD,375348.5735,5033721.334,-75.59822894,45.43986393,2016-04-16,11:57,01 - Clear,01 - Dry,02 - Stop sign,02 - Intersection related,01 - Daylight,03 - P.D. only,04 - Sideswipe,Beacon Hill South - Cardinal Heights
8161,JASPER AVE @ WALKLEY RD,370850.7242,5026248.717,-75.65671626,45.37306767,2016-09-15,11:09,01 - Clear,01 - Dry,02 - Stop sign,02 - Intersection related,01 - Daylight,02 - Non-fatal injury,03 - Rear end,Ledbury - Heron Gate - Ridgemont - Elmwood
8162,JASPER AVE @ WALKLEY RD,370851.4006,5026247.759,-75.65670775,45.37305899,2016-06-18,18:15,01 - Clear,01 - Dry,02 - Stop sign,02 - Intersection related,01 - Daylight,03 - P.D. only,05 - Turning movement,Ledbury - Heron Gate - Ridgemont - Elmwood
8163,JASPER AVE btwn NOTTING HILL AVE & PAARDEBURGH AVE,371005.3697,5025983.394,-75.65477764,45.37066579,2016-06-23,0:00,01 - Clear,01 - Dry,10 - No control,01 - Non intersection,00 - Unknown,03 - P.D. only,06 - SMV unattended vehicle,Ledbury - Heron Gate - Ridgemont - Elmwood
8164,JEANNE D'ARC BLVD  N btwn AVIGNON CRT & DECARIE DR,380696.3917,5038499.538,-75.52914357,45.48229433,2016-04-22,23:54,01 - Clear,01 - Dry,10 - No control,01 - Non intersection,07 - Dark,03 - P.D. only,07 - SMV other,Orleans South West
8165,JEANNE D'ARC BLVD  N btwn MILLWOOD CRT & BILBERRY DR,380193.6455,5038176.978,-75.53562323,45.47944667,2016-06-23,18:01,01 - Clear,01 - Dry,10 - No control,04 - At/near private drive,01 - Daylight,03 - P.D. only,05 - Turning movement,Orlans
8166,JEANNE D'ARC BLVD  N btwn PADDLER WAY & ORLEANS BLVD,379835.3395,5038046.198,-75.54022573,45.47830862,2016-08-11,17:29,01 - Clear,01 - Dry,10 - No control,01 - Non intersection,01 - Daylight,03 - P.D. only,07 - SMV other,Orleans South West
8167,JEANNE D'ARC BLVD  N btwn VINEYARD DR & OR174 IC105 RAMP36,379267.996,5037290.391,-75.54759615,45.47156919,2016-06-28,17:55,01 - Clear,01 - Dry,10 - No control,01 - Non intersection,01 - Daylight,02 - Non-fatal injury,03 - Rear end,Greenbelt
8168,JEANNE D'ARC BLVD  N btwn VINEYARD DR & OR174 IC105 RAMP36,379241.1119,5037367.062,-75.54792832,45.47226188,2016-11-08,7:16,01 - Clear,01 - Dry,10 - No control,01 - Non intersection,01 - Daylight,03 - P.D. only,01 - Approaching,Orleans South West
8169,JEANNE D'ARC BLVD  S btwn BELCOURT BLVD & DES EPINETTES AVE,382200.9054,5035961.268,-75.51030071,45.45929198,2016-04-06,21:09,03 - Snow,04 - Slush,10 - No control,01 - Non intersection,07 - Dark,03 - P.D. only,04 - Sideswipe,Orleans Village - Chateauneuf
8170,JEANNE D'ARC BLVD  S btwn BOYER RD & ORLEANS BLVD,380784.0718,5036215.255,-75.52837539,45.46173268,2016-04-12,7:27,01 - Clear,01 - Dry,10 - No control,01 - Non intersection,01 - Daylight,03 - P.D. only,03 - Rear end,Chapel Hill
8171,JEANNE D'ARC BLVD  S btwn HENRI LAUZON ST & BOYER RD,380673.7323,5036191.132,-75.52978984,45.46152763,2016-03-01,7:47,01 - Clear,01 - Dry,10 - No control,01 - Non intersection,01 - Daylight,03 - P.D. only,03 - Rear end,Chapel Hill
8172,JEANNE D'ARC BLVD  S btwn JEANNE D'ARC BLVD N & OR174 IC105 RAMP35,379411.5355,5036993.717,-75.54580567,45.46888462,2016-05-23,18:58,01 - Clear,01 - Dry,10 - No control,01 - Non intersection,01 - Daylight,03 - P.D. only,03 - Rear end,Greenbelt
8173,JEANNE D'ARC BLVD  S btwn OR174 IC105 RAMP52 & OR174 IC105 RAMP53,379460.4595,5036907.969,-75.5451931,45.4681079,2016-02-16,19:25,03 - Snow,05 - Packed snow,10 - No control,01 - Non intersection,07 - Dark,02 - Non-fatal injury,03 - Rear end,Greenbelt
8174,JEANNE D'ARC BLVD  S btwn OR174 IC105 RAMP53 & YOUVILLE DR,379669.0131,5036702.172,-75.5425577,45.46623397,2016-01-20,19:37,01 - Clear,01 - Dry,10 - No control,01 - Non intersection,07 - Dark,02 - Non-fatal injury,05 - Turning movement,Greenbelt
8175,JEANNE D'ARC BLVD  S btwn SAPINIER ST & INNES RD,382635.9354,5035572.554,-75.5048005,45.45574634,2016-07-03,14:38,01 - Clear,01 - Dry,10 - No control,01 - Non intersection,01 - Daylight,02 - Non-fatal injury,03 - Rear end,Orleans Village - Chateauneuf
8176,JEANNE D'ARC BLVD  S btwn SAPINIER ST & INNES RD,382621.0439,5035606.367,-75.50498552,45.45605222,2016-09-27,17:39,01 - Clear,01 - Dry,10 - No control,01 - Non intersection,01 - Daylight,03 - P.D. only,07 - SMV other,Orleans Village - Chateauneuf
8177,JEANNE D'ARC BLVD  S btwn ST. JOSEPH BLVD & WOODCLIFFE PRIV,379887.9416,5036431.897,-75.53979968,45.46377875,2016-11-02,8:53,01 - Clear,01 - Dry,11 - Roundabout,01 - Non intersection,01 - Daylight,03 - P.D. only,03 - Rear end,Chapel Hill
8178,JEANNE D'ARC BLVD  S btwn ST. JOSEPH BLVD & WOODCLIFFE PRIV,379919.4497,5036384.638,-75.53940404,45.46335016,2016-02-25,18:52,03 - Snow,03 - Loose snow,10 - No control,01 - Non intersection,07 - Dark,03 - P.D. only,99 - Other,Chapel Hill
8179,JEANNE D'ARC BLVD  S btwn WOODCLIFFE PRIV & HENRI LAUZON ST,380249.9765,5036208.641,-75.53520502,45.46173106,2016-11-20,14:57,03 - Snow,06 - Ice,10 - No control,01 - Non intersection,01 - Daylight,02 - Non-fatal injury,07 - SMV other,Chapel Hill
8180,JEANNE D'ARC BLVD  S btwn WOODCLIFFE PRIV & HENRI LAUZON ST,380467.8295,5036182.946,-75.53242364,45.46147631,2016-06-28,10:10,01 - Clear,01 - Dry,10 - No control,01 - Non intersection,01 - Daylight,03 - P.D. only,07 - SMV other,Chapel Hill
8181,JEANNE D'ARC BLVD  S btwn YOUVILLE DR & ST. JOSEPH BLVD,379833.7256,5036513.982,-75.54048035,45.46452311,2016-05-09,8:18,01 - Clear,01 - Dry,10 - No control,04 - At/near private drive,01 - Daylight,02 - Non-fatal injury,05 - Turning movement,Greenbelt
8182,JEANNE D'ARC BLVD  S btwn YOUVILLE DR & ST. JOSEPH BLVD,379744.2695,5036641.516,-75.54160469,45.46568017,2016-06-28,0:08,01 - Clear,01 - Dry,10 - No control,01 - Non intersection,07 - Dark,03 - P.D. only,07 - SMV other,Greenbelt
8183,JEANNE D'ARC BLVD @ CEDAR MILLS RD/CHAMPNEUF D,381214.9235,5036277.34,-75.52285715,45.46224427,2016-10-21,15:25,02 - Rain,02 - Wet,02 - Stop sign,02 - Intersection related,01 - Daylight,03 - P.D. only,03 - Rear end,Orleans Village - Chateauneuf
8184,JEANNE D'ARC BLVD @ CEDAR MILLS RD/CHAMPNEUF D,381214.9235,5036276.512,-75.52285728,45.46223682,2016-12-18,5:43,03 - Snow,05 - Packed snow,02 - Stop sign,02 - Intersection related,07 - Dark,03 - P.D. only,07 - SMV other,Orleans Village - Chateauneuf
8185,JEANNE D'ARC BLVD @ FORTUNE DR/VINEYARD DR,379237.9004,5037375.184,-75.54796816,45.4723353,2016-11-06,14:31,01 - Clear,01 - Dry,01 - Traffic signal,03 - At intersection,01 - Daylight,02 - Non-fatal injury,07 - SMV other,Orleans South West
8186,JEANNE D'ARC BLVD @ FORTUNE DR/VINEYARD DR,379241.477,5037378.408,-75.54792194,45.47236392,2016-10-25,7:36,01 - Clear,01 - Dry,01 - Traffic signal,03 - At intersection,01 - Daylight,03 - P.D. only,05 - Turning movement,Orleans South West
8187,JEANNE D'ARC BLVD @ FORTUNE DR/VINEYARD DR,379237.9004,5037375.184,-75.54796816,45.4723353,2016-11-26,9:47,01 - Clear,01 - Dry,01 - Traffic signal,02 - Intersection related,01 - Daylight,03 - P.D. only,03 - Rear end,Orleans South West
8188,JEANNE D'ARC BLVD @ GREY NUNS DR/YOUVILLE DR,379671.4895,5036702.629,-75.54252597,45.46623782,2016-02-18,8:22,01 - Clear,06 - Ice,01 - Traffic signal,02 - Intersection related,01 - Daylight,02 - Non-fatal injury,07 - SMV other,Greenbelt
8189,JEANNE D'ARC BLVD @ GREY NUNS DR/YOUVILLE DR,379670.0839,5036701.879,-75.54254406,45.46623122,2016-06-08,8:10,01 - Clear,01 - Dry,01 - Traffic signal,03 - At intersection,01 - Daylight,02 - Non-fatal injury,07 - SMV other,Greenbelt
8190,JEANNE D'ARC BLVD @ GREY NUNS DR/YOUVILLE DR,379670.7425,5036700.583,-75.54253583,45.46621949,2016-10-21,19:51,02 - Rain,02 - Wet,01 - Traffic signal,03 - At intersection,07 - Dark,02 - Non-fatal injury,07 - SMV other,Greenbelt
8191,JEANNE D'ARC BLVD @ GREY NUNS DR/YOUVILLE DR,379671.0665,5036699.38,-75.54253187,45.46620863,2016-03-04,9:05,01 - Clear,01 - Dry,01 - Traffic signal,02 - Intersection related,01 - Daylight,03 - P.D. only,03 - Rear end,Greenbelt
8192,JEANNE D'ARC BLVD @ GREY NUNS DR/YOUVILLE DR,379672.3327,5036701.605,-75.54251534,45.46622851,2016-02-18,7:47,01 - Clear,06 - Ice,01 - Traffic signal,02 - Intersection related,01 - Daylight,03 - P.D. only,03 - Rear end,Greenbelt
8193,JEANNE D'ARC BLVD @ GREY NUNS DR/YOUVILLE DR,379669.0674,5036701.447,-75.54255712,45.46622744,2016-01-07,12:07,01 - Clear,01 - Dry,01 - Traffic signal,03 - At intersection,01 - Daylight,03 - P.D. only,05 - Turning movement,Greenbelt
8194,JEANNE D'ARC BLVD @ GREY NUNS DR/YOUVILLE DR,379671.278,5036700.315,-75.54252903,45.46621702,2016-09-18,17:30,01 - Clear,01 - Dry,01 - Traffic signal,02 - Intersection related,01 - Daylight,03 - P.D. only,03 - Rear end,Greenbelt
8195,JEANNE D'ARC BLVD @ GREY NUNS DR/YOUVILLE DR,379670.7425,5036700.169,-75.54253589,45.46621577,2016-09-10,16:21,01 - Clear,02 - Wet,01 - Traffic signal,02 - Intersection related,01 - Daylight,03 - P.D. only,03 - Rear end,Greenbelt
8196,JEANNE D'ARC BLVD @ GREY NUNS DR/YOUVILLE DR,379670.4101,5036701.515,-75.54253994,45.46622791,2016-04-22,14:45,01 - Clear,01 - Dry,01 - Traffic signal,02 - Intersection related,01 - Daylight,03 - P.D. only,03 - Rear end,Greenbelt
8197,JEANNE D'ARC BLVD @ GREY NUNS DR/YOUVILLE DR,379669.7145,5036693.83,-75.54255,45.46615884,2016-11-03,16:24,01 - Clear,02 - Wet,01 - Traffic signal,02 - Intersection related,05 - Dusk,03 - P.D. only,03 - Rear end,Greenbelt
8198,JEANNE D'ARC BLVD @ MONTCERF CRT,381117.26,5036287.084,-75.52410431,45.46234262,2016-02-12,8:35,01 - Clear,01 - Dry,01 - Traffic signal,03 - At intersection,01 - Daylight,02 - Non-fatal injury,03 - Rear end,Orleans Village - Chateauneuf
8199,JEANNE D'ARC BLVD @ MONTCERF CRT,381117.8074,5036286.842,-75.52409735,45.46234038,2016-07-17,14:38,01 - Clear,01 - Dry,01 - Traffic signal,03 - At intersection,01 - Daylight,02 - Non-fatal injury,02 - Angle,Orleans Village - Chateauneuf
8200,JEANNE D'ARC BLVD @ MONTCERF CRT,381117.8068,5036286.902,-75.52409735,45.46234092,2016-10-12,11:58,01 - Clear,01 - Dry,01 - Traffic signal,02 - Intersection related,01 - Daylight,02 - Non-fatal injury,04 - Sideswipe,Orleans Village - Chateauneuf
8201,JEANNE D'ARC BLVD @ MONTCERF CRT,381117.4195,5036286.499,-75.52410236,45.46233734,2016-08-02,11:17,01 - Clear,01 - Dry,01 - Traffic signal,02 - Intersection related,01 - Daylight,03 - P.D. only,07 - SMV other,Orleans Village - Chateauneuf
8202,JEANNE D'ARC BLVD @ MONTCERF CRT,381117.4871,5036285.252,-75.52410169,45.46232611,2016-03-10,10:36,01 - Clear,01 - Dry,01 - Traffic signal,02 - Intersection related,01 - Daylight,03 - P.D. only,03 - Rear end,Orleans Village - Chateauneuf
8203,JEANNE D'ARC BLVD @ OR174 IC105 RAMP36,379266.955,5037282.69,-75.54761063,45.47150001,2016-10-20,7:38,01 - Clear,01 - Dry,10 - No control,02 - Intersection related,03 - Dawn,03 - P.D. only,03 - Rear end,Greenbelt
8204,JEANNE D'ARC BLVD @ OR174 IC105 RAMP36,379270.8489,5037282.906,-75.54756081,45.47150154,2016-11-24,7:45,03 - Snow,04 - Slush,10 - No control,02 - Intersection related,01 - Daylight,03 - P.D. only,03 - Rear end,Greenbelt
8205,JEANNE D'ARC BLVD @ OR174 IC105 RAMP36,379268.8684,5037280.164,-75.54758655,45.47147708,2016-10-03,7:50,01 - Clear,01 - Dry,01 - Traffic signal,03 - At intersection,01 - Daylight,03 - P.D. only,03 - Rear end,Greenbelt
8206,JEANNE D'ARC BLVD @ OR174 IC105 RAMP36,379270.6888,5037286.063,-75.54756238,45.47152996,2016-10-17,7:07,01 - Clear,01 - Dry,03 - Yield sign,02 - Intersection related,01 - Daylight,03 - P.D. only,03 - Rear end,Greenbelt
8207,JEANNE D'ARC BLVD @ OR174 IC105 RAMP36,379271.0215,5037284.253,-75.5475584,45.47151364,2016-10-17,9:13,01 - Clear,01 - Dry,03 - Yield sign,02 - Intersection related,01 - Daylight,03 - P.D. only,03 - Rear end,Greenbelt
8208,JEANNE D'ARC BLVD @ OR174 IC105 RAMP52,379457.0173,5036919.078,-75.54523543,45.46820822,2016-08-10,8:33,01 - Clear,01 - Dry,01 - Traffic signal,02 - Intersection related,01 - Daylight,02 - Non-fatal injury,03 - Rear end,Greenbelt
8209,JEANNE D'ARC BLVD @ OR174 IC105 RAMP52,379457.1495,5036918.915,-75.54523376,45.46820674,2016-08-25,14:03,01 - Clear,01 - Dry,01 - Traffic signal,02 - Intersection related,01 - Daylight,02 - Non-fatal injury,03 - Rear end,Greenbelt
8210,JEANNE D'ARC BLVD @ OR174 IC105 RAMP52,379455.2384,5036917.441,-75.54525842,45.46819368,2016-09-27,22:29,01 - Clear,01 - Dry,01 - Traffic signal,02 - Intersection related,07 - Dark,02 - Non-fatal injury,02 - Angle,Greenbelt
8211,JEANNE D'ARC BLVD @ OR174 IC105 RAMP52,379456.8295,5036916.099,-75.54523828,45.46818143,2016-10-20,7:25,01 - Clear,01 - Dry,01 - Traffic signal,02 - Intersection related,01 - Daylight,03 - P.D. only,03 - Rear end,Greenbelt
8212,JEANNE D'ARC BLVD @ ORLEANS BLVD N,380029.5488,5038104.93,-75.53773297,45.47881614,2016-05-05,14:49,01 - Clear,01 - Dry,01 - Traffic signal,03 - At intersection,01 - Daylight,02 - Non-fatal injury,02 - Angle,Orleans South West
8213,JEANNE D'ARC BLVD @ ORLEANS BLVD N,380028.8744,5038104.282,-75.53774169,45.47881038,2016-12-24,12:02,01 - Clear,02 - Wet,01 - Traffic signal,03 - At intersection,01 - Daylight,02 - Non-fatal injury,02 - Angle,Orleans South West
8214,JEANNE D'ARC BLVD @ ORLEANS BLVD N,380029.5278,5038106.251,-75.53773303,45.47882803,2016-01-14,15:39,03 - Snow,03 - Loose snow,01 - Traffic signal,03 - At intersection,01 - Daylight,03 - P.D. only,05 - Turning movement,Orleans South West
8215,JEANNE D'ARC BLVD @ ORLEANS BLVD N,380028.8799,5038105.599,-75.53774142,45.47882223,2016-09-06,11:42,01 - Clear,01 - Dry,01 - Traffic signal,02 - Intersection related,01 - Daylight,03 - P.D. only,03 - Rear end,Orleans South West
8216,JEANNE D'ARC BLVD @ ORLEANS BLVD N,380028.3497,5038106.031,-75.53774813,45.47882618,2016-05-08,16:27,01 - Clear,01 - Dry,01 - Traffic signal,02 - Intersection related,01 - Daylight,03 - P.D. only,03 - Rear end,Orleans South West
8217,JEANNE D'ARC BLVD @ ORLEANS BLVD N,380029.4099,5038105.868,-75.5377346,45.47882459,2016-08-09,18:31,01 - Clear,01 - Dry,01 - Traffic signal,02 - Intersection related,01 - Daylight,03 - P.D. only,03 - Rear end,Orleans South West