Record,Location,X,Y,lon,lat,Date,Time,Environment,Road_Surface,Traffic_Control,Collision_Location,Light,Collision_Classification,Impact_type,Neighborhood
8218,JEANNE D'ARC BLVD @ ORLEANS BLVD N,380030.2177,5038105.599,-75.53772431,45.47882209,2016-11-11,14:03,01 - Clear,01 - Dry,01 - Traffic signal,02 - Intersection related,01 - Daylight,03 - P.D. only,03 - Rear end,Orleans South West
8219,JEANNE D'ARC BLVD @ ORLEANS BLVD S,380940.6345,5036250.193,-75.52636827,45.46202998,2016-02-17,20:33,03 - Snow,03 - Loose snow,01 - Traffic signal,03 - At intersection,07 - Dark,02 - Non-fatal injury,02 - Angle,Orleans Village - Chateauneuf
8220,JEANNE D'ARC BLVD @ ORLEANS BLVD S,380941.2545,5036250.749,-75.52636025,45.46203491,2016-06-27,13:58,01 - Clear,01 - Dry,01 - Traffic signal,03 - At intersection,01 - Daylight,02 - Non-fatal injury,02 - Angle,Orleans Village - Chateauneuf
8221,JEANNE D'ARC BLVD @ ORLEANS BLVD S,380939.947,5036250.343,-75.52637703,45.4620314,2016-10-03,19:22,01 - Clear,01 - Dry,01 - Traffic signal,03 - At intersection,07 - Dark,02 - Non-fatal injury,05 - Turning movement,Orleans Village - Chateauneuf
8222,JEANNE D'ARC BLVD @ ORLEANS BLVD S,380939.8571,5036250.101,-75.52637822,45.46202923,2016-06-26,11:59,01 - Clear,01 - Dry,01 - Traffic signal,02 - Intersection related,01 - Daylight,03 - P.D. only,03 - Rear end,Orleans Village - Chateauneuf
8223,JEANNE D'ARC BLVD @ ORLEANS BLVD S,380940.2887,5036250.558,-75.52637263,45.4620333,2016-01-07,13:54,01 - Clear,01 - Dry,01 - Traffic signal,03 - At intersection,01 - Daylight,03 - P.D. only,02 - Angle,Orleans Village - Chateauneuf
8224,JEANNE D'ARC BLVD @ ORLEANS BLVD S,380939.5495,5036249.771,-75.5263822,45.4620263,2016-07-16,21:37,01 - Clear,01 - Dry,01 - Traffic signal,03 - At intersection,07 - Dark,03 - P.D. only,05 - Turning movement,Orleans Village - Chateauneuf
8225,JEANNE D'ARC BLVD @ ORLEANS BLVD S,380939.9167,5036250.08,-75.52637746,45.46202904,2016-02-17,20:00,03 - Snow,06 - Ice,01 - Traffic signal,03 - At intersection,07 - Dark,03 - P.D. only,02 - Angle,Orleans Village - Chateauneuf
8226,JEANNE D'ARC BLVD @ ORLEANS BLVD S,380939.2478,5036250.08,-75.52638601,45.46202911,2016-06-10,12:40,01 - Clear,01 - Dry,01 - Traffic signal,02 - Intersection related,01 - Daylight,03 - P.D. only,03 - Rear end,Orleans Village - Chateauneuf
8227,JEANNE D'ARC BLVD @ ORLEANS BLVD S,380941.2545,5036250.08,-75.52636036,45.46202889,2016-08-21,11:34,02 - Rain,02 - Wet,01 - Traffic signal,02 - Intersection related,01 - Daylight,03 - P.D. only,99 - Other,Orleans Village - Chateauneuf
8228,JEANNE D'ARC BLVD @ ORLEANS BLVD S,380939.2478,5036251.418,-75.52638581,45.46204115,2016-07-13,16:50,02 - Rain,02 - Wet,01 - Traffic signal,02 - Intersection related,01 - Daylight,03 - P.D. only,03 - Rear end,Orleans Village - Chateauneuf
8229,JEANNE D'ARC BLVD @ ORLEANS BLVD S,380940.7445,5036249.337,-75.52636699,45.46202226,2016-09-11,16:33,01 - Clear,01 - Dry,01 - Traffic signal,02 - Intersection related,01 - Daylight,03 - P.D. only,04 - Sideswipe,Orleans Village - Chateauneuf
8230,JEANNE D'ARC BLVD @ ORLEANS BLVD S,380939.9163,5036251.822,-75.5263772,45.46204471,2016-12-30,17:56,01 - Clear,02 - Wet,01 - Traffic signal,03 - At intersection,07 - Dark,03 - P.D. only,05 - Turning movement,Orleans Village - Chateauneuf
8231,JEANNE D'ARC BLVD @ PADDLER WAY/VORLAGE DR E,379612.2113,5037995.437,-75.54308709,45.47787585,2016-06-21,17:48,01 - Clear,01 - Dry,01 - Traffic signal,03 - At intersection,01 - Daylight,03 - P.D. only,05 - Turning movement,Orleans South West
8232,JEANNE D'ARC BLVD @ PADDLER WAY/VORLAGE DR E,379612.9908,5037996.053,-75.54307703,45.47788131,2016-11-21,18:09,03 - Snow,04 - Slush,01 - Traffic signal,03 - At intersection,07 - Dark,03 - P.D. only,05 - Turning movement,Orleans South West
8233,JEANNE D'ARC BLVD @ VORLAGE DR W/VOYAGEUR WAY,379265.7511,5037741.31,-75.54755652,45.47562645,2016-07-21,8:33,01 - Clear,01 - Dry,01 - Traffic signal,03 - At intersection,01 - Daylight,02 - Non-fatal injury,05 - Turning movement,Orleans South West
8234,JEANNE D'ARC BLVD @ VORLAGE DR W/VOYAGEUR WAY,379268.3488,5037739.578,-75.54752356,45.47561059,2016-07-29,17:27,01 - Clear,01 - Dry,01 - Traffic signal,03 - At intersection,01 - Daylight,03 - P.D. only,05 - Turning movement,Orleans South West
8235,JEANNE D'ARC BLVD btwn JEANNE D'ARC BLVD N & BALSAM DR,381448.0538,5038749.802,-75.51949076,45.48446387,2016-02-12,11:13,01 - Clear,04 - Slush,10 - No control,04 - At/near private drive,01 - Daylight,03 - P.D. only,99 - Other,Chatelaine Village
8236,JEANNE D'ARC BLVD N/OR174 IC105 RAMP63 @ TRANS,379342.1961,5037115.553,-75.54667383,45.46998821,2016-04-20,8:10,01 - Clear,01 - Dry,01 - Traffic signal,02 - Intersection related,01 - Daylight,03 - P.D. only,03 - Rear end,Greenbelt
8237,JEANNE D'ARC BLVD N/OR174 IC105 RAMP63 @ TRANS,379341.0753,5037117.007,-75.54668794,45.47000141,2016-11-01,18:55,01 - Clear,01 - Dry,01 - Traffic signal,02 - Intersection related,07 - Dark,03 - P.D. only,03 - Rear end,Greenbelt
8238,JEANNE D'ARC BLVD N/OR174 IC105 RAMP63 @ TRANS,379341.1753,5037115.918,-75.54668683,45.46999161,2016-11-22,17:23,01 - Clear,03 - Loose snow,01 - Traffic signal,02 - Intersection related,07 - Dark,03 - P.D. only,03 - Rear end,Greenbelt
8239,JEFFREY AVE @ ST. LAURENT BLVD,370955.8787,5035237.844,-75.65416729,45.45393824,2016-12-15,9:30,01 - Clear,02 - Wet,02 - Stop sign,02 - Intersection related,01 - Daylight,03 - P.D. only,01 - Approaching,Manor Park
8240,JINKINSON RD btwn FERNBANK RD & HAZELDEAN RD,345189.5901,5009781.974,-75.98566138,45.22684251,2016-08-31,13:48,01 - Clear,01 - Dry,10 - No control,01 - Non intersection,01 - Daylight,01 - Fatal injury,07 - SMV other,Stittsville - Basswood
8241,JINKINSON RD btwn FERNBANK RD & HAZELDEAN RD,345374.6985,5009390.918,-75.9833361,45.22331295,2016-12-12,6:46,03 - Snow,03 - Loose snow,10 - No control,04 - At/near private drive,07 - Dark,02 - Non-fatal injury,02 - Angle,Stittsville - Basswood
8242,JINKINSON RD btwn FERNBANK RD & HAZELDEAN RD,345932.7621,5011436.74,-75.97606109,45.24168988,2016-08-31,14:33,01 - Clear,01 - Dry,10 - No control,01 - Non intersection,01 - Daylight,03 - P.D. only,07 - SMV other,Stittsville - Basswood
8243,JINKINSON RD btwn FERNBANK RD & HAZELDEAN RD,346827.2231,5012233.446,-75.96460082,45.24880616,2016-09-30,9:26,01 - Clear,01 - Dry,10 - No control,01 - Non intersection,01 - Daylight,03 - P.D. only,07 - SMV other,Stittsville - Basswood
8244,JOBIN CRES btwn TONILEE DR & TONILEE DR,373763.8274,5032535.048,-75.61864933,45.42934847,2016-04-15,18:16,01 - Clear,01 - Dry,10 - No control,04 - At/near private drive,01 - Daylight,03 - P.D. only,02 - Angle,Industrial Park
8245,JOCK TR btwn MUNSTER RD & GREEN'S RD,352775.4513,5000814.008,-75.8899274,45.14566912,2016-01-19,10:05,05 - Drifting Snow,06 - Ice,10 - No control,04 - At/near private drive,01 - Daylight,03 - P.D. only,02 - Angle,Munster Hamlet - Richmond
8246,JOCKVALE RD @ CAMBRIAN RD/GOLFLINKS DR W,365382.4713,5013223.197,-75.72811676,45.25635932,2016-01-24,19:28,03 - Snow,03 - Loose snow,11 - Roundabout,02 - Intersection related,07 - Dark,02 - Non-fatal injury,01 - Approaching,New Barrhaven
8247,JOCKVALE RD @ CAMBRIAN RD/GOLFLINKS DR W,365382.2316,5013223.187,-75.72811981,45.25635925,2016-05-10,17:31,01 - Clear,01 - Dry,11 - Roundabout,03 - At intersection,01 - Daylight,03 - P.D. only,04 - Sideswipe,New Barrhaven
8248,JOCKVALE RD @ CAMBRIAN RD/GOLFLINKS DR W,365382.9103,5013223.636,-75.72811111,45.25636323,2016-02-17,20:17,01 - Clear,01 - Dry,11 - Roundabout,02 - Intersection related,07 - Dark,03 - P.D. only,03 - Rear end,New Barrhaven
8249,JOCKVALE RD @ CAMBRIAN RD/GOLFLINKS DR W,365382.4688,5013223.195,-75.72811679,45.2563593,2016-02-25,20:00,04 - Freezing Rain,06 - Ice,11 - Roundabout,02 - Intersection related,07 - Dark,03 - P.D. only,03 - Rear end,New Barrhaven
8250,JOCKVALE RD @ CAMBRIAN RD/GOLFLINKS DR W,365382.4713,5013223.636,-75.72811671,45.25636327,2016-11-02,17:39,01 - Clear,01 - Dry,11 - Roundabout,02 - Intersection related,07 - Dark,03 - P.D. only,04 - Sideswipe,New Barrhaven
8251,JOCKVALE RD @ CAMBRIAN RD/GOLFLINKS DR W,365383.4413,5013224.542,-75.72810424,45.25637134,2016-01-05,8:45,01 - Clear,05 - Packed snow,11 - Roundabout,02 - Intersection related,01 - Daylight,03 - P.D. only,04 - Sideswipe,New Barrhaven
8252,JOCKVALE RD @ CAMBRIAN RD/GOLFLINKS DR W,365383.3627,5013222.745,-75.72810546,45.25635518,2016-04-04,17:08,01 - Clear,01 - Dry,11 - Roundabout,03 - At intersection,01 - Daylight,03 - P.D. only,03 - Rear end,New Barrhaven
8253,JOCKVALE RD @ CAMBRIAN RD/GOLFLINKS DR W,365382.9163,5013222.74,-75.72811115,45.25635517,2016-06-11,7:56,02 - Rain,02 - Wet,11 - Roundabout,02 - Intersection related,01 - Daylight,03 - P.D. only,07 - SMV other,New Barrhaven
8254,JOCKVALE RD @ CAMBRIAN RD/GOLFLINKS DR W,365382.6908,5013223.002,-75.72811399,45.25635755,2016-10-20,20:32,02 - Rain,02 - Wet,11 - Roundabout,02 - Intersection related,07 - Dark,03 - P.D. only,03 - Rear end,New Barrhaven
8255,JOCKVALE RD @ CAMBRIAN RD/GOLFLINKS DR W,365382.4713,5013224.075,-75.72811665,45.25636722,2016-10-08,14:26,02 - Rain,02 - Wet,11 - Roundabout,02 - Intersection related,01 - Daylight,03 - P.D. only,07 - SMV other,New Barrhaven
8256,JOCKVALE RD @ CAMBRIAN RD/GOLFLINKS DR W,365381.4852,5013223.249,-75.72812932,45.25635987,2016-10-06,21:11,01 - Clear,01 - Dry,11 - Roundabout,03 - At intersection,07 - Dark,03 - P.D. only,02 - Angle,New Barrhaven
8257,JOCKVALE RD @ CAMBRIAN RD/GOLFLINKS DR W,365381.9946,5013223.249,-75.72812283,45.25635983,2016-12-04,14:13,01 - Clear,01 - Dry,11 - Roundabout,03 - At intersection,01 - Daylight,03 - P.D. only,04 - Sideswipe,New Barrhaven
8258,JOCKVALE RD @ EXETER DR/TARTAN DR,363325.3358,5014773.002,-75.75414193,45.27047866,2016-10-28,16:17,01 - Clear,02 - Wet,11 - Roundabout,02 - Intersection related,01 - Daylight,03 - P.D. only,03 - Rear end,Barrhaven West - Old Barrhaven
8259,JOCKVALE RD @ FABLE ST/WEYBRIDGE DR E,362513.4789,5015143.698,-75.76444444,45.27388129,2016-03-24,8:59,03 - Snow,03 - Loose snow,11 - Roundabout,02 - Intersection related,01 - Daylight,03 - P.D. only,03 - Rear end,Barrhaven West - Old Barrhaven
8260,JOCKVALE RD @ FABLE ST/WEYBRIDGE DR E,362513.5985,5015143.202,-75.76444297,45.27387682,2016-04-25,16:06,01 - Clear,01 - Dry,11 - Roundabout,02 - Intersection related,01 - Daylight,03 - P.D. only,03 - Rear end,Barrhaven West - Old Barrhaven
8261,JOCKVALE RD @ FABLE ST/WEYBRIDGE DR E,362511.8518,5015142.19,-75.76446535,45.27386786,2016-11-24,13:49,03 - Snow,04 - Slush,11 - Roundabout,03 - At intersection,01 - Daylight,03 - P.D. only,02 - Angle,Barrhaven West - Old Barrhaven
8262,JOCKVALE RD @ LAMING ST/WEYBRIDGE DR W,361914.3314,5015397.284,-75.77205075,45.276212,2016-03-11,13:30,01 - Clear,01 - Dry,02 - Stop sign,03 - At intersection,01 - Daylight,02 - Non-fatal injury,07 - SMV other,Barrhaven West - Old Barrhaven
8263,JOCKVALE RD @ LAMING ST/WEYBRIDGE DR W,361915.9795,5015396.558,-75.77202983,45.27620533,2016-03-19,9:01,01 - Clear,01 - Dry,02 - Stop sign,03 - At intersection,01 - Daylight,03 - P.D. only,05 - Turning movement,Barrhaven West - Old Barrhaven
8264,JOCKVALE RD @ LONGFIELDS DR,364829.2929,5014001.028,-75.73507021,45.26340567,2016-02-24,7:56,03 - Snow,03 - Loose snow,02 - Stop sign,03 - At intersection,01 - Daylight,03 - P.D. only,02 - Angle,New Barrhaven
8265,JOCKVALE RD @ LONGFIELDS DR,364829.2929,5014001.028,-75.73507021,45.26340567,2016-08-25,12:54,01 - Clear,01 - Dry,02 - Stop sign,03 - At intersection,01 - Daylight,03 - P.D. only,02 - Angle,New Barrhaven
8266,JOCKVALE RD @ LONGFIELDS DR,364829.2929,5014001.028,-75.73507021,45.26340567,2016-11-09,19:06,01 - Clear,01 - Dry,02 - Stop sign,03 - At intersection,07 - Dark,03 - P.D. only,02 - Angle,New Barrhaven
8267,JOCKVALE RD @ STRANDHERD DR,363560.7,5014578.057,-75.75116573,45.26870491,2016-09-07,10:22,01 - Clear,01 - Dry,01 - Traffic signal,03 - At intersection,01 - Daylight,02 - Non-fatal injury,05 - Turning movement,Barrhaven West - Old Barrhaven
8268,JOCKVALE RD @ STRANDHERD DR,363558.9796,5014578.212,-75.75118763,45.26870645,2016-01-13,13:50,01 - Clear,02 - Wet,01 - Traffic signal,02 - Intersection related,01 - Daylight,02 - Non-fatal injury,03 - Rear end,Barrhaven West - Old Barrhaven
8269,JOCKVALE RD @ STRANDHERD DR,363560.261,5014578.496,-75.75117127,45.2687089,2016-08-17,11:32,01 - Clear,01 - Dry,01 - Traffic signal,03 - At intersection,01 - Daylight,02 - Non-fatal injury,05 - Turning movement,Barrhaven West - Old Barrhaven
8270,JOCKVALE RD @ STRANDHERD DR,363559.911,5014577.962,-75.75117579,45.26870412,2016-07-14,0:05,01 - Clear,01 - Dry,01 - Traffic signal,02 - Intersection related,07 - Dark,02 - Non-fatal injury,03 - Rear end,Barrhaven West - Old Barrhaven
8271,JOCKVALE RD @ STRANDHERD DR,363561.3087,5014576.595,-75.75115814,45.2686917,2016-10-20,18:50,02 - Rain,02 - Wet,01 - Traffic signal,03 - At intersection,07 - Dark,02 - Non-fatal injury,07 - SMV other,Barrhaven West - Old Barrhaven
8272,JOCKVALE RD @ STRANDHERD DR,363559.8063,5014577.388,-75.7511772,45.26869896,2016-05-14,15:03,02 - Rain,02 - Wet,01 - Traffic signal,03 - At intersection,01 - Daylight,03 - P.D. only,05 - Turning movement,Barrhaven West - Old Barrhaven
8273,JOCKVALE RD @ STRANDHERD DR,363560.4805,5014575.767,-75.7511688,45.26868432,2016-08-31,16:41,01 - Clear,01 - Dry,01 - Traffic signal,02 - Intersection related,01 - Daylight,03 - P.D. only,03 - Rear end,Barrhaven West - Old Barrhaven
8274,JOCKVALE RD @ STRANDHERD DR,363561.8582,5014578.526,-75.75115091,45.26870903,2016-01-12,12:22,03 - Snow,03 - Loose snow,01 - Traffic signal,02 - Intersection related,01 - Daylight,03 - P.D. only,03 - Rear end,Barrhaven West - Old Barrhaven
8275,JOCKVALE RD @ STRANDHERD DR,363561.6169,5014577.383,-75.75115412,45.26869877,2016-08-05,8:40,01 - Clear,01 - Dry,01 - Traffic signal,02 - Intersection related,01 - Daylight,03 - P.D. only,03 - Rear end,Barrhaven West - Old Barrhaven
8276,JOCKVALE RD @ STRANDHERD DR,363560.261,5014576.74,-75.75117148,45.2686931,2016-08-05,8:39,01 - Clear,01 - Dry,01 - Traffic signal,02 - Intersection related,01 - Daylight,03 - P.D. only,03 - Rear end,Barrhaven West - Old Barrhaven
8277,JOCKVALE RD @ STRANDHERD DR,363559.562,5014576.689,-75.75118039,45.26869269,2016-07-20,7:46,01 - Clear,01 - Dry,01 - Traffic signal,02 - Intersection related,01 - Daylight,03 - P.D. only,04 - Sideswipe,Barrhaven West - Old Barrhaven
8278,JOCKVALE RD @ STRANDHERD DR,363561.016,5014579.176,-75.75116157,45.26871495,2016-10-06,15:52,01 - Clear,01 - Dry,01 - Traffic signal,02 - Intersection related,01 - Daylight,03 - P.D. only,03 - Rear end,Barrhaven West - Old Barrhaven
8279,JOCKVALE RD @ STRANDHERD DR,363560.9539,5014578.074,-75.75116249,45.26870504,2016-10-06,20:15,01 - Clear,01 - Dry,01 - Traffic signal,03 - At intersection,07 - Dark,03 - P.D. only,05 - Turning movement,Barrhaven West - Old Barrhaven
8280,JOCKVALE RD @ STRANDHERD DR,363560.4805,5014579.079,-75.7511684,45.26871412,2016-12-14,14:47,01 - Clear,01 - Dry,01 - Traffic signal,02 - Intersection related,01 - Daylight,03 - P.D. only,03 - Rear end,Barrhaven West - Old Barrhaven
8281,JOCKVALE RD @ STRANDHERD DR,363560.4819,5014578.562,-75.75116845,45.26870947,2016-12-14,18:55,01 - Clear,01 - Dry,01 - Traffic signal,02 - Intersection related,07 - Dark,03 - P.D. only,03 - Rear end,Barrhaven West - Old Barrhaven
8282,JOCKVALE RD @ STRANDHERD DR,363560.4805,5014577.423,-75.7511686,45.26869922,2016-11-09,16:45,01 - Clear,01 - Dry,01 - Traffic signal,02 - Intersection related,05 - Dusk,03 - P.D. only,03 - Rear end,Barrhaven West - Old Barrhaven
8283,JOCKVALE RD @ STRANDHERD DR,363560.2545,5014577.614,-75.75117146,45.26870096,2016-11-25,7:30,"07 - Fog, mist, smoke, dust",02 - Wet,01 - Traffic signal,03 - At intersection,01 - Daylight,03 - P.D. only,05 - Turning movement,Barrhaven West - Old Barrhaven
8284,JOCKVALE RD @ STRANDHERD DR,363560.0071,5014578.074,-75.75117456,45.26870512,2016-12-09,18:41,03 - Snow,06 - Ice,01 - Traffic signal,02 - Intersection related,07 - Dark,03 - P.D. only,03 - Rear end,Barrhaven West - Old Barrhaven
8285,JOCKVALE RD @ STRANDHERD DR,363561.3087,5014579.908,-75.75115775,45.26872151,2016-12-10,12:43,01 - Clear,01 - Dry,01 - Traffic signal,02 - Intersection related,01 - Daylight,03 - P.D. only,03 - Rear end,Barrhaven West - Old Barrhaven
8286,JOCKVALE RD btwn BLACKLEAF DR & GOLFLINKS DR,365977.6574,5012632.34,-75.7206069,45.25099129,2016-02-13,6:34,06 - Strong wind,05 - Packed snow,10 - No control,01 - Non intersection,03 - Dawn,02 - Non-fatal injury,07 - SMV other,New Barrhaven
8287,JOCKVALE RD btwn BLACKLEAF DR & GOLFLINKS DR,365664.7984,5012788.071,-75.72457324,45.25241969,2016-02-12,22:01,03 - Snow,03 - Loose snow,10 - No control,01 - Non intersection,07 - Dark,03 - P.D. only,07 - SMV other,New Barrhaven
8288,JOCKVALE RD btwn BREN-MAUR RD & RIVERSTONE DR,364933.9002,5013860.319,-75.73375439,45.26213063,2016-08-22,8:46,01 - Clear,01 - Dry,10 - No control,01 - Non intersection,01 - Daylight,03 - P.D. only,04 - Sideswipe,New Barrhaven
8289,JOCKVALE RD btwn CEDARVIEW RD & JENNIFER LANE,361490.6793,5015259.422,-75.77746571,45.27500579,2016-06-03,18:01,01 - Clear,01 - Dry,10 - No control,01 - Non intersection,01 - Daylight,03 - P.D. only,03 - Rear end,Barrhaven West - Old Barrhaven
8290,JOCKVALE RD btwn GOLFLINKS DR & PRINCE OF WALES DR,366635.5997,5012207.61,-75.71227845,45.24711208,2016-02-15,16:25,03 - Snow,04 - Slush,10 - No control,01 - Non intersection,01 - Daylight,03 - P.D. only,07 - SMV other,New Barrhaven
8291,JOCKVALE RD btwn GREENBANK RD & BREN-MAUR RD,364169.7209,5014304.74,-75.74343784,45.26619445,2016-10-14,20:20,01 - Clear,01 - Dry,10 - No control,01 - Non intersection,07 - Dark,03 - P.D. only,03 - Rear end,New Barrhaven
8292,JOCKVALE RD/RIDEAU VALLEY DR @ PRINCE OF WALES,366707.977,5012198.395,-75.71135767,45.2470228,2016-03-08,8:35,01 - Clear,01 - Dry,01 - Traffic signal,03 - At intersection,01 - Daylight,02 - Non-fatal injury,05 - Turning movement,New Barrhaven
8293,JOCKVALE RD/RIDEAU VALLEY DR @ PRINCE OF WALES,366706.8782,5012198.598,-75.71137164,45.24702472,2016-02-12,18:30,03 - Snow,03 - Loose snow,01 - Traffic signal,02 - Intersection related,07 - Dark,03 - P.D. only,03 - Rear end,New Barrhaven
8294,JOCKVALE RD/RIDEAU VALLEY DR @ PRINCE OF WALES,366714.8081,5012195.412,-75.71127103,45.24699536,2016-10-21,19:25,02 - Rain,02 - Wet,01 - Traffic signal,02 - Intersection related,07 - Dark,03 - P.D. only,03 - Rear end,New Barrhaven
8295,JOCKVALE RD/RIDEAU VALLEY DR @ PRINCE OF WALES,366707.8524,5012197.713,-75.71135934,45.24701667,2016-02-16,12:15,03 - Snow,03 - Loose snow,01 - Traffic signal,03 - At intersection,01 - Daylight,03 - P.D. only,99 - Other,New Barrhaven
8296,JOCKVALE RD/RIDEAU VALLEY DR @ PRINCE OF WALES,366708.9729,5012195.879,-75.7113453,45.24700007,2016-06-14,15:51,01 - Clear,01 - Dry,01 - Traffic signal,03 - At intersection,01 - Daylight,03 - P.D. only,05 - Turning movement,New Barrhaven
8297,JOHN ASELFORD DRWY btwn JOHN ASELFORD DRWY & MARCHURST RD,341733.0802,5027348.325,-76.02836755,45.38510196,2016-12-05,15:52,01 - Clear,05 - Packed snow,10 - No control,01 - Non intersection,01 - Daylight,03 - P.D. only,01 - Approaching,Carp - Hardwood Plains
8298,JOHN QUINN RD btwn COOPER HILL RD & STONE SCHOOL RD,382489.6799,5013194.505,-75.5101868,45.25442027,2016-02-08,6:39,01 - Clear,01 - Dry,10 - No control,01 - Non intersection,03 - Dawn,02 - Non-fatal injury,07 - SMV other,Metcalfe
8299,JOHN QUINN RD btwn IVESON DR & COOPER HILL RD,382132.1338,5014061.558,-75.51460654,45.26226095,2016-12-23,6:17,01 - Clear,01 - Dry,10 - No control,01 - Non intersection,07 - Dark,03 - P.D. only,07 - SMV other,Metcalfe
8300,JOHN QUINN RD btwn MITCH OWENS RD & PARKWAY RD,380960.9032,5016828.537,-75.52910414,45.28728461,2016-01-12,17:35,03 - Snow,05 - Packed snow,10 - No control,01 - Non intersection,05 - Dusk,03 - P.D. only,07 - SMV other,Osgoode
8301,JOHN QUINN RD btwn MITCH OWENS RD & PARKWAY RD,380983.7883,5016779.101,-75.52882004,45.28683734,2016-02-26,20:58,03 - Snow,06 - Ice,10 - No control,01 - Non intersection,07 - Dark,03 - P.D. only,07 - SMV other,Osgoode
8302,JOHN QUINN RD btwn PARKWAY RD & IVESON DR,381704.7022,5015114.289,-75.51988922,45.27177974,2016-04-09,14:10,01 - Clear,01 - Dry,10 - No control,01 - Non intersection,01 - Daylight,02 - Non-fatal injury,07 - SMV other,Metcalfe
8303,JOHN QUINN RD btwn PARKWAY RD & IVESON DR,381579.6853,5015379.837,-75.5214412,45.27418266,2016-02-26,14:09,01 - Clear,06 - Ice,10 - No control,01 - Non intersection,01 - Daylight,03 - P.D. only,07 - SMV other,Osgoode
8304,JOHN QUINN RD btwn STONE SCHOOL RD & BANK ST,383033.3289,5011846.984,-75.50347348,45.24223576,2016-12-28,18:43,01 - Clear,01 - Dry,10 - No control,01 - Non intersection,07 - Dark,03 - P.D. only,07 - SMV other,Metcalfe
8305,JOHN SUTHERLAND DR @ RICHMOND RD,358786.1898,5022148.27,-75.81118208,45.33720512,2016-10-25,14:45,01 - Clear,01 - Dry,01 - Traffic signal,02 - Intersection related,01 - Daylight,03 - P.D. only,03 - Rear end,Greenbelt
8306,JOHN SUTHERLAND DR @ RICHMOND RD,358786.8869,5022150.716,-75.81117292,45.33722708,2016-02-29,20:13,05 - Drifting Snow,02 - Wet,01 - Traffic signal,03 - At intersection,07 - Dark,03 - P.D. only,05 - Turning movement,Greenbelt
8307,JOHN SUTHERLAND DR @ RICHMOND RD,358786.8889,5022150.718,-75.81117289,45.33722709,2016-03-14,18:18,02 - Rain,02 - Wet,01 - Traffic signal,02 - Intersection related,05 - Dusk,03 - P.D. only,03 - Rear end,Greenbelt
8308,JOHN SUTHERLAND DR btwn RICHMOND RD & TO BE DETERMINED,358982.1833,5022111.178,-75.80868561,45.33685626,2016-02-01,19:28,01 - Clear,02 - Wet,10 - No control,04 - At/near private drive,07 - Dark,03 - P.D. only,04 - Sideswipe,Qualicum - Redwood Park
8309,JOHNSTON RD @ MACOUN CIRC,372130.42,5025598.581,-75.64046855,45.3670962,2016-11-22,0:26,03 - Snow,03 - Loose snow,02 - Stop sign,02 - Intersection related,07 - Dark,03 - P.D. only,07 - SMV other,South Keys - Heron Gate - Greenboro West
8310,JOHNSTON RD @ SOUTHGATE RD,371021.6406,5024941.288,-75.65470961,45.36128773,2016-04-23,15:03,01 - Clear,01 - Dry,02 - Stop sign,03 - At intersection,01 - Daylight,02 - Non-fatal injury,02 - Angle,South Keys - Heron Gate - Greenboro West
8311,JOHNSTON RD @ TAPIOLA CRES E,372256.816,5025672.777,-75.63884505,45.36775164,2016-02-03,17:11,01 - Clear,02 - Wet,02 - Stop sign,02 - Intersection related,07 - Dark,03 - P.D. only,03 - Rear end,South Keys - Heron Gate - Greenboro West
8312,JOHNSTON RD btwn BANK ST & BANK PL,370861.0487,5024845.437,-75.65677208,45.36044045,2016-06-29,16:11,01 - Clear,01 - Dry,10 - No control,04 - At/near private drive,01 - Daylight,03 - P.D. only,02 - Angle,South Keys - Heron Gate - Greenboro West
8313,JOHNSTON RD btwn BANK ST & BANK PL,370865.5941,5024848.619,-75.65671364,45.36046865,2016-07-08,16:23,01 - Clear,01 - Dry,10 - No control,01 - Non intersection,01 - Daylight,03 - P.D. only,03 - Rear end,South Keys - Heron Gate - Greenboro West
8314,JOHNSTON RD btwn CELLINI CRT & BLOHM DR,374523.7468,5026512.691,-75.60979026,45.37508696,2016-04-04,23:12,01 - Clear,01 - Dry,10 - No control,01 - Non intersection,07 - Dark,03 - P.D. only,07 - SMV other,Industrial Park
8315,JOHNSTON RD btwn GRANDPARK CIRC & BASLAW DR,373673.4117,5026439.723,-75.62065594,45.37451452,2016-11-21,21:25,03 - Snow,03 - Loose snow,10 - No control,01 - Non intersection,07 - Dark,02 - Non-fatal injury,03 - Rear end,Hunt Club
8316,JOHNSTON RD btwn GRANDPARK CIRC & BASLAW DR,373644.3658,5026424.429,-75.62102888,45.37437977,2016-12-26,13:19,04 - Freezing Rain,06 - Ice,10 - No control,01 - Non intersection,01 - Daylight,03 - P.D. only,03 - Rear end,Hunt Club
8317,JOHNSTON RD btwn KIWANIS CRT & PENNARD WAY,372425.8408,5025779.582,-75.6366729,45.36869634,2016-01-22,23:23,01 - Clear,01 - Dry,10 - No control,01 - Non intersection,07 - Dark,03 - P.D. only,07 - SMV other,South Keys - Heron Gate - Greenboro West
8318,JOHNSTON RD btwn SOUTHGATE RD & ALBION RD S,371196.4945,5025045.587,-75.65246391,45.36220964,2016-02-29,8:50,01 - Clear,04 - Slush,10 - No control,04 - At/near private drive,01 - Daylight,02 - Non-fatal injury,03 - Rear end,South Keys - Heron Gate - Greenboro West
8319,JOHNSTON RD btwn SOUTHGATE RD & ALBION RD S,371196.3387,5025047.509,-75.65246564,45.36222695,2016-05-03,10:38,01 - Clear,01 - Dry,10 - No control,04 - At/near private drive,01 - Daylight,03 - P.D. only,99 - Other,South Keys - Heron Gate - Greenboro West