Record,Location,X,Y,lon,lat,Date,Time,Environment,Road_Surface,Traffic_Control,Collision_Location,Light,Collision_Classification,Impact_type,Neighborhood
8320,JOLIFFE ST btwn TAWNEY RD & TUPPER AVE,374116.9662,5028559.349,-75.61469588,45.39354221,2016-12-23,18:36,01 - Clear,05 - Packed snow,10 - No control,01 - Non intersection,07 - Dark,03 - P.D. only,06 - SMV unattended vehicle,Hawthorne Meadows
8321,JOSEPH CYR ST @ LEMIEUX ST,372494.4466,5031752.452,-75.63497757,45.42243106,2016-05-01,18:28,01 - Clear,01 - Dry,02 - Stop sign,03 - At intersection,01 - Daylight,02 - Non-fatal injury,07 - SMV other,Cummings
8322,JOSEPH CYR ST @ LEMIEUX ST,372494.722,5031752.502,-75.63497405,45.42243148,2016-11-04,17:01,01 - Clear,01 - Dry,02 - Stop sign,03 - At intersection,05 - Dusk,03 - P.D. only,02 - Angle,Cummings
8323,JOSEPH CYR ST @ LEMIEUX ST,372494.3706,5031752.175,-75.63497858,45.42242857,2016-12-10,12:49,01 - Clear,01 - Dry,02 - Stop sign,02 - Intersection related,01 - Daylight,03 - P.D. only,99 - Other,Cummings
8324,JOSEPH DROUIN AVE btwn PARC DU VILLAGE ST & END,380908.3966,5037574.795,-75.52657531,45.47395118,2016-05-02,16:50,01 - Clear,01 - Dry,10 - No control,01 - Non intersection,01 - Daylight,03 - P.D. only,06 - SMV unattended vehicle,Industrial Park
8325,JOSHUA ST @ RENAUD RD,381156.3734,5032327.872,-75.52421859,45.42671646,2016-05-28,11:25,01 - Clear,01 - Dry,02 - Stop sign,02 - Intersection related,01 - Daylight,03 - P.D. only,02 - Angle,Chapel Hill South
8326,JOSHUA ST @ RENAUD RD,381157.0732,5032327.473,-75.52420971,45.4267128,2016-11-26,3:00,02 - Rain,02 - Wet,02 - Stop sign,02 - Intersection related,07 - Dark,03 - P.D. only,03 - Rear end,Chapel Hill South
8327,JOSHUA ST btwn LUCINDA CRES & LUCINDA CRES,381350.4752,5032223.887,-75.52175463,45.42575967,2016-02-08,7:00,01 - Clear,01 - Dry,10 - No control,04 - At/near private drive,03 - Dawn,03 - P.D. only,06 - SMV unattended vehicle,Chapel Hill South
8328,JULIAN AVE btwn WELLINGTON ST W & END,364699.8369,5029059.829,-75.7348974,45.39891429,2016-08-31,0:00,01 - Clear,01 - Dry,10 - No control,01 - Non intersection,00 - Unknown,03 - P.D. only,06 - SMV unattended vehicle,Island Park
8329,JUSTIN AVE btwn DUNLOE AVE & HEMLOCK RD,370515.566,5034769.785,-75.65985881,45.44976841,2016-03-11,7:41,01 - Clear,02 - Wet,10 - No control,01 - Non intersection,01 - Daylight,03 - P.D. only,03 - Rear end,Manor Park
8330,KAKULU RD @ CASTLEFRANK RD,352179.0191,5018498.705,-75.89582806,45.30484282,2016-01-08,17:18,01 - Clear,01 - Dry,01 - Traffic signal,02 - Intersection related,05 - Dusk,03 - P.D. only,03 - Rear end,Katimavik - Hazeldean
8331,KAKULU RD @ CASTLEFRANK RD,352180.5156,5018499.572,-75.8958089,45.30485053,2016-04-05,17:23,01 - Clear,01 - Dry,01 - Traffic signal,02 - Intersection related,01 - Daylight,03 - P.D. only,03 - Rear end,Katimavik - Hazeldean
8332,KAKULU RD @ CASTLEFRANK RD,352181.2312,5018499.31,-75.8957998,45.30484812,2016-12-29,23:19,01 - Clear,06 - Ice,01 - Traffic signal,02 - Intersection related,07 - Dark,03 - P.D. only,04 - Sideswipe,Katimavik - Hazeldean
8333,KAKULU RD @ PICKFORD DR E,353239.9622,5019049.127,-75.88224602,45.30972328,2016-01-20,7:50,01 - Clear,02 - Wet,02 - Stop sign,03 - At intersection,03 - Dawn,03 - P.D. only,02 - Angle,Katimavik - Hazeldean
8334,KAKULU RD btwn CASTLEFRANK RD & DRAINIE DR,352225.1235,5018504.279,-75.89523964,45.30488987,2016-07-14,12:45,02 - Rain,02 - Wet,10 - No control,01 - Non intersection,01 - Daylight,03 - P.D. only,03 - Rear end,Katimavik - Hazeldean
8335,KALADAR AVE btwn GREGG ST & BROOKFIELD RD,369704.4938,5026651.065,-75.67129599,45.37679497,2016-01-26,19:28,01 - Clear,02 - Wet,10 - No control,01 - Non intersection,07 - Dark,03 - P.D. only,06 - SMV unattended vehicle,Alta Vista
8336,KALADAR AVE btwn GREGG ST & BROOKFIELD RD,369733.6207,5026409.871,-75.67095585,45.37462209,2016-09-22,11:55,01 - Clear,01 - Dry,10 - No control,01 - Non intersection,01 - Daylight,03 - P.D. only,99 - Other,Alta Vista
8337,KALADAR AVE btwn HERON RD & GREGG ST,369688.9825,5026774.545,-75.6714778,45.37790745,2016-01-05,12:26,01 - Clear,02 - Wet,10 - No control,04 - At/near private drive,01 - Daylight,02 - Non-fatal injury,03 - Rear end,Alta Vista
8338,KANATA AVE @ EARL GREY DR,350950.926,5019284.242,-75.91141457,45.31199306,2016-08-12,16:08,01 - Clear,01 - Dry,01 - Traffic signal,02 - Intersection related,01 - Daylight,03 - P.D. only,03 - Rear end,Kanata
8339,KANATA AVE @ EARL GREY DR,350950.6357,5019285.7,-75.91141814,45.3120062,2016-03-22,18:45,02 - Rain,02 - Wet,01 - Traffic signal,02 - Intersection related,05 - Dusk,03 - P.D. only,03 - Rear end,Kanata
8340,KANATA AVE @ EARL GREY DR,350953.4105,5019284.242,-75.91138289,45.31199289,2016-12-17,11:46,03 - Snow,06 - Ice,01 - Traffic signal,02 - Intersection related,01 - Daylight,03 - P.D. only,03 - Rear end,Kanata
8341,KANATA AVE @ EARL GREY DR,350951.5347,5019284.436,-75.91140679,45.31199476,2016-11-25,16:40,02 - Rain,02 - Wet,01 - Traffic signal,03 - At intersection,05 - Dusk,03 - P.D. only,05 - Turning movement,Kanata
8342,KANATA AVE @ GOLDRIDGE DR/EVANSHEN PL,350287.2512,5019729.044,-75.91983747,45.31603881,2016-02-05,8:00,01 - Clear,01 - Dry,02 - Stop sign,02 - Intersection related,01 - Daylight,03 - P.D. only,03 - Rear end,Kanata Lakes - Marchwood Lakeside - Morgan's Grant - Kanata
8343,KANATA AVE @ HWY 417 CASTLEFR IC139R15,351714.8223,5019145.744,-75.90168587,45.3106962,2016-11-25,10:40,01 - Clear,04 - Slush,01 - Traffic signal,02 - Intersection related,01 - Daylight,03 - P.D. only,02 - Angle,Katimavik - Hazeldean
8344,KANATA AVE @ TERRY FOX DR,349305.6428,5019211.585,-75.93240315,45.31144547,2016-02-22,13:49,01 - Clear,01 - Dry,01 - Traffic signal,03 - At intersection,01 - Daylight,02 - Non-fatal injury,05 - Turning movement,Kanata Lakes - Marchwood Lakeside - Morgan's Grant - Kanata
8345,KANATA AVE @ TERRY FOX DR,349306.087,5019211.365,-75.93239751,45.31144346,2016-10-15,14:00,01 - Clear,01 - Dry,01 - Traffic signal,02 - Intersection related,01 - Daylight,02 - Non-fatal injury,02 - Angle,Kanata Lakes - Marchwood Lakeside - Morgan's Grant - Kanata
8346,KANATA AVE @ TERRY FOX DR,349314.838,5019207.735,-75.93228623,45.31141024,2016-09-11,16:35,01 - Clear,01 - Dry,01 - Traffic signal,03 - At intersection,01 - Daylight,02 - Non-fatal injury,05 - Turning movement,Kanata Lakes - Marchwood Lakeside - Morgan's Grant - Kanata
8347,KANATA AVE @ TERRY FOX DR,349307.5238,5019211.999,-75.93237913,45.31144907,2016-09-16,8:36,01 - Clear,01 - Dry,01 - Traffic signal,02 - Intersection related,01 - Daylight,03 - P.D. only,03 - Rear end,Kanata Lakes - Marchwood Lakeside - Morgan's Grant - Kanata
8348,KANATA AVE @ TERRY FOX DR,349306.6592,5019211.306,-75.93239021,45.31144289,2016-01-17,11:21,01 - Clear,02 - Wet,01 - Traffic signal,02 - Intersection related,01 - Daylight,03 - P.D. only,04 - Sideswipe,Kanata Lakes - Marchwood Lakeside - Morgan's Grant - Kanata
8349,KANATA AVE @ TERRY FOX DR,349305.648,5019211.804,-75.93240306,45.31144744,2016-06-29,15:52,02 - Rain,02 - Wet,01 - Traffic signal,02 - Intersection related,01 - Daylight,03 - P.D. only,03 - Rear end,Kanata Lakes - Marchwood Lakeside - Morgan's Grant - Kanata
8350,KANATA AVE @ TERRY FOX DR,349305.2089,5019210.926,-75.93240874,45.31143957,2016-11-30,18:06,02 - Rain,02 - Wet,01 - Traffic signal,03 - At intersection,07 - Dark,03 - P.D. only,05 - Turning movement,Kanata Lakes - Marchwood Lakeside - Morgan's Grant - Kanata
8351,KANATA AVE @ TERRY FOX DR,349305.8675,5019211.999,-75.93240025,45.31144918,2016-12-12,14:16,03 - Snow,03 - Loose snow,01 - Traffic signal,02 - Intersection related,01 - Daylight,03 - P.D. only,07 - SMV other,Kanata Lakes - Marchwood Lakeside - Morgan's Grant - Kanata
8352,KANATA AVE @ TERRY FOX DR,349306.6957,5019213.655,-75.93238954,45.31146403,2016-10-27,16:44,03 - Snow,02 - Wet,01 - Traffic signal,02 - Intersection related,05 - Dusk,03 - P.D. only,07 - SMV other,Kanata Lakes - Marchwood Lakeside - Morgan's Grant - Kanata
8353,KANATA AVE btwn CAMPEAU DR & EARL GREY DR,350929.7173,5019282.401,-75.91168522,45.31197788,2016-12-05,12:45,03 - Snow,03 - Loose snow,10 - No control,01 - Non intersection,01 - Daylight,03 - P.D. only,03 - Rear end,Kanata
8354,KANATA AVE btwn HWY417 IC139 RAMP15 & AIRD PL,351751.8721,5019117.288,-75.90121609,45.31043767,2016-09-02,11:17,01 - Clear,01 - Dry,10 - No control,01 - Non intersection,01 - Daylight,03 - P.D. only,03 - Rear end,Katimavik - Hazeldean
8355,KANATA AVE btwn MARITIME WAY & HWY417 IC139 RAMP61,351609.1982,5019229.343,-75.90302495,45.31145549,2016-05-13,18:09,01 - Clear,01 - Dry,10 - No control,01 - Non intersection,01 - Daylight,02 - Non-fatal injury,03 - Rear end,Kanata
8356,KANATA AVE/CASTLEFRANK RD @ AIRD PL,351811.3351,5019070.524,-75.90046223,45.3100129,2016-09-10,11:20,01 - Clear,01 - Dry,01 - Traffic signal,02 - Intersection related,01 - Daylight,03 - P.D. only,03 - Rear end,Katimavik - Hazeldean
8357,KANATA AVE/CASTLEFRANK RD @ AIRD PL,351811.1951,5019070.112,-75.90046405,45.3100092,2016-01-21,13:09,01 - Clear,01 - Dry,01 - Traffic signal,03 - At intersection,01 - Daylight,03 - P.D. only,03 - Rear end,Katimavik - Hazeldean
8358,KANATA AVE/CASTLEFRANK RD @ AIRD PL,351811.5196,5019069.992,-75.90045993,45.3100081,2016-04-05,16:19,01 - Clear,01 - Dry,01 - Traffic signal,02 - Intersection related,01 - Daylight,03 - P.D. only,03 - Rear end,Katimavik - Hazeldean
8359,KANATA RD @ LORD BYNG WAY/MARITIME WAY,351430.5934,5019331.192,-75.90529305,45.31238384,2016-09-22,9:19,01 - Clear,01 - Dry,01 - Traffic signal,03 - At intersection,01 - Daylight,02 - Non-fatal injury,07 - SMV other,Kanata
8360,KANATA RD @ LORD BYNG WAY/MARITIME WAY,351431.3252,5019333.249,-75.90528352,45.3124023,2016-12-14,18:33,01 - Clear,02 - Wet,01 - Traffic signal,02 - Intersection related,07 - Dark,02 - Non-fatal injury,03 - Rear end,Kanata
8361,KANATA RD @ LORD BYNG WAY/MARITIME WAY,351429.4539,5019331.652,-75.90530754,45.31238805,2016-02-25,21:40,01 - Clear,06 - Ice,01 - Traffic signal,02 - Intersection related,07 - Dark,03 - P.D. only,03 - Rear end,Kanata
8362,KANATA RD @ LORD BYNG WAY/MARITIME WAY,351429.3154,5019331.529,-75.90530932,45.31238695,2016-02-25,20:00,04 - Freezing Rain,06 - Ice,01 - Traffic signal,02 - Intersection related,07 - Dark,03 - P.D. only,04 - Sideswipe,Kanata
8363,KANATA RD @ LORD BYNG WAY/MARITIME WAY,351428.8055,5019330.962,-75.90531587,45.31238189,2016-02-19,11:45,01 - Clear,01 - Dry,01 - Traffic signal,02 - Intersection related,01 - Daylight,03 - P.D. only,03 - Rear end,Kanata
8364,KANATA RD @ LORD BYNG WAY/MARITIME WAY,351429.7191,5019331.772,-75.90530415,45.31238911,2016-09-13,13:52,01 - Clear,01 - Dry,01 - Traffic signal,02 - Intersection related,01 - Daylight,03 - P.D. only,07 - SMV other,Kanata
8365,KANATA RD @ LORD BYNG WAY/MARITIME WAY,351429.8919,5019331.894,-75.90530193,45.3123902,2016-10-02,13:52,02 - Rain,02 - Wet,01 - Traffic signal,03 - At intersection,01 - Daylight,03 - P.D. only,02 - Angle,Kanata
8366,KARSH DR @ FARDON WAY/TOPLEY CRES E,374093.6409,5026247.865,-75.61531821,45.37274684,2016-07-27,11:12,01 - Clear,01 - Dry,02 - Stop sign,03 - At intersection,01 - Daylight,03 - P.D. only,05 - Turning movement,Hunt Club
8367,KARSH DR btwn LORRY GREENBERG DR & WALLACK PRIV,373683.8501,5025963.467,-75.62058911,45.37022835,2016-09-03,0:00,01 - Clear,01 - Dry,10 - No control,01 - Non intersection,00 - Unknown,03 - P.D. only,06 - SMV unattended vehicle,Hunt Club
8368,KATIMAVIK RD @ AIRD PL/CHIMO DR W,352170.1018,5019158.16,-75.89587874,45.31077736,2016-05-30,16:59,01 - Clear,01 - Dry,01 - Traffic signal,02 - Intersection related,01 - Daylight,03 - P.D. only,03 - Rear end,Katimavik - Hazeldean
8369,KATIMAVIK RD @ CHIMO DR E/HEARST WAY,352959.6219,5019608.401,-75.88576663,45.31477502,2016-10-08,19:34,01 - Clear,01 - Dry,01 - Traffic signal,02 - Intersection related,07 - Dark,02 - Non-fatal injury,03 - Rear end,Katimavik - Hazeldean
8370,KATIMAVIK RD @ CHIMO DR E/HEARST WAY,352960.2878,5019610.249,-75.88575795,45.31479161,2016-02-25,7:59,02 - Rain,02 - Wet,01 - Traffic signal,02 - Intersection related,01 - Daylight,03 - P.D. only,03 - Rear end,Katimavik - Hazeldean
8371,KATIMAVIK RD @ CHIMO DR E/HEARST WAY,352958.7937,5019612.541,-75.88577679,45.31481233,2016-11-08,8:51,01 - Clear,01 - Dry,01 - Traffic signal,02 - Intersection related,01 - Daylight,03 - P.D. only,07 - SMV other,Katimavik - Hazeldean
8372,KATIMAVIK RD @ CHIMO DR E/HEARST WAY,352961.2782,5019609.229,-75.88574542,45.31478236,2016-12-13,14:30,01 - Clear,02 - Wet,01 - Traffic signal,02 - Intersection related,01 - Daylight,03 - P.D. only,03 - Rear end,Katimavik - Hazeldean
8373,KATIMAVIK RD @ CURRAN ST/DAVIS AVE,351460.9483,5018494.675,-75.9049847,45.30485463,2016-01-22,20:39,01 - Clear,01 - Dry,02 - Stop sign,02 - Intersection related,07 - Dark,03 - P.D. only,03 - Rear end,Katimavik - Hazeldean
8374,KATIMAVIK RD @ WHITNEY DR,352356.0154,5019381.264,-75.89348646,45.31277233,2016-08-19,6:28,01 - Clear,01 - Dry,01 - Traffic signal,02 - Intersection related,01 - Daylight,03 - P.D. only,03 - Rear end,Katimavik - Hazeldean
8375,KATIMAVIK RD btwn DAVIS AVE & MCGIBBON DR,351606.5044,5018631.183,-75.90311579,45.30607328,2016-09-06,16:53,01 - Clear,01 - Dry,10 - No control,01 - Non intersection,01 - Daylight,03 - P.D. only,99 - Other,Katimavik - Hazeldean
8376,KATIMAVIK RD btwn MCGIBBON DR & CASTLEFRANK RD,351913.1858,5018909.147,-75.89917873,45.30855396,2016-09-08,12:52,01 - Clear,02 - Wet,10 - No control,01 - Non intersection,01 - Daylight,03 - P.D. only,03 - Rear end,Katimavik - Hazeldean
8377,KATIMAVIK RD btwn PALLADIUM DR & DAVIS AVE,351301.188,5018226.91,-75.90704695,45.3024558,2016-11-06,12:53,01 - Clear,01 - Dry,10 - No control,01 - Non intersection,01 - Daylight,02 - Non-fatal injury,03 - Rear end,Katimavik - Hazeldean
8378,KAYMAR DR btwn DELONG DR & QUINCY AVE,374136.2975,5036213.193,-75.61337146,45.46240554,2016-07-14,12:52,02 - Rain,02 - Wet,10 - No control,01 - Non intersection,01 - Daylight,03 - P.D. only,07 - SMV other,Gloucester
8379,KEITH CRES btwn JODI CRT & AMELIA PL,381436.2206,5032115.127,-75.52067596,45.42477174,2016-02-07,22:42,01 - Clear,01 - Dry,10 - No control,04 - At/near private drive,07 - Dark,03 - P.D. only,06 - SMV unattended vehicle,Chapel Hill South
8380,KELLY AVE @ PINECREST RD,360276.0262,5023953.926,-75.79197195,45.35333618,2016-10-10,19:29,01 - Clear,01 - Dry,02 - Stop sign,02 - Intersection related,07 - Dark,03 - P.D. only,03 - Rear end,Whitehaven - Queensway Terrace North
8381,KELLY FARM DR btwn Continuation of KELLY FARM DR & CRESTON VALLEY WAY,374756.3351,5020204.152,-75.6077133,45.31830217,2016-11-23,20:37,01 - Clear,01 - Dry,10 - No control,01 - Non intersection,07 - Dark,03 - P.D. only,06 - SMV unattended vehicle,Greenbelt
8382,KELLY FARM DR btwn CRESTON VALLEY WAY & BRADWELL WAY,374981.991,5020202.063,-75.60483572,45.31826086,2016-12-13,15:07,03 - Snow,03 - Loose snow,10 - No control,04 - At/near private drive,01 - Daylight,03 - P.D. only,06 - SMV unattended vehicle,Greenbelt
8383,KEMPSTER AVE btwn WALTER ST & CARLING AVE,359201.3674,5024140.818,-75.805666,45.35510203,2016-03-29,23:59,01 - Clear,01 - Dry,10 - No control,01 - Non intersection,07 - Dark,03 - P.D. only,04 - Sideswipe,Bayshore
8384,KENNEVALE DR btwn BOURNE ST & CONSTABLE ST,362442.4807,5014748.059,-75.76539516,45.27032714,2016-03-19,21:30,01 - Clear,01 - Dry,10 - No control,01 - Non intersection,07 - Dark,03 - P.D. only,06 - SMV unattended vehicle,Barrhaven West - Old Barrhaven
8385,KENNEVALE DR btwn PICKWICK DR & WHEELER ST,362339.3948,5014529.526,-75.76673412,45.2683692,2016-07-23,12:15,01 - Clear,01 - Dry,10 - No control,04 - At/near private drive,01 - Daylight,03 - P.D. only,02 - Angle,Barrhaven West - Old Barrhaven
8386,KENSINGTON AVE btwn BYRON AVE & WESLEY AVE,364120.0268,5028489.879,-75.74237121,45.39383536,2016-07-07,14:00,01 - Clear,01 - Dry,10 - No control,04 - At/near private drive,01 - Daylight,03 - P.D. only,06 - SMV unattended vehicle,Westboro
8387,KENSINGTON AVE btwn BYRON AVE & WESLEY AVE,364104.8284,5028521.546,-75.7425615,45.39412158,2016-11-04,8:34,01 - Clear,01 - Dry,10 - No control,01 - Non intersection,01 - Daylight,03 - P.D. only,06 - SMV unattended vehicle,Westboro
8388,KENT ST @ FLORENCE ST,367703.0057,5030527.501,-75.69635429,45.41185659,2016-04-19,9:06,01 - Clear,01 - Dry,02 - Stop sign,02 - Intersection related,01 - Daylight,03 - P.D. only,04 - Sideswipe,Centretown
8389,KENT ST @ LAURIER AVE,367316.699,5031164.818,-75.7012084,45.41762559,2016-05-26,9:11,01 - Clear,01 - Dry,01 - Traffic signal,03 - At intersection,01 - Daylight,02 - Non-fatal injury,03 - Rear end,Downtown
8390,KENT ST @ LAURIER AVE,367316.0226,5031163.461,-75.70121721,45.41761344,2016-05-31,7:20,01 - Clear,01 - Dry,01 - Traffic signal,03 - At intersection,01 - Daylight,02 - Non-fatal injury,05 - Turning movement,Downtown
8391,KENT ST @ LAURIER AVE,367316.9185,5031165.686,-75.70120549,45.41763338,2016-11-14,21:43,01 - Clear,01 - Dry,01 - Traffic signal,03 - At intersection,07 - Dark,02 - Non-fatal injury,05 - Turning movement,Downtown
8392,KENT ST @ LAURIER AVE,367316.4717,5031165.043,-75.70121128,45.41762763,2016-08-08,13:22,01 - Clear,01 - Dry,01 - Traffic signal,02 - Intersection related,01 - Daylight,03 - P.D. only,04 - Sideswipe,Downtown
8393,KENT ST @ LAURIER AVE,367316.4717,5031165.498,-75.70121122,45.41763173,2016-07-16,1:30,01 - Clear,02 - Wet,01 - Traffic signal,02 - Intersection related,07 - Dark,03 - P.D. only,04 - Sideswipe,Downtown
8394,KENT ST @ LISGAR ST,367437.9213,5030963.35,-75.69968527,45.415802,2016-03-27,0:05,01 - Clear,01 - Dry,02 - Stop sign,02 - Intersection related,07 - Dark,03 - P.D. only,05 - Turning movement,Centretown
8395,KENT ST @ NEPEAN ST,367398.4842,5031029.356,-75.70018072,45.41639943,2016-06-05,10:05,02 - Rain,02 - Wet,01 - Traffic signal,03 - At intersection,01 - Daylight,03 - P.D. only,02 - Angle,Centretown
8396,KENT ST @ QUEEN ST,367179.4689,5031387.256,-75.70293349,45.41963927,2016-05-12,14:25,01 - Clear,01 - Dry,01 - Traffic signal,03 - At intersection,01 - Daylight,03 - P.D. only,05 - Turning movement,Downtown
8397,KENT ST @ SLATER ST,367261.0415,5031252.809,-75.70190833,45.41842228,2016-03-12,21:45,01 - Clear,01 - Dry,01 - Traffic signal,02 - Intersection related,07 - Dark,02 - Non-fatal injury,04 - Sideswipe,Downtown
8398,KENT ST @ SLATER ST,367261.0332,5031253.037,-75.7019084,45.41842433,2016-04-28,14:03,01 - Clear,01 - Dry,01 - Traffic signal,02 - Intersection related,01 - Daylight,02 - Non-fatal injury,03 - Rear end,Downtown
8399,KENT ST @ SLATER ST,367263.0407,5031253.254,-75.70188273,45.4184261,2016-06-10,11:01,01 - Clear,01 - Dry,01 - Traffic signal,03 - At intersection,01 - Daylight,02 - Non-fatal injury,07 - SMV other,Downtown
8400,KENT ST @ SLATER ST,367262.5356,5031253.001,-75.70188921,45.41842387,2016-10-14,8:31,01 - Clear,01 - Dry,01 - Traffic signal,03 - At intersection,01 - Daylight,02 - Non-fatal injury,07 - SMV other,Downtown
8401,KENT ST @ SLATER ST,367264.1919,5031252.173,-75.70186816,45.41841627,2016-12-13,8:10,01 - Clear,01 - Dry,01 - Traffic signal,03 - At intersection,01 - Daylight,02 - Non-fatal injury,07 - SMV other,Downtown
8402,KENT ST @ SLATER ST,367260.0511,5031252.173,-75.70192106,45.41841664,2016-08-23,8:06,01 - Clear,01 - Dry,01 - Traffic signal,02 - Intersection related,01 - Daylight,03 - P.D. only,03 - Rear end,Downtown
8403,KENT ST @ SLATER ST,367260.8792,5031252.173,-75.70191048,45.41841657,2016-07-09,22:04,01 - Clear,01 - Dry,01 - Traffic signal,02 - Intersection related,07 - Dark,03 - P.D. only,03 - Rear end,Downtown
8404,KENT ST @ SLATER ST,367260.8792,5031252.173,-75.70191048,45.41841657,2016-12-15,6:38,01 - Clear,04 - Slush,01 - Traffic signal,02 - Intersection related,07 - Dark,03 - P.D. only,07 - SMV other,Downtown
8405,KENT ST @ SOMERSET ST,367527.4517,5030817.441,-75.69856004,45.41448114,2016-01-09,15:55,02 - Rain,02 - Wet,01 - Traffic signal,03 - At intersection,01 - Daylight,02 - Non-fatal injury,07 - SMV other,Centretown
8406,KENT ST @ SOMERSET ST,367528.2021,5030817.441,-75.69855045,45.41448107,2016-02-03,17:37,01 - Clear,02 - Wet,01 - Traffic signal,03 - At intersection,07 - Dark,02 - Non-fatal injury,07 - SMV other,Centretown
8407,KENT ST @ SOMERSET ST,367527.8235,5030816.238,-75.69855544,45.41447028,2016-04-27,14:11,01 - Clear,01 - Dry,01 - Traffic signal,03 - At intersection,01 - Daylight,02 - Non-fatal injury,05 - Turning movement,Centretown
8408,KENT ST @ SOMERSET ST,367526.9285,5030816.474,-75.69856685,45.41447248,2016-07-10,18:52,01 - Clear,01 - Dry,01 - Traffic signal,03 - At intersection,01 - Daylight,03 - P.D. only,02 - Angle,Centretown
8409,KENT ST @ WELLINGTON ST,367097.4705,5031526.574,-75.70396353,45.42090011,2016-07-25,7:30,02 - Rain,02 - Wet,01 - Traffic signal,03 - At intersection,01 - Daylight,02 - Non-fatal injury,05 - Turning movement,Downtown
8410,KENT ST @ WELLINGTON ST,367097.016,5031526.574,-75.70396933,45.42090015,2016-07-26,16:57,01 - Clear,01 - Dry,01 - Traffic signal,02 - Intersection related,01 - Daylight,02 - Non-fatal injury,04 - Sideswipe,Downtown
8411,KENT ST @ WELLINGTON ST,367096.6269,5031527.377,-75.7039742,45.42090741,2016-06-09,15:31,01 - Clear,01 - Dry,01 - Traffic signal,02 - Intersection related,01 - Daylight,03 - P.D. only,03 - Rear end,Downtown
8412,KENT ST @ WELLINGTON ST,367097.016,5031526.574,-75.70396933,45.42090015,2016-07-02,11:08,01 - Clear,01 - Dry,01 - Traffic signal,02 - Intersection related,01 - Daylight,03 - P.D. only,04 - Sideswipe,Downtown
8413,KENT ST btwn ALBERT ST & SLATER ST,367241.2903,5031286.177,-75.70215644,45.41872427,2016-10-06,9:34,01 - Clear,01 - Dry,10 - No control,01 - Non intersection,01 - Daylight,03 - P.D. only,04 - Sideswipe,Downtown
8414,KENT ST btwn ALBERT ST & SLATER ST,367255.6195,5031262.734,-75.70197634,45.41851206,2016-05-11,14:17,01 - Clear,01 - Dry,10 - No control,01 - Non intersection,01 - Daylight,03 - P.D. only,04 - Sideswipe,Downtown
8415,KENT ST btwn COOPER ST & SOMERSET ST W,367511.1139,5030842.568,-75.69876556,45.41470869,2016-09-17,14:37,01 - Clear,02 - Wet,10 - No control,04 - At/near private drive,01 - Daylight,03 - P.D. only,07 - SMV other,Centretown
8416,KENT ST btwn COOPER ST & SOMERSET ST W,367490.112,5030876.767,-75.69902952,45.41501828,2016-04-16,8:42,01 - Clear,01 - Dry,10 - No control,04 - At/near private drive,01 - Daylight,03 - P.D. only,07 - SMV other,Centretown
8417,KENT ST btwn GLADSTONE AVE & MCLEOD ST,367755.4616,5030441.349,-75.69569519,45.4110767,2016-01-30,13:30,01 - Clear,01 - Dry,10 - No control,01 - Non intersection,01 - Daylight,03 - P.D. only,04 - Sideswipe,Centretown
8418,KENT ST btwn JAMES ST & FLORENCE ST,367683.2921,5030560.565,-75.69660191,45.41215586,2016-07-13,16:42,01 - Clear,01 - Dry,10 - No control,01 - Non intersection,01 - Daylight,02 - Non-fatal injury,03 - Rear end,Centretown
8419,KENT ST btwn LAURIER AVE W & GLOUCESTER ST,367324.1524,5031152.58,-75.70111473,45.41751481,2016-12-16,19:34,01 - Clear,01 - Dry,10 - No control,01 - Non intersection,07 - Dark,03 - P.D. only,02 - Angle,Downtown
8420,KENT ST btwn MACLAREN ST & GILMOUR ST,367577.8963,5030732.421,-75.69792643,45.41371163,2016-06-17,14:04,01 - Clear,01 - Dry,10 - No control,01 - Non intersection,01 - Daylight,03 - P.D. only,03 - Rear end,Centretown
8421,KENT ST btwn MCLEOD ST & FLORA ST,367796.8685,5030374.11,-75.69517483,45.41046798,2016-02-18,6:55,01 - Clear,06 - Ice,10 - No control,01 - Non intersection,03 - Dawn,03 - P.D. only,07 - SMV other,Centretown
8422,KENT ST btwn MCLEOD ST & FLORA ST,367790.0173,5030384.353,-75.69526104,45.41056076,2016-12-11,0:00,03 - Snow,03 - Loose snow,10 - No control,01 - Non intersection,00 - Unknown,03 - P.D. only,06 - SMV unattended vehicle,Centretown
8423,KENT ST btwn QUEEN ST & ALBERT ST,367189.1346,5031370.115,-75.70281217,45.41948417,2016-05-24,19:50,01 - Clear,01 - Dry,10 - No control,01 - Non intersection,01 - Daylight,03 - P.D. only,04 - Sideswipe,Downtown
8424,KENT ST btwn QUEEN ST & ALBERT ST,367187.649,5031374.762,-75.70283056,45.41952612,2016-07-14,9:42,02 - Rain,02 - Wet,10 - No control,01 - Non intersection,01 - Daylight,03 - P.D. only,99 - Other,Downtown
8425,KENT ST btwn WELLINGTON ST & SPARKS ST,367123.225,5031483.732,-75.70363989,45.42051234,2016-03-02,16:38,01 - Clear,06 - Ice,10 - No control,01 - Non intersection,01 - Daylight,03 - P.D. only,07 - SMV other,Downtown