Record,Location,X,Y,lon,lat,Date,Time,Environment,Road_Surface,Traffic_Control,Collision_Location,Light,Collision_Classification,Impact_type,Neighborhood
8426,KENT ST btwn WELLINGTON ST & SPARKS ST,367127.8342,5031474.517,-75.70358216,45.42042901,2016-06-03,17:21,01 - Clear,01 - Dry,10 - No control,01 - Non intersection,01 - Daylight,03 - P.D. only,06 - SMV unattended vehicle,Downtown
8427,KENT ST btwn WELLINGTON ST & SPARKS ST,367111.9678,5031503.961,-75.70378116,45.42069536,2016-11-24,18:30,01 - Clear,01 - Dry,10 - No control,04 - At/near private drive,07 - Dark,03 - P.D. only,05 - Turning movement,Downtown
8428,KEPPLER CRES btwn LAMBERT DR & CANFIELD RD,360631.2019,5021387.295,-75.78772893,45.33021348,2016-12-05,18:00,01 - Clear,05 - Packed snow,10 - No control,04 - At/near private drive,07 - Dark,03 - P.D. only,06 - SMV unattended vehicle,Sheahan Estates - Trend Village - Arlington Woods
8429,KERWIN RD btwn MOWBRAY ST & FIFTH LINE RD,346960.5433,5027787.745,-75.96157851,45.38876082,2016-01-20,7:02,01 - Clear,01 - Dry,10 - No control,01 - Non intersection,03 - Dawn,03 - P.D. only,07 - SMV other,Carp - Hardwood Plains
8430,KEYROCK DR @ KATNICK WAY,349172.1158,5020424.878,-75.9339973,45.32237147,2016-11-21,13:24,05 - Drifting Snow,05 - Packed snow,10 - No control,02 - Intersection related,01 - Daylight,03 - P.D. only,07 - SMV other,Kanata Lakes - Marchwood Lakeside - Morgan's Grant - Kanata
8431,KEYROCK DR btwn AKENHEAD CRES & TORBEC AVE,349325.79,5020116.517,-75.93206488,45.31958703,2016-12-16,8:52,01 - Clear,01 - Dry,10 - No control,01 - Non intersection,01 - Daylight,03 - P.D. only,03 - Rear end,Kanata Lakes - Marchwood Lakeside - Morgan's Grant - Kanata
8432,KEYROCK DR btwn BRUNSKILL WAY & FLETCHER CIRC,349570.7397,5020246.399,-75.92892892,45.32074016,2016-12-12,6:03,03 - Snow,03 - Loose snow,10 - No control,01 - Non intersection,07 - Dark,02 - Non-fatal injury,07 - SMV other,Kanata Lakes - Marchwood Lakeside - Morgan's Grant - Kanata
8433,KEYROCK DR btwn LAUGHLIN CIRC & LAUGHLIN CIRC,349132.1207,5020373.925,-75.93451201,45.32191551,2016-03-13,13:23,01 - Clear,01 - Dry,10 - No control,01 - Non intersection,01 - Daylight,03 - P.D. only,06 - SMV unattended vehicle,Kanata Lakes - Marchwood Lakeside - Morgan's Grant - Kanata
8434,KEYWORTH AVE btwn PONTIAC ST & CLEARVIEW AVE,363729.8495,5029662.193,-75.74721402,45.40441657,2016-02-18,10:03,01 - Clear,05 - Packed snow,10 - No control,04 - At/near private drive,01 - Daylight,03 - P.D. only,06 - SMV unattended vehicle,Champlain Park
8435,KILBIRNIE DR btwn BLACKLEAF DR & CAIRNSMORE CIRC,365377.1336,5012720.856,-75.72824599,45.25183971,2016-10-19,11:45,01 - Clear,01 - Dry,10 - No control,04 - At/near private drive,01 - Daylight,03 - P.D. only,99 - Other,New Barrhaven
8436,KILBIRNIE DR btwn CAIRNSMORE CIRC & DUNDONALD DR,365535.2291,5012371.459,-75.72627472,45.24868221,2016-05-26,13:26,01 - Clear,01 - Dry,10 - No control,04 - At/near private drive,01 - Daylight,03 - P.D. only,02 - Angle,New Barrhaven
8437,KILBIRNIE DR btwn GREENBANK RD & KILMARNOCK WAY,365289.1612,5011659.072,-75.72949584,45.24229333,2016-06-14,10:27,01 - Clear,01 - Dry,10 - No control,01 - Non intersection,01 - Daylight,03 - P.D. only,06 - SMV unattended vehicle,New Barrhaven
8438,KILBORN AVE btwn BANK ST & ROONEY'S LANE,369724.4023,5027517.878,-75.67092784,45.38459244,2016-01-13,15:58,01 - Clear,02 - Wet,10 - No control,01 - Non intersection,01 - Daylight,03 - P.D. only,99 - Other,Alta Vista
8439,KILBORN AVE btwn BEAUMONT RD & DELMAR DR,371985.8182,5027931.352,-75.64199691,45.38809946,2016-06-01,18:58,01 - Clear,01 - Dry,10 - No control,04 - At/near private drive,01 - Daylight,03 - P.D. only,06 - SMV unattended vehicle,Playfair Park - Lynda Park - Guildwood Estates
8440,KILBORN AVE btwn OLD LILAC LANE & CROCUS AVE,370254.9545,5027738.296,-75.66412428,45.38652631,2016-12-12,9:12,05 - Drifting Snow,03 - Loose snow,10 - No control,01 - Non intersection,01 - Daylight,03 - P.D. only,06 - SMV unattended vehicle,Alta Vista
8441,KILBORN PL btwn KILBORN AVE & END,369722.4012,5027684.169,-75.67093152,45.38608885,2016-05-02,11:48,01 - Clear,01 - Dry,10 - No control,04 - At/near private drive,01 - Daylight,03 - P.D. only,02 - Angle,Alta Vista
8442,KILSPINDIE RIDGE btwn FERGUSLEA LANE & LOCHHOUSE WALK,366436.7173,5012781.395,-75.71474062,45.25229243,2016-07-07,14:17,01 - Clear,01 - Dry,10 - No control,01 - Non intersection,01 - Daylight,03 - P.D. only,06 - SMV unattended vehicle,New Barrhaven
8443,KIMBERLEY RD btwn RICHMOND RD & VIRGIL RD,357761.2634,5020533.848,-75.82443107,45.32275654,2016-08-28,12:10,01 - Clear,01 - Dry,10 - No control,04 - At/near private drive,01 - Daylight,03 - P.D. only,02 - Angle,Bells Corners East
8444,KIMBERLEY RD btwn RICHMOND RD & VIRGIL RD,357685.3063,5020514.608,-75.82540196,45.32258914,2016-02-02,11:57,01 - Clear,01 - Dry,10 - No control,01 - Non intersection,01 - Daylight,03 - P.D. only,01 - Approaching,Bells Corners East
8445,KIMBERWICK CRES S @ RIVERSIDE DR,368147.0316,5022532.523,-75.69170756,45.33987986,2016-01-18,9:35,01 - Clear,03 - Loose snow,02 - Stop sign,02 - Intersection related,01 - Daylight,03 - P.D. only,03 - Rear end,Hunt Club Woods - Quintarra - Revelstoke - Riverside South P
8446,KINBURN SIDE RD @ STONECREST RD,334899.7956,5033078.272,-76.11527594,45.43698913,2016-02-05,8:33,01 - Clear,01 - Dry,02 - Stop sign,03 - At intersection,01 - Daylight,03 - P.D. only,02 - Angle,Car
8447,KINBURN SIDE RD @ UPPER DWYER HILL RD,325038.4303,5024357.148,-76.24167636,45.35886704,2016-02-19,8:32,01 - Clear,01 - Dry,02 - Stop sign,03 - At intersection,01 - Daylight,02 - Non-fatal injury,02 - Angle,Mississipp
8448,KINBURN SIDE RD btwn BECKS RD & STONECREST RD,334497.5092,5032688.821,-76.12044119,45.43350192,2016-12-06,21:07,01 - Clear,01 - Dry,10 - No control,01 - Non intersection,07 - Dark,03 - P.D. only,07 - SMV other,Car
8449,KINBURN SIDE RD btwn CARP RD & LIMESTONE RD,332842.241,5031272.398,-76.14167711,45.42082475,2016-01-24,14:25,01 - Clear,01 - Dry,10 - No control,01 - Non intersection,01 - Daylight,03 - P.D. only,07 - SMV other,Car
8450,KINBURN SIDE RD btwn DOMINION SPRINGS RD & UPPER DWYER HILL RD,324890.0212,5024222.591,-76.24357611,45.35766049,2016-08-08,18:22,01 - Clear,01 - Dry,10 - No control,01 - Non intersection,01 - Daylight,03 - P.D. only,07 - SMV other,Mississipp
8451,KINBURN SIDE RD btwn DONALD B. MUNRO DR & MARY ST,328952.5781,5027826.762,-76.19154711,45.38996446,2016-11-06,17:25,01 - Clear,01 - Dry,10 - No control,04 - At/near private drive,07 - Dark,02 - Non-fatal injury,03 - Rear end,Kinburn
8452,KINBURN SIDE RD btwn FARMVIEW RD & MOHRS RD,328108.8603,5027068.19,-76.20235791,45.38316704,2016-02-24,6:53,03 - Snow,03 - Loose snow,10 - No control,01 - Non intersection,03 - Dawn,02 - Non-fatal injury,07 - SMV other,Kinburn
8453,KINBURN SIDE RD btwn TIMMINS RD & DOMINION SPRINGS RD,323024.1277,5022557.239,-76.26745306,45.34272564,2016-08-23,7:37,01 - Clear,01 - Dry,10 - No control,01 - Non intersection,01 - Daylight,03 - P.D. only,07 - SMV other,Mississipp
8454,KINBURN SIDE RD btwn TIMMINS RD & DOMINION SPRINGS RD,323122.9461,5022639.19,-76.26618908,45.34346051,2016-11-22,1:47,03 - Snow,05 - Packed snow,10 - No control,01 - Non intersection,07 - Dark,03 - P.D. only,07 - SMV other,Mississipp
8455,KINBURN SIDE RD btwn WOODKILTON RD & DUNROBIN RD,337520.8575,5035487.637,-76.08161515,45.45855152,2016-05-21,1:36,01 - Clear,01 - Dry,10 - No control,01 - Non intersection,07 - Dark,01 - Fatal injury,07 - SMV other,Woodlawn
8456,KING EDWARD AVE @ GEORGE ST,368462.6986,5032481.928,-75.68639693,45.42937315,2016-02-01,14:44,01 - Clear,01 - Dry,02 - Stop sign,02 - Intersection related,01 - Daylight,02 - Non-fatal injury,03 - Rear end,Byward Market
8457,KING EDWARD AVE @ GEORGE ST,368462.7082,5032481.586,-75.68639685,45.42937007,2016-10-26,16:35,01 - Clear,01 - Dry,02 - Stop sign,02 - Intersection related,01 - Daylight,03 - P.D. only,03 - Rear end,Byward Market
8458,KING EDWARD AVE @ GEORGE ST,368463.3841,5032481.82,-75.68638818,45.42937211,2016-03-03,20:41,01 - Clear,02 - Wet,02 - Stop sign,02 - Intersection related,07 - Dark,03 - P.D. only,04 - Sideswipe,Byward Market
8459,KING EDWARD AVE @ GEORGE ST,368463.5404,5032480.353,-75.68638637,45.4293589,2016-07-16,7:27,01 - Clear,01 - Dry,02 - Stop sign,02 - Intersection related,01 - Daylight,03 - P.D. only,03 - Rear end,Byward Market
8460,KING EDWARD AVE @ LAURIER AVE,368739.4852,5032034.805,-75.68291803,45.42532485,2016-02-22,22:28,01 - Clear,01 - Dry,01 - Traffic signal,03 - At intersection,07 - Dark,02 - Non-fatal injury,05 - Turning movement,Sandy Hill
8461,KING EDWARD AVE @ LAURIER AVE,368739.9267,5032033.924,-75.6829125,45.42531688,2016-08-25,13:55,01 - Clear,01 - Dry,01 - Traffic signal,02 - Intersection related,01 - Daylight,02 - Non-fatal injury,07 - SMV other,Sandy Hill
8462,KING EDWARD AVE @ LAURIER AVE,368738.0509,5032034.169,-75.68293644,45.42531926,2016-11-20,2:00,02 - Rain,02 - Wet,01 - Traffic signal,03 - At intersection,07 - Dark,02 - Non-fatal injury,07 - SMV other,Sandy Hill
8463,KING EDWARD AVE @ LAURIER AVE,368737.2227,5032034.997,-75.68294691,45.42532678,2016-10-22,20:49,01 - Clear,01 - Dry,01 - Traffic signal,03 - At intersection,07 - Dark,02 - Non-fatal injury,07 - SMV other,Sandy Hill
8464,KING EDWARD AVE @ LAURIER AVE,368741.0405,5032035.249,-75.6828981,45.4253287,2016-12-06,9:09,01 - Clear,01 - Dry,01 - Traffic signal,03 - At intersection,01 - Daylight,02 - Non-fatal injury,07 - SMV other,Sandy Hill
8465,KING EDWARD AVE @ LAURIER AVE,368740.3806,5032034.358,-75.68290665,45.42532074,2016-05-05,8:25,01 - Clear,01 - Dry,01 - Traffic signal,03 - At intersection,01 - Daylight,03 - P.D. only,02 - Angle,Sandy Hill
8466,KING EDWARD AVE @ LAURIER AVE,368739.4799,5032034.128,-75.68291819,45.42531876,2016-07-26,13:04,01 - Clear,01 - Dry,01 - Traffic signal,02 - Intersection related,01 - Daylight,03 - P.D. only,04 - Sideswipe,Sandy Hill
8467,KING EDWARD AVE @ LAURIER AVE,368739.7072,5032033.34,-75.68291538,45.42531165,2016-11-29,15:17,01 - Clear,01 - Dry,01 - Traffic signal,03 - At intersection,01 - Daylight,03 - P.D. only,04 - Sideswipe,Sandy Hill
8468,KING EDWARD AVE @ LAURIER AVE,368739.7072,5032034.997,-75.68291517,45.42532656,2016-12-01,19:22,01 - Clear,01 - Dry,01 - Traffic signal,02 - Intersection related,07 - Dark,03 - P.D. only,03 - Rear end,Sandy Hill
8469,KING EDWARD AVE @ MURRAY ST,368289.7467,5032754.363,-75.68857189,45.43184014,2016-06-04,15:50,01 - Clear,01 - Dry,01 - Traffic signal,02 - Intersection related,01 - Daylight,02 - Non-fatal injury,03 - Rear end,Byward Market
8470,KING EDWARD AVE @ MURRAY ST,368291.5128,5032754.624,-75.68854928,45.43184233,2016-01-02,19:42,01 - Clear,01 - Dry,01 - Traffic signal,02 - Intersection related,07 - Dark,02 - Non-fatal injury,04 - Sideswipe,Byward Market
8471,KING EDWARD AVE @ MURRAY ST,368291.0339,5032754.248,-75.68855545,45.43183899,2016-02-17,6:49,01 - Clear,06 - Ice,01 - Traffic signal,02 - Intersection related,03 - Dawn,02 - Non-fatal injury,03 - Rear end,Byward Market
8472,KING EDWARD AVE @ MURRAY ST,368291.9238,5032753.806,-75.68854414,45.43183493,2016-03-19,21:41,01 - Clear,01 - Dry,01 - Traffic signal,02 - Intersection related,07 - Dark,02 - Non-fatal injury,03 - Rear end,Byward Market
8473,KING EDWARD AVE @ MURRAY ST,368291.9218,5032753.804,-75.68854416,45.43183491,2016-02-22,11:53,01 - Clear,01 - Dry,01 - Traffic signal,02 - Intersection related,01 - Daylight,03 - P.D. only,04 - Sideswipe,Byward Market
8474,KING EDWARD AVE @ MURRAY ST,368290.3469,5032753.131,-75.68856438,45.431829,2016-04-23,17:02,01 - Clear,01 - Dry,01 - Traffic signal,03 - At intersection,01 - Daylight,03 - P.D. only,03 - Rear end,Byward Market
8475,KING EDWARD AVE @ MURRAY ST,368291.4803,5032753.802,-75.68854981,45.43183494,2016-01-22,15:11,01 - Clear,01 - Dry,01 - Traffic signal,02 - Intersection related,01 - Daylight,03 - P.D. only,03 - Rear end,Byward Market
8476,KING EDWARD AVE @ MURRAY ST,368291.209,5032754.318,-75.68855321,45.4318396,2016-05-26,17:57,01 - Clear,01 - Dry,01 - Traffic signal,02 - Intersection related,01 - Daylight,03 - P.D. only,04 - Sideswipe,Byward Market
8477,KING EDWARD AVE @ MURRAY ST,368291.6998,5032753.957,-75.68854698,45.43183631,2016-01-06,16:45,02 - Rain,02 - Wet,01 - Traffic signal,03 - At intersection,05 - Dusk,03 - P.D. only,02 - Angle,Byward Market
8478,KING EDWARD AVE @ MURRAY ST,368292.3732,5032754.704,-75.68853828,45.43184297,2016-03-20,16:40,01 - Clear,01 - Dry,01 - Traffic signal,02 - Intersection related,01 - Daylight,03 - P.D. only,03 - Rear end,Byward Market
8479,KING EDWARD AVE @ MURRAY ST,368290.0435,5032753.996,-75.68856814,45.43183681,2016-09-24,9:31,01 - Clear,01 - Dry,01 - Traffic signal,03 - At intersection,01 - Daylight,03 - P.D. only,03 - Rear end,Byward Market
8480,KING EDWARD AVE @ MURRAY ST,368291.9253,5032753.357,-75.68854418,45.43183089,2016-06-05,8:48,02 - Rain,02 - Wet,01 - Traffic signal,03 - At intersection,01 - Daylight,03 - P.D. only,02 - Angle,Byward Market
8481,KING EDWARD AVE @ MURRAY ST,368291.5863,5032753.984,-75.68854843,45.43183656,2016-10-12,10:44,01 - Clear,01 - Dry,01 - Traffic signal,03 - At intersection,01 - Daylight,03 - P.D. only,02 - Angle,Byward Market
8482,KING EDWARD AVE @ MURRAY ST,368293.3561,5032754.824,-75.6885257,45.43184396,2016-11-14,1:54,01 - Clear,01 - Dry,01 - Traffic signal,03 - At intersection,07 - Dark,03 - P.D. only,07 - SMV other,Byward Market
8483,KING EDWARD AVE @ MURRAY ST,368291.5581,5032753.473,-75.68854885,45.43183197,2016-11-18,15:43,01 - Clear,01 - Dry,01 - Traffic signal,02 - Intersection related,01 - Daylight,03 - P.D. only,03 - Rear end,Byward Market
8484,KING EDWARD AVE @ MURRAY ST,368291.1007,5032753.402,-75.68855471,45.43183137,2016-11-23,16:50,01 - Clear,01 - Dry,01 - Traffic signal,03 - At intersection,05 - Dusk,03 - P.D. only,04 - Sideswipe,Byward Market
8485,KING EDWARD AVE @ OSGOODE ST/THOMAS MORE PRIV,368849.7724,5031854.151,-75.68153231,45.4236893,2016-01-25,9:21,01 - Clear,02 - Wet,01 - Traffic signal,03 - At intersection,01 - Daylight,03 - P.D. only,05 - Turning movement,Sandy Hill
8486,KING EDWARD AVE @ OSGOODE ST/THOMAS MORE PRIV,368848.5778,5031852.182,-75.68154783,45.42367169,2016-02-19,22:00,03 - Snow,03 - Loose snow,01 - Traffic signal,03 - At intersection,07 - Dark,03 - P.D. only,05 - Turning movement,Sandy Hill
8487,KING EDWARD AVE @ OSGOODE ST/THOMAS MORE PRIV,368850.3654,5031852.355,-75.68152496,45.42367309,2016-08-05,5:41,01 - Clear,01 - Dry,01 - Traffic signal,03 - At intersection,07 - Dark,03 - P.D. only,05 - Turning movement,Sandy Hill
8488,KING EDWARD AVE @ OSGOODE ST/THOMAS MORE PRIV,368850.132,5031852.579,-75.68152792,45.42367512,2016-10-01,8:55,01 - Clear,01 - Dry,01 - Traffic signal,02 - Intersection related,01 - Daylight,03 - P.D. only,03 - Rear end,Sandy Hill
8489,KING EDWARD AVE @ OSGOODE ST/THOMAS MORE PRIV,368848.587,5031853.695,-75.68154751,45.4236853,2016-03-21,13:07,01 - Clear,01 - Dry,01 - Traffic signal,02 - Intersection related,01 - Daylight,03 - P.D. only,03 - Rear end,Sandy Hill
8490,KING EDWARD AVE @ RIDEAU ST,368512.0978,5032414.37,-75.68577442,45.42876079,2016-08-26,7:17,01 - Clear,01 - Dry,01 - Traffic signal,03 - At intersection,01 - Daylight,02 - Non-fatal injury,02 - Angle,Lowe
8491,KING EDWARD AVE @ RIDEAU ST,368513.3635,5032414.831,-75.68575818,45.42876482,2016-12-19,15:20,01 - Clear,03 - Loose snow,01 - Traffic signal,03 - At intersection,01 - Daylight,02 - Non-fatal injury,07 - SMV other,Lowe
8492,KING EDWARD AVE @ RIDEAU ST,368511.7072,5032413.36,-75.68577954,45.42875173,2016-03-11,10:20,01 - Clear,01 - Dry,01 - Traffic signal,02 - Intersection related,01 - Daylight,03 - P.D. only,04 - Sideswipe,Lowe
8493,KING EDWARD AVE @ RIDEAU ST,368510.2063,5032413.214,-75.68579874,45.42875056,2016-01-05,12:07,01 - Clear,01 - Dry,01 - Traffic signal,03 - At intersection,01 - Daylight,03 - P.D. only,05 - Turning movement,Lowe
8494,KING EDWARD AVE @ RIDEAU ST,368512.3731,5032412.923,-75.68577108,45.42874774,2016-03-02,15:00,01 - Clear,02 - Wet,01 - Traffic signal,02 - Intersection related,01 - Daylight,03 - P.D. only,04 - Sideswipe,Lowe
8495,KING EDWARD AVE @ RIDEAU ST,368513.3635,5032411.933,-75.68575856,45.42873874,2016-11-02,10:54,01 - Clear,01 - Dry,01 - Traffic signal,02 - Intersection related,01 - Daylight,03 - P.D. only,03 - Rear end,Lowe
8496,KING EDWARD AVE @ RIDEAU ST,368510.879,5032414.003,-75.68579004,45.42875759,2016-12-31,21:57,03 - Snow,04 - Slush,01 - Traffic signal,02 - Intersection related,07 - Dark,03 - P.D. only,05 - Turning movement,Lowe
8497,KING EDWARD AVE @ SOMERSET ST/MARIE CURIE PRIV,368958.3921,5031673.123,-75.68016802,45.42205052,2016-07-22,17:36,01 - Clear,01 - Dry,01 - Traffic signal,02 - Intersection related,01 - Daylight,02 - Non-fatal injury,03 - Rear end,Sandy Hill
8498,KING EDWARD AVE @ SOMERSET ST/MARIE CURIE PRIV,368957.9141,5031673.7,-75.68017405,45.42205576,2016-07-02,1:34,01 - Clear,01 - Dry,01 - Traffic signal,03 - At intersection,07 - Dark,02 - Non-fatal injury,07 - SMV other,Sandy Hill
8499,KING EDWARD AVE @ SOMERSET ST/MARIE CURIE PRIV,368957.0285,5031673.578,-75.68018538,45.42205474,2016-08-04,14:35,01 - Clear,01 - Dry,01 - Traffic signal,02 - Intersection related,01 - Daylight,03 - P.D. only,03 - Rear end,Sandy Hill
8500,KING EDWARD AVE @ SOMERSET ST/MARIE CURIE PRIV,368957.9298,5031673.797,-75.68017383,45.42205663,2016-02-01,6:50,01 - Clear,02 - Wet,01 - Traffic signal,02 - Intersection related,03 - Dawn,03 - P.D. only,05 - Turning movement,Sandy Hill
8501,KING EDWARD AVE @ SOMERSET ST/MARIE CURIE PRIV,368957.0444,5031673.8,-75.68018515,45.42205674,2016-03-02,8:46,01 - Clear,05 - Packed snow,01 - Traffic signal,02 - Intersection related,01 - Daylight,03 - P.D. only,03 - Rear end,Sandy Hill
8502,KING EDWARD AVE @ SOMERSET ST/MARIE CURIE PRIV,368957.9766,5031672.779,-75.68017337,45.42204746,2016-04-01,9:04,01 - Clear,01 - Dry,01 - Traffic signal,02 - Intersection related,01 - Daylight,03 - P.D. only,04 - Sideswipe,Sandy Hill
8503,KING EDWARD AVE @ SOMERSET ST/MARIE CURIE PRIV,368958.3921,5031673.578,-75.68016796,45.42205462,2016-07-27,18:50,01 - Clear,01 - Dry,01 - Traffic signal,02 - Intersection related,01 - Daylight,03 - P.D. only,01 - Approaching,Sandy Hill
8504,KING EDWARD AVE @ SOMERSET ST/MARIE CURIE PRIV,368957.9298,5031673.797,-75.68017383,45.42205663,2016-06-22,7:14,01 - Clear,01 - Dry,01 - Traffic signal,02 - Intersection related,01 - Daylight,03 - P.D. only,03 - Rear end,Sandy Hill
8505,KING EDWARD AVE @ SOMERSET ST/MARIE CURIE PRIV,368957.7103,5031673.992,-75.68017661,45.4220584,2016-07-05,9:19,01 - Clear,01 - Dry,01 - Traffic signal,02 - Intersection related,01 - Daylight,03 - P.D. only,03 - Rear end,Sandy Hill
8506,KING EDWARD AVE @ ST. ANDREW ST,368160.4727,5032968.128,-75.69019639,45.43377525,2016-08-09,13:45,01 - Clear,01 - Dry,01 - Traffic signal,03 - At intersection,01 - Daylight,02 - Non-fatal injury,05 - Turning movement,Lower Town
8507,KING EDWARD AVE @ ST. ANDREW ST,368160.922,5032968.361,-75.69019062,45.4337773,2016-01-30,10:34,02 - Rain,02 - Wet,01 - Traffic signal,02 - Intersection related,01 - Daylight,03 - P.D. only,03 - Rear end,Lower Town
8508,KING EDWARD AVE @ ST. PATRICK ST,368248.4773,5032824.261,-75.68909027,45.4324728,2016-02-16,18:36,03 - Snow,05 - Packed snow,01 - Traffic signal,02 - Intersection related,07 - Dark,02 - Non-fatal injury,03 - Rear end,Lower Town
8509,KING EDWARD AVE @ ST. PATRICK ST,368249.3755,5032823.139,-75.68907893,45.43246263,2016-03-18,16:10,01 - Clear,01 - Dry,01 - Traffic signal,02 - Intersection related,01 - Daylight,03 - P.D. only,03 - Rear end,Byward Market
8510,KING EDWARD AVE @ ST. PATRICK ST,368248.4766,5032824.488,-75.68909025,45.43247485,2016-04-04,7:15,01 - Clear,01 - Dry,01 - Traffic signal,02 - Intersection related,01 - Daylight,03 - P.D. only,03 - Rear end,Lower Town
8511,KING EDWARD AVE @ ST. PATRICK ST,368249.3672,5032824.255,-75.6890789,45.43247267,2016-02-26,11:41,01 - Clear,01 - Dry,01 - Traffic signal,02 - Intersection related,01 - Daylight,03 - P.D. only,03 - Rear end,Lower Town
8512,KING EDWARD AVE @ ST. PATRICK ST,368248.7013,5032824.003,-75.68908744,45.43247046,2016-08-19,23:27,01 - Clear,01 - Dry,01 - Traffic signal,02 - Intersection related,07 - Dark,03 - P.D. only,02 - Angle,Byward Market
8513,KING EDWARD AVE @ ST. PATRICK ST,368249.1605,5032823.818,-75.68908159,45.43246875,2016-08-06,9:39,01 - Clear,01 - Dry,01 - Traffic signal,03 - At intersection,01 - Daylight,03 - P.D. only,05 - Turning movement,Byward Market
8514,KING EDWARD AVE @ ST. PATRICK ST,368248.4818,5032823.808,-75.68909027,45.43246873,2016-01-09,4:26,03 - Snow,03 - Loose snow,01 - Traffic signal,02 - Intersection related,07 - Dark,03 - P.D. only,07 - SMV other,Byward Market
8515,KING EDWARD AVE @ ST. PATRICK ST,368248.0427,5032824.686,-75.68909577,45.43247667,2016-02-02,16:45,01 - Clear,01 - Dry,01 - Traffic signal,02 - Intersection related,01 - Daylight,03 - P.D. only,03 - Rear end,Lower Town
8516,KING EDWARD AVE @ ST. PATRICK ST,368248.0427,5032823.369,-75.68909594,45.43246482,2016-01-14,14:13,01 - Clear,01 - Dry,01 - Traffic signal,03 - At intersection,01 - Daylight,03 - P.D. only,04 - Sideswipe,Byward Market
8517,KING EDWARD AVE @ ST. PATRICK ST,368249.3599,5032822.93,-75.68907916,45.43246075,2016-01-11,15:01,01 - Clear,01 - Dry,01 - Traffic signal,02 - Intersection related,01 - Daylight,03 - P.D. only,03 - Rear end,Byward Market
8518,KING EDWARD AVE @ ST. PATRICK ST,368249.5882,5032823.145,-75.68907622,45.43246266,2016-01-11,21:00,01 - Clear,01 - Dry,01 - Traffic signal,03 - At intersection,07 - Dark,03 - P.D. only,02 - Angle,Byward Market
8519,KING EDWARD AVE @ ST. PATRICK ST,368248.7604,5032823.614,-75.68908673,45.43246696,2016-07-06,16:19,01 - Clear,01 - Dry,01 - Traffic signal,02 - Intersection related,01 - Daylight,03 - P.D. only,04 - Sideswipe,Byward Market
8520,KING EDWARD AVE @ ST. PATRICK ST,368248.4758,5032823.814,-75.68909035,45.43246878,2016-04-20,17:00,01 - Clear,01 - Dry,01 - Traffic signal,02 - Intersection related,01 - Daylight,03 - P.D. only,04 - Sideswipe,Byward Market
8521,KING EDWARD AVE @ ST. PATRICK ST,368248.1658,5032823.321,-75.68909437,45.43246437,2016-09-20,15:29,01 - Clear,01 - Dry,01 - Traffic signal,02 - Intersection related,01 - Daylight,03 - P.D. only,03 - Rear end,Byward Market
8522,KING EDWARD AVE @ ST. PATRICK ST,368248.9208,5032823.808,-75.68908466,45.43246869,2016-05-28,8:38,01 - Clear,01 - Dry,01 - Traffic signal,03 - At intersection,01 - Daylight,03 - P.D. only,02 - Angle,Byward Market
8523,KING EDWARD AVE @ ST. PATRICK ST,368248.0427,5032823.808,-75.68909588,45.43246877,2016-10-13,12:15,01 - Clear,01 - Dry,01 - Traffic signal,03 - At intersection,01 - Daylight,03 - P.D. only,05 - Turning movement,Byward Market
8524,KING EDWARD AVE @ ST. PATRICK ST,368248.7013,5032823.175,-75.68908755,45.43246301,2016-12-16,7:01,01 - Clear,01 - Dry,01 - Traffic signal,02 - Intersection related,07 - Dark,03 - P.D. only,03 - Rear end,Byward Market
8525,KING EDWARD AVE @ ST. PATRICK ST,368247.8731,5032824.003,-75.68909802,45.43247054,2016-12-21,17:18,01 - Clear,04 - Slush,01 - Traffic signal,02 - Intersection related,07 - Dark,03 - P.D. only,04 - Sideswipe,Byward Market
8526,KING EDWARD AVE @ ST. PATRICK ST,368248.0427,5032823.369,-75.68909594,45.43246482,2016-11-22,13:00,01 - Clear,01 - Dry,01 - Traffic signal,03 - At intersection,01 - Daylight,03 - P.D. only,99 - Other,Byward Market
8527,KING EDWARD AVE @ ST. PATRICK ST,368249.5295,5032822.347,-75.68907707,45.43245549,2016-12-09,11:09,01 - Clear,01 - Dry,01 - Traffic signal,02 - Intersection related,01 - Daylight,03 - P.D. only,04 - Sideswipe,Byward Market
8528,KING EDWARD AVE @ STEWART ST,368634.9399,5032206.256,-75.68423166,45.42687705,2016-05-26,21:15,02 - Rain,02 - Wet,01 - Traffic signal,03 - At intersection,07 - Dark,03 - P.D. only,02 - Angle,Sandy Hill
8529,KING EDWARD AVE @ STEWART ST,368633.8862,5032205.165,-75.68424526,45.42686733,2016-11-24,17:07,01 - Clear,01 - Dry,01 - Traffic signal,02 - Intersection related,05 - Dusk,03 - P.D. only,03 - Rear end,Sandy Hill
8530,KING EDWARD AVE @ SUSSEX DR,367664.3764,5033503.822,-75.69646791,45.43864001,2016-04-27,17:42,01 - Clear,01 - Dry,01 - Traffic signal,03 - At intersection,01 - Daylight,03 - P.D. only,05 - Turning movement,Byward Market - Parliament Hill
8531,KING EDWARD AVE @ SUSSEX DR,367663.9255,5033502.921,-75.69647379,45.43863194,2016-05-12,17:03,01 - Clear,01 - Dry,01 - Traffic signal,02 - Intersection related,01 - Daylight,03 - P.D. only,05 - Turning movement,Byward Market - Parliament Hill