Record,Location,X,Y,lon,lat,Date,Time,Environment,Road_Surface,Traffic_Control,Collision_Location,Light,Collision_Classification,Impact_type,Neighborhood
8532,KING EDWARD AVE @ SUSSEX DR,367663.7,5033503.367,-75.69647661,45.43863597,2016-02-04,18:06,01 - Clear,01 - Dry,01 - Traffic signal,02 - Intersection related,05 - Dusk,03 - P.D. only,05 - Turning movement,Byward Market - Parliament Hill
8533,KING EDWARD AVE @ SUSSEX DR,367663.0414,5033503.817,-75.69648497,45.43864008,2016-09-07,8:53,01 - Clear,01 - Dry,01 - Traffic signal,02 - Intersection related,01 - Daylight,03 - P.D. only,04 - Sideswipe,Byward Market - Parliament Hill
8534,KING EDWARD AVE @ SUSSEX DR,367663.0281,5033503.821,-75.69648514,45.43864012,2016-04-04,16:00,01 - Clear,01 - Dry,01 - Traffic signal,02 - Intersection related,01 - Daylight,03 - P.D. only,03 - Rear end,Byward Market - Parliament Hill
8535,KING EDWARD AVE @ SUSSEX DR,367664.0906,5033502.816,-75.69647169,45.43863098,2016-04-09,13:42,01 - Clear,01 - Dry,01 - Traffic signal,03 - At intersection,01 - Daylight,03 - P.D. only,05 - Turning movement,Byward Market - Parliament Hill
8536,KING EDWARD AVE @ SUSSEX DR,367663.492,5033503.447,-75.69647926,45.43863671,2016-09-19,18:53,01 - Clear,01 - Dry,01 - Traffic signal,02 - Intersection related,01 - Daylight,03 - P.D. only,03 - Rear end,Byward Market - Parliament Hill
8537,KING EDWARD AVE @ TEMPLETON ST,369057.2245,5031507.996,-75.67892678,45.4205557,2016-10-23,14:01,01 - Clear,01 - Dry,01 - Traffic signal,03 - At intersection,01 - Daylight,02 - Non-fatal injury,07 - SMV other,Sandy Hill
8538,KING EDWARD AVE @ TEMPLETON ST,369060.3908,5031507.127,-75.67888644,45.42054759,2016-07-02,21:34,01 - Clear,01 - Dry,01 - Traffic signal,02 - Intersection related,07 - Dark,03 - P.D. only,04 - Sideswipe,Sandy Hill
8539,KING EDWARD AVE @ WILBROD ST,368675.0351,5032138.909,-75.68372805,45.42626743,2016-03-01,8:45,01 - Clear,01 - Dry,01 - Traffic signal,02 - Intersection related,01 - Daylight,03 - P.D. only,03 - Rear end,Sandy Hill
8540,KING EDWARD AVE @ WILBROD ST,368676.5367,5032139.997,-75.68370872,45.42627708,2016-11-06,11:47,01 - Clear,01 - Dry,01 - Traffic signal,03 - At intersection,01 - Daylight,03 - P.D. only,03 - Rear end,Sandy Hill
8541,KING EDWARD AVE @ YORK ST,368396.9497,5032621.956,-75.68721902,45.43063905,2016-02-10,11:19,01 - Clear,06 - Ice,01 - Traffic signal,02 - Intersection related,01 - Daylight,03 - P.D. only,03 - Rear end,Lower Town
8542,KING EDWARD AVE btwn BESSERER ST & DALY AVE,368560.1454,5032326.312,-75.68517184,45.42796409,2016-09-17,0:08,01 - Clear,01 - Dry,10 - No control,01 - Non intersection,07 - Dark,02 - Non-fatal injury,07 - SMV other,Sand
8543,KING EDWARD AVE btwn BESSERER ST & DALY AVE,368568.6607,5032307.179,-75.68506551,45.42779116,2016-03-10,21:15,02 - Rain,02 - Wet,10 - No control,01 - Non intersection,07 - Dark,03 - P.D. only,04 - Sideswipe,Sandy Hill
8544,KING EDWARD AVE btwn DALY AVE & STEWART ST,368622.141,5032225.203,-75.68439275,45.4270487,2016-08-16,5:51,01 - Clear,01 - Dry,10 - No control,01 - Non intersection,07 - Dark,03 - P.D. only,06 - SMV unattended vehicle,Sandy Hill
8545,KING EDWARD AVE btwn DALY AVE & STEWART ST,368595.2202,5032267.878,-75.68473121,45.42743513,2016-10-22,3:03,02 - Rain,02 - Wet,10 - No control,01 - Non intersection,07 - Dark,03 - P.D. only,04 - Sideswipe,Sandy Hill
8546,KING EDWARD AVE btwn LAURIER AVE E & THOMAS MORE PRIV,368742.4416,5032025.208,-75.6828815,45.42523823,2016-09-09,0:09,01 - Clear,01 - Dry,10 - No control,01 - Non intersection,07 - Dark,02 - Non-fatal injury,07 - SMV other,Sandy Hill
8547,KING EDWARD AVE btwn LAURIER AVE E & THOMAS MORE PRIV,368748.2815,5032020.65,-75.68280747,45.42519668,2016-09-05,11:38,01 - Clear,01 - Dry,10 - No control,01 - Non intersection,01 - Daylight,03 - P.D. only,03 - Rear end,Sandy Hill
8548,KING EDWARD AVE btwn LAURIER AVE E & THOMAS MORE PRIV,368791.8811,5031948.04,-75.6822598,45.42453938,2016-12-01,0:00,01 - Clear,01 - Dry,10 - No control,01 - Non intersection,00 - Unknown,03 - P.D. only,06 - SMV unattended vehicle,Sandy Hill
8549,KING EDWARD AVE btwn LAURIER AVE E & THOMAS MORE PRIV,368835.2967,5031875.548,-75.68171449,45.42388315,2016-12-11,9:08,01 - Clear,01 - Dry,10 - No control,01 - Non intersection,01 - Daylight,03 - P.D. only,03 - Rear end,Sandy Hill
8550,KING EDWARD AVE btwn MANN AVE & TEMPLETON ST,369164.556,5031345.463,-75.67757668,45.41908342,2016-06-16,6:22,01 - Clear,01 - Dry,10 - No control,04 - At/near private drive,01 - Daylight,03 - P.D. only,02 - Angle,Sandy Hill
8551,KING EDWARD AVE btwn MANN AVE & TEMPLETON ST,369113.4173,5031417.756,-75.67822061,45.41973859,2016-01-03,20:00,01 - Clear,03 - Loose snow,10 - No control,01 - Non intersection,07 - Dark,03 - P.D. only,03 - Rear end,Sandy Hill
8552,KING EDWARD AVE btwn MANN AVE & TEMPLETON ST,369149.0375,5031363.988,-75.67777253,45.41925153,2016-04-17,3:39,01 - Clear,01 - Dry,10 - No control,01 - Non intersection,07 - Dark,03 - P.D. only,07 - SMV other,Sandy Hill
8553,KING EDWARD AVE btwn MANN AVE & TEMPLETON ST,369091.1569,5031456.32,-75.67849998,45.42008762,2016-12-22,12:06,03 - Snow,03 - Loose snow,10 - No control,01 - Non intersection,01 - Daylight,03 - P.D. only,06 - SMV unattended vehicle,Sandy Hill
8554,KING EDWARD AVE btwn MARIE CURIE PRIV & TEMPLETON ST,369047.3633,5031524.417,-75.67905063,45.42070435,2016-04-01,9:40,01 - Clear,01 - Dry,10 - No control,01 - Non intersection,01 - Daylight,03 - P.D. only,03 - Rear end,Sandy Hill
8555,KING EDWARD AVE btwn MARIE CURIE PRIV & TEMPLETON ST,369031.2017,5031549.557,-75.67925384,45.42093204,2016-05-06,8:45,01 - Clear,01 - Dry,10 - No control,01 - Non intersection,01 - Daylight,03 - P.D. only,01 - Approaching,Sandy Hill
8556,KING EDWARD AVE btwn RAMP & BOLTON ST,368002.5742,5033232.405,-75.69218035,45.4361674,2016-02-17,16:45,03 - Snow,06 - Ice,10 - No control,01 - Non intersection,01 - Daylight,03 - P.D. only,07 - SMV other,Lower Town
8557,KING EDWARD AVE btwn RIDEAU ST & BESSERER ST,368522.9037,5032396.246,-75.68563868,45.42859673,2016-08-14,9:12,01 - Clear,01 - Dry,10 - No control,01 - Non intersection,01 - Daylight,03 - P.D. only,04 - Sideswipe,Lowe
8558,KING EDWARD AVE btwn STEWART ST & WILBROD ST,368665.1586,5032155.52,-75.6838521,45.42641779,2016-03-01,18:30,03 - Snow,04 - Slush,10 - No control,01 - Non intersection,07 - Dark,03 - P.D. only,06 - SMV unattended vehicle,Sandy Hill
8559,KING EDWARD AVE btwn WILBROD ST & LAURIER AVE E,368736.4239,5032040.077,-75.68295646,45.42537256,2016-06-25,18:19,01 - Clear,01 - Dry,10 - No control,01 - Non intersection,01 - Daylight,03 - P.D. only,03 - Rear end,Sandy Hill
8560,KING EDWARD AVE NB btwn BRUYERE ST & ST. ANDREW ST,368151.3848,5033023.228,-75.69030544,45.43427184,2016-05-27,15:29,01 - Clear,01 - Dry,10 - No control,01 - Non intersection,01 - Daylight,03 - P.D. only,99 - Other,Lower Town
8561,KING EDWARD AVE NB btwn BRUYERE ST & ST. ANDREW ST,368147.9478,5033026.2,-75.69034898,45.43429889,2016-09-06,15:00,01 - Clear,01 - Dry,10 - No control,01 - Non intersection,01 - Daylight,03 - P.D. only,99 - Other,Lower Town
8562,KING EDWARD AVE NB btwn CLARENCE ST & YORK ST,368381.9364,5032647.953,-75.68740752,45.43087433,2016-06-26,11:00,01 - Clear,01 - Dry,10 - No control,01 - Non intersection,01 - Daylight,03 - P.D. only,06 - SMV unattended vehicle,Lower Town
8563,KING EDWARD AVE NB btwn GUIGUES AVE & ST. PATRICK ST,368258.0344,5032848.946,-75.68896495,45.43269404,2016-01-28,1:09,03 - Snow,03 - Loose snow,10 - No control,01 - Non intersection,07 - Dark,03 - P.D. only,07 - SMV other,Lower Town
8564,KING EDWARD AVE NB btwn MURRAY ST & CLARENCE ST,368326.7802,5032737.86,-75.68810076,45.43168829,2016-08-25,14:44,01 - Clear,01 - Dry,10 - No control,01 - Non intersection,01 - Daylight,03 - P.D. only,04 - Sideswipe,Lower Town
8565,KING EDWARD AVE NB btwn RAMP & CATHCART ST,368031.2452,5033243.019,-75.69181256,45.43626031,2016-02-25,2:18,03 - Snow,02 - Wet,10 - No control,01 - Non intersection,07 - Dark,03 - P.D. only,07 - SMV other,Lower Town
8566,KING EDWARD AVE NB btwn ST. PATRICK ST & MURRAY ST,368293.7453,5032790.4,-75.68851614,45.43216403,2016-05-19,17:30,01 - Clear,01 - Dry,10 - No control,01 - Non intersection,01 - Daylight,03 - P.D. only,04 - Sideswipe,Lower Town
8567,KING EDWARD AVE NB btwn YORK ST & RIDEAU ST,368511.4827,5032427.731,-75.68578055,45.42888106,2016-04-11,6:41,04 - Freezing Rain,02 - Wet,10 - No control,01 - Non intersection,01 - Daylight,02 - Non-fatal injury,99 - Other,Byward Market
8568,KING EDWARD AVE NB btwn YORK ST & RIDEAU ST,368510.0509,5032439.676,-75.6857973,45.42898867,2016-12-13,15:03,01 - Clear,02 - Wet,10 - No control,01 - Non intersection,01 - Daylight,02 - Non-fatal injury,07 - SMV other,Lower Town
8569,KING EDWARD AVE NB btwn YORK ST & RIDEAU ST,368485.0764,5032479.712,-75.68611126,45.42935117,2016-03-30,17:42,01 - Clear,01 - Dry,10 - No control,01 - Non intersection,01 - Daylight,03 - P.D. only,04 - Sideswipe,Byward Market
8570,KING EDWARD AVE NB btwn YORK ST & RIDEAU ST,368426.1143,5032573.329,-75.68685261,45.43019887,2016-02-22,13:30,01 - Clear,01 - Dry,10 - No control,04 - At/near private drive,01 - Daylight,03 - P.D. only,02 - Angle,Lower Town
8571,KING EDWARD AVE NB btwn YORK ST & RIDEAU ST,368418.2412,5032590.533,-75.686951,45.43035438,2016-11-05,15:44,01 - Clear,01 - Dry,10 - No control,01 - Non intersection,01 - Daylight,03 - P.D. only,06 - SMV unattended vehicle,Lower Town
8572,KING EDWARD AVE NB btwn YORK ST & RIDEAU ST,368407.9559,5032603.924,-75.68708071,45.4304758,2016-12-02,10:37,01 - Clear,02 - Wet,10 - No control,04 - At/near private drive,01 - Daylight,03 - P.D. only,02 - Angle,Lower Town
8573,KING EDWARD AVE SB btwn GUIGUES AVE & ST. PATRICK ST,368240.1009,5032838.149,-75.68919552,45.43259852,2016-07-31,10:02,01 - Clear,01 - Dry,10 - No control,01 - Non intersection,01 - Daylight,03 - P.D. only,04 - Sideswipe,Lower Town
8574,KING EDWARD AVE SB btwn MURRAY ST & CLARENCE ST,368308.7522,5032727.228,-75.68833251,45.43159426,2016-06-10,8:11,01 - Clear,01 - Dry,10 - No control,01 - Non intersection,01 - Daylight,02 - Non-fatal injury,07 - SMV other,Byward Market
8575,KING EDWARD AVE SB btwn ST. PATRICK ST & MURRAY ST,368256.5576,5032810.345,-75.6889888,45.43234686,2016-04-12,10:29,01 - Clear,01 - Dry,10 - No control,01 - Non intersection,01 - Daylight,03 - P.D. only,04 - Sideswipe,Byward Market
8576,KING EDWARD AVE SB btwn SUSSEX DR & __3ZA3LO,367705.9116,5033468.429,-75.69594158,45.43831782,2016-11-09,16:43,01 - Clear,01 - Dry,10 - No control,07 - Overpass or bridge,05 - Dusk,03 - P.D. only,03 - Rear end,Byward Market - Parliament Hill
8577,KING EDWARD AVE SB btwn UNION ST & BOTELER ST,367940.9495,5033258.89,-75.69296452,45.43641127,2016-10-04,8:02,01 - Clear,01 - Dry,10 - No control,01 - Non intersection,01 - Daylight,02 - Non-fatal injury,07 - SMV other,Lower Town
8578,KING EDWARD AVE SB btwn YORK ST & GEORGE ST,368420.6389,5032548.483,-75.68692579,45.42997581,2016-09-08,9:25,02 - Rain,02 - Wet,10 - No control,01 - Non intersection,01 - Daylight,02 - Non-fatal injury,07 - SMV other,Byward Market
8579,KING EDWARD AVE SB btwn YORK ST & GEORGE ST,368408.3447,5032567.802,-75.6870804,45.43015075,2016-10-21,17:42,02 - Rain,02 - Wet,10 - No control,01 - Non intersection,07 - Dark,02 - Non-fatal injury,99 - Other,Byward Market
8580,KINGHAVEN CRES btwn Continuation of KINGHAVEN CRES & STONEHAVEN DR,355404.8835,5017095.273,-75.85483797,45.29198949,2016-02-16,16:30,03 - Snow,03 - Loose snow,10 - No control,04 - At/near private drive,01 - Daylight,03 - P.D. only,02 - Angle,Bridlewood - Emerald Meadows
8581,KINGHAVEN CRES btwn Continuation of KINGHAVEN CRES & STONEHAVEN DR,355404.8835,5017095.273,-75.85483797,45.29198949,2016-08-18,18:23,01 - Clear,01 - Dry,10 - No control,04 - At/near private drive,01 - Daylight,03 - P.D. only,06 - SMV unattended vehicle,Bridlewood - Emerald Meadows
8582,KINGHAVEN CRES E @ STONEHAVEN DR,355407.9441,5016989.148,-75.85480978,45.29103434,2016-10-11,10:20,01 - Clear,01 - Dry,02 - Stop sign,03 - At intersection,01 - Daylight,03 - P.D. only,05 - Turning movement,Bridlewood - Emerald Meadows
8583,KIPPEWA DR btwn DOW'S LAKE RD & BRONSON AVE,367506.8815,5029073.142,-75.69904468,45.3987883,2016-05-21,10:47,01 - Clear,01 - Dry,10 - No control,01 - Non intersection,01 - Daylight,03 - P.D. only,03 - Rear end,The Glebe
8584,KIRKWOOD AVE @ LAPERRIERE AVE,364519.9213,5026958.543,-75.73744955,45.38002269,2016-07-09,15:26,02 - Rain,02 - Wet,01 - Traffic signal,02 - Intersection related,01 - Daylight,02 - Non-fatal injury,02 - Angle,Carlington
8585,KIRKWOOD AVE @ LAPERRIERE AVE,364519.4745,5026959.201,-75.73745518,45.38002865,2016-02-17,20:09,03 - Snow,06 - Ice,01 - Traffic signal,03 - At intersection,07 - Dark,03 - P.D. only,02 - Angle,Carlington
8586,KIRKWOOD AVE @ LAPERRIERE AVE,364519.694,5026959.785,-75.7374523,45.38003388,2016-10-16,12:22,02 - Rain,02 - Wet,01 - Traffic signal,02 - Intersection related,01 - Daylight,03 - P.D. only,03 - Rear end,Carlington
8587,KIRKWOOD AVE @ LAPERRIERE AVE,364519.0354,5026958.323,-75.73746089,45.38002078,2016-09-27,10:27,01 - Clear,01 - Dry,01 - Traffic signal,03 - At intersection,01 - Daylight,03 - P.D. only,05 - Turning movement,Carlington
8588,KIRKWOOD AVE @ LAROSE AVE,364646.9007,5026842.21,-75.73584243,45.37896511,2016-02-26,18:29,01 - Clear,01 - Dry,02 - Stop sign,03 - At intersection,07 - Dark,03 - P.D. only,02 - Angle,Carlington
8589,KIRKWOOD AVE @ LAROSE AVE,364647.9191,5026843.761,-75.73582923,45.37897898,2016-12-11,20:49,03 - Snow,03 - Loose snow,02 - Stop sign,03 - At intersection,07 - Dark,03 - P.D. only,04 - Sideswipe,Carlington
8590,KIRKWOOD AVE @ LEPAGE AVE,364790.3708,5026653.318,-75.73403363,45.37725322,2016-06-16,13:59,01 - Clear,01 - Dry,02 - Stop sign,02 - Intersection related,01 - Daylight,03 - P.D. only,03 - Rear end,Carlington
8591,KIRKWOOD AVE @ MERIVALE RD,364853.9209,5026646.762,-75.73322309,45.37718879,2016-01-27,11:48,01 - Clear,02 - Wet,01 - Traffic signal,03 - At intersection,01 - Daylight,02 - Non-fatal injury,05 - Turning movement,Carlington
8592,KIRKWOOD AVE @ MERIVALE RD,364853.4794,5026646.764,-75.73322872,45.37718884,2016-02-17,18:50,01 - Clear,04 - Slush,01 - Traffic signal,02 - Intersection related,07 - Dark,03 - P.D. only,03 - Rear end,Carlington
8593,KIRKWOOD AVE @ MERIVALE RD,364852.6037,5026647.201,-75.73323985,45.37719285,2016-02-04,7:43,01 - Clear,02 - Wet,01 - Traffic signal,03 - At intersection,01 - Daylight,03 - P.D. only,07 - SMV other,Carlington
8594,KIRKWOOD AVE @ MERIVALE RD,364853.9234,5026646.32,-75.73322311,45.37718481,2016-02-17,20:14,01 - Clear,06 - Ice,01 - Traffic signal,02 - Intersection related,07 - Dark,03 - P.D. only,07 - SMV other,Carlington
8595,KIRKWOOD AVE @ MERIVALE RD,364853.4819,5026646.323,-75.73322875,45.37718488,2016-07-26,16:08,01 - Clear,01 - Dry,01 - Traffic signal,02 - Intersection related,01 - Daylight,03 - P.D. only,02 - Angle,Carlington
8596,KIRKWOOD AVE @ MERIVALE RD,364853.2422,5026646.313,-75.73323181,45.37718481,2016-04-30,19:32,01 - Clear,01 - Dry,01 - Traffic signal,02 - Intersection related,07 - Dark,03 - P.D. only,03 - Rear end,Carlington
8597,KIRKWOOD AVE @ MERIVALE RD,364855.3577,5026646.956,-75.73320472,45.37719041,2016-09-24,13:49,01 - Clear,01 - Dry,01 - Traffic signal,02 - Intersection related,01 - Daylight,03 - P.D. only,03 - Rear end,Carlington
8598,KIRKWOOD AVE @ MERIVALE RD,364854.5296,5026647.785,-75.73321519,45.37719794,2016-10-15,14:50,01 - Clear,01 - Dry,01 - Traffic signal,02 - Intersection related,01 - Daylight,03 - P.D. only,03 - Rear end,Carlington
8599,KIRKWOOD AVE @ MERIVALE RD,364853.7014,5026644.472,-75.73322617,45.3771682,2016-12-20,20:15,01 - Clear,02 - Wet,01 - Traffic signal,02 - Intersection related,07 - Dark,03 - P.D. only,03 - Rear end,Carlington
8600,KIRKWOOD AVE @ RICHMOND RD,363779.5179,5028641.969,-75.74670159,45.3952326,2016-10-08,19:37,01 - Clear,01 - Dry,01 - Traffic signal,02 - Intersection related,07 - Dark,02 - Non-fatal injury,03 - Rear end,Westboro
8601,KIRKWOOD AVE @ RICHMOND RD,363778.0133,5028641.78,-75.74672083,45.39523103,2016-06-11,20:41,01 - Clear,01 - Dry,01 - Traffic signal,03 - At intersection,05 - Dusk,02 - Non-fatal injury,07 - SMV other,Westboro
8602,KIRKWOOD AVE @ RICHMOND RD,363778.6848,5028642.023,-75.74671223,45.39523316,2016-02-12,14:42,01 - Clear,02 - Wet,01 - Traffic signal,03 - At intersection,01 - Daylight,03 - P.D. only,02 - Angle,Westboro
8603,KIRKWOOD AVE @ RICHMOND RD,363778.2305,5028642.703,-75.74671795,45.39523931,2016-07-19,16:21,01 - Clear,01 - Dry,01 - Traffic signal,02 - Intersection related,01 - Daylight,03 - P.D. only,04 - Sideswipe,Westboro
8604,KIRKWOOD AVE @ RICHMOND RD,363777.0334,5028642.797,-75.74673323,45.39524026,2016-12-18,18:00,03 - Snow,04 - Slush,01 - Traffic signal,02 - Intersection related,07 - Dark,03 - P.D. only,05 - Turning movement,Westboro
8605,KIRKWOOD AVE @ SEBRING AVE,364212.0412,5027636.318,-75.74129889,45.38614737,2016-02-03,10:04,04 - Freezing Rain,06 - Ice,02 - Stop sign,02 - Intersection related,01 - Daylight,03 - P.D. only,03 - Rear end,Westboro
8606,KIRKWOOD AVE @ SWITZER AVE,364234.8274,5027587.759,-75.74101377,45.38570851,2016-05-28,19:16,02 - Rain,02 - Wet,01 - Traffic signal,03 - At intersection,01 - Daylight,03 - P.D. only,03 - Rear end,Westboro
8607,KIRKWOOD AVE @ SWITZER AVE,364233.8081,5027586.726,-75.74102691,45.3856993,2016-11-16,9:10,01 - Clear,02 - Wet,01 - Traffic signal,03 - At intersection,01 - Daylight,03 - P.D. only,02 - Angle,Westboro
8608,KIRKWOOD AVE btwn CARLING AVE & COLDREY AVE,364417.1639,5027182.489,-75.73873448,45.38204647,2016-02-18,7:46,01 - Clear,06 - Ice,10 - No control,01 - Non intersection,01 - Daylight,03 - P.D. only,04 - Sideswipe,Carlington
8609,KIRKWOOD AVE btwn CHATELAIN AVE & LEPAGE AVE,364760.6076,5026670.905,-75.73441149,45.37741402,2016-04-15,13:07,01 - Clear,01 - Dry,10 - No control,01 - Non intersection,01 - Daylight,03 - P.D. only,04 - Sideswipe,Carlington
8610,KIRKWOOD AVE btwn COLDREY AVE & LAPERRIERE AVE,364513.3773,5026969.277,-75.7375318,45.38011983,2016-02-04,7:28,01 - Clear,01 - Dry,10 - No control,01 - Non intersection,01 - Daylight,03 - P.D. only,04 - Sideswipe,Carlington
8611,KIRKWOOD AVE btwn LAPERRIERE AVE & WOODWARD AVE,364523.6896,5026953.659,-75.73740203,45.37997842,2016-03-01,19:14,03 - Snow,03 - Loose snow,10 - No control,01 - Non intersection,07 - Dark,03 - P.D. only,03 - Rear end,Carlington
8612,KIRKWOOD AVE btwn LYMAN ST & MULVIHILL AVE,363814.9136,5028550.446,-75.7462605,45.39440611,2016-08-18,12:03,01 - Clear,01 - Dry,10 - No control,01 - Non intersection,01 - Daylight,02 - Non-fatal injury,04 - Sideswipe,Westboro
8613,KIRKWOOD AVE btwn RICHMOND RD & LYMAN ST,363786.1897,5028612.464,-75.74661992,45.39496656,2016-07-21,13:51,01 - Clear,01 - Dry,10 - No control,04 - At/near private drive,01 - Daylight,02 - Non-fatal injury,03 - Rear end,Westboro
8614,KIRKWOOD AVE btwn WILBER AVE & RICHMOND RD,363763.6121,5028695.214,-75.74689837,45.39571303,2016-03-22,15:57,01 - Clear,01 - Dry,10 - No control,04 - At/near private drive,01 - Daylight,03 - P.D. only,06 - SMV unattended vehicle,Westboro
8615,KIRKWOOD AVE N @ CARLING AVE,364275.5629,5027492.71,-75.74050508,45.38484982,2016-03-12,0:15,01 - Clear,06 - Ice,01 - Traffic signal,02 - Intersection related,07 - Dark,02 - Non-fatal injury,03 - Rear end,Westboro
8616,KIRKWOOD AVE N @ CARLING AVE,364276.3099,5027494.58,-75.74049532,45.38486658,2016-05-06,8:43,01 - Clear,01 - Dry,01 - Traffic signal,02 - Intersection related,01 - Daylight,02 - Non-fatal injury,03 - Rear end,Westboro
8617,KIRKWOOD AVE N @ CARLING AVE,364275.7005,5027494.216,-75.74050314,45.38486336,2016-02-22,7:00,01 - Clear,02 - Wet,01 - Traffic signal,03 - At intersection,03 - Dawn,02 - Non-fatal injury,07 - SMV other,Westboro
8618,KIRKWOOD AVE N @ CARLING AVE,364275.5641,5027493.913,-75.74050492,45.38486064,2016-08-24,12:05,01 - Clear,01 - Dry,01 - Traffic signal,02 - Intersection related,01 - Daylight,03 - P.D. only,03 - Rear end,Westboro
8619,KIRKWOOD AVE N @ CARLING AVE,364276.0367,5027494.755,-75.74049878,45.38486818,2016-02-26,14:54,01 - Clear,01 - Dry,01 - Traffic signal,03 - At intersection,01 - Daylight,03 - P.D. only,04 - Sideswipe,Westboro
8620,KIRKWOOD AVE N @ CARLING AVE,364275.1994,5027492.393,-75.74050976,45.384847,2016-02-18,6:45,01 - Clear,06 - Ice,01 - Traffic signal,02 - Intersection related,03 - Dawn,03 - P.D. only,03 - Rear end,Westboro
8621,KIRKWOOD AVE N @ CARLING AVE,364274.6423,5027493.641,-75.74051672,45.38485827,2016-09-05,13:20,01 - Clear,01 - Dry,01 - Traffic signal,03 - At intersection,01 - Daylight,03 - P.D. only,05 - Turning movement,Westboro
8622,KIRKWOOD AVE N @ CARLING AVE,364274.5866,5027492.679,-75.74051755,45.38484962,2016-06-18,9:27,01 - Clear,01 - Dry,01 - Traffic signal,03 - At intersection,01 - Daylight,03 - P.D. only,05 - Turning movement,Westboro
8623,KIRKWOOD AVE N @ CARLING AVE,364275.2631,5027492.904,-75.74050888,45.38485159,2016-06-29,14:06,01 - Clear,01 - Dry,01 - Traffic signal,02 - Intersection related,01 - Daylight,03 - P.D. only,04 - Sideswipe,Westboro
8624,KIRKWOOD AVE N @ CARLING AVE,364275.0814,5027493.641,-75.74051111,45.38485824,2016-02-04,9:00,01 - Clear,02 - Wet,01 - Traffic signal,02 - Intersection related,01 - Daylight,03 - P.D. only,04 - Sideswipe,Westboro
8625,KIRKWOOD AVE N @ CARLING AVE,364275.5205,5027493.641,-75.74050551,45.3848582,2016-01-29,18:44,01 - Clear,02 - Wet,01 - Traffic signal,02 - Intersection related,07 - Dark,03 - P.D. only,03 - Rear end,Westboro
8626,KIRKWOOD AVE N @ CARLING AVE,364275.9363,5027492.858,-75.74050029,45.38485112,2016-01-20,17:40,01 - Clear,01 - Dry,01 - Traffic signal,03 - At intersection,07 - Dark,03 - P.D. only,05 - Turning movement,Westboro
8627,KIRKWOOD AVE N @ CARLING AVE,364275.3818,5027493.778,-75.74050726,45.38485944,2016-04-08,10:24,01 - Clear,01 - Dry,01 - Traffic signal,03 - At intersection,01 - Daylight,03 - P.D. only,05 - Turning movement,Westboro
8628,KIRKWOOD AVE N @ CARLING AVE,364277.4041,5027492.521,-75.74048159,45.38484796,2016-01-11,17:50,01 - Clear,01 - Dry,01 - Traffic signal,02 - Intersection related,07 - Dark,03 - P.D. only,99 - Other,Westboro
8629,KIRKWOOD AVE N @ CARLING AVE,364275.8017,5027493.874,-75.74050189,45.38486027,2016-03-18,10:15,01 - Clear,01 - Dry,01 - Traffic signal,02 - Intersection related,01 - Daylight,03 - P.D. only,04 - Sideswipe,Westboro
8630,KIRKWOOD AVE N @ CARLING AVE,364274.6423,5027492.763,-75.74051683,45.38485037,2016-08-19,16:36,01 - Clear,01 - Dry,01 - Traffic signal,03 - At intersection,01 - Daylight,03 - P.D. only,04 - Sideswipe,Westboro
8631,KIRKWOOD AVE N @ CARLING AVE,364276.0187,5027493.004,-75.74049922,45.38485243,2016-03-06,10:58,01 - Clear,01 - Dry,01 - Traffic signal,02 - Intersection related,01 - Daylight,03 - P.D. only,03 - Rear end,Westboro
8632,KIRKWOOD AVE N @ CARLING AVE,364276.9638,5027493.885,-75.74048705,45.38486027,2016-11-21,17:26,03 - Snow,03 - Loose snow,01 - Traffic signal,02 - Intersection related,07 - Dark,03 - P.D. only,04 - Sideswipe,Westboro
8633,KIRKWOOD AVE N @ CARLING AVE,364276.3125,5027494.09,-75.74049534,45.38486217,2016-03-02,15:48,01 - Clear,02 - Wet,01 - Traffic signal,02 - Intersection related,01 - Daylight,03 - P.D. only,04 - Sideswipe,Westboro
8634,KIRKWOOD AVE N @ CARLING AVE,364275.2631,5027493.806,-75.74050877,45.38485971,2016-06-15,14:21,01 - Clear,01 - Dry,01 - Traffic signal,02 - Intersection related,01 - Daylight,03 - P.D. only,03 - Rear end,Westboro
8635,KIRKWOOD AVE N @ CARLING AVE,364275.4727,5027494.193,-75.74050605,45.38486317,2016-07-27,8:46,01 - Clear,01 - Dry,01 - Traffic signal,02 - Intersection related,01 - Daylight,03 - P.D. only,03 - Rear end,Westboro
8636,KIRKWOOD AVE N @ CARLING AVE,364275.2182,5027493.471,-75.74050939,45.3848567,2016-07-15,17:07,02 - Rain,02 - Wet,01 - Traffic signal,02 - Intersection related,01 - Daylight,03 - P.D. only,03 - Rear end,Westboro
8637,KIRKWOOD AVE N @ CARLING AVE,364276.1791,5027494.3,-75.74049702,45.38486407,2016-09-22,12:47,01 - Clear,01 - Dry,01 - Traffic signal,03 - At intersection,01 - Daylight,03 - P.D. only,04 - Sideswipe,Westboro
8638,KIRKWOOD AVE N @ CARLING AVE,364276.246,5027493.458,-75.74049627,45.38485649,2016-06-13,13:04,01 - Clear,01 - Dry,01 - Traffic signal,02 - Intersection related,01 - Daylight,03 - P.D. only,04 - Sideswipe,Westboro