Record,Location,X,Y,lon,lat,Date,Time,Environment,Road_Surface,Traffic_Control,Collision_Location,Light,Collision_Classification,Impact_type,Neighborhood
8639,KIRKWOOD AVE N @ CARLING AVE,364275.7914,5027492.549,-75.74050218,45.38484835,2016-07-21,19:49,01 - Clear,01 - Dry,01 - Traffic signal,02 - Intersection related,01 - Daylight,03 - P.D. only,04 - Sideswipe,Westboro
8640,KIRKWOOD AVE N @ CARLING AVE,364275.0814,5027492.763,-75.74051122,45.38485034,2016-10-10,10:20,01 - Clear,01 - Dry,01 - Traffic signal,03 - At intersection,01 - Daylight,03 - P.D. only,02 - Angle,Westboro
8641,KIRKWOOD AVE N @ CARLING AVE,364275.5205,5027493.641,-75.74050551,45.3848582,2016-11-26,12:00,01 - Clear,01 - Dry,01 - Traffic signal,02 - Intersection related,01 - Daylight,03 - P.D. only,04 - Sideswipe,Westboro
8642,KIRKWOOD AVE N @ CARLING AVE,364276.0267,5027493.534,-75.74049906,45.38485719,2016-02-18,10:39,03 - Snow,05 - Packed snow,01 - Traffic signal,02 - Intersection related,01 - Daylight,03 - P.D. only,07 - SMV other,Westboro
8643,KITCHENER AVE @ BANK ST,370541.0956,5025499.752,-75.66076859,45.36635784,2016-09-17,15:25,01 - Clear,02 - Wet,01 - Traffic signal,03 - At intersection,01 - Daylight,02 - Non-fatal injury,02 - Angle,Ledbury - Heron Gate - Ridgemont - Elmwood
8644,KITCHENER AVE @ BANK ST,370540.2175,5025499.752,-75.6607798,45.36635793,2016-02-13,10:14,01 - Clear,03 - Loose snow,01 - Traffic signal,03 - At intersection,01 - Daylight,02 - Non-fatal injury,05 - Turning movement,Ledbury - Heron Gate - Ridgemont - Elmwood
8645,KITCHENER AVE @ BANK ST,370540.8761,5025500.386,-75.66077131,45.36636357,2016-12-18,16:56,01 - Clear,04 - Slush,01 - Traffic signal,02 - Intersection related,07 - Dark,02 - Non-fatal injury,02 - Angle,Ledbury - Heron Gate - Ridgemont - Elmwood
8646,KITCHENER AVE @ BANK ST,370541.5347,5025499.62,-75.66076301,45.36635661,2016-01-21,12:00,01 - Clear,01 - Dry,01 - Traffic signal,02 - Intersection related,01 - Daylight,03 - P.D. only,03 - Rear end,Ledbury - Heron Gate - Ridgemont - Elmwood
8647,KITCHENER AVE @ BANK ST,370540.6488,5025500.426,-75.66077421,45.36636395,2016-08-26,15:54,01 - Clear,01 - Dry,01 - Traffic signal,03 - At intersection,01 - Daylight,03 - P.D. only,02 - Angle,Ledbury - Heron Gate - Ridgemont - Elmwood
8648,KITCHENER AVE @ BANK ST,370539.7784,5025500.191,-75.66078535,45.36636192,2016-10-20,19:38,02 - Rain,02 - Wet,01 - Traffic signal,03 - At intersection,07 - Dark,03 - P.D. only,05 - Turning movement,Ledbury - Heron Gate - Ridgemont - Elmwood
8649,KITCHENER AVE @ BANK ST,370540.4251,5025500.874,-75.660777,45.366368,2016-06-05,18:12,01 - Clear,01 - Dry,01 - Traffic signal,02 - Intersection related,01 - Daylight,03 - P.D. only,03 - Rear end,Ledbury - Heron Gate - Ridgemont - Elmwood
8650,KITCHENER AVE @ BANK ST,370541.7043,5025499.558,-75.66076085,45.36635604,2016-10-10,15:22,01 - Clear,01 - Dry,01 - Traffic signal,03 - At intersection,01 - Daylight,03 - P.D. only,03 - Rear end,Ledbury - Heron Gate - Ridgemont - Elmwood
8651,KITCHENER AVE @ BANK ST,370540.6566,5025499.313,-75.66077426,45.36635393,2016-11-05,16:59,01 - Clear,01 - Dry,01 - Traffic signal,03 - At intersection,05 - Dusk,03 - P.D. only,05 - Turning movement,Ledbury - Heron Gate - Ridgemont - Elmwood
8652,KITCHENER AVE @ BANK ST,370540.0479,5025500.386,-75.66078188,45.36636365,2016-12-29,20:57,03 - Snow,03 - Loose snow,01 - Traffic signal,03 - At intersection,07 - Dark,03 - P.D. only,07 - SMV other,Ledbury - Heron Gate - Ridgemont - Elmwood
8653,KITTIWAKE DR btwn DEW GT & SMOKETREE CRES,348410.7924,5013949.35,-75.94427753,45.2641502,2016-03-04,7:40,01 - Clear,01 - Dry,10 - No control,01 - Non intersection,01 - Daylight,03 - P.D. only,03 - Rear end,Stittsville
8654,KLONDIKE RD @ MARCH RD,349262.2205,5024062.747,-75.9325211,45.35510022,2016-01-05,10:48,01 - Clear,01 - Dry,01 - Traffic signal,02 - Intersection related,01 - Daylight,03 - P.D. only,02 - Angle,South March
8655,KLONDIKE RD @ MARCH RD,349263.6429,5024061.397,-75.93250307,45.35508798,2016-02-16,9:08,03 - Snow,03 - Loose snow,01 - Traffic signal,03 - At intersection,01 - Daylight,03 - P.D. only,07 - SMV other,South March
8656,KLONDIKE RD @ MARCH RD,349263.1905,5024061.841,-75.93250881,45.35509201,2016-09-10,14:55,01 - Clear,01 - Dry,01 - Traffic signal,02 - Intersection related,01 - Daylight,03 - P.D. only,02 - Angle,Morgan's Grant
8657,KLONDIKE RD @ MARCH RD,349262.1428,5024062.035,-75.93252216,45.35509382,2016-12-13,10:43,03 - Snow,06 - Ice,01 - Traffic signal,03 - At intersection,01 - Daylight,03 - P.D. only,03 - Rear end,Morgan's Grant
8658,KLONDIKE RD @ MARCH RD,349262.1428,5024060.379,-75.93252231,45.35507892,2016-12-17,10:39,03 - Snow,03 - Loose snow,01 - Traffic signal,02 - Intersection related,01 - Daylight,03 - P.D. only,04 - Sideswipe,Morgan's Grant
8659,KLONDIKE RD @ MARCH VALLEY RD,350278.3945,5024992.745,-75.91946659,45.36340335,2016-02-21,2:00,01 - Clear,01 - Dry,02 - Stop sign,02 - Intersection related,07 - Dark,03 - P.D. only,07 - SMV other,South March
8660,KLONDIKE RD @ SECOND LINE RD,348189.2751,5023075.384,-75.94630128,45.3462829,2016-02-17,17:55,03 - Snow,06 - Ice,02 - Stop sign,02 - Intersection related,07 - Dark,03 - P.D. only,03 - Rear end,Morgan's Grant
8661,KNIGHTSBRIDGE RD @ WOODROFFE AVE,361623.0258,5026560.305,-75.77448214,45.37668033,2016-12-06,17:20,01 - Clear,01 - Dry,02 - Stop sign,03 - At intersection,07 - Dark,03 - P.D. only,02 - Angle,Carlingwood - McKellar Park - Laurentien View
8662,KNOTRIDGE ST btwn ROLLING MEADOW CRES & SPRING VALLEY DR,381938.0525,5032526.822,-75.51419959,45.42842069,2016-09-28,8:45,01 - Clear,01 - Dry,10 - No control,04 - At/near private drive,01 - Daylight,03 - P.D. only,06 - SMV unattended vehicle,Chapel Hill South
8663,KNOXDALE RD @ NEWHAVEN ST,362538.0051,5021324.58,-75.76341204,45.32949489,2016-07-18,9:25,01 - Clear,01 - Dry,02 - Stop sign,02 - Intersection related,01 - Daylight,03 - P.D. only,05 - Turning movement,Woodvale - Craig Henry - Manordale - Estates of Arlington Wo
8664,KNOXDALE RD @ WEST HUNT CLUB RD,361864.3205,5020584.593,-75.7720911,45.3228916,2016-09-03,17:42,01 - Clear,01 - Dry,01 - Traffic signal,02 - Intersection related,01 - Daylight,03 - P.D. only,03 - Rear end,Woodvale - Craig Henry - Manordale - Estates of Arlington Wo
8665,KNOXDALE RD @ WEST HUNT CLUB RD,361864.1449,5020584.247,-75.77209338,45.3228885,2016-03-24,17:31,03 - Snow,03 - Loose snow,01 - Traffic signal,02 - Intersection related,01 - Daylight,03 - P.D. only,04 - Sideswipe,Woodvale - Craig Henry - Manordale - Estates of Arlington Wo
8666,KNOXDALE RD btwn TURN LANE & WOODROFFE AVE,363392.9483,5021813.903,-75.75244817,45.33382693,2016-05-12,11:40,01 - Clear,01 - Dry,10 - No control,01 - Non intersection,01 - Daylight,03 - P.D. only,03 - Rear end,Woodvale - Craig Henry - Manordale - Estates of Arlington Wo
8667,KNUDSON DR btwn SHERK CRES & SHERK CRES,351322.124,5020355.09,-75.90658019,45.32160431,2016-05-17,7:18,01 - Clear,01 - Dry,10 - No control,01 - Non intersection,01 - Daylight,02 - Non-fatal injury,03 - Rear end,Kanata Lakes - Marchwood Lakeside - Morgan's Grant - Kanata
8668,LA VERENDRYE DR btwn DEERHURST CRT & GATINEAU VIEW CRES,375003.2692,5035156.412,-75.60243741,45.45281068,2016-08-30,0:00,01 - Clear,01 - Dry,10 - No control,01 - Non intersection,00 - Unknown,03 - P.D. only,06 - SMV unattended vehicle,Beacon Hill North
8669,LA VERENDRYE DR btwn GATINEAU VIEW CRES & OGILVIE RD,375223.3329,5035116.596,-75.5996299,45.4524303,2016-02-22,7:26,01 - Clear,01 - Dry,10 - No control,01 - Non intersection,01 - Daylight,03 - P.D. only,03 - Rear end,Beacon Hill North
8670,LA VERENDRYE DR btwn OAKDEAN CRES & GLENFERN AVE,374719.3173,5035677.188,-75.60599331,45.45752478,2016-11-09,8:13,01 - Clear,01 - Dry,10 - No control,04 - At/near private drive,01 - Daylight,03 - P.D. only,02 - Angle,Beacon Hill North
8671,LABELLE ST btwn MICHAEL ST & CYRVILLE RD,372846.039,5031835.671,-75.63047383,45.42314571,2016-08-21,0:00,01 - Clear,02 - Wet,10 - No control,01 - Non intersection,00 - Unknown,03 - P.D. only,06 - SMV unattended vehicle,Cummings
8672,LABELLE ST/RAMP @ LEMIEUX ST/HWY417 IC115 RAMP,372540.5731,5031689.278,-75.63439691,45.42185818,2016-01-14,16:35,01 - Clear,02 - Wet,02 - Stop sign,03 - At intersection,05 - Dusk,02 - Non-fatal injury,02 - Angle,Cummings
8673,LABELLE ST/RAMP @ LEMIEUX ST/HWY417 IC115 RAMP,372542.379,5031688.789,-75.6343739,45.42185361,2016-02-26,22:20,01 - Clear,01 - Dry,02 - Stop sign,03 - At intersection,07 - Dark,03 - P.D. only,02 - Angle,Cummings
8674,LABELLE ST/RAMP @ LEMIEUX ST/HWY417 IC115 RAMP,372541.0618,5031689.228,-75.63439067,45.42185769,2016-09-29,8:57,01 - Clear,01 - Dry,02 - Stop sign,02 - Intersection related,01 - Daylight,03 - P.D. only,04 - Sideswipe,Cummings
8675,LABELLE ST/RAMP @ LEMIEUX ST/HWY417 IC115 RAMP,372541.9459,5031688.344,-75.63437949,45.42184965,2016-06-09,8:00,01 - Clear,01 - Dry,02 - Stop sign,03 - At intersection,01 - Daylight,03 - P.D. only,02 - Angle,Cummings
8676,LABELLE ST/RAMP @ LEMIEUX ST/HWY417 IC115 RAMP,372541.0386,5031689.478,-75.63439093,45.42185994,2016-08-11,17:47,01 - Clear,01 - Dry,02 - Stop sign,02 - Intersection related,01 - Daylight,03 - P.D. only,02 - Angle,Cummings
8677,LABELLE ST/RAMP @ LEMIEUX ST/HWY417 IC115 RAMP,372541.0618,5031688.35,-75.63439079,45.42184979,2016-01-22,13:15,01 - Clear,01 - Dry,02 - Stop sign,03 - At intersection,01 - Daylight,03 - P.D. only,02 - Angle,Cummings
8678,LABELLE ST/RAMP @ LEMIEUX ST/HWY417 IC115 RAMP,372541.9444,5031689.689,-75.63437933,45.42186175,2016-02-23,16:15,01 - Clear,01 - Dry,02 - Stop sign,03 - At intersection,01 - Daylight,03 - P.D. only,02 - Angle,Cummings
8679,LABELLE ST/RAMP @ LEMIEUX ST/HWY417 IC115 RAMP,372541.9459,5031688.344,-75.63437949,45.42184965,2016-06-03,15:30,01 - Clear,01 - Dry,02 - Stop sign,02 - Intersection related,01 - Daylight,03 - P.D. only,99 - Other,Cummings
8680,LACASSE AVE @ LEVIS AVE,370763.2326,5033221.001,-75.65690046,45.43580981,2016-10-19,14:21,01 - Clear,01 - Dry,02 - Stop sign,03 - At intersection,01 - Daylight,02 - Non-fatal injury,07 - SMV other,Vanier South
8681,LACASSE AVE @ MCARTHUR AVE,370824.782,5032755.769,-75.65617625,45.43161805,2016-09-04,17:25,01 - Clear,01 - Dry,02 - Stop sign,02 - Intersection related,01 - Daylight,03 - P.D. only,03 - Rear end,Vanier South
8682,LACASSE AVE @ MONTREAL RD,370686.6859,5033406.588,-75.65785389,45.43748686,2016-08-01,11:59,01 - Clear,01 - Dry,01 - Traffic signal,03 - At intersection,01 - Daylight,02 - Non-fatal injury,07 - SMV other,Vanier South
8683,LACASSE AVE @ MONTREAL RD,370687.8428,5033406.595,-75.6578391,45.43748682,2016-08-25,17:50,01 - Clear,01 - Dry,01 - Traffic signal,02 - Intersection related,01 - Daylight,03 - P.D. only,03 - Rear end,Vanier South
8684,LACASSE AVE @ MONTREAL RD,370687.5346,5033407.009,-75.65784298,45.43749057,2016-10-23,1:43,01 - Clear,01 - Dry,01 - Traffic signal,03 - At intersection,07 - Dark,03 - P.D. only,07 - SMV other,Vanier South
8685,LADOUCEUR ST btwn MERTON ST & GARLAND ST,365510.9232,5029895.137,-75.72443548,45.40636034,2016-03-29,12:53,01 - Clear,01 - Dry,10 - No control,01 - Non intersection,01 - Daylight,03 - P.D. only,06 - SMV unattended vehicle,Mechanicsville
8686,LAFONTAINE AVE @ MCARTHUR AVE,370950.375,5032772.776,-75.65456901,45.4317592,2016-03-20,14:40,01 - Clear,01 - Dry,01 - Traffic signal,03 - At intersection,01 - Daylight,02 - Non-fatal injury,05 - Turning movement,Vanier South
8687,LAFONTAINE AVE @ MCARTHUR AVE,370949.4928,5032771.354,-75.65458048,45.43174649,2016-08-15,12:32,01 - Clear,01 - Dry,01 - Traffic signal,03 - At intersection,01 - Daylight,03 - P.D. only,05 - Turning movement,Vanier South
8688,LAFONTAINE AVE @ MCARTHUR AVE,370949.0537,5032771.793,-75.65458603,45.43175049,2016-10-23,11:14,01 - Clear,01 - Dry,01 - Traffic signal,03 - At intersection,01 - Daylight,03 - P.D. only,05 - Turning movement,Vanier South
8689,LAFONTAINE AVE @ MCARTHUR AVE,370949.2531,5032771.803,-75.65458348,45.43175056,2016-01-04,16:42,01 - Clear,01 - Dry,01 - Traffic signal,02 - Intersection related,05 - Dusk,03 - P.D. only,07 - SMV other,Vanier South
8690,LAFONTAINE AVE @ MCARTHUR AVE,370949.7123,5032771.198,-75.65457769,45.43174507,2016-01-08,15:41,01 - Clear,02 - Wet,01 - Traffic signal,03 - At intersection,01 - Daylight,03 - P.D. only,05 - Turning movement,Vanier South
8691,LAFONTAINE AVE @ MCARTHUR AVE,370948.8841,5032772.816,-75.65458806,45.43175971,2016-12-30,15:25,01 - Clear,02 - Wet,01 - Traffic signal,03 - At intersection,01 - Daylight,03 - P.D. only,05 - Turning movement,Vanier South
8692,LAFONTAINE AVE @ MCARTHUR AVE,370951.3686,5032771.16,-75.65455653,45.43174457,2016-11-25,16:35,01 - Clear,02 - Wet,01 - Traffic signal,02 - Intersection related,05 - Dusk,03 - P.D. only,03 - Rear end,Vanier South
8693,LAJOIE ST @ MONTREAL RD,370534.0487,5033326.809,-75.6598153,45.43678341,2016-01-29,19:13,01 - Clear,02 - Wet,01 - Traffic signal,02 - Intersection related,07 - Dark,02 - Non-fatal injury,03 - Rear end,Vanier South
8694,LAKE FOREST WALK @ OLD PRESCOTT RD,377556.1965,5014456.695,-75.57284897,45.2663044,2016-07-23,10:50,01 - Clear,01 - Dry,02 - Stop sign,02 - Intersection related,01 - Daylight,03 - P.D. only,03 - Rear end,Greely
8695,LAKERIDGE DR btwn HARVEST VALLEY AVE E & LAKERIDGE DR N,385056.7432,5034600.596,-75.47401189,45.44672772,2016-02-18,15:50,01 - Clear,01 - Dry,10 - No control,01 - Non intersection,01 - Daylight,03 - P.D. only,04 - Sideswipe,Avalon
8696,LAKERIDGE DR btwn HARVEST VALLEY AVE E & LAKERIDGE DR N,385097.7888,5034580.002,-75.47349061,45.44653772,2016-10-28,8:43,03 - Snow,02 - Wet,10 - No control,01 - Non intersection,01 - Daylight,03 - P.D. only,06 - SMV unattended vehicle,Avalon
8697,LAKERIDGE DR btwn HARVEST VALLEY AVE W & LAKERIDGE DR N,385004.6668,5034576.916,-75.47468138,45.44652065,2016-07-04,20:38,01 - Clear,01 - Dry,10 - No control,01 - Non intersection,05 - Dusk,03 - P.D. only,04 - Sideswipe,Avalon
8698,LAKESIDE AVE @ QUEEN ELIZABETH DRWY,367456.379,5028711.274,-75.69973565,45.39553683,2016-01-21,9:30,01 - Clear,01 - Dry,02 - Stop sign,02 - Intersection related,01 - Daylight,03 - P.D. only,03 - Rear end,The Glebe
8699,LAKEVIEW TER btwn QUEEN ELIZABETH DRWY & BRONSON AVE,367645.3373,5028737.178,-75.69731916,45.39575298,2016-02-11,15:18,01 - Clear,03 - Loose snow,10 - No control,01 - Non intersection,01 - Daylight,03 - P.D. only,04 - Sideswipe,The Glebe
8700,L'ALLEMAND ST @ MONTREAL RD,370571.4889,5033348.37,-75.65933392,45.43697389,2016-09-09,11:16,01 - Clear,01 - Dry,02 - Stop sign,03 - At intersection,01 - Daylight,02 - Non-fatal injury,02 - Angle,Vanier North
8701,L'ALLEMAND ST @ MONTREAL RD,370571.9946,5033349.113,-75.65932736,45.43698053,2016-03-23,13:59,01 - Clear,01 - Dry,02 - Stop sign,02 - Intersection related,01 - Daylight,03 - P.D. only,02 - Angle,Vanier North
8702,LAMIRA ST btwn KILBORN AVE & END,369740.2899,5027941.503,-75.67066924,45.3884026,2016-01-17,13:59,03 - Snow,03 - Loose snow,10 - No control,01 - Non intersection,01 - Daylight,03 - P.D. only,06 - SMV unattended vehicle,Alta Vista
8703,LAMIRA ST btwn KILBORN AVE & END,369755.8479,5027852.05,-75.67048235,45.38759629,2016-05-06,15:34,01 - Clear,01 - Dry,10 - No control,04 - At/near private drive,01 - Daylight,03 - P.D. only,06 - SMV unattended vehicle,Alta Vista
8704,LANARK AVE btwn BRIARWAY PRIV & METROPOLE PRIV,363433.2004,5029076.04,-75.75107286,45.39916738,2016-08-08,17:53,01 - Clear,01 - Dry,10 - No control,01 - Non intersection,01 - Daylight,03 - P.D. only,04 - Sideswipe,Westboro Beach
8705,LANCASTER RD @ WALKLEY RD,374908.516,5028602.766,-75.60458141,45.39385406,2016-04-25,11:43,01 - Clear,01 - Dry,01 - Traffic signal,03 - At intersection,01 - Daylight,02 - Non-fatal injury,02 - Angle,Industrial Park
8706,LANCASTER RD @ WALKLEY RD,374908.521,5028603.639,-75.60458122,45.39386191,2016-09-11,11:00,01 - Clear,01 - Dry,01 - Traffic signal,02 - Intersection related,01 - Daylight,03 - P.D. only,04 - Sideswipe,Industrial Park
8707,LANCASTER RD @ WALKLEY RD,374908.96,5028603.639,-75.60457561,45.39386187,2016-01-18,9:45,01 - Clear,04 - Slush,01 - Traffic signal,02 - Intersection related,01 - Daylight,03 - P.D. only,04 - Sideswipe,Industrial Park
8708,LANCASTER RD @ WALKLEY RD,374909.4169,5028603.218,-75.60456984,45.39385803,2016-05-19,16:15,01 - Clear,01 - Dry,01 - Traffic signal,02 - Intersection related,01 - Daylight,03 - P.D. only,03 - Rear end,Industrial Park
8709,LANCASTER RD @ WALKLEY RD,374908.7405,5028601.393,-75.60457874,45.39384168,2016-07-28,8:52,01 - Clear,01 - Dry,01 - Traffic signal,02 - Intersection related,01 - Daylight,03 - P.D. only,03 - Rear end,Industrial Park
8710,LANCASTER RD @ WALKLEY RD,374908.521,5028603.2,-75.60458128,45.39385796,2016-12-17,12:45,03 - Snow,03 - Loose snow,01 - Traffic signal,03 - At intersection,01 - Daylight,03 - P.D. only,05 - Turning movement,Industrial Park
8711,LANCASTER RD btwn BARBERRY LANE & WALKLEY RD,374883.4935,5028674.33,-75.60489079,45.39450046,2016-09-16,20:45,01 - Clear,01 - Dry,10 - No control,01 - Non intersection,07 - Dark,03 - P.D. only,05 - Turning movement,Industrial Park
8712,LANCASTER RD btwn DELRIDGE LANE & BARRYMORE LANE,374478.4157,5029106.367,-75.6100028,45.39842814,2016-12-15,8:27,01 - Clear,06 - Ice,10 - No control,04 - At/near private drive,01 - Daylight,02 - Non-fatal injury,03 - Rear end,Industrial Park
8713,LANCASTER RD btwn SHELBOURN LANE & DELRIDGE LANE,374012.6187,5029500.353,-75.61589639,45.40201924,2016-09-19,16:41,01 - Clear,01 - Dry,10 - No control,04 - At/near private drive,01 - Daylight,03 - P.D. only,03 - Rear end,Industrial Park
8714,LANDRY ST btwn CHARLEVOIX ST & LOYER ST,369481.9066,5033485.373,-75.67324107,45.43830823,2016-10-31,15:39,01 - Clear,01 - Dry,10 - No control,01 - Non intersection,01 - Daylight,03 - P.D. only,99 - Other,Vanier North
8715,LANDRY ST btwn ST. AMBROISE ST & BARIBEAU ST,369932.6576,5033547.912,-75.66747194,45.43882908,2016-05-30,13:00,01 - Clear,01 - Dry,10 - No control,04 - At/near private drive,01 - Daylight,03 - P.D. only,02 - Angle,Vanier North
8716,LANDRY ST btwn ST. CHARLES ST & ST. AMBROISE ST,369833.7994,5033533.647,-75.6687373,45.43870993,2016-12-13,0:00,01 - Clear,01 - Dry,10 - No control,01 - Non intersection,00 - Unknown,03 - P.D. only,06 - SMV unattended vehicle,Vanier North
8717,LANDSWOOD WAY btwn WEST RIDGE DR & WEST RIDGE DR,350206.4754,5011745.307,-75.92159807,45.24420379,2016-10-08,10:58,02 - Rain,02 - Wet,10 - No control,04 - At/near private drive,01 - Daylight,03 - P.D. only,06 - SMV unattended vehicle,Stittsville
8718,LANGHOLM CRES btwn ST. REMY DR & ST. REMY DR,361926.8922,5015960.028,-75.7718259,45.28127458,2016-05-08,14:00,01 - Clear,01 - Dry,10 - No control,01 - Non intersection,01 - Daylight,03 - P.D. only,06 - SMV unattended vehicle,Barrhaven West - Old Barrhaven
8719,LANGSTROM CRES btwn JOHNSTON RD & JOHNSTON RD,373624.6057,5026309.663,-75.62129713,45.37334909,2016-02-16,9:30,03 - Snow,03 - Loose snow,10 - No control,04 - At/near private drive,01 - Daylight,03 - P.D. only,06 - SMV unattended vehicle,Hunt Club
8720,LANTHIER DR @ VANTAGE DR,383600.0872,5035849.909,-75.49243045,45.45813367,2016-01-14,14:00,01 - Clear,06 - Ice,02 - Stop sign,02 - Intersection related,01 - Daylight,03 - P.D. only,03 - Rear end,Avalon
8721,LANTHIER DR @ VANTAGE DR,383601.8591,5035848.341,-75.49240805,45.45811936,2016-01-14,12:52,01 - Clear,06 - Ice,02 - Stop sign,02 - Intersection related,01 - Daylight,03 - P.D. only,03 - Rear end,Avalon
8722,LANTHIER DR @ VANTAGE DR,383599.2605,5035850.437,-75.49244094,45.45813851,2016-01-11,17:15,01 - Clear,06 - Ice,02 - Stop sign,02 - Intersection related,05 - Dusk,03 - P.D. only,03 - Rear end,Avalon
8723,LANTHIER DR @ VANTAGE DR,383600.0109,5035849.687,-75.49243146,45.45813168,2016-01-12,15:17,04 - Freezing Rain,06 - Ice,02 - Stop sign,02 - Intersection related,01 - Daylight,03 - P.D. only,03 - Rear end,Avalon
8724,LANTHIER DR @ VANTAGE DR,383600.088,5035848.336,-75.49243069,45.45811952,2016-01-14,11:41,01 - Clear,06 - Ice,02 - Stop sign,02 - Intersection related,01 - Daylight,03 - P.D. only,03 - Rear end,Avalon
8725,LANTHIER DR @ VANTAGE DR,383601.5896,5035848.975,-75.49241139,45.4581251,2016-12-09,17:42,01 - Clear,01 - Dry,02 - Stop sign,02 - Intersection related,07 - Dark,03 - P.D. only,03 - Rear end,Avalon
8726,LANTHIER DR @ VANTAGE DR,383599.9333,5035849.389,-75.4924325,45.45812901,2016-12-09,15:30,01 - Clear,06 - Ice,02 - Stop sign,02 - Intersection related,01 - Daylight,03 - P.D. only,03 - Rear end,Avalon
8727,LAPERRIERE AVE btwn CHURCHILL AVE S & MCBRIDE ST,364049.5418,5026660.22,-75.74349099,45.37737836,2016-03-10,17:15,01 - Clear,01 - Dry,10 - No control,04 - At/near private drive,01 - Daylight,03 - P.D. only,02 - Angle,Carlington
8728,LAPERRIERE AVE btwn CLYDE AVE & BELLEVUE AVE,363821.8033,5026522.97,-75.74641495,45.37616263,2016-04-28,10:03,01 - Clear,01 - Dry,10 - No control,04 - At/near private drive,01 - Daylight,03 - P.D. only,02 - Angle,Carlington
8729,LAPERRIERE AVE btwn LARKIN ST & COLDREY AVE,364299.1244,5026820.529,-75.74028524,45.37879965,2016-10-11,13:40,01 - Clear,01 - Dry,10 - No control,04 - At/near private drive,01 - Daylight,03 - P.D. only,03 - Rear end,Carlington
8730,LAPERRIERE AVE btwn MCBRIDE ST & LADY ELLEN PL,364078.1464,5026681.501,-75.74312324,45.37756743,2016-01-18,9:45,01 - Clear,04 - Slush,10 - No control,04 - At/near private drive,01 - Daylight,03 - P.D. only,02 - Angle,Carlington
8731,LARCH ST @ PRESTON ST,366437.4648,5029831.469,-75.71260825,45.40570649,2016-07-16,13:04,01 - Clear,01 - Dry,02 - Stop sign,03 - At intersection,01 - Daylight,02 - Non-fatal injury,05 - Turning movement,Little Italy
8732,LARGO CRES btwn DALLAS PL & SPRING GARDEN AVE,364746.686,5022927.332,-75.73504329,45.34373109,2016-09-17,1:55,00 - Unknown,01 - Dry,10 - No control,01 - Non intersection,07 - Dark,03 - P.D. only,07 - SMV other,Crestview - Meadowlands
8733,LARKIN DR btwn LAMING ST & CARROLL CRT,362041.2462,5015661.473,-75.77040283,45.27857886,2016-12-14,19:27,01 - Clear,06 - Ice,10 - No control,01 - Non intersection,07 - Dark,03 - P.D. only,06 - SMV unattended vehicle,Barrhaven West - Old Barrhaven
8734,LARKIN DR btwn LAMING ST & CARROLL CRT,362046.6613,5015667.096,-75.77033317,45.27862902,2016-11-22,18:54,01 - Clear,01 - Dry,10 - No control,01 - Non intersection,07 - Dark,03 - P.D. only,06 - SMV unattended vehicle,Barrhaven West - Old Barrhaven
8735,LAROSE AVE @ MERIVALE RD,364846.04,5026967.324,-75.73328472,45.38007382,2016-01-29,11:35,03 - Snow,02 - Wet,02 - Stop sign,02 - Intersection related,01 - Daylight,03 - P.D. only,05 - Turning movement,Carlington
8736,LAROUCHE ST btwn MCARTHUR AVE & STEVENS AVE,370416.1759,5032551.422,-75.66142507,45.42981788,2016-02-17,16:18,01 - Clear,03 - Loose snow,10 - No control,01 - Non intersection,01 - Daylight,03 - P.D. only,06 - SMV unattended vehicle,Vanier South
8737,LASIANDRA LANE btwn LADY SLIPPER WAY & WHITETAIL DR,344020.4707,5012153.55,-76.00036189,45.24824923,2016-04-03,7:23,01 - Clear,01 - Dry,10 - No control,01 - Non intersection,01 - Daylight,02 - Non-fatal injury,07 - SMV other,Stittsville - Basswood
8738,LASSITER TER S @ OGILVIE RD,375509.1078,5034863.703,-75.59601305,45.45012606,2016-10-17,10:45,01 - Clear,01 - Dry,02 - Stop sign,02 - Intersection related,01 - Daylight,03 - P.D. only,05 - Turning movement,Beacon Hill North
8739,LATOUR CRES btwn GARDENWAY DR & GARDENWAY DR,383907.0023,5036811.833,-75.48835194,45.46675351,2016-01-22,7:32,01 - Clear,01 - Dry,10 - No control,04 - At/near private drive,03 - Dawn,03 - P.D. only,02 - Angle,Fallingbrook
8740,LAUREL ST btwn PRESTON ST & END,366401.0832,5029899.097,-75.71306452,45.40631819,2016-04-25,12:36,01 - Clear,01 - Dry,10 - No control,04 - At/near private drive,01 - Daylight,03 - P.D. only,99 - Other,Little Italy
8741,LAUREL ST btwn PRESTON ST & END,366316.2778,5029862.559,-75.71415234,45.40599689,2016-04-24,0:00,01 - Clear,01 - Dry,10 - No control,01 - Non intersection,00 - Unknown,03 - P.D. only,06 - SMV unattended vehicle,Little Italy
8742,LAURIER AVE   E btwn COPERNICUS ST & RING LANE,368683.1237,5032000.192,-75.68364269,45.42501856,2016-03-12,19:15,02 - Rain,02 - Wet,10 - No control,01 - Non intersection,07 - Dark,03 - P.D. only,06 - SMV unattended vehicle,Sandy Hill
8743,LAURIER AVE   E btwn CUMBERLAND ST & COPERNICUS ST,368659.1206,5031986.851,-75.68395112,45.42490072,2016-08-09,16:12,01 - Clear,01 - Dry,10 - No control,01 - Non intersection,01 - Daylight,03 - P.D. only,04 - Sideswipe,Sandy Hill