Record,Location,X,Y,lon,lat,Date,Time,Environment,Road_Surface,Traffic_Control,Collision_Location,Light,Collision_Classification,Impact_type,Neighborhood
8958,LESTER RD btwn ALBION RD & UPLANDS DR,372364.283,5022106.323,-75.6379606,45.33565159,2016-04-06,19:09,03 - Snow,03 - Loose snow,10 - No control,01 - Non intersection,07 - Dark,03 - P.D. only,01 - Approaching,Greenbelt
8959,LESTER RD btwn ALBION RD & UPLANDS DR,372275.1338,5022065.018,-75.63910354,45.33528851,2016-01-16,20:30,03 - Snow,05 - Packed snow,10 - No control,01 - Non intersection,07 - Dark,03 - P.D. only,07 - SMV other,Greenbelt
8960,LESTER RD btwn ALBION RD & UPLANDS DR,371473.2222,5021417.044,-75.64942105,45.32953489,2016-09-09,18:30,01 - Clear,01 - Dry,10 - No control,01 - Non intersection,01 - Daylight,03 - P.D. only,04 - Sideswipe,Greenbelt
8961,LESTER RD btwn ALBION RD & UPLANDS DR,372451.0021,5022157.444,-75.6368473,45.3361032,2016-10-27,21:40,03 - Snow,04 - Slush,10 - No control,01 - Non intersection,07 - Dark,03 - P.D. only,07 - SMV other,Greenbelt
8962,LETOURNEAU ST btwn CLENNING ST & BEATRICE DR,364933.7756,5016574.834,-75.7334272,45.28655581,2016-01-24,11:47,01 - Clear,01 - Dry,10 - No control,01 - Non intersection,01 - Daylight,03 - P.D. only,06 - SMV unattended vehicle,New Barrhaven
8963,LETT ST btwn Continuation of LETT ST & END,366397.6929,5031080.842,-75.71296015,45.41695151,2016-07-11,13:44,02 - Rain,02 - Wet,10 - No control,04 - At/near private drive,01 - Daylight,03 - P.D. only,02 - Angle,LeBreton Flats
8964,LEVECHE WAY @ MAPLE GROVE RD,350151.0819,5016607.129,-75.92185973,45.28795572,2016-09-17,23:30,02 - Rain,02 - Wet,02 - Stop sign,03 - At intersection,07 - Dark,03 - P.D. only,02 - Angle,Stittsville
8965,LEVIS AVE @ MONA AVE,370843.9377,5033228.812,-75.655868,45.43587248,2016-04-29,16:54,01 - Clear,01 - Dry,02 - Stop sign,03 - At intersection,01 - Daylight,03 - P.D. only,02 - Angle,Vanier South
8966,LEVIS AVE @ OLMSTEAD ST,370390.0486,5033103.805,-75.66168536,45.43479044,2016-10-14,18:28,01 - Clear,01 - Dry,02 - Stop sign,03 - At intersection,05 - Dusk,03 - P.D. only,02 - Angle,Vanier South
8967,LEVIS AVE btwn ALTHA AVE & LACASSE AVE,370733.045,5033216.373,-75.65728688,45.43577102,2016-07-16,18:58,01 - Clear,01 - Dry,10 - No control,01 - Non intersection,01 - Daylight,03 - P.D. only,06 - SMV unattended vehicle,Vanier South
8968,LEWER ST @ RIVER RD,368293.7206,5020396.199,-75.69011004,45.32064437,2016-11-20,20:25,03 - Snow,05 - Packed snow,02 - Stop sign,03 - At intersection,07 - Dark,03 - P.D. only,03 - Rear end,Greenbelt
8969,LEWIS ST @ METCALFE ST,368121.3707,5030923.795,-75.6909589,45.41538458,2016-01-23,21:30,01 - Clear,02 - Wet,02 - Stop sign,02 - Intersection related,07 - Dark,03 - P.D. only,05 - Turning movement,Centretown
8970,LEWIS ST @ METCALFE ST,368120.4926,5030922.917,-75.69097023,45.41537676,2016-09-18,12:28,01 - Clear,01 - Dry,02 - Stop sign,03 - At intersection,01 - Daylight,03 - P.D. only,04 - Sideswipe,Centretown
8971,LEWIS ST btwn ELGIN ST & CARTIER ST,368286.0225,5031023.029,-75.68884262,45.41626254,2016-07-28,18:45,01 - Clear,01 - Dry,10 - No control,01 - Non intersection,01 - Daylight,03 - P.D. only,06 - SMV unattended vehicle,Golden Triangle
8972,LEWIS ST btwn JACK PURCELL LANE & ELGIN ST,368243.7175,5030996.339,-75.68938653,45.41602623,2016-09-13,12:10,01 - Clear,01 - Dry,10 - No control,01 - Non intersection,01 - Daylight,03 - P.D. only,06 - SMV unattended vehicle,Centretown
8973,LIARD ST btwn MORNINGSUN CRES & FERNBANK RD,351486.5469,5012643.906,-75.9052086,45.25220596,2016-02-29,16:35,04 - Freezing Rain,06 - Ice,10 - No control,01 - Non intersection,01 - Daylight,03 - P.D. only,07 - SMV other,Stittsville
8974,LIMEBANK RD @ RIDEAU RD,370886.4967,5014014.403,-75.65789184,45.26298303,2016-09-15,7:37,01 - Clear,01 - Dry,02 - Stop sign,03 - At intersection,01 - Daylight,03 - P.D. only,02 - Angle,Manotick
8975,LIMEBANK RD @ RIDEAU RD,370881.63,5014018.336,-75.65795333,45.26301887,2016-11-28,15:48,01 - Clear,01 - Dry,02 - Stop sign,03 - At intersection,01 - Daylight,03 - P.D. only,02 - Angle,Manotick
8976,LIMEBANK RD @ SPRATT RD,369776.3407,5016878.51,-75.67166166,45.28885725,2016-02-25,23:23,05 - Drifting Snow,06 - Ice,01 - Traffic signal,02 - Intersection related,07 - Dark,03 - P.D. only,03 - Rear end,Gloucester
8977,LIMEBANK RD @ SPRATT RD,369776.7798,5016878.51,-75.67165606,45.28885721,2016-02-13,19:20,01 - Clear,02 - Wet,01 - Traffic signal,03 - At intersection,07 - Dark,03 - P.D. only,02 - Angle,Gloucester
8978,LIMEBANK RD @ SPRATT RD,369778.6556,5016877.487,-75.67163228,45.28884783,2016-10-21,16:20,01 - Clear,02 - Wet,01 - Traffic signal,02 - Intersection related,01 - Daylight,03 - P.D. only,03 - Rear end,Gloucester
8979,LIMEBANK RD @ TOM ROBERTS RD,368580.3732,5019822.376,-75.68652792,45.31545524,2016-12-01,8:18,01 - Clear,02 - Wet,02 - Stop sign,03 - At intersection,01 - Daylight,03 - P.D. only,05 - Turning movement,Greenbelt
8980,LIMEBANK RD btwn EARL ARMSTRONG RD & RIDEAU RD,370305.0073,5015589.323,-75.66509294,45.2772083,2016-02-27,15:22,05 - Drifting Snow,03 - Loose snow,10 - No control,01 - Non intersection,01 - Daylight,03 - P.D. only,01 - Approaching,Greenbelt
8981,LIMEBANK RD btwn EARL ARMSTRONG RD & RIDEAU RD,370762.6655,5014349.832,-75.65942505,45.26601279,2016-02-24,19:54,04 - Freezing Rain,06 - Ice,10 - No control,01 - Non intersection,07 - Dark,03 - P.D. only,03 - Rear end,Greenbelt
8982,LIMEBANK RD btwn EARL ARMSTRONG RD & RIDEAU RD,370212.0356,5015818.422,-75.66624761,45.27927835,2016-10-27,18:13,05 - Drifting Snow,02 - Wet,10 - No control,01 - Non intersection,07 - Dark,03 - P.D. only,07 - SMV other,Greenbelt
8983,LIMEBANK RD btwn RIDEAU RD & MITCH OWENS RD,371011.5803,5013639.358,-75.65634812,45.25959667,2016-03-24,16:31,03 - Snow,03 - Loose snow,10 - No control,01 - Non intersection,01 - Daylight,03 - P.D. only,07 - SMV other,Manotick
8984,LIMEBANK RD btwn RIDEAU RD & MITCH OWENS RD,370887.7771,5014004.285,-75.65787688,45.26289187,2016-06-30,1:01,01 - Clear,01 - Dry,10 - No control,01 - Non intersection,07 - Dark,03 - P.D. only,07 - SMV other,Manotick
8985,LIMEBANK RD btwn RIDEAU RD & MITCH OWENS RD,371113.5116,5013401.389,-75.65508124,45.25744587,2016-10-08,12:22,02 - Rain,02 - Wet,10 - No control,01 - Non intersection,01 - Daylight,03 - P.D. only,03 - Rear end,Manotick
8986,LIMEBANK RD btwn RIDEAU RD & MITCH OWENS RD,371080.3916,5013456.368,-75.65549585,45.25794368,2016-10-03,22:56,01 - Clear,01 - Dry,10 - No control,01 - Non intersection,07 - Dark,03 - P.D. only,07 - SMV other,Manotick
8987,LIMEBANK RD btwn RIVER RD & BALMORAL DR,368429.4209,5020387.349,-75.68838044,45.32055246,2016-04-11,7:38,03 - Snow,06 - Ice,10 - No control,01 - Non intersection,01 - Daylight,03 - P.D. only,07 - SMV other,Greenbelt
8988,LIMEBANK RD btwn SPRATT RD & EARL ARMSTRONG RD,370138.359,5016005.321,-75.667162,45.28096689,2016-04-19,16:00,01 - Clear,01 - Dry,10 - No control,01 - Non intersection,01 - Daylight,03 - P.D. only,99 - Other,Gloucester
8989,LIMEBANK RD/RIVERSIDE DR @ RIVER RD,368403.3384,5020476.653,-75.68870163,45.32135836,2016-01-26,23:57,03 - Snow,03 - Loose snow,01 - Traffic signal,03 - At intersection,07 - Dark,03 - P.D. only,03 - Rear end,Greenbelt
8990,LIMEBANK RD/RIVERSIDE DR @ RIVER RD,368404.3454,5020477.773,-75.68868864,45.32136835,2016-06-10,12:36,01 - Clear,01 - Dry,01 - Traffic signal,02 - Intersection related,01 - Daylight,03 - P.D. only,03 - Rear end,Greenbelt
8991,LIMEBANK RD/RIVERSIDE DR @ RIVER RD,368395.1179,5020476.654,-75.68880648,45.32135911,2016-11-21,12:12,01 - Clear,01 - Dry,01 - Traffic signal,02 - Intersection related,01 - Daylight,03 - P.D. only,03 - Rear end,Greenbelt
8992,LIMERICK LANE btwn KILKENNY DR & END,338477.6791,5029856.354,-76.0697663,45.40783415,2016-01-18,21:05,01 - Clear,05 - Packed snow,10 - No control,04 - At/near private drive,07 - Dark,03 - P.D. only,06 - SMV unattended vehicle,Car
8993,LINDEN TER btwn O'CONNOR ST & QUEEN ELIZABETH DRWY,368726.766,5030138.348,-75.68332657,45.40826235,2016-12-03,9:03,01 - Clear,01 - Dry,10 - No control,04 - At/near private drive,01 - Daylight,03 - P.D. only,06 - SMV unattended vehicle,The Glebe
8994,LINDHURST CRES btwn ASHGROVE CRES & ASHGROVE CRES,361462.4327,5021965.743,-75.77705906,45.33535172,2016-11-14,6:00,01 - Clear,01 - Dry,10 - No control,01 - Non intersection,07 - Dark,03 - P.D. only,06 - SMV unattended vehicle,Briar Green - Leslie Park
8995,LISBON ST btwn WINTERPORT WAY & WINTERPORT WAY,385326.9457,5037820.351,-75.47003086,45.47566491,2016-07-16,20:19,01 - Clear,01 - Dry,10 - No control,01 - Non intersection,01 - Daylight,03 - P.D. only,06 - SMV unattended vehicle,Cardinal Creek
8996,LISGAR ST @ METCALFE ST,367915.4868,5031252.067,-75.69354712,45.41835687,2016-02-24,15:25,03 - Snow,03 - Loose snow,01 - Traffic signal,02 - Intersection related,01 - Daylight,03 - P.D. only,05 - Turning movement,Centretown
8997,LISGAR ST @ O'CONNOR ST,367762.4208,5031160.149,-75.69551446,45.41754361,2016-03-03,14:52,01 - Clear,02 - Wet,01 - Traffic signal,03 - At intersection,01 - Daylight,02 - Non-fatal injury,02 - Angle,Centretown
8998,LISGAR ST @ O'CONNOR ST,367762.189,5031159.493,-75.6955175,45.41753773,2016-01-01,2:20,03 - Snow,04 - Slush,01 - Traffic signal,03 - At intersection,07 - Dark,03 - P.D. only,02 - Angle,Centretown
8999,LISGAR ST @ O'CONNOR ST,367762.4208,5031160.149,-75.69551446,45.41754361,2016-03-03,8:05,01 - Clear,02 - Wet,01 - Traffic signal,03 - At intersection,01 - Daylight,03 - P.D. only,02 - Angle,Centretown
9000,LISGAR ST @ O'CONNOR ST,367763.1695,5031160.267,-75.69550488,45.41754461,2016-07-07,7:15,01 - Clear,01 - Dry,01 - Traffic signal,02 - Intersection related,01 - Daylight,03 - P.D. only,04 - Sideswipe,Centretown
9001,LISGAR ST btwn BANK ST & O'CONNOR ST,367645.0688,5031088.454,-75.69702289,45.41690907,2016-01-22,21:00,"07 - Fog, mist, smoke, dust",04 - Slush,10 - No control,01 - Non intersection,07 - Dark,03 - P.D. only,06 - SMV unattended vehicle,Centretown
9002,LISGAR ST btwn BRONSON AVE & PERCY ST,366980.7546,5030689.494,-75.7055604,45.4133787,2016-02-18,10:06,01 - Clear,01 - Dry,10 - No control,01 - Non intersection,01 - Daylight,03 - P.D. only,06 - SMV unattended vehicle,Centretown
9003,LISGAR ST btwn BRONSON AVE & PERCY ST,367003.4409,5030703.846,-75.70526877,45.41350582,2016-04-08,19:00,01 - Clear,01 - Dry,10 - No control,01 - Non intersection,05 - Dusk,03 - P.D. only,06 - SMV unattended vehicle,Centretown
9004,LISGAR ST btwn ELGIN ST & CARTIER ST,368094.8222,5031357.865,-75.69124232,45.4192926,2016-03-09,17:22,01 - Clear,01 - Dry,10 - No control,01 - Non intersection,01 - Daylight,03 - P.D. only,06 - SMV unattended vehicle,Golden Triangle
9005,LISGAR ST btwn METCALFE ST & ELGIN ST,368047.9996,5031330.537,-75.69184405,45.41905095,2016-05-01,17:12,01 - Clear,01 - Dry,10 - No control,01 - Non intersection,01 - Daylight,03 - P.D. only,06 - SMV unattended vehicle,Centretown
9006,LISGAR ST btwn O'CONNOR ST & METCALFE ST,367899.9734,5031242.891,-75.6937465,45.4182757,2016-10-20,13:44,01 - Clear,01 - Dry,10 - No control,01 - Non intersection,01 - Daylight,02 - Non-fatal injury,07 - SMV other,Centretown
9007,LISGAR ST btwn O'CONNOR ST & METCALFE ST,367912.1958,5031249.392,-75.69358951,45.4183331,2016-09-10,9:59,01 - Clear,01 - Dry,10 - No control,01 - Non intersection,01 - Daylight,03 - P.D. only,04 - Sideswipe,Centretown
9008,LITTLE LONDON PRIV btwn END & END,368665.9078,5032739.582,-75.68376678,45.43167289,2016-10-24,10:34,01 - Clear,01 - Dry,10 - No control,01 - Non intersection,01 - Daylight,03 - P.D. only,06 - SMV unattended vehicle,Lower Town
9009,LIVERPOOL CRT @ NEWMARKET ST,373498.5061,5030383.779,-75.62233966,45.41001853,2016-05-31,18:17,01 - Clear,01 - Dry,02 - Stop sign,02 - Intersection related,01 - Daylight,03 - P.D. only,03 - Rear end,Industrial Park
9010,LIVERPOOL CRT btwn NEWMARKET ST & END,373476.2316,5030432.644,-75.62261739,45.41046038,2016-07-12,8:00,01 - Clear,01 - Dry,10 - No control,01 - Non intersection,01 - Daylight,03 - P.D. only,06 - SMV unattended vehicle,Industrial Park
9011,LIVERPOOL CRT btwn NEWMARKET ST & END,373480.5099,5030426.363,-75.62256362,45.41040345,2016-09-07,0:00,01 - Clear,02 - Wet,10 - No control,01 - Non intersection,00 - Unknown,03 - P.D. only,06 - SMV unattended vehicle,Industrial Park
9012,LOCHABER AVE btwn DUCHESS AVE & KIRCHOFFER AVE,362757.5137,5028484.031,-75.75977229,45.39389683,2016-12-12,20:22,03 - Snow,03 - Loose snow,10 - No control,04 - At/near private drive,07 - Dark,03 - P.D. only,06 - SMV unattended vehicle,Westboro Beach
9013,LOCKHART AVE btwn NEEPAWA AVE & SAVILLE ROW,361910.0004,5026302.265,-75.77084818,45.37433518,2016-03-28,7:41,02 - Rain,02 - Wet,10 - No control,04 - At/near private drive,01 - Daylight,03 - P.D. only,06 - SMV unattended vehicle,Carlingwood - McKellar Park - Laurentien View
9014,LOGGERS WAY @ THYMES DR,327689.1156,5029599.478,-76.20760032,45.40595864,2016-03-06,15:47,01 - Clear,01 - Dry,02 - Stop sign,03 - At intersection,01 - Daylight,02 - Non-fatal injury,07 - SMV other,Kinburn
9015,LOGGERS WAY btwn GALETTA SIDE RD & RIDDLEDALE RD,325270.6949,5032269.91,-76.23838343,45.43006335,2016-10-26,19:31,01 - Clear,01 - Dry,10 - No control,01 - Non intersection,07 - Dark,03 - P.D. only,07 - SMV other,Galetta
9016,LOGGERS WAY btwn LELAND ST & KILGORE ST,329257.22,5027943.122,-76.18765081,45.39100095,2016-01-26,10:16,01 - Clear,03 - Loose snow,10 - No control,01 - Non intersection,01 - Daylight,03 - P.D. only,06 - SMV unattended vehicle,Kinburn
9017,LOLA ST @ DONALD ST,371095.3979,5032360.256,-75.65277129,45.4280338,2016-03-29,12:07,01 - Clear,01 - Dry,01 - Traffic signal,02 - Intersection related,01 - Daylight,02 - Non-fatal injury,03 - Rear end,Vanier South
9018,LOLA ST @ DONALD ST,371093.0697,5032361.654,-75.65280086,45.4280466,2016-11-22,16:34,01 - Clear,01 - Dry,01 - Traffic signal,03 - At intersection,05 - Dusk,02 - Non-fatal injury,07 - SMV other,Vanier South
9019,LOLA ST @ DONALD ST,371094.6621,5032359.785,-75.65278076,45.42802963,2016-05-13,16:57,01 - Clear,01 - Dry,01 - Traffic signal,03 - At intersection,01 - Daylight,03 - P.D. only,05 - Turning movement,Vanier South
9020,LOLA ST @ DONALD ST,371094.3439,5032359.864,-75.65278481,45.42803037,2016-05-23,16:38,01 - Clear,01 - Dry,01 - Traffic signal,02 - Intersection related,01 - Daylight,03 - P.D. only,03 - Rear end,Vanier South
9021,LOLA ST @ DONALD ST,371094.3439,5032359.228,-75.6527849,45.42802465,2016-02-17,22:05,01 - Clear,06 - Ice,01 - Traffic signal,03 - At intersection,07 - Dark,03 - P.D. only,03 - Rear end,Vanier South
9022,LOLA ST @ DONALD ST,371094.3439,5032359.387,-75.65278488,45.42802608,2016-04-28,16:43,01 - Clear,01 - Dry,01 - Traffic signal,02 - Intersection related,01 - Daylight,03 - P.D. only,05 - Turning movement,Vanier South
9023,LOLA ST @ PRINCE ALBERT ST,371138.5527,5031972.819,-75.65227204,45.42454372,2016-12-31,11:44,03 - Snow,03 - Loose snow,02 - Stop sign,03 - At intersection,01 - Daylight,03 - P.D. only,02 - Angle,Overbrook
9024,LOLA ST @ QUEEN MARY ST,371129.4963,5032045.493,-75.65237797,45.42519846,2016-07-15,16:47,02 - Rain,02 - Wet,02 - Stop sign,03 - At intersection,01 - Daylight,02 - Non-fatal injury,02 - Angle,Overbrook
9025,LOLA ST btwn SPARTAN AVE & FULLERTON AVE,371077.4813,5032508.42,-75.6529803,45.42936861,2016-10-16,21:25,02 - Rain,02 - Wet,10 - No control,04 - At/near private drive,07 - Dark,03 - P.D. only,02 - Angle,Vanier South
9026,LONG ISLAND RD @ SUNRISE AVE,368773.831,5010510.18,-75.68526064,45.23164761,2016-04-14,19:01,01 - Clear,01 - Dry,02 - Stop sign,03 - At intersection,01 - Daylight,03 - P.D. only,07 - SMV other,Manotick
9027,LONG ISLAND RD btwn LENA AVE & CINDY HILL CRES,367936.5541,5011396.8,-75.6958102,45.23970095,2016-05-21,14:17,01 - Clear,01 - Dry,10 - No control,01 - Non intersection,01 - Daylight,03 - P.D. only,07 - SMV other,Manotick
9028,LONG POINT CIRC btwn TUNDRA SWAN BAY & LARUE MILLS PL,375077.4818,5020392.538,-75.60359087,45.31996513,2016-11-25,15:53,01 - Clear,04 - Slush,10 - No control,01 - Non intersection,01 - Daylight,03 - P.D. only,06 - SMV unattended vehicle,Greenbelt
9029,LONGFIELDS DR @ MOUNTSHANNON DR E,364885.0482,5016800.352,-75.734021,45.28858918,2016-10-12,9:19,01 - Clear,01 - Dry,11 - Roundabout,03 - At intersection,01 - Daylight,03 - P.D. only,03 - Rear end,New Barrhaven
9030,LONGFIELDS DR @ NORTH HARROW DR,364209.8924,5015850.926,-75.74274096,45.28010365,2016-04-17,20:06,01 - Clear,01 - Dry,02 - Stop sign,02 - Intersection related,07 - Dark,03 - P.D. only,99 - Other,New Barrhaven
9031,LONGFIELDS DR @ PAUL METIVIER DR,364841.334,5014200.437,-75.73489269,45.26519892,2016-08-28,21:10,01 - Clear,01 - Dry,02 - Stop sign,03 - At intersection,07 - Dark,03 - P.D. only,02 - Angle,New Barrhaven
9032,LONGFIELDS DR @ PORTRUSH AVE,364436.6198,5015359.684,-75.73991029,45.27566426,2016-03-17,10:22,01 - Clear,01 - Dry,02 - Stop sign,02 - Intersection related,01 - Daylight,03 - P.D. only,02 - Angle,New Barrhaven
9033,LONGFIELDS DR @ SPRINGBEAUTY AVE,365266.7,5017018.654,-75.72912944,45.29052072,2016-06-23,12:27,01 - Clear,01 - Dry,02 - Stop sign,02 - Intersection related,01 - Daylight,03 - P.D. only,99 - Other,Greenbelt
9034,LONGFIELDS DR @ VIA VERONA AVE,364068.1159,5016055.452,-75.74452351,45.28195594,2016-03-24,16:48,04 - Freezing Rain,06 - Ice,02 - Stop sign,03 - At intersection,01 - Daylight,03 - P.D. only,04 - Sideswipe,New Barrhaven
9035,LONGFIELDS DR @ WOODROFFE AVE,365420.9504,5017107.164,-75.72715231,45.29130384,2016-01-18,11:10,01 - Clear,04 - Slush,01 - Traffic signal,03 - At intersection,01 - Daylight,03 - P.D. only,02 - Angle,Greenbelt
9036,LONGFIELDS DR @ WOODROFFE AVE,365421.4362,5017107.744,-75.72714605,45.29130901,2016-03-09,17:46,01 - Clear,01 - Dry,01 - Traffic signal,02 - Intersection related,05 - Dusk,03 - P.D. only,04 - Sideswipe,Greenbelt
9037,LONGFIELDS DR @ WOODROFFE AVE,365421.9981,5017105.703,-75.72713913,45.2912906,2016-10-25,16:05,02 - Rain,02 - Wet,01 - Traffic signal,03 - At intersection,01 - Daylight,03 - P.D. only,03 - Rear end,Greenbelt
9038,LONGFIELDS DR btwn CHAPMAN MILLS DR & GLENROY GILBERT DR,364803.6806,5014650.173,-75.73531813,45.26924886,2016-12-02,19:31,01 - Clear,01 - Dry,10 - No control,01 - Non intersection,07 - Dark,03 - P.D. only,04 - Sideswipe,New Barrhaven
9039,LONGFIELDS DR btwn DEERCROFT AVE & STRANDHERD DR,364523.2946,5015217.978,-75.73882273,45.27438184,2016-01-08,9:20,01 - Clear,02 - Wet,10 - No control,04 - At/near private drive,01 - Daylight,03 - P.D. only,05 - Turning movement,New Barrhaven
9040,LONGFIELDS DR btwn DEERCROFT AVE & STRANDHERD DR,364515.2079,5015232.249,-75.73892407,45.27451093,2016-10-06,10:11,01 - Clear,01 - Dry,10 - No control,04 - At/near private drive,01 - Daylight,03 - P.D. only,02 - Angle,New Barrhaven
9041,LONGFIELDS DR btwn DEERCROFT AVE & STRANDHERD DR,364532.2177,5015202.539,-75.73871087,45.27424216,2016-09-29,15:00,01 - Clear,01 - Dry,10 - No control,01 - Non intersection,01 - Daylight,03 - P.D. only,02 - Angle,New Barrhaven
9042,LONGFIELDS DR btwn MOUNTSHANNON DR & WOODROFFE AVE,365344.3549,5017060.462,-75.72813443,45.29089022,2016-08-24,15:14,01 - Clear,01 - Dry,10 - No control,01 - Non intersection,01 - Daylight,03 - P.D. only,05 - Turning movement,Greenbelt
9043,LONGFIELDS DR btwn MOUNTSHANNON DR W & 250 W OF MOUNTSHANNON E/MOTHER ,364388.144,5016459.837,-75.74039599,45.28556754,2016-11-04,13:14,01 - Clear,01 - Dry,10 - No control,01 - Non intersection,01 - Daylight,02 - Non-fatal injury,07 - SMV other,New Barrhaven
9044,LONGFIELDS DR btwn STRANDHERD DR & MARKETPLACE AVE,364629.9165,5014960.948,-75.73749492,45.27206002,2016-02-21,3:19,01 - Clear,01 - Dry,10 - No control,01 - Non intersection,07 - Dark,02 - Non-fatal injury,07 - SMV other,New Barrhaven
9045,LONGFIELDS DR btwn STRANDHERD DR & MARKETPLACE AVE,364610.7737,5015031.402,-75.73773038,45.27269559,2016-09-20,16:39,01 - Clear,01 - Dry,10 - No control,04 - At/near private drive,01 - Daylight,03 - P.D. only,02 - Angle,New Barrhaven
9046,LONGLEAF DR btwn MONTCLAIR AVE & GLADEWOODS PL,380582.3216,5033885.42,-75.53131378,45.44079255,2016-12-15,19:05,01 - Clear,01 - Dry,10 - No control,04 - At/near private drive,07 - Dark,03 - P.D. only,02 - Angle,Chapel Hill South
9047,LONGSHIRE CIRC btwn SLEAFORD GT & WILTSHIRE CIRC,365573.0195,5016534.559,-75.72528393,45.28613843,2016-01-14,20:08,03 - Snow,05 - Packed snow,10 - No control,01 - Non intersection,07 - Dark,03 - P.D. only,06 - SMV unattended vehicle,Chapman Mills - Rideau Crest - Davidson Heights
9048,LOOSESTRIFE WAY btwn FERNSIDE ST & ROTARY WAY,376122.0676,5021308.86,-75.59013658,45.32810446,2016-01-31,23:31,02 - Rain,06 - Ice,10 - No control,01 - Non intersection,07 - Dark,02 - Non-fatal injury,07 - SMV other,Greenbelt
9049,LORETTA AVE   S btwn YOUNG ST & NOLAN AVE,366296.9456,5029339.416,-75.71446452,45.40129149,2016-01-05,12:30,01 - Clear,05 - Packed snow,10 - No control,01 - Non intersection,01 - Daylight,03 - P.D. only,06 - SMV unattended vehicle,Centretown West
9050,LORRY GREENBERG DR @ MARGRAVE AVE,372618.515,5025287.782,-75.63428096,45.3642527,2016-08-03,17:51,01 - Clear,01 - Dry,02 - Stop sign,02 - Intersection related,01 - Daylight,03 - P.D. only,03 - Rear end,Greenboro East
9051,LORRY GREENBERG DR btwn CONROY RD & BLOHM DR,373585.4312,5025889.157,-75.62185578,45.3695694,2016-03-26,15:08,01 - Clear,01 - Dry,10 - No control,01 - Non intersection,01 - Daylight,03 - P.D. only,04 - Sideswipe,Hunt Club
9052,LORRY GREENBERG DR btwn HEARTLEAF PRIV & HUNT CLUB RD,372810.7842,5024838.414,-75.63188873,45.36019083,2016-07-31,0:37,01 - Clear,01 - Dry,10 - No control,01 - Non intersection,07 - Dark,02 - Non-fatal injury,07 - SMV other,Greenboro East
9053,LORRY GREENBERG DR btwn HEARTLEAF PRIV & HUNT CLUB RD,372813.4204,5024831.435,-75.63185604,45.36012778,2016-02-26,13:18,01 - Clear,01 - Dry,10 - No control,04 - At/near private drive,01 - Daylight,03 - P.D. only,02 - Angle,Greenboro East
9054,LORRY GREENBERG DR btwn HEARTLEAF PRIV & HUNT CLUB RD,372821.2683,5024813.345,-75.63175837,45.35996425,2016-11-01,18:17,01 - Clear,01 - Dry,10 - No control,04 - At/near private drive,07 - Dark,03 - P.D. only,02 - Angle,Greenboro East
9055,LORRY GREENBERG DR btwn HUNTER'S GLEN CRES & MARGRAVE AVE,372594.8614,5025241.781,-75.63458918,45.36384108,2016-05-09,0:00,01 - Clear,01 - Dry,10 - No control,01 - Non intersection,00 - Unknown,03 - P.D. only,06 - SMV unattended vehicle,Greenboro East
9056,LORRY GREENBERG DR btwn ZAIDAN DR & SIREN PRIV,372801.6289,5025386.942,-75.63193009,45.36512716,2016-04-13,9:00,01 - Clear,01 - Dry,10 - No control,01 - Non intersection,01 - Daylight,03 - P.D. only,06 - SMV unattended vehicle,Greenboro East
9057,LOTTA AVE @ PENDER ST,364145.8008,5024285.631,-75.74254727,45.356004,2016-11-23,11:21,01 - Clear,02 - Wet,02 - Stop sign,03 - At intersection,01 - Daylight,03 - P.D. only,02 - Angle,Crestview - Meadowlands
9058,LOTTA AVE @ ST. HELEN'S PL,364318.6054,5024393.677,-75.74032889,45.35696154,2016-12-09,9:29,01 - Clear,05 - Packed snow,02 - Stop sign,02 - Intersection related,01 - Daylight,03 - P.D. only,07 - SMV other,Crestview - Meadowlands
9059,LOTTA AVE btwn BASSANO ST & PENDER ST,364024.036,5024208.742,-75.74411048,45.35532246,2016-12-21,2:30,03 - Snow,04 - Slush,10 - No control,01 - Non intersection,07 - Dark,02 - Non-fatal injury,07 - SMV other,Crestview - Meadowlands
9060,LOYOLA AVE @ SHEFFORD RD,376000.0686,5035168.683,-75.58969296,45.45282024,2016-02-13,15:43,01 - Clear,03 - Loose snow,02 - Stop sign,03 - At intersection,01 - Daylight,03 - P.D. only,02 - Angle,Greenbelt
9061,LOYOLA AVE btwn EASTVALE DR & DE SALABERRY ST,375885.9583,5035121.362,-75.59115854,45.45240609,2016-06-03,16:36,01 - Clear,01 - Dry,10 - No control,04 - At/near private drive,01 - Daylight,02 - Non-fatal injury,02 - Angle,Greenbelt
9062,LUMBERMAN WAY @ ORLEANS BLVD,380453.3909,5037242.009,-75.53244523,45.47100648,2016-11-29,15:43,02 - Rain,02 - Wet,02 - Stop sign,02 - Intersection related,01 - Daylight,03 - P.D. only,04 - Sideswipe,Industrial Park
9063,LYALL ST btwn SUTTON PL & HILLIARD AVE,365802.7311,5025146.093,-75.72129498,45.36360409,2016-08-02,0:00,01 - Clear,01 - Dry,10 - No control,01 - Non intersection,00 - Unknown,03 - P.D. only,06 - SMV unattended vehicle,Cityview - Skyline - Fisher Heights
9064,LYNDA LANE @ SMYTH RD,371612.5506,5029191.962,-75.64659252,45.39947764,2016-09-22,21:16,02 - Rain,02 - Wet,02 - Stop sign,02 - Intersection related,07 - Dark,03 - P.D. only,03 - Rear end,Alta Vista