Record,Location,X,Y,lon,lat,Date,Time,Environment,Road_Surface,Traffic_Control,Collision_Location,Light,Collision_Classification,Impact_type,Neighborhood
9065,LYNDA LANE btwn BILLINGS AVE & SMYTH RD,371602.2822,5029161.032,-75.64672785,45.39920032,2016-01-12,20:05,03 - Snow,03 - Loose snow,10 - No control,01 - Non intersection,07 - Dark,03 - P.D. only,05 - Turning movement,Alta Vista
9066,LYNDA LANE btwn BILLINGS AVE & SMYTH RD,371581.0806,5029097.552,-75.64700723,45.39863118,2016-10-19,0:00,01 - Clear,01 - Dry,10 - No control,01 - Non intersection,00 - Unknown,03 - P.D. only,06 - SMV unattended vehicle,Alta Vista
9067,LYNDA LANE btwn BILLINGS AVE & SMYTH RD,371605.6345,5029172.382,-75.6466835,45.39930212,2016-06-27,9:20,01 - Clear,01 - Dry,10 - No control,01 - Non intersection,01 - Daylight,03 - P.D. only,06 - SMV unattended vehicle,Alta Vista
9068,LYNDALE AVE @ PARKDALE AVE,364862.138,5029928.968,-75.73271865,45.40672071,2016-09-07,14:13,01 - Clear,01 - Dry,01 - Traffic signal,02 - Intersection related,01 - Daylight,03 - P.D. only,03 - Rear end,Tunney's Pasture
9069,LYNDALE AVE btwn HINCHEY AVE & CARRUTHERS AVE,365048.671,5030006.42,-75.73032648,45.40740158,2016-07-30,23:48,01 - Clear,01 - Dry,10 - No control,04 - At/near private drive,07 - Dark,03 - P.D. only,06 - SMV unattended vehicle,Mechanicsville
9070,LYNHAR RD btwn STAFFORD RD & VIRGIL RD,358163.3891,5021024.401,-75.81924909,45.32714012,2016-01-08,8:57,01 - Clear,01 - Dry,10 - No control,04 - At/near private drive,01 - Daylight,03 - P.D. only,02 - Angle,Bells Corners East
9071,LYON ST    N btwn ALBERT ST & SLATER ST,367088.0688,5031177.892,-75.70412773,45.41776362,2016-01-28,13:43,01 - Clear,01 - Dry,10 - No control,01 - Non intersection,01 - Daylight,03 - P.D. only,04 - Sideswipe,Downtown
9072,LYON ST    N btwn ALBERT ST & SLATER ST,367070.2002,5031207.766,-75.70435224,45.418034,2016-07-26,15:51,01 - Clear,01 - Dry,10 - No control,01 - Non intersection,01 - Daylight,03 - P.D. only,06 - SMV unattended vehicle,Downtown
9073,LYON ST    N btwn COOPER ST & SOMERSET ST W,367328.8961,5030783.242,-75.70110099,45.4141912,2016-03-31,11:14,02 - Rain,02 - Wet,10 - No control,01 - Non intersection,01 - Daylight,03 - P.D. only,04 - Sideswipe,Centretown
9074,LYON ST    N btwn GLADSTONE AVE & MCLEOD ST,367614.7354,5030311.021,-75.6975095,45.4099167,2016-05-26,0:00,01 - Clear,01 - Dry,10 - No control,01 - Non intersection,00 - Unknown,03 - P.D. only,06 - SMV unattended vehicle,Centretown
9075,LYON ST    N btwn LAURIER AVE W & GLOUCESTER ST,367161.2605,5031056.344,-75.70320801,45.41666344,2016-03-29,21:59,01 - Clear,01 - Dry,10 - No control,01 - Non intersection,07 - Dark,03 - P.D. only,04 - Sideswipe,Downtown
9076,LYON ST    N btwn MACLAREN ST & GILMOUR ST,367415.2369,5030634.879,-75.70001681,45.41284855,2016-02-24,12:52,03 - Snow,03 - Loose snow,10 - No control,01 - Non intersection,01 - Daylight,03 - P.D. only,06 - SMV unattended vehicle,Centretown
9077,LYON ST    N btwn MACLAREN ST & GILMOUR ST,367448.7429,5030580.611,-75.69959567,45.41235726,2016-12-06,10:20,01 - Clear,02 - Wet,10 - No control,01 - Non intersection,01 - Daylight,03 - P.D. only,07 - SMV other,Centretown
9078,LYON ST    N btwn QUEEN ST & ALBERT ST,367050.6739,5031237.11,-75.70459801,45.41829977,2016-01-05,7:40,01 - Clear,01 - Dry,10 - No control,01 - Non intersection,03 - Dawn,03 - P.D. only,04 - Sideswipe,Downtown
9079,LYON ST    N btwn QUEEN ST & ALBERT ST,367038.7442,5031256.246,-75.70474801,45.41847301,2016-01-06,12:15,01 - Clear,02 - Wet,10 - No control,04 - At/near private drive,01 - Daylight,03 - P.D. only,04 - Sideswipe,Downtown
9080,LYON ST    N btwn SLATER ST & LAURIER AVE W,367107.8725,5031143.434,-75.70387907,45.41745181,2016-05-16,8:19,01 - Clear,01 - Dry,10 - No control,01 - Non intersection,01 - Daylight,02 - Non-fatal injury,04 - Sideswipe,Downtown
9081,LYON ST    N btwn SPARKS ST & WELLINGTON ST,366951.7979,5031424.106,-75.70583767,45.41999109,2016-01-06,15:00,01 - Clear,01 - Dry,10 - No control,01 - Non intersection,01 - Daylight,03 - P.D. only,03 - Rear end,Downtown
9082,LYON ST    S btwn THIRD AVE & FOURTH AVE,368148.478,5029416.584,-75.69080627,45.40182073,2016-11-04,18:13,01 - Clear,01 - Dry,10 - No control,01 - Non intersection,07 - Dark,03 - P.D. only,06 - SMV unattended vehicle,The Glebe
9083,LYON ST @ NEPEAN ST,367233.0379,5030933.334,-75.70230658,45.41555024,2016-12-15,13:58,01 - Clear,04 - Slush,02 - Stop sign,02 - Intersection related,01 - Daylight,03 - P.D. only,04 - Sideswipe,Centretown
9084,LYON ST @ SLATER ST,367102.3388,5031152.483,-75.70394863,45.41753372,2016-11-05,1:38,02 - Rain,02 - Wet,01 - Traffic signal,03 - At intersection,07 - Dark,02 - Non-fatal injury,02 - Angle,Downtown
9085,LYON ST @ SLATER ST,367104.3609,5031150.517,-75.70392304,45.41751585,2016-08-29,21:45,01 - Clear,01 - Dry,01 - Traffic signal,03 - At intersection,07 - Dark,02 - Non-fatal injury,07 - SMV other,Downtown
9086,LYON ST @ SLATER ST,367102.9319,5031153.042,-75.70394098,45.4175387,2016-07-16,11:13,01 - Clear,01 - Dry,01 - Traffic signal,03 - At intersection,01 - Daylight,03 - P.D. only,02 - Angle,Downtown
9087,LYON ST @ SOMERSET ST,367366.8779,5030716.882,-75.70062418,45.41359071,2016-03-02,12:32,05 - Drifting Snow,04 - Slush,01 - Traffic signal,03 - At intersection,01 - Daylight,02 - Non-fatal injury,02 - Angle,Centretown
9088,LYON ST @ SOMERSET ST,367367.11,5030717.042,-75.7006212,45.41359213,2016-04-11,0:41,03 - Snow,02 - Wet,01 - Traffic signal,03 - At intersection,07 - Dark,03 - P.D. only,02 - Angle,Centretown
9089,LYON ST @ SOMERSET ST,367366.4205,5030716.033,-75.70063013,45.41358312,2016-06-23,19:46,01 - Clear,01 - Dry,01 - Traffic signal,03 - At intersection,01 - Daylight,03 - P.D. only,02 - Angle,Centretown
9090,LYON ST @ SOMERSET ST,367366.8815,5030716.955,-75.70062413,45.41359137,2016-08-21,14:23,02 - Rain,02 - Wet,01 - Traffic signal,03 - At intersection,01 - Daylight,03 - P.D. only,05 - Turning movement,Centretown
9091,LYON ST @ SPARKS ST,366974.2105,5031355.647,-75.70555996,45.41937313,2016-10-21,11:30,01 - Clear,01 - Dry,01 - Traffic signal,02 - Intersection related,01 - Daylight,02 - Non-fatal injury,03 - Rear end,Downtown
9092,LYON ST @ SPARKS ST,366976.695,5031353.163,-75.70552853,45.41935056,2016-11-01,17:00,01 - Clear,01 - Dry,01 - Traffic signal,02 - Intersection related,07 - Dark,02 - Non-fatal injury,03 - Rear end,Downtown
9093,LYON ST @ SPARKS ST,366976.6337,5031353.592,-75.70552926,45.41935442,2016-06-05,14:32,02 - Rain,02 - Wet,01 - Traffic signal,02 - Intersection related,01 - Daylight,03 - P.D. only,04 - Sideswipe,Downtown
9094,LYON ST @ WELLINGTON ST,366935.9454,5031426.451,-75.70603992,45.4200136,2016-02-25,19:04,03 - Snow,04 - Slush,01 - Traffic signal,03 - At intersection,07 - Dark,02 - Non-fatal injury,05 - Turning movement,Downtown
9095,LYON ST @ WELLINGTON ST,366935.3238,5031426.311,-75.70604788,45.4200124,2016-02-18,15:30,01 - Clear,06 - Ice,01 - Traffic signal,02 - Intersection related,01 - Daylight,03 - P.D. only,03 - Rear end,Downtown
9096,LYON ST @ WELLINGTON ST,366934.7383,5031426.08,-75.70605539,45.42001037,2016-08-15,15:47,01 - Clear,01 - Dry,01 - Traffic signal,03 - At intersection,01 - Daylight,03 - P.D. only,05 - Turning movement,Downtown
9097,LYON ST @ WELLINGTON ST,366935.2719,5031426.182,-75.70604856,45.42001124,2016-06-29,14:25,01 - Clear,02 - Wet,01 - Traffic signal,03 - At intersection,01 - Daylight,03 - P.D. only,05 - Turning movement,Downtown
9098,LYON ST @ WELLINGTON ST,366934.8118,5031426.396,-75.70605441,45.42001321,2016-05-22,10:35,01 - Clear,01 - Dry,01 - Traffic signal,03 - At intersection,01 - Daylight,03 - P.D. only,04 - Sideswipe,Downtown
9099,LYON ST @ WELLINGTON ST,366934.7383,5031426.315,-75.70605536,45.42001248,2016-01-26,16:30,02 - Rain,02 - Wet,01 - Traffic signal,03 - At intersection,01 - Daylight,03 - P.D. only,04 - Sideswipe,Downtown
9100,LYON ST @ WELLINGTON ST,366935.7302,5031426.396,-75.70604268,45.42001312,2016-02-04,17:00,01 - Clear,04 - Slush,01 - Traffic signal,02 - Intersection related,01 - Daylight,03 - P.D. only,03 - Rear end,Downtown
9101,LYON ST @ WELLINGTON ST,366934.1611,5031426.388,-75.70606272,45.42001319,2016-03-15,13:27,02 - Rain,02 - Wet,01 - Traffic signal,03 - At intersection,01 - Daylight,03 - P.D. only,04 - Sideswipe,Downtown
9102,LYON ST @ WELLINGTON ST,366934.1733,5031426.825,-75.70606251,45.42001712,2016-08-18,17:03,01 - Clear,01 - Dry,01 - Traffic signal,02 - Intersection related,01 - Daylight,03 - P.D. only,04 - Sideswipe,Downtown
9103,LYON ST @ WELLINGTON ST,366935.0515,5031425.507,-75.70605146,45.42000519,2016-09-08,13:14,01 - Clear,01 - Dry,01 - Traffic signal,03 - At intersection,01 - Daylight,03 - P.D. only,05 - Turning movement,Downtown
9104,LYON ST @ WELLINGTON ST,366935.4423,5031426.55,-75.70604633,45.42001454,2016-10-03,20:40,01 - Clear,01 - Dry,01 - Traffic signal,03 - At intersection,07 - Dark,03 - P.D. only,04 - Sideswipe,Downtown
9105,LYON ST @ WELLINGTON ST,366937.7555,5031427.408,-75.70601667,45.42002205,2016-06-21,16:28,01 - Clear,01 - Dry,01 - Traffic signal,02 - Intersection related,01 - Daylight,03 - P.D. only,05 - Turning movement,Downtown
9106,LYON ST @ WELLINGTON ST,366935.271,5031426.58,-75.70604852,45.42001482,2016-12-28,17:15,01 - Clear,02 - Wet,01 - Traffic signal,03 - At intersection,07 - Dark,03 - P.D. only,04 - Sideswipe,Downtown
9107,LYON ST @ WELLINGTON ST,366935.677,5031425.846,-75.70604343,45.42000818,2016-11-30,18:20,02 - Rain,02 - Wet,01 - Traffic signal,02 - Intersection related,07 - Dark,03 - P.D. only,05 - Turning movement,Downtown
9108,LYON ST @ WELLINGTON ST,366936.0992,5031427.408,-75.70603783,45.4200222,2016-12-15,17:00,01 - Clear,01 - Dry,01 - Traffic signal,02 - Intersection related,07 - Dark,03 - P.D. only,03 - Rear end,Downtown
9109,MACDONALD ST btwn MACLAREN ST & GILMOUR ST,368530.0109,5031273.969,-75.68569305,45.41849823,2016-03-17,13:45,01 - Clear,02 - Wet,10 - No control,04 - At/near private drive,01 - Daylight,03 - P.D. only,06 - SMV unattended vehicle,Golden Triangle
9110,MACDONALD-CARTIER BR btwn RAMP & END (1),367418.2525,5033227.443,-75.69964871,45.43617533,2016-08-08,7:25,01 - Clear,01 - Dry,10 - No control,07 - Overpass or bridge,01 - Daylight,02 - Non-fatal injury,04 - Sideswipe,Bywar
9111,MACDONALD-CARTIER BR btwn RAMP & END (1),367256.5407,5033284.28,-75.70170821,45.43670119,2016-02-12,17:10,03 - Snow,02 - Wet,10 - No control,01 - Non intersection,01 - Daylight,03 - P.D. only,03 - Rear end,Gatineau
9112,MACDONALD-CARTIER BR btwn RAMP & END (1),367307.1088,5033264.716,-75.70106442,45.43652064,2016-04-04,16:53,01 - Clear,01 - Dry,10 - No control,07 - Overpass or bridge,01 - Daylight,03 - P.D. only,03 - Rear end,Bywar
9113,MACDONALD-CARTIER BR btwn RAMP & END (2),367249.6119,5033271.637,-75.70179836,45.43658805,2016-01-16,9:06,03 - Snow,06 - Ice,10 - No control,07 - Overpass or bridge,01 - Daylight,03 - P.D. only,03 - Rear end,Gatineau
9114,MACDONALD-CARTIER BR btwn RAMP & END (2),367333.4604,5033244.293,-75.70073023,45.43633453,2016-04-05,8:47,01 - Clear,01 - Dry,10 - No control,01 - Non intersection,01 - Daylight,03 - P.D. only,03 - Rear end,Bywar
9115,MACDONALD-CARTIER BR btwn RAMP & END (2),367275.5716,5033262.34,-75.70146777,45.43650208,2016-07-22,6:52,01 - Clear,01 - Dry,10 - No control,07 - Overpass or bridge,01 - Daylight,03 - P.D. only,03 - Rear end,Bywar
9116,MACDONALD-CARTIER BR RAMP NB-1 btwn MACDONALD-CARTIER BR & MACDONALD-C,367616.06,5033180.655,-75.69712667,45.43573661,2016-09-08,16:38,01 - Clear,01 - Dry,10 - No control,01 - Non intersection,01 - Daylight,03 - P.D. only,03 - Rear end,Byward Market - Parliament Hill
9117,MACDONALD-CARTIER BR RAMP NB-3 btwn MACDONALD-CARTIER BR RAMP NB-1/NB-,367835.6576,5033260.207,-75.69431001,45.43643262,2016-09-27,8:49,01 - Clear,01 - Dry,10 - No control,07 - Overpass or bridge,01 - Daylight,03 - P.D. only,03 - Rear end,Byward Market - Parliament Hill
9118,MACDONALD-CARTIER BR RAMP NB-3 btwn MACDONALD-CARTIER BR RAMP NB-1/NB-,367986.3031,5033284.924,-75.69238155,45.43664142,2016-05-22,0:27,01 - Clear,01 - Dry,10 - No control,01 - Non intersection,07 - Dark,03 - P.D. only,07 - SMV other,Lower Town
9119,MACDONALD-CARTIER BR RAMP SB-1 btwn MACDONALD-CARTIER BR & CATHCART ST,367603.1531,5033162.191,-75.69729397,45.43557163,2016-07-30,1:36,01 - Clear,01 - Dry,10 - No control,01 - Non intersection,07 - Dark,03 - P.D. only,07 - SMV other,Lower Town
9120,MACDONALD-CARTIER BR RAMP SB-2 btwn BOTELER ST & MACDONALD-CARTIER BR,367538.7275,5033168.659,-75.69811651,45.43563561,2016-01-16,20:00,01 - Clear,02 - Wet,10 - No control,01 - Non intersection,07 - Dark,03 - P.D. only,99 - Other,Lower Town
9121,MACDONALD-CARTIER BR RAMP SB-2 btwn BOTELER ST & MACDONALD-CARTIER BR,367663.8178,5033114.926,-75.69652471,45.43514091,2016-04-18,5:08,01 - Clear,01 - Dry,10 - No control,01 - Non intersection,07 - Dark,03 - P.D. only,04 - Sideswipe,Lower Town
9122,MACDONALD-CARTIER BR RAMP SB-2 btwn BOTELER ST & MACDONALD-CARTIER BR,367648.3054,5033127.337,-75.69672138,45.43525397,2016-12-23,12:28,01 - Clear,03 - Loose snow,10 - No control,01 - Non intersection,01 - Daylight,03 - P.D. only,04 - Sideswipe,Lower Town
9123,MACFARLANE AVE @ RUSKIN ST,365658.4113,5028518.021,-75.72272146,45.39395656,2016-10-28,7:55,01 - Clear,01 - Dry,02 - Stop sign,02 - Intersection related,01 - Daylight,02 - Non-fatal injury,07 - SMV other,Civic Hospital - Experimental Farm - Central Park
9124,MACFARLANE RD @ DEAKIN ST,367253.4368,5021558.208,-75.70323145,45.33119326,2016-07-21,13:57,01 - Clear,01 - Dry,02 - Stop sign,03 - At intersection,01 - Daylight,02 - Non-fatal injury,05 - Turning movement,Industrial Park
9125,MACFARLANE RD @ DEAKIN ST,367253.881,5021558.429,-75.70322575,45.33119521,2016-04-21,16:05,01 - Clear,01 - Dry,02 - Stop sign,03 - At intersection,01 - Daylight,03 - P.D. only,02 - Angle,Industrial Park
9126,MACFARLANE RD btwn BRISBANE RD & GREENSIDE AVE,366946.3609,5021256.472,-75.70718656,45.32850555,2016-10-25,11:05,01 - Clear,01 - Dry,10 - No control,01 - Non intersection,01 - Daylight,03 - P.D. only,06 - SMV unattended vehicle,Industrial Park
9127,MACKAY ST @ SUSSEX DR,367921.973,5034089.602,-75.69310051,45.44388743,2016-08-18,17:30,01 - Clear,01 - Dry,02 - Stop sign,02 - Intersection related,01 - Daylight,03 - P.D. only,03 - Rear end,New Edinburgh
9128,MACKAY ST @ VAUGHAN ST,369064.482,5033636.362,-75.67855629,45.43970526,2016-06-21,19:01,01 - Clear,01 - Dry,02 - Stop sign,03 - At intersection,01 - Daylight,03 - P.D. only,02 - Angle,New Edinburgh
9129,MACKAY ST btwn NOEL ST & IVY CRES,368846.3541,5033698.985,-75.68133602,45.44028873,2016-05-24,2:00,01 - Clear,01 - Dry,10 - No control,01 - Non intersection,00 - Unknown,03 - P.D. only,06 - SMV unattended vehicle,New Edinburgh
9130,MACKENZIE AVE @ RIDEAU ST,367869.9526,5032010.048,-75.69403183,45.42518104,2016-03-15,16:16,02 - Rain,02 - Wet,01 - Traffic signal,02 - Intersection related,01 - Daylight,03 - P.D. only,03 - Rear end,Byward Market - Parliament Hill
9131,MACKENZIE AVE @ RIDEAU ST,367869.5315,5032009.423,-75.69403729,45.42517545,2016-01-29,15:30,01 - Clear,01 - Dry,01 - Traffic signal,02 - Intersection related,01 - Daylight,03 - P.D. only,04 - Sideswipe,Byward Market - Parliament Hill
9132,MACKENZIE AVE @ RIDEAU ST,367869.6992,5032009.166,-75.69403518,45.42517312,2016-12-20,17:38,03 - Snow,02 - Wet,01 - Traffic signal,02 - Intersection related,07 - Dark,03 - P.D. only,07 - SMV other,Byward Market - Parliament Hill
9133,MACKENZIE AVE @ RIDEAU ST,367870.5274,5032008.338,-75.69402471,45.4251656,2016-12-11,2:32,01 - Clear,01 - Dry,01 - Traffic signal,03 - At intersection,07 - Dark,03 - P.D. only,07 - SMV other,Byward Market - Parliament Hill
9134,MACKENZIE AVE @ RIDEAU ST,367868.6015,5032009.361,-75.69404919,45.42517498,2016-12-02,14:45,01 - Clear,01 - Dry,01 - Traffic signal,02 - Intersection related,01 - Daylight,03 - P.D. only,04 - Sideswipe,Byward Market - Parliament Hill
9135,MACKENZIE AVE btwn 205 N OF RIDEAU ST & RIDEAU ST,367815.1053,5032097.197,-75.69472151,45.42597012,2016-02-18,16:20,01 - Clear,05 - Packed snow,10 - No control,01 - Non intersection,01 - Daylight,03 - P.D. only,04 - Sideswipe,Byward Market
9136,MACKENZIE AVE btwn 205 N OF RIDEAU ST & RIDEAU ST,367763.9421,5032176.822,-75.69536508,45.42669116,2016-05-29,15:21,01 - Clear,01 - Dry,10 - No control,01 - Non intersection,01 - Daylight,03 - P.D. only,03 - Rear end,Byward Market
9137,MACKENZIE AVE btwn 205 N OF RIDEAU ST & RIDEAU ST,367829.1195,5032073.762,-75.69454543,45.42575799,2016-12-09,6:35,01 - Clear,06 - Ice,10 - No control,01 - Non intersection,07 - Dark,03 - P.D. only,03 - Rear end,Byward Market
9138,MACKENZIE AVE btwn MURRAY ST & 205 N OF RIDEAU ST,367732.4035,5032228.506,-75.69576148,45.42715904,2016-03-18,5:55,01 - Clear,01 - Dry,10 - No control,01 - Non intersection,03 - Dawn,03 - P.D. only,07 - SMV other,Byward Market - Parliament Hill
9139,MACKENZIE KING BR @ RAMP TO NICHOLAS ST,368329.0814,5031970.692,-75.68817031,45.42478538,2016-11-01,16:46,01 - Clear,01 - Dry,10 - No control,02 - Intersection related,05 - Dusk,02 - Non-fatal injury,03 - Rear end,Sandy Hill
9140,MACKENZIE KING BR @ RAMP TO NICHOLAS ST,368331.8486,5031972.21,-75.68813476,45.42479878,2016-07-13,7:00,01 - Clear,01 - Dry,10 - No control,02 - Intersection related,01 - Daylight,03 - P.D. only,02 - Angle,Sandy Hill
9141,MACKENZIE KING BR btwn ALBERT ST & N.D.H.Q./RIDEAU CENTRE SC,368083.5064,5031816.272,-75.69132801,45.42341822,2016-09-04,7:03,01 - Clear,01 - Dry,10 - No control,07 - Overpass or bridge,01 - Daylight,02 - Non-fatal injury,07 - SMV other,Byward Market - Parliament Hill
9142,MACKENZIE KING BR btwn N.D.H.Q./RIDEAU CENTRE SC & MACKENZIE KING BR/N,368213.1649,5031889.059,-75.68966196,45.42406139,2016-06-10,20:45,01 - Clear,01 - Dry,10 - No control,07 - Overpass or bridge,05 - Dusk,02 - Non-fatal injury,07 - SMV other,Sandy Hill
9143,MACKENZIE KING BR/WALLER ST @ NICHOLAS ST/WALL,368372.3029,5031992.853,-75.68761519,45.42498085,2016-02-04,18:48,03 - Snow,06 - Ice,01 - Traffic signal,02 - Intersection related,07 - Dark,03 - P.D. only,03 - Rear end,Sandy Hill
9144,MACKENZIE KING BR/WALLER ST @ NICHOLAS ST/WALL,368371.0485,5031993.007,-75.6876312,45.42498235,2016-03-19,10:55,01 - Clear,01 - Dry,01 - Traffic signal,03 - At intersection,01 - Daylight,03 - P.D. only,05 - Turning movement,Sandy Hill
9145,MACKENZIE KING BR/WALLER ST @ NICHOLAS ST/WALL,368369.8281,5031991.64,-75.68764697,45.42497016,2016-11-16,21:33,01 - Clear,02 - Wet,01 - Traffic signal,02 - Intersection related,07 - Dark,03 - P.D. only,03 - Rear end,Sandy Hill
9146,MACKENZIE KING BRIDGE @ MACKENZIE KING BRIDGE,368164.587,5031867.558,-75.69028542,45.42387233,2016-04-24,20:11,01 - Clear,01 - Dry,01 - Traffic signal,03 - At intersection,07 - Dark,02 - Non-fatal injury,07 - SMV other,Sandy Hill
9147,MACKENZIE KING BRIDGE @ MACKENZIE KING BRIDGE,368164.569,5031867.58,-75.69028565,45.42387253,2016-07-06,11:55,01 - Clear,01 - Dry,01 - Traffic signal,02 - Intersection related,01 - Daylight,03 - P.D. only,04 - Sideswipe,Sandy Hill
9148,MACLAREN ST @ METCALFE ST,368051.0481,5031032.356,-75.69184337,45.41636774,2016-08-17,12:57,01 - Clear,01 - Dry,01 - Traffic signal,03 - At intersection,01 - Daylight,03 - P.D. only,05 - Turning movement,Centretown
9149,MACLAREN ST @ METCALFE ST,368051.482,5031032.576,-75.6918378,45.41636968,2016-04-08,8:58,03 - Snow,02 - Wet,01 - Traffic signal,02 - Intersection related,01 - Daylight,03 - P.D. only,03 - Rear end,Centretown
9150,MACLAREN ST @ O'CONNOR ST,367898.543,5030939.015,-75.69380368,45.41554166,2016-02-14,12:50,01 - Clear,01 - Dry,02 - Stop sign,02 - Intersection related,01 - Daylight,02 - Non-fatal injury,07 - SMV other,Centretown
9151,MACLAREN ST @ O'CONNOR ST,367899.4171,5030940.437,-75.69379233,45.41555437,2016-03-01,16:49,01 - Clear,02 - Wet,02 - Stop sign,02 - Intersection related,01 - Daylight,02 - Non-fatal injury,07 - SMV other,Centretown
9152,MACLAREN ST @ O'CONNOR ST,367899.9344,5030940.357,-75.69378573,45.41555361,2016-02-13,17:46,01 - Clear,06 - Ice,02 - Stop sign,03 - At intersection,05 - Dusk,03 - P.D. only,02 - Angle,Centretown
9153,MACLAREN ST @ O'CONNOR ST,367899.0563,5030939.479,-75.69379707,45.41554579,2016-08-18,17:00,01 - Clear,01 - Dry,02 - Stop sign,03 - At intersection,01 - Daylight,03 - P.D. only,02 - Angle,Centretown
9154,MACLAREN ST @ O'CONNOR ST,367899.0563,5030940.357,-75.69379695,45.41555369,2016-07-09,22:45,02 - Rain,02 - Wet,02 - Stop sign,02 - Intersection related,07 - Dark,03 - P.D. only,05 - Turning movement,Centretown
9155,MACLAREN ST btwn BAY ST & LYON ST N,367389.3129,5030634.285,-75.70034806,45.41284552,2016-05-18,7:30,01 - Clear,01 - Dry,10 - No control,01 - Non intersection,01 - Daylight,03 - P.D. only,06 - SMV unattended vehicle,Centretown
9156,MACLAREN ST btwn CARTIER ST & MACDONALD ST,368366.8566,5031220.174,-75.68778448,45.41802904,2016-07-14,20:15,01 - Clear,01 - Dry,10 - No control,04 - At/near private drive,01 - Daylight,03 - P.D. only,02 - Angle,Golden Triangle
9157,MACLAREN ST btwn ELGIN ST & CARTIER ST,368296.1451,5031177.618,-75.68869337,45.41765256,2016-07-05,14:27,01 - Clear,01 - Dry,10 - No control,01 - Non intersection,01 - Daylight,03 - P.D. only,06 - SMV unattended vehicle,Golden Triangle
9158,MACLAREN ST btwn ELGIN ST & CARTIER ST,368212.577,5031128.848,-75.68976731,45.41722132,2016-07-08,16:40,01 - Clear,01 - Dry,10 - No control,01 - Non intersection,01 - Daylight,03 - P.D. only,04 - Sideswipe,Centretown
9159,MACLAREN ST btwn KENT ST & BANK ST,367715.1514,5030829.341,-75.69616061,45.41457136,2016-03-08,0:00,02 - Rain,02 - Wet,10 - No control,01 - Non intersection,00 - Unknown,03 - P.D. only,06 - SMV unattended vehicle,Centretown
9160,MACLAREN ST btwn KENT ST & BANK ST,367581.8191,5030750.778,-75.69787397,45.41387645,2016-04-22,13:50,01 - Clear,01 - Dry,10 - No control,04 - At/near private drive,01 - Daylight,03 - P.D. only,06 - SMV unattended vehicle,Centretown
9161,MACLAREN ST btwn KENT ST & BANK ST,367715.1192,5030829.659,-75.69616098,45.41457422,2016-05-16,18:46,01 - Clear,01 - Dry,10 - No control,01 - Non intersection,01 - Daylight,03 - P.D. only,06 - SMV unattended vehicle,Centretown
9162,MACLAREN ST btwn O'CONNOR ST & METCALFE ST,368042.0111,5031027.39,-75.69195946,45.41632387,2016-05-21,18:45,01 - Clear,01 - Dry,10 - No control,01 - Non intersection,01 - Daylight,03 - P.D. only,99 - Other,Centretown
9163,MACLAREN ST btwn PERCY ST & BAY ST,367166.5412,5030499.267,-75.70321104,45.41165056,2016-04-04,0:00,01 - Clear,01 - Dry,10 - No control,01 - Non intersection,00 - Unknown,03 - P.D. only,06 - SMV unattended vehicle,Chinatown
9164,MACOUN CIRC btwn Continuation of MACOUN CIRC & Continuation of MACOUN ,372087.1525,5025634.281,-75.64101597,45.36742157,2016-05-12,16:30,01 - Clear,01 - Dry,10 - No control,01 - Non intersection,01 - Daylight,03 - P.D. only,06 - SMV unattended vehicle,South Keys - Heron Gate - Greenboro West
9165,MADAWASKA BLVD btwn CONNIFER LANE & Continuation of MADAWASKA BLVD,318617.4632,5031799.577,-76.32342478,45.42599416,2016-03-18,22:30,01 - Clear,01 - Dry,10 - No control,01 - Non intersection,07 - Dark,03 - P.D. only,07 - SMV other,Arnprior
9166,MADELEINE MEILLEUR PRIV @ VANIER PKWY,369654.8152,5033359.306,-75.67104781,45.43715791,2016-07-25,13:23,02 - Rain,02 - Wet,01 - Traffic signal,02 - Intersection related,01 - Daylight,03 - P.D. only,03 - Rear end,Vanier North
9167,MADELEINE MEILLEUR PRIV btwn Continuation of MADELEINE MEILLEUR PRIV &,369673.088,5033374.392,-75.67081229,45.43729195,2016-11-17,7:33,01 - Clear,01 - Dry,10 - No control,01 - Non intersection,01 - Daylight,03 - P.D. only,03 - Rear end,Vanier North
9168,MADISON AVE btwn WINSTON AVE & CHURCHILL AVE N,363189.0312,5028364.33,-75.75427562,45.39278394,2016-01-02,17:27,01 - Clear,03 - Loose snow,10 - No control,01 - Non intersection,05 - Dusk,03 - P.D. only,06 - SMV unattended vehicle,Westboro
9169,MADISON AVE btwn WINSTON AVE & CHURCHILL AVE N,363129.7129,5028326.818,-75.75503759,45.39245135,2016-02-20,14:15,01 - Clear,02 - Wet,10 - No control,01 - Non intersection,01 - Daylight,03 - P.D. only,99 - Other,Westboro
9170,MAIN ST @ OBLATE AVE,369106.0497,5030311.152,-75.67845913,45.40978244,2016-12-16,13:09,01 - Clear,03 - Loose snow,01 - Traffic signal,02 - Intersection related,01 - Daylight,02 - Non-fatal injury,03 - Rear end,Old Ottawa East