Record,Location,X,Y,lon,lat,Date,Time,Environment,Road_Surface,Traffic_Control,Collision_Location,Light,Collision_Classification,Impact_type,Neighborhood
9171,MAIN ST @ RIVERDALE AVE,369431.5216,5029531.396,-75.67440371,45.40273649,2016-01-27,18:08,01 - Clear,01 - Dry,01 - Traffic signal,03 - At intersection,07 - Dark,02 - Non-fatal injury,05 - Turning movement,Old Ottawa East
9172,MAIN ST @ RIVERDALE AVE,369430.9906,5029533.62,-75.67441021,45.40275655,2016-01-08,21:25,01 - Clear,05 - Packed snow,01 - Traffic signal,03 - At intersection,07 - Dark,02 - Non-fatal injury,05 - Turning movement,Old Ottawa East
9173,MAIN ST @ RIVERDALE AVE,369431.0677,5029532.27,-75.6744094,45.40274439,2016-01-07,9:08,01 - Clear,03 - Loose snow,01 - Traffic signal,02 - Intersection related,01 - Daylight,03 - P.D. only,03 - Rear end,Old Ottawa East
9174,MAIN ST @ RIVERDALE AVE,369431.7411,5029530.424,-75.67440104,45.40272772,2016-12-25,19:30,01 - Clear,01 - Dry,01 - Traffic signal,02 - Intersection related,07 - Dark,03 - P.D. only,03 - Rear end,Old Ottawa East
9175,MAIN ST btwn CENTENNIAL BLVD & TORONTO ST,369507.6606,5029356.602,-75.67345416,45.40115672,2016-02-19,11:05,01 - Clear,05 - Packed snow,10 - No control,01 - Non intersection,01 - Daylight,03 - P.D. only,04 - Sideswipe,Old Ottawa East
9176,MAIN ST btwn OBLATE AVE & HAZEL ST,369135.1484,5030247.241,-75.67809576,45.40920471,2016-08-27,2:41,01 - Clear,01 - Dry,10 - No control,01 - Non intersection,07 - Dark,03 - P.D. only,07 - SMV other,Old Ottawa East
9177,MAIN ST btwn TORONTO ST & RIDEAU RIVER DR,369525.8862,5029309.668,-75.67322754,45.40073274,2016-10-01,21:22,01 - Clear,01 - Dry,10 - No control,07 - Overpass or bridge,07 - Dark,02 - Non-fatal injury,01 - Approaching,Old Ottawa East
9178,MAIN ST btwn TURN LANE & CENTENNIAL BLVD,369477.1441,5029425.08,-75.67383494,45.40177568,2016-08-09,11:05,01 - Clear,01 - Dry,10 - No control,01 - Non intersection,01 - Daylight,03 - P.D. only,04 - Sideswipe,Old Ottawa East
9179,MAIN ST btwn TURN LANE & CENTENNIAL BLVD,369472.923,5029437.793,-75.67388719,45.40189046,2016-01-20,8:09,01 - Clear,02 - Wet,10 - No control,01 - Non intersection,01 - Daylight,03 - P.D. only,04 - Sideswipe,Old Ottawa East
9180,MAIN ST btwn TURN LANE & CENTENNIAL BLVD,369449.694,5029487.603,-75.67417735,45.40234077,2016-05-26,8:07,01 - Clear,01 - Dry,10 - No control,01 - Non intersection,01 - Daylight,03 - P.D. only,04 - Sideswipe,Old Ottawa East
9181,MAITLAND AVE @ TERREBONNE DR,364012.0333,5025137.115,-75.74415244,45.36367686,2016-01-29,11:59,01 - Clear,02 - Wet,02 - Stop sign,02 - Intersection related,01 - Daylight,03 - P.D. only,04 - Sideswipe,Civic Hospital - Experimental Farm - Central Park
9182,MAITLAND AVE @ WOODWARD DR,363273.036,5025662.308,-75.75352285,45.36846451,2016-10-22,12:10,02 - Rain,02 - Wet,01 - Traffic signal,03 - At intersection,01 - Daylight,02 - Non-fatal injury,02 - Angle,Braemar Park - Bel Air Heights - Copeland Park
9183,MAITLAND AVE @ WOODWARD DR,363274.5816,5025663.788,-75.75350294,45.3684777,2016-12-17,10:40,03 - Snow,03 - Loose snow,01 - Traffic signal,02 - Intersection related,01 - Daylight,02 - Non-fatal injury,03 - Rear end,Braemar Park - Bel Air Heights - Copeland Park
9184,MAITLAND AVE @ WOODWARD DR,363274.5816,5025661.266,-75.75350324,45.36845501,2016-10-06,19:23,01 - Clear,01 - Dry,01 - Traffic signal,03 - At intersection,07 - Dark,02 - Non-fatal injury,02 - Angle,Braemar Park - Bel Air Heights - Copeland Park
9185,MAITLAND AVE @ WOODWARD DR,363273.9609,5025661.728,-75.75351111,45.36845922,2016-03-05,9:30,01 - Clear,01 - Dry,01 - Traffic signal,02 - Intersection related,01 - Daylight,03 - P.D. only,03 - Rear end,Braemar Park - Bel Air Heights - Copeland Park
9186,MAITLAND AVE @ WOODWARD DR,363273.4751,5025663.186,-75.75351714,45.36847238,2016-09-12,14:27,01 - Clear,01 - Dry,01 - Traffic signal,03 - At intersection,01 - Daylight,03 - P.D. only,05 - Turning movement,Braemar Park - Bel Air Heights - Copeland Park
9187,MAITLAND AVE @ WOODWARD DR,363273.9191,5025662.303,-75.75351158,45.3684644,2016-04-27,17:20,01 - Clear,01 - Dry,01 - Traffic signal,02 - Intersection related,01 - Daylight,03 - P.D. only,04 - Sideswipe,Braemar Park - Bel Air Heights - Copeland Park
9188,MAITLAND AVE @ WOODWARD DR,363273.7779,5025662.088,-75.7535134,45.36846247,2016-10-21,7:57,02 - Rain,02 - Wet,01 - Traffic signal,03 - At intersection,01 - Daylight,03 - P.D. only,05 - Turning movement,Braemar Park - Bel Air Heights - Copeland Park
9189,MAITLAND AVE btwn AGINCOURT RD & 30 S OF AGINCOURT RD/TRINITY UNITED C,363450.0536,5025446.711,-75.7512888,45.36650981,2016-04-26,21:09,01 - Clear,01 - Dry,10 - No control,04 - At/near private drive,07 - Dark,02 - Non-fatal injury,05 - Turning movement,Braemar Park - Bel Air Heights - Copeland Park
9190,MAITLAND AVE btwn AMESBROOKE DR & HENRY FARM DR,363824.0864,5025161.046,-75.74654853,45.36390804,2016-08-22,19:50,01 - Clear,01 - Dry,10 - No control,01 - Non intersection,01 - Daylight,03 - P.D. only,04 - Sideswipe,Braemar Park - Bel Air Heights - Copeland Park
9191,MAITLAND AVE btwn CAMEO DR & CLYDE AVE,364246.62,5025142.712,-75.7411575,45.36370736,2016-09-27,5:30,02 - Rain,02 - Wet,10 - No control,01 - Non intersection,07 - Dark,03 - P.D. only,07 - SMV other,Civic Hospital - Experimental Farm - Central Park
9192,MAITLAND AVE btwn CAMEO DR & CLYDE AVE,364168.5162,5025148.622,-75.74215371,45.36376716,2016-06-03,19:56,01 - Clear,01 - Dry,10 - No control,01 - Non intersection,01 - Daylight,03 - P.D. only,03 - Rear end,Civic Hospital - Experimental Farm - Central Park
9193,MAITLAND AVE btwn CARLING AVE & DUNCAN PL,362949.2888,5026470.345,-75.75756039,45.37576207,2016-01-04,22:03,01 - Clear,01 - Dry,10 - No control,04 - At/near private drive,07 - Dark,03 - P.D. only,02 - Angle,Carlingwood West - Glabar Park - McKellar Heights
9194,MAITLAND AVE btwn CARLING AVE & DUNCAN PL,362949.1352,5026471.435,-75.75756222,45.37577189,2016-03-02,14:35,03 - Snow,02 - Wet,10 - No control,04 - At/near private drive,01 - Daylight,03 - P.D. only,02 - Angle,Carlingwood West - Glabar Park - McKellar Heights
9195,MAITLAND AVE btwn DUNCAN PL & LENESTER AVE,363018.5144,5026299.3,-75.75669676,45.37421728,2016-08-17,9:34,01 - Clear,01 - Dry,10 - No control,01 - Non intersection,01 - Daylight,03 - P.D. only,03 - Rear end,Carlingwood West - Glabar Park - McKellar Heights
9196,MAITLAND AVE btwn DUNCAN PL & LENESTER AVE,363038.0732,5026250.805,-75.75645279,45.3737793,2016-07-12,20:41,01 - Clear,01 - Dry,10 - No control,01 - Non intersection,05 - Dusk,03 - P.D. only,04 - Sideswipe,Carlingwood West - Glabar Park - McKellar Heights
9197,MAITLAND AVE btwn GARFIELD AVE & AGINCOURT RD,363415.1752,5025483.683,-75.75172962,45.3668454,2016-02-12,14:50,01 - Clear,02 - Wet,10 - No control,04 - At/near private drive,01 - Daylight,03 - P.D. only,04 - Sideswipe,Braemar Park - Bel Air Heights - Copeland Park
9198,MAITLAND AVE btwn GLENMOUNT AVE & AMESBROOKE DR,363752.5544,5025186.089,-75.74745858,45.36413939,2016-05-21,18:45,01 - Clear,01 - Dry,10 - No control,01 - Non intersection,01 - Daylight,03 - P.D. only,04 - Sideswipe,Braemar Park - Bel Air Heights - Copeland Park
9199,MAITLAND AVE btwn GLENMOUNT AVE & AMESBROOKE DR,363741.8081,5025191.77,-75.74759507,45.36419141,2016-04-16,10:21,01 - Clear,01 - Dry,10 - No control,01 - Non intersection,01 - Daylight,03 - P.D. only,04 - Sideswipe,Braemar Park - Bel Air Heights - Copeland Park
9200,MAITLAND AVE btwn GLENMOUNT AVE & AMESBROOKE DR,363755.1957,5025184.785,-75.74742502,45.36412743,2016-11-09,11:31,01 - Clear,01 - Dry,10 - No control,01 - Non intersection,01 - Daylight,03 - P.D. only,04 - Sideswipe,Braemar Park - Bel Air Heights - Copeland Park
9201,MAITLAND AVE btwn GLENMOUNT AVE & AMESBROOKE DR,363752.9605,5025185.812,-75.74745343,45.36413686,2016-11-14,14:09,01 - Clear,01 - Dry,10 - No control,01 - Non intersection,01 - Daylight,03 - P.D. only,03 - Rear end,Braemar Park - Bel Air Heights - Copeland Park
9202,MAITLAND AVE btwn HENRY FARM DR & TERREBONNE DR,363999.6708,5025136.415,-75.74431032,45.3636716,2016-05-10,14:45,01 - Clear,01 - Dry,10 - No control,01 - Non intersection,01 - Daylight,03 - P.D. only,04 - Sideswipe,Civic Hospital - Experimental Farm - Central Park
9203,MAITLAND AVE btwn HWY417 IC126 RAMP63 & HWY417 IC126 RAMP52,363183.5828,5025886.562,-75.75463822,45.37048978,2016-05-17,17:31,01 - Clear,01 - Dry,10 - No control,01 - Non intersection,01 - Daylight,03 - P.D. only,04 - Sideswipe,Carlingwood West - Glabar Park - McKellar Heights
9204,MAITLAND AVE btwn HWY417 IC126 RAMP63 & HWY417 IC126 RAMP52,363187.6584,5025874.337,-75.75458764,45.37037944,2016-07-26,16:42,01 - Clear,01 - Dry,10 - No control,01 - Non intersection,01 - Daylight,03 - P.D. only,04 - Sideswipe,Carlingwood West - Glabar Park - McKellar Heights
9205,MAITLAND AVE btwn TARA DR & ERINDALE DR,363572.9088,5025305.424,-75.7497374,45.36522824,2016-09-29,6:55,01 - Clear,01 - Dry,10 - No control,04 - At/near private drive,01 - Daylight,02 - Non-fatal injury,03 - Rear end,Braemar Park - Bel Air Heights - Copeland Park
9206,MAITLAND AVE btwn TARA DR & ERINDALE DR,363510.4636,5025370.688,-75.75052672,45.36582071,2016-01-02,13:02,01 - Clear,01 - Dry,10 - No control,01 - Non intersection,01 - Daylight,03 - P.D. only,04 - Sideswipe,Braemar Park - Bel Air Heights - Copeland Park
9207,MAITLAND AVE btwn TARA DR & ERINDALE DR,363668.7973,5025235.4,-75.74852179,45.36459012,2016-04-04,14:30,01 - Clear,01 - Dry,10 - No control,01 - Non intersection,01 - Daylight,03 - P.D. only,04 - Sideswipe,Braemar Park - Bel Air Heights - Copeland Park
9208,MAITLAND AVE btwn TERREBONNE DR & CAMEO DR,364130.9085,5025143.346,-75.74263437,45.36372287,2016-06-15,15:16,01 - Clear,01 - Dry,10 - No control,04 - At/near private drive,01 - Daylight,02 - Non-fatal injury,07 - SMV other,Civic Hospital - Experimental Farm - Central Park
9209,MAITLAND AVE btwn TERREBONNE DR & CAMEO DR,364061.3955,5025138.81,-75.74352218,45.36368794,2016-11-13,9:29,01 - Clear,01 - Dry,10 - No control,01 - Non intersection,01 - Daylight,02 - Non-fatal injury,01 - Approaching,Civic Hospital - Experimental Farm - Central Park
9210,MAITLAND AVE btwn TERREBONNE DR & CAMEO DR,364146.1399,5025145.233,-75.74243973,45.36373856,2016-07-22,17:44,01 - Clear,01 - Dry,10 - No control,01 - Non intersection,01 - Daylight,03 - P.D. only,03 - Rear end,Civic Hospital - Experimental Farm - Central Park
9211,MAITLAND AVE btwn TERREBONNE DR & CAMEO DR,364016.1399,5025137.051,-75.74410003,45.36367593,2016-07-22,18:59,01 - Clear,01 - Dry,10 - No control,01 - Non intersection,01 - Daylight,03 - P.D. only,03 - Rear end,Civic Hospital - Experimental Farm - Central Park
9212,MAITLAND AVE/GLENMOUNT AVE @ ERINDALE DR,363697.9753,5025211.365,-75.74815222,45.36437141,2016-06-29,17:08,01 - Clear,01 - Dry,01 - Traffic signal,03 - At intersection,01 - Daylight,02 - Non-fatal injury,05 - Turning movement,Braemar Park - Bel Air Heights - Copeland Park
9213,MAITLAND AVE/GLENMOUNT AVE @ ERINDALE DR,363697.129,5025211.687,-75.74816299,45.36437438,2016-08-03,8:01,01 - Clear,01 - Dry,01 - Traffic signal,02 - Intersection related,01 - Daylight,03 - P.D. only,03 - Rear end,Braemar Park - Bel Air Heights - Copeland Park
9214,MAITLAND AVE/GLENMOUNT AVE @ ERINDALE DR,363698.1121,5025211.955,-75.7481504,45.3643767,2016-08-17,18:11,01 - Clear,01 - Dry,01 - Traffic signal,03 - At intersection,01 - Daylight,03 - P.D. only,02 - Angle,Braemar Park - Bel Air Heights - Copeland Park
9215,MAITLAND AVE/GLENMOUNT AVE @ ERINDALE DR,363697.6669,5025212.037,-75.74815608,45.36437748,2016-07-04,16:05,01 - Clear,01 - Dry,01 - Traffic signal,02 - Intersection related,01 - Daylight,03 - P.D. only,03 - Rear end,Braemar Park - Bel Air Heights - Copeland Park
9216,MAITLAND AVE/GLENMOUNT AVE @ ERINDALE DR,363698.0758,5025211.711,-75.7481509,45.36437451,2016-07-03,13:00,01 - Clear,01 - Dry,01 - Traffic signal,02 - Intersection related,01 - Daylight,03 - P.D. only,04 - Sideswipe,Braemar Park - Bel Air Heights - Copeland Park
9217,MAITLAND AVE/GLENMOUNT AVE @ ERINDALE DR,363697.1864,5025212.417,-75.74816217,45.36438094,2016-11-04,10:00,01 - Clear,01 - Dry,01 - Traffic signal,02 - Intersection related,01 - Daylight,03 - P.D. only,03 - Rear end,Braemar Park - Bel Air Heights - Copeland Park
9218,MAITLAND AVE/GLENMOUNT AVE @ ERINDALE DR,363697.6912,5025211.1,-75.74815588,45.36436905,2016-12-09,7:48,01 - Clear,06 - Ice,01 - Traffic signal,02 - Intersection related,03 - Dawn,03 - P.D. only,03 - Rear end,Braemar Park - Bel Air Heights - Copeland Park
9219,MAITLAND AVE/HWY 417 MAITLAND IC126R53 @ HWY 4,363229.9183,5025774.112,-75.75406003,45.36947411,2016-01-22,8:41,01 - Clear,01 - Dry,01 - Traffic signal,03 - At intersection,01 - Daylight,02 - Non-fatal injury,05 - Turning movement,Braemar Park - Bel Air Heights - Copeland Park
9220,MAITLAND AVE/HWY 417 MAITLAND IC126R53 @ HWY 4,363229.558,5025774.748,-75.75406455,45.36947986,2016-06-22,6:55,01 - Clear,01 - Dry,01 - Traffic signal,03 - At intersection,01 - Daylight,03 - P.D. only,05 - Turning movement,Braemar Park - Bel Air Heights - Copeland Park
9221,MAITLAND AVE/HWY 417 MAITLAND IC126R53 @ HWY 4,363229.5306,5025774.269,-75.75406496,45.36947555,2016-11-04,16:21,01 - Clear,01 - Dry,01 - Traffic signal,03 - At intersection,05 - Dusk,03 - P.D. only,05 - Turning movement,Braemar Park - Bel Air Heights - Copeland Park
9222,MAITLAND AVE/HWY 417 MAITLAND IC126R53 @ HWY 4,363229.8334,5025774.185,-75.7540611,45.36947477,2016-12-19,16:42,03 - Snow,03 - Loose snow,01 - Traffic signal,03 - At intersection,05 - Dusk,03 - P.D. only,05 - Turning movement,Braemar Park - Bel Air Heights - Copeland Park
9223,MAITLAND AVE/HWY 417 MAITLAND IC126R53 @ HWY 4,363231.0084,5025775.753,-75.75404592,45.36948878,2016-12-04,11:15,01 - Clear,01 - Dry,01 - Traffic signal,02 - Intersection related,01 - Daylight,03 - P.D. only,99 - Other,Braemar Park - Bel Air Heights - Copeland Park
9224,MAJESTIC DR @ NEWHAVEN ST,362692.1961,5021059.609,-75.76147611,45.32709799,2016-01-15,12:09,01 - Clear,04 - Slush,02 - Stop sign,02 - Intersection related,01 - Daylight,03 - P.D. only,02 - Angle,Woodvale - Craig Henry - Manordale - Estates of Arlington Wo
9225,MAJESTIC DR @ WOODROFFE AVE,363527.9179,5021571.717,-75.75075506,45.33163647,2016-04-07,12:29,01 - Clear,02 - Wet,01 - Traffic signal,02 - Intersection related,01 - Daylight,02 - Non-fatal injury,03 - Rear end,Woodvale - Craig Henry - Manordale - Estates of Arlington Wo
9226,MAJESTIC DR @ WOODROFFE AVE,363528.3593,5021570.826,-75.75074954,45.33162842,2016-02-05,8:33,01 - Clear,01 - Dry,01 - Traffic signal,02 - Intersection related,01 - Daylight,03 - P.D. only,03 - Rear end,Woodvale - Craig Henry - Manordale - Estates of Arlington Wo
9227,MAJESTIC DR @ WOODROFFE AVE,363527.22,5021570.782,-75.75076407,45.33162812,2016-12-08,20:55,03 - Snow,03 - Loose snow,01 - Traffic signal,02 - Intersection related,07 - Dark,03 - P.D. only,03 - Rear end,Woodvale - Craig Henry - Manordale - Estates of Arlington Wo
9228,MAJESTIC DR btwn KELVIN CRES & KIMDALE ST,362973.8486,5021291.951,-75.7578561,45.3291653,2016-12-31,16:04,03 - Snow,03 - Loose snow,10 - No control,01 - Non intersection,05 - Dusk,03 - P.D. only,02 - Angle,Woodvale - Craig Henry - Manordale - Estates of Arlington Wo
9229,MAJOR RD btwn KENNEDY LANE W & SAULT ST,382140.8684,5037719.151,-75.51079165,45.47511456,2016-08-26,13:16,01 - Clear,01 - Dry,10 - No control,01 - Non intersection,01 - Daylight,03 - P.D. only,07 - SMV other,Queenswood Heights
9230,MALAKOFF RD btwn MACKEY RD & COWELL RD,365368.2604,4992425.739,-75.73082025,45.06922182,2016-02-04,6:20,01 - Clear,02 - Wet,10 - No control,01 - Non intersection,03 - Dawn,03 - P.D. only,07 - SMV other,Munster Hamlet - Richmond
9231,MALAKOFF RD btwn MACKEY RD & COWELL RD,365459.302,4992391.176,-75.72966836,45.06890302,2016-11-18,6:45,"07 - Fog, mist, smoke, dust",01 - Dry,10 - No control,01 - Non intersection,07 - Dark,03 - P.D. only,07 - SMV other,Munster Hamlet - Richmond
9232,MALAKOFF RD btwn PROVEN LINE RD & ROGER STEVENS DR,361250.096,4997229.175,-75.78257321,45.11278518,2016-05-13,11:11,01 - Clear,01 - Dry,10 - No control,01 - Non intersection,01 - Daylight,03 - P.D. only,07 - SMV other,Munster Hamlet - Richmond
9233,MALCOLM PL @ NORICE ST,364242.6477,5023043.278,-75.74146063,45.34481725,2016-12-05,8:37,03 - Snow,05 - Packed snow,02 - Stop sign,03 - At intersection,01 - Daylight,03 - P.D. only,02 - Angle,Crestview - Meadowlands
9234,MALVERN DR btwn SHERWAY DR & THISTLEDOWN CRT,363041.2712,5015918.161,-75.75762745,45.28080642,2016-08-04,20:05,01 - Clear,01 - Dry,10 - No control,04 - At/near private drive,05 - Dusk,03 - P.D. only,02 - Angle,Barrhaven West - Old Barrhaven
9235,MALVERN DR btwn TRIPP CRES & THISTLEDOWN CRT,363177.5254,5016115.85,-75.75586758,45.28257393,2016-01-14,7:55,03 - Snow,03 - Loose snow,10 - No control,01 - Non intersection,01 - Daylight,03 - P.D. only,01 - Approaching,Barrhaven West - Old Barrhaven
9236,MANCINI WAY btwn INFUSION PRIV E & INFUSION PRIV W,364934.4291,5014732.392,-75.73364207,45.2699775,2016-02-16,14:50,03 - Snow,05 - Packed snow,10 - No control,04 - At/near private drive,01 - Daylight,03 - P.D. only,02 - Angle,New Barrhaven
9237,MANCINI WAY btwn INFUSION PRIV E & INFUSION PRIV W,364934.4291,5014732.392,-75.73364207,45.2699775,2016-09-16,8:00,01 - Clear,01 - Dry,10 - No control,01 - Non intersection,01 - Daylight,03 - P.D. only,01 - Approaching,New Barrhaven
9238,MANDALAY ST btwn SWEETFERN CRES & SWEETVALLEY DR,"384,661.88","5,034,144.30",-75.479133,45.44266761,2016-11-05,9:50,01 - Clear,07 - Mud,10 - No control,01 - Non intersection,01 - Daylight,03 - P.D. only,07 - SMV other,Avalon
9239,MANN AVE @ GOULBURN AVE/GOULBURN CRES,369690.0566,5031638.694,-75.67082414,45.42167326,2016-12-19,7:42,01 - Clear,05 - Packed snow,02 - Stop sign,03 - At intersection,03 - Dawn,03 - P.D. only,02 - Angle,Sandy Hill
9240,MANN AVE @ RUSSELL AVE,369469.0582,5031505.824,-75.67366524,45.42049821,2016-11-28,12:30,01 - Clear,01 - Dry,02 - Stop sign,02 - Intersection related,01 - Daylight,03 - P.D. only,03 - Rear end,Sandy Hill
9241,MANN AVE btwn CHAPEL ST & NANCY SMITH PRIV,369564.9353,5031558.946,-75.67243327,45.42096731,2016-02-18,15:30,03 - Snow,02 - Wet,10 - No control,01 - Non intersection,01 - Daylight,03 - P.D. only,04 - Sideswipe,Sandy Hill
9242,MANN AVE btwn SENTIER PRIV & CHAPEL ST,369480.6524,5031510.793,-75.67351645,45.42054185,2016-12-11,8:00,01 - Clear,01 - Dry,10 - No control,01 - Non intersection,01 - Daylight,03 - P.D. only,06 - SMV unattended vehicle,Sandy Hill
9243,MANOTICK MAIN ST btwn CURRIER ST & EASTMAN AVE,369031.6017,5009642.703,-75.68209009,45.22381863,2016-12-21,17:31,03 - Snow,04 - Slush,10 - No control,01 - Non intersection,07 - Dark,03 - P.D. only,07 - SMV other,Manotick
9244,MANOTICK MAIN ST btwn TIGHE ST & O'GRADY ST,368906.7313,5009753.093,-75.68366578,45.22482329,2016-10-26,8:52,01 - Clear,01 - Dry,10 - No control,01 - Non intersection,01 - Daylight,03 - P.D. only,05 - Turning movement,Manotick
9245,MANOTICK STATION RD @ MITCH OWENS RD,373508.7451,5013266.36,-75.62458509,45.25600108,2016-08-05,17:56,01 - Clear,01 - Dry,02 - Stop sign,03 - At intersection,01 - Daylight,02 - Non-fatal injury,02 - Angle,Greely
9246,MANOTICK STATION RD @ MITCH OWENS RD,373508.4926,5013268.719,-75.62458798,45.25602233,2016-09-08,5:40,02 - Rain,02 - Wet,02 - Stop sign,02 - Intersection related,07 - Dark,03 - P.D. only,03 - Rear end,Greely
9247,MANOTICK STATION RD @ MITCH OWENS RD,373508.5256,5013268.65,-75.62458757,45.2560217,2016-10-12,7:30,01 - Clear,01 - Dry,02 - Stop sign,02 - Intersection related,01 - Daylight,03 - P.D. only,02 - Angle,Greely
9248,MANOTICK STATION RD @ SNAKE ISLAND RD,376801.638,5005714.28,-75.58372798,45.18772031,2016-10-06,21:00,01 - Clear,01 - Dry,02 - Stop sign,02 - Intersection related,07 - Dark,02 - Non-fatal injury,07 - SMV other,Kars - Osgoode
9249,MANOTICK STATION RD btwn DEERMEADOW DR & NICK ADAMS RD,374838.4803,5010317.11,-75.6080604,45.22933336,2016-08-03,19:02,01 - Clear,01 - Dry,10 - No control,01 - Non intersection,01 - Daylight,02 - Non-fatal injury,99 - Other,Osgoode
9250,MANOTICK STATION RD btwn GOUGH RD & ELKWOOD DR,374448.1701,5011219.265,-75.61290411,45.23748945,2016-02-03,9:47,04 - Freezing Rain,06 - Ice,10 - No control,01 - Non intersection,01 - Daylight,02 - Non-fatal injury,07 - SMV other,Greely
9251,MANOTICK STATION RD btwn HERBERTS CORNERS RD & HERBERTS CORNERS RD,375943.287,5007670.27,-75.59437059,45.205407,2016-11-08,17:22,01 - Clear,01 - Dry,10 - No control,01 - Non intersection,07 - Dark,03 - P.D. only,07 - SMV other,Kars - Osgoode
9252,MANOTICK STATION RD btwn HERBERTS CORNERS RD & SNAKE ISLAND RD,376010.7168,5007486.454,-75.59353861,45.20374625,2016-09-25,16:36,01 - Clear,01 - Dry,10 - No control,01 - Non intersection,01 - Daylight,02 - Non-fatal injury,07 - SMV other,Kars - Osgoode
9253,MANOTICK STATION RD btwn HERBERTS CORNERS RD & SNAKE ISLAND RD,376311.5662,5006780.305,-75.58981081,45.19736203,2016-10-25,13:45,01 - Clear,01 - Dry,10 - No control,01 - Non intersection,01 - Daylight,02 - Non-fatal injury,05 - Turning movement,Kars - Osgoode
9254,MANOTICK STATION RD btwn HERBERTS CORNERS RD & SNAKE ISLAND RD,376615.6368,5006049.304,-75.58604643,45.19075374,2016-11-22,8:14,01 - Clear,06 - Ice,10 - No control,01 - Non intersection,01 - Daylight,03 - P.D. only,07 - SMV other,Kars - Osgoode
9255,MANOTICK STATION RD btwn NICK ADAMS RD & HERBERTS CORNERS RD,375679.2508,5008305.155,-75.59764094,45.21114615,2016-12-05,18:40,01 - Clear,02 - Wet,10 - No control,01 - Non intersection,07 - Dark,02 - Non-fatal injury,07 - SMV other,Kars - Osgoode
9256,MANOTICK STATION RD btwn NICK ADAMS RD & HERBERTS CORNERS RD,375870.3381,5007835.757,-75.59527548,45.20690337,2016-02-05,17:50,01 - Clear,02 - Wet,10 - No control,01 - Non intersection,07 - Dark,03 - P.D. only,07 - SMV other,Kars - Osgoode
9257,MANOTICK STATION RD btwn NICK ADAMS RD & HERBERTS CORNERS RD,375274.8433,5009259.948,-75.60265367,45.21977773,2016-12-21,1:15,01 - Clear,02 - Wet,10 - No control,01 - Non intersection,07 - Dark,03 - P.D. only,07 - SMV other,Kars - Osgoode
9258,MAPLE GROVE RD @ TERRY FOX DR,351552.95,5017864.245,-75.90387102,45.29917574,2016-10-10,11:12,01 - Clear,01 - Dry,01 - Traffic signal,03 - At intersection,01 - Daylight,02 - Non-fatal injury,02 - Angle,Katimavik - Hazeldean
9259,MAPLE GROVE RD @ TERRY FOX DR,351553.3841,5017865.138,-75.9038654,45.29918375,2016-04-10,12:00,01 - Clear,01 - Dry,01 - Traffic signal,03 - At intersection,01 - Daylight,02 - Non-fatal injury,02 - Angle,Katimavik - Hazeldean
9260,MAPLE GROVE RD @ TERRY FOX DR,351554.4342,5017865.835,-75.90385195,45.29918995,2016-02-13,14:49,05 - Drifting Snow,06 - Ice,01 - Traffic signal,02 - Intersection related,01 - Daylight,03 - P.D. only,03 - Rear end,Katimavik - Hazeldean
9261,MAPLE GROVE RD @ TERRY FOX DR,351554.4368,5017862.394,-75.90385224,45.29915898,2016-10-22,9:48,02 - Rain,02 - Wet,01 - Traffic signal,02 - Intersection related,01 - Daylight,03 - P.D. only,03 - Rear end,Katimavik - Hazeldean
9262,MAPLE GROVE RD @ TERRY FOX DR,351553.6086,5017865.366,-75.90386252,45.29918578,2016-06-21,11:45,01 - Clear,01 - Dry,01 - Traffic signal,02 - Intersection related,01 - Daylight,03 - P.D. only,04 - Sideswipe,Katimavik - Hazeldean
9263,MAPLE GROVE RD @ TERRY FOX DR,351552.5109,5017864.684,-75.90387658,45.29917972,2016-01-22,17:30,01 - Clear,02 - Wet,01 - Traffic signal,02 - Intersection related,05 - Dusk,03 - P.D. only,03 - Rear end,Katimavik - Hazeldean
9264,MAPLE GROVE RD @ TERRY FOX DR,351552.0022,5017864.732,-75.90388306,45.29918018,2016-08-23,7:48,01 - Clear,01 - Dry,01 - Traffic signal,02 - Intersection related,01 - Daylight,03 - P.D. only,03 - Rear end,Katimavik - Hazeldean
9265,MAPLE GROVE RD @ TERRY FOX DR,351553.8326,5017864.241,-75.90385977,45.29917564,2016-03-11,7:52,01 - Clear,01 - Dry,01 - Traffic signal,02 - Intersection related,01 - Daylight,03 - P.D. only,03 - Rear end,Katimavik - Hazeldean
9266,MAPLE GROVE RD @ TERRY FOX DR,351552.6901,5017863.776,-75.90387438,45.29917154,2016-07-11,11:29,01 - Clear,01 - Dry,01 - Traffic signal,02 - Intersection related,01 - Daylight,03 - P.D. only,04 - Sideswipe,Katimavik - Hazeldean
9267,MAPLE GROVE RD @ TERRY FOX DR,351553.3813,5017864.919,-75.90386546,45.29918178,2016-07-07,11:32,01 - Clear,01 - Dry,01 - Traffic signal,03 - At intersection,01 - Daylight,03 - P.D. only,05 - Turning movement,Katimavik - Hazeldean