Record,Location,X,Y,lon,lat,Date,Time,Environment,Road_Surface,Traffic_Control,Collision_Location,Light,Collision_Classification,Impact_type,Neighborhood
9268,MAPLE GROVE RD @ TERRY FOX DR,351553.6086,5017863.222,-75.90386272,45.29916649,2016-12-04,17:40,01 - Clear,01 - Dry,01 - Traffic signal,02 - Intersection related,07 - Dark,03 - P.D. only,03 - Rear end,Katimavik - Hazeldean
9269,MAPLE GROVE RD btwn Continuation of MAPLE GROVE RD & SILVER SEVEN RD,351126.8247,5017474.48,-75.90934051,45.29569675,2016-04-02,11:50,02 - Rain,02 - Wet,10 - No control,04 - At/near private drive,01 - Daylight,03 - P.D. only,02 - Angle,Katimavik - Hazeldean
9270,MAPLE GROVE RD btwn HUNTMAR DR & ROSEHILL AVE,350381.4785,5016814.008,-75.91890375,45.28980238,2016-02-17,15:58,03 - Snow,05 - Packed snow,10 - No control,01 - Non intersection,01 - Daylight,03 - P.D. only,07 - SMV other,Stittsville
9271,MAPLE GROVE RD btwn JOHNWOODS ST & MONTSERRAT ST,349769.4725,5016257.151,-75.926756,45.28483103,2016-10-05,0:00,01 - Clear,01 - Dry,10 - No control,01 - Non intersection,00 - Unknown,03 - P.D. only,06 - SMV unattended vehicle,Stittsville
9272,MAPLE GROVE RD btwn LEVECHE WAY & HUNTMAR DR,350228.5141,5016677.09,-75.92086626,45.28858025,2016-08-19,7:15,01 - Clear,01 - Dry,10 - No control,01 - Non intersection,01 - Daylight,03 - P.D. only,04 - Sideswipe,Stittsville
9273,MAPLE GROVE RD btwn MONTSERRAT ST & LEVECHE WAY,350142.3694,5016599.573,-75.92197148,45.28788829,2016-02-18,0:00,01 - Clear,02 - Wet,10 - No control,01 - Non intersection,00 - Unknown,03 - P.D. only,06 - SMV unattended vehicle,Stittsville
9274,MAPLE RUN AVE btwn ORLEANS BLVD & OAK MEADOWS DR,380613.9883,5035222.084,-75.53070309,45.45281539,2016-07-14,15:05,01 - Clear,01 - Dry,10 - No control,01 - Non intersection,01 - Daylight,03 - P.D. only,03 - Rear end,Orleans Village - Chateauneuf
9275,MAPLEHILL WAY btwn PRINCE OF WALES DR & HAZELWOOD WAY,366838.6292,5012546.708,-75.70964999,45.25014541,2016-06-25,7:40,01 - Clear,01 - Dry,10 - No control,01 - Non intersection,01 - Daylight,03 - P.D. only,99 - Other,New Barrhaven
9276,MAPLEHURST AVE @ CARLING AVE,358934.6747,5023945.441,-75.80909098,45.35336467,2016-12-22,9:00,03 - Snow,04 - Slush,02 - Stop sign,02 - Intersection related,01 - Daylight,03 - P.D. only,03 - Rear end,Bayshore
9277,MARAVISTA DR @ STRANDHERD DR,361288.4381,5014584.958,-75.78011984,45.26895318,2016-05-31,14:10,01 - Clear,01 - Dry,01 - Traffic signal,02 - Intersection related,01 - Daylight,03 - P.D. only,03 - Rear end,Munster Hamlet - Richmond
9278,MARBLE CANYON btwn CANYON WALK DR & MOUNTAIN MEADOWS CRES,368383.0798,5016464.904,-75.68947457,45.2852631,2016-06-06,19:49,01 - Clear,01 - Dry,10 - No control,01 - Non intersection,01 - Daylight,03 - P.D. only,06 - SMV unattended vehicle,Gloucester
9279,MARCH RD @ 280 S OF CARLING AVE/GATEWAY MALL S,351108.089,5022028.468,-75.90915366,45.3366759,2016-05-20,8:40,01 - Clear,01 - Dry,01 - Traffic signal,03 - At intersection,01 - Daylight,02 - Non-fatal injury,05 - Turning movement,South March
9280,MARCH RD @ DIAMONDVIEW RD,340138.7829,5019876.167,-76.04925998,45.31794681,2016-01-18,17:45,05 - Drifting Snow,03 - Loose snow,02 - Stop sign,03 - At intersection,07 - Dark,02 - Non-fatal injury,03 - Rear end,Carp - Hardwood Plains
9281,MARCH RD @ DIAMONDVIEW RD,340115.4184,5019866.815,-76.04955865,45.31786383,2016-06-28,9:56,01 - Clear,01 - Dry,02 - Stop sign,03 - At intersection,01 - Daylight,03 - P.D. only,05 - Turning movement,Carp - Hardwood Plains
9282,MARCH RD @ HUNTMAR DR,344140.9802,5023547.684,-75.99792266,45.35077156,2016-11-03,6:59,02 - Rain,02 - Wet,02 - Stop sign,03 - At intersection,03 - Dawn,03 - P.D. only,05 - Turning movement,Carp - Hardwood Plains
9283,MARCH RD @ MORGAN'S GRANT WAY/SHIRLEY'S BROOK ,349661.3872,5023617.732,-75.9274671,45.35107046,2016-03-06,12:03,01 - Clear,01 - Dry,01 - Traffic signal,03 - At intersection,01 - Daylight,02 - Non-fatal injury,05 - Turning movement,Morgan's Grant
9284,MARCH RD @ MORGAN'S GRANT WAY/SHIRLEY'S BROOK ,349662.2678,5023618.169,-75.92745583,45.35107433,2016-11-16,17:43,01 - Clear,01 - Dry,01 - Traffic signal,03 - At intersection,07 - Dark,02 - Non-fatal injury,05 - Turning movement,Morgan's Grant
9285,MARCH RD @ MORGAN'S GRANT WAY/SHIRLEY'S BROOK ,349662.436,5023617.41,-75.92745375,45.35106749,2016-08-04,9:12,01 - Clear,01 - Dry,01 - Traffic signal,03 - At intersection,01 - Daylight,03 - P.D. only,02 - Angle,Morgan's Grant
9286,MARCH RD @ MORGAN'S GRANT WAY/SHIRLEY'S BROOK ,349660.1149,5023617.345,-75.92748338,45.35106705,2016-06-17,13:40,01 - Clear,01 - Dry,01 - Traffic signal,02 - Intersection related,01 - Daylight,03 - P.D. only,03 - Rear end,Morgan's Grant
9287,MARCH RD @ RICHARDSON SIDE RD,351415.7097,5021778.72,-75.90525246,45.33440824,2016-02-18,13:20,01 - Clear,02 - Wet,01 - Traffic signal,03 - At intersection,01 - Daylight,02 - Non-fatal injury,02 - Angle,South March
9288,MARCH RD @ RICHARDSON SIDE RD,351413.4539,5021780.981,-75.90528103,45.33442874,2016-02-24,9:47,03 - Snow,03 - Loose snow,01 - Traffic signal,03 - At intersection,01 - Daylight,03 - P.D. only,02 - Angle,South March
9289,MARCH RD @ RICHARDSON SIDE RD,351415.7261,5021779.261,-75.9052522,45.33441311,2016-03-09,17:30,01 - Clear,01 - Dry,01 - Traffic signal,02 - Intersection related,01 - Daylight,03 - P.D. only,03 - Rear end,South March
9290,MARCH RD @ RICHARDSON SIDE RD,351414.4919,5021779.225,-75.90526795,45.33441287,2016-10-28,15:31,01 - Clear,01 - Dry,01 - Traffic signal,03 - At intersection,01 - Daylight,03 - P.D. only,05 - Turning movement,South March
9291,MARCH RD @ RICHARDSON SIDE RD,351412.3487,5021775.625,-75.90529563,45.33438062,2016-04-14,16:10,01 - Clear,01 - Dry,01 - Traffic signal,02 - Intersection related,01 - Daylight,03 - P.D. only,03 - Rear end,South March
9292,MARCH RD @ RICHARDSON SIDE RD,351414.3917,5021778.809,-75.90526927,45.33440913,2016-04-07,12:56,01 - Clear,01 - Dry,01 - Traffic signal,03 - At intersection,01 - Daylight,03 - P.D. only,05 - Turning movement,South March
9293,MARCH RD @ RICHARDSON SIDE RD,351414.836,5021780.52,-75.90526344,45.3344245,2016-04-09,19:43,01 - Clear,01 - Dry,01 - Traffic signal,03 - At intersection,07 - Dark,03 - P.D. only,02 - Angle,South March
9294,MARCH RD @ RICHARDSON SIDE RD,351419.1535,5021780.728,-75.90520833,45.33442608,2016-04-15,9:08,01 - Clear,01 - Dry,01 - Traffic signal,03 - At intersection,01 - Daylight,03 - P.D. only,05 - Turning movement,South March
9295,MARCH RD @ RICHARDSON SIDE RD,351414.6179,5021779.015,-75.90526636,45.33441097,2016-12-06,7:27,01 - Clear,01 - Dry,01 - Traffic signal,03 - At intersection,03 - Dawn,03 - P.D. only,05 - Turning movement,South March
9296,MARCH RD @ SECOND LINE RD,346102.8391,5025328.651,-75.97273725,45.36668439,2016-01-14,8:30,03 - Snow,03 - Loose snow,01 - Traffic signal,02 - Intersection related,01 - Daylight,03 - P.D. only,03 - Rear end,Carp - Hardwood Plains
9297,MARCH RD @ SECOND LINE RD,346106.1322,5025328.311,-75.97269524,45.36668114,2016-11-10,5:20,01 - Clear,01 - Dry,01 - Traffic signal,03 - At intersection,07 - Dark,03 - P.D. only,02 - Angle,Carp - Hardwood Plains
9298,MARCH RD @ SOLANDT RD,350490.144,5022709.164,-75.91697477,45.34284146,2016-08-17,10:51,01 - Clear,01 - Dry,01 - Traffic signal,02 - Intersection related,01 - Daylight,02 - Non-fatal injury,03 - Rear end,South March
9299,MARCH RD @ SOLANDT RD,350492.093,5022710.088,-75.91694982,45.34284965,2016-09-16,11:14,01 - Clear,01 - Dry,01 - Traffic signal,02 - Intersection related,01 - Daylight,03 - P.D. only,03 - Rear end,South March
9300,MARCH RD @ SOLANDT RD,350489.389,5022711.161,-75.91698422,45.34285948,2016-02-16,11:02,03 - Snow,03 - Loose snow,01 - Traffic signal,03 - At intersection,01 - Daylight,03 - P.D. only,05 - Turning movement,South March
9301,MARCH RD @ SOLANDT RD,350491.2648,5022708.432,-75.91696054,45.3428348,2016-10-31,8:05,01 - Clear,01 - Dry,01 - Traffic signal,02 - Intersection related,01 - Daylight,03 - P.D. only,03 - Rear end,South March
9302,MARCH RD @ SOLANDT RD,350488.9426,5022711.612,-75.91698987,45.34286357,2016-02-23,15:50,01 - Clear,01 - Dry,01 - Traffic signal,02 - Intersection related,01 - Daylight,03 - P.D. only,03 - Rear end,South March
9303,MARCH RD @ SOLANDT RD,350489.3865,5022710.28,-75.91698433,45.34285156,2016-03-02,19:35,01 - Clear,02 - Wet,01 - Traffic signal,03 - At intersection,07 - Dark,03 - P.D. only,05 - Turning movement,South March
9304,MARCH RD @ SOLANDT RD,350489.3838,5022710.502,-75.91698435,45.34285355,2016-05-03,16:55,01 - Clear,01 - Dry,01 - Traffic signal,02 - Intersection related,01 - Daylight,03 - P.D. only,03 - Rear end,South March
9305,MARCH RD @ SOLANDT RD,350489.8325,5022709.383,-75.91697873,45.34284346,2016-03-14,10:46,02 - Rain,02 - Wet,01 - Traffic signal,03 - At intersection,01 - Daylight,03 - P.D. only,05 - Turning movement,South March
9306,MARCH RD @ SOLANDT RD,350489.6085,5022708.432,-75.91698167,45.34283491,2016-10-20,16:28,02 - Rain,02 - Wet,01 - Traffic signal,02 - Intersection related,01 - Daylight,03 - P.D. only,03 - Rear end,South March
9307,MARCH RD @ SOLANDT RD,350490.2671,5022709.844,-75.91697314,45.34284757,2016-11-28,12:27,01 - Clear,01 - Dry,01 - Traffic signal,03 - At intersection,01 - Daylight,03 - P.D. only,05 - Turning movement,South March
9308,MARCH RD @ SOLANDT RD,350489.6085,5022710.916,-75.91698144,45.34285726,2016-11-20,20:27,05 - Drifting Snow,06 - Ice,01 - Traffic signal,03 - At intersection,07 - Dark,03 - P.D. only,07 - SMV other,South March
9309,MARCH RD @ TALL FOREST DR E,343831.8788,5023266.298,-76.00188953,45.34825683,2016-02-11,10:00,01 - Clear,03 - Loose snow,02 - Stop sign,03 - At intersection,01 - Daylight,03 - P.D. only,07 - SMV other,Carp - Hardwood Plains
9310,MARCH RD @ TERRY FOX DR,349863.9352,5023399.284,-75.92490217,45.34909183,2016-04-14,7:40,01 - Clear,01 - Dry,01 - Traffic signal,02 - Intersection related,01 - Daylight,02 - Non-fatal injury,03 - Rear end,South March
9311,MARCH RD @ TERRY FOX DR,349865.7448,5023399.223,-75.92487908,45.34909116,2016-01-12,17:18,01 - Clear,02 - Wet,01 - Traffic signal,02 - Intersection related,05 - Dusk,03 - P.D. only,03 - Rear end,South March
9312,MARCH RD @ TERRY FOX DR,349864.8331,5023399.284,-75.92489071,45.34909177,2016-04-05,8:26,01 - Clear,01 - Dry,01 - Traffic signal,02 - Intersection related,01 - Daylight,03 - P.D. only,03 - Rear end,South March
9313,MARCH RD @ TERRY FOX DR,349864.8281,5023400.168,-75.9248907,45.34909972,2016-07-26,16:23,01 - Clear,01 - Dry,01 - Traffic signal,02 - Intersection related,01 - Daylight,03 - P.D. only,03 - Rear end,South March
9314,MARCH RD @ TERRY FOX DR,349864.3891,5023398.85,-75.92489642,45.34908789,2016-10-02,13:23,02 - Rain,02 - Wet,01 - Traffic signal,03 - At intersection,01 - Daylight,03 - P.D. only,04 - Sideswipe,Morgan's Grant
9315,MARCH RD @ TERRY FOX DR,349864.3891,5023398.85,-75.92489642,45.34908789,2016-12-14,11:30,01 - Clear,01 - Dry,01 - Traffic signal,03 - At intersection,01 - Daylight,03 - P.D. only,02 - Angle,Morgan's Grant
9316,MARCH RD @ TERRY FOX DR,349864.6086,5023397.853,-75.92489371,45.34907891,2016-12-22,9:33,03 - Snow,04 - Slush,01 - Traffic signal,02 - Intersection related,01 - Daylight,03 - P.D. only,04 - Sideswipe,South March
9317,MARCH RD @ THOMAS ARGUE RD,341120.6969,5020803.963,-76.0366682,45.3262454,2016-12-05,8:49,03 - Snow,05 - Packed snow,02 - Stop sign,02 - Intersection related,01 - Daylight,03 - P.D. only,01 - Approaching,Carp - Hardwood Plains
9318,MARCH RD @ UPPER DWYER HILL RD,334081.6659,5014290.828,-76.12684538,45.26796549,2016-03-09,8:05,01 - Clear,01 - Dry,01 - Traffic signal,02 - Intersection related,01 - Daylight,03 - P.D. only,03 - Rear end,Carp - Hardwood Plains
9319,MARCH RD @ UPPER DWYER HILL RD,334082.2701,5014291.914,-76.12683762,45.26797524,2016-12-28,14:02,01 - Clear,01 - Dry,01 - Traffic signal,02 - Intersection related,01 - Daylight,03 - P.D. only,03 - Rear end,Carp - Hardwood Plains
9320,MARCH RD @ UPPER DWYER HILL RD,334082.5396,5014290.402,-76.12683427,45.26796162,2016-12-20,15:36,01 - Clear,02 - Wet,01 - Traffic signal,03 - At intersection,01 - Daylight,03 - P.D. only,02 - Angle,Carp - Hardwood Plains
9321,MARCH RD @ UPPER DWYER HILL RD,334080.6137,5014290.257,-76.12685882,45.2679604,2016-11-24,17:08,03 - Snow,03 - Loose snow,01 - Traffic signal,02 - Intersection related,07 - Dark,03 - P.D. only,07 - SMV other,Carp - Hardwood Plains
9322,MARCH RD btwn 280 S OF CARLING AVE/STATION RD & RICHARDSON SIDE RD,351184.0754,5021945.196,-75.90819201,45.33592158,2016-04-26,7:28,01 - Clear,01 - Dry,10 - No control,04 - At/near private drive,01 - Daylight,02 - Non-fatal injury,07 - SMV other,South March
9323,MARCH RD btwn 280 S OF CARLING AVE/STATION RD & RICHARDSON SIDE RD,351209.5907,5021917.382,-75.90786909,45.33566962,2016-01-04,9:10,01 - Clear,02 - Wet,10 - No control,04 - At/near private drive,01 - Daylight,03 - P.D. only,04 - Sideswipe,South March
9324,MARCH RD btwn 280 S OF CARLING AVE/STATION RD & RICHARDSON SIDE RD,351388.532,5021787.533,-75.90559836,45.33448935,2016-04-05,5:45,01 - Clear,01 - Dry,10 - No control,01 - Non intersection,07 - Dark,03 - P.D. only,07 - SMV other,South March
9325,MARCH RD btwn 280 S OF CARLING AVE/STATION RD & RICHARDSON SIDE RD,351389.1341,5021789.482,-75.90559049,45.33450685,2016-04-23,15:28,01 - Clear,01 - Dry,10 - No control,01 - Non intersection,01 - Daylight,03 - P.D. only,04 - Sideswipe,South March
9326,MARCH RD btwn 280 S OF CARLING AVE/STATION RD & RICHARDSON SIDE RD,351266.4337,5021858.999,-75.90714936,45.33514051,2016-12-31,19:51,03 - Snow,03 - Loose snow,10 - No control,04 - At/near private drive,07 - Dark,03 - P.D. only,02 - Angle,South March
9327,MARCH RD btwn BEARHILL RD & ROB LYTLE'S LANE,338875.5233,5018676.928,-76.06545464,45.30721794,2016-06-21,15:13,01 - Clear,01 - Dry,10 - No control,01 - Non intersection,01 - Daylight,02 - Non-fatal injury,01 - Approaching,Carp - Hardwood Plains
9328,MARCH RD btwn BEARHILL RD & ROB LYTLE'S LANE,338186.2422,5018000.242,-76.07428997,45.30116189,2016-01-11,6:10,01 - Clear,02 - Wet,10 - No control,01 - Non intersection,07 - Dark,03 - P.D. only,07 - SMV other,Carp - Hardwood Plains
9329,MARCH RD btwn BEARHILL RD & ROB LYTLE'S LANE,338198.4035,5018010.684,-76.0741342,45.30125527,2016-11-04,21:39,01 - Clear,01 - Dry,10 - No control,04 - At/near private drive,07 - Dark,03 - P.D. only,05 - Turning movement,Carp - Hardwood Plains
9330,MARCH RD btwn CAMPEAU DR/HWY 417 MARCH IC138R63 & HWY417 IC138 RAMP36,352846.3655,5020463.868,-75.88712805,45.32248045,2016-04-20,6:30,01 - Clear,01 - Dry,10 - No control,01 - Non intersection,01 - Daylight,03 - P.D. only,04 - Sideswipe,Greenbelt
9331,MARCH RD btwn CAMPEAU DR/HWY 417 MARCH IC138R63 & HWY417 IC138 RAMP62,352757.5154,5020657.382,-75.8882426,45.32422781,2016-11-11,8:25,01 - Clear,01 - Dry,10 - No control,01 - Non intersection,01 - Daylight,02 - Non-fatal injury,04 - Sideswipe,Greenbelt
9332,MARCH RD btwn CAMPEAU DR/HWY 417 MARCH IC138R63 & HWY417 IC138 RAMP62,352797.8701,5020570.749,-75.88773625,45.32344551,2016-10-27,16:15,03 - Snow,02 - Wet,10 - No control,01 - Non intersection,01 - Daylight,03 - P.D. only,99 - Other,Greenbelt
9333,MARCH RD btwn CARLING AVE/STATION RD & 280 S OF CARLING AVE/STATION RD,350915.9479,5022238.005,-75.91158554,45.33857401,2016-06-22,20:09,01 - Clear,01 - Dry,10 - No control,04 - At/near private drive,01 - Daylight,02 - Non-fatal injury,07 - SMV other,South March
9334,MARCH RD btwn CARLING AVE/STATION RD & 280 S OF CARLING AVE/STATION RD,351021.4411,5022120.562,-75.91025055,45.33751029,2016-04-14,8:40,01 - Clear,01 - Dry,10 - No control,05 - At railway crossing,01 - Daylight,03 - P.D. only,05 - Turning movement,South March
9335,MARCH RD btwn CARP RD & DONALD B. MUNRO DR,342242.4687,5021801.986,-76.0222831,45.33516706,2016-02-18,6:39,01 - Clear,06 - Ice,10 - No control,01 - Non intersection,03 - Dawn,03 - P.D. only,07 - SMV other,Carp - Hardwood Plains
9336,MARCH RD btwn CARP RD & DONALD B. MUNRO DR,342303.0014,5021856.919,-76.02150665,45.33565813,2016-04-06,21:18,03 - Snow,04 - Slush,10 - No control,01 - Non intersection,07 - Dark,03 - P.D. only,07 - SMV other,Carp - Hardwood Plains
9337,MARCH RD btwn CARP RD & DONALD B. MUNRO DR,342313.8986,5021868.718,-76.02136672,45.33576372,2016-01-14,6:46,03 - Snow,06 - Ice,10 - No control,01 - Non intersection,07 - Dark,03 - P.D. only,07 - SMV other,Carp - Hardwood Plains
9338,MARCH RD btwn CORKSTOWN RD & HWY417 IC138 RAMP62,352661.4463,5020873.79,-75.88944709,45.32618164,2016-05-20,8:17,01 - Clear,01 - Dry,10 - No control,01 - Non intersection,01 - Daylight,03 - P.D. only,03 - Rear end,Greenbelt
9339,MARCH RD btwn DIAMONDVIEW RD & THOMAS ARGUE RD,340706.5124,5020407.24,-76.04198042,45.32269683,2016-03-24,16:49,03 - Snow,04 - Slush,10 - No control,01 - Non intersection,01 - Daylight,03 - P.D. only,07 - SMV other,Carp - Hardwood Plains
9340,MARCH RD btwn DONALD B. MUNRO DR & TALL FOREST DR,343190.2648,5022683.523,-76.01012251,45.34304823,2016-02-05,19:30,03 - Snow,03 - Loose snow,10 - No control,01 - Non intersection,07 - Dark,03 - P.D. only,07 - SMV other,Stittsville - Basswood
9341,MARCH RD btwn DUNROBIN RD & MURPHY CRT,347582.9595,5025890.578,-75.95379455,45.37165196,2016-01-09,7:00,02 - Rain,04 - Slush,10 - No control,01 - Non intersection,03 - Dawn,02 - Non-fatal injury,07 - SMV other,Carp - Hardwood Plains
9342,MARCH RD btwn DUNROBIN RD & MURPHY CRT,347537.2503,5025947.679,-75.95437315,45.37216856,2016-01-14,8:13,03 - Snow,04 - Slush,10 - No control,01 - Non intersection,01 - Daylight,02 - Non-fatal injury,07 - SMV other,Carp - Hardwood Plains
9343,MARCH RD btwn DUNROBIN RD & MURPHY CRT,347712.9482,5025754.798,-75.95214687,45.37042223,2016-04-17,17:15,01 - Clear,01 - Dry,10 - No control,04 - At/near private drive,01 - Daylight,02 - Non-fatal injury,05 - Turning movement,Carp - Hardwood Plains
9344,MARCH RD btwn DUNROBIN RD & MURPHY CRT,347605.9421,5025872.812,-75.95350269,45.37149069,2016-08-04,9:45,01 - Clear,01 - Dry,10 - No control,01 - Non intersection,01 - Daylight,03 - P.D. only,07 - SMV other,Carp - Hardwood Plains
9345,MARCH RD btwn DUNROBIN RD & MURPHY CRT,347191.0608,5026066.213,-75.95878258,45.37325618,2016-06-11,17:12,02 - Rain,02 - Wet,10 - No control,01 - Non intersection,01 - Daylight,03 - P.D. only,05 - Turning movement,Carp - Hardwood Plains
9346,MARCH RD btwn DUNROBIN RD & MURPHY CRT,347323.6691,5026057.669,-75.95709035,45.37317126,2016-12-21,17:53,01 - Clear,01 - Dry,10 - No control,01 - Non intersection,07 - Dark,03 - P.D. only,07 - SMV other,Carp - Hardwood Plains
9347,MARCH RD btwn DUNROBIN RD & MURPHY CRT,347548.0998,5025934.273,-75.9542358,45.37204726,2016-12-25,21:46,01 - Clear,01 - Dry,10 - No control,01 - Non intersection,07 - Dark,03 - P.D. only,07 - SMV other,Carp - Hardwood Plains
9348,MARCH RD btwn GOLDEN LINE RD & BURNT LANDS RD,332105.9462,5012842.291,-76.15210235,45.2550101,2016-01-22,19:55,01 - Clear,02 - Wet,10 - No control,01 - Non intersection,07 - Dark,03 - P.D. only,07 - SMV other,Carp - Hardwood Plains
9349,MARCH RD btwn GREY FOX DR & HOWIE RD,336577.1358,5016666.855,-76.09489269,45.28923799,2016-10-15,14:18,01 - Clear,01 - Dry,10 - No control,01 - Non intersection,01 - Daylight,03 - P.D. only,07 - SMV other,Carp - Hardwood Plains
9350,MARCH RD btwn GREY FOX DR & HOWIE RD,336406.4461,5016517.895,-76.09707815,45.28790526,2016-01-07,17:03,01 - Clear,01 - Dry,10 - No control,01 - Non intersection,05 - Dusk,03 - P.D. only,07 - SMV other,Carp - Hardwood Plains
9351,MARCH RD btwn HALTON TERR/MAXWELL BRIDGE RD & KLONDIKE RD,348887.0624,5024469.678,-75.93727278,45.35878557,2016-10-19,9:08,01 - Clear,01 - Dry,10 - No control,04 - At/near private drive,01 - Daylight,03 - P.D. only,03 - Rear end,Carp - Hardwood Plains
9352,MARCH RD btwn HALTON TERR/MAXWELL BRIDGE RD & KLONDIKE RD,348796.1602,5024572.092,-75.93842389,45.35971282,2016-05-06,6:56,01 - Clear,01 - Dry,10 - No control,01 - Non intersection,01 - Daylight,03 - P.D. only,07 - SMV other,Carp - Hardwood Plains
9353,MARCH RD btwn HALTON TERR/MAXWELL BRIDGE RD & KLONDIKE RD,348924.5273,5024432.257,-75.93679795,45.35844649,2016-04-22,13:53,01 - Clear,02 - Wet,10 - No control,01 - Non intersection,01 - Daylight,03 - P.D. only,07 - SMV other,South March
9354,MARCH RD btwn HALTON TERR/MAXWELL BRIDGE RD & KLONDIKE RD,348874.4778,5024487.925,-75.93743178,45.35895055,2016-04-24,11:02,01 - Clear,01 - Dry,10 - No control,01 - Non intersection,01 - Daylight,03 - P.D. only,05 - Turning movement,Carp - Hardwood Plains
9355,MARCH RD btwn HALTON TERR/MAXWELL BRIDGE RD & KLONDIKE RD,348076.8166,5025362.444,-75.94753609,45.36686937,2016-12-11,21:53,03 - Snow,03 - Loose snow,10 - No control,01 - Non intersection,07 - Dark,03 - P.D. only,07 - SMV other,Carp - Hardwood Plains
9356,MARCH RD btwn HERZBERG RD & CORKSTOWN RD,352358.4684,5021505.159,-75.89325121,45.33188342,2016-02-13,8:33,05 - Drifting Snow,06 - Ice,10 - No control,01 - Non intersection,01 - Daylight,03 - P.D. only,07 - SMV other,Greenbelt
9357,MARCH RD btwn HERZBERG RD & CORKSTOWN RD,352647.5121,5020903.912,-75.88962192,45.32645364,2016-04-12,18:15,01 - Clear,01 - Dry,10 - No control,01 - Non intersection,01 - Daylight,03 - P.D. only,03 - Rear end,Greenbelt
9358,MARCH RD btwn HWY417 IC138 RAMP26 & EAGLESON RD,352936.7674,5020244.395,-75.88599629,45.3204994,2016-06-06,15:47,01 - Clear,01 - Dry,10 - No control,01 - Non intersection,01 - Daylight,03 - P.D. only,04 - Sideswipe,Greenbelt
9359,MARCH RD btwn HWY417 IC138 RAMP26 & EAGLESON RD,352937.889,5020242.011,-75.88598222,45.32047787,2016-12-09,9:17,01 - Clear,04 - Slush,10 - No control,07 - Overpass or bridge,01 - Daylight,03 - P.D. only,01 - Approaching,Greenbelt
9360,MARCH RD btwn HWY417 IC138 RAMP36 & HWY417 IC138 RAMP26,352866.663,5020421.932,-75.88687322,45.32210171,2016-03-31,17:10,02 - Rain,02 - Wet,10 - No control,01 - Non intersection,01 - Daylight,03 - P.D. only,03 - Rear end,Greenbelt
9361,MARCH RD btwn HWY417 IC155 RAMP35 & HWY417 IC155 RAMP26,339557.1526,5019331.536,-76.05671656,45.31307501,2016-01-20,23:34,01 - Clear,01 - Dry,10 - No control,01 - Non intersection,07 - Dark,03 - P.D. only,03 - Rear end,Carp - Hardwood Plains
9362,MARCH RD btwn HWY417 IC155 RAMP61 & HWY417 IC155 RAMP36,339770.5056,5019531.978,-76.05398145,45.31486808,2016-07-14,17:18,01 - Clear,01 - Dry,10 - No control,01 - Non intersection,01 - Daylight,02 - Non-fatal injury,07 - SMV other,Carp - Hardwood Plains
9363,MARCH RD btwn HWY417 IC155 RAMP61 & HWY417 IC155 RAMP36,339769.0812,5019526.789,-76.05399998,45.31482146,2016-09-21,8:40,01 - Clear,01 - Dry,10 - No control,01 - Non intersection,01 - Daylight,03 - P.D. only,04 - Sideswipe,Carp - Hardwood Plains
9364,MARCH RD btwn JACOB'S GT & BEARHILL RD,337672.772,5017600.038,-76.08086362,45.29758486,2016-04-27,0:00,01 - Clear,01 - Dry,10 - No control,01 - Non intersection,07 - Dark,03 - P.D. only,07 - SMV other,Carp - Hardwood Plains
9365,MARCH RD btwn KLONDIKE RD & MORGAN'S GRANT WAY,349465.9473,5023835.908,-75.92994153,45.35304613,2016-02-11,7:32,03 - Snow,04 - Slush,10 - No control,01 - Non intersection,01 - Daylight,02 - Non-fatal injury,04 - Sideswipe,South March
9366,MARCH RD btwn MARCH RD & BEACHVALE LANE,344217.1323,5023614.204,-75.99694553,45.35136585,2016-08-26,22:00,01 - Clear,01 - Dry,10 - No control,01 - Non intersection,07 - Dark,03 - P.D. only,07 - SMV other,Carp - Hardwood Plains
9367,MARCH RD btwn MARCH RD & BEACHVALE LANE,344732.8425,5024082.144,-75.99032633,45.35554734,2016-11-24,12:25,01 - Clear,04 - Slush,10 - No control,01 - Non intersection,01 - Daylight,03 - P.D. only,07 - SMV other,Carp - Hardwood Plains
9368,MARCH RD btwn MARCHURST RD & SECOND LINE RD,345574.9582,5024868.991,-75.97951371,45.36257915,2016-09-05,22:58,01 - Clear,01 - Dry,10 - No control,01 - Non intersection,07 - Dark,03 - P.D. only,07 - SMV other,Carp - Hardwood Plains
9369,MARCH RD btwn MARCHURST RD & SECOND LINE RD,345547.2733,5024828.843,-75.9798704,45.3622195,2016-03-14,6:48,01 - Clear,01 - Dry,10 - No control,01 - Non intersection,03 - Dawn,03 - P.D. only,07 - SMV other,Carp - Hardwood Plains
9370,MARCH RD btwn MARCHURST RD & SECOND LINE RD,346037.574,5025269.713,-75.97357529,45.3661579,2016-06-29,14:33,01 - Clear,01 - Dry,10 - No control,01 - Non intersection,01 - Daylight,03 - P.D. only,07 - SMV other,Carp - Hardwood Plains
9371,MARCH RD btwn PETER ROBINSON RD & CORKERY RD,335485.4894,5015721.79,-76.10886754,45.28078227,2016-06-03,8:37,01 - Clear,01 - Dry,10 - No control,01 - Non intersection,01 - Daylight,03 - P.D. only,07 - SMV other,Carp - Hardwood Plains