Record,Location,X,Y,lon,lat,Date,Time,Environment,Road_Surface,Traffic_Control,Collision_Location,Light,Collision_Classification,Impact_type,Neighborhood
9372,MARCH RD btwn PETER ROBINSON RD & CORKERY RD,335927.365,5016118.022,-76.10321046,45.28432837,2016-02-06,17:50,01 - Clear,01 - Dry,10 - No control,01 - Non intersection,07 - Dark,03 - P.D. only,07 - SMV other,Carp - Hardwood Plains
9373,MARCH RD btwn PETER ROBINSON RD & CORKERY RD,335739.9226,5015952.401,-76.10561011,45.28284629,2016-01-21,21:15,01 - Clear,01 - Dry,10 - No control,01 - Non intersection,07 - Dark,03 - P.D. only,07 - SMV other,Carp - Hardwood Plains
9374,MARCH RD btwn PETER ROBINSON RD & CORKERY RD,335852.6659,5016052.282,-76.10416676,45.2837401,2016-11-15,4:35,01 - Clear,01 - Dry,10 - No control,01 - Non intersection,07 - Dark,03 - P.D. only,07 - SMV other,Carp - Hardwood Plains
9375,MARCH RD btwn RICHARDSON SIDE RD & HERZBERG RD,352222.4147,5021580.08,-75.8949797,45.33256679,2016-06-30,19:57,01 - Clear,01 - Dry,10 - No control,01 - Non intersection,01 - Daylight,02 - Non-fatal injury,01 - Approaching,Kanata Lakes - Marchwood Lakeside - Morgan's Grant - Kanata
9376,MARCH RD btwn RICHARDSON SIDE RD & HERZBERG RD,351798.8559,5021687.807,-75.90037298,45.33356463,2016-02-22,8:31,01 - Clear,01 - Dry,10 - No control,01 - Non intersection,01 - Daylight,03 - P.D. only,03 - Rear end,South March
9377,MARCH RD btwn RICHARDSON SIDE RD & HERZBERG RD,352300.5706,5021544.076,-75.89398609,45.33223753,2016-01-13,5:57,03 - Snow,06 - Ice,10 - No control,01 - Non intersection,07 - Dark,03 - P.D. only,07 - SMV other,Kanata Lakes - Marchwood Lakeside - Morgan's Grant - Kanata
9378,MARCH RD btwn RICHARDSON SIDE RD & HERZBERG RD,351846.474,5021675.955,-75.89976661,45.33345479,2016-01-16,11:29,03 - Snow,03 - Loose snow,10 - No control,01 - Non intersection,01 - Daylight,03 - P.D. only,07 - SMV other,South March
9379,MARCH RD btwn ROB LYTLE'S LANE & HWY417 IC155 RAMP25,339147.9812,5018953.163,-76.0619611,45.30969036,2016-12-04,21:21,01 - Clear,01 - Dry,10 - No control,01 - Non intersection,07 - Dark,01 - Fatal injury,01 - Approaching,Carp - Hardwood Plains
9380,MARCH RD btwn SECOND LINE RD & DUNROBIN RD,347164.0942,5026066.662,-75.95912681,45.37326185,2016-01-14,10:22,03 - Snow,03 - Loose snow,10 - No control,01 - Non intersection,01 - Daylight,03 - P.D. only,03 - Rear end,Carp - Hardwood Plains
9381,MARCH RD btwn SOLANDT RD & STATION RD,350538.3178,5022654.61,-75.91636513,45.34234744,2016-01-07,17:43,01 - Clear,02 - Wet,10 - No control,01 - Non intersection,07 - Dark,03 - P.D. only,03 - Rear end,South March
9382,MARCH RD btwn SOLANDT RD & STATION RD,350499.8846,5022699.936,-75.91685134,45.34275779,2016-08-17,13:21,01 - Clear,01 - Dry,10 - No control,04 - At/near private drive,01 - Daylight,03 - P.D. only,05 - Turning movement,South March
9383,MARCH RD btwn SOLANDT RD & STATION RD,350492.3358,5022706.866,-75.91694702,45.34282064,2016-07-20,11:57,01 - Clear,01 - Dry,10 - No control,01 - Non intersection,01 - Daylight,03 - P.D. only,03 - Rear end,South March
9384,MARCH RD btwn SOLANDT RD & STATION RD,350535.5176,5022658.23,-75.91640052,45.34238019,2016-08-20,0:57,01 - Clear,01 - Dry,10 - No control,01 - Non intersection,07 - Dark,03 - P.D. only,03 - Rear end,South March
9385,MARCH RD btwn SOLANDT RD & STATION RD,350835.8737,5022319.876,-75.91259957,45.33931596,2016-12-18,17:00,01 - Clear,06 - Ice,10 - No control,01 - Non intersection,07 - Dark,03 - P.D. only,07 - SMV other,South March
9386,MARCH RD btwn TERRY FOX DR & SOLANDT RD,350419.4845,5022783.332,-75.91786953,45.34351344,2016-06-17,6:36,01 - Clear,01 - Dry,10 - No control,01 - Non intersection,01 - Daylight,02 - Non-fatal injury,07 - SMV other,South March
9387,MARCH RD btwn TERRY FOX DR & SOLANDT RD,349930.745,5023326.782,-75.92405622,45.34843514,2016-06-30,16:46,01 - Clear,01 - Dry,10 - No control,04 - At/near private drive,01 - Daylight,02 - Non-fatal injury,02 - Angle,South March
9388,MARCH RD btwn TERRY FOX DR & SOLANDT RD,349927.648,5023327.089,-75.92409571,45.3484381,2016-01-15,17:54,01 - Clear,01 - Dry,10 - No control,01 - Non intersection,07 - Dark,03 - P.D. only,03 - Rear end,South March
9389,MARCH RD btwn TERRY FOX DR & SOLANDT RD,350478.8425,5022719.198,-75.91711805,45.34293249,2016-12-19,23:58,01 - Clear,03 - Loose snow,10 - No control,01 - Non intersection,07 - Dark,03 - P.D. only,04 - Sideswipe,South March
9390,MARCH RD btwn UPPER DWYER HILL RD & PETER ROBINSON RD,334121.3497,5014336.327,-76.12633699,45.26837327,2016-11-06,22:16,01 - Clear,01 - Dry,10 - No control,01 - Non intersection,07 - Dark,03 - P.D. only,07 - SMV other,Carp - Hardwood Plains
9391,MARCH VALLEY RD @ RIDDELL DR,348200.5096,5027265.762,-75.94578985,45.38398818,2016-08-19,1:14,01 - Clear,01 - Dry,02 - Stop sign,03 - At intersection,07 - Dark,02 - Non-fatal injury,07 - SMV other,Carp - Hardwood Plains
9392,MARCH VALLEY RD @ RIDDELL DR,348201.6073,5027263.472,-75.94577604,45.3839675,2016-12-09,7:00,01 - Clear,05 - Packed snow,02 - Stop sign,02 - Intersection related,07 - Dark,03 - P.D. only,07 - SMV other,Carp - Hardwood Plains
9393,MARCH VALLEY RD @ SHIRLEY BLVD,350929.7178,5024278.865,-75.91121949,45.35693717,2016-12-28,8:48,01 - Clear,02 - Wet,02 - Stop sign,03 - At intersection,01 - Daylight,02 - Non-fatal injury,02 - Angle,South March
9394,MARCH VALLEY RD btwn RIDDELL DR & KLONDIKE RD,348794.7051,5026620.885,-75.93826,45.37814838,2016-08-30,20:01,01 - Clear,01 - Dry,10 - No control,01 - Non intersection,05 - Dusk,03 - P.D. only,07 - SMV other,Carp - Hardwood Plains
9395,MARCH VALLEY RD btwn RIDDELL DR & KLONDIKE RD,348335.3065,5027115.158,-75.9440819,45.38262465,2016-02-13,18:03,01 - Clear,03 - Loose snow,10 - No control,01 - Non intersection,07 - Dark,03 - P.D. only,07 - SMV other,Carp - Hardwood Plains
9396,MARCH VALLEY RD btwn RIDDELL DR & KLONDIKE RD,348401.3853,5027042.102,-75.94324461,45.38196316,2016-01-12,7:05,01 - Clear,01 - Dry,10 - No control,01 - Non intersection,07 - Dark,03 - P.D. only,07 - SMV other,Carp - Hardwood Plains
9397,MARCH VALLEY RD btwn RIDDELL DR & KLONDIKE RD,348918.7811,5026475.569,-75.93668882,45.376833,2016-02-21,0:31,04 - Freezing Rain,06 - Ice,10 - No control,01 - Non intersection,07 - Dark,03 - P.D. only,07 - SMV other,Carp - Hardwood Plains
9398,MARCH VALLEY RD btwn RIDDELL DR & KLONDIKE RD,348250.9872,5027208.496,-75.94515034,45.38346976,2016-06-03,4:45,01 - Clear,01 - Dry,10 - No control,01 - Non intersection,07 - Dark,03 - P.D. only,07 - SMV other,Carp - Hardwood Plains
9399,MARCHANT DR btwn PINARD WAY & LICHEN AVE,385498.8317,5036772.92,-75.46800475,45.46622131,2016-03-23,20:30,01 - Clear,01 - Dry,10 - No control,01 - Non intersection,07 - Dark,03 - P.D. only,06 - SMV unattended vehicle,Avalon
9400,MARCONI AVE btwn APPLECROSS CRES & KINGHORN CRES/APPLECROSS CRES,349832.2761,5024321.78,-75.92522216,45.35739468,2016-02-07,0:28,01 - Clear,01 - Dry,10 - No control,01 - Non intersection,07 - Dark,03 - P.D. only,06 - SMV unattended vehicle,South March
9401,MARCONI AVE btwn APPLECROSS CRES & KINGHORN CRES/APPLECROSS CRES,349769.7204,5024385.97,-75.92601472,45.35797629,2016-01-12,11:43,03 - Snow,03 - Loose snow,10 - No control,01 - Non intersection,01 - Daylight,03 - P.D. only,07 - SMV other,South March
9402,MARCONI AVE btwn APPLECROSS CRES & KINGHORN CRES/APPLECROSS CRES,349774.7584,5024377.602,-75.92595118,45.35790067,2016-07-20,6:18,01 - Clear,01 - Dry,10 - No control,04 - At/near private drive,01 - Daylight,03 - P.D. only,02 - Angle,South March
9403,MARCONI AVE btwn KLONDIKE RD & APPLECROSS CRES,349705.8167,5024452.85,-75.92682426,45.35858218,2016-08-03,17:03,01 - Clear,01 - Dry,10 - No control,04 - At/near private drive,01 - Daylight,03 - P.D. only,06 - SMV unattended vehicle,South March
9404,MARCONI AVE btwn KLONDIKE RD & APPLECROSS CRES,349711.6889,5024446.04,-75.92674993,45.35852053,2016-04-13,0:00,01 - Clear,01 - Dry,10 - No control,01 - Non intersection,00 - Unknown,03 - P.D. only,06 - SMV unattended vehicle,South March
9405,MARGUERITE AVE @ MCARTHUR AVE,370029.6117,5032669.925,-75.66634914,45.43092028,2016-05-27,16:41,01 - Clear,02 - Wet,01 - Traffic signal,03 - At intersection,01 - Daylight,02 - Non-fatal injury,02 - Angle,Vanier South
9406,MARGUERITE AVE btwn MCARTHUR AVE & CARLOTTA AVE,370039.5031,5032643.301,-75.66622626,45.43067981,2016-05-16,1:59,01 - Clear,01 - Dry,10 - No control,01 - Non intersection,07 - Dark,03 - P.D. only,07 - SMV other,Vanier South
9407,MARGUERITE AVE btwn ONTARIO ST & DONALD ST,370078.2304,5032270.062,-75.66578085,45.42731794,2016-06-22,10:50,01 - Clear,01 - Dry,10 - No control,01 - Non intersection,01 - Daylight,03 - P.D. only,06 - SMV unattended vehicle,Vanier South
9408,MARIE ST btwn BRITANNIA RD & POULIN AVE,360139.6926,5024908.439,-75.79360495,45.36193564,2016-07-08,7:54,01 - Clear,01 - Dry,10 - No control,01 - Non intersection,01 - Daylight,03 - P.D. only,06 - SMV unattended vehicle,Woodroffe - Lincoln Heights
9409,MARIER AVE @ MONTREAL RD,370417.2238,5033262.005,-75.66131698,45.43621131,2016-10-19,16:11,01 - Clear,01 - Dry,01 - Traffic signal,02 - Intersection related,01 - Daylight,03 - P.D. only,03 - Rear end,Vanier South
9410,MARIER AVE @ MONTREAL RD,370419.9278,5033262.25,-75.66128239,45.43621326,2016-06-30,22:36,01 - Clear,01 - Dry,01 - Traffic signal,02 - Intersection related,07 - Dark,03 - P.D. only,03 - Rear end,Vanier South
9411,MARIER AVE @ MONTREAL RD,370419.7083,5033262.26,-75.66128519,45.43621337,2016-10-15,22:48,01 - Clear,01 - Dry,01 - Traffic signal,02 - Intersection related,07 - Dark,03 - P.D. only,04 - Sideswipe,Vanier South
9412,MARIPOSA AVE @ SPRINGFIELD RD,369061.527,5034593.024,-75.67846913,45.44831319,2016-12-09,8:20,03 - Snow,06 - Ice,02 - Stop sign,02 - Intersection related,01 - Daylight,03 - P.D. only,03 - Rear end,Rockcliffe - Manor Park
9413,MARK AVE btwn NORTH RIVER RD & GREENSWAY AVE,369745.6419,5032968.512,-75.66993857,45.43363328,2016-01-07,16:30,03 - Snow,05 - Packed snow,10 - No control,01 - Non intersection,05 - Dusk,03 - P.D. only,06 - SMV unattended vehicle,Kingsview Park
9414,MARKETPLACE AVE @ RIOCAN AVE,364287.3569,5014761.152,-75.74188424,45.27029131,2016-08-28,19:08,01 - Clear,01 - Dry,02 - Stop sign,03 - At intersection,01 - Daylight,02 - Non-fatal injury,07 - SMV other,New Barrhaven
9415,MARKETPLACE AVE @ RIOCAN AVE,364288.3711,5014762.821,-75.74187111,45.27030624,2016-12-24,12:47,01 - Clear,02 - Wet,02 - Stop sign,03 - At intersection,01 - Daylight,02 - Non-fatal injury,07 - SMV other,New Barrhaven
9416,MARKETPLACE AVE @ RIOCAN AVE,364287.1016,5014760.696,-75.74188755,45.27028723,2016-05-14,16:43,01 - Clear,01 - Dry,02 - Stop sign,03 - At intersection,01 - Daylight,03 - P.D. only,02 - Angle,New Barrhaven
9417,MARKETPLACE AVE @ RIOCAN AVE,364287.1014,5014761.371,-75.74188747,45.2702933,2016-03-28,18:49,02 - Rain,02 - Wet,02 - Stop sign,03 - At intersection,05 - Dusk,03 - P.D. only,02 - Angle,New Barrhaven
9418,MARKETPLACE AVE @ RIOCAN AVE,364286.8769,5014761.97,-75.74189026,45.27029871,2016-01-13,20:26,01 - Clear,02 - Wet,02 - Stop sign,03 - At intersection,07 - Dark,03 - P.D. only,02 - Angle,New Barrhaven
9419,MARKETPLACE AVE @ RIOCAN AVE,364286.6524,5014761.819,-75.74189314,45.27029737,2016-05-03,17:25,01 - Clear,01 - Dry,02 - Stop sign,02 - Intersection related,01 - Daylight,03 - P.D. only,03 - Rear end,New Barrhaven
9420,MARKETPLACE AVE @ RIOCAN AVE,364287.1024,5014760.919,-75.74188751,45.27028924,2016-05-28,15:55,01 - Clear,01 - Dry,02 - Stop sign,03 - At intersection,01 - Daylight,03 - P.D. only,02 - Angle,New Barrhaven
9421,MARKLAND CRES btwn ROBLYN WAY & ROBLYN WAY,365841.9461,5016224.89,-75.72189414,45.28332875,2016-01-01,12:03,03 - Snow,04 - Slush,10 - No control,04 - At/near private drive,01 - Daylight,03 - P.D. only,99 - Other,Chapman Mills - Rideau Crest - Davidson Heights
9422,MARLBOROUGH AVE btwn SOMERSET ST E & TEMPLETON ST,369614.7558,5031910.289,-75.67175051,45.42412395,2016-08-10,15:00,01 - Clear,01 - Dry,10 - No control,01 - Non intersection,01 - Daylight,03 - P.D. only,06 - SMV unattended vehicle,Sandy Hill
9423,MARQUIS AVE E @ NASKAPI DR E,375275.9467,5034648.817,-75.59902433,45.4482162,2016-02-17,21:00,03 - Snow,05 - Packed snow,02 - Stop sign,03 - At intersection,07 - Dark,03 - P.D. only,02 - Angle,Beacon Hill North
9424,MARQUIS AVE E @ NASKAPI DR E,375275.0483,5034648.82,-75.59903581,45.44821632,2016-05-20,5:05,01 - Clear,01 - Dry,02 - Stop sign,03 - At intersection,03 - Dawn,03 - P.D. only,06 - SMV unattended vehicle,Beacon Hill North
9425,MARSHWOOD RD @ VAUGHAN SIDE RD,334016.2063,5018537.885,-76.12742946,45.3061857,2016-01-04,16:44,01 - Clear,06 - Ice,02 - Stop sign,03 - At intersection,05 - Dusk,03 - P.D. only,07 - SMV other,Carp - Hardwood Plains
9426,MARTHA AVE @ SUSAN ST,373903.5554,5028260.634,-75.61746303,45.39087561,2016-02-15,11:41,01 - Clear,05 - Packed snow,02 - Stop sign,03 - At intersection,01 - Daylight,02 - Non-fatal injury,02 - Angle,Hawthorne Meadows
9427,MARTIN ST @ COLONEL MURRAY ST,357128.1876,5006047.576,-75.83403149,45.19245352,2016-07-31,8:30,01 - Clear,01 - Dry,02 - Stop sign,03 - At intersection,01 - Daylight,02 - Non-fatal injury,07 - SMV other,Richmond
9428,MARVELVILLE RD btwn BANK ST & 8TH LINE RD,387626.8104,5005384.506,-75.44604659,45.18356502,2016-10-15,8:10,01 - Clear,01 - Dry,10 - No control,01 - Non intersection,01 - Daylight,03 - P.D. only,07 - SMV other,Metcalfe
9429,MASON ST btwn LAKES PARK DR & ESTHER ST,377445.7674,5015354.255,-75.57412471,45.27439172,2016-05-23,13:01,01 - Clear,01 - Dry,10 - No control,04 - At/near private drive,01 - Daylight,03 - P.D. only,99 - Other,Greely
9430,MATHESON RD btwn MEADOWCROFT CRES & CARVER PL,372997.8251,5032973.113,-75.62837695,45.43336507,2016-07-10,0:00,02 - Rain,02 - Wet,10 - No control,01 - Non intersection,00 - Unknown,03 - P.D. only,06 - SMV unattended vehicle,Carson Grove - Carson Meadows
9431,MATTAMY PL btwn TO BE DETERMINED & AVENSHIRE GT (1),362875.7665,5022583.398,-75.75895571,45.34079379,2016-05-07,20:48,01 - Clear,01 - Dry,10 - No control,01 - Non intersection,07 - Dark,03 - P.D. only,06 - SMV unattended vehicle,Centrepointe
9432,MAURICE ST @ RENAUD RD,378422.415,5031676.78,-75.55924916,45.42115147,2016-02-15,11:25,01 - Clear,01 - Dry,02 - Stop sign,03 - At intersection,01 - Daylight,02 - Non-fatal injury,04 - Sideswipe,Greenbelt
9433,MAXIME ST btwn MEADOWBROOK RD & RIDGEBROOK DR,374558.4362,5031925.881,-75.60858182,45.42378871,2016-06-10,8:50,01 - Clear,01 - Dry,10 - No control,01 - Non intersection,01 - Daylight,03 - P.D. only,06 - SMV unattended vehicle,Pineview
9434,MAXWELL BRIDGE RD btwn CELTIC RIDGE CRES & BRAECREEK AVE,349429.7944,5024795.957,-75.93031623,45.36168716,2016-12-22,12:45,01 - Clear,05 - Packed snow,10 - No control,04 - At/near private drive,01 - Daylight,03 - P.D. only,05 - Turning movement,South March
9435,MAY ST btwn COTE ST & VERNON AVE,371596.4963,5033192.172,-75.64625531,45.43547132,2016-02-21,15:52,01 - Clear,01 - Dry,10 - No control,04 - At/near private drive,01 - Daylight,03 - P.D. only,02 - Angle,Vanier South
9436,MAYFIELD ST @ MCARTHUR AVE,370065.7993,5032675.177,-75.665886,45.43096416,2016-02-18,22:45,01 - Clear,06 - Ice,02 - Stop sign,03 - At intersection,07 - Dark,02 - Non-fatal injury,02 - Angle,Vanier South
9437,MAYFIELD ST @ MCARTHUR AVE,370064.6093,5032675.243,-75.6659012,45.43096487,2016-08-31,13:39,01 - Clear,01 - Dry,02 - Stop sign,03 - At intersection,01 - Daylight,02 - Non-fatal injury,02 - Angle,Vanier South
9438,MCARTHUR AVE @ CARMEN AVE,370904.9678,5032766.45,-75.65515012,45.43170658,2016-07-06,22:02,01 - Clear,01 - Dry,02 - Stop sign,02 - Intersection related,07 - Dark,03 - P.D. only,03 - Rear end,Vanier South
9439,MCARTHUR AVE @ CARMEN AVE,370905.2081,5032767.777,-75.65514687,45.4317185,2016-12-30,14:56,06 - Strong wind,04 - Slush,02 - Stop sign,03 - At intersection,01 - Daylight,03 - P.D. only,05 - Turning movement,Vanier South
9440,"MCARTHUR AVE @ EGLISE, RUE DE L/MOORVALE ST",371446.9234,5032824.584,-75.64821659,45.4321782,2016-10-17,22:40,01 - Clear,01 - Dry,01 - Traffic signal,03 - At intersection,07 - Dark,02 - Non-fatal injury,07 - SMV other,Castle Heights
9441,"MCARTHUR AVE @ EGLISE, RUE DE L/MOORVALE ST",371446.3826,5032824.357,-75.64822354,45.43217621,2016-03-01,16:20,01 - Clear,02 - Wet,01 - Traffic signal,03 - At intersection,01 - Daylight,03 - P.D. only,04 - Sideswipe,Castle Heights
9442,"MCARTHUR AVE @ EGLISE, RUE DE L/MOORVALE ST",371445.8027,5032823.309,-75.64823109,45.43216684,2016-03-31,15:29,02 - Rain,02 - Wet,01 - Traffic signal,03 - At intersection,01 - Daylight,03 - P.D. only,02 - Angle,Castle Heights
9443,"MCARTHUR AVE @ EGLISE, RUE DE L/MOORVALE ST",371445.0867,5032825.069,-75.64824,45.43218274,2016-09-12,13:26,01 - Clear,01 - Dry,01 - Traffic signal,02 - Intersection related,01 - Daylight,03 - P.D. only,04 - Sideswipe,Castle Heights
9444,"MCARTHUR AVE @ EGLISE, RUE DE L/MOORVALE ST",371445.7167,5032824.993,-75.64823196,45.432182,2016-11-03,12:33,01 - Clear,02 - Wet,01 - Traffic signal,02 - Intersection related,01 - Daylight,03 - P.D. only,03 - Rear end,Castle Heights
9445,MCARTHUR AVE @ NORTH RIVER RD,369820.7336,5032646.507,-75.66902146,45.43072903,2016-11-18,6:40,01 - Clear,01 - Dry,01 - Traffic signal,03 - At intersection,03 - Dawn,02 - Non-fatal injury,05 - Turning movement,Vanier South
9446,MCARTHUR AVE @ NORTH RIVER RD,369819.6095,5032647.24,-75.66903573,45.43073573,2016-01-14,13:36,01 - Clear,02 - Wet,01 - Traffic signal,02 - Intersection related,01 - Daylight,03 - P.D. only,03 - Rear end,Vanier South
9447,MCARTHUR AVE @ OLMSTEAD ST,370482.9345,5032724.266,-75.66054893,45.43136679,2016-06-15,8:34,01 - Clear,01 - Dry,01 - Traffic signal,03 - At intersection,01 - Daylight,02 - Non-fatal injury,07 - SMV other,Vanier South
9448,MCARTHUR AVE @ OLMSTEAD ST,370483.6329,5032723.343,-75.66054013,45.43135842,2016-08-29,18:34,01 - Clear,01 - Dry,01 - Traffic signal,02 - Intersection related,01 - Daylight,03 - P.D. only,03 - Rear end,Vanier South
9449,MCARTHUR AVE @ VANIER PKWY,370219.3792,5032691.035,-75.66392131,45.4310925,2016-04-12,1:17,01 - Clear,02 - Wet,01 - Traffic signal,03 - At intersection,07 - Dark,01 - Fatal injury,02 - Angle,Vanier South
9450,MCARTHUR AVE @ VANIER PKWY,370217.5852,5032691.706,-75.66394415,45.4310987,2016-03-22,12:06,01 - Clear,01 - Dry,01 - Traffic signal,02 - Intersection related,01 - Daylight,02 - Non-fatal injury,03 - Rear end,Vanier South
9451,MCARTHUR AVE @ VANIER PKWY,370218.4777,5032691.04,-75.66393283,45.43109263,2016-07-12,12:07,01 - Clear,01 - Dry,01 - Traffic signal,02 - Intersection related,01 - Daylight,02 - Non-fatal injury,03 - Rear end,Vanier South
9452,MCARTHUR AVE @ VANIER PKWY,370217.6073,5032691.684,-75.66394387,45.4310985,2016-06-29,12:55,01 - Clear,01 - Dry,01 - Traffic signal,02 - Intersection related,01 - Daylight,02 - Non-fatal injury,03 - Rear end,Vanier South
9453,MCARTHUR AVE @ VANIER PKWY,370218.5349,5032694.479,-75.66393165,45.43112356,2016-11-01,15:20,01 - Clear,01 - Dry,01 - Traffic signal,02 - Intersection related,01 - Daylight,02 - Non-fatal injury,03 - Rear end,Vanier South
9454,MCARTHUR AVE @ VANIER PKWY,370216.9815,5032692.364,-75.66395178,45.43110468,2016-08-25,18:30,01 - Clear,01 - Dry,01 - Traffic signal,02 - Intersection related,01 - Daylight,03 - P.D. only,03 - Rear end,Vanier South
9455,MCARTHUR AVE @ VANIER PKWY,370218.4855,5032689.927,-75.66393288,45.43108261,2016-01-29,12:44,03 - Snow,02 - Wet,01 - Traffic signal,02 - Intersection related,01 - Daylight,03 - P.D. only,03 - Rear end,Vanier South
9456,MCARTHUR AVE @ VANIER PKWY,370217.0487,5032691,-75.6639511,45.4310924,2016-09-21,22:43,01 - Clear,01 - Dry,01 - Traffic signal,02 - Intersection related,07 - Dark,03 - P.D. only,03 - Rear end,Vanier South
9457,MCARTHUR AVE @ VANIER PKWY,370219.3636,5032690.805,-75.66392154,45.43109043,2016-01-31,10:29,01 - Clear,01 - Dry,01 - Traffic signal,02 - Intersection related,01 - Daylight,03 - P.D. only,03 - Rear end,Vanier South
9458,MCARTHUR AVE @ VANIER PKWY,370218.1566,5032692.42,-75.66393675,45.43110507,2016-02-09,14:30,01 - Clear,02 - Wet,01 - Traffic signal,03 - At intersection,01 - Daylight,03 - P.D. only,02 - Angle,Vanier South
9459,MCARTHUR AVE @ VANIER PKWY,370220.3613,5032692.656,-75.66390855,45.43110699,2016-10-24,13:02,01 - Clear,01 - Dry,01 - Traffic signal,02 - Intersection related,01 - Daylight,03 - P.D. only,03 - Rear end,Vanier South
9460,MCARTHUR AVE @ VANIER PKWY,370218.24,5032691.851,-75.66393576,45.43109994,2016-07-29,11:20,01 - Clear,01 - Dry,01 - Traffic signal,02 - Intersection related,01 - Daylight,03 - P.D. only,03 - Rear end,Vanier South
9461,MCARTHUR AVE @ VANIER PKWY,370218.4855,5032690.805,-75.66393276,45.43109051,2016-07-02,17:30,01 - Clear,01 - Dry,01 - Traffic signal,02 - Intersection related,01 - Daylight,03 - P.D. only,03 - Rear end,Vanier South
9462,MCARTHUR AVE @ VANIER PKWY,370219.8273,5032690.361,-75.66391568,45.43108639,2016-04-20,23:33,01 - Clear,01 - Dry,01 - Traffic signal,03 - At intersection,07 - Dark,03 - P.D. only,02 - Angle,Vanier South
9463,MCARTHUR AVE @ VANIER PKWY,370219.8324,5032689.909,-75.66391567,45.43108232,2016-05-18,13:00,01 - Clear,01 - Dry,01 - Traffic signal,02 - Intersection related,01 - Daylight,03 - P.D. only,03 - Rear end,Vanier South
9464,MCARTHUR AVE @ VANIER PKWY,370218.4777,5032691.95,-75.66393271,45.43110081,2016-07-21,16:59,01 - Clear,01 - Dry,01 - Traffic signal,02 - Intersection related,01 - Daylight,03 - P.D. only,03 - Rear end,Vanier South
9465,MCARTHUR AVE @ VANIER PKWY,370218.5349,5032690.585,-75.66393216,45.43108853,2016-11-04,7:20,01 - Clear,01 - Dry,01 - Traffic signal,02 - Intersection related,01 - Daylight,03 - P.D. only,03 - Rear end,Vanier South
9466,MCARTHUR AVE @ VANIER PKWY,370219.5332,5032690.172,-75.66391946,45.43108472,2016-11-22,19:06,01 - Clear,02 - Wet,01 - Traffic signal,03 - At intersection,07 - Dark,03 - P.D. only,03 - Rear end,Vanier South
9467,MCARTHUR AVE @ VANIER PKWY,370219.5332,5032688.516,-75.66391968,45.43106982,2016-10-20,8:38,02 - Rain,02 - Wet,01 - Traffic signal,02 - Intersection related,01 - Daylight,03 - P.D. only,03 - Rear end,Vanier South
9468,MCARTHUR AVE @ VANIER PKWY,370218.7242,5032690.631,-75.66392974,45.43108892,2016-10-12,10:38,01 - Clear,01 - Dry,01 - Traffic signal,02 - Intersection related,01 - Daylight,03 - P.D. only,03 - Rear end,Vanier South
9469,MCARTHUR AVE @ VANIER PKWY,370218.711,5032690.547,-75.66392992,45.43108817,2016-12-13,7:45,01 - Clear,04 - Slush,01 - Traffic signal,02 - Intersection related,03 - Dawn,03 - P.D. only,04 - Sideswipe,Vanier South
9470,MCARTHUR AVE btwn BRANT ST & BELISLE ST,371319.7628,5032811.676,-75.64984334,45.43207417,2016-09-02,16:30,01 - Clear,01 - Dry,10 - No control,01 - Non intersection,01 - Daylight,02 - Non-fatal injury,04 - Sideswipe,Castle Heights
9471,MCARTHUR AVE btwn CRETE PL & ALLEN BLVD,370717.7656,5032745.956,-75.65754513,45.43153985,2016-11-21,14:24,01 - Clear,01 - Dry,10 - No control,04 - At/near private drive,01 - Daylight,03 - P.D. only,02 - Angle,Vanier South
9472,MCARTHUR AVE btwn EASTWOOD PL & IRWIN MILLER ST,371063.2642,5032783.356,-75.65312497,45.43184371,2016-01-04,21:06,01 - Clear,05 - Packed snow,10 - No control,01 - Non intersection,07 - Dark,03 - P.D. only,04 - Sideswipe,Vanier South
9473,MCARTHUR AVE btwn IRWIN MILLER ST & BRANT ST,371103.6054,5032787.444,-75.6526089,45.43187667,2016-09-09,15:24,01 - Clear,01 - Dry,10 - No control,01 - Non intersection,01 - Daylight,02 - Non-fatal injury,04 - Sideswipe,Vanier South
9474,MCARTHUR AVE btwn LACASSE AVE & CARMEN AVE,370836.1167,5032758.044,-75.6560311,45.43163745,2016-09-02,17:15,01 - Clear,01 - Dry,10 - No control,04 - At/near private drive,01 - Daylight,02 - Non-fatal injury,02 - Angle,Vanier South
9475,MCARTHUR AVE btwn LACASSE AVE & CARMEN AVE,370860.3599,5032760.816,-75.65572092,45.4316601,2016-01-01,17:50,01 - Clear,01 - Dry,10 - No control,01 - Non intersection,07 - Dark,03 - P.D. only,04 - Sideswipe,Vanier South
9476,MCARTHUR AVE btwn LACASSE AVE & CARMEN AVE,370893.1334,5032764.476,-75.65530162,45.43168994,2016-11-03,10:16,02 - Rain,02 - Wet,10 - No control,01 - Non intersection,01 - Daylight,03 - P.D. only,04 - Sideswipe,Vanier South
9477,MCARTHUR AVE btwn LAFONTAINE AVE & EASTWOOD PL,371045.5441,5032781.533,-75.65335166,45.43182899,2016-01-12,21:45,01 - Clear,03 - Loose snow,10 - No control,01 - Non intersection,07 - Dark,03 - P.D. only,03 - Rear end,Vanier South