Record,Location,X,Y,lon,lat,Date,Time,Environment,Road_Surface,Traffic_Control,Collision_Location,Light,Collision_Classification,Impact_type,Neighborhood
9478,MCARTHUR AVE btwn LAFONTAINE AVE & EASTWOOD PL,371020.211,5032778.551,-75.6536758,45.43180456,2016-02-21,19:30,01 - Clear,02 - Wet,10 - No control,01 - Non intersection,07 - Dark,03 - P.D. only,99 - Other,Vanier South
9479,MCARTHUR AVE btwn LAROUCHE ST & OLMSTEAD ST,370470.455,5032718.391,-75.66070919,45.4313151,2016-03-11,8:52,01 - Clear,01 - Dry,10 - No control,04 - At/near private drive,01 - Daylight,03 - P.D. only,05 - Turning movement,Vanier South
9480,MCARTHUR AVE btwn MAY ST & ST. LAURENT BLVD,371824.0865,5032868.86,-75.64339076,45.43254053,2016-06-01,14:31,01 - Clear,01 - Dry,10 - No control,04 - At/near private drive,01 - Daylight,03 - P.D. only,05 - Turning movement,Castle Heights
9481,MCARTHUR AVE btwn MAY ST & ST. LAURENT BLVD,371805.4816,5032865.85,-75.64362893,45.43251523,2016-04-08,7:49,01 - Clear,01 - Dry,10 - No control,04 - At/near private drive,01 - Daylight,03 - P.D. only,05 - Turning movement,Castle Heights
9482,MCARTHUR AVE btwn MAYFIELD ST & VANIER PKWY,370106.1909,5032678.636,-75.66536938,45.43099151,2016-06-01,14:40,01 - Clear,01 - Dry,10 - No control,04 - At/near private drive,01 - Daylight,02 - Non-fatal injury,07 - SMV other,Vanier South
9483,MCARTHUR AVE btwn MAYFIELD ST & VANIER PKWY,370196.0635,5032688.366,-75.66421962,45.43107066,2016-03-08,16:46,01 - Clear,01 - Dry,10 - No control,04 - At/near private drive,01 - Daylight,03 - P.D. only,02 - Angle,Vanier South
9484,MCARTHUR AVE btwn MAYFIELD ST & VANIER PKWY,370134.1943,5032681.802,-75.66501111,45.43101738,2016-10-06,9:59,01 - Clear,01 - Dry,10 - No control,04 - At/near private drive,01 - Daylight,03 - P.D. only,05 - Turning movement,Vanier South
9485,MCARTHUR AVE btwn NORTH RIVER RD & DUNDAS ST,369842.5787,5032649.062,-75.66874197,45.43074999,2016-06-09,10:38,01 - Clear,01 - Dry,10 - No control,01 - Non intersection,01 - Daylight,03 - P.D. only,04 - Sideswipe,Vanier South
9486,MCARTHUR AVE btwn VANIER PKWY & ENFIELD AVE,370307.6398,5032701.37,-75.66279206,45.43117722,2016-01-09,21:26,02 - Rain,02 - Wet,10 - No control,04 - At/near private drive,07 - Dark,03 - P.D. only,02 - Angle,Vanier South
9487,MCARTON RD btwn LOWE RD & UPPER DWYER HILL RD,340069.6847,5007497.895,-76.0510201,45.20656398,2016-07-25,14:30,01 - Clear,01 - Dry,10 - No control,01 - Non intersection,01 - Daylight,02 - Non-fatal injury,07 - SMV other,Munster Hamlet - Richmond
9488,MCBEAN ST @ PERTH ST,356743.9928,5006255.95,-75.83889901,45.19435695,2016-11-23,13:07,01 - Clear,01 - Dry,01 - Traffic signal,02 - Intersection related,01 - Daylight,03 - P.D. only,03 - Rear end,Richmond
9489,MCBEAN ST btwn BURKE ST & OTTAWA ST,357513.4063,5005401.197,-75.82919757,45.18660852,2016-05-30,18:27,01 - Clear,01 - Dry,10 - No control,01 - Non intersection,01 - Daylight,03 - P.D. only,04 - Sideswipe,Richmond
9490,MCBEAN ST btwn RICHLAND DR & DOBSON LANE,358266.7522,5004368.355,-75.81972226,45.17725798,2016-04-19,15:53,01 - Clear,01 - Dry,10 - No control,04 - At/near private drive,01 - Daylight,02 - Non-fatal injury,05 - Turning movement,Munster Hamlet - Richmond
9491,MCBRIDE ST @ LAPERRIERE AVE,364073.5049,5026678.987,-75.7431828,45.3775452,2016-11-04,13:00,01 - Clear,01 - Dry,02 - Stop sign,03 - At intersection,01 - Daylight,03 - P.D. only,05 - Turning movement,Carlington
9492,MCCALLUM DR btwn NICOLET WAY & NICOLET WAY,385084.5466,5037463.182,-75.47318909,45.47247936,2016-05-28,14:30,01 - Clear,01 - Dry,10 - No control,01 - Non intersection,01 - Daylight,03 - P.D. only,06 - SMV unattended vehicle,Fallingbrook
9493,MCCALLUM DR/SUNLAND DR N @ NORTHLANDS DR,384931.3004,5037517.342,-75.47513991,45.47298424,2016-02-12,21:38,01 - Clear,03 - Loose snow,02 - Stop sign,03 - At intersection,07 - Dark,03 - P.D. only,02 - Angle,Fallingbrook
9494,MCCARTHY RD @ PLANTE DR N,369606.3806,5024193.728,-75.67287088,45.35469366,2016-02-17,20:44,01 - Clear,06 - Ice,01 - Traffic signal,03 - At intersection,07 - Dark,03 - P.D. only,02 - Angle,Hunt Club East - Western Community
9495,MCCARTHY RD @ PLANTE DR N,369605.5509,5024193.155,-75.67288154,45.35468858,2016-01-11,7:57,01 - Clear,03 - Loose snow,01 - Traffic signal,02 - Intersection related,01 - Daylight,03 - P.D. only,03 - Rear end,Hunt Club East - Western Community
9496,MCCARTHY RD @ SOUTHMORE DR,369451.3788,5024837.942,-75.67476472,45.36050442,2016-10-28,8:00,02 - Rain,02 - Wet,02 - Stop sign,02 - Intersection related,01 - Daylight,02 - Non-fatal injury,03 - Rear end,Hunt Club Woods - Quintarra - Revelstoke - Riverside South P
9497,MCCARTHY RD @ SOUTHMORE DR,369449.4952,5024838.891,-75.67478863,45.36051314,2016-06-06,9:59,01 - Clear,01 - Dry,02 - Stop sign,02 - Intersection related,01 - Daylight,03 - P.D. only,02 - Angle,Hunt Club Woods - Quintarra - Revelstoke - Riverside South P
9498,MCCARTHY RD @ SOUTHMORE DR,369450.1712,5024837.79,-75.67478015,45.36050317,2016-07-24,19:53,01 - Clear,01 - Dry,02 - Stop sign,03 - At intersection,01 - Daylight,03 - P.D. only,07 - SMV other,Hunt Club Woods - Quintarra - Revelstoke - Riverside South P
9499,MCCARTHY RD @ WALKLEY RD,369249.9368,5025299.864,-75.67727549,45.36467922,2016-10-24,8:12,01 - Clear,01 - Dry,01 - Traffic signal,02 - Intersection related,01 - Daylight,02 - Non-fatal injury,04 - Sideswipe,Riverside Park
9500,MCCARTHY RD @ WALKLEY RD,369250.3937,5025299.846,-75.67726966,45.36467901,2016-06-10,9:35,01 - Clear,01 - Dry,01 - Traffic signal,03 - At intersection,01 - Daylight,03 - P.D. only,02 - Angle,Riverside Park
9501,MCCARTHY RD @ WALKLEY RD,369249.9418,5025299.849,-75.67727543,45.36467908,2016-02-10,17:15,01 - Clear,02 - Wet,01 - Traffic signal,02 - Intersection related,05 - Dusk,03 - P.D. only,03 - Rear end,Riverside Park
9502,MCCARTHY RD @ WALKLEY RD,369250.5455,5025301.351,-75.67726753,45.36469254,2016-11-20,19:23,03 - Snow,05 - Packed snow,01 - Traffic signal,02 - Intersection related,07 - Dark,03 - P.D. only,07 - SMV other,Riverside Park
9503,MCCARTHY RD @ WALKLEY RD,369249.7652,5025299.487,-75.67727773,45.36467584,2016-02-17,12:50,03 - Snow,03 - Loose snow,01 - Traffic signal,03 - At intersection,01 - Daylight,03 - P.D. only,02 - Angle,Riverside Park
9504,MCCARTHY RD btwn CAHILL DR W & PLANTE DR,370374.5995,5023683.567,-75.66313474,45.35003196,2016-07-09,14:34,02 - Rain,02 - Wet,10 - No control,04 - At/near private drive,01 - Daylight,02 - Non-fatal injury,99 - Other,Hunt Club East - Western Community
9505,MCCARTHY RD btwn CAHILL DR W & PLANTE DR,370412.4071,5023619.081,-75.66266085,45.34944819,2016-09-17,11:48,02 - Rain,02 - Wet,10 - No control,01 - Non intersection,01 - Daylight,03 - P.D. only,04 - Sideswipe,Hunt Club East - Western Community
9506,MCCARTHY RD btwn PAUL ANKA DR & HUNTVIEW PRIV,369729.935,5023858.918,-75.67133808,45.3516697,2016-05-20,8:14,01 - Clear,01 - Dry,10 - No control,01 - Non intersection,01 - Daylight,03 - P.D. only,04 - Sideswipe,Hunt Club East - Western Community
9507,MCCARTHY RD btwn PLANTE DR & HUNT CLUB RD,370451.5428,5023536.886,-75.66217237,45.34870496,2016-03-05,0:00,01 - Clear,01 - Dry,10 - No control,01 - Non intersection,00 - Unknown,03 - P.D. only,06 - SMV unattended vehicle,Hunt Club East - Western Community
9508,MCCARTHY RD btwn PLANTE DR & HUNT CLUB RD,370420.1431,5023601.497,-75.66256447,45.34928925,2016-02-18,11:33,01 - Clear,02 - Wet,10 - No control,01 - Non intersection,01 - Daylight,03 - P.D. only,99 - Other,Hunt Club East - Western Community
9509,MCCARTHY RD btwn PLANTE DR & PAUL ANKA DR,369614.3201,5024000.325,-75.67279491,45.35295273,2016-11-10,18:01,01 - Clear,01 - Dry,10 - No control,04 - At/near private drive,07 - Dark,02 - Non-fatal injury,05 - Turning movement,Hunt Club East - Western Community
9510,MCCARTHY RD btwn SOUTHMORE DR W & PLANTE DR,369634.4964,5024393.367,-75.67248589,45.35648735,2016-02-04,1:41,01 - Clear,06 - Ice,10 - No control,01 - Non intersection,07 - Dark,03 - P.D. only,07 - SMV other,Hunt Club East - Western Community
9511,MCCARTHY RD btwn SOUTHMORE DR W & PLANTE DR,369604.3191,5024470.849,-75.67286086,45.3571873,2016-01-14,7:54,03 - Snow,03 - Loose snow,10 - No control,01 - Non intersection,03 - Dawn,03 - P.D. only,01 - Approaching,Hunt Club East - Western Community
9512,MCCARTHY RD btwn WALKLEY RD & PROVOST DR,369313.5072,5025164.312,-75.67648178,45.36345371,2016-01-15,3:04,01 - Clear,02 - Wet,10 - No control,01 - Non intersection,07 - Dark,02 - Non-fatal injury,07 - SMV other,Hunt Club Woods - Quintarra - Revelstoke - Riverside South P
9513,MCCOOEY LANE @ FISHER AVE,365998.9374,5026429.653,-75.71863162,45.37513621,2016-06-04,9:58,01 - Clear,01 - Dry,01 - Traffic signal,02 - Intersection related,01 - Daylight,03 - P.D. only,03 - Rear end,Civic Hospital - Experimental Farm - Central Park
9514,MCCOOEY LANE @ FISHER AVE,365998.4987,5026427.439,-75.71863749,45.37511633,2016-06-30,11:37,01 - Clear,01 - Dry,01 - Traffic signal,02 - Intersection related,01 - Daylight,03 - P.D. only,03 - Rear end,Civic Hospital - Experimental Farm - Central Park
9515,MCCORDICK RD @ ROGER STEVENS DR,364687.1938,4998311.166,-75.73876529,45.12223846,2016-08-19,11:14,01 - Clear,01 - Dry,02 - Stop sign,03 - At intersection,01 - Daylight,02 - Non-fatal injury,02 - Angle,Manotick - North Gower
9516,MCCORDICK RD @ ROGER STEVENS DR,364678.6832,4998319.621,-75.73887245,45.12231526,2016-12-17,6:18,03 - Snow,03 - Loose snow,02 - Stop sign,03 - At intersection,07 - Dark,03 - P.D. only,02 - Angle,Manotick - North Gower
9517,MCCORDICK RD btwn CARSONBY RD W & POLLOCK RD,361931.5753,5001426.388,-75.77343356,45.15049821,2016-12-17,16:27,03 - Snow,04 - Slush,10 - No control,01 - Non intersection,05 - Dusk,03 - P.D. only,07 - SMV other,Munster Hamlet - Richmond
9518,MCCORDICK RD btwn COWELL RD & DILWORTH RD,368308.2383,4994227.807,-75.69325981,45.08517966,2016-03-27,7:37,01 - Clear,01 - Dry,10 - No control,04 - At/near private drive,01 - Daylight,03 - P.D. only,07 - SMV other,Munster Hamlet - Richmond
9519,MCCORDICK RD btwn DOBSON LANE & MCCORDICK RD,359413.8146,5004330.743,-75.80513293,45.17683168,2016-08-26,23:02,01 - Clear,01 - Dry,10 - No control,01 - Non intersection,07 - Dark,02 - Non-fatal injury,07 - SMV other,Munster Hamlet - Richmond
9520,MCCORDICK RD btwn DOBSON LANE & MCCORDICK RD,359424.65,5004318.893,-75.80499638,45.17672421,2016-04-02,19:00,01 - Clear,01 - Dry,10 - No control,04 - At/near private drive,01 - Daylight,03 - P.D. only,05 - Turning movement,Munster Hamlet - Richmond
9521,MCCORDICK RD btwn MACKEY RD & COWELL RD,367953.8603,4994635.09,-75.6977097,45.08887618,2016-08-27,20:42,01 - Clear,01 - Dry,10 - No control,01 - Non intersection,07 - Dark,03 - P.D. only,07 - SMV other,Munster Hamlet - Richmond
9522,MCCORDICK RD btwn MACKEY RD & COWELL RD,366863.8666,4995866.411,-75.71140289,45.10005232,2016-07-14,21:07,01 - Clear,01 - Dry,10 - No control,01 - Non intersection,05 - Dusk,03 - P.D. only,07 - SMV other,Munster Hamlet - Richmond
9523,MCCORDICK RD btwn MCCORDICK RD & CENTURY RD W,360224.7974,5003407.865,-75.79491782,45.16846413,2016-12-11,0:50,01 - Clear,01 - Dry,10 - No control,01 - Non intersection,07 - Dark,02 - Non-fatal injury,07 - SMV other,Munster Hamlet - Richmond
9524,MCCORDICK RD btwn MCCORDICK RD & CENTURY RD W,360410.8299,5003186.665,-75.79257605,45.16645908,2016-11-10,18:25,01 - Clear,01 - Dry,10 - No control,01 - Non intersection,07 - Dark,03 - P.D. only,07 - SMV other,Munster Hamlet - Richmond
9525,MCCORDICK RD btwn ROGER STEVENS DR & CHURCH ST,364695.4725,4998295.875,-75.7386619,45.12210017,2016-10-15,11:05,01 - Clear,01 - Dry,10 - No control,01 - Non intersection,01 - Daylight,03 - P.D. only,07 - SMV other,Munster Hamlet - Richmond
9526,MCCURDY DR btwn HUMPHREY WAY & PARSONS RIDGE RD,352276.6636,5017983.525,-75.89463232,45.30020052,2016-04-28,18:00,01 - Clear,01 - Dry,10 - No control,01 - Non intersection,01 - Daylight,03 - P.D. only,06 - SMV unattended vehicle,Katimavik - Hazeldean
9527,MCEWEN AVE btwn AMBLESIDE DR & RICHMOND RD,361067.8968,5025903.717,-75.78164428,45.3708172,2016-10-27,15:39,01 - Clear,01 - Dry,10 - No control,01 - Non intersection,01 - Daylight,03 - P.D. only,06 - SMV unattended vehicle,Woodroffe - Lincoln Heights
9528,MCGEE SIDE RD btwn DAVID MANCHESTER RD & DIAMONDVIEW RD,342132.5909,5017567.87,-76.02400404,45.29707258,2016-12-04,19:00,01 - Clear,01 - Dry,10 - No control,01 - Non intersection,07 - Dark,03 - P.D. only,07 - SMV other,Carp - Hardwood Plains
9529,MCGIBBON DR btwn ROBARTS CRES & KATIMAVIK RD,351685.1105,5018781.321,-75.90209925,45.30741902,2016-12-31,17:35,03 - Snow,03 - Loose snow,10 - No control,01 - Non intersection,07 - Dark,03 - P.D. only,07 - SMV other,Katimavik - Hazeldean
9530,MCGILLIVRAY ST btwn MCNAUGHTON AVE & MERRITT AVE,369081.8041,5029723.552,-75.67884546,45.40449764,2016-12-09,8:48,01 - Clear,06 - Ice,10 - No control,04 - At/near private drive,01 - Daylight,03 - P.D. only,06 - SMV unattended vehicle,Old Ottawa East
9531,MCKENNA CASEY DR btwn MOODIE DR & STRANDHERD DR,361407.0807,5013305.84,-75.77875375,45.25743402,2016-04-16,10:40,01 - Clear,01 - Dry,10 - No control,01 - Non intersection,01 - Daylight,03 - P.D. only,03 - Rear end,Munster Hamlet - Richmond
9532,MCKITRICK DR btwn RICKEY PL & MELANIE CRES,352825.7363,5016982.725,-75.8877285,45.29115775,2016-02-25,18:00,03 - Snow,06 - Ice,10 - No control,01 - Non intersection,07 - Dark,03 - P.D. only,06 - SMV unattended vehicle,Glen Cairn - Kanata South Business Park
9533,MCLEOD ST @ O'CONNOR ST,368118.7113,5030592.675,-75.69103542,45.41240551,2016-08-21,9:10,02 - Rain,02 - Wet,01 - Traffic signal,02 - Intersection related,01 - Daylight,03 - P.D. only,03 - Rear end,Centretown
9534,MCLEOD ST @ O'CONNOR ST,368117.1234,5030593.17,-75.69105564,45.41241011,2016-01-04,15:59,01 - Clear,01 - Dry,01 - Traffic signal,03 - At intersection,01 - Daylight,03 - P.D. only,02 - Angle,Centretown
9535,MCLEOD ST btwn BANK ST & O'CONNOR ST,368100.3184,5030580.565,-75.69127194,45.41229822,2016-11-22,0:00,01 - Clear,03 - Loose snow,10 - No control,01 - Non intersection,00 - Unknown,03 - P.D. only,06 - SMV unattended vehicle,Centretown
9536,MCLEOD ST btwn LYON ST N & KENT ST,367753.1152,5030366.634,-75.6957347,45.41040465,2016-01-11,5:00,03 - Snow,03 - Loose snow,10 - No control,01 - Non intersection,07 - Dark,03 - P.D. only,06 - SMV unattended vehicle,Centretown
9537,MCLEOD ST btwn LYON ST N & KENT ST,367642.9239,5030302.927,-75.69715045,45.40984134,2016-06-27,21:20,01 - Clear,01 - Dry,10 - No control,01 - Non intersection,07 - Dark,03 - P.D. only,07 - SMV other,Centretown
9538,MCLEOD ST btwn METCALFE ST & ELGIN ST,368384.9565,5030754.444,-75.68761332,45.41383692,2016-07-23,17:10,01 - Clear,01 - Dry,10 - No control,01 - Non intersection,01 - Daylight,03 - P.D. only,04 - Sideswipe,Centretown
9539,MCLEOD ST btwn O'CONNOR ST & METCALFE ST,368126.8194,5030596.3,-75.69093137,45.4124374,2016-11-01,20:41,01 - Clear,01 - Dry,10 - No control,01 - Non intersection,07 - Dark,03 - P.D. only,06 - SMV unattended vehicle,Centretown
9540,MCLEOD ST E @ METCALFE ST E,368377.5318,5030749.434,-75.68770882,45.41379251,2016-07-22,9:00,01 - Clear,01 - Dry,10 - No control,02 - Intersection related,01 - Daylight,03 - P.D. only,03 - Rear end,Centretown
9541,MCMAHON AVE btwn ALDERWOOD ST & ALBION RD,372219.4314,5023039.579,-75.63968135,45.34406265,2016-12-09,14:30,01 - Clear,05 - Packed snow,10 - No control,04 - At/near private drive,01 - Daylight,03 - P.D. only,06 - SMV unattended vehicle,Emerald Woods - Sawmill Creek
9542,MCRAE AVE @ SCOTT ST,363455.5859,5028811.771,-75.75081837,45.39678766,2016-09-02,10:10,01 - Clear,01 - Dry,02 - Stop sign,03 - At intersection,01 - Daylight,03 - P.D. only,02 - Angle,Westboro
9543,MCRAE AVE @ SCOTT ST,363456.4381,5028811.478,-75.75080752,45.39678495,2016-08-08,13:00,01 - Clear,01 - Dry,02 - Stop sign,03 - At intersection,01 - Daylight,03 - P.D. only,02 - Angle,Westboro
9544,MCRAE AVE btwn SCOTT ST & RICHMOND RD,363504.7167,5028724.181,-75.75020133,45.39599542,2016-06-08,14:49,01 - Clear,08 - Loose sand or gravel,10 - No control,04 - At/near private drive,01 - Daylight,03 - P.D. only,99 - Other,Westboro
9545,MCTEER RD @ REGIONAL RD 174,394937.5864,5043119.229,-75.34615758,45.52216245,2016-04-18,19:28,02 - Rain,02 - Wet,02 - Stop sign,02 - Intersection related,01 - Daylight,03 - P.D. only,05 - Turning movement,Cumberland - Estates
9546,MEADOW DR @ PIG ALLY,378404.492,5014204.135,-75.5620778,45.26394371,2016-09-24,11:27,01 - Clear,01 - Dry,02 - Stop sign,03 - At intersection,01 - Daylight,03 - P.D. only,02 - Angle,Greely
9547,MEADOW DR btwn REMINGTON WAY & PIG ALLY,378400.567,5014221.345,-75.56212525,45.26409896,2016-05-21,17:02,01 - Clear,01 - Dry,10 - No control,01 - Non intersection,01 - Daylight,03 - P.D. only,06 - SMV unattended vehicle,Greely
9548,MEADOW LANE RD btwn LILAC LANE & BELLA VISTA DR,386278.736,5042004.145,-75.45716455,45.5131959,2016-02-17,18:23,03 - Snow,03 - Loose snow,10 - No control,04 - At/near private drive,07 - Dark,03 - P.D. only,06 - SMV unattended vehicle,Cumberland - Estates
9549,MEADOWBREEZE DR btwn HILLSBORO PRIV & CROWNRIDGE DR,355976.8228,5015112.115,-75.8477513,45.27410323,2016-03-08,11:13,01 - Clear,03 - Loose snow,10 - No control,01 - Non intersection,01 - Daylight,03 - P.D. only,06 - SMV unattended vehicle,Bridlewood - Emerald Meadows
9550,MEADOWBROOK RD @ RIDGEBROOK DR N,374693.5121,5032097.788,-75.60683155,45.42532195,2016-02-16,19:00,03 - Snow,03 - Loose snow,02 - Stop sign,02 - Intersection related,07 - Dark,03 - P.D. only,06 - SMV unattended vehicle,Pineview
9551,MEADOWBROOK RD btwn 170 W OF TELESAT CRT & RIDGEBROOK DR,374805.2771,5032148.777,-75.60539624,45.42576955,2016-06-02,7:17,01 - Clear,01 - Dry,10 - No control,01 - Non intersection,01 - Daylight,03 - P.D. only,06 - SMV unattended vehicle,Pineview
9552,MEADOWBROOK RD btwn CYRVILLE RD & FINE CRES,374641.8075,5031290.196,-75.60760669,45.41806084,2016-10-21,22:30,02 - Rain,02 - Wet,10 - No control,04 - At/near private drive,07 - Dark,02 - Non-fatal injury,02 - Angle,Pineview
9553,MEADOWGLEN DR @ ORLEANS BLVD,380345.9765,5034573.792,-75.53422874,45.44701157,2016-05-05,15:51,01 - Clear,01 - Dry,01 - Traffic signal,02 - Intersection related,01 - Daylight,03 - P.D. only,03 - Rear end,Orleans Village - Chateauneuf
9554,MEADOWGLEN DR @ ORLEANS BLVD,380344.0957,5034574.81,-75.53425263,45.44702094,2016-12-08,20:48,04 - Freezing Rain,04 - Slush,01 - Traffic signal,02 - Intersection related,07 - Dark,03 - P.D. only,04 - Sideswipe,Orleans Village - Chateauneuf
9555,MEADOWGLEN DR @ ORLEANS BLVD,380343.2675,5034572.325,-75.53426359,45.44699867,2016-10-31,15:20,01 - Clear,01 - Dry,01 - Traffic signal,03 - At intersection,01 - Daylight,03 - P.D. only,05 - Turning movement,Orleans Village - Chateauneuf
9556,MEADOWGLEN DR @ WILLOWBARK DR/DES BROUSSAILLES,379687.4111,5034628.353,-75.54263827,45.44757334,2016-09-28,7:29,01 - Clear,01 - Dry,02 - Stop sign,03 - At intersection,01 - Daylight,03 - P.D. only,02 - Angle,Chapel Hill
9557,MEADOWGLEN DR btwn MEADOWHILL CRES & FOREST VALLEY DR,379816.7427,5035177.094,-75.54090145,45.45249663,2016-01-14,9:11,03 - Snow,03 - Loose snow,10 - No control,01 - Non intersection,01 - Daylight,02 - Non-fatal injury,03 - Rear end,Chapel Hill
9558,MEADOWLANDS DR @ MERIVALE RD,364858.0413,5023724.852,-75.73352561,45.35089755,2016-02-25,20:24,04 - Freezing Rain,06 - Ice,01 - Traffic signal,03 - At intersection,07 - Dark,02 - Non-fatal injury,05 - Turning movement,Cityview - Skyline - Fisher Heights
9559,MEADOWLANDS DR @ MERIVALE RD,364858.0265,5023726.184,-75.73352564,45.35090953,2016-04-08,20:41,03 - Snow,02 - Wet,01 - Traffic signal,03 - At intersection,07 - Dark,02 - Non-fatal injury,05 - Turning movement,Cityview - Skyline - Fisher Heights
9560,MEADOWLANDS DR @ MERIVALE RD,364857.5725,5023725.736,-75.73353148,45.35090554,2016-05-23,0:34,01 - Clear,01 - Dry,01 - Traffic signal,03 - At intersection,07 - Dark,02 - Non-fatal injury,05 - Turning movement,Cityview - Skyline - Fisher Heights
9561,MEADOWLANDS DR @ MERIVALE RD,364858.4804,5023725.291,-75.73351995,45.35090146,2016-11-10,21:25,01 - Clear,01 - Dry,01 - Traffic signal,03 - At intersection,07 - Dark,02 - Non-fatal injury,05 - Turning movement,Cityview - Skyline - Fisher Heights
9562,MEADOWLANDS DR @ MERIVALE RD,364859.5281,5023725.924,-75.73350651,45.35090707,2016-12-26,1:58,01 - Clear,01 - Dry,01 - Traffic signal,03 - At intersection,07 - Dark,02 - Non-fatal injury,05 - Turning movement,Cityview - Skyline - Fisher Heights
9563,MEADOWLANDS DR @ MERIVALE RD,364858.6999,5023725.924,-75.73351707,45.35090714,2016-08-12,10:00,01 - Clear,01 - Dry,01 - Traffic signal,02 - Intersection related,01 - Daylight,03 - P.D. only,03 - Rear end,Cityview - Skyline - Fisher Heights
9564,MEADOWLANDS DR @ MERIVALE RD,364858.4682,5023725.742,-75.73352005,45.35090552,2016-08-09,15:08,01 - Clear,01 - Dry,01 - Traffic signal,02 - Intersection related,01 - Daylight,03 - P.D. only,03 - Rear end,Cityview - Skyline - Fisher Heights
9565,MEADOWLANDS DR @ MERIVALE RD,364859.5281,5023725.096,-75.73350661,45.35089962,2016-10-15,13:33,01 - Clear,01 - Dry,01 - Traffic signal,02 - Intersection related,01 - Daylight,03 - P.D. only,03 - Rear end,Cityview - Skyline - Fisher Heights
9566,MEADOWLANDS DR @ MERIVALE RD,364857.528,5023725.51,-75.73353208,45.35090351,2016-05-15,11:30,01 - Clear,01 - Dry,01 - Traffic signal,02 - Intersection related,01 - Daylight,03 - P.D. only,03 - Rear end,Cityview - Skyline - Fisher Heights
9567,MEADOWLANDS DR @ MERIVALE RD,364859.5281,5023727.581,-75.7335063,45.35092198,2016-08-12,10:14,01 - Clear,01 - Dry,01 - Traffic signal,02 - Intersection related,01 - Daylight,03 - P.D. only,03 - Rear end,Cityview - Skyline - Fisher Heights
9568,MEADOWLANDS DR @ MERIVALE RD,364858.4744,5023724.834,-75.73352008,45.35089735,2016-06-10,10:20,01 - Clear,01 - Dry,01 - Traffic signal,02 - Intersection related,01 - Daylight,03 - P.D. only,03 - Rear end,Cityview - Skyline - Fisher Heights
9569,MEADOWLANDS DR @ MERIVALE RD,364857.6022,5023726.169,-75.73353105,45.35090944,2016-01-27,20:13,01 - Clear,01 - Dry,01 - Traffic signal,03 - At intersection,07 - Dark,03 - P.D. only,05 - Turning movement,Cityview - Skyline - Fisher Heights
9570,MEADOWLANDS DR @ MERIVALE RD,364859.597,5023725.705,-75.73350565,45.35090509,2016-01-06,13:44,01 - Clear,02 - Wet,01 - Traffic signal,02 - Intersection related,01 - Daylight,03 - P.D. only,03 - Rear end,Cityview - Skyline - Fisher Heights
9571,MEADOWLANDS DR @ MERIVALE RD,364859.2354,5023724.707,-75.73351039,45.35089614,2016-09-12,18:07,01 - Clear,01 - Dry,01 - Traffic signal,02 - Intersection related,01 - Daylight,03 - P.D. only,03 - Rear end,Cityview - Skyline - Fisher Heights
9572,MEADOWLANDS DR @ MERIVALE RD,364858.8782,5023725.729,-75.73351482,45.35090537,2016-03-22,12:49,01 - Clear,01 - Dry,01 - Traffic signal,03 - At intersection,01 - Daylight,03 - P.D. only,05 - Turning movement,Cityview - Skyline - Fisher Heights
9573,MEADOWLANDS DR @ MERIVALE RD,364858.9239,5023725.286,-75.73351429,45.35090138,2016-03-28,17:55,02 - Rain,02 - Wet,01 - Traffic signal,03 - At intersection,01 - Daylight,03 - P.D. only,05 - Turning movement,Cityview - Skyline - Fisher Heights
9574,MEADOWLANDS DR @ MERIVALE RD,364859.3763,5023725.285,-75.73350852,45.35090133,2016-06-11,18:57,01 - Clear,01 - Dry,01 - Traffic signal,02 - Intersection related,01 - Daylight,03 - P.D. only,03 - Rear end,Cityview - Skyline - Fisher Heights
9575,MEADOWLANDS DR @ MERIVALE RD,364857.0436,5023725.096,-75.73353831,45.35089983,2016-11-13,12:28,01 - Clear,01 - Dry,01 - Traffic signal,02 - Intersection related,01 - Daylight,03 - P.D. only,03 - Rear end,Crestview - Meadowlands
9576,MEADOWLANDS DR @ MERIVALE RD,364858.0413,5023724.852,-75.73352561,45.35089755,2016-11-16,17:30,01 - Clear,01 - Dry,01 - Traffic signal,03 - At intersection,07 - Dark,03 - P.D. only,05 - Turning movement,Cityview - Skyline - Fisher Heights
9577,MEADOWLANDS DR @ MERIVALE RD,364858.0413,5023725.291,-75.73352556,45.3509015,2016-11-06,23:17,01 - Clear,01 - Dry,01 - Traffic signal,03 - At intersection,07 - Dark,03 - P.D. only,02 - Angle,Cityview - Skyline - Fisher Heights
9578,MEADOWLANDS DR @ MERIVALE RD,364858.4804,5023724.852,-75.73352001,45.35089751,2016-12-17,17:34,01 - Clear,02 - Wet,01 - Traffic signal,03 - At intersection,07 - Dark,03 - P.D. only,05 - Turning movement,Cityview - Skyline - Fisher Heights