Record,Location,X,Y,lon,lat,Date,Time,Environment,Road_Surface,Traffic_Control,Collision_Location,Light,Collision_Classification,Impact_type,Neighborhood
9579,MEADOWLANDS DR @ MERIVALE RD,364858.0413,5023725.73,-75.7335255,45.35090545,2016-11-30,15:40,02 - Rain,02 - Wet,01 - Traffic signal,03 - At intersection,01 - Daylight,03 - P.D. only,05 - Turning movement,Cityview - Skyline - Fisher Heights
9580,MEADOWLANDS DR @ MERIVALE RD,364857.0436,5023723.44,-75.73353851,45.35088493,2016-12-03,17:07,01 - Clear,01 - Dry,01 - Traffic signal,02 - Intersection related,07 - Dark,03 - P.D. only,03 - Rear end,Cityview - Skyline - Fisher Heights
9581,MEADOWLANDS DR @ MERIVALE RD,364857.8161,5023725.704,-75.73352838,45.35090523,2016-11-13,13:30,01 - Clear,01 - Dry,01 - Traffic signal,03 - At intersection,01 - Daylight,03 - P.D. only,05 - Turning movement,Cityview - Skyline - Fisher Heights
9582,MEADOWLANDS DR @ MERIVALE RD,364859.5281,5023725.924,-75.73350651,45.35090707,2016-12-08,13:53,01 - Clear,01 - Dry,01 - Traffic signal,02 - Intersection related,01 - Daylight,03 - P.D. only,04 - Sideswipe,Cityview - Skyline - Fisher Heights
9583,MEADOWLANDS DR @ MERIVALE RD,364859.5281,5023726.753,-75.73350641,45.35091453,2016-12-09,17:35,01 - Clear,02 - Wet,01 - Traffic signal,02 - Intersection related,07 - Dark,03 - P.D. only,03 - Rear end,Cityview - Skyline - Fisher Heights
9584,MEADOWLANDS DR @ NESS ST,366415.4142,5024944.619,-75.71349989,45.36173768,2016-11-06,23:25,01 - Clear,01 - Dry,02 - Stop sign,03 - At intersection,07 - Dark,02 - Non-fatal injury,07 - SMV other,Borden Farm - Stewart Farm - Parkwood Hills - Fisher Glen
9585,MEADOWLANDS DR @ NESS ST,366414.1753,5024944.619,-75.7135157,45.36173779,2016-11-10,17:41,01 - Clear,01 - Dry,02 - Stop sign,02 - Intersection related,07 - Dark,03 - P.D. only,03 - Rear end,Borden Farm - Stewart Farm - Parkwood Hills - Fisher Glen
9586,MEADOWLANDS DR @ TIVERTON DR,365204.3602,5024344.364,-75.72903052,45.35644208,2016-12-08,20:00,03 - Snow,06 - Ice,01 - Traffic signal,02 - Intersection related,07 - Dark,02 - Non-fatal injury,03 - Rear end,Borden Farm - Stewart Farm - Parkwood Hills - Fisher Glen
9587,MEADOWLANDS DR @ VIEWMOUNT DR,363740.807,5023105.511,-75.74785657,45.34541957,2016-05-03,17:19,01 - Clear,01 - Dry,01 - Traffic signal,03 - At intersection,01 - Daylight,02 - Non-fatal injury,01 - Approaching,Crestview - Meadowlands
9588,MEADOWLANDS DR @ VIEWMOUNT DR,363739.4579,5023106.638,-75.74787365,45.34542982,2016-05-24,10:30,01 - Clear,01 - Dry,01 - Traffic signal,02 - Intersection related,01 - Daylight,02 - Non-fatal injury,03 - Rear end,Crestview - Meadowlands
9589,MEADOWLANDS DR @ VIEWMOUNT DR,363739.9054,5023104.845,-75.74786816,45.34541365,2016-03-06,20:24,01 - Clear,01 - Dry,01 - Traffic signal,02 - Intersection related,07 - Dark,03 - P.D. only,04 - Sideswipe,Crestview - Meadowlands
9590,MEADOWLANDS DR @ VIEWMOUNT DR,363739.2774,5023105.99,-75.74787603,45.34542401,2016-05-20,16:19,01 - Clear,01 - Dry,01 - Traffic signal,02 - Intersection related,01 - Daylight,03 - P.D. only,99 - Other,Crestview - Meadowlands
9591,MEADOWLANDS DR btwn ASHWOOD CRES & BAYNE AVE,364725.7228,5023653.836,-75.73522274,45.35026987,2016-01-30,18:34,01 - Clear,02 - Wet,10 - No control,01 - Non intersection,07 - Dark,03 - P.D. only,07 - SMV other,Crestview - Meadowlands
9592,MEADOWLANDS DR btwn BAYNE AVE & MERIVALE RD,364807.86,5023697.515,-75.73416929,45.35065587,2016-02-16,20:33,03 - Snow,05 - Packed snow,10 - No control,04 - At/near private drive,07 - Dark,03 - P.D. only,03 - Rear end,Crestview - Meadowlands
9593,MEADOWLANDS DR btwn BAYNE AVE & MERIVALE RD,364801.8393,5023694.994,-75.73424643,45.3506337,2016-10-11,10:39,01 - Clear,01 - Dry,10 - No control,04 - At/near private drive,01 - Daylight,03 - P.D. only,02 - Angle,Crestview - Meadowlands
9594,MEADOWLANDS DR btwn BAYNE AVE & MERIVALE RD,364779.0073,5023683.139,-75.73453923,45.35052898,2016-12-21,14:38,01 - Clear,04 - Slush,10 - No control,04 - At/near private drive,01 - Daylight,03 - P.D. only,02 - Angle,Crestview - Meadowlands
9595,MEADOWLANDS DR btwn BAYNE AVE & MERIVALE RD,364778.4804,5023682.124,-75.73454607,45.3505199,2016-12-30,13:29,01 - Clear,02 - Wet,10 - No control,04 - At/near private drive,01 - Daylight,03 - P.D. only,02 - Angle,Crestview - Meadowlands
9596,MEADOWLANDS DR btwn BAYNE AVE & MERIVALE RD,364778.1291,5023683.578,-75.73455038,45.35053301,2016-12-09,17:38,01 - Clear,02 - Wet,10 - No control,04 - At/near private drive,07 - Dark,03 - P.D. only,02 - Angle,Crestview - Meadowlands
9597,MEADOWLANDS DR btwn BROOK LANE & WITHROW AVE,363650.3884,5023056.958,-75.74901608,45.34499029,2016-06-16,15:12,01 - Clear,01 - Dry,10 - No control,01 - Non intersection,01 - Daylight,02 - Non-fatal injury,03 - Rear end,Crestview - Meadowlands
9598,MEADOWLANDS DR btwn CLAYMOR AVE & DEBRA AVE,367011.3817,5025444.25,-75.70583039,45.36618062,2016-07-19,9:00,01 - Clear,01 - Dry,10 - No control,01 - Non intersection,01 - Daylight,03 - P.D. only,06 - SMV unattended vehicle,Carleton Heights - Rideauview
9599,MEADOWLANDS DR btwn CLAYMOR AVE & DEBRA AVE,367012.6922,5025441.295,-75.70581404,45.36615392,2016-06-22,13:18,01 - Clear,01 - Dry,10 - No control,01 - Non intersection,01 - Daylight,03 - P.D. only,03 - Rear end,Carleton Heights - Rideauview
9600,MEADOWLANDS DR btwn CLAYMOR AVE & DEBRA AVE,367061.2339,5025475.897,-75.70519007,45.36646095,2016-09-27,16:13,01 - Clear,01 - Dry,10 - No control,01 - Non intersection,01 - Daylight,03 - P.D. only,03 - Rear end,Carleton Heights - Rideauview
9601,MEADOWLANDS DR btwn INDIAN RD & LAIRD ST,364059.8753,5023283.074,-75.74376403,45.34699038,2016-06-19,14:34,01 - Clear,01 - Dry,10 - No control,01 - Non intersection,01 - Daylight,03 - P.D. only,06 - SMV unattended vehicle,Crestview - Meadowlands
9602,MEADOWLANDS DR btwn INDIAN RD & LAIRD ST,364058.402,5023281.209,-75.74378305,45.34697372,2016-03-18,23:13,01 - Clear,01 - Dry,10 - No control,01 - Non intersection,07 - Dark,03 - P.D. only,06 - SMV unattended vehicle,Crestview - Meadowlands
9603,MEADOWLANDS DR btwn INDIAN RD & LAIRD ST,364066.7791,5023287.28,-75.74367543,45.34702764,2016-07-16,19:53,01 - Clear,01 - Dry,10 - No control,01 - Non intersection,01 - Daylight,03 - P.D. only,06 - SMV unattended vehicle,Crestview - Meadowlands
9604,MEADOWLANDS DR btwn INVERNESS AVE & DEER PARK RD,365965.9776,5024853.882,-75.71924749,45.36096061,2016-08-06,15:56,01 - Clear,01 - Dry,10 - No control,04 - At/near private drive,01 - Daylight,03 - P.D. only,02 - Angle,Borden Farm - Stewart Farm - Parkwood Hills - Fisher Glen
9605,MEADOWLANDS DR btwn INVERNESS AVE & DEER PARK RD,365971.4506,5024855.936,-75.71917738,45.36097861,2016-08-17,17:23,01 - Clear,01 - Dry,10 - No control,04 - At/near private drive,01 - Daylight,03 - P.D. only,02 - Angle,Borden Farm - Stewart Farm - Parkwood Hills - Fisher Glen
9606,MEADOWLANDS DR btwn JOAN ST & ASHWOOD CRES,364679.8179,5023629.444,-75.73581149,45.35005432,2016-11-17,7:49,01 - Clear,01 - Dry,10 - No control,01 - Non intersection,01 - Daylight,03 - P.D. only,03 - Rear end,Crestview - Meadowlands
9607,MEADOWLANDS DR btwn MERIVALE RD & GRANT CARMAN DR,365030.0389,5023869.881,-75.73131307,45.35218775,2016-05-28,14:00,01 - Clear,01 - Dry,10 - No control,01 - Non intersection,01 - Daylight,03 - P.D. only,03 - Rear end,Cityview - Skyline - Fisher Heights
9608,MEADOWLANDS DR btwn MERIVALE RD & GRANT CARMAN DR,364930.0501,5023766.564,-75.73260163,45.3512667,2016-11-04,6:52,01 - Clear,01 - Dry,10 - No control,04 - At/near private drive,03 - Dawn,03 - P.D. only,02 - Angle,Borden Farm - Stewart Farm - Parkwood Hills - Fisher Glen
9609,MEADOWLANDS DR btwn ORKNEY PRIV & VALMARIE AVE,366742.5826,5025152.305,-75.70929806,45.36357757,2016-08-11,15:32,01 - Clear,01 - Dry,10 - No control,01 - Non intersection,01 - Daylight,03 - P.D. only,03 - Rear end,Carleton Heights - Rideauview
9610,MEADOWLANDS DR btwn PRINCE OF WALES DR & DEBRA AVE,367220.6378,5025594.577,-75.70314037,45.36751463,2016-12-02,16:14,01 - Clear,01 - Dry,10 - No control,04 - At/near private drive,05 - Dusk,02 - Non-fatal injury,05 - Turning movement,Carleton Heights - Rideauview
9611,MEADOWLANDS DR btwn PRINCE OF WALES DR & DEBRA AVE,367235.7859,5025605.774,-75.70294559,45.36761402,2016-09-16,9:33,01 - Clear,01 - Dry,10 - No control,04 - At/near private drive,01 - Daylight,03 - P.D. only,02 - Angle,Carleton Heights - Rideauview
9612,MEADOWLANDS DR btwn PRINCE OF WALES DR & DEBRA AVE,367253.0928,5025618.054,-75.70272312,45.36772298,2016-01-22,14:12,01 - Clear,01 - Dry,10 - No control,04 - At/near private drive,01 - Daylight,03 - P.D. only,02 - Angle,Carleton Heights - Rideauview
9613,MEADOWLANDS DR btwn PRINCE OF WALES DR & DEBRA AVE,367232.2117,5025601.965,-75.7029917,45.36758007,2016-07-27,7:21,01 - Clear,01 - Dry,10 - No control,04 - At/near private drive,01 - Daylight,03 - P.D. only,02 - Angle,Carleton Heights - Rideauview
9614,MEADOWLANDS DR btwn TURN LANE & SULLIVAN AVE,363100.0987,5022754.585,-75.75607331,45.34231551,2016-07-13,15:50,01 - Clear,01 - Dry,10 - No control,04 - At/near private drive,01 - Daylight,03 - P.D. only,02 - Angle,Crestview - Meadowlands
9615,MEADOWLANDS DR btwn TURN LANE & SULLIVAN AVE,363132.8701,5022773.196,-75.75565298,45.34248025,2016-01-27,20:19,01 - Clear,01 - Dry,10 - No control,01 - Non intersection,07 - Dark,03 - P.D. only,06 - SMV unattended vehicle,Crestview - Meadowlands
9616,MEADOWLANDS DR btwn TURN LANE & SULLIVAN AVE,363111.3563,5022761.161,-75.7559289,45.34237374,2016-12-07,13:50,01 - Clear,02 - Wet,10 - No control,04 - At/near private drive,01 - Daylight,03 - P.D. only,99 - Other,Crestview - Meadowlands
9617,MEADOWLANDS DR btwn TURN LANE & SULLIVAN AVE,363099.9732,5022755.368,-75.75607482,45.34232257,2016-12-21,13:15,01 - Clear,01 - Dry,10 - No control,04 - At/near private drive,01 - Daylight,03 - P.D. only,05 - Turning movement,Crestview - Meadowlands
9618,MEADOWLANDS DR btwn VIEWMOUNT DR & INDIAN RD,363891.5584,5023189.785,-75.74592293,45.34616517,2016-01-20,20:41,01 - Clear,03 - Loose snow,10 - No control,01 - Non intersection,07 - Dark,03 - P.D. only,06 - SMV unattended vehicle,Crestview - Meadowlands
9619,MEADOWLANDS DR btwn VIEWMOUNT DR & INDIAN RD,363876.2867,5023181.017,-75.74611885,45.34608757,2016-03-30,11:25,01 - Clear,01 - Dry,10 - No control,04 - At/near private drive,01 - Daylight,03 - P.D. only,02 - Angle,Crestview - Meadowlands
9620,MEADOWLANDS DR btwn VIEWMOUNT DR & INDIAN RD,363887.4661,5023188.16,-75.74597535,45.3461509,2016-06-14,15:30,01 - Clear,01 - Dry,10 - No control,04 - At/near private drive,01 - Daylight,03 - P.D. only,06 - SMV unattended vehicle,Crestview - Meadowlands
9621,MEADOWLANDS DR/PETER ST @ PERRY ST,364439.1036,5023493.479,-75.73889962,45.34885143,2016-12-10,12:25,01 - Clear,06 - Ice,01 - Traffic signal,02 - Intersection related,01 - Daylight,03 - P.D. only,03 - Rear end,Crestview - Meadowlands
9622,MEADOWLANDS DR/TALLWOOD DR @ WOODROFFE AVE,363056.9577,5022729.714,-75.75662669,45.34209531,2016-04-23,13:36,01 - Clear,01 - Dry,01 - Traffic signal,02 - Intersection related,01 - Daylight,02 - Non-fatal injury,03 - Rear end,Crestview - Meadowlands
9623,MEADOWLANDS DR/TALLWOOD DR @ WOODROFFE AVE,363057.0802,5022729.713,-75.75662512,45.34209529,2016-05-06,18:26,01 - Clear,01 - Dry,01 - Traffic signal,02 - Intersection related,01 - Daylight,02 - Non-fatal injury,03 - Rear end,Crestview - Meadowlands
9624,MEADOWLANDS DR/TALLWOOD DR @ WOODROFFE AVE,363056.4001,5022728.477,-75.75663395,45.34208422,2016-10-17,18:37,01 - Clear,01 - Dry,01 - Traffic signal,02 - Intersection related,07 - Dark,02 - Non-fatal injury,03 - Rear end,Crestview - Meadowlands
9625,MEADOWLANDS DR/TALLWOOD DR @ WOODROFFE AVE,363055.6717,5022729.979,-75.75664306,45.3420978,2016-08-04,9:33,01 - Clear,01 - Dry,01 - Traffic signal,02 - Intersection related,01 - Daylight,03 - P.D. only,03 - Rear end,Crestview - Meadowlands
9626,MEADOWLANDS DR/TALLWOOD DR @ WOODROFFE AVE,363057.826,5022730.949,-75.75661546,45.34210635,2016-08-02,19:31,01 - Clear,01 - Dry,01 - Traffic signal,03 - At intersection,05 - Dusk,03 - P.D. only,02 - Angle,Crestview - Meadowlands
9627,MEADOWLANDS DR/TALLWOOD DR @ WOODROFFE AVE,363056.4801,5022730.394,-75.7566327,45.34210146,2016-03-19,15:40,01 - Clear,01 - Dry,01 - Traffic signal,02 - Intersection related,01 - Daylight,03 - P.D. only,03 - Rear end,Crestview - Meadowlands
9628,MEADOWLANDS DR/TALLWOOD DR @ WOODROFFE AVE,363055.5919,5022729.397,-75.75664415,45.34209257,2016-09-24,17:21,01 - Clear,01 - Dry,01 - Traffic signal,02 - Intersection related,01 - Daylight,03 - P.D. only,04 - Sideswipe,Crestview - Meadowlands
9629,MEADOWLANDS DR/TALLWOOD DR @ WOODROFFE AVE,363056.572,5022730.838,-75.75663148,45.34210545,2016-01-15,10:03,03 - Snow,04 - Slush,01 - Traffic signal,02 - Intersection related,01 - Daylight,03 - P.D. only,03 - Rear end,Crestview - Meadowlands
9630,MEADOWLANDS DR/TALLWOOD DR @ WOODROFFE AVE,363056.533,5022730.43,-75.75663202,45.34210178,2016-01-20,16:31,01 - Clear,02 - Wet,01 - Traffic signal,02 - Intersection related,01 - Daylight,03 - P.D. only,04 - Sideswipe,Crestview - Meadowlands
9631,MEADOWLANDS DR/TALLWOOD DR @ WOODROFFE AVE,363057.3714,5022730.949,-75.75662126,45.34210638,2016-07-07,17:25,01 - Clear,01 - Dry,01 - Traffic signal,02 - Intersection related,01 - Daylight,03 - P.D. only,03 - Rear end,Crestview - Meadowlands
9632,MEADOWLANDS DR/TALLWOOD DR @ WOODROFFE AVE,363057.1375,5022730.494,-75.7566243,45.34210231,2016-03-26,12:28,01 - Clear,02 - Wet,01 - Traffic signal,02 - Intersection related,01 - Daylight,03 - P.D. only,03 - Rear end,Crestview - Meadowlands
9633,MEADOWLANDS DR/TALLWOOD DR @ WOODROFFE AVE,363056.7578,5022730.454,-75.75662915,45.34210198,2016-05-15,14:10,01 - Clear,01 - Dry,01 - Traffic signal,02 - Intersection related,01 - Daylight,03 - P.D. only,03 - Rear end,Crestview - Meadowlands
9634,MEADOWLANDS DR/TALLWOOD DR @ WOODROFFE AVE,363056.4064,5022730.371,-75.75663364,45.34210126,2016-08-24,12:04,01 - Clear,01 - Dry,01 - Traffic signal,02 - Intersection related,01 - Daylight,03 - P.D. only,03 - Rear end,Crestview - Meadowlands
9635,MEADOWLANDS DR/TALLWOOD DR @ WOODROFFE AVE,363056.6112,5022730.549,-75.75663101,45.34210285,2016-08-05,15:52,01 - Clear,01 - Dry,01 - Traffic signal,02 - Intersection related,01 - Daylight,03 - P.D. only,03 - Rear end,Crestview - Meadowlands
9636,MEADOWLANDS DR/TALLWOOD DR @ WOODROFFE AVE,363056.4284,5022730.556,-75.75663334,45.34210293,2016-11-12,9:15,01 - Clear,01 - Dry,01 - Traffic signal,02 - Intersection related,01 - Daylight,03 - P.D. only,03 - Rear end,Crestview - Meadowlands
9637,MEADOWLANDS DR/TALLWOOD DR @ WOODROFFE AVE,363057.3207,5022730.344,-75.75662198,45.34210094,2016-10-04,14:00,01 - Clear,01 - Dry,01 - Traffic signal,02 - Intersection related,01 - Daylight,03 - P.D. only,03 - Rear end,Crestview - Meadowlands
9638,MEADOWLANDS DR/TALLWOOD DR @ WOODROFFE AVE,363056.9281,5022730.371,-75.75662699,45.34210122,2016-12-19,13:45,03 - Snow,02 - Wet,01 - Traffic signal,02 - Intersection related,01 - Daylight,03 - P.D. only,04 - Sideswipe,Crestview - Meadowlands
9639,MEDHURST DR btwn WOODROFFE AVE & BROCKINGTON CRES,363428.7309,5021830.738,-75.75198969,45.33397542,2016-06-27,15:37,01 - Clear,01 - Dry,10 - No control,01 - Non intersection,01 - Daylight,03 - P.D. only,03 - Rear end,Tanglewood
9640,MEDHURST DR W @ WOODFIELD DR,363654.466,5021990.113,-75.74909096,45.33539056,2016-06-28,12:36,01 - Clear,01 - Dry,02 - Stop sign,03 - At intersection,01 - Daylight,03 - P.D. only,02 - Angle,Tanglewood
9641,MELANIE CRES btwn SUMNER ST & MCKITRICK DR (2),352819.428,5017096.916,-75.88779786,45.2921857,2016-05-14,12:00,01 - Clear,01 - Dry,10 - No control,01 - Non intersection,01 - Daylight,03 - P.D. only,06 - SMV unattended vehicle,Glen Cairn - Kanata South Business Park
9642,MELETTE CRES btwn SCALA AVE & SCALA AVE,385467.6094,5036284.058,-75.46848418,45.46182661,2016-04-05,17:06,01 - Clear,01 - Dry,10 - No control,04 - At/near private drive,01 - Daylight,03 - P.D. only,06 - SMV unattended vehicle,Avalon
9643,MELFORT ST @ WALKLEY RD,374445.5181,5028373.32,-75.61052644,45.39183581,2016-08-17,8:03,01 - Clear,01 - Dry,01 - Traffic signal,02 - Intersection related,01 - Daylight,02 - Non-fatal injury,07 - SMV other,Hawthorne Meadows
9644,MELFORT ST @ WALKLEY RD,374445.0717,5028374.205,-75.61053201,45.39184382,2016-03-11,15:58,01 - Clear,01 - Dry,01 - Traffic signal,02 - Intersection related,01 - Daylight,03 - P.D. only,03 - Rear end,Hawthorne Meadows
9645,MELFORT ST @ WALKLEY RD,374445.5181,5028373.32,-75.61052644,45.39183581,2016-09-14,17:10,01 - Clear,01 - Dry,01 - Traffic signal,03 - At intersection,01 - Daylight,03 - P.D. only,05 - Turning movement,Hawthorne Meadows
9646,MELROSE AVE btwn RUSKIN ST & CARLING AVE,365939.6394,5028461.241,-75.71913701,45.39342117,2016-10-19,0:00,01 - Clear,01 - Dry,10 - No control,01 - Non intersection,00 - Unknown,03 - P.D. only,06 - SMV unattended vehicle,Civic Hospital - Experimental Farm - Central Park
9647,MELROSE AVE btwn RUSKIN ST & CARLING AVE,365965.452,5028401.682,-75.71881475,45.39288302,2016-01-06,13:05,01 - Clear,01 - Dry,10 - No control,01 - Non intersection,01 - Daylight,03 - P.D. only,06 - SMV unattended vehicle,Civic Hospital - Experimental Farm - Central Park
9648,MELROSE AVE btwn WELLINGTON ST W & GLADSTONE AVE,365473.4542,5029544.678,-75.72495721,45.40321024,2016-01-07,14:06,01 - Clear,01 - Dry,10 - No control,01 - Non intersection,01 - Daylight,03 - P.D. only,06 - SMV unattended vehicle,Civi
9649,MER BLEUE RD @ 210 S OF INNES RD,382730.0011,5035375.072,-75.50362927,45.45395908,2016-10-21,19:05,02 - Rain,02 - Wet,01 - Traffic signal,03 - At intersection,07 - Dark,03 - P.D. only,05 - Turning movement,Orlans
9650,MER BLEUE RD btwn 210 S OF INNES RD & INNES RD,382725.5585,5035388.192,-75.50368398,45.45407762,2016-02-17,17:04,03 - Snow,06 - Ice,10 - No control,01 - Non intersection,01 - Daylight,02 - Non-fatal injury,07 - SMV other,Orlans
9651,MER BLEUE RD btwn 210 S OF INNES RD & INNES RD,382723.0895,5035388.628,-75.50371547,45.45408182,2016-09-14,17:24,01 - Clear,01 - Dry,10 - No control,01 - Non intersection,01 - Daylight,02 - Non-fatal injury,03 - Rear end,Orlans
9652,MER BLEUE RD btwn 210 S OF INNES RD & RENAUD RD,383037.6728,5034672.421,-75.4998079,45.44760285,2016-05-31,12:02,01 - Clear,01 - Dry,10 - No control,01 - Non intersection,01 - Daylight,03 - P.D. only,04 - Sideswipe,Chapel Hill South
9653,MER BLEUE RD btwn 210 S OF INNES RD & RENAUD RD,382975.818,5034830.193,-75.50057346,45.44902927,2016-11-03,7:19,02 - Rain,02 - Wet,10 - No control,04 - At/near private drive,03 - Dawn,03 - P.D. only,04 - Sideswipe,Chapel Hill South
9654,MERIVALE RD @ 110 S OF BURRIS LANE/LOBLAWS SC,364814.9788,5024951.767,-75.73392618,45.36194084,2016-01-06,14:01,01 - Clear,03 - Loose snow,01 - Traffic signal,03 - At intersection,01 - Daylight,03 - P.D. only,05 - Turning movement,Cityview - Skyline - Fisher Heights
9655,MERIVALE RD @ 110 S OF BURRIS LANE/LOBLAWS SC,364815.0188,5024953.588,-75.73392545,45.36195722,2016-03-19,17:52,01 - Clear,01 - Dry,01 - Traffic signal,03 - At intersection,01 - Daylight,03 - P.D. only,02 - Angle,Cityview - Skyline - Fisher Heights
9656,MERIVALE RD @ 110 S OF BURRIS LANE/LOBLAWS SC,364814.5582,5024953.503,-75.73393134,45.3619565,2016-07-25,10:19,01 - Clear,01 - Dry,01 - Traffic signal,03 - At intersection,01 - Daylight,03 - P.D. only,02 - Angle,Cityview - Skyline - Fisher Heights
9657,MERIVALE RD @ 170 N OF HUNTCLUB RD/COSTCO/CANA,365547.8447,5022099.185,-75.72492262,45.33621061,2016-08-15,21:30,01 - Clear,01 - Dry,01 - Traffic signal,02 - Intersection related,07 - Dark,03 - P.D. only,03 - Rear end,Tanglewood
9658,MERIVALE RD @ 170 N OF HUNTCLUB RD/COSTCO/CANA,365546.9346,5022099.319,-75.72493422,45.3362119,2016-04-29,17:46,01 - Clear,01 - Dry,01 - Traffic signal,02 - Intersection related,01 - Daylight,03 - P.D. only,03 - Rear end,Tanglewood
9659,MERIVALE RD @ 170 N OF HUNTCLUB RD/COSTCO/CANA,365548.7511,5022100.094,-75.72491095,45.33621871,2016-06-03,15:21,01 - Clear,01 - Dry,01 - Traffic signal,02 - Intersection related,01 - Daylight,03 - P.D. only,03 - Rear end,Tanglewood
9660,MERIVALE RD @ 210 S OF MEADOWLANDS DR,364945.379,5023531.084,-75.73243465,45.34914656,2016-11-10,12:03,01 - Clear,01 - Dry,01 - Traffic signal,03 - At intersection,01 - Daylight,02 - Non-fatal injury,07 - SMV other,Borden Farm - Stewart Farm - Parkwood Hills - Fisher Glen
9661,MERIVALE RD @ ANNA AVE/LAPERRIERE AVE,364859.9915,5027164.941,-75.73308255,45.38185075,2016-07-28,21:09,01 - Clear,01 - Dry,01 - Traffic signal,02 - Intersection related,07 - Dark,03 - P.D. only,05 - Turning movement,Carlington
9662,MERIVALE RD @ ANNA AVE/LAPERRIERE AVE,364860.5495,5027165.074,-75.73307541,45.3818519,2016-12-09,8:57,03 - Snow,03 - Loose snow,01 - Traffic signal,03 - At intersection,01 - Daylight,03 - P.D. only,07 - SMV other,Carlington
9663,MERIVALE RD @ BASIL MACDONALD WAY/MERIVALE MAL,365096.735,5023170.888,-75.73054716,45.34589257,2016-05-10,15:49,01 - Clear,01 - Dry,01 - Traffic signal,03 - At intersection,01 - Daylight,02 - Non-fatal injury,05 - Turning movement,Crestview - Meadowlands
9664,MERIVALE RD @ BASIL MACDONALD WAY/MERIVALE MAL,365096.1343,5023171.917,-75.7305547,45.34590188,2016-03-28,11:17,02 - Rain,02 - Wet,01 - Traffic signal,03 - At intersection,01 - Daylight,02 - Non-fatal injury,05 - Turning movement,Crestview - Meadowlands
9665,MERIVALE RD @ BASIL MACDONALD WAY/MERIVALE MAL,365098.1107,5023171.651,-75.73052951,45.34589932,2016-07-20,13:49,01 - Clear,01 - Dry,01 - Traffic signal,02 - Intersection related,01 - Daylight,03 - P.D. only,03 - Rear end,Crestview - Meadowlands
9666,MERIVALE RD @ BASIL MACDONALD WAY/MERIVALE MAL,365096.3627,5023171.232,-75.73055187,45.3458957,2016-04-23,13:28,01 - Clear,01 - Dry,01 - Traffic signal,03 - At intersection,01 - Daylight,03 - P.D. only,04 - Sideswipe,Crestview - Meadowlands
9667,MERIVALE RD @ BASIL MACDONALD WAY/MERIVALE MAL,365097.508,5023171.913,-75.73053717,45.34590173,2016-04-22,14:22,01 - Clear,01 - Dry,01 - Traffic signal,03 - At intersection,01 - Daylight,03 - P.D. only,03 - Rear end,Crestview - Meadowlands
9668,MERIVALE RD @ BASIL MACDONALD WAY/MERIVALE MAL,365097.7142,5023170.94,-75.73053466,45.34589296,2016-10-06,12:49,01 - Clear,01 - Dry,01 - Traffic signal,02 - Intersection related,01 - Daylight,03 - P.D. only,03 - Rear end,Crestview - Meadowlands
9669,MERIVALE RD @ BASIL MACDONALD WAY/MERIVALE MAL,365095.5711,5023171.232,-75.73056197,45.34589577,2016-12-08,21:50,03 - Snow,06 - Ice,01 - Traffic signal,02 - Intersection related,07 - Dark,03 - P.D. only,02 - Angle,Crestview - Meadowlands
9670,MERIVALE RD @ BENTLEY AVE/CAMELOT DR,365771.1586,5021560.473,-75.72214001,45.33134399,2016-09-08,8:19,01 - Clear,01 - Dry,01 - Traffic signal,02 - Intersection related,01 - Daylight,03 - P.D. only,03 - Rear end,Merivale Gardens - Grenfell Glen - Pineglen - Country Place
9671,MERIVALE RD @ BONGARD AVE,365874.2367,5021315.862,-75.72085525,45.32913404,2016-10-13,9:09,01 - Clear,02 - Wet,02 - Stop sign,03 - At intersection,01 - Daylight,02 - Non-fatal injury,05 - Turning movement,Merivale Gardens - Grenfell Glen - Pineglen - Country Place
9672,MERIVALE RD @ CLEOPATRA DR,365950.0174,5021122.684,-75.71991244,45.32738925,2016-02-18,14:00,01 - Clear,02 - Wet,01 - Traffic signal,03 - At intersection,01 - Daylight,03 - P.D. only,05 - Turning movement,Merivale Gardens - Grenfell Glen - Pineglen - Country Place
9673,MERIVALE RD @ CLEOPATRA DR,365951.2558,5021121.938,-75.71989674,45.32738243,2016-12-21,18:12,01 - Clear,02 - Wet,01 - Traffic signal,02 - Intersection related,07 - Dark,03 - P.D. only,04 - Sideswipe,Merivale Gardens - Grenfell Glen - Pineglen - Country Place
9674,MERIVALE RD @ EMERALD PLAZA SC,364736.7686,5024006.459,-75.73503904,45.35344178,2016-02-05,8:44,01 - Clear,01 - Dry,01 - Traffic signal,03 - At intersection,01 - Daylight,03 - P.D. only,05 - Turning movement,Cityview - Skyline - Fisher Heights
9675,MERIVALE RD @ EMERALD PLAZA SC,364736.3539,5024007.22,-75.73504424,45.35344867,2016-02-13,19:57,01 - Clear,06 - Ice,01 - Traffic signal,02 - Intersection related,07 - Dark,03 - P.D. only,04 - Sideswipe,Crestview - Meadowlands
9676,MERIVALE RD @ EMERALD PLAZA SC,364737.0992,5024004.9,-75.73503501,45.35342773,2016-11-10,13:46,01 - Clear,01 - Dry,01 - Traffic signal,03 - At intersection,01 - Daylight,03 - P.D. only,02 - Angle,Cityview - Skyline - Fisher Heights