Record,Location,X,Y,lon,lat,Date,Time,Environment,Road_Surface,Traffic_Control,Collision_Location,Light,Collision_Classification,Impact_type,Neighborhood
9677,MERIVALE RD @ EMERALD PLAZA SC,364736.9615,5024006.011,-75.73503664,45.35343774,2016-03-26,11:20,01 - Clear,01 - Dry,01 - Traffic signal,03 - At intersection,01 - Daylight,03 - P.D. only,05 - Turning movement,Cityview - Skyline - Fisher Heights
9678,MERIVALE RD @ EMERALD PLAZA SC,364737.8067,5024006.123,-75.73502584,45.35343867,2016-06-04,12:15,01 - Clear,01 - Dry,01 - Traffic signal,03 - At intersection,01 - Daylight,03 - P.D. only,04 - Sideswipe,Cityview - Skyline - Fisher Heights
9679,MERIVALE RD @ FAMILY BROWN LANE,365004.1389,5023386.237,-75.73170247,45.34783821,2016-06-23,13:10,01 - Clear,01 - Dry,01 - Traffic signal,03 - At intersection,01 - Daylight,03 - P.D. only,03 - Rear end,Borden Farm - Stewart Farm - Parkwood Hills - Fisher Glen
9680,MERIVALE RD @ FAMILY BROWN LANE,365005.1527,5023384.943,-75.73168969,45.34782648,2016-05-14,12:33,01 - Clear,01 - Dry,01 - Traffic signal,03 - At intersection,01 - Daylight,03 - P.D. only,05 - Turning movement,Borden Farm - Stewart Farm - Parkwood Hills - Fisher Glen
9681,MERIVALE RD @ MORISSET AVE,364865.5289,5026493.309,-75.73309355,45.37580705,2016-08-19,0:16,01 - Clear,01 - Dry,02 - Stop sign,03 - At intersection,07 - Dark,02 - Non-fatal injury,07 - SMV other,Carlington
9682,MERIVALE RD @ MORISSET AVE,364867.3594,5026492.747,-75.73307025,45.37580184,2016-01-21,19:00,01 - Clear,02 - Wet,02 - Stop sign,03 - At intersection,07 - Dark,02 - Non-fatal injury,02 - Angle,Carlington
9683,MERIVALE RD @ MORISSET AVE,364865.8726,5026493.77,-75.73308911,45.37581117,2016-12-09,8:38,01 - Clear,06 - Ice,02 - Stop sign,03 - At intersection,01 - Daylight,02 - Non-fatal injury,02 - Angle,Carlington
9684,MERIVALE RD @ PINEGLEN CRES,366242.4856,5020412.705,-75.71626989,45.32097541,2016-04-06,18:00,03 - Snow,03 - Loose snow,02 - Stop sign,02 - Intersection related,01 - Daylight,03 - P.D. only,03 - Rear end,Merivale Gardens - Grenfell Glen - Pineglen - Country Place
9685,MERIVALE RD @ RAVEN AVE,364843.1199,5026870.175,-75.73333382,45.37919994,2016-07-14,16:52,01 - Clear,01 - Dry,02 - Stop sign,02 - Intersection related,01 - Daylight,03 - P.D. only,07 - SMV other,Carlington
9686,MERIVALE RD @ ROSENTHAL AVE,364892.8042,5026327.133,-75.73276556,45.37430949,2016-08-24,19:29,01 - Clear,01 - Dry,02 - Stop sign,02 - Intersection related,01 - Daylight,03 - P.D. only,07 - SMV other,Carlington
9687,MERIVALE RD @ ROSSLAND AVE,364673.4723,5024152.862,-75.73582908,45.35476451,2016-05-13,5:34,01 - Clear,01 - Dry,02 - Stop sign,02 - Intersection related,03 - Dawn,02 - Non-fatal injury,03 - Rear end,Cityview - Skyline - Fisher Heights
9688,MERIVALE RD @ ROSSLAND AVE,364673.1615,5024152.853,-75.73583305,45.35476445,2016-08-16,13:08,02 - Rain,02 - Wet,02 - Stop sign,02 - Intersection related,01 - Daylight,03 - P.D. only,03 - Rear end,Cityview - Skyline - Fisher Heights
9689,MERIVALE RD @ ROSSLAND AVE,364672.8688,5024151.928,-75.7358369,45.35475615,2016-12-24,12:14,01 - Clear,02 - Wet,02 - Stop sign,02 - Intersection related,01 - Daylight,03 - P.D. only,03 - Rear end,Cityview - Skyline - Fisher Heights
9690,MERIVALE RD @ SHILLINGTON AVE,364844.0356,5026808.44,-75.73332963,45.37864439,2016-11-17,15:21,01 - Clear,01 - Dry,01 - Traffic signal,03 - At intersection,01 - Daylight,02 - Non-fatal injury,05 - Turning movement,Carlington
9691,MERIVALE RD @ SHILLINGTON AVE,364844.6942,5026811.608,-75.73332084,45.37867283,2016-11-17,17:17,01 - Clear,01 - Dry,01 - Traffic signal,03 - At intersection,05 - Dusk,02 - Non-fatal injury,07 - SMV other,Carlington
9692,MERIVALE RD @ SHILLINGTON AVE,364844.4747,5026810.636,-75.73332376,45.37866411,2016-02-17,18:49,03 - Snow,04 - Slush,01 - Traffic signal,02 - Intersection related,07 - Dark,03 - P.D. only,03 - Rear end,Carlington
9693,MERIVALE RD @ SHILLINGTON AVE,364844.0283,5026810.204,-75.73332951,45.37866026,2016-02-16,15:31,03 - Snow,03 - Loose snow,01 - Traffic signal,03 - At intersection,01 - Daylight,03 - P.D. only,07 - SMV other,Carlington
9694,MERIVALE RD @ SHILLINGTON AVE,364845.8306,5026809.084,-75.73330664,45.37865003,2016-07-15,14:14,01 - Clear,01 - Dry,01 - Traffic signal,02 - Intersection related,01 - Daylight,03 - P.D. only,02 - Angle,Carlington
9695,MERIVALE RD @ SLACK RD,366020.3662,5020954.827,-75.71903585,45.32587277,2016-03-16,19:34,02 - Rain,02 - Wet,01 - Traffic signal,03 - At intersection,07 - Dark,02 - Non-fatal injury,07 - SMV other,Merivale Gardens - Grenfell Glen - Pineglen - Country Place
9696,MERIVALE RD @ SLACK RD,366019.473,5020955.948,-75.7190471,45.32588293,2016-06-14,17:34,01 - Clear,01 - Dry,01 - Traffic signal,03 - At intersection,01 - Daylight,02 - Non-fatal injury,05 - Turning movement,Merivale Gardens - Grenfell Glen - Pineglen - Country Place
9697,MERIVALE RD @ SLACK RD,366019.4808,5020954.395,-75.71904719,45.32586896,2016-12-08,17:43,01 - Clear,01 - Dry,01 - Traffic signal,03 - At intersection,07 - Dark,02 - Non-fatal injury,05 - Turning movement,Merivale Gardens - Grenfell Glen - Pineglen - Country Place
9698,MERIVALE RD @ SLACK RD,366019.4808,5020955.273,-75.71904709,45.32587686,2016-01-31,21:02,02 - Rain,02 - Wet,01 - Traffic signal,03 - At intersection,07 - Dark,03 - P.D. only,05 - Turning movement,Merivale Gardens - Grenfell Glen - Pineglen - Country Place
9699,MERIVALE RD @ SLACK RD,366019.4694,5020955.932,-75.71904715,45.32588279,2016-01-16,0:15,01 - Clear,02 - Wet,01 - Traffic signal,02 - Intersection related,07 - Dark,03 - P.D. only,02 - Angle,Merivale Gardens - Grenfell Glen - Pineglen - Country Place
9700,MERIVALE RD @ SLACK RD,366019.9666,5020955.227,-75.71904089,45.3258764,2016-04-01,9:31,01 - Clear,01 - Dry,01 - Traffic signal,02 - Intersection related,01 - Daylight,03 - P.D. only,03 - Rear end,Merivale Gardens - Grenfell Glen - Pineglen - Country Place
9701,MERIVALE RD @ SLACK RD,366020.8239,5020955.493,-75.71902993,45.32587872,2016-05-10,16:39,01 - Clear,01 - Dry,01 - Traffic signal,03 - At intersection,01 - Daylight,03 - P.D. only,05 - Turning movement,Merivale Gardens - Grenfell Glen - Pineglen - Country Place
9702,MERIVALE RD @ SLACK RD,366019.9198,5020956.591,-75.71904132,45.32588868,2016-10-11,20:43,01 - Clear,01 - Dry,01 - Traffic signal,02 - Intersection related,07 - Dark,03 - P.D. only,04 - Sideswipe,Merivale Gardens - Grenfell Glen - Pineglen - Country Place
9703,MERIVALE RD @ SLACK RD,366020.6471,5020955.256,-75.71903221,45.3258766,2016-12-16,12:28,01 - Clear,01 - Dry,01 - Traffic signal,02 - Intersection related,01 - Daylight,03 - P.D. only,03 - Rear end,Merivale Gardens - Grenfell Glen - Pineglen - Country Place
9704,MERIVALE RD @ SUMMERVILLE AVE,364874.4052,5026445.592,-75.73298604,45.37537694,2016-06-01,8:35,01 - Clear,01 - Dry,01 - Traffic signal,02 - Intersection related,01 - Daylight,02 - Non-fatal injury,03 - Rear end,Carlington
9705,MERIVALE RD @ WEST HUNT CLUB RD,365612.9197,5021942.723,-75.72411164,45.33479715,2016-04-07,23:54,01 - Clear,02 - Wet,01 - Traffic signal,02 - Intersection related,07 - Dark,02 - Non-fatal injury,07 - SMV other,Tanglewood
9706,MERIVALE RD @ WEST HUNT CLUB RD,365612.4707,5021941.825,-75.72411748,45.33478911,2016-04-29,13:29,01 - Clear,01 - Dry,01 - Traffic signal,02 - Intersection related,01 - Daylight,02 - Non-fatal injury,03 - Rear end,Tanglewood
9707,MERIVALE RD @ WEST HUNT CLUB RD,365612.4757,5021941.84,-75.72411741,45.33478925,2016-09-03,12:44,01 - Clear,01 - Dry,01 - Traffic signal,03 - At intersection,01 - Daylight,02 - Non-fatal injury,07 - SMV other,Tanglewood
9708,MERIVALE RD @ WEST HUNT CLUB RD,365612.4757,5021943.157,-75.72411725,45.3348011,2016-06-02,7:48,02 - Rain,02 - Wet,01 - Traffic signal,02 - Intersection related,01 - Daylight,02 - Non-fatal injury,03 - Rear end,Tanglewood
9709,MERIVALE RD @ WEST HUNT CLUB RD,365613.377,5021942.044,-75.72410589,45.334791,2016-05-30,12:45,01 - Clear,01 - Dry,01 - Traffic signal,02 - Intersection related,01 - Daylight,02 - Non-fatal injury,03 - Rear end,Industrial Park
9710,MERIVALE RD @ WEST HUNT CLUB RD,365613.2307,5021942.23,-75.72410773,45.33479269,2016-10-04,9:43,01 - Clear,01 - Dry,01 - Traffic signal,02 - Intersection related,01 - Daylight,02 - Non-fatal injury,03 - Rear end,Industrial Park
9711,MERIVALE RD @ WEST HUNT CLUB RD,365612.6952,5021941.256,-75.72411468,45.33478397,2016-11-25,20:58,01 - Clear,02 - Wet,01 - Traffic signal,02 - Intersection related,07 - Dark,02 - Non-fatal injury,03 - Rear end,Industrial Park
9712,MERIVALE RD @ WEST HUNT CLUB RD,365613.377,5021941.135,-75.724106,45.33478282,2016-07-13,8:43,01 - Clear,01 - Dry,01 - Traffic signal,02 - Intersection related,01 - Daylight,03 - P.D. only,03 - Rear end,Industrial Park
9713,MERIVALE RD @ WEST HUNT CLUB RD,365612.7874,5021942.507,-75.72411335,45.33479522,2016-02-26,11:53,02 - Rain,02 - Wet,01 - Traffic signal,02 - Intersection related,01 - Daylight,03 - P.D. only,03 - Rear end,Tanglewood
9714,MERIVALE RD @ WEST HUNT CLUB RD,365613.3611,5021942.276,-75.72410606,45.33479309,2016-03-11,11:21,01 - Clear,01 - Dry,01 - Traffic signal,02 - Intersection related,01 - Daylight,03 - P.D. only,03 - Rear end,Industrial Park
9715,MERIVALE RD @ WEST HUNT CLUB RD,365611.867,5021941.256,-75.72412525,45.33478404,2016-07-22,9:59,01 - Clear,01 - Dry,01 - Traffic signal,02 - Intersection related,01 - Daylight,03 - P.D. only,03 - Rear end,Tanglewood
9716,MERIVALE RD @ WEST HUNT CLUB RD,365612.0188,5021942.724,-75.72412313,45.33479724,2016-04-21,11:43,01 - Clear,01 - Dry,01 - Traffic signal,03 - At intersection,01 - Daylight,03 - P.D. only,03 - Rear end,Tanglewood
9717,MERIVALE RD @ WEST HUNT CLUB RD,365613.8671,5021942.498,-75.72409958,45.33479505,2016-06-13,18:43,01 - Clear,01 - Dry,01 - Traffic signal,02 - Intersection related,01 - Daylight,03 - P.D. only,03 - Rear end,Industrial Park
9718,MERIVALE RD @ WEST HUNT CLUB RD,365612.927,5021941.803,-75.72411166,45.33478887,2016-02-10,14:54,01 - Clear,01 - Dry,01 - Traffic signal,02 - Intersection related,01 - Daylight,03 - P.D. only,04 - Sideswipe,Industrial Park
9719,MERIVALE RD @ WEST HUNT CLUB RD,365612.9197,5021941.825,-75.72411175,45.33478907,2016-03-24,12:27,04 - Freezing Rain,04 - Slush,01 - Traffic signal,02 - Intersection related,01 - Daylight,03 - P.D. only,03 - Rear end,Industrial Park
9720,MERIVALE RD @ WEST HUNT CLUB RD,365610.4438,5021943.624,-75.72414311,45.33480547,2016-01-06,16:15,01 - Clear,01 - Dry,01 - Traffic signal,02 - Intersection related,05 - Dusk,03 - P.D. only,03 - Rear end,Tanglewood
9721,MERIVALE RD @ WEST HUNT CLUB RD,365612.9207,5021943.175,-75.72411157,45.33480122,2016-05-23,19:47,01 - Clear,01 - Dry,01 - Traffic signal,02 - Intersection related,01 - Daylight,03 - P.D. only,03 - Rear end,Tanglewood
9722,MERIVALE RD @ WEST HUNT CLUB RD,365611.0888,5021943.301,-75.72413493,45.33480251,2016-08-20,12:30,01 - Clear,01 - Dry,01 - Traffic signal,02 - Intersection related,01 - Daylight,03 - P.D. only,03 - Rear end,Tanglewood
9723,MERIVALE RD @ WEST HUNT CLUB RD,365611.867,5021940.428,-75.72412535,45.33477659,2016-09-15,14:43,01 - Clear,01 - Dry,01 - Traffic signal,02 - Intersection related,01 - Daylight,03 - P.D. only,03 - Rear end,Tanglewood
9724,MERIVALE RD @ WEST HUNT CLUB RD,365611.5588,5021942.953,-75.72412897,45.33479934,2016-07-02,14:20,01 - Clear,01 - Dry,01 - Traffic signal,02 - Intersection related,01 - Daylight,03 - P.D. only,03 - Rear end,Tanglewood
9725,MERIVALE RD @ WEST HUNT CLUB RD,365611.5588,5021942.498,-75.72412903,45.33479525,2016-07-18,14:45,01 - Clear,01 - Dry,01 - Traffic signal,02 - Intersection related,01 - Daylight,03 - P.D. only,03 - Rear end,Tanglewood
9726,MERIVALE RD @ WEST HUNT CLUB RD,365612.0366,5021943.157,-75.72412285,45.33480113,2016-11-14,14:01,01 - Clear,01 - Dry,01 - Traffic signal,02 - Intersection related,01 - Daylight,03 - P.D. only,04 - Sideswipe,Tanglewood
9727,MERIVALE RD @ WEST HUNT CLUB RD,365612.6952,5021941.256,-75.72411468,45.33478397,2016-11-03,15:58,01 - Clear,02 - Wet,01 - Traffic signal,03 - At intersection,01 - Daylight,03 - P.D. only,03 - Rear end,Industrial Park
9728,MERIVALE RD @ WEST HUNT CLUB RD,365611.867,5021941.256,-75.72412525,45.33478404,2016-12-27,19:08,04 - Freezing Rain,02 - Wet,01 - Traffic signal,02 - Intersection related,07 - Dark,03 - P.D. only,03 - Rear end,Tanglewood
9729,MERIVALE RD @ WEST HUNT CLUB RD,365613.5234,5021942.912,-75.72410391,45.3347988,2016-12-29,12:15,03 - Snow,06 - Ice,01 - Traffic signal,02 - Intersection related,01 - Daylight,03 - P.D. only,03 - Rear end,Industrial Park
9730,MERIVALE RD @ WOODFIELD DR/ROYDON PL,365462.7011,5022298.124,-75.72598448,45.33800801,2016-01-22,8:11,01 - Clear,01 - Dry,01 - Traffic signal,03 - At intersection,01 - Daylight,02 - Non-fatal injury,07 - SMV other,Tanglewood
9731,MERIVALE RD @ WOODFIELD DR/ROYDON PL,365461.8729,5022296.429,-75.72599525,45.33799283,2016-12-14,5:43,03 - Snow,05 - Packed snow,01 - Traffic signal,03 - At intersection,07 - Dark,02 - Non-fatal injury,99 - Other,Tanglewood
9732,MERIVALE RD @ WOODFIELD DR/ROYDON PL,365462.622,5022298.762,-75.72598541,45.33801376,2016-01-29,16:49,01 - Clear,04 - Slush,01 - Traffic signal,02 - Intersection related,05 - Dusk,03 - P.D. only,03 - Rear end,Tanglewood
9733,MERIVALE RD @ WOODFIELD DR/ROYDON PL,365462.0675,5022299.296,-75.72599242,45.33801861,2016-02-06,13:41,01 - Clear,01 - Dry,01 - Traffic signal,02 - Intersection related,01 - Daylight,03 - P.D. only,03 - Rear end,Tanglewood
9734,MERIVALE RD @ WOODFIELD DR/ROYDON PL,365461.0448,5022297.257,-75.72600571,45.33800035,2016-10-23,13:15,01 - Clear,01 - Dry,01 - Traffic signal,02 - Intersection related,01 - Daylight,03 - P.D. only,03 - Rear end,Tanglewood
9735,MERIVALE RD @ WOODFIELD DR/ROYDON PL,365461.8729,5022297.257,-75.72599515,45.33800028,2016-10-06,8:41,01 - Clear,01 - Dry,01 - Traffic signal,03 - At intersection,01 - Daylight,03 - P.D. only,03 - Rear end,Tanglewood
9736,MERIVALE RD @ WOODFIELD DR/ROYDON PL,365462.7011,5022298.124,-75.72598448,45.33800801,2016-01-14,17:07,01 - Clear,04 - Slush,01 - Traffic signal,02 - Intersection related,05 - Dusk,03 - P.D. only,03 - Rear end,Tanglewood
9737,MERIVALE RD @ WOODFIELD DR/ROYDON PL,365461.8719,5022297.932,-75.72599508,45.33800635,2016-11-08,12:51,01 - Clear,01 - Dry,01 - Traffic signal,02 - Intersection related,01 - Daylight,03 - P.D. only,04 - Sideswipe,Tanglewood
9738,MERIVALE RD @ WOODFIELD DR/ROYDON PL,365463.1892,5022299.073,-75.72597813,45.3380165,2016-11-08,13:02,01 - Clear,01 - Dry,01 - Traffic signal,02 - Intersection related,01 - Daylight,03 - P.D. only,04 - Sideswipe,Tanglewood
9739,MERIVALE RD @ WOODFIELD DR/ROYDON PL,365464.3574,5022298.913,-75.72596325,45.33801496,2016-12-18,16:40,03 - Snow,02 - Wet,01 - Traffic signal,02 - Intersection related,05 - Dusk,03 - P.D. only,03 - Rear end,Tanglewood
9740,MERIVALE RD @ WOODFIELD DR/ROYDON PL,365463.5293,5022298.913,-75.72597381,45.33801504,2016-12-21,14:02,01 - Clear,02 - Wet,01 - Traffic signal,02 - Intersection related,01 - Daylight,03 - P.D. only,03 - Rear end,Tanglewood
9741,MERIVALE RD @ WOODFIELD DR/ROYDON PL,365461.8729,5022298.085,-75.72599505,45.33800773,2016-12-13,11:05,01 - Clear,03 - Loose snow,01 - Traffic signal,02 - Intersection related,01 - Daylight,03 - P.D. only,03 - Rear end,Tanglewood
9742,MERIVALE RD @ WOODWARD AVE,364854.4799,5027066.445,-75.73316491,45.38096497,2016-10-18,12:42,01 - Clear,01 - Dry,02 - Stop sign,03 - At intersection,01 - Daylight,03 - P.D. only,02 - Angle,Carlington
9743,MERIVALE RD btwn 170 N OF WEST HUNT CLUB RD/COSTCO SC & WEST HUNT CLUB,365606.8358,5021959.686,-75.72418717,45.33495031,2016-06-17,23:14,01 - Clear,01 - Dry,10 - No control,01 - Non intersection,07 - Dark,03 - P.D. only,04 - Sideswipe,Tanglewood
9744,MERIVALE RD btwn 210 S OF MEADOWLANDS DR/MERIVALE PL SC & FAMILY BROWN,364996.4858,5023406.646,-75.73179764,45.3480225,2016-02-25,20:10,04 - Freezing Rain,06 - Ice,10 - No control,01 - Non intersection,07 - Dark,03 - P.D. only,99 - Other,Crestview - Meadowlands
9745,MERIVALE RD btwn 210 S OF MEADOWLANDS DR/MERIVALE PL SC & FAMILY BROWN,364998.2057,5023400.895,-75.7317764,45.34797061,2016-05-15,11:41,01 - Clear,01 - Dry,10 - No control,01 - Non intersection,01 - Daylight,03 - P.D. only,04 - Sideswipe,Borden Farm - Stewart Farm - Parkwood Hills - Fisher Glen
9746,MERIVALE RD btwn 210 S OF MEADOWLANDS DR/MERIVALE PL SC & FAMILY BROWN,364985.2151,5023432.985,-75.73193826,45.34826047,2016-10-07,16:03,01 - Clear,01 - Dry,10 - No control,01 - Non intersection,01 - Daylight,03 - P.D. only,03 - Rear end,Borden Farm - Stewart Farm - Parkwood Hills - Fisher Glen
9747,MERIVALE RD btwn AMBERWOOD CRES & FALLOWFIELD RD,366871.7346,5018892.548,-75.70843472,45.30724189,2016-02-24,20:52,04 - Freezing Rain,06 - Ice,10 - No control,01 - Non intersection,07 - Dark,03 - P.D. only,07 - SMV other,Greenbelt
9748,MERIVALE RD btwn AMBERWOOD CRES & FALLOWFIELD RD,366859.0504,5018927.597,-75.70859207,45.30755837,2016-06-15,7:30,01 - Clear,01 - Dry,10 - No control,01 - Non intersection,01 - Daylight,03 - P.D. only,03 - Rear end,Greenbelt
9749,MERIVALE RD btwn AMBERWOOD CRES & FALLOWFIELD RD,366703.6385,5019294.533,-75.71052793,45.31087373,2016-01-18,9:27,01 - Clear,03 - Loose snow,10 - No control,01 - Non intersection,01 - Daylight,03 - P.D. only,07 - SMV other,Greenbelt
9750,MERIVALE RD btwn AMBERWOOD CRES & FALLOWFIELD RD,366864.869,5018907.079,-75.70852044,45.30737324,2016-05-05,16:35,01 - Clear,01 - Dry,10 - No control,01 - Non intersection,01 - Daylight,03 - P.D. only,03 - Rear end,Greenbelt
9751,MERIVALE RD btwn BASIL MACDONALD WAY & VIEWMOUNT DR,365153.9456,5023040.007,-75.72983313,45.34471,2016-08-26,17:05,01 - Clear,01 - Dry,10 - No control,01 - Non intersection,01 - Daylight,02 - Non-fatal injury,03 - Rear end,Crestview - Meadowlands
9752,MERIVALE RD btwn BASIL MACDONALD WAY & VIEWMOUNT DR,365152.7131,5023042.256,-75.72984858,45.34473035,2016-01-10,14:37,02 - Rain,02 - Wet,10 - No control,01 - Non intersection,01 - Daylight,03 - P.D. only,04 - Sideswipe,Crestview - Meadowlands
9753,MERIVALE RD btwn BASIL MACDONALD WAY & VIEWMOUNT DR,365113.1284,5023132.727,-75.73034264,45.3455478,2016-12-30,17:11,01 - Clear,02 - Wet,10 - No control,01 - Non intersection,07 - Dark,03 - P.D. only,04 - Sideswipe,Crestview - Meadowlands
9754,MERIVALE RD btwn BENTLEY AVE & ENTERPRISE AVE,365803.871,5021479.564,-75.72173268,45.33061313,2016-03-26,12:12,01 - Clear,01 - Dry,10 - No control,01 - Non intersection,01 - Daylight,02 - Non-fatal injury,03 - Rear end,Merivale Gardens - Grenfell Glen - Pineglen - Country Place
9755,MERIVALE RD btwn BENTLEY AVE & ENTERPRISE AVE,365824.997,5021431.254,-75.72146914,45.33017661,2016-03-15,12:07,02 - Rain,02 - Wet,10 - No control,01 - Non intersection,01 - Daylight,03 - P.D. only,04 - Sideswipe,Merivale Gardens - Grenfell Glen - Pineglen - Country Place
9756,MERIVALE RD btwn BENTLEY AVE & JAMIE AVE,365732.2353,5021654.883,-75.72262491,45.33219686,2016-11-30,8:03,"07 - Fog, mist, smoke, dust",02 - Wet,10 - No control,01 - Non intersection,01 - Daylight,02 - Non-fatal injury,04 - Sideswipe,Merivale Gardens - Grenfell Glen - Pineglen - Country Place
9757,MERIVALE RD btwn BENTLEY AVE & JAMIE AVE,365752.0088,5021606.871,-75.72237858,45.33176313,2016-11-13,14:55,01 - Clear,01 - Dry,10 - No control,04 - At/near private drive,01 - Daylight,03 - P.D. only,02 - Angle,Merivale Gardens - Grenfell Glen - Pineglen - Country Place
9758,MERIVALE RD btwn BONGARD AVE & CLEOPATRA DR,365886.7784,5021274.777,-75.72070034,45.32876328,2016-07-20,10:15,01 - Clear,01 - Dry,10 - No control,01 - Non intersection,01 - Daylight,03 - P.D. only,04 - Sideswipe,Merivale Gardens - Grenfell Glen - Pineglen - Country Place
9759,MERIVALE RD btwn BURRIS LANE & OT/NE BOUNDARY,364920.119,5025133.857,-75.73256207,45.36357025,2016-03-01,12:40,01 - Clear,01 - Dry,10 - No control,04 - At/near private drive,01 - Daylight,03 - P.D. only,02 - Angle,Cityview - Skyline - Fisher Heights
9760,MERIVALE RD btwn CALDWELL AVE & CENTRAL PARK DR,364927.5895,5026072.439,-75.73235248,45.37201481,2016-04-07,8:55,03 - Snow,03 - Loose snow,10 - No control,01 - Non intersection,01 - Daylight,03 - P.D. only,03 - Rear end,Civic Hospital - Experimental Farm - Central Park
9761,MERIVALE RD btwn CAPITAL DR & MACFARLANE RD,366119.5112,5020714.631,-75.71780096,45.32370286,2016-08-14,15:11,01 - Clear,01 - Dry,10 - No control,05 - At railway crossing,01 - Daylight,03 - P.D. only,03 - Rear end,Merivale Gardens - Grenfell Glen - Pineglen - Country Place
9762,MERIVALE RD btwn CARLING AVE & TO BE DETERMINED,364902.2933,5027689.275,-75.7324786,45.38656498,2016-04-05,9:00,01 - Clear,01 - Dry,10 - No control,01 - Non intersection,01 - Daylight,03 - P.D. only,06 - SMV unattended vehicle,Carlington
9763,MERIVALE RD btwn CLEOPATRA DR & SLACK RD,366000.3884,5021005.438,-75.71928442,45.3263299,2016-03-18,12:10,01 - Clear,01 - Dry,10 - No control,04 - At/near private drive,01 - Daylight,03 - P.D. only,02 - Angle,Merivale Gardens - Grenfell Glen - Pineglen - Country Place
9764,MERIVALE RD btwn CLEOPATRA DR & SLACK RD,365961.0834,5021098.413,-75.71977429,45.3271699,2016-11-24,9:02,03 - Snow,03 - Loose snow,10 - No control,04 - At/near private drive,01 - Daylight,03 - P.D. only,05 - Turning movement,Merivale Gardens - Grenfell Glen - Pineglen - Country Place
9765,MERIVALE RD btwn CLYDE AVE & GILBEY DR,364541.1802,5024517.447,-75.73747333,45.35805628,2016-02-15,12:48,01 - Clear,01 - Dry,10 - No control,04 - At/near private drive,01 - Daylight,03 - P.D. only,05 - Turning movement,Cityview - Skyline - Fisher Heights
9766,MERIVALE RD btwn CLYDE AVE & GILBEY DR,364653.3079,5024670.925,-75.73602369,45.35942769,2016-05-19,15:16,01 - Clear,01 - Dry,10 - No control,04 - At/near private drive,01 - Daylight,03 - P.D. only,02 - Angle,Cityview - Skyline - Fisher Heights
9767,MERIVALE RD btwn CLYDE AVE & RITA AVE,364592.5376,5024339.92,-75.73683934,45.35645453,2016-09-01,18:03,01 - Clear,01 - Dry,10 - No control,01 - Non intersection,01 - Daylight,03 - P.D. only,03 - Rear end,Cityview - Skyline - Fisher Heights
9768,MERIVALE RD btwn CLYDE AVE & RITA AVE,364525.2149,5024496.17,-75.73767966,45.35786619,2016-02-12,16:36,01 - Clear,01 - Dry,10 - No control,04 - At/near private drive,01 - Daylight,03 - P.D. only,02 - Angle,Crestview - Meadowlands
9769,MERIVALE RD btwn CLYDE AVE & RITA AVE,364562.278,5024415.186,-75.73721643,45.35713435,2016-12-21,19:51,01 - Clear,02 - Wet,10 - No control,01 - Non intersection,07 - Dark,03 - P.D. only,03 - Rear end,Cityview - Skyline - Fisher Heights
9770,MERIVALE RD btwn COLDREY AVE & THAMES ST,364907.6776,5027468.207,-75.73243677,45.38457539,2016-12-31,11:30,01 - Clear,01 - Dry,10 - No control,04 - At/near private drive,01 - Daylight,03 - P.D. only,03 - Rear end,Carlington
9771,MERIVALE RD btwn EMERALD PLAZA SC & MEADOWLANDS DR,364806.1999,5023845.51,-75.73417252,45.35198765,2016-08-06,10:23,01 - Clear,01 - Dry,10 - No control,04 - At/near private drive,01 - Daylight,02 - Non-fatal injury,02 - Angle,Cityview - Skyline - Fisher Heights
9772,MERIVALE RD btwn EMERALD PLAZA SC & MEADOWLANDS DR,364829.7144,5023788.354,-75.73387938,45.35147136,2016-10-05,13:15,01 - Clear,01 - Dry,10 - No control,01 - Non intersection,01 - Daylight,03 - P.D. only,03 - Rear end,Cityview - Skyline - Fisher Heights
9773,MERIVALE RD btwn EMERALD PLAZA SC & MEADOWLANDS DR,364753.2467,5023969.525,-75.73483323,45.35310805,2016-01-16,16:25,02 - Rain,02 - Wet,10 - No control,01 - Non intersection,01 - Daylight,03 - P.D. only,04 - Sideswipe,Cityview - Skyline - Fisher Heights
9774,MERIVALE RD btwn EMERALD PLAZA SC & MEADOWLANDS DR,364764.8429,5023939.75,-75.73468886,45.35283915,2016-05-09,12:38,01 - Clear,01 - Dry,10 - No control,01 - Non intersection,01 - Daylight,03 - P.D. only,04 - Sideswipe,Cityview - Skyline - Fisher Heights
9775,MERIVALE RD btwn FAMILY BROWN LANE & BASIL MACDONALD WAY,365076.3904,5023214.634,-75.73080143,45.34628794,2016-03-30,15:23,01 - Clear,01 - Dry,10 - No control,01 - Non intersection,01 - Daylight,03 - P.D. only,03 - Rear end,Crestview - Meadowlands
9776,MERIVALE RD btwn GERVIN ST & AMBERWOOD CRES,366402.0392,5020030.913,-75.71428238,45.31752612,2016-06-21,16:12,01 - Clear,01 - Dry,10 - No control,04 - At/near private drive,01 - Daylight,03 - P.D. only,03 - Rear end,Merivale Gardens - Grenfell Glen - Pineglen - Country Place