Record,Location,X,Y,lon,lat,Date,Time,Environment,Road_Surface,Traffic_Control,Collision_Location,Light,Collision_Classification,Impact_type,Neighborhood
9777,MERIVALE RD btwn GILBEY DR & KIMWAY CRES,364706.1875,5024760.593,-75.73533792,45.36022999,2016-12-07,19:25,01 - Clear,01 - Dry,10 - No control,04 - At/near private drive,07 - Dark,03 - P.D. only,04 - Sideswipe,Cityview - Skyline - Fisher Heights
9778,MERIVALE RD btwn ISLAND PARK DR & WESTGATE SC,364655.8998,5028020.033,-75.73558471,45.38956218,2016-11-20,21:25,03 - Snow,08 - Loose sand or gravel,10 - No control,01 - Non intersection,07 - Dark,03 - P.D. only,03 - Rear end,Westboro
9779,MERIVALE RD btwn LEASIDE AVE & COLDREY AVE,364893.1022,5027381.673,-75.73263341,45.38379802,2016-02-18,5:07,01 - Clear,04 - Slush,10 - No control,01 - Non intersection,07 - Dark,03 - P.D. only,02 - Angle,Carlington
9780,MERIVALE RD btwn OT/NE BOUNDARY & MERIVALE RD,365010.8041,5025245.598,-75.73139095,45.36456789,2016-10-25,16:03,01 - Clear,01 - Dry,10 - No control,01 - Non intersection,01 - Daylight,03 - P.D. only,04 - Sideswipe,Cityview - Skyline - Fisher Heights
9781,MERIVALE RD btwn OT/NE BOUNDARY & MERIVALE RD,365008.3196,5025241.871,-75.73142312,45.36453457,2016-11-24,9:13,03 - Snow,03 - Loose snow,10 - No control,,01 - Daylight,03 - P.D. only,03 - Rear end,Cityview - Skyline - Fisher Heights
9782,MERIVALE RD btwn RAVEN AVE & LAROSE AVE,364846.0263,5026944.548,-75.73328766,45.37986889,2016-01-12,12:01,03 - Snow,03 - Loose snow,10 - No control,04 - At/near private drive,01 - Daylight,03 - P.D. only,03 - Rear end,Carlington
9783,MERIVALE RD btwn ROSSLAND AVE & EMERALD PLAZA SC,364683.6349,5024131.224,-75.73570201,45.35456894,2016-10-06,12:43,01 - Clear,01 - Dry,10 - No control,01 - Non intersection,01 - Daylight,02 - Non-fatal injury,03 - Rear end,Cityview - Skyline - Fisher Heights
9784,MERIVALE RD btwn SHILLINGTON AVE & RAVEN AVE,364844.9101,5026820.609,-75.73331699,45.37875381,2016-05-10,16:12,01 - Clear,01 - Dry,10 - No control,04 - At/near private drive,01 - Daylight,02 - Non-fatal injury,05 - Turning movement,Carlington
9785,MERIVALE RD btwn SLACK RD & CAPITAL DR,366023.4527,5020946.863,-75.71899746,45.32580084,2016-01-04,14:15,01 - Clear,01 - Dry,10 - No control,01 - Non intersection,01 - Daylight,03 - P.D. only,04 - Sideswipe,Merivale Gardens - Grenfell Glen - Pineglen - Country Place
9786,MERIVALE RD btwn TURN LANE & MEADOWLANDS DR W,364849.0694,5023746.787,-75.73363744,45.35109568,2016-03-27,12:36,01 - Clear,01 - Dry,10 - No control,01 - Non intersection,01 - Daylight,03 - P.D. only,03 - Rear end,Crestview - Meadowlands
9787,MERIVALE RD btwn TURN LANE & MEADOWLANDS DR W,364855.0635,5023733.238,-75.73356259,45.35097326,2016-08-15,17:27,01 - Clear,01 - Dry,10 - No control,01 - Non intersection,01 - Daylight,03 - P.D. only,04 - Sideswipe,Cityview - Skyline - Fisher Heights
9788,MERIVALE RD btwn VIEWMOUNT DR & COLONNADE RD,365232.705,5022854.471,-75.72885085,45.34303379,2016-05-17,10:05,01 - Clear,01 - Dry,10 - No control,01 - Non intersection,01 - Daylight,02 - Non-fatal injury,03 - Rear end,Tanglewood
9789,MERIVALE RD btwn VIEWMOUNT DR & COLONNADE RD,365274.6965,5022754.258,-75.72832732,45.34212847,2016-04-24,12:43,01 - Clear,01 - Dry,10 - No control,01 - Non intersection,01 - Daylight,02 - Non-fatal injury,03 - Rear end,Tanglewood
9790,MERIVALE RD btwn VIEWMOUNT DR & COLONNADE RD,365286.2255,5022731.178,-75.72818304,45.34191981,2016-02-05,14:50,01 - Clear,01 - Dry,10 - No control,01 - Non intersection,01 - Daylight,03 - P.D. only,03 - Rear end,Borden Farm - Stewart Farm - Parkwood Hills - Fisher Glen
9791,MERIVALE RD btwn VIEWMOUNT DR & COLONNADE RD,365343.0513,5022594.441,-75.72747473,45.34068456,2016-02-26,12:24,01 - Clear,06 - Ice,10 - No control,01 - Non intersection,01 - Daylight,03 - P.D. only,03 - Rear end,Tanglewood
9792,MERIVALE RD btwn VIEWMOUNT DR & COLONNADE RD,365220.7426,5022885.768,-75.72899966,45.34331643,2016-07-04,19:10,01 - Clear,01 - Dry,10 - No control,04 - At/near private drive,01 - Daylight,03 - P.D. only,05 - Turning movement,Tanglewood
9793,MERIVALE RD btwn VIEWMOUNT DR & COLONNADE RD,365358.695,5022555.405,-75.72727991,45.34033197,2016-07-14,18:28,01 - Clear,01 - Dry,10 - No control,01 - Non intersection,01 - Daylight,03 - P.D. only,99 - Other,Tanglewood
9794,MERIVALE RD btwn VIEWMOUNT DR & COLONNADE RD,365325.9843,5022638.244,-75.72768713,45.34108017,2016-09-03,14:38,01 - Clear,01 - Dry,10 - No control,01 - Non intersection,01 - Daylight,03 - P.D. only,03 - Rear end,Tanglewood
9795,MERIVALE RD btwn VIEWMOUNT DR & COLONNADE RD,365354.7345,5022567.079,-75.72732902,45.34043736,2016-11-10,17:43,01 - Clear,01 - Dry,10 - No control,04 - At/near private drive,07 - Dark,03 - P.D. only,02 - Angle,Tanglewood
9796,MERIVALE RD btwn VIEWMOUNT DR & COLONNADE RD,365293.4677,5022712.678,-75.7280929,45.34175272,2016-07-07,17:57,01 - Clear,01 - Dry,10 - No control,01 - Non intersection,01 - Daylight,03 - P.D. only,03 - Rear end,Tanglewood
9797,MERIVALE RD btwn VIEWMOUNT DR & COLONNADE RD,365218.5418,5022890.938,-75.72902711,45.34336314,2016-12-05,9:21,03 - Snow,04 - Slush,10 - No control,01 - Non intersection,01 - Daylight,03 - P.D. only,07 - SMV other,Tanglewood
9798,MERIVALE RD btwn WEST HUNT CLUB RD & JAMIE AVE,365618.0824,5021929.03,-75.72404746,45.3346735,2016-04-21,11:46,01 - Clear,01 - Dry,10 - No control,01 - Non intersection,01 - Daylight,03 - P.D. only,04 - Sideswipe,Merivale Gardens - Grenfell Glen - Pineglen - Country Place
9799,MERIVALE RD btwn WEST HUNT CLUB RD & JAMIE AVE,365636.1859,5021886.077,-75.72382178,45.33428544,2016-08-31,19:23,01 - Clear,01 - Dry,10 - No control,01 - Non intersection,01 - Daylight,03 - P.D. only,04 - Sideswipe,Merivale Gardens - Grenfell Glen - Pineglen - Country Place
9800,MERIVALE RD btwn WITHROW AVE & ROSSLAND AVE,364668.2855,5024163.239,-75.73589402,45.35485832,2016-06-01,14:00,01 - Clear,01 - Dry,10 - No control,01 - Non intersection,01 - Daylight,03 - P.D. only,04 - Sideswipe,Cityview - Skyline - Fisher Heights
9801,MERIVALE RD btwn WITHROW AVE & ROSSLAND AVE,364645.3836,5024219.133,-75.73617952,45.3553632,2016-06-18,19:26,01 - Clear,01 - Dry,10 - No control,04 - At/near private drive,01 - Daylight,03 - P.D. only,02 - Angle,Cityview - Skyline - Fisher Heights
9802,MERIVALE RD btwn WOODFIELD DR & 170 N OF WEST HUNT CLUB RD/COSTCO SC,365523.7441,5022157.75,-75.72522291,45.33673966,2016-08-26,19:59,01 - Clear,01 - Dry,10 - No control,01 - Non intersection,01 - Daylight,03 - P.D. only,04 - Sideswipe,Tanglewood
9803,MERIVALE RD btwn WOODFIELD DR & 170 N OF WEST HUNT CLUB RD/COSTCO SC,365478.2394,5022261.651,-75.72579071,45.33767849,2016-02-17,18:34,03 - Snow,04 - Slush,10 - No control,01 - Non intersection,07 - Dark,03 - P.D. only,04 - Sideswipe,Tanglewood
9804,MERIVALE RD btwn WOODFIELD DR & 170 N OF WEST HUNT CLUB RD/COSTCO SC,365491.1446,5022231.086,-75.72562981,45.33740235,2016-03-04,10:49,01 - Clear,01 - Dry,10 - No control,04 - At/near private drive,01 - Daylight,03 - P.D. only,02 - Angle,Tanglewood
9805,MERIVALE RD/LOTTA AVE @ CLYDE AVE,364520.5814,5024507.682,-75.7377374,45.35797017,2016-02-13,15:08,01 - Clear,02 - Wet,01 - Traffic signal,03 - At intersection,01 - Daylight,02 - Non-fatal injury,05 - Turning movement,Cityview - Skyline - Fisher Heights
9806,MERIVALE RD/LOTTA AVE @ CLYDE AVE,364522.4955,5024507.746,-75.73771297,45.35797058,2016-05-24,17:59,01 - Clear,01 - Dry,01 - Traffic signal,02 - Intersection related,01 - Daylight,02 - Non-fatal injury,03 - Rear end,Cityview - Skyline - Fisher Heights
9807,MERIVALE RD/LOTTA AVE @ CLYDE AVE,364520.8701,5024507.112,-75.73773379,45.35796501,2016-11-18,10:58,01 - Clear,01 - Dry,01 - Traffic signal,03 - At intersection,01 - Daylight,02 - Non-fatal injury,02 - Angle,Cityview - Skyline - Fisher Heights
9808,MERIVALE RD/LOTTA AVE @ CLYDE AVE,364520.5807,5024508.481,-75.73773732,45.35797736,2016-07-29,17:29,01 - Clear,01 - Dry,01 - Traffic signal,02 - Intersection related,01 - Daylight,03 - P.D. only,03 - Rear end,Cityview - Skyline - Fisher Heights
9809,MERIVALE RD/LOTTA AVE @ CLYDE AVE,364522.5838,5024507.517,-75.73771187,45.35796851,2016-02-18,11:44,03 - Snow,03 - Loose snow,01 - Traffic signal,02 - Intersection related,01 - Daylight,03 - P.D. only,03 - Rear end,Cityview - Skyline - Fisher Heights
9810,MERIVALE RD/LOTTA AVE @ CLYDE AVE,364523.1562,5024507.75,-75.73770453,45.35797056,2016-01-18,12:37,01 - Clear,02 - Wet,01 - Traffic signal,03 - At intersection,01 - Daylight,03 - P.D. only,05 - Turning movement,Cityview - Skyline - Fisher Heights
9811,MERIVALE RD/LOTTA AVE @ CLYDE AVE,364523.2795,5024508.433,-75.73770288,45.35797669,2016-08-22,16:44,01 - Clear,01 - Dry,01 - Traffic signal,02 - Intersection related,01 - Daylight,03 - P.D. only,03 - Rear end,Cityview - Skyline - Fisher Heights
9812,MERIVALE RD/LOTTA AVE @ CLYDE AVE,364522.1163,5024507.434,-75.73771784,45.3579678,2016-06-30,15:31,01 - Clear,01 - Dry,01 - Traffic signal,02 - Intersection related,01 - Daylight,03 - P.D. only,99 - Other,Cityview - Skyline - Fisher Heights
9813,MERIVALE RD/LOTTA AVE @ CLYDE AVE,364520.5308,5024507.321,-75.73773809,45.35796692,2016-07-13,15:39,02 - Rain,02 - Wet,01 - Traffic signal,02 - Intersection related,01 - Daylight,03 - P.D. only,03 - Rear end,Cityview - Skyline - Fisher Heights
9814,MERIVALE RD/LOTTA AVE @ CLYDE AVE,364521.8155,5024507.537,-75.73772167,45.35796876,2016-09-27,12:12,01 - Clear,01 - Dry,01 - Traffic signal,02 - Intersection related,01 - Daylight,03 - P.D. only,03 - Rear end,Cityview - Skyline - Fisher Heights
9815,MERIVALE RD/LOTTA AVE @ CLYDE AVE,364523.0583,5024509.464,-75.73770558,45.35798599,2016-09-17,15:50,02 - Rain,02 - Wet,01 - Traffic signal,02 - Intersection related,01 - Daylight,03 - P.D. only,03 - Rear end,Cityview - Skyline - Fisher Heights
9816,MERIVALE RD/LOTTA AVE @ CLYDE AVE,364522.0955,5024507.676,-75.73771808,45.35796998,2016-10-21,16:07,02 - Rain,02 - Wet,01 - Traffic signal,02 - Intersection related,01 - Daylight,03 - P.D. only,03 - Rear end,Cityview - Skyline - Fisher Heights
9817,MERIVALE RD/LOTTA AVE @ CLYDE AVE,364518.4761,5024506.2,-75.73776445,45.35795701,2016-12-19,13:39,01 - Clear,05 - Packed snow,01 - Traffic signal,02 - Intersection related,01 - Daylight,03 - P.D. only,03 - Rear end,Crestview - Meadowlands
9818,MERIVALE RD/LOTTA AVE @ CLYDE AVE,364524.0069,5024507.517,-75.7376937,45.35796839,2016-12-08,21:52,03 - Snow,06 - Ice,01 - Traffic signal,02 - Intersection related,07 - Dark,03 - P.D. only,07 - SMV other,Cityview - Skyline - Fisher Heights
9819,MERIVALE RD/LOTTA AVE @ CLYDE AVE,364520.5103,5024508.449,-75.73773822,45.35797707,2016-12-21,16:19,01 - Clear,02 - Wet,01 - Traffic signal,03 - At intersection,05 - Dusk,03 - P.D. only,03 - Rear end,Cityview - Skyline - Fisher Heights
9820,MERIVALE RD/LOTTA AVE @ CLYDE AVE,364522.5265,5024507.112,-75.73771265,45.35796487,2016-11-30,15:15,01 - Clear,01 - Dry,01 - Traffic signal,02 - Intersection related,01 - Daylight,03 - P.D. only,04 - Sideswipe,Cityview - Skyline - Fisher Heights
9821,MERIVALE RD/LOTTA AVE @ CLYDE AVE,364522.8832,5024507.493,-75.73770805,45.35796827,2016-11-24,11:00,03 - Snow,02 - Wet,01 - Traffic signal,03 - At intersection,01 - Daylight,03 - P.D. only,03 - Rear end,Cityview - Skyline - Fisher Heights
9822,MERRITT AVE btwn MCGILLIVRAY ST & MCNAUGHTON AVE,369262.7259,5029760.952,-75.67652966,45.40481752,2016-10-18,16:28,01 - Clear,01 - Dry,10 - No control,01 - Non intersection,01 - Daylight,03 - P.D. only,06 - SMV unattended vehicle,Old Ottawa East
9823,MERTON ST @ SCOTT ST,365328.4161,5029955.9,-75.72675928,45.40692287,2016-10-27,23:16,02 - Rain,02 - Wet,01 - Traffic signal,02 - Intersection related,07 - Dark,03 - P.D. only,03 - Rear end,Mechanicsville
9824,MERTON ST @ SCOTT ST,365327.7779,5029955.376,-75.7267675,45.40691821,2016-02-02,21:09,01 - Clear,01 - Dry,01 - Traffic signal,02 - Intersection related,07 - Dark,03 - P.D. only,03 - Rear end,Mechanicsville
9825,METCALFE ST @ GILMOUR ST,368098.2357,5030960.361,-75.69124977,45.41571568,2016-05-04,13:59,01 - Clear,01 - Dry,01 - Traffic signal,03 - At intersection,01 - Daylight,03 - P.D. only,05 - Turning movement,Centretown
9826,METCALFE ST @ LAURIER AVE,367792.7154,5031451.525,-75.69509017,45.42016259,2016-09-09,21:12,01 - Clear,01 - Dry,01 - Traffic signal,03 - At intersection,07 - Dark,02 - Non-fatal injury,05 - Turning movement,Downtown
9827,METCALFE ST @ LAURIER AVE,367792.4839,5031452.704,-75.69509297,45.42017322,2016-06-10,11:02,01 - Clear,01 - Dry,01 - Traffic signal,02 - Intersection related,01 - Daylight,03 - P.D. only,06 - SMV unattended vehicle,Downtown
9828,METCALFE ST @ LAURIER AVE,367793.5376,5031450.334,-75.69507981,45.4201518,2016-12-26,17:06,04 - Freezing Rain,06 - Ice,01 - Traffic signal,03 - At intersection,07 - Dark,03 - P.D. only,02 - Angle,Downtown
9829,METCALFE ST @ NEPEAN ST,367874.3236,5031320.355,-75.69406429,45.41897501,2016-06-03,17:15,01 - Clear,01 - Dry,02 - Stop sign,03 - At intersection,01 - Daylight,03 - P.D. only,02 - Angle,Centretown
9830,METCALFE ST @ NEPEAN ST,367874.0556,5031319.354,-75.69406784,45.41896603,2016-10-12,10:10,01 - Clear,01 - Dry,02 - Stop sign,03 - At intersection,01 - Daylight,03 - P.D. only,02 - Angle,Centretown
9831,METCALFE ST @ PRETORIA AVE,368493.6156,5030333.084,-75.68627964,45.41003578,2016-12-09,8:05,01 - Clear,05 - Packed snow,02 - Stop sign,02 - Intersection related,01 - Daylight,03 - P.D. only,03 - Rear end,The Glebe
9832,METCALFE ST @ QUEEN ST,367648.702,5031680.846,-75.69690091,45.4222389,2016-08-15,17:47,01 - Clear,01 - Dry,01 - Traffic signal,02 - Intersection related,01 - Daylight,02 - Non-fatal injury,03 - Rear end,Downtown
9833,METCALFE ST @ SLATER ST,367731.4928,5031549.76,-75.69585983,45.42105199,2016-05-25,15:33,01 - Clear,01 - Dry,01 - Traffic signal,03 - At intersection,01 - Daylight,02 - Non-fatal injury,07 - SMV other,Downtown
9834,METCALFE ST @ SLATER ST,367732.824,5031549.35,-75.69584288,45.42104818,2016-06-19,23:07,01 - Clear,01 - Dry,01 - Traffic signal,03 - At intersection,07 - Dark,03 - P.D. only,02 - Angle,Downtown
9835,METCALFE ST @ SLATER ST,367731.6966,5031549.162,-75.6958573,45.42104659,2016-12-15,12:58,01 - Clear,02 - Wet,01 - Traffic signal,02 - Intersection related,01 - Daylight,03 - P.D. only,04 - Sideswipe,Downtown
9836,METCALFE ST @ SOMERSET ST,368010.2652,5031104.134,-75.69235519,45.41701726,2016-09-02,13:51,01 - Clear,01 - Dry,01 - Traffic signal,02 - Intersection related,01 - Daylight,03 - P.D. only,04 - Sideswipe,Centretown
9837,METCALFE ST @ WELLINGTON ST,367564.7525,5031817.345,-75.69795614,45.42347461,2016-02-17,8:33,03 - Snow,05 - Packed snow,01 - Traffic signal,02 - Intersection related,01 - Daylight,03 - P.D. only,03 - Rear end,Downtown
9838,METCALFE ST btwn CATHERINE ST & CATHERINE ST,368398.9766,5030479.207,-75.68746973,45.41135915,2016-02-14,13:30,01 - Clear,06 - Ice,10 - No control,01 - Non intersection,01 - Daylight,03 - P.D. only,03 - Rear end,Centretown
9839,METCALFE ST btwn COOPER ST & SOMERSET ST W,367997.3124,5031123.673,-75.69251817,45.41719424,2016-02-11,17:10,01 - Clear,04 - Slush,10 - No control,01 - Non intersection,07 - Dark,03 - P.D. only,04 - Sideswipe,Centretown
9840,METCALFE ST btwn FRANK ST & GLADSTONE AVE,368227.8577,5030753.862,-75.68962035,45.41384594,2016-11-22,21:52,01 - Clear,01 - Dry,10 - No control,01 - Non intersection,07 - Dark,03 - P.D. only,04 - Sideswipe,Centretown
9841,METCALFE ST btwn LAURIER AVE W & GLOUCESTER ST,367832.0309,5031388.709,-75.69459589,45.41959385,2016-01-21,9:50,01 - Clear,02 - Wet,10 - No control,01 - Non intersection,01 - Daylight,03 - P.D. only,04 - Sideswipe,Downtown
9842,METCALFE ST btwn LEWIS ST & WAVERLEY ST,368127.9569,5030912.818,-75.69087617,45.41528522,2016-10-15,16:40,01 - Clear,01 - Dry,10 - No control,01 - Non intersection,01 - Daylight,03 - P.D. only,04 - Sideswipe,Centretown
9843,METCALFE ST btwn LISGAR ST & COOPER ST,367919.9678,5031243.525,-75.69349096,45.41827961,2016-07-27,11:58,01 - Clear,01 - Dry,10 - No control,01 - Non intersection,01 - Daylight,03 - P.D. only,04 - Sideswipe,Centretown
9844,METCALFE ST btwn MACLAREN ST & GILMOUR ST,368055.2018,5031027.5,-75.69179093,45.41632367,2016-07-20,20:00,01 - Clear,01 - Dry,10 - No control,01 - Non intersection,01 - Daylight,03 - P.D. only,06 - SMV unattended vehicle,Centretown
9845,METCALFE ST btwn SLATER ST & LAURIER AVE W,367767.0424,5031493.154,-75.69541286,45.42053947,2016-08-29,16:47,01 - Clear,01 - Dry,10 - No control,01 - Non intersection,01 - Daylight,03 - P.D. only,06 - SMV unattended vehicle,Downtown
9846,METCALFE ST btwn SPARKS ST & QUEEN ST,367611.5071,5031741.08,-75.69736847,45.4227842,2016-03-28,11:00,01 - Clear,05 - Packed snow,10 - No control,01 - Non intersection,01 - Daylight,03 - P.D. only,06 - SMV unattended vehicle,Downtown
9847,MICHAEL COWPLAND DR @ TERENCE MATTHEWS CRES E,354230.9565,5016511.224,-75.86986165,45.28681764,2016-10-20,9:20,02 - Rain,02 - Wet,02 - Stop sign,03 - At intersection,01 - Daylight,03 - P.D. only,02 - Angle,Glen Cairn - Kanata South Business Park
9848,MICHAEL COWPLAND DR btwn TERENCE MATTHEWS CRES & EAGLESON RD,354362.3987,5016617.08,-75.86817557,45.2877609,2016-07-15,20:22,01 - Clear,02 - Wet,10 - No control,01 - Non intersection,01 - Daylight,03 - P.D. only,03 - Rear end,Glen Cairn - Kanata South Business Park
9849,MICHAEL ST @ BELFAST RD,373132.0703,5030678.342,-75.6269797,45.41270474,2016-01-28,10:31,03 - Snow,04 - Slush,02 - Stop sign,02 - Intersection related,01 - Daylight,03 - P.D. only,03 - Rear end,Industrial Park
9850,MICHAEL ST btwn KENASTON ST & BELFAST RD,373114.9488,5030718.876,-75.6271928,45.41307112,2016-08-15,14:15,01 - Clear,01 - Dry,10 - No control,04 - At/near private drive,01 - Daylight,03 - P.D. only,02 - Angle,Industrial Park
9851,MIDSUMMER TER E @ WILDFLOWER DR E,382685.5014,5036128.945,-75.50407872,45.46074674,2016-08-18,0:21,01 - Clear,01 - Dry,02 - Stop sign,03 - At intersection,07 - Dark,02 - Non-fatal injury,07 - SMV other,Queenswood Heights
9852,MILL ST btwn MANOTICK MAIN ST & DICKINSON ST,368897.8029,5009904.239,-75.68376,45.22618411,2016-10-05,0:00,01 - Clear,01 - Dry,10 - No control,04 - At/near private drive,00 - Unknown,03 - P.D. only,06 - SMV unattended vehicle,Manotick
9853,MILLCRAFT CRES btwn IRWIN MILLER ST & IRWIN MILLER ST,371168.1836,5032704.9,-75.65179478,45.43112785,2016-11-20,0:00,03 - Snow,03 - Loose snow,10 - No control,01 - Non intersection,00 - Unknown,03 - P.D. only,06 - SMV unattended vehicle,Vanier South
9854,MILTON RD @ NAVAN RD,387268.1302,5031813.619,-75.44621347,45.42139584,2016-01-27,8:04,01 - Clear,02 - Wet,02 - Stop sign,03 - At intersection,01 - Daylight,02 - Non-fatal injury,03 - Rear end,Navan - Vars
9855,MILTON RD @ SMITH RD,387573.9153,5031062.297,-75.44243299,45.41460006,2016-02-18,18:29,01 - Clear,06 - Ice,02 - Stop sign,03 - At intersection,07 - Dark,03 - P.D. only,05 - Turning movement,Navan - Vars
9856,MILTON RD btwn PERRAULT RD & RUSSELL RD,388690.9263,5028162.211,-75.42865722,45.38837493,2016-12-14,20:54,03 - Snow,05 - Packed snow,10 - No control,01 - Non intersection,07 - Dark,02 - Non-fatal injury,07 - SMV other,Navan - Vars
9857,MILTON RD btwn PERRAULT RD & RUSSELL RD,388690.9263,5028155.586,-75.42865834,45.38831532,2016-12-26,23:12,02 - Rain,04 - Slush,10 - No control,01 - Non intersection,07 - Dark,02 - Non-fatal injury,07 - SMV other,Navan - Vars
9858,MILTON RD btwn SMITH RD & PERRAULT RD,388188.2642,5029474.594,-75.43485361,45.40024252,2016-01-29,18:43,05 - Drifting Snow,03 - Loose snow,10 - No control,01 - Non intersection,07 - Dark,03 - P.D. only,07 - SMV other,Navan - Vars
9859,MILTON RD btwn SMITH RD & PERRAULT RD,387644.8142,5030877.667,-75.44155834,45.41293055,2016-11-21,16:36,03 - Snow,03 - Loose snow,10 - No control,01 - Non intersection,05 - Dusk,03 - P.D. only,04 - Sideswipe,Navan - Vars
9860,MIRAMICHI ST @ WOODROFFE AVE,362330.267,5024318.744,-75.76571381,45.35645326,2016-09-16,12:07,01 - Clear,01 - Dry,02 - Stop sign,02 - Intersection related,01 - Daylight,03 - P.D. only,03 - Rear end,Iris
9861,MIRAMICHI ST @ WOODROFFE AVE,362332.5153,5024318.922,-75.7656851,45.35645468,2016-11-05,16:29,01 - Clear,01 - Dry,02 - Stop sign,02 - Intersection related,05 - Dusk,03 - P.D. only,03 - Rear end,Iris
9862,MIRAMICHI ST @ WOODROFFE AVE,362332.3635,5024318.282,-75.76568711,45.35644894,2016-05-27,19:15,01 - Clear,01 - Dry,02 - Stop sign,02 - Intersection related,01 - Daylight,03 - P.D. only,03 - Rear end,Iris
9863,MIRAMICHI ST @ WOODROFFE AVE,362332.8145,5024317.38,-75.76568146,45.35644078,2016-06-02,8:05,01 - Clear,01 - Dry,02 - Stop sign,02 - Intersection related,01 - Daylight,03 - P.D. only,03 - Rear end,Iris
9864,MISS OTTAWA ST @ MONTREAL RD,375795.2433,5034648.171,-75.59238649,45.44815783,2016-11-24,16:25,03 - Snow,03 - Loose snow,01 - Traffic signal,03 - At intersection,05 - Dusk,03 - P.D. only,03 - Rear end,Beacon Hill North
9865,MITCH OWENS RD @ DOZOIS RD/LIMEBANK RD,371674.8524,5012108.193,-75.64810381,45.24575677,2016-06-20,14:30,01 - Clear,01 - Dry,01 - Traffic signal,03 - At intersection,01 - Daylight,02 - Non-fatal injury,07 - SMV other,Manotick
9866,MITCH OWENS RD @ STAGECOACH RD,375398.4167,5014484.99,-75.60033864,45.26677888,2016-08-28,13:40,01 - Clear,01 - Dry,01 - Traffic signal,02 - Intersection related,01 - Daylight,02 - Non-fatal injury,03 - Rear end,Osgoode
9867,MITCH OWENS RD @ STAGECOACH RD,375400.5829,5014484.044,-75.60031118,45.26677015,2016-09-30,13:57,01 - Clear,01 - Dry,01 - Traffic signal,02 - Intersection related,01 - Daylight,02 - Non-fatal injury,03 - Rear end,Osgoode
9868,MITCH OWENS RD @ STAGECOACH RD,375399.9802,5014484.233,-75.60031883,45.26677191,2016-05-29,16:13,01 - Clear,02 - Wet,01 - Traffic signal,02 - Intersection related,01 - Daylight,02 - Non-fatal injury,03 - Rear end,Osgoode
9869,MITCH OWENS RD @ STAGECOACH RD,375399.7547,5014482.388,-75.60032196,45.26675533,2016-11-03,6:15,01 - Clear,01 - Dry,01 - Traffic signal,02 - Intersection related,07 - Dark,02 - Non-fatal injury,03 - Rear end,Osgoode
9870,MITCH OWENS RD @ STAGECOACH RD,375399.5292,5014483.782,-75.60032464,45.2667679,2016-06-01,15:22,01 - Clear,01 - Dry,01 - Traffic signal,02 - Intersection related,01 - Daylight,03 - P.D. only,07 - SMV other,Osgoode
9871,MITCH OWENS RD @ STAGECOACH RD,375400.021,5014485.79,-75.60031809,45.26678592,2016-03-04,9:37,01 - Clear,01 - Dry,01 - Traffic signal,02 - Intersection related,01 - Daylight,03 - P.D. only,02 - Angle,Osgoode
9872,MITCH OWENS RD @ STAGECOACH RD,375399.5302,5014483.785,-75.60032463,45.26676793,2016-04-18,16:08,01 - Clear,01 - Dry,01 - Traffic signal,02 - Intersection related,01 - Daylight,03 - P.D. only,03 - Rear end,Osgoode
9873,MITCH OWENS RD @ STAGECOACH RD,375400.9266,5014482.896,-75.60030696,45.26675979,2016-06-30,14:47,01 - Clear,01 - Dry,01 - Traffic signal,02 - Intersection related,01 - Daylight,03 - P.D. only,03 - Rear end,Osgoode
9874,MITCH OWENS RD @ STAGECOACH RD,375399.0961,5014484.678,-75.60033003,45.266776,2016-12-08,20:14,03 - Snow,03 - Loose snow,01 - Traffic signal,02 - Intersection related,07 - Dark,03 - P.D. only,02 - Angle,Osgoode
9875,MITCH OWENS RD btwn 8TH LINE RD & ANDERSON RD,382448.1011,5018823.105,-75.50983592,45.30506784,2016-11-22,7:26,05 - Drifting Snow,06 - Ice,10 - No control,01 - Non intersection,01 - Daylight,03 - P.D. only,07 - SMV other,Metcalfe
9876,MITCH OWENS RD btwn ALBION RD & TRANQUIL GT,375919.7087,5014813.085,-75.59364948,45.26967845,2016-06-22,8:35,01 - Clear,01 - Dry,10 - No control,01 - Non intersection,01 - Daylight,03 - P.D. only,03 - Rear end,Osgoode
9877,MITCH OWENS RD btwn BLACKCREEK RD & BOUNDARY RD,388022.7679,5022136.383,-75.43820325,45.33423963,2016-11-14,21:52,01 - Clear,01 - Dry,10 - No control,01 - Non intersection,07 - Dark,03 - P.D. only,07 - SMV other,Metcalfe
9878,MITCH OWENS RD btwn DOWNEY RD & MANOTICK STATION RD,373465.8612,5013235.638,-75.62513565,45.25572883,2016-12-10,22:25,01 - Clear,01 - Dry,10 - No control,01 - Non intersection,07 - Dark,03 - P.D. only,07 - SMV other,Manotick
9879,MITCH OWENS RD btwn EMERALD LINKS DR & STAGECOACH RD,375144.3619,5014322.807,-75.60359873,45.26534506,2016-04-01,19:59,01 - Clear,01 - Dry,10 - No control,01 - Non intersection,07 - Dark,03 - P.D. only,07 - SMV other,Osgoode
9880,MITCH OWENS RD btwn LIMEBANK RD & DOWNEY RD,371860.0912,5012227.766,-75.64572825,45.24681505,2016-03-22,11:30,01 - Clear,01 - Dry,10 - No control,01 - Non intersection,01 - Daylight,03 - P.D. only,99 - Other,Manotick