Record,Location,X,Y,lon,lat,Date,Time,Environment,Road_Surface,Traffic_Control,Collision_Location,Light,Collision_Classification,Impact_type,Neighborhood
9881,MITCH OWENS RD btwn MANOTICK STATION RD & BOWESVILLE RD,373752.8941,5013427.048,-75.62145247,45.25742302,2016-12-09,8:09,01 - Clear,06 - Ice,10 - No control,01 - Non intersection,01 - Daylight,01 - Fatal injury,01 - Approaching,Osgoode
9882,MITCH OWENS RD btwn MANOTICK STATION RD & BOWESVILLE RD,374014.5321,5013598.269,-75.61809541,45.25893794,2016-08-05,14:25,01 - Clear,01 - Dry,10 - No control,01 - Non intersection,01 - Daylight,01 - Fatal injury,03 - Rear end,Greely
9883,MITCH OWENS RD btwn MANOTICK STATION RD & BOWESVILLE RD,373761.5,5013432.03,-75.62134214,45.25746701,2016-02-26,7:20,01 - Clear,05 - Packed snow,10 - No control,04 - At/near private drive,01 - Daylight,03 - P.D. only,03 - Rear end,Greely
9884,MITCH OWENS RD btwn MANOTICK STATION RD & BOWESVILLE RD,373760.1212,5013433.637,-75.62135948,45.2574816,2016-01-08,11:48,01 - Clear,01 - Dry,10 - No control,04 - At/near private drive,01 - Daylight,03 - P.D. only,03 - Rear end,Osgoode
9885,MITCH OWENS RD btwn OLD PRESCOTT RD & TURN LANE,377114.3136,5015564.732,-75.5783179,45.27631968,2016-09-12,20:08,01 - Clear,01 - Dry,10 - No control,01 - Non intersection,07 - Dark,03 - P.D. only,99 - Other,Greely
9886,MITCH OWENS RD btwn RIVER RD & SPRATT RD,369566.6971,5010809.169,-75.67512521,45.23426541,2016-09-09,14:47,01 - Clear,01 - Dry,10 - No control,04 - At/near private drive,01 - Daylight,03 - P.D. only,02 - Angle,Manotick
9887,MITCH OWENS RD btwn RIVER RD & SPRATT RD,369541.294,5010796.467,-75.67545036,45.23415346,2016-11-11,11:43,01 - Clear,01 - Dry,10 - No control,04 - At/near private drive,01 - Daylight,03 - P.D. only,02 - Angle,Manotick
9888,MITCH OWENS RD btwn SPRATT RD & LIMEBANK RD,370566.1979,5011429.34,-75.66231484,45.239753,2016-03-02,15:21,01 - Clear,01 - Dry,10 - No control,04 - At/near private drive,01 - Daylight,03 - P.D. only,04 - Sideswipe,Manotick
9889,MITCH OWENS RD btwn SPRATT RD & LIMEBANK RD,369979.2948,5011061.513,-75.66983782,45.23649791,2016-06-17,10:35,01 - Clear,01 - Dry,10 - No control,01 - Non intersection,01 - Daylight,03 - P.D. only,07 - SMV other,Manotick
9890,MITCH OWENS RD btwn SPRATT RD & LIMEBANK RD,369975.4215,5011058.415,-75.66988755,45.23647039,2016-11-16,20:48,01 - Clear,01 - Dry,10 - No control,01 - Non intersection,07 - Dark,03 - P.D. only,07 - SMV other,Manotick
9891,MITCH OWENS RD btwn STAGECOACH RD & TEENA COLLEEN PRIV,375412.6453,5014493.833,-75.60015609,45.26685702,2016-06-30,17:56,01 - Clear,01 - Dry,10 - No control,01 - Non intersection,01 - Daylight,02 - Non-fatal injury,03 - Rear end,Osgoode
9892,MITCH OWENS RD btwn TURN LANE & SALE BARN RD,378518.3757,5016436.012,-75.56029542,45.28401327,2016-02-19,23:35,03 - Snow,03 - Loose snow,10 - No control,01 - Non intersection,07 - Dark,03 - P.D. only,07 - SMV other,Osgoode
9893,MITCH OWENS RD/BRIDGE ST @ RIVER RD,369500.6621,5010771.132,-75.67597109,45.23392923,2016-07-27,15:00,01 - Clear,01 - Dry,01 - Traffic signal,02 - Intersection related,01 - Daylight,02 - Non-fatal injury,03 - Rear end,Manotick
9894,MITCH OWENS RD/BRIDGE ST @ RIVER RD,369488.354,5010775.958,-75.67612721,45.23397378,2016-10-23,11:39,01 - Clear,01 - Dry,01 - Traffic signal,02 - Intersection related,01 - Daylight,03 - P.D. only,07 - SMV other,Manotick
9895,MITCH OWENS RD/BRIDGE ST @ RIVER RD,369500.9478,5010770.768,-75.6759675,45.23392593,2016-01-18,16:08,01 - Clear,02 - Wet,01 - Traffic signal,02 - Intersection related,01 - Daylight,03 - P.D. only,03 - Rear end,Manotick
9896,MITCH OWENS RD/BRIDGE ST @ RIVER RD,369500.0697,5010769.89,-75.6759788,45.23391811,2016-07-27,12:34,01 - Clear,01 - Dry,01 - Traffic signal,03 - At intersection,01 - Daylight,03 - P.D. only,05 - Turning movement,Manotick
9897,MITCH OWENS RD/BRIDGE ST @ RIVER RD,369500.3906,5010771.031,-75.67597457,45.23392835,2016-09-19,16:16,01 - Clear,01 - Dry,01 - Traffic signal,02 - Intersection related,01 - Daylight,03 - P.D. only,03 - Rear end,Manotick
9898,MOCKINGBIRD DR btwn LAWNSBERRY DR & WARBLER BAY,382196.5102,5038889.32,-75.50989568,45.48563654,2016-07-24,13:53,01 - Clear,01 - Dry,10 - No control,04 - At/near private drive,01 - Daylight,03 - P.D. only,06 - SMV unattended vehicle,Chatelaine Village
9899,MOFFATT POND CRT/COBBLE HILL DR @ ANJANA CIRC,361736.6215,5014022.025,-75.77447325,45.26385172,2016-01-24,13:51,01 - Clear,01 - Dry,02 - Stop sign,03 - At intersection,01 - Daylight,03 - P.D. only,02 - Angle,Munster Hamlet - Richmond
9900,MOFFATT POND CRT/COBBLE HILL DR @ ANJANA CIRC,361736.4343,5014022.332,-75.7744756,45.2638545,2016-11-02,9:26,01 - Clear,01 - Dry,02 - Stop sign,03 - At intersection,01 - Daylight,03 - P.D. only,02 - Angle,Munster Hamlet - Richmond
9901,MOHRS RD btwn GALETTA SIDE RD & RIDDLEDALE RD,324459.5365,5031134.369,-76.2487953,45.4198685,2016-01-17,18:57,05 - Drifting Snow,05 - Packed snow,10 - No control,01 - Non intersection,07 - Dark,02 - Non-fatal injury,07 - SMV other,Moh
9902,MONK ST @ THORNTON AVE,368370.0518,5029295.778,-75.68799181,45.40071367,2016-01-19,12:20,01 - Clear,05 - Packed snow,02 - Stop sign,03 - At intersection,01 - Daylight,03 - P.D. only,02 - Angle,The Glebe
9903,MONSON CRES btwn FILLMORE CRES & FILLMORE CRES,375318.5085,5036174.757,-75.59826148,45.46194138,2016-09-16,7:11,01 - Clear,01 - Dry,10 - No control,04 - At/near private drive,01 - Daylight,03 - P.D. only,06 - SMV unattended vehicle,Beacon Hill North
9904,MONTAGUE BOUNDARY RD btwn MCKENNA RD & PINERY RD (MONTAGUE TWP),351054.2781,4988872.889,-75.91291521,45.0383305,2016-10-30,18:25,01 - Clear,01 - Dry,10 - No control,01 - Non intersection,07 - Dark,03 - P.D. only,07 - SMV other,Goulbourn
9905,MONTAVISTA AVE btwn BENLARK RD & BARTLEY CRES,363755.7819,5014918.928,-75.74863939,45.27175575,2016-03-11,15:30,01 - Clear,01 - Dry,10 - No control,04 - At/near private drive,01 - Daylight,03 - P.D. only,99 - Other,Barrhaven West - Old Barrhaven
9906,MONTCALM ST btwn GREENFIELD AVE & CONCORD ST N,369067.5199,5031006.583,-75.67886064,45.41604322,2016-11-08,7:15,01 - Clear,01 - Dry,10 - No control,01 - Non intersection,01 - Daylight,03 - P.D. only,06 - SMV unattended vehicle,Old Ottawa East
9907,MONTEBELLO LANE btwn MORTON DR & MORTON DR,353031.1792,5016594.431,-75.88514724,45.28764972,2016-05-09,15:30,01 - Clear,01 - Dry,10 - No control,01 - Non intersection,01 - Daylight,03 - P.D. only,06 - SMV unattended vehicle,Glen Cairn - Kanata South Business Park
9908,MONTEROSSA ST btwn UPCOUNTRY DR & EVELYN POWERS PRIV,350971.8485,5011929.011,-75.91183196,45.24580704,2016-11-03,17:11,01 - Clear,01 - Dry,10 - No control,04 - At/near private drive,07 - Dark,03 - P.D. only,06 - SMV unattended vehicle,Stittsville
9909,MONTGOMERY ST @ MONTREAL RD,369813.054,5032920.369,-75.66908344,45.43319384,2016-05-18,12:41,01 - Clear,01 - Dry,01 - Traffic signal,02 - Intersection related,01 - Daylight,03 - P.D. only,03 - Rear end,Vanier South
9910,MONTGOMERY ST @ MONTREAL RD,369813.4931,5032920.808,-75.66907777,45.43319775,2016-06-01,16:00,01 - Clear,01 - Dry,01 - Traffic signal,02 - Intersection related,01 - Daylight,03 - P.D. only,04 - Sideswipe,Vanier South
9911,MONTGOMERY ST @ SELKIRK ST,370012.464,5032784.96,-75.66655303,45.43195692,2016-01-16,9:41,03 - Snow,03 - Loose snow,02 - Stop sign,02 - Intersection related,01 - Daylight,03 - P.D. only,05 - Turning movement,Vanier South
9912,MONTGOMERY ST btwn MONTREAL RD & SELKIRK ST,369896.4937,5032864.179,-75.66802456,45.4326805,2016-05-20,15:25,01 - Clear,01 - Dry,10 - No control,04 - At/near private drive,01 - Daylight,03 - P.D. only,03 - Rear end,Vanier South
9913,MONTGOMERY ST btwn MONTREAL RD & SELKIRK ST,370004.9078,5032789.195,-75.66664903,45.43199573,2016-12-16,18:32,03 - Snow,03 - Loose snow,10 - No control,04 - At/near private drive,07 - Dark,03 - P.D. only,02 - Angle,Vanier South
9914,MONTPELIER PL @ PAGE RD,381390.8307,5033381.409,-75.52105896,45.43616974,2016-06-09,9:42,01 - Clear,01 - Dry,02 - Stop sign,02 - Intersection related,01 - Daylight,02 - Non-fatal injury,07 - SMV other,Chapel Hill South
9915,MONTREAL RD @ 46 E OF HILLSIDE DR/MONTREAL SQU,371750.3974,5033916.61,-75.64418995,45.44197475,2016-07-12,13:56,01 - Clear,01 - Dry,01 - Traffic signal,03 - At intersection,01 - Daylight,02 - Non-fatal injury,07 - SMV other,Cummings
9916,MONTREAL RD @ 46 E OF HILLSIDE DR/MONTREAL SQU,371749.6179,5033916.892,-75.64419987,45.44197737,2016-05-04,7:52,01 - Clear,01 - Dry,01 - Traffic signal,02 - Intersection related,01 - Daylight,03 - P.D. only,99 - Other,Cummings
9917,MONTREAL RD @ 46 E OF HILLSIDE DR/MONTREAL SQU,371750.1321,5033917.07,-75.64419327,45.44197892,2016-09-14,16:45,01 - Clear,01 - Dry,01 - Traffic signal,02 - Intersection related,01 - Daylight,03 - P.D. only,03 - Rear end,Cummings
9918,MONTREAL RD @ BATHGATE DR/BURMA RD,373224.0565,5034516.814,-75.62527126,45.44723239,2016-03-18,18:47,01 - Clear,01 - Dry,01 - Traffic signal,03 - At intersection,05 - Dusk,02 - Non-fatal injury,05 - Turning movement,Carson Grove - Carson Meadows
9919,MONTREAL RD @ BATHGATE DR/BURMA RD,373224.7097,5034516.427,-75.62526296,45.44722884,2016-01-07,13:16,01 - Clear,02 - Wet,01 - Traffic signal,03 - At intersection,01 - Daylight,02 - Non-fatal injury,05 - Turning movement,Carson Grove - Carson Meadows
9920,MONTREAL RD @ BATHGATE DR/BURMA RD,373224.7097,5034516.928,-75.62526289,45.44723335,2016-01-29,8:46,03 - Snow,02 - Wet,01 - Traffic signal,02 - Intersection related,01 - Daylight,02 - Non-fatal injury,07 - SMV other,Carson Grove - Carson Meadows
9921,MONTREAL RD @ BATHGATE DR/BURMA RD,373224.9684,5034516.496,-75.62525964,45.44722944,2016-12-18,0:16,03 - Snow,05 - Packed snow,01 - Traffic signal,02 - Intersection related,07 - Dark,02 - Non-fatal injury,02 - Angle,Carson Grove - Carson Meadows
9922,MONTREAL RD @ BATHGATE DR/BURMA RD,373224.9684,5034516.203,-75.62525968,45.4472268,2016-02-25,18:10,04 - Freezing Rain,06 - Ice,01 - Traffic signal,03 - At intersection,05 - Dusk,03 - P.D. only,05 - Turning movement,Carson Grove - Carson Meadows
9923,MONTREAL RD @ BATHGATE DR/BURMA RD,373224.6249,5034516.989,-75.62526397,45.44723391,2016-02-26,1:50,01 - Clear,06 - Ice,01 - Traffic signal,02 - Intersection related,07 - Dark,03 - P.D. only,03 - Rear end,Carson Grove - Carson Meadows
9924,MONTREAL RD @ BATHGATE DR/BURMA RD,373224.5029,5034517.251,-75.62526549,45.44723628,2016-02-14,0:39,01 - Clear,02 - Wet,01 - Traffic signal,03 - At intersection,07 - Dark,03 - P.D. only,02 - Angle,Carson Grove - Carson Meadows
9925,MONTREAL RD @ BATHGATE DR/BURMA RD,373225.2468,5034517.954,-75.62525588,45.44724253,2016-01-29,8:30,03 - Snow,04 - Slush,01 - Traffic signal,03 - At intersection,01 - Daylight,03 - P.D. only,07 - SMV other,Carson Grove - Carson Meadows
9926,MONTREAL RD @ BETHAMY LANE/FOXBOROUGH PRIV,375321.7256,5034343.7,-75.59848289,45.44546632,2016-01-05,12:17,01 - Clear,02 - Wet,01 - Traffic signal,02 - Intersection related,01 - Daylight,03 - P.D. only,03 - Rear end,Beacon Hill South - Cardinal Heights
9927,MONTREAL RD @ BETHAMY LANE/FOXBOROUGH PRIV,375319.5873,5034347.774,-75.59850964,45.44550319,2016-01-11,8:56,01 - Clear,06 - Ice,01 - Traffic signal,02 - Intersection related,01 - Daylight,03 - P.D. only,03 - Rear end,Beacon Hill South - Cardinal Heights
9928,MONTREAL RD @ BETHAMY LANE/FOXBOROUGH PRIV,375320.8974,5034346.818,-75.59849303,45.44549446,2016-12-12,16:14,03 - Snow,05 - Packed snow,01 - Traffic signal,03 - At intersection,05 - Dusk,03 - P.D. only,03 - Rear end,Beacon Hill South - Cardinal Heights
9929,MONTREAL RD @ BORTHWICK AVE,371943.782,5034009.851,-75.64170552,45.44279514,2016-07-08,14:45,01 - Clear,01 - Dry,02 - Stop sign,02 - Intersection related,01 - Daylight,02 - Non-fatal injury,03 - Rear end,Cummings
9930,MONTREAL RD @ BORTHWICK AVE,371941.1329,5034011.351,-75.64173917,45.44280889,2016-07-21,17:20,01 - Clear,01 - Dry,02 - Stop sign,03 - At intersection,01 - Daylight,03 - P.D. only,02 - Angle,Cummings
9931,MONTREAL RD @ CARSON'S RD/CODD'S RD,372770.7184,5034398.137,-75.63108242,45.44620883,2016-03-02,8:19,03 - Snow,04 - Slush,01 - Traffic signal,02 - Intersection related,01 - Daylight,03 - P.D. only,03 - Rear end,Carson Grove - Carson Meadows
9932,MONTREAL RD @ CARSON'S RD/CODD'S RD,372770.7184,5034397.339,-75.63108253,45.44620165,2016-12-08,18:13,01 - Clear,06 - Ice,01 - Traffic signal,02 - Intersection related,07 - Dark,03 - P.D. only,03 - Rear end,Carson Grove - Carson Meadows
9933,MONTREAL RD @ DEN HAAG DR/LANG'S RD,372386.718,5034221.851,-75.63601502,45.44465993,2016-08-17,13:15,01 - Clear,01 - Dry,01 - Traffic signal,02 - Intersection related,01 - Daylight,02 - Non-fatal injury,03 - Rear end,Carson Grove - Carson Meadows
9934,MONTREAL RD @ DEN HAAG DR/LANG'S RD,372386.3814,5034218.897,-75.63601973,45.44463338,2016-10-14,8:58,01 - Clear,01 - Dry,01 - Traffic signal,02 - Intersection related,01 - Daylight,02 - Non-fatal injury,03 - Rear end,Carson Grove - Carson Meadows
9935,MONTREAL RD @ DEN HAAG DR/LANG'S RD,372386.4985,5034221.364,-75.63601789,45.44465557,2016-02-17,16:45,03 - Snow,03 - Loose snow,01 - Traffic signal,02 - Intersection related,01 - Daylight,03 - P.D. only,03 - Rear end,Carson Grove - Carson Meadows
9936,MONTREAL RD @ DEN HAAG DR/LANG'S RD,372387.1706,5034220.635,-75.6360094,45.44464895,2016-03-15,9:23,01 - Clear,02 - Wet,01 - Traffic signal,03 - At intersection,01 - Daylight,03 - P.D. only,04 - Sideswipe,Carson Grove - Carson Meadows
9937,MONTREAL RD @ DEN HAAG DR/LANG'S RD,372387.3998,5034220.675,-75.63600647,45.44464928,2016-07-16,6:55,01 - Clear,01 - Dry,01 - Traffic signal,03 - At intersection,01 - Daylight,03 - P.D. only,99 - Other,Carson Grove - Carson Meadows
9938,MONTREAL RD @ DUCHARME BLVD/CANTIN ST,371017.4425,5033565.328,-75.65360535,45.43888389,2016-01-21,7:09,01 - Clear,04 - Slush,01 - Traffic signal,03 - At intersection,03 - Dawn,02 - Non-fatal injury,07 - SMV other,Vanier South
9939,MONTREAL RD @ DUCHARME BLVD/CANTIN ST,371017.3249,5033565.811,-75.65360679,45.43888824,2016-08-17,15:05,01 - Clear,01 - Dry,01 - Traffic signal,03 - At intersection,01 - Daylight,03 - P.D. only,04 - Sideswipe,Vanier South
9940,MONTREAL RD @ DUCHARME BLVD/CANTIN ST,371017.798,5033565.825,-75.65360074,45.43888833,2016-06-18,6:56,01 - Clear,01 - Dry,01 - Traffic signal,03 - At intersection,01 - Daylight,03 - P.D. only,02 - Angle,Vanier South
9941,MONTREAL RD @ FOXVIEW PL/DESLOGES PRIV,372904.722,5034450.464,-75.62936232,45.4466666,2016-06-16,15:01,01 - Clear,01 - Dry,02 - Stop sign,03 - At intersection,01 - Daylight,03 - P.D. only,05 - Turning movement,Carson Grove - Carson Meadows
9942,MONTREAL RD @ GRANVILLE ST/LAFONTAINE AVE,370825.9629,5033475.717,-75.65606461,45.43809572,2016-04-18,12:58,01 - Clear,01 - Dry,01 - Traffic signal,03 - At intersection,01 - Daylight,02 - Non-fatal injury,07 - SMV other,Vanier South
9943,MONTREAL RD @ GRANVILLE ST/LAFONTAINE AVE,370826.4889,5033473.918,-75.65605812,45.43807948,2016-04-10,17:52,01 - Clear,01 - Dry,01 - Traffic signal,03 - At intersection,01 - Daylight,02 - Non-fatal injury,02 - Angle,Vanier South
9944,MONTREAL RD @ GRANVILLE ST/LAFONTAINE AVE,370826.4939,5033474.372,-75.656058,45.43808356,2016-02-11,15:06,01 - Clear,04 - Slush,01 - Traffic signal,03 - At intersection,01 - Daylight,03 - P.D. only,02 - Angle,Vanier South
9945,MONTREAL RD @ GRANVILLE ST/LAFONTAINE AVE,370826.4528,5033475.812,-75.65605833,45.43809652,2016-05-09,17:16,01 - Clear,01 - Dry,01 - Traffic signal,03 - At intersection,01 - Daylight,03 - P.D. only,05 - Turning movement,Vanier South
9946,MONTREAL RD @ GRANVILLE ST/LAFONTAINE AVE,370826.3395,5033474.321,-75.65605998,45.43808312,2016-04-07,11:06,02 - Rain,02 - Wet,01 - Traffic signal,03 - At intersection,01 - Daylight,03 - P.D. only,05 - Turning movement,Vanier South
9947,MONTREAL RD @ GRANVILLE ST/LAFONTAINE AVE,370825.6425,5033474.859,-75.65606882,45.43808803,2016-08-25,11:17,01 - Clear,01 - Dry,01 - Traffic signal,03 - At intersection,01 - Daylight,03 - P.D. only,03 - Rear end,Vanier South
9948,MONTREAL RD @ MONTFORT HOSPITAL,372221.9829,5034143.849,-75.63813134,45.44397402,2016-02-17,15:56,03 - Snow,03 - Loose snow,01 - Traffic signal,02 - Intersection related,01 - Daylight,02 - Non-fatal injury,03 - Rear end,Carson Grove - Carson Meadows
9949,MONTREAL RD @ MONTFORT HOSPITAL,372222.6138,5034144.626,-75.63812317,45.44398095,2016-04-20,8:44,01 - Clear,01 - Dry,01 - Traffic signal,02 - Intersection related,01 - Daylight,03 - P.D. only,03 - Rear end,Carson Grove - Carson Meadows
9950,MONTREAL RD @ MONTFORT HOSPITAL,372221.7663,5034143.146,-75.6381342,45.44396771,2016-07-11,9:33,01 - Clear,01 - Dry,01 - Traffic signal,02 - Intersection related,01 - Daylight,03 - P.D. only,04 - Sideswipe,Carson Grove - Carson Meadows
9951,MONTREAL RD @ MONTFORT HOSPITAL,372222.1994,5034144.019,-75.63812855,45.44397552,2016-03-24,21:34,03 - Snow,03 - Loose snow,01 - Traffic signal,03 - At intersection,07 - Dark,03 - P.D. only,02 - Angle,Carson Grove - Carson Meadows
9952,MONTREAL RD @ NORTH RIVER RD,369738.5988,5032888.695,-75.67003911,45.43291577,2016-02-27,23:21,01 - Clear,02 - Wet,01 - Traffic signal,03 - At intersection,07 - Dark,02 - Non-fatal injury,02 - Angle,Vanier South
9953,MONTREAL RD @ NORTH RIVER RD,369739.7087,5032887.999,-75.67002502,45.4329094,2016-10-19,10:53,01 - Clear,01 - Dry,01 - Traffic signal,03 - At intersection,01 - Daylight,02 - Non-fatal injury,07 - SMV other,Vanier South
9954,MONTREAL RD @ NORTH RIVER RD,369738.6886,5032888.021,-75.67003805,45.4329097,2016-04-06,18:58,03 - Snow,05 - Packed snow,01 - Traffic signal,02 - Intersection related,05 - Dusk,02 - Non-fatal injury,03 - Rear end,Vanier South
9955,MONTREAL RD @ NORTH RIVER RD,369738.8218,5032888.028,-75.67003635,45.43290975,2016-03-11,21:33,01 - Clear,01 - Dry,01 - Traffic signal,02 - Intersection related,07 - Dark,03 - P.D. only,03 - Rear end,Vanier South
9956,MONTREAL RD @ NORTH RIVER RD,369739.0353,5032886.463,-75.67003382,45.43289565,2016-04-06,19:20,03 - Snow,03 - Loose snow,01 - Traffic signal,02 - Intersection related,01 - Daylight,03 - P.D. only,03 - Rear end,Vanier South
9957,MONTREAL RD @ NORTH RIVER RD,369738.611,5032888.244,-75.67003901,45.43291171,2016-08-01,4:33,01 - Clear,01 - Dry,01 - Traffic signal,02 - Intersection related,07 - Dark,03 - P.D. only,01 - Approaching,Vanier South
9958,MONTREAL RD @ NORTH RIVER RD,369740.0993,5032888.366,-75.67001998,45.43291267,2016-04-19,6:13,01 - Clear,01 - Dry,01 - Traffic signal,02 - Intersection related,01 - Daylight,03 - P.D. only,04 - Sideswipe,Vanier South
9959,MONTREAL RD @ NORTH RIVER RD,369740.3829,5032887.585,-75.67001645,45.43290562,2016-05-20,0:55,01 - Clear,01 - Dry,01 - Traffic signal,03 - At intersection,07 - Dark,03 - P.D. only,07 - SMV other,Vanier South
9960,MONTREAL RD @ NORTH RIVER RD,369740.5369,5032886.343,-75.67001465,45.43289443,2016-10-14,21:54,01 - Clear,01 - Dry,01 - Traffic signal,02 - Intersection related,07 - Dark,03 - P.D. only,03 - Rear end,Vanier South
9961,MONTREAL RD @ NORTH RIVER RD,369740.5369,5032887.999,-75.67001443,45.43290933,2016-11-20,15:00,03 - Snow,03 - Loose snow,01 - Traffic signal,02 - Intersection related,01 - Daylight,03 - P.D. only,03 - Rear end,Vanier South
9962,MONTREAL RD @ NORTH RIVER RD,369739.4892,5032887.365,-75.6700279,45.43290372,2016-12-19,17:49,01 - Clear,02 - Wet,01 - Traffic signal,02 - Intersection related,07 - Dark,03 - P.D. only,02 - Angle,Vanier South
9963,MONTREAL RD @ OGILVIE RD,375654.735,5034555.919,-75.59419583,45.44734206,2016-01-07,7:55,01 - Clear,01 - Dry,01 - Traffic signal,02 - Intersection related,01 - Daylight,02 - Non-fatal injury,07 - SMV other,Beacon Hill South - Cardinal Heights
9964,MONTREAL RD @ OGILVIE RD,375653.9068,5034555.344,-75.5942065,45.44733697,2016-10-01,14:40,01 - Clear,01 - Dry,01 - Traffic signal,02 - Intersection related,01 - Daylight,02 - Non-fatal injury,03 - Rear end,Beacon Hill South - Cardinal Heights
9965,MONTREAL RD @ OGILVIE RD,375654.6601,5034556.51,-75.5941967,45.44734739,2016-10-06,7:00,01 - Clear,01 - Dry,01 - Traffic signal,02 - Intersection related,03 - Dawn,03 - P.D. only,04 - Sideswipe,Beacon Hill South - Cardinal Heights
9966,MONTREAL RD @ OGILVIE RD,375655.806,5034555.783,-75.59418216,45.44734073,2016-09-11,11:17,01 - Clear,01 - Dry,01 - Traffic signal,02 - Intersection related,01 - Daylight,03 - P.D. only,03 - Rear end,Beacon Hill South - Cardinal Heights
9967,MONTREAL RD @ OGILVIE RD,375655.8624,5034555.459,-75.59418148,45.44733781,2016-05-19,15:00,01 - Clear,01 - Dry,01 - Traffic signal,02 - Intersection related,01 - Daylight,03 - P.D. only,03 - Rear end,Beacon Hill South - Cardinal Heights
9968,MONTREAL RD @ OGILVIE RD,375654.4155,5034556.357,-75.59419985,45.44734603,2016-05-17,14:11,01 - Clear,01 - Dry,01 - Traffic signal,02 - Intersection related,01 - Daylight,03 - P.D. only,04 - Sideswipe,Beacon Hill South - Cardinal Heights
9969,MONTREAL RD @ OGILVIE RD,375654.5095,5034556.361,-75.59419865,45.44734606,2016-06-05,13:00,02 - Rain,02 - Wet,01 - Traffic signal,02 - Intersection related,01 - Daylight,03 - P.D. only,03 - Rear end,Beacon Hill South - Cardinal Heights
9970,MONTREAL RD @ OGILVIE RD,375655.8327,5034556.367,-75.59418173,45.44734598,2016-11-14,17:20,01 - Clear,01 - Dry,01 - Traffic signal,02 - Intersection related,07 - Dark,03 - P.D. only,04 - Sideswipe,Beacon Hill South - Cardinal Heights
9971,MONTREAL RD @ OGILVIE RD,375653.9068,5034554.516,-75.59420662,45.44732952,2016-02-18,14:14,01 - Clear,01 - Dry,01 - Traffic signal,02 - Intersection related,01 - Daylight,03 - P.D. only,03 - Rear end,Beacon Hill South - Cardinal Heights
9972,MONTREAL RD @ OLMSTEAD ST,370331.513,5033214.884,-75.66241864,45.43579537,2016-02-06,12:54,01 - Clear,02 - Wet,01 - Traffic signal,03 - At intersection,01 - Daylight,02 - Non-fatal injury,07 - SMV other,Vanier South
9973,MONTREAL RD @ OLMSTEAD ST,370333.3792,5033213.364,-75.66239499,45.43578152,2016-01-07,9:32,01 - Clear,04 - Slush,01 - Traffic signal,02 - Intersection related,01 - Daylight,03 - P.D. only,04 - Sideswipe,Vanier South
9974,MONTREAL RD @ OLMSTEAD ST,370333.2394,5033213.524,-75.66239676,45.43578297,2016-12-23,14:50,01 - Clear,02 - Wet,01 - Traffic signal,03 - At intersection,01 - Daylight,03 - P.D. only,05 - Turning movement,Vanier South
9975,MONTREAL RD @ PALACE ST,369955.4961,5032998.366,-75.66725279,45.43388237,2016-05-25,7:00,01 - Clear,01 - Dry,10 - No control,03 - At intersection,01 - Daylight,02 - Non-fatal injury,05 - Turning movement,Vanier South
9976,MONTREAL RD @ PALACE ST,369955.325,5032997.804,-75.66725505,45.43387733,2016-07-14,17:15,01 - Clear,01 - Dry,10 - No control,03 - At intersection,01 - Daylight,03 - P.D. only,05 - Turning movement,Vanier South
9977,MONTREAL RD @ PALACE ST,369955.9411,5032997.458,-75.66724722,45.43387416,2016-05-17,16:45,01 - Clear,01 - Dry,10 - No control,03 - At intersection,01 - Daylight,03 - P.D. only,05 - Turning movement,Vanier South
9978,MONTREAL RD @ SAVARD AVE,370158.6071,5033114.684,-75.66464168,45.43491,2016-01-19,14:42,01 - Clear,02 - Wet,02 - Stop sign,02 - Intersection related,01 - Daylight,03 - P.D. only,03 - Rear end,Vanier
9979,MONTREAL RD @ SAVARD AVE,370160.4945,5033113.211,-75.66461775,45.43489657,2016-10-08,22:41,01 - Clear,01 - Dry,02 - Stop sign,02 - Intersection related,07 - Dark,03 - P.D. only,03 - Rear end,Vanier
9980,MONTREAL RD @ SHEFFORD RD,376126.266,5034852.236,-75.5881256,45.44996018,2016-10-03,10:00,01 - Clear,01 - Dry,01 - Traffic signal,02 - Intersection related,01 - Daylight,03 - P.D. only,03 - Rear end,Beacon Hill South - Cardinal Heights
9981,MONTREAL RD @ SHEFFORD RD,376124.0742,5034852.332,-75.5881536,45.44996127,2016-10-07,16:10,01 - Clear,01 - Dry,01 - Traffic signal,02 - Intersection related,01 - Daylight,03 - P.D. only,03 - Rear end,Beacon Hill South - Cardinal Heights
9982,MONTREAL RD @ SHEFFORD RD,376124.98,5034853.95,-75.58814179,45.44997573,2016-01-11,16:00,01 - Clear,01 - Dry,01 - Traffic signal,03 - At intersection,05 - Dusk,03 - P.D. only,05 - Turning movement,Beacon Hill South - Cardinal Heights
9983,MONTREAL RD @ SHEFFORD RD,376126.1897,5034853.804,-75.58812635,45.44997429,2016-05-24,5:43,01 - Clear,01 - Dry,01 - Traffic signal,02 - Intersection related,03 - Dawn,03 - P.D. only,07 - SMV other,Beacon Hill South - Cardinal Heights