Record,Location,X,Y,lon,lat,Date,Time,Environment,Road_Surface,Traffic_Control,Collision_Location,Light,Collision_Classification,Impact_type,Neighborhood
9984,MONTREAL RD @ SHEFFORD RD,376126.1897,5034852.886,-75.58812648,45.44996603,2016-07-18,13:55,01 - Clear,01 - Dry,01 - Traffic signal,03 - At intersection,01 - Daylight,03 - P.D. only,05 - Turning movement,Beacon Hill South - Cardinal Heights
9985,MONTREAL RD @ SHEFFORD RD,376126.4047,5034854.024,-75.58812357,45.44997625,2016-05-11,16:07,01 - Clear,01 - Dry,01 - Traffic signal,02 - Intersection related,01 - Daylight,03 - P.D. only,04 - Sideswipe,Beacon Hill South - Cardinal Heights
9986,MONTREAL RD @ SHEFFORD RD,376125.7305,5034854.026,-75.58813218,45.44997634,2016-06-08,9:21,01 - Clear,01 - Dry,01 - Traffic signal,02 - Intersection related,01 - Daylight,03 - P.D. only,04 - Sideswipe,Beacon Hill South - Cardinal Heights
9987,MONTREAL RD @ SHEFFORD RD,376124.0742,5034853.161,-75.58815348,45.44996872,2016-11-10,17:22,01 - Clear,01 - Dry,01 - Traffic signal,02 - Intersection related,07 - Dark,03 - P.D. only,07 - SMV other,Beacon Hill South - Cardinal Heights
9988,MONTREAL RD @ SHEFFORD RD,376125.95,5034853.794,-75.58812941,45.44997423,2016-10-06,11:27,01 - Clear,01 - Dry,01 - Traffic signal,02 - Intersection related,01 - Daylight,03 - P.D. only,04 - Sideswipe,Beacon Hill South - Cardinal Heights
9989,MONTREAL RD @ SHEFFORD RD,376127.585,5034850.445,-75.588109,45.44994393,2016-11-03,20:54,02 - Rain,02 - Wet,01 - Traffic signal,02 - Intersection related,07 - Dark,03 - P.D. only,03 - Rear end,Beacon Hill South - Cardinal Heights
9990,MONTREAL RD @ SHEFFORD RD,376125.7305,5034852.332,-75.58813243,45.4499611,2016-12-22,21:09,01 - Clear,02 - Wet,01 - Traffic signal,02 - Intersection related,07 - Dark,03 - P.D. only,04 - Sideswipe,Beacon Hill South - Cardinal Heights
9991,MONTREAL RD @ SHEFFORD RD,376124.9023,5034854.817,-75.58814266,45.44998354,2016-02-09,8:00,01 - Clear,03 - Loose snow,01 - Traffic signal,02 - Intersection related,01 - Daylight,03 - P.D. only,03 - Rear end,Beacon Hill South - Cardinal Heights
9992,MONTREAL RD @ SINCLAIR ST,375968.1634,5034757.773,-75.59016028,45.44912638,2016-01-21,14:00,01 - Clear,01 - Dry,01 - Traffic signal,03 - At intersection,01 - Daylight,03 - P.D. only,05 - Turning movement,Beacon Hill South - Cardinal Heights
9993,MONTREAL RD @ SINCLAIR ST,375968.0586,5034757.269,-75.59016169,45.44912185,2016-04-26,15:35,01 - Clear,01 - Dry,01 - Traffic signal,02 - Intersection related,01 - Daylight,03 - P.D. only,03 - Rear end,Beacon Hill South - Cardinal Heights
9994,MONTREAL RD @ SINCLAIR ST,375968.5075,5034756.82,-75.59015602,45.44911777,2016-05-01,18:30,02 - Rain,02 - Wet,01 - Traffic signal,02 - Intersection related,01 - Daylight,03 - P.D. only,04 - Sideswipe,Beacon Hill South - Cardinal Heights
9995,MONTREAL RD @ SINCLAIR ST,375967.9038,5034757.009,-75.59016371,45.44911953,2016-12-23,8:50,01 - Clear,02 - Wet,01 - Traffic signal,02 - Intersection related,01 - Daylight,03 - P.D. only,03 - Rear end,Beacon Hill South - Cardinal Heights
9996,MONTREAL RD @ SINCLAIR ST,375968.732,5034757.838,-75.590153,45.4491269,2016-11-30,7:00,02 - Rain,02 - Wet,01 - Traffic signal,02 - Intersection related,03 - Dawn,03 - P.D. only,03 - Rear end,Beacon Hill South - Cardinal Heights
9997,MONTREAL RD @ ST. LAURENT BLVD,371545.9302,5033817.595,-75.64681673,45.44110341,2016-07-31,11:15,01 - Clear,01 - Dry,01 - Traffic signal,02 - Intersection related,01 - Daylight,02 - Non-fatal injury,03 - Rear end,Cummings
9998,MONTREAL RD @ ST. LAURENT BLVD,371547.3592,5033816.352,-75.64679864,45.44109209,2016-10-14,10:16,01 - Clear,01 - Dry,01 - Traffic signal,03 - At intersection,01 - Daylight,02 - Non-fatal injury,07 - SMV other,Cummings
9999,MONTREAL RD @ ST. LAURENT BLVD,371546.3615,5033816.936,-75.64681131,45.44109744,2016-08-21,20:51,01 - Clear,01 - Dry,01 - Traffic signal,03 - At intersection,07 - Dark,02 - Non-fatal injury,05 - Turning movement,Cummings
10000,MONTREAL RD @ ST. LAURENT BLVD,371545.9302,5033818.049,-75.64681667,45.4411075,2016-07-14,13:02,02 - Rain,02 - Wet,01 - Traffic signal,02 - Intersection related,01 - Daylight,02 - Non-fatal injury,07 - SMV other,Cummings
10001,MONTREAL RD @ ST. LAURENT BLVD,371546.6214,5033817.824,-75.64680787,45.44110541,2016-06-04,12:22,01 - Clear,01 - Dry,01 - Traffic signal,02 - Intersection related,01 - Daylight,02 - Non-fatal injury,03 - Rear end,Cummings
10002,MONTREAL RD @ ST. LAURENT BLVD,371545.0443,5033816.936,-75.64682815,45.44109757,2016-10-30,16:13,01 - Clear,01 - Dry,01 - Traffic signal,03 - At intersection,01 - Daylight,02 - Non-fatal injury,02 - Angle,Cummings
10003,MONTREAL RD @ ST. LAURENT BLVD,371546.6214,5033817.365,-75.64680793,45.44110128,2016-02-04,12:30,01 - Clear,01 - Dry,01 - Traffic signal,02 - Intersection related,01 - Daylight,03 - P.D. only,03 - Rear end,Cummings
10004,MONTREAL RD @ ST. LAURENT BLVD,371544.593,5033817.817,-75.6468338,45.44110554,2016-02-17,19:40,01 - Clear,05 - Packed snow,01 - Traffic signal,02 - Intersection related,07 - Dark,03 - P.D. only,03 - Rear end,Cummings
10005,MONTREAL RD @ ST. LAURENT BLVD,371545.9224,5033817.814,-75.6468168,45.44110539,2016-01-29,12:59,01 - Clear,01 - Dry,01 - Traffic signal,02 - Intersection related,01 - Daylight,03 - P.D. only,04 - Sideswipe,Cummings
10006,MONTREAL RD @ ST. LAURENT BLVD,371546.5311,5033818.009,-75.646809,45.44110708,2016-09-02,14:23,01 - Clear,01 - Dry,01 - Traffic signal,02 - Intersection related,01 - Daylight,03 - P.D. only,03 - Rear end,Cummings
10007,MONTREAL RD @ ST. LAURENT BLVD,371546.2384,5033818.933,-75.64681261,45.44111542,2016-08-12,14:45,01 - Clear,01 - Dry,01 - Traffic signal,02 - Intersection related,01 - Daylight,03 - P.D. only,03 - Rear end,Cummings
10008,MONTREAL RD @ ST. LAURENT BLVD,371545.3792,5033817.219,-75.64682383,45.44110008,2016-01-26,17:28,01 - Clear,02 - Wet,01 - Traffic signal,02 - Intersection related,05 - Dusk,03 - P.D. only,03 - Rear end,Cummings
10009,MONTREAL RD @ ST. LAURENT BLVD,371545.7029,5033818.925,-75.64681946,45.4411154,2016-01-27,9:30,01 - Clear,01 - Dry,01 - Traffic signal,02 - Intersection related,01 - Daylight,03 - P.D. only,03 - Rear end,Cummings
10010,MONTREAL RD @ ST. LAURENT BLVD,371544.632,5033817.327,-75.64683336,45.44110113,2016-08-24,17:04,01 - Clear,01 - Dry,01 - Traffic signal,02 - Intersection related,01 - Daylight,03 - P.D. only,03 - Rear end,Cummings
10011,MONTREAL RD @ ST. LAURENT BLVD,371545.9302,5033816.231,-75.64681692,45.44109114,2016-07-12,9:41,01 - Clear,01 - Dry,01 - Traffic signal,02 - Intersection related,01 - Daylight,03 - P.D. only,04 - Sideswipe,Cummings
10012,MONTREAL RD @ ST. LAURENT BLVD,371546.0935,5033818.376,-75.64681454,45.44111043,2016-04-18,9:39,01 - Clear,01 - Dry,01 - Traffic signal,02 - Intersection related,01 - Daylight,03 - P.D. only,03 - Rear end,Cummings
10013,MONTREAL RD @ ST. LAURENT BLVD,371544.9003,5033817.881,-75.64682986,45.44110609,2016-04-28,14:05,01 - Clear,01 - Dry,01 - Traffic signal,03 - At intersection,01 - Daylight,03 - P.D. only,05 - Turning movement,Cummings
10014,MONTREAL RD @ ST. LAURENT BLVD,371545.4834,5033816.497,-75.64682259,45.44109358,2016-11-16,14:56,01 - Clear,01 - Dry,01 - Traffic signal,02 - Intersection related,01 - Daylight,03 - P.D. only,04 - Sideswipe,Cummings
10015,MONTREAL RD @ ST. LAURENT BLVD,371544.0466,5033815.524,-75.64684109,45.44108496,2016-12-23,13:08,01 - Clear,02 - Wet,01 - Traffic signal,02 - Intersection related,01 - Daylight,03 - P.D. only,04 - Sideswipe,Cummings
10016,MONTREAL RD @ ST. LAURENT BLVD,371545.9224,5033818.253,-75.64681674,45.44110934,2016-11-24,13:55,03 - Snow,03 - Loose snow,01 - Traffic signal,02 - Intersection related,01 - Daylight,03 - P.D. only,04 - Sideswipe,Cummings
10017,MONTREAL RD @ ST. LAURENT BLVD,371545.7029,5033818.837,-75.64681947,45.44111461,2016-12-08,7:23,03 - Snow,06 - Ice,01 - Traffic signal,02 - Intersection related,03 - Dawn,03 - P.D. only,03 - Rear end,Cummings
10018,MONTREAL RD @ ST. LAURENT BLVD,371546.5311,5033816.352,-75.64680922,45.44109217,2016-12-08,19:23,03 - Snow,02 - Wet,01 - Traffic signal,02 - Intersection related,07 - Dark,03 - P.D. only,03 - Rear end,Cummings
10019,MONTREAL RD @ STE. ANNE ST,370706.4891,5033415.498,-75.6575996,45.43756516,2016-08-14,18:45,01 - Clear,01 - Dry,02 - Stop sign,02 - Intersection related,01 - Daylight,03 - P.D. only,02 - Angle,Vanier South
10020,MONTREAL RD @ STE. ANNE ST,370706.7086,5033418.666,-75.65759637,45.43759365,2016-10-08,16:47,01 - Clear,01 - Dry,02 - Stop sign,02 - Intersection related,01 - Daylight,03 - P.D. only,03 - Rear end,Vanier South
10021,MONTREAL RD @ STE. ANNE ST,370706.9341,5033416.821,-75.65759374,45.43757703,2016-06-17,15:58,01 - Clear,01 - Dry,02 - Stop sign,02 - Intersection related,01 - Daylight,03 - P.D. only,04 - Sideswipe,Vanier South
10022,MONTREAL RD @ STE. ANNE ST,370706.4891,5033417.255,-75.65759937,45.43758097,2016-09-27,16:28,01 - Clear,01 - Dry,02 - Stop sign,02 - Intersection related,01 - Daylight,03 - P.D. only,04 - Sideswipe,Vanier South
10023,MONTREAL RD @ THOMSON ST,372043.0298,5034057.133,-75.64043052,45.44321102,2016-06-23,8:46,01 - Clear,01 - Dry,02 - Stop sign,02 - Intersection related,01 - Daylight,02 - Non-fatal injury,05 - Turning movement,Cummings
10024,MONTREAL RD @ VANIER PKWY,370072.9082,5033065.544,-75.66574341,45.43447586,2016-04-15,15:34,01 - Clear,01 - Dry,01 - Traffic signal,02 - Intersection related,01 - Daylight,02 - Non-fatal injury,07 - SMV other,Vanier
10025,MONTREAL RD @ VANIER PKWY,370072.0146,5033065.824,-75.66575479,45.43447846,2016-06-11,23:58,01 - Clear,01 - Dry,01 - Traffic signal,03 - At intersection,07 - Dark,02 - Non-fatal injury,05 - Turning movement,Vanier
10026,MONTREAL RD @ VANIER PKWY,370072.4903,5033064.933,-75.66574883,45.4344704,2016-11-06,8:43,01 - Clear,01 - Dry,01 - Traffic signal,03 - At intersection,01 - Daylight,02 - Non-fatal injury,04 - Sideswipe,Vanier
10027,MONTREAL RD @ VANIER PKWY,370072.4781,5033065.36,-75.66574893,45.43447424,2016-01-27,23:43,01 - Clear,01 - Dry,01 - Traffic signal,03 - At intersection,07 - Dark,02 - Non-fatal injury,05 - Turning movement,Vanier
10028,MONTREAL RD @ VANIER PKWY,370072.4853,5033065.368,-75.66574884,45.43447431,2016-04-25,11:10,01 - Clear,01 - Dry,01 - Traffic signal,02 - Intersection related,01 - Daylight,02 - Non-fatal injury,07 - SMV other,Vanier
10029,MONTREAL RD @ VANIER PKWY,370073.538,5033067.662,-75.66573508,45.43449486,2016-08-02,10:35,01 - Clear,01 - Dry,01 - Traffic signal,02 - Intersection related,01 - Daylight,02 - Non-fatal injury,03 - Rear end,Vanier
10030,MONTREAL RD @ VANIER PKWY,370071.7542,5033065.965,-75.6657581,45.43447975,2016-12-19,16:30,03 - Snow,04 - Slush,01 - Traffic signal,03 - At intersection,05 - Dusk,02 - Non-fatal injury,04 - Sideswipe,Vanier
10031,MONTREAL RD @ VANIER PKWY,370072.7098,5033063.522,-75.66574621,45.43445768,2016-11-26,0:17,01 - Clear,02 - Wet,01 - Traffic signal,02 - Intersection related,07 - Dark,02 - Non-fatal injury,07 - SMV other,Vanier
10032,MONTREAL RD @ VANIER PKWY,370072.7098,5033065.178,-75.66574599,45.43447258,2016-12-08,16:59,03 - Snow,02 - Wet,01 - Traffic signal,03 - At intersection,05 - Dusk,02 - Non-fatal injury,07 - SMV other,Vanier
10033,MONTREAL RD @ VANIER PKWY,370071.1034,5033066.395,-75.66576636,45.43448368,2016-09-05,12:32,01 - Clear,01 - Dry,01 - Traffic signal,02 - Intersection related,01 - Daylight,03 - P.D. only,03 - Rear end,Vanier
10034,MONTREAL RD @ VANIER PKWY,370072.9293,5033064.933,-75.66574322,45.43447036,2016-02-05,9:59,01 - Clear,01 - Dry,01 - Traffic signal,02 - Intersection related,01 - Daylight,03 - P.D. only,04 - Sideswipe,Vanier
10035,MONTREAL RD @ VANIER PKWY,370072.4903,5033064.933,-75.66574883,45.4344704,2016-10-25,13:40,01 - Clear,01 - Dry,01 - Traffic signal,03 - At intersection,01 - Daylight,03 - P.D. only,05 - Turning movement,Vanier
10036,MONTREAL RD @ VANIER PKWY,370072.0512,5033065.373,-75.66575438,45.4344744,2016-09-04,3:25,01 - Clear,01 - Dry,01 - Traffic signal,02 - Intersection related,07 - Dark,03 - P.D. only,03 - Rear end,Vanier
10037,MONTREAL RD @ VANIER PKWY,370071.7684,5033066.24,-75.66575788,45.43448223,2016-01-02,8:58,03 - Snow,03 - Loose snow,01 - Traffic signal,02 - Intersection related,01 - Daylight,03 - P.D. only,03 - Rear end,Vanier
10038,MONTREAL RD @ VANIER PKWY,370073.3757,5033065.814,-75.6657374,45.43447824,2016-02-17,20:56,01 - Clear,06 - Ice,01 - Traffic signal,02 - Intersection related,07 - Dark,03 - P.D. only,03 - Rear end,Vanier
10039,MONTREAL RD @ VANIER PKWY,370072.0146,5033065.824,-75.66575479,45.43447846,2016-02-17,22:23,01 - Clear,06 - Ice,01 - Traffic signal,02 - Intersection related,07 - Dark,03 - P.D. only,99 - Other,Vanier
10040,MONTREAL RD @ VANIER PKWY,370071.5875,5033064.919,-75.66576037,45.43447036,2016-04-08,3:00,01 - Clear,02 - Wet,01 - Traffic signal,02 - Intersection related,07 - Dark,03 - P.D. only,99 - Other,Vanier
10041,MONTREAL RD @ VANIER PKWY,370071.9593,5033065.967,-75.66575548,45.43447975,2016-01-04,7:25,01 - Clear,01 - Dry,01 - Traffic signal,02 - Intersection related,03 - Dawn,03 - P.D. only,03 - Rear end,Vanier
10042,MONTREAL RD @ VANIER PKWY,370072.4853,5033064.919,-75.66574889,45.43447027,2016-04-25,21:01,01 - Clear,01 - Dry,01 - Traffic signal,03 - At intersection,07 - Dark,03 - P.D. only,05 - Turning movement,Vanier
10043,MONTREAL RD @ VANIER PKWY,370072.7098,5033065.967,-75.66574589,45.43447968,2016-01-14,17:19,01 - Clear,02 - Wet,01 - Traffic signal,02 - Intersection related,05 - Dusk,03 - P.D. only,04 - Sideswipe,Vanier
10044,MONTREAL RD @ VANIER PKWY,370073.3757,5033066.258,-75.66573734,45.43448224,2016-02-22,12:15,01 - Clear,01 - Dry,01 - Traffic signal,03 - At intersection,01 - Daylight,03 - P.D. only,02 - Angle,Vanier
10045,MONTREAL RD @ VANIER PKWY,370073.8817,5033066.373,-75.66573086,45.43448323,2016-03-24,18:51,01 - Clear,04 - Slush,01 - Traffic signal,03 - At intersection,05 - Dusk,03 - P.D. only,05 - Turning movement,Vanier
10046,MONTREAL RD @ VANIER PKWY,370073.0427,5033064.593,-75.66574181,45.43446729,2016-04-02,10:00,01 - Clear,01 - Dry,01 - Traffic signal,03 - At intersection,01 - Daylight,03 - P.D. only,04 - Sideswipe,Vanier
10047,MONTREAL RD @ VANIER PKWY,370072.9343,5033065.817,-75.66574304,45.43447831,2016-04-23,20:43,01 - Clear,01 - Dry,01 - Traffic signal,03 - At intersection,07 - Dark,03 - P.D. only,05 - Turning movement,Vanier
10048,MONTREAL RD @ VANIER PKWY,370073.2453,5033066.931,-75.66573892,45.43448831,2016-08-18,18:30,01 - Clear,01 - Dry,01 - Traffic signal,02 - Intersection related,01 - Daylight,03 - P.D. only,03 - Rear end,Vanier
10049,MONTREAL RD @ VANIER PKWY,370071.6121,5033064.494,-75.66576011,45.43446653,2016-07-18,12:12,01 - Clear,01 - Dry,01 - Traffic signal,02 - Intersection related,01 - Daylight,03 - P.D. only,03 - Rear end,Vanier
10050,MONTREAL RD @ VANIER PKWY,370072.9371,5033065.592,-75.66574303,45.43447629,2016-06-15,19:43,01 - Clear,01 - Dry,01 - Traffic signal,02 - Intersection related,01 - Daylight,03 - P.D. only,04 - Sideswipe,Vanier
10051,MONTREAL RD @ VANIER PKWY,370071.6121,5033064.933,-75.66576005,45.43447048,2016-05-30,13:27,01 - Clear,01 - Dry,01 - Traffic signal,03 - At intersection,01 - Daylight,03 - P.D. only,02 - Angle,Vanier
10052,MONTREAL RD @ VANIER PKWY,370072.6329,5033067.036,-75.66574673,45.43448931,2016-09-28,8:52,01 - Clear,01 - Dry,01 - Traffic signal,02 - Intersection related,01 - Daylight,03 - P.D. only,03 - Rear end,Vanier
10053,MONTREAL RD @ VANIER PKWY,370072.7098,5033066.006,-75.66574588,45.43448003,2016-12-17,15:03,03 - Snow,04 - Slush,01 - Traffic signal,02 - Intersection related,01 - Daylight,03 - P.D. only,03 - Rear end,Vanier
10054,MONTREAL RD @ VANIER PKWY,370071.2332,5033067.607,-75.66576454,45.43449458,2016-12-27,22:36,01 - Clear,01 - Dry,01 - Traffic signal,03 - At intersection,07 - Dark,03 - P.D. only,02 - Angle,Vanier
10055,MONTREAL RD @ VANIER PKWY,370072.0512,5033065.373,-75.66575438,45.4344744,2016-12-02,19:05,01 - Clear,01 - Dry,01 - Traffic signal,03 - At intersection,07 - Dark,03 - P.D. only,02 - Angle,Vanier
10056,MONTREAL RD @ VANIER PKWY,370070.2253,5033064.35,-75.66577785,45.43446537,2016-11-23,16:34,01 - Clear,01 - Dry,01 - Traffic signal,02 - Intersection related,05 - Dusk,03 - P.D. only,03 - Rear end,Vanier
10057,MONTREAL RD btwn BETHAMY LANE & OGILVIE RD,375505.1756,5034455.775,-75.59612194,45.44645617,2016-06-25,21:03,01 - Clear,01 - Dry,10 - No control,01 - Non intersection,05 - Dusk,02 - Non-fatal injury,07 - SMV other,Beacon Hill South - Cardinal Heights
10058,MONTREAL RD btwn BETHAMY LANE & OGILVIE RD,375571.4017,5034503.919,-75.5952685,45.44688264,2016-11-18,14:15,01 - Clear,01 - Dry,10 - No control,01 - Non intersection,01 - Daylight,02 - Non-fatal injury,07 - SMV other,Beacon Hill South - Cardinal Heights
10059,MONTREAL RD btwn BETHAMY LANE & OGILVIE RD,375569.1148,5034501.701,-75.59529805,45.44686291,2016-02-10,17:15,03 - Snow,03 - Loose snow,10 - No control,01 - Non intersection,05 - Dusk,03 - P.D. only,04 - Sideswipe,Beacon Hill South - Cardinal Heights
10060,MONTREAL RD btwn BETHAMY LANE & OGILVIE RD,375641.4317,5034547.792,-75.59436704,45.44727029,2016-02-19,18:00,01 - Clear,01 - Dry,10 - No control,04 - At/near private drive,05 - Dusk,03 - P.D. only,02 - Angle,Beacon Hill South - Cardinal Heights
10061,MONTREAL RD btwn BETHAMY LANE & OGILVIE RD,375529.4825,5034478.023,-75.59580805,45.44665389,2016-04-09,15:11,01 - Clear,01 - Dry,10 - No control,04 - At/near private drive,01 - Daylight,03 - P.D. only,02 - Angle,Beacon Hill South - Cardinal Heights
10062,MONTREAL RD btwn BLAIR RD & CLOVELLY RD,374140.2021,5034426.466,-75.61357344,45.44632921,2016-10-06,14:52,01 - Clear,01 - Dry,10 - No control,01 - Non intersection,01 - Daylight,03 - P.D. only,03 - Rear end,Beacon Hill South - Cardinal Heights
10063,MONTREAL RD btwn BORTHWICK AVE & CUMMINGS AVE,371958.5954,5034018.072,-75.64151506,45.44286769,2016-07-14,9:06,01 - Clear,01 - Dry,10 - No control,04 - At/near private drive,01 - Daylight,02 - Non-fatal injury,05 - Turning movement,Cummings
10064,MONTREAL RD btwn BURMA RD & MONTREAL RD,373256.3674,5034515.288,-75.62485846,45.4472155,2016-03-08,14:29,01 - Clear,02 - Wet,10 - No control,01 - Non intersection,01 - Daylight,02 - Non-fatal injury,03 - Rear end,Carson Grove - Carson Meadows
10065,MONTREAL RD btwn CENTER ST & BRITTANY DR,371874.9511,5033977.897,-75.64258963,45.44251425,2016-10-12,16:01,01 - Clear,01 - Dry,10 - No control,01 - Non intersection,01 - Daylight,03 - P.D. only,04 - Sideswipe,Cummings
10066,MONTREAL RD btwn CHIMNEY HILL WAY & ELMSMERE RD,374806.8171,5034331.55,-75.60506616,45.44540876,2016-12-09,18:51,01 - Clear,01 - Dry,10 - No control,01 - Non intersection,07 - Dark,03 - P.D. only,04 - Sideswipe,Beacon Hill South - Cardinal Heights
10067,MONTREAL RD btwn CLOVELLY RD & ELWOOD ST,374381.0376,5034400.5,-75.61049871,45.44607165,2016-03-18,15:23,01 - Clear,01 - Dry,10 - No control,01 - Non intersection,01 - Daylight,03 - P.D. only,04 - Sideswipe,Gloucester
10068,MONTREAL RD btwn CODD'S RD & BRUNEL ST,372816.2671,5034412.245,-75.63049826,45.44633133,2016-12-05,13:20,03 - Snow,04 - Slush,10 - No control,01 - Non intersection,01 - Daylight,03 - P.D. only,07 - SMV other,Carson Grove - Carson Meadows
10069,MONTREAL RD btwn CODY AVE & OLMSTEAD ST,370255.9765,5033170.23,-75.66338993,45.43540067,2016-03-09,11:42,02 - Rain,02 - Wet,10 - No control,04 - At/near private drive,01 - Daylight,03 - P.D. only,02 - Angle,Vanier
10070,MONTREAL RD btwn CYR AVE & HANNAH ST,370224.9743,5033150.61,-75.66378875,45.43522704,2016-04-25,14:00,01 - Clear,01 - Dry,10 - No control,01 - Non intersection,01 - Daylight,03 - P.D. only,03 - Rear end,Vanier South
10071,MONTREAL RD btwn DUROCHER ST & SAVARD AVE,370148.8898,5033107.963,-75.66476676,45.43485043,2016-09-21,12:35,01 - Clear,01 - Dry,10 - No control,04 - At/near private drive,01 - Daylight,03 - P.D. only,02 - Angle,Vanier
10072,"MONTREAL RD btwn EGLISE, RUE DE L & ST. LAURENT BLVD",371533.4942,5033811.157,-75.64697655,45.44104668,2016-01-04,10:36,01 - Clear,01 - Dry,10 - No control,04 - At/near private drive,01 - Daylight,03 - P.D. only,04 - Sideswipe,Vanier South
10073,"MONTREAL RD btwn EGLISE, RUE DE L & ST. LAURENT BLVD",371184.8372,5033646.607,-75.65145498,45.43959932,2016-01-01,10:49,01 - Clear,03 - Loose snow,10 - No control,04 - At/near private drive,01 - Daylight,03 - P.D. only,05 - Turning movement,Vanier South
10074,"MONTREAL RD btwn EGLISE, RUE DE L & ST. LAURENT BLVD",371392.2661,5033745.311,-75.64879052,45.44046769,2016-03-02,12:29,03 - Snow,03 - Loose snow,10 - No control,04 - At/near private drive,01 - Daylight,03 - P.D. only,05 - Turning movement,Vanier South
10075,"MONTREAL RD btwn EGLISE, RUE DE L & ST. LAURENT BLVD",371525.5764,5033807.735,-75.64707822,45.44101664,2016-09-12,15:30,01 - Clear,01 - Dry,10 - No control,01 - Non intersection,01 - Daylight,03 - P.D. only,04 - Sideswipe,Vanier South
10076,MONTREAL RD btwn EMOND ST & CYR AVE,370204.6232,5033141.986,-75.66404998,45.43515134,2016-12-19,16:11,01 - Clear,04 - Slush,10 - No control,01 - Non intersection,05 - Dusk,03 - P.D. only,03 - Rear end,Vanier
10077,MONTREAL RD btwn GRANVILLE ST & ALFRED ST,370933.9396,5033525.214,-75.65467796,45.43853086,2016-08-26,12:26,01 - Clear,01 - Dry,10 - No control,01 - Non intersection,01 - Daylight,02 - Non-fatal injury,03 - Rear end,Vanier South
10078,MONTREAL RD btwn HILLSIDE DR & MONTREAL SQUARE SC,371730.6278,5033907.826,-75.64444382,45.44189761,2016-04-19,20:43,01 - Clear,01 - Dry,10 - No control,01 - Non intersection,07 - Dark,03 - P.D. only,04 - Sideswipe,Cummings
10079,MONTREAL RD btwn L'ALLEMAND ST & ALTHA AVE,370589.9301,5033358.908,-75.65909683,45.43706697,2016-09-14,15:52,01 - Clear,01 - Dry,10 - No control,01 - Non intersection,01 - Daylight,03 - P.D. only,04 - Sideswipe,Vanier South
10080,MONTREAL RD btwn LAPORTE ST & MISS OTTAWA ST,375721.8495,5034600.472,-75.59333152,45.44773612,2016-11-04,16:50,01 - Clear,01 - Dry,10 - No control,04 - At/near private drive,05 - Dusk,03 - P.D. only,02 - Angle,Beacon Hill South - Cardinal Heights
10081,MONTREAL RD btwn MARIER AVE & BEGIN ST,370423.3829,5033263.861,-75.66123802,45.43622743,2016-01-06,17:13,01 - Clear,04 - Slush,10 - No control,01 - Non intersection,05 - Dusk,03 - P.D. only,04 - Sideswipe,Vanier South
10082,MONTREAL RD btwn MONA AVE & LAFONTAINE AVE,370803.4614,5033464.091,-75.65635374,45.43799323,2016-12-31,13:00,03 - Snow,04 - Slush,10 - No control,01 - Non intersection,01 - Daylight,03 - P.D. only,03 - Rear end,Vanier South
10083,MONTREAL RD btwn MONTGOMERY ST & PALACE ST,369830.6245,5032929.941,-75.66885763,45.43327833,2016-05-25,18:21,01 - Clear,01 - Dry,10 - No control,01 - Non intersection,01 - Daylight,03 - P.D. only,01 - Approaching,Vanier South
10084,MONTREAL RD btwn MONTGOMERY ST & PALACE ST,369949.6277,5032995.654,-75.66732814,45.43385851,2016-06-14,12:04,01 - Clear,01 - Dry,10 - No control,01 - Non intersection,01 - Daylight,03 - P.D. only,03 - Rear end,Vanier South
10085,MONTREAL RD btwn MONTGOMERY ST & PALACE ST,369854.2807,5032942.181,-75.6685537,45.43338626,2016-04-24,12:06,01 - Clear,01 - Dry,10 - No control,04 - At/near private drive,01 - Daylight,03 - P.D. only,06 - SMV unattended vehicle,Vanier South
10086,MONTREAL RD btwn MONTGOMERY ST & PALACE ST,369856.8758,5032944.748,-75.6685202,45.43340912,2016-09-04,14:00,01 - Clear,01 - Dry,10 - No control,01 - Non intersection,01 - Daylight,03 - P.D. only,99 - Other,Vanier South
10087,MONTREAL RD btwn MONTGOMERY ST & PALACE ST,369844.1425,5032937.284,-75.66868391,45.43334314,2016-08-19,11:44,01 - Clear,01 - Dry,10 - No control,04 - At/near private drive,01 - Daylight,03 - P.D. only,02 - Angle,Vanier South
10088,MONTREAL RD btwn MONTREAL RD & BLAIR RD,373996.5813,5034442.513,-75.61540698,45.44648782,2016-03-09,16:30,01 - Clear,01 - Dry,10 - No control,01 - Non intersection,01 - Daylight,03 - P.D. only,03 - Rear end,Carson Grove - Carson Meadows
10089,MONTREAL RD btwn MONTREAL SQUARE SC & CENTER ST,371816.109,5033949.572,-75.64334558,45.44226503,2016-03-20,15:03,01 - Clear,01 - Dry,10 - No control,01 - Non intersection,01 - Daylight,02 - Non-fatal injury,03 - Rear end,Cummings
10090,MONTREAL RD btwn NORTH RIVER RD & MONTGOMERY ST,369804.7282,5032915.901,-75.66919043,45.43315441,2016-03-12,17:10,01 - Clear,01 - Dry,10 - No control,01 - Non intersection,01 - Daylight,02 - Non-fatal injury,04 - Sideswipe,Vanier South