Record,Location,X,Y,lon,lat,Date,Time,Environment,Road_Surface,Traffic_Control,Collision_Location,Light,Collision_Classification,Impact_type,Neighborhood
10091,MONTREAL RD btwn NORTH RIVER RD & MONTGOMERY ST,369751.6591,5032889.614,-75.66987208,45.43292283,2016-06-03,17:45,01 - Clear,01 - Dry,10 - No control,04 - At/near private drive,01 - Daylight,03 - P.D. only,02 - Angle,Vanier South
10092,MONTREAL RD btwn OGILVIE RD & LAPORTE ST,375668.4429,5034565.575,-75.59401922,45.44742755,2016-05-10,14:43,01 - Clear,01 - Dry,10 - No control,01 - Non intersection,01 - Daylight,03 - P.D. only,04 - Sideswipe,Beacon Hill South - Cardinal Heights
10093,MONTREAL RD btwn OGILVIE RD & LAPORTE ST,375667.2487,5034563.831,-75.59403473,45.44741198,2016-07-05,13:15,01 - Clear,01 - Dry,10 - No control,01 - Non intersection,01 - Daylight,03 - P.D. only,03 - Rear end,Beacon Hill South - Cardinal Heights
10094,MONTREAL RD btwn OGILVIE RD & LAPORTE ST,375658.5986,5034559.313,-75.59414595,45.44737221,2016-07-12,17:26,01 - Clear,01 - Dry,10 - No control,01 - Non intersection,01 - Daylight,03 - P.D. only,03 - Rear end,Beacon Hill South - Cardinal Heights
10095,MONTREAL RD btwn OLMSTEAD ST & Continuation of MONTREAL RD,370356.5769,5033227.677,-75.66209662,45.43590813,2016-08-13,19:56,02 - Rain,02 - Wet,10 - No control,01 - Non intersection,01 - Daylight,03 - P.D. only,04 - Sideswipe,Vanier South
10096,MONTREAL RD btwn OR174 IC109 RAMP56 & OR174 IC109 RAMP66,376211.3092,5034898.693,-75.58703175,45.45036948,2016-10-12,10:53,01 - Clear,01 - Dry,10 - No control,01 - Non intersection,01 - Daylight,02 - Non-fatal injury,03 - Rear end,Greenbelt
10097,MONTREAL RD btwn OR174 IC109 RAMP56 & OR174 IC109 RAMP66,376260.0645,5034918.49,-75.58640564,45.45054262,2016-01-07,8:12,01 - Clear,06 - Ice,10 - No control,01 - Non intersection,01 - Daylight,03 - P.D. only,03 - Rear end,Beacon Hill South - Cardinal Heights
10098,MONTREAL RD btwn OR174 IC109 RAMP56 & OR174 IC109 RAMP66,376217.0941,5034898.12,-75.58695789,45.45036374,2016-08-02,17:55,01 - Clear,01 - Dry,10 - No control,01 - Non intersection,01 - Daylight,03 - P.D. only,03 - Rear end,Beacon Hill South - Cardinal Heights
10099,MONTREAL RD btwn OR174 IC109 RAMP65 & ST. JOSEPH BLVD,376444.979,5035000.453,-75.58402993,45.45126114,2016-09-24,5:55,01 - Clear,01 - Dry,10 - No control,01 - Non intersection,07 - Dark,02 - Non-fatal injury,07 - SMV other,Greenbelt
10100,MONTREAL RD btwn OR174 IC109 RAMP66 & OR174 IC109 RAMP65,376391.3043,5034978.021,-75.58471933,45.45106481,2016-04-08,14:06,03 - Snow,02 - Wet,10 - No control,01 - Non intersection,01 - Daylight,03 - P.D. only,03 - Rear end,Beacon Hill South - Cardinal Heights
10101,MONTREAL RD btwn PALACE ST & VANIER PKWY,370048.809,5033052.514,-75.66605311,45.43436087,2016-05-20,15:30,01 - Clear,01 - Dry,10 - No control,04 - At/near private drive,01 - Daylight,02 - Non-fatal injury,02 - Angle,Vanier
10102,MONTREAL RD btwn PALACE ST & VANIER PKWY,370046.5734,5033050.592,-75.66608194,45.43434378,2016-08-04,6:47,01 - Clear,01 - Dry,10 - No control,04 - At/near private drive,01 - Daylight,03 - P.D. only,02 - Angle,Vanier
10103,MONTREAL RD btwn PALACE ST & VANIER PKWY,370053.2624,5033054.001,-75.665996,45.43437383,2016-02-05,13:00,01 - Clear,01 - Dry,10 - No control,01 - Non intersection,01 - Daylight,03 - P.D. only,04 - Sideswipe,Vanier
10104,MONTREAL RD btwn PALACE ST & VANIER PKWY,369998.5257,5033022.954,-75.66669963,45.43409959,2016-03-03,15:54,01 - Clear,01 - Dry,10 - No control,01 - Non intersection,01 - Daylight,03 - P.D. only,04 - Sideswipe,Vanier South
10105,MONTREAL RD btwn PALACE ST & VANIER PKWY,370017.9015,5033037.216,-75.66645013,45.43422611,2016-02-03,16:50,01 - Clear,01 - Dry,10 - No control,04 - At/near private drive,01 - Daylight,03 - P.D. only,05 - Turning movement,Vanier
10106,MONTREAL RD btwn PALACE ST & VANIER PKWY,370030.3388,5033039.906,-75.66629083,45.43424915,2016-01-20,13:53,01 - Clear,02 - Wet,10 - No control,04 - At/near private drive,01 - Daylight,03 - P.D. only,05 - Turning movement,Vanier South
10107,MONTREAL RD btwn PALACE ST & VANIER PKWY,369960.6143,5033000.433,-75.66718711,45.43390049,2016-01-17,0:36,03 - Snow,03 - Loose snow,10 - No control,01 - Non intersection,07 - Dark,03 - P.D. only,06 - SMV unattended vehicle,Vanier South
10108,MONTREAL RD btwn PALACE ST & VANIER PKWY,370011.154,5033030.192,-75.66653729,45.43416354,2016-05-27,22:14,01 - Clear,01 - Dry,10 - No control,01 - Non intersection,07 - Dark,03 - P.D. only,03 - Rear end,Vanier South
10109,MONTREAL RD btwn PALACE ST & VANIER PKWY,370020.6791,5033036.393,-75.66641474,45.43421844,2016-07-30,15:25,01 - Clear,01 - Dry,10 - No control,01 - Non intersection,01 - Daylight,03 - P.D. only,04 - Sideswipe,Vanier South
10110,MONTREAL RD btwn PALACE ST & VANIER PKWY,370043.5111,5033048.249,-75.66612139,45.43432299,2016-05-31,22:03,01 - Clear,01 - Dry,10 - No control,01 - Non intersection,07 - Dark,03 - P.D. only,05 - Turning movement,Vanier South
10111,MONTREAL RD btwn PALACE ST & VANIER PKWY,370036.5734,5033044.683,-75.66621052,45.43429155,2016-07-30,14:15,01 - Clear,01 - Dry,10 - No control,04 - At/near private drive,01 - Daylight,03 - P.D. only,05 - Turning movement,Vanier
10112,MONTREAL RD btwn PALACE ST & VANIER PKWY,370008.3849,5033029.368,-75.66657279,45.43415638,2016-11-20,0:16,02 - Rain,02 - Wet,10 - No control,01 - Non intersection,07 - Dark,03 - P.D. only,01 - Approaching,Vanier South
10113,MONTREAL RD btwn SAVARD AVE & EMOND ST,370180.2669,5033125.99,-75.66436337,45.4350097,2016-09-19,15:23,01 - Clear,01 - Dry,10 - No control,01 - Non intersection,01 - Daylight,03 - P.D. only,03 - Rear end,Vanier
10114,MONTREAL RD btwn SAVARD AVE & EMOND ST,370186.2574,5033129.608,-75.66428633,45.43504169,2016-07-20,1:00,01 - Clear,01 - Dry,10 - No control,01 - Non intersection,07 - Dark,03 - P.D. only,07 - SMV other,Vanier
10115,MONTREAL RD btwn SHEFFORD RD & OR174 IC109 RAMP56,376154.2706,5034866.747,-75.58776551,45.45008788,2016-01-12,12:05,03 - Snow,03 - Loose snow,10 - No control,01 - Non intersection,01 - Daylight,03 - P.D. only,04 - Sideswipe,Beacon Hill South - Cardinal Heights
10116,MONTREAL RD btwn SHEFFORD RD & OR174 IC109 RAMP56,376147.9527,5034864.125,-75.58784665,45.45006493,2016-04-17,20:25,01 - Clear,01 - Dry,10 - No control,01 - Non intersection,07 - Dark,03 - P.D. only,04 - Sideswipe,Beacon Hill South - Cardinal Heights
10117,MONTREAL RD btwn SINCLAIR ST & SHEFFORD RD,376048.0661,5034807.285,-75.58913173,45.44956371,2016-11-17,18:31,02 - Rain,02 - Wet,10 - No control,01 - Non intersection,07 - Dark,03 - P.D. only,03 - Rear end,Beacon Hill South - Cardinal Heights
10118,MONTREAL RD btwn SINCLAIR ST & SHEFFORD RD,376053.3674,5034808.262,-75.58906382,45.44957196,2016-12-08,7:35,03 - Snow,02 - Wet,10 - No control,01 - Non intersection,03 - Dawn,03 - P.D. only,03 - Rear end,Beacon Hill South - Cardinal Heights
10119,MONTREAL RD btwn ST. LAURENT BLVD & HILLSIDE DR,371591.4815,5033839.734,-75.64623153,45.44129826,2016-01-12,14:27,01 - Clear,03 - Loose snow,10 - No control,04 - At/near private drive,01 - Daylight,03 - P.D. only,05 - Turning movement,Cummings
10120,MONTREAL RD btwn ST. LAURENT BLVD & HILLSIDE DR,371678.521,5033881.099,-75.64511345,45.44166212,2016-05-11,17:02,01 - Clear,01 - Dry,10 - No control,04 - At/near private drive,01 - Daylight,03 - P.D. only,01 - Approaching,Cummings
10121,MONTREAL RD btwn THOMSON ST & AVIATION PKWY,372122.8885,5034095.302,-75.63940458,45.44354676,2016-03-07,7:47,01 - Clear,01 - Dry,10 - No control,04 - At/near private drive,01 - Daylight,03 - P.D. only,02 - Angle,Cummings
10122,MONTREAL RD btwn THOMSON ST & AVIATION PKWY,372126.2995,5034099.143,-75.63936045,45.443581,2016-11-10,11:54,01 - Clear,01 - Dry,10 - No control,04 - At/near private drive,01 - Daylight,03 - P.D. only,02 - Angle,Cummings
10123,MONTREAL RD btwn THOMSON ST & AVIATION PKWY,372050.3201,5034060.97,-75.64033681,45.44324485,2016-10-31,18:27,01 - Clear,01 - Dry,10 - No control,04 - At/near private drive,07 - Dark,03 - P.D. only,05 - Turning movement,Cummings
10124,MONTREAL RD/HANNAH ST @ CODY AVE,370253.213,5033168.598,-75.66342547,45.43538624,2016-01-08,8:52,01 - Clear,01 - Dry,01 - Traffic signal,03 - At intersection,01 - Daylight,02 - Non-fatal injury,07 - SMV other,Vanier
10125,MONTREAL RD/HANNAH ST @ CODY AVE,370254.9732,5033169.677,-75.66340283,45.43539579,2016-10-26,18:52,01 - Clear,01 - Dry,01 - Traffic signal,02 - Intersection related,07 - Dark,03 - P.D. only,04 - Sideswipe,Vanier
10126,MONTREAL RD/HANNAH ST @ CODY AVE,370254.7581,5033169.638,-75.66340558,45.43539545,2016-02-29,7:45,03 - Snow,03 - Loose snow,01 - Traffic signal,02 - Intersection related,01 - Daylight,03 - P.D. only,07 - SMV other,Vanier
10127,MONTREAL RD/HANNAH ST @ CODY AVE,370254.5804,5033169.602,-75.66340786,45.43539515,2016-07-04,10:14,01 - Clear,01 - Dry,01 - Traffic signal,02 - Intersection related,01 - Daylight,03 - P.D. only,02 - Angle,Vanier
10128,MOODIE DR @ 200 N OF ROBERTSON RD,356988.2767,5020641.867,-75.83427916,45.3237864,2016-01-21,20:09,01 - Clear,01 - Dry,01 - Traffic signal,02 - Intersection related,07 - Dark,03 - P.D. only,03 - Rear end,Bells Corners West
10129,MOODIE DR @ 340 S OF CARLING AVE/NORTEL NORTH ,356005.1732,5023613.915,-75.84651139,45.35060161,2016-11-23,16:21,01 - Clear,06 - Ice,01 - Traffic signal,02 - Intersection related,05 - Dusk,03 - P.D. only,07 - SMV other,Greenbelt
10130,MOODIE DR @ CORKSTOWN RD,356344.5411,5022761.719,-75.84226942,45.34290862,2016-03-11,12:09,01 - Clear,01 - Dry,01 - Traffic signal,03 - At intersection,01 - Daylight,02 - Non-fatal injury,02 - Angle,Crystal Bay - Lakeview Park - Britannia Village
10131,MOODIE DR @ FITZGERALD RD/STAFFORD RD,356920.1636,5020813.481,-75.83512989,45.32533566,2016-12-08,10:52,01 - Clear,01 - Dry,01 - Traffic signal,02 - Intersection related,01 - Daylight,02 - Non-fatal injury,03 - Rear end,Bells Corners West
10132,MOODIE DR @ FITZGERALD RD/STAFFORD RD,356920.1584,5020811.18,-75.8351302,45.32531496,2016-09-09,9:15,01 - Clear,01 - Dry,01 - Traffic signal,02 - Intersection related,01 - Daylight,03 - P.D. only,05 - Turning movement,Bells Corners West
10133,MOODIE DR @ FITZGERALD RD/STAFFORD RD,356920.1108,5020814.617,-75.83513045,45.32534589,2016-08-08,12:03,01 - Clear,01 - Dry,01 - Traffic signal,03 - At intersection,01 - Daylight,03 - P.D. only,03 - Rear end,Bells Corners West
10134,MOODIE DR @ FITZGERALD RD/STAFFORD RD,356920.1636,5020811.431,-75.83513011,45.32531722,2016-11-01,13:02,01 - Clear,01 - Dry,01 - Traffic signal,02 - Intersection related,01 - Daylight,03 - P.D. only,03 - Rear end,Bells Corners West
10135,MOODIE DR @ HWY 417 MOODIE IC134R63,356387.9913,5022479.914,-75.8417444,45.34036971,2016-11-24,6:24,03 - Snow,04 - Slush,01 - Traffic signal,02 - Intersection related,07 - Dark,02 - Non-fatal injury,03 - Rear end,Greenbelt
10136,MOODIE DR @ HWY 417 MOODIE IC134R63,356390.7604,5022479.546,-75.84170911,45.3403662,2016-02-18,15:46,01 - Clear,02 - Wet,01 - Traffic signal,03 - At intersection,01 - Daylight,03 - P.D. only,04 - Sideswipe,Greenbelt
10137,MOODIE DR @ HWY 417 MOODIE IC134R63,356391.0598,5022481.233,-75.84170511,45.34038136,2016-07-16,16:47,01 - Clear,01 - Dry,01 - Traffic signal,03 - At intersection,01 - Daylight,03 - P.D. only,04 - Sideswipe,Greenbelt
10138,MOODIE DR @ HWY 417 MOODIE IC134R63,356391.7327,5022483.246,-75.84169632,45.34039942,2016-04-07,8:28,01 - Clear,04 - Slush,01 - Traffic signal,02 - Intersection related,01 - Daylight,03 - P.D. only,04 - Sideswipe,Crystal Bay - Lakeview Park - Britannia Village
10139,MOODIE DR @ MCKENNA CASEY DR,360351.524,5012682.408,-75.79227154,45.25190843,2016-11-17,20:27,"07 - Fog, mist, smoke, dust",01 - Dry,02 - Stop sign,02 - Intersection related,07 - Dark,03 - P.D. only,07 - SMV other,Munster Hamlet - Richmond
10140,MOODIE DR @ RICHMOND RD N,357394.3274,5019690.476,-75.8292009,45.31519538,2016-08-13,10:17,02 - Rain,02 - Wet,02 - Stop sign,02 - Intersection related,01 - Daylight,03 - P.D. only,02 - Angle,Bells Corners East
10141,MOODIE DR @ RICHMOND RD N,357392.249,5019689.96,-75.82922746,45.31519089,2016-11-24,8:29,03 - Snow,04 - Slush,02 - Stop sign,02 - Intersection related,01 - Daylight,03 - P.D. only,02 - Angle,Bells Corners East
10142,MOODIE DR @ RICHMOND RD S,357429.0396,5019538.416,-75.82877436,45.31382453,2016-09-20,16:11,01 - Clear,01 - Dry,03 - Yield sign,02 - Intersection related,01 - Daylight,03 - P.D. only,03 - Rear end,Bells Corners West
10143,MOODIE DR @ RICHMOND RD S,357433.4201,5019541.153,-75.8287182,45.31384883,2016-06-03,10:16,01 - Clear,01 - Dry,03 - Yield sign,02 - Intersection related,01 - Daylight,03 - P.D. only,03 - Rear end,Bells Corners West
10144,MOODIE DR @ ROBERTSON RD,357066.4326,5020454.819,-75.833302,45.32209751,2016-10-18,7:49,01 - Clear,02 - Wet,01 - Traffic signal,03 - At intersection,01 - Daylight,02 - Non-fatal injury,02 - Angle,Bells Corners West
10145,MOODIE DR @ ROBERTSON RD,357067.3285,5020454.802,-75.83329057,45.32209729,2016-05-22,12:48,01 - Clear,01 - Dry,01 - Traffic signal,03 - At intersection,01 - Daylight,02 - Non-fatal injury,02 - Angle,Bells Corners West
10146,MOODIE DR @ ROBERTSON RD,357067.1141,5020454.712,-75.83329332,45.32209649,2016-08-27,11:24,01 - Clear,01 - Dry,01 - Traffic signal,02 - Intersection related,01 - Daylight,03 - P.D. only,03 - Rear end,Bells Corners West
10147,MOODIE DR @ ROBERTSON RD,357065.5544,5020456.137,-75.83331306,45.32210943,2016-10-20,12:35,02 - Rain,02 - Wet,01 - Traffic signal,03 - At intersection,01 - Daylight,03 - P.D. only,04 - Sideswipe,Bells Corners West
10148,MOODIE DR @ ROBERTSON RD,357067.3285,5020456.606,-75.83329038,45.32211352,2016-06-23,16:09,01 - Clear,01 - Dry,01 - Traffic signal,02 - Intersection related,01 - Daylight,03 - P.D. only,03 - Rear end,Bells Corners West
10149,MOODIE DR @ ROBERTSON RD,357066.1929,5020455.708,-75.83330496,45.32210552,2016-01-12,22:03,03 - Snow,03 - Loose snow,01 - Traffic signal,02 - Intersection related,07 - Dark,03 - P.D. only,03 - Rear end,Bells Corners West
10150,MOODIE DR @ ROBERTSON RD,357066.8794,5020454.569,-75.83329633,45.32209522,2016-06-23,17:52,01 - Clear,01 - Dry,01 - Traffic signal,02 - Intersection related,01 - Daylight,03 - P.D. only,03 - Rear end,Bells Corners West
10151,MOODIE DR @ ROBERTSON RD,357067.1113,5020454.33,-75.83329339,45.32209306,2016-09-04,14:01,01 - Clear,01 - Dry,01 - Traffic signal,02 - Intersection related,01 - Daylight,03 - P.D. only,03 - Rear end,Bells Corners West
10152,MOODIE DR @ ROBERTSON RD,357065.5247,5020456.155,-75.83331344,45.3221096,2016-06-17,17:00,01 - Clear,01 - Dry,01 - Traffic signal,03 - At intersection,01 - Daylight,03 - P.D. only,02 - Angle,Bells Corners West
10153,MOODIE DR @ ROBERTSON RD,357065.0616,5020455.474,-75.83331942,45.3221035,2016-09-23,10:45,01 - Clear,01 - Dry,01 - Traffic signal,02 - Intersection related,01 - Daylight,03 - P.D. only,03 - Rear end,Bells Corners West
10154,MOODIE DR @ ROBERTSON RD,357065.8239,5020454.236,-75.83330982,45.32209231,2016-11-20,17:20,03 - Snow,05 - Packed snow,01 - Traffic signal,02 - Intersection related,07 - Dark,03 - P.D. only,07 - SMV other,Bells Corners West
10155,MOODIE DR @ ROBERTSON RD,357065.2554,5020457.541,-75.83331673,45.32212209,2016-10-10,15:30,01 - Clear,01 - Dry,01 - Traffic signal,02 - Intersection related,01 - Daylight,03 - P.D. only,03 - Rear end,Bells Corners West
10156,MOODIE DR @ ROBERTSON RD,357064.9958,5020454.236,-75.83332039,45.32209237,2016-12-22,10:21,01 - Clear,04 - Slush,01 - Traffic signal,02 - Intersection related,01 - Daylight,03 - P.D. only,03 - Rear end,Bells Corners West
10157,MOODIE DR @ TIMM DR,356815.6485,5021083.889,-75.83643464,45.32777657,2016-12-29,13:00,03 - Snow,04 - Slush,02 - Stop sign,03 - At intersection,01 - Daylight,03 - P.D. only,02 - Angle,Greenbelt
10158,MOODIE DR @ WEST HUNT CLUB RD,357906.9931,5018497.797,-75.82279053,45.30442494,2016-02-12,9:27,01 - Clear,04 - Slush,01 - Traffic signal,02 - Intersection related,01 - Daylight,02 - Non-fatal injury,03 - Rear end,Greenbelt
10159,MOODIE DR @ WEST HUNT CLUB RD,357907.4322,5018498.675,-75.82278483,45.30443281,2016-11-07,16:09,01 - Clear,01 - Dry,01 - Traffic signal,03 - At intersection,01 - Daylight,02 - Non-fatal injury,02 - Angle,Greenbelt
10160,MOODIE DR @ WEST HUNT CLUB RD,357907.9447,5018498.651,-75.8227783,45.30443255,2016-06-11,11:35,02 - Rain,02 - Wet,01 - Traffic signal,02 - Intersection related,01 - Daylight,02 - Non-fatal injury,03 - Rear end,Greenbelt
10161,MOODIE DR @ WEST HUNT CLUB RD,357907.7547,5018498.105,-75.82278078,45.30442765,2016-01-22,7:18,01 - Clear,01 - Dry,01 - Traffic signal,02 - Intersection related,03 - Dawn,02 - Non-fatal injury,03 - Rear end,Greenbelt
10162,MOODIE DR @ WEST HUNT CLUB RD,357910.0161,5018495.989,-75.82275217,45.30440844,2016-01-19,17:20,01 - Clear,02 - Wet,01 - Traffic signal,02 - Intersection related,05 - Dusk,02 - Non-fatal injury,03 - Rear end,Greenbelt
10163,MOODIE DR @ WEST HUNT CLUB RD,357906.9931,5018498.675,-75.82279043,45.30443284,2016-07-26,12:30,01 - Clear,01 - Dry,01 - Traffic signal,03 - At intersection,01 - Daylight,02 - Non-fatal injury,05 - Turning movement,Greenbelt
10164,MOODIE DR @ WEST HUNT CLUB RD,357908.4799,5018498.042,-75.82277154,45.30442703,2016-10-13,17:39,01 - Clear,01 - Dry,01 - Traffic signal,02 - Intersection related,07 - Dark,03 - P.D. only,03 - Rear end,Greenbelt
10165,MOODIE DR @ WEST HUNT CLUB RD,357907.4262,5018497.779,-75.82278501,45.30442474,2016-06-22,6:35,02 - Rain,02 - Wet,01 - Traffic signal,02 - Intersection related,01 - Daylight,03 - P.D. only,03 - Rear end,Greenbelt
10166,MOODIE DR @ WEST HUNT CLUB RD,357906.9783,5018497.333,-75.82279076,45.30442077,2016-04-10,20:20,01 - Clear,01 - Dry,01 - Traffic signal,02 - Intersection related,05 - Dusk,03 - P.D. only,07 - SMV other,Greenbelt
10167,MOODIE DR @ WEST HUNT CLUB RD,357908.3103,5018498.236,-75.82277368,45.30442879,2016-05-01,15:30,02 - Rain,02 - Wet,01 - Traffic signal,02 - Intersection related,01 - Daylight,03 - P.D. only,03 - Rear end,Greenbelt
10168,MOODIE DR @ WEST HUNT CLUB RD,357906.5153,5018498.001,-75.8227966,45.30442681,2016-07-11,9:56,01 - Clear,01 - Dry,01 - Traffic signal,03 - At intersection,01 - Daylight,03 - P.D. only,01 - Approaching,Greenbelt
10169,MOODIE DR @ WEST HUNT CLUB RD,357907.8772,5018498.23,-75.82277921,45.30442877,2016-06-20,16:53,01 - Clear,01 - Dry,01 - Traffic signal,02 - Intersection related,01 - Daylight,03 - P.D. only,03 - Rear end,Greenbelt
10170,MOODIE DR @ WEST HUNT CLUB RD,357905.9954,5018496.385,-75.8228034,45.30441231,2016-09-29,12:06,01 - Clear,01 - Dry,01 - Traffic signal,02 - Intersection related,01 - Daylight,03 - P.D. only,03 - Rear end,Greenbelt
10171,MOODIE DR @ WEST HUNT CLUB RD,357907.6517,5018496.385,-75.82278228,45.30441218,2016-11-03,8:05,02 - Rain,02 - Wet,01 - Traffic signal,02 - Intersection related,01 - Daylight,03 - P.D. only,03 - Rear end,Greenbelt
10172,MOODIE DR @ WEST HUNT CLUB RD,357908.4799,5018500.526,-75.82277128,45.30444938,2016-12-14,19:00,03 - Snow,06 - Ice,01 - Traffic signal,02 - Intersection related,07 - Dark,03 - P.D. only,07 - SMV other,Greenbelt
10173,MOODIE DR btwn 325 N OF CORKSTOWN RD/NORTEL S ENTRANCE & CORKSTOWN RD,356342.2654,5022776.45,-75.84229692,45.34304133,2016-01-06,17:25,01 - Clear,02 - Wet,10 - No control,01 - Non intersection,05 - Dusk,03 - P.D. only,04 - Sideswipe,Crystal Bay - Lakeview Park - Britannia Village
10174,MOODIE DR btwn 340 S OF CARLING AVE/NORTEL NORTH ENT & 715 S OF CARLIN,356051.3443,5023506.455,-75.84593332,45.3496313,2016-12-09,15:30,01 - Clear,01 - Dry,10 - No control,01 - Non intersection,01 - Daylight,02 - Non-fatal injury,07 - SMV other,Greenbelt
10175,MOODIE DR btwn 340 S OF CARLING AVE/NORTEL NORTH ENT & 715 S OF CARLIN,356032.3253,5023549.606,-75.84617155,45.35002097,2016-12-03,23:16,01 - Clear,01 - Dry,10 - No control,01 - Non intersection,07 - Dark,03 - P.D. only,07 - SMV other,Greenbelt
10176,MOODIE DR btwn 715 S OF CARLING AVE & 325 N OF CORKSTOWN RD/NORTEL S E,356189.084,5023203.983,-75.84420704,45.34689955,2016-08-17,17:53,01 - Clear,01 - Dry,10 - No control,01 - Non intersection,01 - Daylight,03 - P.D. only,03 - Rear end,Greenbelt
10177,MOODIE DR btwn ALTI PL & FALLOWFIELD RD,359418.2526,5014827.277,-75.80392475,45.27128133,2016-11-21,17:32,03 - Snow,03 - Loose snow,10 - No control,04 - At/near private drive,07 - Dark,03 - P.D. only,03 - Rear end,Greenbelt
10178,MOODIE DR btwn ANWATIN ST & ARNOLD DR,357507.4498,5019415.952,-75.82778742,45.3127167,2016-02-11,6:45,03 - Snow,03 - Loose snow,10 - No control,01 - Non intersection,03 - Dawn,03 - P.D. only,01 - Approaching,Bells Corners East
10179,MOODIE DR btwn BARNSDALE RD & BROPHY DR,362598.1209,5007238.296,-75.76428436,45.2027407,2016-12-22,8:15,03 - Snow,03 - Loose snow,10 - No control,01 - Non intersection,01 - Daylight,02 - Non-fatal injury,01 - Approaching,New Barrhaven
10180,MOODIE DR btwn BARNSDALE RD & BROPHY DR,362559.1787,5007325.943,-75.76476986,45.20353256,2016-02-11,9:28,05 - Drifting Snow,03 - Loose snow,10 - No control,01 - Non intersection,01 - Daylight,03 - P.D. only,07 - SMV other,Munster Hamlet - Richmond
10181,MOODIE DR btwn BRIDE PRIV & MCKENNA CASEY DR,359579.6105,5014455.049,-75.80190956,45.26791942,2016-07-06,16:02,01 - Clear,01 - Dry,10 - No control,01 - Non intersection,01 - Daylight,02 - Non-fatal injury,07 - SMV other,Munster Hamlet - Richmond
10182,MOODIE DR btwn FALLOWFIELD RD & BRIDE PRIV,359533.6252,5014561.908,-75.80248376,45.26888453,2016-04-06,16:22,03 - Snow,03 - Loose snow,10 - No control,01 - Non intersection,01 - Daylight,03 - P.D. only,07 - SMV other,Munster Hamlet - Richmond
10183,MOODIE DR btwn HADLEY CIRC & TYRRELL PL,357148.9792,5020273.48,-75.83226829,45.32045965,2016-01-20,0:12,01 - Clear,06 - Ice,10 - No control,01 - Non intersection,07 - Dark,03 - P.D. only,05 - Turning movement,Bells Corners West
10184,MOODIE DR btwn HWY417 IC134 RAMP53 & TIMM DR,356535.9264,5021752.773,-75.83993292,45.33381594,2016-02-24,15:10,02 - Rain,03 - Loose snow,10 - No control,01 - Non intersection,01 - Daylight,03 - P.D. only,04 - Sideswipe,Greenbelt
10185,MOODIE DR btwn MCKENNA CASEY DR & CAMBRIAN RD,360342.9729,5012676.203,-75.79238116,45.25185327,2016-11-24,17:00,03 - Snow,02 - Wet,10 - No control,01 - Non intersection,05 - Dusk,03 - P.D. only,06 - SMV unattended vehicle,Munster Hamlet - Richmond
10186,MOODIE DR btwn RICHMOND RD & RICHMOND RD,357412.1445,5019635.771,-75.82897948,45.3147018,2016-03-18,14:14,01 - Clear,01 - Dry,10 - No control,01 - Non intersection,01 - Daylight,02 - Non-fatal injury,04 - Sideswipe,Bells Corners East
10187,MOODIE DR btwn RICHMOND RD & RICHMOND RD,357409.3274,5019642.294,-75.82901472,45.31476071,2016-08-12,10:50,01 - Clear,01 - Dry,10 - No control,01 - Non intersection,01 - Daylight,02 - Non-fatal injury,07 - SMV other,Bells Corners East
10188,MOODIE DR btwn ROBERTSON RD & HADLEY CIRC,357106.6082,5020367.663,-75.83279877,45.32131028,2016-09-29,8:41,01 - Clear,01 - Dry,10 - No control,04 - At/near private drive,01 - Daylight,03 - P.D. only,02 - Angle,Bells Corners West
10189,MOODIE DR btwn ROBERTSON RD & HADLEY CIRC,357079.6049,5020425.84,-75.83313705,45.32183577,2016-12-05,7:36,03 - Snow,03 - Loose snow,10 - No control,04 - At/near private drive,03 - Dawn,03 - P.D. only,02 - Angle,Bells Corners West
10190,MOODIE DR btwn SONGBIRD PRIV & Continuation of MOODIE DR,357704.0954,5018959.282,-75.8253284,45.30859275,2016-03-24,19:47,04 - Freezing Rain,04 - Slush,10 - No control,01 - Non intersection,07 - Dark,02 - Non-fatal injury,07 - SMV other,Greenbelt
10191,MOODIE DR btwn SONGBIRD PRIV & Continuation of MOODIE DR,357607.4974,5019182.12,-75.82653645,45.31060514,2016-12-21,17:47,01 - Clear,02 - Wet,10 - No control,01 - Non intersection,07 - Dark,03 - P.D. only,06 - SMV unattended vehicle,Greenbelt
10192,MOODIE DR btwn TRAIL RD & BARNSDALE RD,361169.0659,5010696.093,-75.78208199,45.23397029,2016-03-22,6:59,01 - Clear,01 - Dry,10 - No control,01 - Non intersection,03 - Dawn,02 - Non-fatal injury,07 - SMV other,Munster Hamlet - Richmond
10193,MOODIE DR btwn WEST HUNT CLUB RD & ALTI PL,358279.2789,5017578.35,-75.81814273,45.29612341,2016-12-16,17:57,01 - Clear,02 - Wet,10 - No control,01 - Non intersection,07 - Dark,02 - Non-fatal injury,01 - Approaching,Greenbelt
10194,MOODIE DR btwn WEST HUNT CLUB RD & ALTI PL,359132.9014,5015491.853,-75.80748838,45.27728338,2016-09-16,17:55,01 - Clear,01 - Dry,10 - No control,01 - Non intersection,01 - Daylight,03 - P.D. only,07 - SMV other,Greenbelt