Record,Location,X,Y,lon,lat,Date,Time,Environment,Road_Surface,Traffic_Control,Collision_Location,Light,Collision_Classification,Impact_type,Neighborhood
10195,MOODIE DR btwn WEST HUNT CLUB RD & ALTI PL,358781.9617,5016322.702,-75.81187066,45.2847865,2016-09-16,19:48,01 - Clear,01 - Dry,10 - No control,01 - Non intersection,05 - Dusk,03 - P.D. only,07 - SMV other,Greenbelt
10196,MOODIE DR btwn WEST HUNT CLUB RD & ALTI PL,358801.4247,5016302.037,-75.81162482,45.28459906,2016-09-16,19:52,01 - Clear,01 - Dry,10 - No control,01 - Non intersection,07 - Dark,03 - P.D. only,07 - SMV other,Greenbelt
10197,MOODIE DR btwn WEST HUNT CLUB RD & ALTI PL,357947.4033,5018406.116,-75.82228509,45.30359693,2016-10-22,17:26,01 - Clear,02 - Wet,10 - No control,01 - Non intersection,01 - Daylight,03 - P.D. only,07 - SMV other,Greenbelt
10198,MOODIE DR btwn WIFFEN PRIV & RICHMOND RD,357389.0792,5019701.398,-75.82926667,45.31529405,2016-11-24,8:56,03 - Snow,04 - Slush,10 - No control,01 - Non intersection,01 - Daylight,03 - P.D. only,04 - Sideswipe,Bells Corners East
10199,MOONEY'S BAY PL @ RIVERSIDE DR,368355.6628,5025297.488,-75.68869034,45.36473949,2016-08-23,16:46,01 - Clear,01 - Dry,01 - Traffic signal,02 - Intersection related,01 - Daylight,03 - P.D. only,03 - Rear end,Riverside Park
10200,MOONEY'S BAY PL @ RIVERSIDE DR,368355.714,5025296.971,-75.68868975,45.36473484,2016-12-31,16:56,03 - Snow,03 - Loose snow,01 - Traffic signal,03 - At intersection,07 - Dark,03 - P.D. only,05 - Turning movement,Riverside Park
10201,MOONEY'S BAY PL @ RIVERSIDE DR,368354.8868,5025296.098,-75.68870042,45.36472706,2016-12-07,16:52,01 - Clear,02 - Wet,01 - Traffic signal,02 - Intersection related,05 - Dusk,03 - P.D. only,03 - Rear end,Riverside Park
10202,MOONEY'S BAY PL btwn BAYSIDE PRIV & SPRINGLAND DR,368624.5152,5025336.134,-75.6852537,45.36506279,2016-04-20,12:40,01 - Clear,01 - Dry,10 - No control,01 - Non intersection,01 - Daylight,03 - P.D. only,06 - SMV unattended vehicle,Riverside Park
10203,MOONEY'S BAY PL btwn RIVERSIDE DR & WATERVIEW CRT,368454.2494,5025312.972,-75.68742998,45.36486987,2016-06-15,12:36,01 - Clear,01 - Dry,10 - No control,01 - Non intersection,01 - Daylight,03 - P.D. only,01 - Approaching,Riverside Park
10204,MOORE ST @ HUNTLEY RD,356465.6138,5006850.167,-75.84238017,45.19972435,2016-11-04,12:42,01 - Clear,01 - Dry,02 - Stop sign,03 - At intersection,01 - Daylight,03 - P.D. only,02 - Angle,Richmond
10205,MOORVALE ST btwn MCARTHUR AVE & ROPER AVE,371452.2,5032747.546,-75.64815959,45.43148455,2016-11-23,7:10,01 - Clear,01 - Dry,10 - No control,01 - Non intersection,03 - Dawn,03 - P.D. only,06 - SMV unattended vehicle,Castle Heights
10206,MOREWOOD CRES btwn LEVAC DR & LEVAC DR,384394.2106,5038085.383,-75.48191603,45.47815636,2016-06-16,21:00,01 - Clear,01 - Dry,10 - No control,01 - Non intersection,05 - Dusk,03 - P.D. only,06 - SMV unattended vehicle,Fallingbrook
10207,MORIN RD @ REGIONAL RD 174,392040.4484,5042781.78,-75.38329641,45.51949508,2016-06-30,18:13,01 - Clear,01 - Dry,02 - Stop sign,02 - Intersection related,01 - Daylight,02 - Non-fatal injury,03 - Rear end,Cumberland - Estates
10208,MORIN RD @ REGIONAL RD 174,392039.5703,5042781.78,-75.38330765,45.51949519,2016-01-13,14:25,01 - Clear,06 - Ice,02 - Stop sign,02 - Intersection related,01 - Daylight,03 - P.D. only,04 - Sideswipe,Cumberland - Estates
10209,MORISSET AVE btwn CALDWELL AVE & MERIVALE RD,364398.5662,5026201.509,-75.73909034,45.37322136,2016-05-22,9:33,01 - Clear,01 - Dry,10 - No control,01 - Non intersection,01 - Daylight,03 - P.D. only,06 - SMV unattended vehicle,Carlington
10210,MORRISON DR @ BASELINE RD,360100.5857,5022309.264,-75.79439477,45.33855138,2016-06-24,12:43,01 - Clear,01 - Dry,01 - Traffic signal,02 - Intersection related,01 - Daylight,03 - P.D. only,03 - Rear end,Qualicum - Redwood Park
10211,MORRISON DR @ BASELINE RD,360097.1827,5022308.251,-75.7944383,45.33854253,2016-12-01,17:07,01 - Clear,01 - Dry,01 - Traffic signal,02 - Intersection related,07 - Dark,03 - P.D. only,03 - Rear end,Qualicum - Redwood Park
10212,MORRISON DR btwn DRAPER AVE & BASELINE RD,360093.0419,5022324.815,-75.79448928,45.3386919,2016-10-17,10:08,01 - Clear,01 - Dry,10 - No control,01 - Non intersection,01 - Daylight,03 - P.D. only,06 - SMV unattended vehicle,Qualicum - Redwood Park
10213,MOSS GROVE ST btwn SORENTO ST & PAUL METIVIER DR,366231.8509,5014874.925,-75.71709153,45.27114787,2016-02-17,18:01,03 - Snow,03 - Loose snow,10 - No control,04 - At/near private drive,07 - Dark,03 - P.D. only,06 - SMV unattended vehicle,New Barrhaven
10214,MOUNTSHANNON DR btwn LONGFIELDS DR & BOULDER WAY,364295.9551,5016662.6,-75.74154675,45.28739981,2016-05-24,18:20,01 - Clear,01 - Dry,10 - No control,04 - At/near private drive,01 - Daylight,03 - P.D. only,06 - SMV unattended vehicle,New Barrhaven
10215,MULBERRY CRES btwn MARQUIS AVE & MARQUIS AVE,375011.9851,5034664.968,-75.60239613,45.44838808,2016-03-19,23:48,01 - Clear,01 - Dry,10 - No control,04 - At/near private drive,07 - Dark,03 - P.D. only,07 - SMV other,Beacon Hill North
10216,MULDER AVE @ PROVENCE AVE,386072.5021,5037271.922,-75.46058721,45.47064432,2016-04-13,20:33,01 - Clear,01 - Dry,02 - Stop sign,02 - Intersection related,07 - Dark,02 - Non-fatal injury,07 - SMV other,Cardinal Creek
10217,MULDER AVE btwn SCULLY WAY & SCULLY WAY,386316.1734,5037253.758,-75.45747437,45.4704525,2016-01-29,19:00,01 - Clear,02 - Wet,10 - No control,01 - Non intersection,07 - Dark,03 - P.D. only,06 - SMV unattended vehicle,Cardinal Creek
10218,MULKINS ST N @ STITTSVILLE MAIN ST,349902.4859,5013758.222,-75.92528752,45.26233629,2016-08-24,15:33,01 - Clear,01 - Dry,02 - Stop sign,02 - Intersection related,01 - Daylight,03 - P.D. only,03 - Rear end,Stittsville
10219,MULLIN PRIV/PENENCY PRIV @ RENAUD RD,381958.429,5032822.14,-75.51389296,45.43107548,2016-10-22,13:14,02 - Rain,02 - Wet,,03 - At intersection,01 - Daylight,02 - Non-fatal injury,05 - Turning movement,Chapel Hill South
10220,MULVAGH AVE btwn WALGATE AVE & CHARKAY ST,365522.5354,5024188.176,-75.72498906,45.35500924,2016-08-18,16:58,01 - Clear,01 - Dry,10 - No control,01 - Non intersection,01 - Daylight,03 - P.D. only,06 - SMV unattended vehicle,Borden Farm - Stewart Farm - Parkwood Hills - Fisher Glen
10221,MUNSTER RD btwn FRANKTOWN RD & JOCK TR,350749.2497,5000738.675,-75.91569884,45.14512595,2016-08-20,3:00,01 - Clear,01 - Dry,10 - No control,01 - Non intersection,07 - Dark,03 - P.D. only,07 - SMV other,Munster Hamlet - Richmond
10222,MURIEL ST btwn FIFTH AVE & HOLMWOOD AVE,367728.5658,5028877.738,-75.69623831,45.39701022,2016-09-16,16:00,01 - Clear,01 - Dry,10 - No control,04 - At/near private drive,01 - Daylight,03 - P.D. only,02 - Angle,The Glebe
10223,MURPHY SIDE RD @ SECOND LINE RD,343966.0464,5027522.388,-75.99984,45.38654693,2016-06-09,7:30,01 - Clear,01 - Dry,02 - Stop sign,03 - At intersection,01 - Daylight,03 - P.D. only,02 - Angle,Carp - Hardwood Plains
10224,MURPHY SIDE RD btwn MARCHURST RD & SECOND LINE RD,343530.2429,5027140.001,-76.00543511,45.38313034,2016-11-21,13:35,03 - Snow,06 - Ice,10 - No control,01 - Non intersection,01 - Daylight,03 - P.D. only,07 - SMV other,Carp - Hardwood Plains
10225,MURRAY ST @ SUSSEX DR,367706.8705,5032393.4,-75.69606668,45.42864499,2016-02-14,2:46,01 - Clear,01 - Dry,01 - Traffic signal,03 - At intersection,07 - Dark,02 - Non-fatal injury,02 - Angle,Byward Market - Parliament Hill
10226,MURRAY ST @ SUSSEX DR,367707.4702,5032394.656,-75.69605886,45.42865624,2016-11-06,18:10,01 - Clear,01 - Dry,01 - Traffic signal,03 - At intersection,07 - Dark,02 - Non-fatal injury,02 - Angle,Byward Market - Parliament Hill
10227,MURRAY ST btwn ALEXANDRA BR & MACKENZIE AVE,367589.0927,5032392.909,-75.69757177,45.42865116,2016-01-12,6:10,01 - Clear,01 - Dry,10 - No control,01 - Non intersection,07 - Dark,03 - P.D. only,04 - Sideswipe,Byward Market - Parliament Hill
10228,MURRAY ST btwn DALHOUSIE ST & CUMBERLAND ST,368135.0969,5032657.48,-75.69056065,45.43098244,2016-09-02,15:47,01 - Clear,01 - Dry,10 - No control,04 - At/near private drive,01 - Daylight,02 - Non-fatal injury,02 - Angle,Byward Market
10229,MURRAY ST btwn DALHOUSIE ST & CUMBERLAND ST,368034.3846,5032594.56,-75.69185573,45.43042543,2016-01-21,20:35,01 - Clear,02 - Wet,10 - No control,01 - Non intersection,07 - Dark,03 - P.D. only,04 - Sideswipe,Byward Market
10230,MURRAY ST btwn DALHOUSIE ST & CUMBERLAND ST,368018.6565,5032583.471,-75.69205814,45.43032707,2016-04-17,1:20,01 - Clear,01 - Dry,10 - No control,01 - Non intersection,07 - Dark,03 - P.D. only,04 - Sideswipe,Byward Market
10231,MURRAY ST btwn DALHOUSIE ST & CUMBERLAND ST,368159.1027,5032673.788,-75.69025178,45.431127,2016-10-25,19:00,01 - Clear,01 - Dry,10 - No control,01 - Non intersection,07 - Dark,03 - P.D. only,06 - SMV unattended vehicle,Byward Market
10232,MURRAY ST btwn KING EDWARD AVE & ST. PATRICK ST,368328.9669,5032791.263,-75.68806592,45.43216859,2016-12-04,20:09,01 - Clear,01 - Dry,10 - No control,01 - Non intersection,07 - Dark,02 - Non-fatal injury,07 - SMV other,Lower Town
10233,MURRAY ST btwn PARENT AVE & DALHOUSIE ST,367957.6349,5032546.265,-75.69284269,45.42999782,2016-12-02,19:26,01 - Clear,01 - Dry,10 - No control,01 - Non intersection,07 - Dark,02 - Non-fatal injury,04 - Sideswipe,Byward Market
10234,MURRAY ST btwn PARENT AVE & DALHOUSIE ST,367979.3508,5032561.01,-75.6925633,45.43012853,2016-03-24,9:35,04 - Freezing Rain,02 - Wet,10 - No control,01 - Non intersection,01 - Daylight,03 - P.D. only,04 - Sideswipe,Byward Market
10235,MURRAY ST btwn PARENT AVE & DALHOUSIE ST,367931.6878,5032531.329,-75.69317618,45.42986577,2016-02-26,15:46,01 - Clear,01 - Dry,10 - No control,01 - Non intersection,01 - Daylight,03 - P.D. only,06 - SMV unattended vehicle,Byward Market
10236,MURRAY ST btwn PARENT AVE & DALHOUSIE ST,367888.3865,5032503.142,-75.69373313,45.42961606,2016-06-14,22:36,01 - Clear,01 - Dry,10 - No control,01 - Non intersection,07 - Dark,03 - P.D. only,06 - SMV unattended vehicle,Byward Market
10237,MURRAY ST btwn PARENT AVE & DALHOUSIE ST,367874.7448,5032497.292,-75.6939082,45.42956466,2016-04-10,3:38,01 - Clear,01 - Dry,10 - No control,01 - Non intersection,07 - Dark,03 - P.D. only,06 - SMV unattended vehicle,Byward Market
10238,MURRAY ST btwn SUSSEX DR & PARENT AVE,367840.9411,5032475.463,-75.69434296,45.4293713,2016-04-21,17:30,01 - Clear,01 - Dry,10 - No control,01 - Non intersection,01 - Daylight,02 - Non-fatal injury,04 - Sideswipe,Byward Market
10239,MURRAY ST btwn SUSSEX DR & PARENT AVE,367772.2931,5032435.551,-75.69522529,45.42901837,2016-02-06,17:13,01 - Clear,01 - Dry,10 - No control,01 - Non intersection,07 - Dark,03 - P.D. only,06 - SMV unattended vehicle,Byward Market
10240,MURRAY ST btwn SUSSEX DR & PARENT AVE,367724.4336,5032404.816,-75.69584079,45.42874613,2016-01-25,19:24,01 - Clear,02 - Wet,10 - No control,01 - Non intersection,07 - Dark,03 - P.D. only,04 - Sideswipe,Byward Market
10241,MUSTANG ST @ NAVAN RD,387695.7961,5032042.76,-75.44071109,45.42340689,2016-11-03,6:15,02 - Rain,02 - Wet,02 - Stop sign,03 - At intersection,03 - Dawn,03 - P.D. only,02 - Angle,Navan
10242,MUTUAL ST @ RAINIER ST,371968.0437,5032993.126,-75.64153415,45.43364481,2016-05-05,12:31,01 - Clear,01 - Dry,10 - No control,02 - Intersection related,01 - Daylight,03 - P.D. only,03 - Rear end,Cummings
10243,MUTUAL ST btwn MAY ST & ST. LAURENT BLVD,371861.2561,5032959.856,-75.64290337,45.43335571,2016-12-30,16:45,01 - Clear,03 - Loose snow,10 - No control,01 - Non intersection,05 - Dusk,03 - P.D. only,06 - SMV unattended vehicle,Vanier South
10244,NANAIMO DR @ OKANAGAN DR,359436.4561,5022678.841,-75.80282726,45.34192887,2016-11-14,9:57,01 - Clear,01 - Dry,02 - Stop sign,03 - At intersection,01 - Daylight,03 - P.D. only,99 - Other,Qualicum - Redwood Park
10245,NANTES ST btwn BRIAN COBURN BLVD & IVANY WAY,386099.4111,5035697.258,-75.46050354,45.45647392,2016-10-29,16:45,01 - Clear,01 - Dry,10 - No control,04 - At/near private drive,05 - Dusk,03 - P.D. only,06 - SMV unattended vehicle,Notting Hill
10246,NASKAPI DR btwn ROTHWELL DR & LUDGATE CRT,374845.3939,5034735.156,-75.60451561,45.44903631,2016-01-16,0:00,03 - Snow,03 - Loose snow,10 - No control,01 - Non intersection,00 - Unknown,03 - P.D. only,06 - SMV unattended vehicle,Beacon Hill North
10247,NATIONAL CAPITAL COMM DRWY btwn HOLLAND AVE & TUNIS AVE,365518.8183,5027759.638,-75.72459748,45.38714492,2016-07-24,14:35,01 - Clear,01 - Dry,10 - No control,01 - Non intersection,01 - Daylight,02 - Non-fatal injury,01 - Approaching,Civic Hospital - Experimental Farm - Central Park
10248,NATIONAL CAPITAL COMM DRWY btwn TUNIS AVE & ASH LANE,365563.9828,5027534.835,-75.72404845,45.38511827,2016-12-23,4:50,01 - Clear,04 - Slush,10 - No control,01 - Non intersection,07 - Dark,03 - P.D. only,07 - SMV other,Civic Hospital - Experimental Farm - Central Park
10249,NATURE TRAIL CRES btwn PAGE RD & NOBLEWOOD WAY (1),381249.8201,5033718.949,-75.52280859,45.4392221,2016-10-20,17:30,02 - Rain,02 - Wet,10 - No control,01 - Non intersection,07 - Dark,03 - P.D. only,06 - SMV unattended vehicle,Chapel Hill South
10250,NAUGHTON ST @ QUEEN MARY ST,371333.4964,5032068.035,-75.6497683,45.42538191,2016-03-02,10:52,01 - Clear,05 - Packed snow,02 - Stop sign,03 - At intersection,01 - Daylight,03 - P.D. only,02 - Angle,Overbrook
10251,NAUGHTON ST btwn AVE. VINCENT MASSEY AVE & KING GEORGE ST,371317.5091,5032203.97,-75.64995422,45.42660652,2016-07-24,0:00,01 - Clear,01 - Dry,10 - No control,01 - Non intersection,00 - Unknown,03 - P.D. only,06 - SMV unattended vehicle,Overbrook
10252,NAVAHO DR @ DEERFIELD DR,363162.1443,5023961.138,-75.75513928,45.35316681,2016-06-09,12:22,01 - Clear,01 - Dry,02 - Stop sign,03 - At intersection,01 - Daylight,03 - P.D. only,05 - Turning movement,Crestview - Meadowlands
10253,NAVAHO DR @ WOODROFFE AVE/TRANSITWAY N BASELIN,362705.1442,5023493.899,-75.76102608,45.34900052,2016-02-12,15:27,01 - Clear,01 - Dry,01 - Traffic signal,02 - Intersection related,01 - Daylight,02 - Non-fatal injury,03 - Rear end,Crestview - Meadowlands
10254,NAVAHO DR @ WOODROFFE AVE/TRANSITWAY N BASELIN,362706.4614,5023492.142,-75.76100947,45.3489846,2016-10-16,13:56,01 - Clear,01 - Dry,01 - Traffic signal,03 - At intersection,01 - Daylight,02 - Non-fatal injury,05 - Turning movement,Crestview - Meadowlands
10255,NAVAHO DR @ WOODROFFE AVE/TRANSITWAY N BASELIN,362706.036,5023494.021,-75.76101468,45.34900154,2016-01-23,11:17,01 - Clear,01 - Dry,01 - Traffic signal,02 - Intersection related,01 - Daylight,02 - Non-fatal injury,03 - Rear end,Crestview - Meadowlands
10256,NAVAHO DR @ WOODROFFE AVE/TRANSITWAY N BASELIN,362705.5833,5023492.582,-75.76102063,45.34898863,2016-07-09,12:19,01 - Clear,01 - Dry,01 - Traffic signal,02 - Intersection related,01 - Daylight,02 - Non-fatal injury,03 - Rear end,Crestview - Meadowlands
10257,NAVAHO DR @ WOODROFFE AVE/TRANSITWAY N BASELIN,362706.4614,5023491.703,-75.76100952,45.34898065,2016-10-19,7:35,01 - Clear,01 - Dry,01 - Traffic signal,03 - At intersection,01 - Daylight,03 - P.D. only,05 - Turning movement,Crestview - Meadowlands
10258,NAVAHO DR @ WOODROFFE AVE/TRANSITWAY N BASELIN,362707.8982,5023492.387,-75.76099111,45.34898669,2016-09-03,10:04,01 - Clear,01 - Dry,01 - Traffic signal,02 - Intersection related,01 - Daylight,03 - P.D. only,03 - Rear end,Crestview - Meadowlands
10259,NAVAHO DR @ WOODROFFE AVE/TRANSITWAY N BASELIN,362706.0174,5023493.026,-75.76101504,45.34899259,2016-04-09,11:15,01 - Clear,01 - Dry,01 - Traffic signal,02 - Intersection related,01 - Daylight,03 - P.D. only,03 - Rear end,Crestview - Meadowlands
10260,NAVAHO DR @ WOODROFFE AVE/TRANSITWAY N BASELIN,362705.4914,5023493.176,-75.76102173,45.34899398,2016-01-13,8:25,03 - Snow,03 - Loose snow,01 - Traffic signal,03 - At intersection,01 - Daylight,03 - P.D. only,05 - Turning movement,Crestview - Meadowlands
10261,NAVAHO DR @ WOODROFFE AVE/TRANSITWAY N BASELIN,362706.4664,5023493.923,-75.7610092,45.34900062,2016-05-06,9:32,01 - Clear,01 - Dry,01 - Traffic signal,02 - Intersection related,01 - Daylight,03 - P.D. only,03 - Rear end,Crestview - Meadowlands
10262,NAVAHO DR @ WOODROFFE AVE/TRANSITWAY N BASELIN,362706.4664,5023492.577,-75.76100936,45.34898851,2016-04-13,16:00,01 - Clear,01 - Dry,01 - Traffic signal,03 - At intersection,01 - Daylight,03 - P.D. only,05 - Turning movement,Crestview - Meadowlands
10263,NAVAHO DR @ WOODROFFE AVE/TRANSITWAY N BASELIN,362706.4614,5023493.021,-75.76100937,45.34899251,2016-11-15,20:14,01 - Clear,01 - Dry,01 - Traffic signal,03 - At intersection,07 - Dark,03 - P.D. only,05 - Turning movement,Crestview - Meadowlands
10264,NAVAHO DR @ WOODROFFE AVE/TRANSITWAY N BASELIN,362705.789,5023493.62,-75.76101788,45.34899795,2016-12-08,22:21,04 - Freezing Rain,06 - Ice,01 - Traffic signal,02 - Intersection related,07 - Dark,03 - P.D. only,99 - Other,Crestview - Meadowlands
10265,NAVAHO DR @ WOODROFFE AVE/TRANSITWAY N BASELIN,362705.1442,5023493.46,-75.76102613,45.34899657,2016-12-01,12:18,01 - Clear,01 - Dry,01 - Traffic signal,02 - Intersection related,01 - Daylight,03 - P.D. only,05 - Turning movement,Crestview - Meadowlands
10266,NAVAHO DR btwn GAGE CRES & BASELINE RD,363082.6172,5024103.653,-75.75613738,45.35445576,2016-11-01,6:46,01 - Clear,01 - Dry,10 - No control,04 - At/near private drive,07 - Dark,03 - P.D. only,05 - Turning movement,Braemar Park - Bel Air Heights - Copeland Park
10267,NAVAHO DR btwn NAVAHO DR & DEERFIELD DR,363133.792,5024009.721,-75.75549537,45.35360632,2016-09-06,16:45,01 - Clear,01 - Dry,10 - No control,01 - Non intersection,01 - Daylight,02 - Non-fatal injury,07 - SMV other,Crestview - Meadowlands
10268,NAVAN RD @ PAGE RD,381659.1014,5032771.648,-75.51772576,45.43065416,2016-11-02,16:09,01 - Clear,01 - Dry,02 - Stop sign,03 - At intersection,01 - Daylight,02 - Non-fatal injury,05 - Turning movement,Chapel Hill South
10269,NAVAN RD @ PAGE RD,381659.9855,5032770.775,-75.5177146,45.4306462,2016-06-16,20:07,01 - Clear,01 - Dry,02 - Stop sign,03 - At intersection,01 - Daylight,03 - P.D. only,02 - Angle,Chapel Hill South
10270,NAVAN RD @ PAGE RD,381659.2516,5032770.438,-75.51772403,45.43064325,2016-01-25,16:46,01 - Clear,01 - Dry,02 - Stop sign,03 - At intersection,05 - Dusk,03 - P.D. only,02 - Angle,Chapel Hill South
10271,NAVAN RD @ TENTH LINE RD,385757.563,5031832.758,-75.46550932,45.42174447,2016-01-08,20:45,01 - Clear,01 - Dry,01 - Traffic signal,02 - Intersection related,07 - Dark,02 - Non-fatal injury,03 - Rear end,Navan - Vars
10272,NAVAN RD @ TENTH LINE RD,385758.4617,5031832.983,-75.4654978,45.42174639,2016-05-02,11:46,01 - Clear,01 - Dry,01 - Traffic signal,02 - Intersection related,01 - Daylight,02 - Non-fatal injury,03 - Rear end,Navan - Vars
10273,NAVAN RD @ TRIM RD,388560.0187,5032374.428,-75.4296131,45.42628795,2016-01-28,6:52,01 - Clear,01 - Dry,02 - Stop sign,03 - At intersection,07 - Dark,03 - P.D. only,02 - Angle,Navan
10274,NAVAN RD btwn DIAMOND WAY & TENTH LINE RD,385558.4617,5031877.477,-75.46804573,45.42216982,2016-05-07,7:51,01 - Clear,01 - Dry,10 - No control,01 - Non intersection,01 - Daylight,02 - Non-fatal injury,07 - SMV other,Navan - Vars
10275,NAVAN RD btwn DIAMOND WAY & TENTH LINE RD,385461.2624,5031897.062,-75.46928436,45.42235725,2016-08-31,16:41,02 - Rain,02 - Wet,10 - No control,01 - Non intersection,01 - Daylight,02 - Non-fatal injury,05 - Turning movement,Navan - Vars
10276,NAVAN RD btwn DIAMOND WAY & TENTH LINE RD,384343.6156,5032097.155,-75.48353143,45.42428548,2016-02-11,14:27,01 - Clear,01 - Dry,10 - No control,04 - At/near private drive,01 - Daylight,03 - P.D. only,05 - Turning movement,Navan - Vars
10277,NAVAN RD btwn INNES RD & ORLEANS BLVD,379685.2631,5033233.123,-75.54287803,45.43502031,2016-06-20,1:35,01 - Clear,01 - Dry,10 - No control,01 - Non intersection,07 - Dark,03 - P.D. only,03 - Rear end,Greenbelt
10278,NAVAN RD btwn INNES RD & ORLEANS BLVD,379921.2689,5033218.504,-75.53986425,45.43486347,2016-06-07,7:00,01 - Clear,01 - Dry,10 - No control,01 - Non intersection,01 - Daylight,03 - P.D. only,07 - SMV other,Greenbelt
10279,NAVAN RD btwn MER BLEUE RD & DIAMOND WAY,384151.8018,5032184.355,-75.48596813,45.42509182,2016-04-06,18:00,03 - Snow,05 - Packed snow,10 - No control,01 - Non intersection,01 - Daylight,02 - Non-fatal injury,01 - Approaching,Navan - Vars
10280,NAVAN RD btwn MUSTANG ST & TO BE DETERMINED,387975.1143,5032152.523,-75.43712389,45.42436127,2016-08-06,17:16,01 - Clear,01 - Dry,10 - No control,01 - Non intersection,01 - Daylight,03 - P.D. only,03 - Rear end,Navan
10281,NAVAN RD btwn MUSTANG ST & TO BE DETERMINED,388420.0265,5032315.526,-75.43141178,45.42577476,2016-07-11,13:03,01 - Clear,01 - Dry,10 - No control,01 - Non intersection,01 - Daylight,03 - P.D. only,01 - Approaching,Navan
10282,NAVAN RD btwn ORLEANS BLVD & PAGE RD,381608.9276,5032779.651,-75.51836565,45.43073167,2016-02-17,18:40,03 - Snow,06 - Ice,10 - No control,04 - At/near private drive,07 - Dark,03 - P.D. only,03 - Rear end,Chapel Hill South
10283,NAVAN RD btwn ORLEANS BLVD & PAGE RD,381485.847,5032806.575,-75.51993422,45.43098742,2016-12-05,18:40,03 - Snow,05 - Packed snow,10 - No control,04 - At/near private drive,07 - Dark,03 - P.D. only,03 - Rear end,Chapel Hill South
10284,NAVAN RD W @ MER BLEUE RD,384007.5254,5032256.969,-75.48779987,45.42576149,2016-04-27,16:05,01 - Clear,01 - Dry,02 - Stop sign,03 - At intersection,01 - Daylight,02 - Non-fatal injury,03 - Rear end,Chapel Hill South
10285,NAVY PRIV @ PRINCE OF WALES DR,366839.7247,5028678.42,-75.70761509,45.39529613,2016-02-25,17:02,03 - Snow,06 - Ice,02 - Stop sign,02 - Intersection related,01 - Daylight,03 - P.D. only,03 - Rear end,The Glebe
10286,NEIL WAY @ RIVERSIDE DR,369464.9323,5028291.518,-75.67413951,45.3915774,2016-05-16,8:30,01 - Clear,01 - Dry,02 - Stop sign,03 - At intersection,01 - Daylight,03 - P.D. only,03 - Rear end,Alta Vista
10287,NEIL WAY @ RIVERSIDE DR,369463.9351,5028290.768,-75.67415234,45.39157074,2016-11-09,16:49,01 - Clear,01 - Dry,02 - Stop sign,03 - At intersection,05 - Dusk,03 - P.D. only,02 - Angle,Alta Vista
10288,NEIL WAY @ RIVERSIDE DR,369465.9122,5028291.256,-75.67412703,45.39157495,2016-12-23,15:08,01 - Clear,02 - Wet,02 - Stop sign,02 - Intersection related,01 - Daylight,03 - P.D. only,04 - Sideswipe,Alta Vista
10289,NELSON ST @ RIDEAU ST,368651.4403,5032497.803,-75.68398301,45.42949878,2016-04-01,21:47,01 - Clear,01 - Dry,01 - Traffic signal,03 - At intersection,07 - Dark,02 - Non-fatal injury,05 - Turning movement,Lowe
10290,NELSON ST @ RIDEAU ST,368650.7616,5032499.61,-75.68399145,45.4295151,2016-08-25,16:23,01 - Clear,01 - Dry,01 - Traffic signal,03 - At intersection,01 - Daylight,02 - Non-fatal injury,05 - Turning movement,Lowe
10291,NELSON ST @ RIDEAU ST,368650.3152,5032499.173,-75.68399721,45.42951121,2016-03-15,16:55,02 - Rain,02 - Wet,01 - Traffic signal,03 - At intersection,01 - Daylight,03 - P.D. only,05 - Turning movement,Lowe
10292,NELSON ST @ RIDEAU ST,368651.2006,5032498.731,-75.68398596,45.42950715,2016-12-15,16:09,01 - Clear,01 - Dry,01 - Traffic signal,02 - Intersection related,05 - Dusk,03 - P.D. only,05 - Turning movement,Lowe
10293,NELSON ST @ SOMERSET ST,369095.3652,5031761.357,-75.6784064,45.42283184,2016-09-28,18:37,01 - Clear,01 - Dry,02 - Stop sign,03 - At intersection,01 - Daylight,02 - Non-fatal injury,05 - Turning movement,Sandy Hill
10294,NELSON ST @ SOMERSET ST,369095.3652,5031761.796,-75.67840635,45.42283579,2016-02-03,16:00,01 - Clear,02 - Wet,02 - Stop sign,03 - At intersection,01 - Daylight,03 - P.D. only,05 - Turning movement,Sandy Hill
10295,NELSON ST @ STEWART ST,368771.1032,5032289.025,-75.68248101,45.42760934,2016-09-28,21:40,01 - Clear,01 - Dry,02 - Stop sign,03 - At intersection,07 - Dark,03 - P.D. only,02 - Angle,Sandy Hill
10296,NELSON ST @ STEWART ST,368770.4959,5032289.677,-75.68248868,45.42761526,2016-12-22,16:03,01 - Clear,04 - Slush,02 - Stop sign,03 - At intersection,05 - Dusk,03 - P.D. only,02 - Angle,Sandy Hill
10297,NELSON ST btwn BESSERER ST & DALY AVE,368695.7903,5032413.872,-75.68342717,45.42873955,2016-08-27,0:00,01 - Clear,01 - Dry,10 - No control,01 - Non intersection,00 - Unknown,03 - P.D. only,06 - SMV unattended vehicle,Sandy Hill
10298,NELSON ST btwn MURRAY ST & END,368409.1244,5032876.863,-75.68703051,45.4329315,2016-02-20,14:30,02 - Rain,04 - Slush,10 - No control,01 - Non intersection,01 - Daylight,03 - P.D. only,06 - SMV unattended vehicle,Lower Town