Record,Location,X,Y,lon,lat,Date,Time,Environment,Road_Surface,Traffic_Control,Collision_Location,Light,Collision_Classification,Impact_type,Neighborhood
10299,NELSON ST btwn SOMERSET ST E & TEMPLETON ST,369126.1766,5031711.473,-75.67801924,45.42238017,2016-12-31,23:08,03 - Snow,03 - Loose snow,10 - No control,01 - Non intersection,07 - Dark,03 - P.D. only,04 - Sideswipe,Sandy Hill
10300,NELSON ST btwn YORK ST & RIDEAU ST,368596.755,5032585.669,-75.68467043,45.43029435,2016-01-01,22:35,03 - Snow,03 - Loose snow,10 - No control,01 - Non intersection,07 - Dark,03 - P.D. only,04 - Sideswipe,Lower Town
10301,NELSON ST btwn YORK ST & RIDEAU ST,368628.8433,5032533.217,-75.68426718,45.42981948,2016-04-10,13:42,01 - Clear,01 - Dry,10 - No control,01 - Non intersection,01 - Daylight,03 - P.D. only,06 - SMV unattended vehicle,Lower Town
10302,NEPEAN ST @ BANK ST,367561.2042,5031133.951,-75.69808853,45.41732597,2016-05-06,11:55,01 - Clear,01 - Dry,02 - Stop sign,03 - At intersection,01 - Daylight,02 - Non-fatal injury,07 - SMV other,Centretown
10303,NEPEAN ST @ BANK ST,367562.9324,5031133.576,-75.6980665,45.41732244,2016-08-06,19:24,01 - Clear,01 - Dry,02 - Stop sign,02 - Intersection related,01 - Daylight,02 - Non-fatal injury,03 - Rear end,Centretown
10304,NEPEAN ST @ BANK ST,367562.0465,5031133.356,-75.69807785,45.41732054,2016-10-15,9:56,01 - Clear,01 - Dry,02 - Stop sign,03 - At intersection,01 - Daylight,02 - Non-fatal injury,07 - SMV other,Centretown
10305,NEPEAN ST @ BANK ST,367562.4778,5031133.576,-75.69807231,45.41732248,2016-08-03,19:05,01 - Clear,01 - Dry,02 - Stop sign,03 - At intersection,01 - Daylight,03 - P.D. only,02 - Angle,Centretown
10306,NEPEAN ST @ O'CONNOR ST,367720.0681,5031226.371,-75.6960471,45.41814327,2016-09-22,9:00,01 - Clear,01 - Dry,02 - Stop sign,02 - Intersection related,01 - Daylight,02 - Non-fatal injury,03 - Rear end,Centretown
10307,NEPEAN ST @ O'CONNOR ST,367720.0335,5031226.81,-75.69604749,45.41814722,2016-06-22,16:20,01 - Clear,01 - Dry,02 - Stop sign,03 - At intersection,01 - Daylight,03 - P.D. only,02 - Angle,Centretown
10308,NEPEAN ST @ O'CONNOR ST,367720.8544,5031226.06,-75.69603709,45.4181404,2016-01-11,13:32,01 - Clear,01 - Dry,02 - Stop sign,02 - Intersection related,01 - Daylight,03 - P.D. only,04 - Sideswipe,Centretown
10309,NEPEAN ST @ O'CONNOR ST,367720.9294,5031225.487,-75.69603621,45.41813523,2016-01-20,13:28,01 - Clear,02 - Wet,02 - Stop sign,03 - At intersection,01 - Daylight,03 - P.D. only,02 - Angle,Centretown
10310,NEPEAN ST @ O'CONNOR ST,367720.4854,5031226.36,-75.69604177,45.41814313,2016-02-11,17:15,03 - Snow,03 - Loose snow,02 - Stop sign,03 - At intersection,05 - Dusk,03 - P.D. only,02 - Angle,Centretown
10311,NEPEAN ST @ O'CONNOR ST,367720.7435,5031226.273,-75.69603848,45.41814232,2016-05-12,17:29,01 - Clear,01 - Dry,02 - Stop sign,03 - At intersection,01 - Daylight,03 - P.D. only,02 - Angle,Centretown
10312,NEPEAN ST btwn BRONSON AVE & PERCY ST,366963.2794,5030789.904,-75.70577099,45.41428371,2016-05-05,17:20,01 - Clear,01 - Dry,10 - No control,01 - Non intersection,01 - Daylight,03 - P.D. only,06 - SMV unattended vehicle,Centretown
10313,NEPEAN ST btwn METCALFE ST & ELGIN ST,367984.1256,5031384.985,-75.69265314,45.41954663,2016-04-22,7:00,02 - Rain,02 - Wet,10 - No control,04 - At/near private drive,01 - Daylight,03 - P.D. only,05 - Turning movement,Centretown
10314,NEPEAN ST btwn O'CONNOR ST & METCALFE ST,367857.8603,5031310.135,-75.69427593,45.41888454,2016-04-12,17:21,01 - Clear,01 - Dry,10 - No control,01 - Non intersection,01 - Daylight,03 - P.D. only,04 - Sideswipe,Centretown
10315,NEPEAN ST btwn O'CONNOR ST & METCALFE ST,367768.7568,5031253.928,-75.69542153,45.41838683,2016-09-20,11:12,01 - Clear,01 - Dry,10 - No control,01 - Non intersection,01 - Daylight,03 - P.D. only,06 - SMV unattended vehicle,Centretown
10316,NERTA ST @ ST. LAURENT BLVD,373675.6326,5028604.332,-75.62032556,45.3939905,2016-09-17,17:01,02 - Rain,02 - Wet,02 - Stop sign,03 - At intersection,01 - Daylight,02 - Non-fatal injury,01 - Approaching,Hawthorne Meadows
10317,NERTA ST @ ST. LAURENT BLVD,373675.9021,5028606.622,-75.6203218,45.39401107,2016-11-16,8:55,02 - Rain,02 - Wet,02 - Stop sign,02 - Intersection related,01 - Daylight,02 - Non-fatal injury,03 - Rear end,Hawthorne Meadows
10318,NESS ST btwn MEADOWLANDS DR E & WIGAN DR,366464.352,5024865.327,-75.71288517,45.36101993,2016-11-24,19:30,01 - Clear,03 - Loose snow,10 - No control,01 - Non intersection,07 - Dark,03 - P.D. only,06 - SMV unattended vehicle,Borden Farm - Stewart Farm - Parkwood Hills - Fisher Glen
10319,NEW ORCHARD AVE @ RICHMOND RD,361293.4579,5026219.302,-75.77872874,45.37363866,2016-10-03,16:04,01 - Clear,01 - Dry,01 - Traffic signal,02 - Intersection related,01 - Daylight,03 - P.D. only,02 - Angle,Carlingwood West - Glabar Park - McKellar Heights
10320,NEW ORCHARD AVE @ RICHMOND RD,361293.4579,5026219.741,-75.77872869,45.37364261,2016-12-01,16:33,02 - Rain,02 - Wet,01 - Traffic signal,03 - At intersection,05 - Dusk,03 - P.D. only,05 - Turning movement,Carlingwood West - Glabar Park - McKellar Heights
10321,NEWBURY AVE btwn TIVERTON DR & BELIVEAU ST,365574.5625,5024507.153,-75.72428587,45.35787484,2016-06-26,2:00,01 - Clear,01 - Dry,10 - No control,01 - Non intersection,07 - Dark,03 - P.D. only,06 - SMV unattended vehicle,Borden Farm - Stewart Farm - Parkwood Hills - Fisher Glen
10322,NEWPORT CRES btwn HUNTERSFIELD DR & HUNTERSFIELD DR,373196.4032,5025145.332,-75.62692466,45.36291484,2016-02-26,17:06,04 - Freezing Rain,06 - Ice,10 - No control,01 - Non intersection,01 - Daylight,03 - P.D. only,07 - SMV other,Greenboro East
10323,NICHOLAS ST btwn BESSERER ST & DALY AVE,368208.6051,5032073.848,-75.68969643,45.42572447,2016-08-30,21:06,01 - Clear,01 - Dry,10 - No control,01 - Non intersection,07 - Dark,03 - P.D. only,04 - Sideswipe,Byward Market - Parliament Hill
10324,NICHOLAS ST btwn BESSERER ST & DALY AVE,368218.4295,5032060.883,-75.68957256,45.42560692,2016-07-06,10:48,01 - Clear,01 - Dry,10 - No control,01 - Non intersection,01 - Daylight,03 - P.D. only,06 - SMV unattended vehicle,Byward Market - Parliament Hill
10325,NICHOLAS ST btwn DALY AVE & SB RAMP FROM WALLER/NICHOLAS/MACKENZIE KIN,368243.8374,5032022.028,-75.68925291,45.42525502,2016-06-04,12:28,01 - Clear,01 - Dry,10 - No control,01 - Non intersection,01 - Daylight,02 - Non-fatal injury,03 - Rear end,Byward Market - Parliament Hill
10326,NICHOLAS ST btwn RIDEAU ST & BESSERER ST,368142.9524,5032180.096,-75.69052166,45.4266864,2016-03-24,8:49,02 - Rain,02 - Wet,10 - No control,01 - Non intersection,01 - Daylight,03 - P.D. only,03 - Rear end,Byward Market - Parliament Hill
10327,NICHOLAS ST btwn RIDEAU ST & BESSERER ST,368146.0167,5032175.849,-75.69048305,45.42664791,2016-09-18,0:00,01 - Clear,01 - Dry,10 - No control,01 - Non intersection,00 - Unknown,03 - P.D. only,06 - SMV unattended vehicle,Byward Market - Parliament Hill
10328,NICHOLAS ST NB btwn HWY417 IC118 RAMP52 & WALLER ST,369100.8273,5031300.418,-75.67839677,45.41868398,2016-12-18,8:30,04 - Freezing Rain,06 - Ice,10 - No control,01 - Non intersection,01 - Daylight,02 - Non-fatal injury,07 - SMV other,Sandy Hill
10329,NICHOLAS ST NB btwn HWY417 IC118 RAMP52 & WALLER ST,368944.9049,5031377.946,-75.68037877,45.41939586,2016-08-26,18:09,01 - Clear,01 - Dry,10 - No control,01 - Non intersection,01 - Daylight,03 - P.D. only,03 - Rear end,Sandy Hill
10330,NICHOLAS ST NB btwn HWY417 IC118 RAMP52 & WALLER ST,368772.4515,5031500.926,-75.68256613,45.42051818,2016-02-24,9:45,03 - Snow,05 - Packed snow,10 - No control,01 - Non intersection,01 - Daylight,03 - P.D. only,04 - Sideswipe,Sandy Hill
10331,NICHOLAS ST NB btwn HWY417 IC118 RAMP52 & WALLER ST,368774.1562,5031499.602,-75.68254452,45.42050611,2016-04-28,14:33,01 - Clear,01 - Dry,10 - No control,01 - Non intersection,01 - Daylight,03 - P.D. only,03 - Rear end,Sandy Hill
10332,NICHOLAS ST NB btwn HWY417 IC118 RAMP52 & WALLER ST,369027.04,5031335.585,-75.67933491,45.41900718,2016-04-30,13:00,01 - Clear,01 - Dry,10 - No control,01 - Non intersection,01 - Daylight,03 - P.D. only,03 - Rear end,Sandy Hill
10333,NICHOLAS ST NB btwn HWY417 IC118 RAMP52 & WALLER ST,368536.015,5031678.747,-75.68556398,45.42213973,2016-06-10,7:10,01 - Clear,01 - Dry,10 - No control,01 - Non intersection,01 - Daylight,03 - P.D. only,03 - Rear end,Sandy Hill
10334,NICHOLAS ST NB btwn HWY417 IC118 RAMP52 & WALLER ST,369118.2208,5031295.407,-75.6781752,45.4186373,2016-07-02,14:04,01 - Clear,01 - Dry,10 - No control,01 - Non intersection,01 - Daylight,03 - P.D. only,03 - Rear end,Sandy Hill
10335,NICHOLAS ST NB btwn HWY417 IC118 RAMP52 & WALLER ST,369053.6401,5031325.169,-75.67899642,45.41891102,2016-12-30,12:30,01 - Clear,02 - Wet,10 - No control,01 - Non intersection,01 - Daylight,03 - P.D. only,04 - Sideswipe,Sandy Hill
10336,NICHOLAS ST NB btwn HWY417 IC118 RAMP52 & WALLER ST,368615.0339,5031618.016,-75.68456222,45.42158609,2016-11-26,10:53,01 - Clear,01 - Dry,10 - No control,01 - Non intersection,01 - Daylight,03 - P.D. only,04 - Sideswipe,Sandy Hill
10337,NICHOLAS ST NB btwn LAURIER AVE E & WALLER ST,368417.0713,5031765.314,-75.68707254,45.42292946,2016-05-04,15:00,01 - Clear,01 - Dry,10 - No control,01 - Non intersection,01 - Daylight,03 - P.D. only,04 - Sideswipe,Sandy Hill
10338,NICHOLAS ST NB btwn LAURIER AVE E & WALLER ST,368449.6799,5031736.304,-75.68665964,45.42266547,2016-05-15,13:59,01 - Clear,01 - Dry,10 - No control,01 - Non intersection,01 - Daylight,03 - P.D. only,03 - Rear end,Sandy Hill
10339,NICHOLAS ST NB btwn LAURIER AVE E & WALLER ST,368405.107,5031785.433,-75.68722281,45.42311157,2016-12-23,15:13,01 - Clear,01 - Dry,10 - No control,01 - Non intersection,01 - Daylight,03 - P.D. only,04 - Sideswipe,Sandy Hill
10340,NICHOLAS ST NB btwn NICHOLAS ST NB OFF RAMP TO NICHOLAS ST SB & LAURIE,368363.635,5031879.935,-75.68774051,45.42396564,2016-05-26,21:22,02 - Rain,02 - Wet,10 - No control,04 - At/near private drive,07 - Dark,03 - P.D. only,02 - Angle,Sandy Hill
10341,NICHOLAS ST NB OFF RAMP TO NICHOLAS ST SB @ SB RAMP FROM WALLER/NICHOLAS/MACKENZIE KING BR,368343.7671,5031925.152,-75.68798854,45.42437429,2016-01-06,22:21,01 - Clear,02 - Wet,03 - Yield sign,03 - At intersection,07 - Dark,03 - P.D. only,02 - Angle,Sandy Hill
10342,NICHOLAS ST SB btwn Continuation of NICHOLAS ST & HWY417 IC118 RAMP35,368608.2652,5031613.808,-75.68464925,45.42154885,2016-01-11,10:10,01 - Clear,01 - Dry,10 - No control,01 - Non intersection,01 - Daylight,02 - Non-fatal injury,03 - Rear end,Sandy Hill
10343,NICHOLAS ST SB btwn Continuation of NICHOLAS ST & HWY417 IC118 RAMP35,368766.3358,5031495.918,-75.68264492,45.42047368,2016-03-06,2:18,01 - Clear,02 - Wet,10 - No control,01 - Non intersection,07 - Dark,03 - P.D. only,03 - Rear end,Sandy Hill
10344,NICHOLAS ST SB btwn LAURIER AVE E & Continuation of NICHOLAS ST,368442.3741,5031728.291,-75.68675403,45.42259404,2016-09-30,15:01,01 - Clear,01 - Dry,10 - No control,01 - Non intersection,01 - Daylight,02 - Non-fatal injury,03 - Rear end,Sandy Hill
10345,NICHOLAS ST SB btwn LAURIER AVE E & Continuation of NICHOLAS ST,368455.086,5031718.577,-75.68659286,45.42250548,2016-02-16,12:15,03 - Snow,03 - Loose snow,10 - No control,01 - Non intersection,01 - Daylight,03 - P.D. only,04 - Sideswipe,Sandy Hill
10346,NICHOLAS ST SB btwn LAURIER AVE E & Continuation of NICHOLAS ST,368444.109,5031726.481,-75.68673209,45.42257759,2016-02-05,11:00,01 - Clear,01 - Dry,10 - No control,01 - Non intersection,01 - Daylight,03 - P.D. only,04 - Sideswipe,Sandy Hill
10347,NICHOLAS ST SB btwn LAURIER AVE E & Continuation of NICHOLAS ST,368443.4504,5031726.7,-75.68674048,45.42257963,2016-02-20,11:56,03 - Snow,03 - Loose snow,10 - No control,01 - Non intersection,01 - Daylight,03 - P.D. only,03 - Rear end,Sandy Hill
10348,NICHOLAS ST SB btwn LAURIER AVE E & Continuation of NICHOLAS ST,368375.8259,5031791.912,-75.68759611,45.42317253,2016-04-22,2:40,02 - Rain,02 - Wet,10 - No control,01 - Non intersection,07 - Dark,03 - P.D. only,03 - Rear end,Sandy Hill
10349,NICHOLAS ST SB btwn LAURIER AVE E & Continuation of NICHOLAS ST,368374.0868,5031797.651,-75.68761759,45.42322432,2016-04-22,2:30,01 - Clear,01 - Dry,10 - No control,01 - Non intersection,07 - Dark,03 - P.D. only,03 - Rear end,Sandy Hill
10350,NICHOLAS ST SB btwn LAURIER AVE E & Continuation of NICHOLAS ST,368381.3643,5031787.815,-75.68752587,45.42313516,2016-08-02,17:43,01 - Clear,01 - Dry,10 - No control,01 - Non intersection,01 - Daylight,03 - P.D. only,04 - Sideswipe,Sandy Hill
10351,NICHOLAS ST SB btwn LAURIER AVE E & Continuation of NICHOLAS ST,368517.0236,5031680.283,-75.68580643,45.42215528,2016-12-18,16:00,01 - Clear,04 - Slush,10 - No control,01 - Non intersection,05 - Dusk,03 - P.D. only,03 - Rear end,Sandy Hill
10352,NICHOLAS ST SB btwn RAMP & LAURIER AVE E,368330.9521,5031878.68,-75.68815828,45.42395731,2016-04-26,12:37,01 - Clear,01 - Dry,10 - No control,01 - Non intersection,01 - Daylight,03 - P.D. only,04 - Sideswipe,Sandy Hill
10353,NICHOLAS ST SB btwn RAMP & LAURIER AVE E,368360.6744,5031821.577,-75.68778587,45.42344082,2016-04-06,23:00,03 - Snow,03 - Loose snow,10 - No control,01 - Non intersection,07 - Dark,03 - P.D. only,03 - Rear end,Sandy Hill
10354,NICHOLAS ST/NICHOLAS ST SB @ SB RAMP FROM WALL,368322.0884,5031893.868,-75.68826957,45.42409478,2016-09-18,14:02,01 - Clear,01 - Dry,01 - Traffic signal,02 - Intersection related,01 - Daylight,03 - P.D. only,03 - Rear end,Sandy Hill
10355,NINTH LINE RD btwn ANDERSON RD & FARMERS WAY,382962.9276,5021645.497,-75.50282653,45.33040482,2016-12-02,21:11,01 - Clear,01 - Dry,10 - No control,01 - Non intersection,07 - Dark,03 - P.D. only,07 - SMV other,Greenbelt
10356,NINTH LINE RD btwn RAMSAYVILLE RD & ANDERSON RD,381135.7441,5020565.347,-75.52630016,45.32088739,2016-05-31,17:11,01 - Clear,01 - Dry,10 - No control,04 - At/near private drive,01 - Daylight,03 - P.D. only,03 - Rear end,Greenbelt
10357,NIXON DR btwn BUCKLES ST & DALMENY RD,374960.2678,4999247.862,-75.60806613,45.12972182,2016-05-13,0:59,01 - Clear,01 - Dry,10 - No control,01 - Non intersection,07 - Dark,02 - Non-fatal injury,07 - SMV other,Kars - Osgoode
10358,NIXON DR btwn BUCKLES ST & DALMENY RD,374980.119,4999135.04,-75.60782962,45.12870469,2016-04-18,14:52,01 - Clear,01 - Dry,10 - No control,01 - Non intersection,01 - Daylight,02 - Non-fatal injury,07 - SMV other,Kars - Osgoode
10359,NIXON DR btwn TAYLOR WAY & OSGOODE MAIN ST,374393.4531,5000487.86,-75.61509851,45.14093529,2016-03-17,7:00,01 - Clear,02 - Wet,10 - No control,01 - Non intersection,03 - Dawn,03 - P.D. only,07 - SMV other,Kars - Osgoode
10360,NIXON DR/ROGER STEVENS DR @ RIVER RD,373169.5302,5002765.85,-75.63034756,45.16155204,2016-09-19,16:38,01 - Clear,01 - Dry,02 - Stop sign,02 - Intersection related,01 - Daylight,02 - Non-fatal injury,03 - Rear end,Manotick
10361,NIXON DR/ROGER STEVENS DR @ RIVER RD,373169.0985,5002762.561,-75.6303535,45.16152249,2016-08-10,8:36,01 - Clear,01 - Dry,02 - Stop sign,03 - At intersection,01 - Daylight,03 - P.D. only,02 - Angle,Kars - Osgoode
10362,NO NAME btwn LANTHIER DR & END,383507.503,5035812.606,-75.49362006,45.45780849,2016-05-15,16:40,01 - Clear,01 - Dry,10 - No control,01 - Non intersection,01 - Daylight,03 - P.D. only,99 - Other,Avalon
10363,NOBLEWOOD WAY btwn NATURE TRAIL CRES & NATURE TRAIL CRES,381422.0055,5033528.29,-75.52063769,45.43748785,2016-10-02,11:12,02 - Rain,02 - Wet,10 - No control,04 - At/near private drive,01 - Daylight,03 - P.D. only,06 - SMV unattended vehicle,Chapel Hill South
10364,NORBERRY CRES S @ SPRINGLAND DR,368599.42,5025583.124,-75.68554213,45.36728743,2016-07-30,12:56,01 - Clear,01 - Dry,02 - Stop sign,02 - Intersection related,01 - Daylight,03 - P.D. only,05 - Turning movement,Riverside Park
10365,NORICE ST @ WOODROFFE AVE,363193.8558,5022397.078,-75.75491924,45.33909089,2016-09-07,14:33,01 - Clear,01 - Dry,01 - Traffic signal,02 - Intersection related,01 - Daylight,02 - Non-fatal injury,03 - Rear end,Tanglewood
10366,NORICE ST @ WOODROFFE AVE,363195.3426,5022397.273,-75.75490025,45.33909252,2016-02-10,8:40,03 - Snow,03 - Loose snow,01 - Traffic signal,02 - Intersection related,01 - Daylight,03 - P.D. only,05 - Turning movement,Tanglewood
10367,NORICE ST @ WOODROFFE AVE,363195.7009,5022396.768,-75.75489574,45.33908795,2016-09-03,17:30,01 - Clear,01 - Dry,01 - Traffic signal,02 - Intersection related,01 - Daylight,03 - P.D. only,03 - Rear end,Tanglewood
10368,NORICE ST @ WOODROFFE AVE,363195.5122,5022398.734,-75.75489791,45.33910565,2016-10-20,12:25,02 - Rain,02 - Wet,01 - Traffic signal,02 - Intersection related,01 - Daylight,03 - P.D. only,03 - Rear end,Tanglewood
10369,NORICE ST @ WOODROFFE AVE,363196.3403,5022396.25,-75.75488764,45.33908323,2016-10-28,17:01,02 - Rain,02 - Wet,01 - Traffic signal,02 - Intersection related,01 - Daylight,03 - P.D. only,03 - Rear end,Tanglewood
10370,NORICE ST @ WOODROFFE AVE,363195.1432,5022396.344,-75.7549029,45.33908418,2016-09-07,9:43,01 - Clear,01 - Dry,01 - Traffic signal,02 - Intersection related,01 - Daylight,03 - P.D. only,03 - Rear end,Tanglewood
10371,NORICE ST @ WOODROFFE AVE,363195.3604,5022397.718,-75.75489997,45.33909652,2016-05-19,12:52,01 - Clear,01 - Dry,01 - Traffic signal,02 - Intersection related,01 - Daylight,03 - P.D. only,03 - Rear end,Tanglewood
10372,NORICE ST @ WOODROFFE AVE,363196.3403,5022396.25,-75.75488764,45.33908323,2016-11-09,10:41,01 - Clear,01 - Dry,01 - Traffic signal,02 - Intersection related,01 - Daylight,03 - P.D. only,03 - Rear end,Tanglewood
10373,NORICE ST @ WOODROFFE AVE,363193.0277,5022395.422,-75.75493,45.33907606,2016-10-12,7:33,01 - Clear,01 - Dry,01 - Traffic signal,02 - Intersection related,01 - Daylight,03 - P.D. only,03 - Rear end,Tanglewood
10374,NORICE ST @ WOODROFFE AVE,363194.684,5022398.734,-75.75490848,45.33910572,2016-11-29,13:53,01 - Clear,01 - Dry,01 - Traffic signal,02 - Intersection related,01 - Daylight,03 - P.D. only,03 - Rear end,Tanglewood
10375,NORICE ST btwn VIEWMOUNT DR & MALCOLM PL,364113.0985,5022971.965,-75.74312219,45.34418655,2016-07-28,22:30,01 - Clear,01 - Dry,10 - No control,01 - Non intersection,07 - Dark,03 - P.D. only,07 - SMV other,Crestview - Meadowlands
10376,NORICE ST btwn WOODROFFE AVE & SULLIVAN AVE,363211.9448,5022404.622,-75.75468756,45.33915726,2016-01-03,17:02,01 - Clear,01 - Dry,10 - No control,01 - Non intersection,05 - Dusk,03 - P.D. only,06 - SMV unattended vehicle,Tanglewood
10377,NORICE ST btwn WOODROFFE AVE & SULLIVAN AVE,363274.7291,5022441.461,-75.75388217,45.33948351,2016-06-16,15:00,01 - Clear,01 - Dry,10 - No control,04 - At/near private drive,01 - Daylight,03 - P.D. only,06 - SMV unattended vehicle,Tanglewood
10378,NORMAN ST @ PRESTON ST,366716.9275,5029193.778,-75.70911865,45.39994405,2016-09-21,13:39,01 - Clear,01 - Dry,02 - Stop sign,03 - At intersection,01 - Daylight,02 - Non-fatal injury,07 - SMV other,Little Italy
10379,NORMAN ST @ PRESTON ST,366716.9327,5029193.558,-75.70911861,45.39994207,2016-05-13,19:38,01 - Clear,01 - Dry,02 - Stop sign,03 - At intersection,01 - Daylight,03 - P.D. only,02 - Angle,Little Italy
10380,NORMAN ST @ ROCHESTER ST,366889.9195,5029269.458,-75.70689966,45.40060968,2016-12-08,15:48,01 - Clear,01 - Dry,02 - Stop sign,03 - At intersection,01 - Daylight,03 - P.D. only,02 - Angle,Little Italy
10381,NORMAN ST btwn PRESTON ST & ROCHESTER ST,366798.6027,5029230.39,-75.70807089,45.40026625,2016-02-16,13:37,03 - Snow,04 - Slush,10 - No control,01 - Non intersection,01 - Daylight,03 - P.D. only,06 - SMV unattended vehicle,Little Italy
10382,NORMANDY CRES btwn FISHER AVE & ORTONA AVE (2),366818.0369,5024866.481,-75.70837084,45.36099911,2016-07-19,7:08,01 - Clear,01 - Dry,10 - No control,01 - Non intersection,01 - Daylight,03 - P.D. only,07 - SMV other,Carleton Heights - Rideauview
10383,NORMANDY CRES btwn NORMANDY CRES & FISHER AVE (2),366660.5782,5024765.161,-75.71039321,45.36010137,2016-04-15,9:00,01 - Clear,01 - Dry,10 - No control,01 - Non intersection,01 - Daylight,03 - P.D. only,03 - Rear end,Carleton Heights - Rideauview
10384,NORMANDY CRES S @ ORTONA AVE S,367029.8905,5024390.088,-75.70572687,45.35669385,2016-10-14,0:03,01 - Clear,01 - Dry,02 - Stop sign,03 - At intersection,07 - Dark,03 - P.D. only,07 - SMV other,Carleton Heights - Rideauview
10385,NORTH RIVER RD btwn COLUMBUS AVE & GLYNN AVE,370010.2183,5032108.809,-75.66667126,45.4258734,2016-12-12,16:13,03 - Snow,04 - Slush,10 - No control,01 - Non intersection,05 - Dusk,02 - Non-fatal injury,07 - SMV other,Overbrook
10386,NORTH RIVER RD btwn MONTREAL RD & SELKIRK ST,369757.9304,5032832.042,-75.66979954,45.43240423,2016-09-19,15:36,01 - Clear,01 - Dry,10 - No control,04 - At/near private drive,01 - Daylight,03 - P.D. only,07 - SMV other,Vanier South
10387,NORTH RIVER RD btwn ONTARIO ST & DONALD ST,369966.3533,5032237.127,-75.66721478,45.42703204,2016-06-26,13:07,01 - Clear,01 - Dry,10 - No control,01 - Non intersection,01 - Daylight,02 - Non-fatal injury,06 - SMV unattended vehicle,Vanier South
10388,NORTH SERVICE RD btwn ROSSIGNOL CRES & TRIM RD,384077.3233,5040127.793,-75.48563888,45.49656806,2016-09-05,18:00,01 - Clear,01 - Dry,10 - No control,01 - Non intersection,01 - Daylight,03 - P.D. only,01 - Approaching,Chatelaine Village
10389,NORTHLANDS DR btwn SACRAMENTO DR & NICOLET WAY,384870.0115,5037349.681,-75.47595098,45.47148282,2016-06-09,17:20,01 - Clear,01 - Dry,10 - No control,01 - Non intersection,01 - Daylight,03 - P.D. only,06 - SMV unattended vehicle,Fallingbrook
10390,NORTHLANDS DR btwn SACRAMENTO DR & SUNLAND DR,384863.0713,5037165.903,-75.47606967,45.46983016,2016-03-08,19:00,01 - Clear,01 - Dry,10 - No control,01 - Non intersection,07 - Dark,03 - P.D. only,06 - SMV unattended vehicle,Fallingbrook
10391,NORTHPARK DR @ RIDGEBURN GT,378072.7462,5033304.723,-75.56347444,45.43583535,2016-04-12,18:30,03 - Snow,05 - Packed snow,02 - Stop sign,02 - Intersection related,01 - Daylight,03 - P.D. only,07 - SMV other,Blackburn Hamlet
10392,NORTHPARK DR btwn BURNVIEW CRES & BURNVIEW CRES,377930.3846,5033253.374,-75.5653014,45.43538825,2016-02-10,7:01,03 - Snow,03 - Loose snow,10 - No control,04 - At/near private drive,03 - Dawn,03 - P.D. only,99 - Other,Blackburn Hamlet
10393,NORTHSIDE RD @ CASSIDY RD,358854.2478,5021475.668,-75.81038724,45.33114778,2016-12-11,9:03,01 - Clear,01 - Dry,10 - No control,02 - Intersection related,99 - Other,03 - P.D. only,07 - SMV other,Bells Corners East
10394,NORTHSIDE RD btwn LARKSPUR DR & TO BE DETERMINED,358302.9107,5021153.063,-75.81745545,45.32828721,2016-01-14,9:30,03 - Snow,04 - Slush,10 - No control,01 - Non intersection,01 - Daylight,03 - P.D. only,04 - Sideswipe,Bells Corners East
10395,NORTHVIEW RD btwn WALLFORD WAY & GREENCREST PL,365175.3856,5024938.261,-75.72932776,45.36178837,2016-03-04,21:58,03 - Snow,03 - Loose snow,10 - No control,01 - Non intersection,07 - Dark,03 - P.D. only,06 - SMV unattended vehicle,Cityview - Skyline - Fisher Heights
10396,NORTHWESTERN AVE btwn CLEARVIEW AVE & PREMIER AVE,364142.749,5029371.672,-75.74197495,45.40176764,2016-03-25,13:19,01 - Clear,02 - Wet,10 - No control,04 - At/near private drive,01 - Daylight,03 - P.D. only,02 - Angle,Champlain Park
10397,NORTOBA CRES btwn STIKINE DR & STIKINE DR,349896.3048,5020129.238,-75.92478706,45.31966508,2016-01-01,10:00,01 - Clear,03 - Loose snow,10 - No control,01 - Non intersection,01 - Daylight,03 - P.D. only,06 - SMV unattended vehicle,Kanata Lakes - Marchwood Lakeside - Morgan's Grant - Kanata
10398,NORTON AVE btwn CARLING AVE & SACKVILLE ST,360664.6846,5024938.372,-75.78690072,45.36216334,2016-03-27,9:24,01 - Clear,01 - Dry,10 - No control,04 - At/near private drive,01 - Daylight,03 - P.D. only,06 - SMV unattended vehicle,Whitehaven - Queensway Terrace North
10399,NOTMAN WAY btwn PITTAWAY AVE & ELLISSON WAY,374105.4417,5026047.645,-75.61519566,45.37094418,2016-05-12,11:30,01 - Clear,01 - Dry,10 - No control,01 - Non intersection,01 - Daylight,03 - P.D. only,06 - SMV unattended vehicle,Hunt Club
10400,NOTRE DAME ST @ ORLEANS BLVD,380689.0656,5036867.478,-75.52948938,45.46761118,2016-05-13,6:52,01 - Clear,01 - Dry,02 - Stop sign,03 - At intersection,01 - Daylight,02 - Non-fatal injury,02 - Angle,Orleans Village - Chateauneuf
10401,NOTRE DAME ST @ ORLEANS BLVD,380689.4735,5036865.248,-75.52948451,45.46759108,2016-03-10,8:20,01 - Clear,02 - Wet,02 - Stop sign,02 - Intersection related,01 - Daylight,02 - Non-fatal injury,03 - Rear end,Orleans Village - Chateauneuf