Record,Location,X,Y,lon,lat,Date,Time,Environment,Road_Surface,Traffic_Control,Collision_Location,Light,Collision_Classification,Impact_type,Neighborhood
10402,NOTRE DAME ST btwn HENRI LAUZON ST & BOYER RD,380228.243,5036611.714,-75.53542104,45.46535994,2016-04-21,17:12,01 - Clear,01 - Dry,10 - No control,04 - At/near private drive,01 - Daylight,02 - Non-fatal injury,02 - Angle,Chapel Hill
10403,NOTRE DAME ST btwn HENRI LAUZON ST & BOYER RD,380218.1516,5036606.222,-75.53555091,45.46531161,2016-04-19,10:30,01 - Clear,01 - Dry,10 - No control,01 - Non intersection,01 - Daylight,03 - P.D. only,06 - SMV unattended vehicle,Chapel Hill
10404,NOTRE DAME ST E @ ST. JOSEPH BLVD,380006.5298,5036569.015,-75.53826245,45.46499967,2016-08-19,13:26,01 - Clear,01 - Dry,02 - Stop sign,02 - Intersection related,01 - Daylight,03 - P.D. only,04 - Sideswipe,Greenbelt
10405,OAKDALE AVE @ SCOTT ST,363937.6843,5029105.802,-75.74462603,45.39939274,2016-10-12,16:01,01 - Clear,01 - Dry,02 - Stop sign,02 - Intersection related,01 - Daylight,02 - Non-fatal injury,03 - Rear end,Island Park
10406,OAKLAND AVE btwn WILTON LANE & MONK ST,368482.5299,5029004.738,-75.6865928,45.39808476,2016-02-21,12:00,01 - Clear,02 - Wet,10 - No control,01 - Non intersection,01 - Daylight,03 - P.D. only,06 - SMV unattended vehicle,The Glebe
10407,OAKLAND AVE btwn WILTON LANE & MONK ST,368482.7858,5029006.507,-75.6865893,45.39810065,2016-07-08,14:13,01 - Clear,01 - Dry,10 - No control,01 - Non intersection,01 - Daylight,03 - P.D. only,06 - SMV unattended vehicle,The Glebe
10408,OAKRIDGE BLVD @ SULLIVAN AVE,363466.3408,5022780.569,-75.75139727,45.34251878,2016-12-16,21:46,04 - Freezing Rain,06 - Ice,03 - Yield sign,03 - At intersection,07 - Dark,03 - P.D. only,07 - SMV other,Crestview - Meadowlands
10409,OBERON ST @ WESTCLIFFE RD,356483.8784,5019909.013,-75.84078938,45.31722941,2016-05-04,14:03,01 - Clear,01 - Dry,02 - Stop sign,03 - At intersection,01 - Daylight,03 - P.D. only,05 - Turning movement,Bells Corners West
10410,O'CONNOR ST @ PATTERSON AVE,368401.1573,5030130.109,-75.68748691,45.40821788,2016-08-02,14:40,01 - Clear,01 - Dry,02 - Stop sign,03 - At intersection,01 - Daylight,03 - P.D. only,02 - Angle,The Glebe
10411,O'CONNOR ST @ SLATER ST,367579.0231,5031451.94,-75.69782037,45.42018553,2016-07-27,12:10,01 - Clear,01 - Dry,01 - Traffic signal,03 - At intersection,01 - Daylight,02 - Non-fatal injury,07 - SMV other,Downtown
10412,O'CONNOR ST @ SLATER ST,367580.144,5031451.454,-75.69780611,45.42018106,2016-02-12,17:11,03 - Snow,03 - Loose snow,01 - Traffic signal,02 - Intersection related,07 - Dark,03 - P.D. only,03 - Rear end,Downtown
10413,O'CONNOR ST @ SLATER ST,367579.7049,5031449.887,-75.69781192,45.420167,2016-01-19,12:00,01 - Clear,02 - Wet,01 - Traffic signal,02 - Intersection related,01 - Daylight,03 - P.D. only,05 - Turning movement,Downtown
10414,O'CONNOR ST @ SLATER ST,367578.9266,5031450.36,-75.6978218,45.42017132,2016-07-08,14:18,01 - Clear,01 - Dry,01 - Traffic signal,02 - Intersection related,01 - Daylight,03 - P.D. only,04 - Sideswipe,Downtown
10415,O'CONNOR ST @ SLATER ST,367577.7183,5031445.867,-75.69783781,45.42013101,2016-07-26,19:35,01 - Clear,01 - Dry,01 - Traffic signal,03 - At intersection,01 - Daylight,03 - P.D. only,02 - Angle,Downtown
10416,O'CONNOR ST @ SOMERSET ST,367856.0494,5031012.746,-75.69433713,45.41620889,2016-05-02,12:36,01 - Clear,01 - Dry,01 - Traffic signal,03 - At intersection,01 - Daylight,02 - Non-fatal injury,02 - Angle,Centretown
10417,O'CONNOR ST @ SOMERSET ST,367855.9321,5031011.908,-75.69433873,45.41620137,2016-03-14,17:28,02 - Rain,02 - Wet,01 - Traffic signal,03 - At intersection,01 - Daylight,03 - P.D. only,02 - Angle,Centretown
10418,O'CONNOR ST @ SOMERSET ST,367855.4906,5031013.233,-75.6943442,45.41621333,2016-01-14,10:10,03 - Snow,03 - Loose snow,01 - Traffic signal,02 - Intersection related,01 - Daylight,03 - P.D. only,04 - Sideswipe,Centretown
10419,O'CONNOR ST @ SOMERSET ST,367855.6754,5031013.449,-75.69434181,45.41621525,2016-08-17,11:32,01 - Clear,01 - Dry,01 - Traffic signal,02 - Intersection related,01 - Daylight,03 - P.D. only,03 - Rear end,Centretown
10420,O'CONNOR ST @ SOMERSET ST,367855.7101,5031013.263,-75.69434139,45.41621358,2016-02-11,14:26,01 - Clear,02 - Wet,01 - Traffic signal,03 - At intersection,01 - Daylight,03 - P.D. only,99 - Other,Centretown
10421,O'CONNOR ST @ SOMERSET ST,367855.0515,5031011.915,-75.69434998,45.41620151,2016-08-25,17:15,01 - Clear,01 - Dry,01 - Traffic signal,03 - At intersection,01 - Daylight,03 - P.D. only,04 - Sideswipe,Centretown
10422,O'CONNOR ST @ SOMERSET ST,367856.5383,5031013.816,-75.69433074,45.41621848,2016-12-04,2:59,01 - Clear,01 - Dry,01 - Traffic signal,02 - Intersection related,07 - Dark,03 - P.D. only,03 - Rear end,Centretown
10423,O'CONNOR ST @ WELLINGTON ST,367412.871,5031722.168,-75.69990888,45.42263185,2016-12-15,7:05,01 - Clear,03 - Loose snow,01 - Traffic signal,03 - At intersection,03 - Dawn,02 - Non-fatal injury,07 - SMV other,Downtown
10424,O'CONNOR ST @ WELLINGTON ST,367414.3555,5031723.008,-75.6998898,45.42263927,2016-05-24,3:47,01 - Clear,01 - Dry,01 - Traffic signal,03 - At intersection,07 - Dark,03 - P.D. only,04 - Sideswipe,Downtown
10425,O'CONNOR ST @ WELLINGTON ST,367413.1884,5031722.964,-75.69990472,45.42263898,2016-05-06,23:03,01 - Clear,01 - Dry,01 - Traffic signal,02 - Intersection related,07 - Dark,03 - P.D. only,07 - SMV other,Downtown
10426,O'CONNOR ST @ WELLINGTON ST,367413.8983,5031723.015,-75.69989564,45.42263938,2016-10-20,17:00,02 - Rain,02 - Wet,01 - Traffic signal,02 - Intersection related,01 - Daylight,03 - P.D. only,04 - Sideswipe,Downtown
10427,O'CONNOR ST btwn ALBERT ST & SLATER ST,367541.868,5031515.719,-75.69828696,45.42076273,2016-05-13,10:50,02 - Rain,02 - Wet,10 - No control,01 - Non intersection,01 - Daylight,02 - Non-fatal injury,04 - Sideswipe,Downtown
10428,O'CONNOR ST btwn ALBERT ST & SLATER ST,367575.0946,5031459.138,-75.69786964,45.42025065,2016-10-20,13:39,02 - Rain,02 - Wet,10 - No control,01 - Non intersection,01 - Daylight,03 - P.D. only,04 - Sideswipe,Downtown
10429,O'CONNOR ST btwn COOPER ST & SOMERSET ST W,367827.9985,5031054.242,-75.69469019,45.41658479,2016-10-21,12:04,02 - Rain,02 - Wet,10 - No control,04 - At/near private drive,01 - Daylight,03 - P.D. only,02 - Angle,Centretown
10430,O'CONNOR ST btwn COOPER ST & SOMERSET ST W,367811.5652,5031080.522,-75.69489677,45.41682273,2016-09-09,13:18,01 - Clear,01 - Dry,10 - No control,01 - Non intersection,01 - Daylight,03 - P.D. only,04 - Sideswipe,Centretown
10431,O'CONNOR ST btwn COOPER ST & SOMERSET ST W,367846.2699,5031025.527,-75.69446043,45.41632478,2016-01-03,21:29,01 - Clear,05 - Packed snow,10 - No control,01 - Non intersection,07 - Dark,03 - P.D. only,06 - SMV unattended vehicle,Centretown
10432,O'CONNOR ST btwn FIRST AVE & SECOND AVE,368568.1458,5029843.255,-75.68539093,45.40562167,2016-01-08,15:36,03 - Snow,03 - Loose snow,10 - No control,01 - Non intersection,01 - Daylight,03 - P.D. only,06 - SMV unattended vehicle,The Glebe
10433,O'CONNOR ST btwn FRANK ST & GLADSTONE AVE,368064.4795,5030677.589,-75.69171732,45.41317445,2016-03-29,17:09,01 - Clear,01 - Dry,10 - No control,01 - Non intersection,01 - Daylight,03 - P.D. only,04 - Sideswipe,Centretown
10434,O'CONNOR ST btwn FRANK ST & GLADSTONE AVE,368072.2914,5030662.277,-75.69161949,45.41303597,2016-04-26,19:27,01 - Clear,01 - Dry,10 - No control,01 - Non intersection,01 - Daylight,03 - P.D. only,06 - SMV unattended vehicle,Centretown
10435,O'CONNOR ST btwn GLADSTONE AVE & MCLEOD ST,368087.2249,5030639.031,-75.6914317,45.41282546,2016-12-05,8:23,03 - Snow,05 - Packed snow,10 - No control,04 - At/near private drive,01 - Daylight,03 - P.D. only,05 - Turning movement,Centretown
10436,O'CONNOR ST btwn GLOUCESTER ST & NEPEAN ST,367715.447,5031236.678,-75.69610482,45.41823642,2016-04-21,12:40,01 - Clear,01 - Dry,10 - No control,01 - Non intersection,01 - Daylight,03 - P.D. only,04 - Sideswipe,Centretown
10437,O'CONNOR ST btwn ISABELLA ST & PRETORIA AVE,368331.9757,5030247.461,-75.6883555,45.40928006,2016-05-27,12:30,01 - Clear,01 - Dry,10 - No control,01 - Non intersection,01 - Daylight,03 - P.D. only,06 - SMV unattended vehicle,The Glebe
10438,O'CONNOR ST btwn LAURIER AVE W & GLOUCESTER ST,367656.356,5031326.911,-75.69684827,45.41905362,2016-06-08,13:50,01 - Clear,01 - Dry,10 - No control,01 - Non intersection,01 - Daylight,03 - P.D. only,04 - Sideswipe,Downtown
10439,O'CONNOR ST btwn LAURIER AVE W & GLOUCESTER ST,367669.6185,5031308.035,-75.69668123,45.41888259,2016-06-21,14:30,01 - Clear,01 - Dry,10 - No control,01 - Non intersection,01 - Daylight,03 - P.D. only,04 - Sideswipe,Downtown
10440,O'CONNOR ST btwn LISGAR ST & COOPER ST,367801.2578,5031097.579,-75.69502628,45.41697713,2016-10-12,17:07,01 - Clear,01 - Dry,10 - No control,01 - Non intersection,01 - Daylight,03 - P.D. only,06 - SMV unattended vehicle,Centretown
10441,O'CONNOR ST btwn MCLEOD ST & ARGYLE AVE,368168.7557,5030509.843,-75.69040676,45.41165569,2016-05-11,13:44,01 - Clear,01 - Dry,10 - No control,01 - Non intersection,01 - Daylight,03 - P.D. only,04 - Sideswipe,Centretown
10442,O'CONNOR ST btwn MCLEOD ST & ARGYLE AVE,368125.1505,5030579.27,-75.69095488,45.41228432,2016-06-13,18:56,01 - Clear,01 - Dry,10 - No control,01 - Non intersection,01 - Daylight,03 - P.D. only,03 - Rear end,Centretown
10443,O'CONNOR ST btwn MCLEOD ST & ARGYLE AVE,368147.1323,5030546.592,-75.69067827,45.4119883,2016-04-22,12:45,01 - Clear,02 - Wet,10 - No control,01 - Non intersection,01 - Daylight,03 - P.D. only,04 - Sideswipe,Centretown
10444,O'CONNOR ST btwn MCLEOD ST & ARGYLE AVE,368131.0259,5030572.027,-75.69088075,45.41221862,2016-12-20,16:38,01 - Clear,01 - Dry,10 - No control,01 - Non intersection,05 - Dusk,03 - P.D. only,04 - Sideswipe,Centretown
10445,O'CONNOR ST btwn NEPEAN ST & LISGAR ST,367753.6069,5031173.167,-75.6956254,45.41766154,2016-07-09,17:20,01 - Clear,01 - Dry,10 - No control,01 - Non intersection,01 - Daylight,03 - P.D. only,04 - Sideswipe,Centretown
10446,O'CONNOR ST btwn SLATER ST & LAURIER AVE W,367605.3778,5031408.754,-75.69748915,45.41979459,2016-08-11,12:15,01 - Clear,01 - Dry,10 - No control,01 - Non intersection,01 - Daylight,03 - P.D. only,03 - Rear end,Downtown
10447,O'CONNOR ST btwn SOMERSET ST W & MACLAREN ST,367866.0284,5030994.352,-75.69421199,45.41604249,2016-11-02,15:43,01 - Clear,01 - Dry,10 - No control,04 - At/near private drive,01 - Daylight,02 - Non-fatal injury,02 - Angle,Centretown
10448,OGILVIE RD @ 125 E OF ELMLEA GT ,375094.7809,5033551.35,-75.60149687,45.43836007,2016-09-02,12:19,01 - Clear,01 - Dry,01 - Traffic signal,02 - Intersection related,01 - Daylight,03 - P.D. only,03 - Rear end,Beacon Hill South - Cardinal Heights
10449,OGILVIE RD @ 240 W OF BLAIR RD,374298.1305,5033077.224,-75.61174529,45.43417379,2016-10-17,15:40,01 - Clear,01 - Dry,01 - Traffic signal,03 - At intersection,01 - Daylight,02 - Non-fatal injury,03 - Rear end,Industrial Park
10450,OGILVIE RD @ 240 W OF BLAIR RD,374300.2514,5033077.136,-75.6117182,45.43417279,2016-01-12,14:33,03 - Snow,03 - Loose snow,01 - Traffic signal,02 - Intersection related,01 - Daylight,03 - P.D. only,03 - Rear end,Industrial Park
10451,OGILVIE RD @ BATHGATE DR/CITYPARK DR W,373828.396,5032801.246,-75.61778694,45.43173721,2016-08-13,10:27,02 - Rain,02 - Wet,01 - Traffic signal,03 - At intersection,01 - Daylight,02 - Non-fatal injury,02 - Angle,Industrial Park
10452,OGILVIE RD @ BATHGATE DR/CITYPARK DR W,373828.6708,5032800.91,-75.61778347,45.43173416,2016-06-01,10:10,01 - Clear,01 - Dry,01 - Traffic signal,03 - At intersection,01 - Daylight,02 - Non-fatal injury,05 - Turning movement,Industrial Park
10453,OGILVIE RD @ BATHGATE DR/CITYPARK DR W,373829.4423,5032798.752,-75.61777392,45.43171467,2016-11-06,15:45,01 - Clear,01 - Dry,01 - Traffic signal,02 - Intersection related,01 - Daylight,02 - Non-fatal injury,07 - SMV other,Industrial Park
10454,OGILVIE RD @ BATHGATE DR/CITYPARK DR W,373828.1289,5032799.933,-75.61779053,45.43172542,2016-01-05,8:40,01 - Clear,01 - Dry,01 - Traffic signal,02 - Intersection related,01 - Daylight,03 - P.D. only,04 - Sideswipe,Industrial Park
10455,OGILVIE RD @ BATHGATE DR/CITYPARK DR W,373829.8198,5032800.357,-75.61776887,45.43172907,2016-01-09,18:15,01 - Clear,02 - Wet,01 - Traffic signal,02 - Intersection related,07 - Dark,03 - P.D. only,99 - Other,Industrial Park
10456,OGILVIE RD @ BATHGATE DR/CITYPARK DR W,373828.1289,5032799.933,-75.61779053,45.43172542,2016-01-05,8:46,01 - Clear,01 - Dry,01 - Traffic signal,03 - At intersection,01 - Daylight,03 - P.D. only,05 - Turning movement,Industrial Park
10457,OGILVIE RD @ BATHGATE DR/CITYPARK DR W,373828.9884,5032801.375,-75.61777935,45.43173831,2016-03-12,13:43,01 - Clear,01 - Dry,01 - Traffic signal,02 - Intersection related,01 - Daylight,03 - P.D. only,05 - Turning movement,Industrial Park
10458,OGILVIE RD @ BATHGATE DR/CITYPARK DR W,373828.7433,5032797.509,-75.61778302,45.43170355,2016-06-11,15:14,01 - Clear,01 - Dry,01 - Traffic signal,02 - Intersection related,01 - Daylight,03 - P.D. only,03 - Rear end,Industrial Park
10459,OGILVIE RD @ CITY PARK DR E/CSIS HQ ACCESS,374187.8082,5033009.544,-75.61316469,45.4335758,2016-10-20,8:38,"07 - Fog, mist, smoke, dust",01 - Dry,01 - Traffic signal,03 - At intersection,01 - Daylight,02 - Non-fatal injury,05 - Turning movement,Industrial Park
10460,OGILVIE RD @ CITY PARK DR E/CSIS HQ ACCESS,374189.0265,5033010.811,-75.61314894,45.43358707,2016-09-08,13:51,02 - Rain,02 - Wet,01 - Traffic signal,03 - At intersection,01 - Daylight,02 - Non-fatal injury,05 - Turning movement,Industrial Park
10461,OGILVIE RD @ CITY PARK DR E/CSIS HQ ACCESS,374187.7054,5033009.777,-75.61316597,45.4335779,2016-06-03,14:10,01 - Clear,01 - Dry,01 - Traffic signal,02 - Intersection related,01 - Daylight,02 - Non-fatal injury,03 - Rear end,Industrial Park
10462,OGILVIE RD @ CITY PARK DR E/CSIS HQ ACCESS,374188.0611,5033011.1,-75.61316124,45.43358977,2016-06-02,18:47,01 - Clear,01 - Dry,01 - Traffic signal,03 - At intersection,01 - Daylight,02 - Non-fatal injury,05 - Turning movement,Industrial Park
10463,OGILVIE RD @ CITY PARK DR E/CSIS HQ ACCESS,374188.8673,5033011.918,-75.61315082,45.43359705,2016-01-29,12:48,03 - Snow,02 - Wet,01 - Traffic signal,03 - At intersection,01 - Daylight,03 - P.D. only,03 - Rear end,Industrial Park
10464,OGILVIE RD @ CITY PARK DR E/CSIS HQ ACCESS,374186.7751,5033010.577,-75.61317775,45.43358519,2016-09-06,19:27,01 - Clear,01 - Dry,01 - Traffic signal,03 - At intersection,07 - Dark,03 - P.D. only,05 - Turning movement,Industrial Park
10465,OGILVIE RD @ CITY PARK DR E/CSIS HQ ACCESS,374188.6356,5033011.27,-75.61315387,45.43359124,2016-06-21,5:38,01 - Clear,01 - Dry,01 - Traffic signal,03 - At intersection,03 - Dawn,03 - P.D. only,02 - Angle,Industrial Park
10466,OGILVIE RD @ CITY PARK DR E/CSIS HQ ACCESS,374188.7282,5033009.335,-75.61315296,45.43357382,2016-12-30,13:03,01 - Clear,01 - Dry,01 - Traffic signal,02 - Intersection related,01 - Daylight,03 - P.D. only,03 - Rear end,Industrial Park
10467,OGILVIE RD @ ELMLEA GT/SHOPPERS CITY EAST SC,374989.0464,5033486.464,-75.60285744,45.43778689,2016-01-23,16:46,01 - Clear,01 - Dry,01 - Traffic signal,02 - Intersection related,05 - Dusk,02 - Non-fatal injury,03 - Rear end,Beacon Hill South - Cardinal Heights
10468,OGILVIE RD @ ELMLEA GT/SHOPPERS CITY EAST SC,374988.96,5033486.128,-75.60285859,45.43778387,2016-06-16,16:32,01 - Clear,01 - Dry,01 - Traffic signal,02 - Intersection related,01 - Daylight,02 - Non-fatal injury,03 - Rear end,Beacon Hill South - Cardinal Heights
10469,OGILVIE RD @ ELMLEA GT/SHOPPERS CITY EAST SC,374988.0975,5033487.11,-75.60286948,45.4377928,2016-12-06,9:39,01 - Clear,02 - Wet,01 - Traffic signal,03 - At intersection,01 - Daylight,02 - Non-fatal injury,07 - SMV other,Beacon Hill South - Cardinal Heights
10470,OGILVIE RD @ ELMLEA GT/SHOPPERS CITY EAST SC,374986.2482,5033487.825,-75.60289301,45.43779942,2016-12-02,14:29,01 - Clear,01 - Dry,01 - Traffic signal,03 - At intersection,01 - Daylight,03 - P.D. only,07 - SMV other,Beacon Hill South - Cardinal Heights
10471,OGILVIE RD @ ELMRIDGE DR/JASMINE CRES N,375419.508,5034059.222,-75.59727387,45.44289688,2016-05-02,21:30,01 - Clear,01 - Dry,01 - Traffic signal,03 - At intersection,07 - Dark,02 - Non-fatal injury,07 - SMV other,Beacon Hill South - Cardinal Heights
10472,OGILVIE RD @ MATHESON RD/PALMERSTON DR,373380.0816,5032536.509,-75.62355278,45.42939935,2016-02-18,10:34,01 - Clear,02 - Wet,01 - Traffic signal,03 - At intersection,01 - Daylight,03 - P.D. only,05 - Turning movement,Industrial Park
10473,OGILVIE RD @ MATHESON RD/PALMERSTON DR,373380.3972,5032537.188,-75.62354866,45.42940543,2016-08-29,8:55,01 - Clear,01 - Dry,01 - Traffic signal,03 - At intersection,01 - Daylight,03 - P.D. only,02 - Angle,Industrial Park
10474,OGILVIE RD btwn AVIATION PKWY & MATHESON RD,373365.2999,5032527.763,-75.62374289,45.42932211,2016-09-03,11:56,01 - Clear,01 - Dry,10 - No control,01 - Non intersection,01 - Daylight,03 - P.D. only,04 - Sideswipe,Industrial Park
10475,OGILVIE RD btwn AVIATION PKWY & MATHESON RD,373177.795,5032416.751,-75.62615431,45.42834163,2016-11-30,9:34,"07 - Fog, mist, smoke, dust",02 - Wet,10 - No control,01 - Non intersection,01 - Daylight,03 - P.D. only,03 - Rear end,Industrial Park
10476,OGILVIE RD btwn BATHGATE DR & CITY PARK DR (1),373843.0464,5032809.213,-75.6175986,45.43180745,2016-08-13,17:08,03 - Snow,02 - Wet,10 - No control,01 - Non intersection,01 - Daylight,02 - Non-fatal injury,03 - Rear end,Industrial Park
10477,OGILVIE RD btwn BATHGATE DR & CITY PARK DR (1),373915.0938,5032850.86,-75.61667207,45.43217505,2016-07-04,16:27,01 - Clear,01 - Dry,10 - No control,01 - Non intersection,01 - Daylight,02 - Non-fatal injury,03 - Rear end,Industrial Park
10478,OGILVIE RD btwn BATHGATE DR & CITY PARK DR (2),374145.664,5032984.076,-75.61370685,45.43335083,2016-11-01,11:14,01 - Clear,01 - Dry,10 - No control,01 - Non intersection,01 - Daylight,03 - P.D. only,03 - Rear end,Industrial Park
10479,OGILVIE RD btwn BEAULIEU PL & AVIATION PKWY,373103.3068,5032372.321,-75.6271123,45.42794915,2016-04-26,14:50,01 - Clear,01 - Dry,10 - No control,01 - Non intersection,01 - Daylight,03 - P.D. only,04 - Sideswipe,Industrial Park
10480,OGILVIE RD btwn BLAIR PL & ELMLEA GT,374969.5346,5033473.924,-75.60310859,45.43767602,2016-09-08,15:34,01 - Clear,01 - Dry,10 - No control,01 - Non intersection,01 - Daylight,03 - P.D. only,03 - Rear end,Beacon Hill South - Cardinal Heights
10481,OGILVIE RD btwn BLAIR RD & DUNHAM ST,374703.7464,5033315.032,-75.60652799,45.43627302,2016-01-11,16:10,01 - Clear,01 - Dry,10 - No control,01 - Non intersection,01 - Daylight,03 - P.D. only,04 - Sideswipe,Beacon Hill South - Cardinal Heights
10482,OGILVIE RD btwn CADBORO RD & BATHGATE DR,373760.4065,5032760.276,-75.61866151,45.43137529,2016-05-06,17:28,01 - Clear,01 - Dry,10 - No control,01 - Non intersection,01 - Daylight,03 - P.D. only,03 - Rear end,Industrial Park
10483,OGILVIE RD btwn CADBORO RD & BATHGATE DR,373645.9549,5032692.501,-75.62013354,45.43077676,2016-02-21,0:00,01 - Clear,02 - Wet,10 - No control,01 - Non intersection,07 - Dark,03 - P.D. only,06 - SMV unattended vehicle,Industrial Park
10484,OGILVIE RD btwn CITY PARK DR & BLAIR RD (1),374212.4969,5033025.519,-75.61284693,45.43371708,2016-09-30,13:01,01 - Clear,01 - Dry,10 - No control,04 - At/near private drive,01 - Daylight,03 - P.D. only,02 - Angle,Industrial Park
10485,OGILVIE RD btwn CUMMINGS AVE & BEAULIEU PL,372751.5742,5032171.244,-75.63163452,45.42617422,2016-08-26,13:42,01 - Clear,01 - Dry,10 - No control,01 - Non intersection,01 - Daylight,02 - Non-fatal injury,04 - Sideswipe,Cummings
10486,OGILVIE RD btwn CUMMINGS AVE & BEAULIEU PL,372947.0295,5032280.75,-75.6291219,45.42714048,2016-01-07,11:34,01 - Clear,02 - Wet,10 - No control,01 - Non intersection,01 - Daylight,02 - Non-fatal injury,04 - Sideswipe,Industrial Park
10487,OGILVIE RD btwn CUMMINGS AVE & BEAULIEU PL,372760.617,5032177.095,-75.63151816,45.42622598,2016-05-03,15:35,01 - Clear,01 - Dry,10 - No control,04 - At/near private drive,01 - Daylight,03 - P.D. only,02 - Angle,Industrial Park
10488,OGILVIE RD btwn CYRVILLE RD & MURDOCK GT,372607.1403,5032098.329,-75.63349009,45.42553218,2016-08-30,9:52,01 - Clear,01 - Dry,10 - No control,01 - Non intersection,01 - Daylight,01 - Fatal injury,04 - Sideswipe,Cummings
10489,OGILVIE RD btwn CYRVILLE RD & MURDOCK GT,372489.2145,5032026.983,-75.6350067,45.42490166,2016-07-08,14:19,01 - Clear,01 - Dry,10 - No control,04 - At/near private drive,01 - Daylight,02 - Non-fatal injury,05 - Turning movement,Cummings
10490,OGILVIE RD btwn CYRVILLE RD & MURDOCK GT,372608.1302,5032096.939,-75.63347763,45.42551958,2016-05-08,20:47,01 - Clear,01 - Dry,10 - No control,04 - At/near private drive,07 - Dark,03 - P.D. only,02 - Angle,Cummings
10491,OGILVIE RD btwn CYRVILLE RD & MURDOCK GT,372460.709,5032009.854,-75.63537328,45.4247503,2016-05-19,19:00,01 - Clear,01 - Dry,10 - No control,04 - At/near private drive,01 - Daylight,03 - P.D. only,02 - Angle,Cummings
10492,OGILVIE RD btwn EASTVALE DR & LASSITER TER,375477.5868,5034982.667,-75.59639889,45.45119962,2016-07-15,16:30,02 - Rain,02 - Wet,10 - No control,01 - Non intersection,01 - Daylight,03 - P.D. only,07 - SMV other,Beacon Hill North
10493,OGILVIE RD btwn ELMRIDGE DR & 190 E OF ELMRIDGE DR/JASMINE CRES,375506.0667,5034181.215,-75.59615,45.44398575,2016-11-21,21:51,03 - Snow,03 - Loose snow,10 - No control,01 - Non intersection,07 - Dark,03 - P.D. only,01 - Approaching,Beacon Hill South - Cardinal Heights
10494,OGILVIE RD btwn JASMINE CRES & ELMRIDGE DR,375369.3857,5033739.231,-75.59796038,45.44002285,2016-03-02,18:53,01 - Clear,06 - Ice,10 - No control,01 - Non intersection,05 - Dusk,03 - P.D. only,07 - SMV other,Beacon Hill South - Cardinal Heights
10495,OGILVIE RD btwn JASMINE CRES & ELMRIDGE DR,375402.1459,5033794.866,-75.59753371,45.44052012,2016-03-02,19:53,01 - Clear,06 - Ice,10 - No control,01 - Non intersection,07 - Dark,03 - P.D. only,07 - SMV other,Beacon Hill South - Cardinal Heights
10496,OGILVIE RD btwn KENDER AVE & LA VERENDRYE DR,375337.4067,5035376.073,-75.59813442,45.45475341,2016-04-28,7:48,01 - Clear,01 - Dry,10 - No control,04 - At/near private drive,01 - Daylight,02 - Non-fatal injury,03 - Rear end,Beacon Hill North
10497,OGILVIE RD btwn MATHESON RD & CADBORO RD,373582.0914,5032654.462,-75.62095495,45.43044079,2016-04-08,17:28,01 - Clear,02 - Wet,10 - No control,01 - Non intersection,01 - Daylight,03 - P.D. only,04 - Sideswipe,Industrial Park
10498,OGILVIE RD btwn MONTREAL RD & GREGORY CRT,375678.6279,5034366.765,-75.59391767,45.44563775,2016-01-16,15:17,03 - Snow,04 - Slush,10 - No control,01 - Non intersection,01 - Daylight,03 - P.D. only,07 - SMV other,Beacon Hill South - Cardinal Heights
10499,OGILVIE RD btwn MURDOCK GT & CUMMINGS AVE,372727.1886,5032159.265,-75.63194776,45.42606881,2016-03-14,8:30,01 - Clear,01 - Dry,10 - No control,01 - Non intersection,01 - Daylight,03 - P.D. only,07 - SMV other,Cummings
10500,OGILVIE RD btwn NASKAPI DR & MONTREAL RD,375641.9337,5034594.131,-75.59435396,45.44768717,2016-01-12,15:15,03 - Snow,03 - Loose snow,10 - No control,01 - Non intersection,01 - Daylight,03 - P.D. only,03 - Rear end,Beacon Hill North
10501,OGILVIE RD btwn RADFORD CRT & KENDER AVE,375171.5206,5035625.571,-75.60021942,45.45701496,2016-12-08,12:53,01 - Clear,01 - Dry,10 - No control,01 - Non intersection,01 - Daylight,02 - Non-fatal injury,07 - SMV other,Beacon Hill North
10502,OGILVIE WALK CRES btwn AMBASSADOR AVE & AMBASSADOR AVE,374071.9804,5032666.418,-75.61469316,45.43050001,2016-02-18,7:59,01 - Clear,05 - Packed snow,10 - No control,04 - At/near private drive,01 - Daylight,03 - P.D. only,02 - Angle,Industrial Park
10503,O'GRADY ST btwn MANOTICK MAIN ST & DICKINSON ST,368962.885,5009772.517,-75.68294829,45.22499295,2016-05-11,12:28,01 - Clear,01 - Dry,10 - No control,01 - Non intersection,01 - Daylight,03 - P.D. only,06 - SMV unattended vehicle,Manotick
10504,OHIO ST btwn CLEMENTINE BLVD & BANK ST,369564.2168,5027549.092,-75.67296907,45.38488812,2016-11-30,19:09,02 - Rain,02 - Wet,10 - No control,01 - Non intersection,07 - Dark,02 - Non-fatal injury,07 - SMV other,Alta Vista