Record,Location,X,Y,lon,lat,Date,Time,Environment,Road_Surface,Traffic_Control,Collision_Location,Light,Collision_Classification,Impact_type,Neighborhood
10505,OLD ALMONTE RD btwn HOWIE RD & BEAVERTAIL RD,340890.1596,5014012.575,-76.04010324,45.26514521,2016-03-15,19:41,"07 - Fog, mist, smoke, dust",01 - Dry,10 - No control,04 - At/near private drive,07 - Dark,03 - P.D. only,07 - SMV other,Stittsville - Basswood
10506,OLD ALMONTE RD btwn HOWIE RD & BEAVERTAIL RD,341244.9369,5014520.645,-76.03554518,45.26969879,2016-08-02,6:04,01 - Clear,01 - Dry,10 - No control,01 - Non intersection,03 - Dawn,03 - P.D. only,07 - SMV other,Stittsville - Basswood
10507,OLD CARRIAGE CRT btwn DOW ST & DOW ST,385186.3471,5011414.366,-75.47612286,45.23810075,2016-03-03,12:59,03 - Snow,03 - Loose snow,10 - No control,01 - Non intersection,01 - Daylight,03 - P.D. only,06 - SMV unattended vehicle,Metcalfe
10508,OLD GEORGE ST btwn OSGOODE MAIN ST & LION ST,374741.8302,5000783.656,-75.61062795,45.14356243,2016-10-15,12:45,01 - Clear,01 - Dry,10 - No control,04 - At/near private drive,01 - Daylight,03 - P.D. only,02 - Angle,Kars - Osgoode
10509,OLD INNES RD @ BANTREE ST,373727.0351,5030355.204,-75.61942443,45.40973896,2016-07-20,14:55,01 - Clear,01 - Dry,02 - Stop sign,02 - Intersection related,01 - Daylight,02 - Non-fatal injury,03 - Rear end,Industrial Park
10510,OLD INNES RD @ BANTREE ST,373727.7687,5030352.464,-75.61941544,45.40971423,2016-07-07,14:29,01 - Clear,01 - Dry,02 - Stop sign,03 - At intersection,01 - Daylight,02 - Non-fatal injury,02 - Angle,Industrial Park
10511,OLD INNES RD @ BANTREE ST,373728.4966,5030353.117,-75.61940605,45.40972003,2016-06-17,18:29,01 - Clear,01 - Dry,02 - Stop sign,03 - At intersection,01 - Daylight,03 - P.D. only,02 - Angle,Industrial Park
10512,OLD INNES RD @ BANTREE ST,373727.3153,5030352.865,-75.61942117,45.40971788,2016-07-21,8:10,01 - Clear,01 - Dry,02 - Stop sign,03 - At intersection,01 - Daylight,03 - P.D. only,02 - Angle,Industrial Park
10513,OLD INNES RD @ BANTREE ST,373727.0318,5030348.086,-75.61942546,45.40967491,2016-11-07,10:20,01 - Clear,01 - Dry,02 - Stop sign,03 - At intersection,01 - Daylight,03 - P.D. only,05 - Turning movement,Industrial Park
10514,OLD INNES RD @ BANTREE ST,373728.3899,5030353.222,-75.6194074,45.40972099,2016-12-06,8:31,01 - Clear,02 - Wet,02 - Stop sign,03 - At intersection,01 - Daylight,03 - P.D. only,02 - Angle,Industrial Park
10515,OLD INNES RD @ BANTREE ST,373727.3107,5030352.44,-75.61942129,45.40971406,2016-11-22,17:25,01 - Clear,02 - Wet,02 - Stop sign,03 - At intersection,07 - Dark,03 - P.D. only,02 - Angle,Industrial Park
10516,OLD MONTREAL RD btwn BECKETT'S CREEK RD & REGIONAL ROAD 174,394291.3678,5042761.695,-75.35449337,45.51902911,2016-06-09,15:55,01 - Clear,01 - Dry,10 - No control,01 - Non intersection,01 - Daylight,03 - P.D. only,07 - SMV other,Cumberland - Estates
10517,OLD MONTREAL RD btwn FAUBERT ST & MARKET ST,390323.9268,5042534.185,-75.40530752,45.51748019,2016-12-11,16:22,03 - Snow,04 - Slush,10 - No control,01 - Non intersection,05 - Dusk,03 - P.D. only,06 - SMV unattended vehicle,Cumberland - Estates
10518,OLD MONTREAL RD btwn PIERRETTE DR & PIERRETTE DR,392001.7273,5042673.815,-75.38381117,45.5185286,2016-09-16,7:03,01 - Clear,01 - Dry,10 - No control,01 - Non intersection,01 - Daylight,03 - P.D. only,07 - SMV other,Cumberland - Estates
10519,OLD MONTREAL RD btwn QUIGLEY HILL RD & CHEVALIER CRT,389400.3519,5042155.963,-75.41719226,45.51419007,2016-01-09,21:41,04 - Freezing Rain,06 - Ice,10 - No control,01 - Non intersection,07 - Dark,03 - P.D. only,07 - SMV other,Cumberland - Estates
10520,OLD MONTREAL RD E @ REGIONAL RD 174,394610.7218,5043037.719,-75.35035583,45.52147132,2016-05-18,0:35,01 - Clear,01 - Dry,02 - Stop sign,03 - At intersection,07 - Dark,03 - P.D. only,07 - SMV other,Cumberland - Estates
10521,OLD PRESCOTT RD @ THUNDERBIRD DR,377315.9845,5015015.791,-75.57582802,45.27135974,2016-11-21,6:39,03 - Snow,05 - Packed snow,02 - Stop sign,02 - Intersection related,03 - Dawn,02 - Non-fatal injury,01 - Approaching,Greely
10522,OLD PRESCOTT RD btwn CHRIS TIERNEY PRIV & BREANNA CARDILL ST,378532.1269,5010645.943,-75.56097929,45.23191507,2016-08-05,18:01,01 - Clear,01 - Dry,10 - No control,04 - At/near private drive,01 - Daylight,03 - P.D. only,02 - Angle,Osgoode
10523,OLD PRESCOTT RD btwn MCKEOWN DR & PARKWAY RD,377850.206,5013775.259,-75.56920304,45.26014262,2016-08-30,22:59,01 - Clear,01 - Dry,10 - No control,01 - Non intersection,07 - Dark,03 - P.D. only,07 - SMV other,Greely
10524,OLD RICHMOND RD @ SANIBEL PRIV S,357367.8159,5019164.68,-75.82959479,45.31046619,2016-10-06,20:46,01 - Clear,01 - Dry,10 - No control,03 - At intersection,07 - Dark,03 - P.D. only,05 - Turning movement,Greenbelt
10525,OLD SECOND LINE RD @ TERRY FOX DR,348795.2,5022408.413,-75.93862864,45.34024358,2016-10-01,16:11,01 - Clear,01 - Dry,01 - Traffic signal,03 - At intersection,01 - Daylight,02 - Non-fatal injury,05 - Turning movement,South March
10526,OLD SECOND LINE RD @ TERRY FOX DR,348795.2,5022408.413,-75.93862864,45.34024358,2016-02-16,9:53,03 - Snow,03 - Loose snow,01 - Traffic signal,03 - At intersection,01 - Daylight,03 - P.D. only,07 - SMV other,South March
10527,OLD SECOND LINE RD @ TERRY FOX DR,348795.2,5022408.413,-75.93862864,45.34024358,2016-01-12,17:16,03 - Snow,03 - Loose snow,01 - Traffic signal,03 - At intersection,05 - Dusk,03 - P.D. only,05 - Turning movement,South March
10528,OLD SECOND LINE RD @ TERRY FOX DR,348795.2,5022408.413,-75.93862864,45.34024358,2016-12-27,17:43,02 - Rain,02 - Wet,01 - Traffic signal,02 - Intersection related,07 - Dark,03 - P.D. only,07 - SMV other,South March
10529,OLD SECOND LINE RD btwn BRADY AVE & TERRY FOX DR,348648.9425,5022569.454,-75.9404805,45.34170183,2016-05-13,20:46,01 - Clear,01 - Dry,10 - No control,01 - Non intersection,07 - Dark,03 - P.D. only,07 - SMV other,South March
10530,OLD TENTH LINE RD @ TENTH LINE RD,383042.3431,5038359.997,-75.49916125,45.48077988,2016-09-06,15:00,01 - Clear,01 - Dry,01 - Traffic signal,02 - Intersection related,01 - Daylight,02 - Non-fatal injury,03 - Rear end,Queenswood Heights
10531,OLD TENTH LINE RD @ TENTH LINE RD,383042.2257,5038360.018,-75.49916275,45.48078009,2016-01-20,8:55,01 - Clear,02 - Wet,01 - Traffic signal,02 - Intersection related,01 - Daylight,03 - P.D. only,03 - Rear end,Queenswood Heights
10532,OLD TENTH LINE RD @ TENTH LINE RD,383043.4656,5038362.01,-75.49914657,45.48079787,2016-07-18,14:20,01 - Clear,01 - Dry,01 - Traffic signal,02 - Intersection related,01 - Daylight,03 - P.D. only,03 - Rear end,Queenswood Heights
10533,OLD TENTH LINE RD/OR174 IC101 RAMP63 @ ST. JOS,383117.9303,5038788.518,-75.49812618,45.48462685,2016-08-14,20:16,01 - Clear,01 - Dry,01 - Traffic signal,03 - At intersection,05 - Dusk,02 - Non-fatal injury,02 - Angle,Industrial Park
10534,OLD TENTH LINE RD/OR174 IC101 RAMP63 @ ST. JOS,383119.4846,5038784.95,-75.49810687,45.48459457,2016-01-05,13:58,01 - Clear,05 - Packed snow,01 - Traffic signal,03 - At intersection,01 - Daylight,02 - Non-fatal injury,02 - Angle,Industrial Park
10535,OLD TENTH LINE RD/OR174 IC101 RAMP63 @ ST. JOS,383120.4703,5038784.708,-75.4980943,45.48459229,2016-10-14,22:18,01 - Clear,01 - Dry,01 - Traffic signal,03 - At intersection,07 - Dark,02 - Non-fatal injury,03 - Rear end,Industrial Park
10536,OLD TENTH LINE RD/OR174 IC101 RAMP63 @ ST. JOS,383119.2167,5038786.098,-75.49811012,45.48460493,2016-02-18,8:03,01 - Clear,02 - Wet,01 - Traffic signal,03 - At intersection,01 - Daylight,03 - P.D. only,02 - Angle,Industrial Park
10537,OLD TENTH LINE RD/OR174 IC101 RAMP63 @ ST. JOS,383119.2519,5038787.929,-75.49810937,45.4846214,2016-10-14,11:44,01 - Clear,01 - Dry,01 - Traffic signal,02 - Intersection related,01 - Daylight,03 - P.D. only,04 - Sideswipe,Industrial Park
10538,OLD WELLINGTON ST btwn LORD NELSON ST & WATERLOO ST,371948.8457,5001448.565,-75.64604984,45.14981631,2016-01-16,13:58,01 - Clear,02 - Wet,10 - No control,01 - Non intersection,01 - Daylight,03 - P.D. only,07 - SMV other,Kars - Osgoode
10539,OLMSTEAD ST @ JEANNE MANCE ST,370466.9616,5032942.833,-75.6607239,45.43333486,2016-04-12,8:30,01 - Clear,01 - Dry,02 - Stop sign,03 - At intersection,01 - Daylight,03 - P.D. only,02 - Angle,Vanier South
10540,OLMSTEAD ST btwn DESCHAMPS AVE & MONTREAL RD,370305.4303,5033213.361,-75.66275218,45.43578411,2016-06-24,23:16,01 - Clear,01 - Dry,10 - No control,01 - Non intersection,07 - Dark,02 - Non-fatal injury,07 - SMV other,Vanier North
10541,OMER-LACASSE AVE btwn COTTONWOOD CRES & COTTONWOOD CRES,383167.165,5036577.348,-75.49784916,45.46472721,2016-05-25,9:58,01 - Clear,01 - Dry,10 - No control,04 - At/near private drive,01 - Daylight,03 - P.D. only,06 - SMV unattended vehicle,Queenswood Heights
10542,ONTARIO ST @ NORTH RIVER RD,369938.7076,5032315.994,-75.6675576,45.42774423,2016-06-21,18:04,01 - Clear,01 - Dry,02 - Stop sign,02 - Intersection related,01 - Daylight,03 - P.D. only,03 - Rear end,Vanier South
10543,OR174 IC101 RAMP36 btwn TENTH LINE RD & REGIONAL ROAD 174,382639.6812,5039181.011,-75.50418098,45.48821164,2016-09-12,20:03,01 - Clear,01 - Dry,10 - No control,01 - Non intersection,07 - Dark,03 - P.D. only,03 - Rear end,Chatelaine Village
10544,OR174 IC102 RAMP15 @ PLACE D'ORLEANS DR,381879.6216,5038346.18,-75.51403417,45.48078491,2016-09-03,14:30,01 - Clear,01 - Dry,01 - Traffic signal,02 - Intersection related,01 - Daylight,03 - P.D. only,04 - Sideswipe,Industrial Park
10545,OR174 IC102 RAMP15 @ PLACE D'ORLEANS DR,381880.1469,5038346.955,-75.51402733,45.48079182,2016-07-13,16:46,01 - Clear,02 - Wet,01 - Traffic signal,02 - Intersection related,01 - Daylight,03 - P.D. only,04 - Sideswipe,Industrial Park
10546,OR174 IC105 RAMP36 btwn JEANNE D'ARC BLVD N & OR174 IC105 RAMP16,379272.0407,5037271.894,-75.54754724,45.47140233,2016-05-11,15:29,01 - Clear,01 - Dry,10 - No control,01 - Non intersection,01 - Daylight,02 - Non-fatal injury,07 - SMV other,Greenbelt
10547,OR174 IC105 RAMP51 btwn REGIONAL ROAD 174 & OR174 IC105 RAMP53,379367.5034,5036852.92,-75.54639007,45.46762254,2016-07-07,20:11,01 - Clear,01 - Dry,10 - No control,01 - Non intersection,01 - Daylight,02 - Non-fatal injury,07 - SMV other,Greenbelt
10548,OR174 IC105 RAMP51 btwn REGIONAL ROAD 174 & OR174 IC105 RAMP53,379364.5367,5036855.154,-75.54642766,45.46764296,2016-03-08,2:08,01 - Clear,02 - Wet,10 - No control,01 - Non intersection,07 - Dark,03 - P.D. only,04 - Sideswipe,Greenbelt
10549,OR174 IC109 RAMP56 @ MONTREAL RD,376179.2937,5034879.367,-75.58744381,45.45019887,2016-12-05,8:00,03 - Snow,03 - Loose snow,10 - No control,02 - Intersection related,01 - Daylight,03 - P.D. only,03 - Rear end,Beacon Hill South - Cardinal Heights
10550,OR174 IC109 RAMP56 @ REGIONAL RD 174,376310.4259,5034668.941,-75.58579814,45.44829219,2016-01-03,22:14,01 - Clear,01 - Dry,10 - No control,02 - Intersection related,07 - Dark,02 - Non-fatal injury,04 - Sideswipe,Greenbelt
10551,OR174 IC109 RAMP65 @ MONTREAL RD,376402.7716,5034982.552,-75.58457208,45.4511044,2016-04-17,19:31,01 - Clear,01 - Dry,01 - Traffic signal,03 - At intersection,05 - Dusk,03 - P.D. only,02 - Angle,Beacon Hill South - Cardinal Heights
10552,OR174 IC109 RAMP65 @ MONTREAL RD,376403.0384,5034982.776,-75.58456864,45.45110639,2016-02-12,22:54,01 - Clear,02 - Wet,01 - Traffic signal,02 - Intersection related,07 - Dark,03 - P.D. only,07 - SMV other,Beacon Hill South - Cardinal Heights
10553,OR174 IC109 RAMP65 @ MONTREAL RD,376399.0638,5034983.718,-75.58461931,45.45111528,2016-12-24,7:31,03 - Snow,03 - Loose snow,01 - Traffic signal,03 - At intersection,03 - Dawn,03 - P.D. only,04 - Sideswipe,Greenbelt
10554,OR174 IC109 RAMP66 @ MONTREAL RD,376297.3829,5034935.602,-75.58592611,45.45069277,2016-01-15,7:50,01 - Clear,04 - Slush,03 - Yield sign,02 - Intersection related,03 - Dawn,02 - Non-fatal injury,03 - Rear end,Beacon Hill South - Cardinal Heights
10555,OR174 IC109 RAMP86 btwn MONTREAL RD & REGIONAL ROAD 174,376466.4612,5035013.267,-75.58375345,45.45137423,2016-07-21,9:11,01 - Clear,01 - Dry,10 - No control,01 - Non intersection,01 - Daylight,03 - P.D. only,07 - SMV other,Greenbelt
10556,OR174 IC112 RAMP36 btwn REGIONAL ROAD 174 & BLAIR RD,374624.1358,5032744.426,-75.60762633,45.43114698,2016-03-24,16:45,04 - Freezing Rain,06 - Ice,10 - No control,01 - Non intersection,01 - Daylight,02 - Non-fatal injury,07 - SMV other,Industrial Park
10557,OR174 IC112 RAMP36 btwn REGIONAL ROAD 174 & BLAIR RD,374696.0472,5032870.172,-75.60668954,45.43227119,2016-03-19,19:17,01 - Clear,01 - Dry,10 - No control,01 - Non intersection,07 - Dark,03 - P.D. only,07 - SMV other,Industrial Park
10558,OR174 IC112 RAMP61 btwn OR174 IC112 RAMP36 & REGIONAL ROAD 174,374681.054,5033017.261,-75.60686026,45.43359611,2016-02-16,8:06,03 - Snow,05 - Packed snow,10 - No control,01 - Non intersection,01 - Daylight,03 - P.D. only,03 - Rear end,Beacon Hill South - Cardinal Heights
10559,ORANGEVILLE ST/HWY 417 ROCHEST IC121BR51 @ ROC,366778.2244,5029520.966,-75.70829464,45.40288258,2016-01-09,16:21,02 - Rain,02 - Wet,01 - Traffic signal,03 - At intersection,05 - Dusk,03 - P.D. only,02 - Angle,Little Italy
10560,ORANGEVILLE ST/HWY 417 ROCHEST IC121BR51 @ ROC,366778.5325,5029522.802,-75.70829048,45.40289907,2016-12-23,6:30,01 - Clear,02 - Wet,01 - Traffic signal,03 - At intersection,07 - Dark,03 - P.D. only,02 - Angle,Little Italy
10561,ORCHARDVIEW AVE @ GARDENWAY DR,384735.6727,5036806.362,-75.47775719,45.46660994,2016-06-26,13:25,01 - Clear,01 - Dry,02 - Stop sign,02 - Intersection related,01 - Daylight,02 - Non-fatal injury,02 - Angle,Fallingbrook
10562,ORCHARDVIEW AVE @ GARDENWAY DR,384736.8178,5036807.429,-75.47774238,45.46661941,2016-04-06,17:45,03 - Snow,03 - Loose snow,02 - Stop sign,02 - Intersection related,01 - Daylight,03 - P.D. only,03 - Rear end,Fallingbrook
10563,ORIENT PARK DR btwn AUTUMN HILL CRES & CLEROUX CRES,379218.4238,5033272.464,-75.54883801,45.43542411,2016-12-05,9:11,03 - Snow,06 - Ice,10 - No control,01 - Non intersection,01 - Daylight,03 - P.D. only,02 - Angle,Blackburn Hamlet
10564,ORIENT PARK DR btwn KELDEN CRES & FALKIRK CRES,378550.8626,5032964.423,-75.55741526,45.4327233,2016-02-14,7:13,01 - Clear,06 - Ice,10 - No control,01 - Non intersection,01 - Daylight,03 - P.D. only,06 - SMV unattended vehicle,Blackburn Hamlet
10565,ORLEANS BLVD @ LONGLEAF DR N/SILVERBIRCH ST,380738.9845,5034033.675,-75.52928865,45.44210943,2016-11-25,15:28,01 - Clear,03 - Loose snow,02 - Stop sign,03 - At intersection,01 - Daylight,03 - P.D. only,02 - Angle,Chapel Hill South
10566,ORLEANS BLVD @ MAPLE RUN AVE/BEAUSEJOUR DR S,380572.5344,5035316.228,-75.53121851,45.45366692,2016-09-02,16:07,01 - Clear,01 - Dry,01 - Traffic signal,02 - Intersection related,01 - Daylight,02 - Non-fatal injury,02 - Angle,Orleans Village - Chateauneuf
10567,ORLEANS BLVD @ MAPLE RUN AVE/BEAUSEJOUR DR S,380571.7365,5035314.675,-75.53122894,45.45365303,2016-03-09,18:45,01 - Clear,01 - Dry,01 - Traffic signal,03 - At intersection,07 - Dark,03 - P.D. only,05 - Turning movement,Orleans Village - Chateauneuf
10568,ORLEANS BLVD @ MAPLE RUN AVE/BEAUSEJOUR DR S,380572.0953,5035316.228,-75.53122412,45.45366696,2016-02-10,17:42,03 - Snow,03 - Loose snow,01 - Traffic signal,02 - Intersection related,07 - Dark,03 - P.D. only,03 - Rear end,Orleans Village - Chateauneuf
10569,ORLEANS BLVD @ NAVAN RD,380597.1773,5033094.293,-75.53124573,45.43367297,2016-08-10,11:15,01 - Clear,01 - Dry,02 - Stop sign,03 - At intersection,01 - Daylight,02 - Non-fatal injury,02 - Angle,Chapel Hill South
10570,ORLEANS BLVD @ NAVAN RD,380593.865,5033089.341,-75.53128882,45.43362878,2016-05-02,14:55,01 - Clear,01 - Dry,02 - Stop sign,02 - Intersection related,01 - Daylight,03 - P.D. only,99 - Other,Chapel Hill South
10571,ORLEANS BLVD @ NAVAN RD,380595.9826,5033091.479,-75.53126143,45.43364778,2016-10-06,7:25,01 - Clear,01 - Dry,02 - Stop sign,02 - Intersection related,01 - Daylight,03 - P.D. only,03 - Rear end,Chapel Hill South
10572,ORLEANS BLVD @ PINEGLADE CRES/CRESTMONT PL,380610.8146,5034137.679,-75.53091076,45.44305909,2016-02-28,11:00,03 - Snow,04 - Slush,02 - Stop sign,02 - Intersection related,01 - Daylight,03 - P.D. only,01 - Approaching,Chapel Hill South
10573,ORLEANS BLVD @ ST. JOSEPH BLVD,380630.9388,5036980.856,-75.53021514,45.46863758,2016-04-05,20:59,01 - Clear,01 - Dry,01 - Traffic signal,03 - At intersection,07 - Dark,02 - Non-fatal injury,05 - Turning movement,Industrial Park
10574,ORLEANS BLVD @ ST. JOSEPH BLVD,380631.5122,5036979.914,-75.53020795,45.46862904,2016-06-11,8:52,02 - Rain,02 - Wet,01 - Traffic signal,03 - At intersection,01 - Daylight,02 - Non-fatal injury,05 - Turning movement,Orleans Village - Chateauneuf
10575,ORLEANS BLVD @ ST. JOSEPH BLVD,380631.5182,5036979.931,-75.53020787,45.4686292,2016-10-28,14:58,01 - Clear,02 - Wet,01 - Traffic signal,03 - At intersection,01 - Daylight,02 - Non-fatal injury,05 - Turning movement,Orleans Village - Chateauneuf
10576,ORLEANS BLVD @ ST. JOSEPH BLVD,380631.7377,5036980.176,-75.53020503,45.46863138,2016-12-13,16:00,01 - Clear,01 - Dry,01 - Traffic signal,02 - Intersection related,05 - Dusk,02 - Non-fatal injury,03 - Rear end,Orleans Village - Chateauneuf
10577,ORLEANS BLVD @ ST. JOSEPH BLVD,380630.9095,5036978.52,-75.53021587,45.46861657,2016-08-26,14:00,01 - Clear,01 - Dry,01 - Traffic signal,02 - Intersection related,01 - Daylight,03 - P.D. only,03 - Rear end,Orleans Village - Chateauneuf
10578,ORLEANS BLVD @ ST. JOSEPH BLVD,380632.2732,5036979.787,-75.53019824,45.46862782,2016-08-18,9:15,01 - Clear,01 - Dry,01 - Traffic signal,02 - Intersection related,01 - Daylight,03 - P.D. only,03 - Rear end,Orleans Village - Chateauneuf
10579,ORLEANS BLVD @ ST. JOSEPH BLVD,380633.1154,5036979.442,-75.53018752,45.46862462,2016-05-17,18:40,01 - Clear,01 - Dry,01 - Traffic signal,03 - At intersection,01 - Daylight,03 - P.D. only,05 - Turning movement,Orleans Village - Chateauneuf
10580,ORLEANS BLVD @ ST. JOSEPH BLVD,380630.8192,5036980.36,-75.53021674,45.46863313,2016-06-07,16:21,01 - Clear,01 - Dry,01 - Traffic signal,02 - Intersection related,01 - Daylight,03 - P.D. only,03 - Rear end,Industrial Park
10581,ORLEANS BLVD @ ST. JOSEPH BLVD,380631.9572,5036980.81,-75.53020212,45.46863706,2016-09-30,20:20,01 - Clear,01 - Dry,01 - Traffic signal,03 - At intersection,07 - Dark,03 - P.D. only,05 - Turning movement,Orleans Village - Chateauneuf
10582,ORLEANS BLVD @ ST. JOSEPH BLVD,380629.2532,5036980.176,-75.5302368,45.46863165,2016-12-19,10:03,01 - Clear,04 - Slush,01 - Traffic signal,02 - Intersection related,01 - Daylight,03 - P.D. only,03 - Rear end,Industrial Park
10583,ORLEANS BLVD btwn BEAUSEJOUR DR & BOYER RD,380804.9094,5035408.711,-75.52823364,45.45447377,2016-07-25,10:27,02 - Rain,02 - Wet,10 - No control,01 - Non intersection,01 - Daylight,02 - Non-fatal injury,03 - Rear end,Orleans Village - Chateauneuf
10584,ORLEANS BLVD btwn BEAUSEJOUR DR & BOYER RD,380710.5675,5035371.356,-75.52944544,45.45414793,2016-10-29,14:40,01 - Clear,01 - Dry,10 - No control,01 - Non intersection,01 - Daylight,03 - P.D. only,02 - Angle,Orleans Village - Chateauneuf
10585,ORLEANS BLVD btwn CRESTMONT PL & LONGLEAF DR,380727.5556,5034046.296,-75.52943277,45.44222423,2016-09-01,7:50,01 - Clear,01 - Dry,10 - No control,01 - Non intersection,01 - Daylight,03 - P.D. only,06 - SMV unattended vehicle,Chapel Hill South
10586,ORLEANS BLVD btwn FOREST VALLEY DR & OAK MEADOWS DR,380260.7752,5034833.977,-75.53527788,45.44936173,2016-08-28,15:20,02 - Rain,02 - Wet,10 - No control,01 - Non intersection,01 - Daylight,02 - Non-fatal injury,03 - Rear end,Chapel Hill
10587,ORLEANS BLVD btwn JEANNE D'ARC BLVD S & BEAUSEJOUR DR,381000.003,5036070.763,-75.52563702,45.46040914,2016-09-21,16:04,01 - Clear,01 - Dry,10 - No control,04 - At/near private drive,01 - Daylight,03 - P.D. only,02 - Angle,Orleans Village - Chateauneuf
10588,ORLEANS BLVD btwn JEANNE D'ARC BLVD S & BEAUSEJOUR DR,381022.5893,5036002.507,-75.52535884,45.45979256,2016-11-10,17:24,01 - Clear,01 - Dry,10 - No control,04 - At/near private drive,07 - Dark,03 - P.D. only,02 - Angle,Orleans Village - Chateauneuf
10589,ORLEANS BLVD btwn NOTRE DAME ST & CARRIERE ST,380783.6305,5036629.799,-75.52831695,45.46546246,2016-05-05,16:18,01 - Clear,01 - Dry,10 - No control,01 - Non intersection,01 - Daylight,03 - P.D. only,03 - Rear end,Orleans Village - Chateauneuf
10590,ORLEANS BLVD btwn ST. JOSEPH BLVD & NOTRE DAME ST,380640.0578,5036967.496,-75.53010059,45.46851639,2016-06-28,8:35,01 - Clear,01 - Dry,10 - No control,01 - Non intersection,01 - Daylight,03 - P.D. only,07 - SMV other,Orleans Village - Chateauneuf
10591,ORLEANS BLVD btwn TIMOTHY CRT & FORTUNE DR,380155.4563,5037869.65,-75.5361588,45.4766857,2016-05-11,18:35,01 - Clear,01 - Dry,10 - No control,04 - At/near private drive,01 - Daylight,02 - Non-fatal injury,02 - Angle,Orleans South West
10592,OSGOODE MAIN ST @ NIXON DR,374401.9354,5000468.77,-75.61499333,45.14076268,2016-08-06,11:15,01 - Clear,01 - Dry,02 - Stop sign,02 - Intersection related,01 - Daylight,03 - P.D. only,99 - Other,Kars - Osgoode
10593,OSGOODE MAIN ST @ RIVER RD,373031.7035,4999619.303,-75.63253007,45.13325288,2016-12-26,17:05,04 - Freezing Rain,06 - Ice,02 - Stop sign,02 - Intersection related,07 - Dark,02 - Non-fatal injury,02 - Angle,Kars - Osgoode
10594,OSGOODE MAIN ST @ RIVER RD,373031.484,4999618.205,-75.63253301,45.13324302,2016-01-23,12:51,01 - Clear,01 - Dry,02 - Stop sign,02 - Intersection related,01 - Daylight,03 - P.D. only,99 - Other,Kars - Osgoode
10595,OSGOODE MAIN ST btwn BOYD ST & WILSON LANE,374547.261,5000642.789,-75.61312142,45.14231416,2016-09-16,20:00,01 - Clear,01 - Dry,10 - No control,01 - Non intersection,07 - Dark,03 - P.D. only,03 - Rear end,Kars - Osgoode
10596,OSGOODE ST @ RUSSELL AVE,369147.5686,5032035.685,-75.67770356,45.42529534,2016-02-07,9:21,01 - Clear,02 - Wet,02 - Stop sign,02 - Intersection related,01 - Daylight,03 - P.D. only,06 - SMV unattended vehicle,Sandy Hill
10597,OSGOODE ST @ RUSSELL AVE,369147.6997,5032035.787,-75.67770187,45.42529625,2016-10-07,16:22,01 - Clear,01 - Dry,02 - Stop sign,03 - At intersection,01 - Daylight,03 - P.D. only,02 - Angle,Sandy Hill
10598,OSGOODE ST btwn KING EDWARD AVE & HENDERSON AVE,368915.1,5031894.482,-75.68069235,45.4240462,2016-09-07,10:20,01 - Clear,01 - Dry,10 - No control,01 - Non intersection,01 - Daylight,03 - P.D. only,06 - SMV unattended vehicle,Sandy Hill
10599,OSGOODE ST btwn KING EDWARD AVE & HENDERSON AVE,368888.2183,5031875.848,-75.68103825,45.423881,2016-01-22,14:32,01 - Clear,02 - Wet,10 - No control,04 - At/near private drive,01 - Daylight,03 - P.D. only,99 - Other,Sandy Hill
10600,OSGOODE ST btwn RUSSELL AVE & CHAPEL ST,369220.9034,5032079.071,-75.67676084,45.42567897,2016-04-03,18:30,01 - Clear,01 - Dry,10 - No control,01 - Non intersection,01 - Daylight,03 - P.D. only,06 - SMV unattended vehicle,Sandy Hill
10601,OSMOND DALEY DR btwn END & WEST LAKE CIRC,344331.6531,5018525.459,-75.99589038,45.30556906,2016-11-21,20:20,03 - Snow,03 - Loose snow,10 - No control,01 - Non intersection,07 - Dark,03 - P.D. only,07 - SMV other,Stittsville - Basswood
10602,OSPREY CRES btwn PINE HILL DR & PINE HILL DR,355724.7931,5017550.661,-75.85071294,45.29606404,2016-01-13,16:51,02 - Rain,06 - Ice,10 - No control,01 - Non intersection,05 - Dusk,03 - P.D. only,07 - SMV other,Bridlewood - Emerald Meadows
10603,OSPREY CRES btwn PINE HILL DR & PINE HILL DR,355852.9674,5017497.779,-75.84908428,45.2955789,2016-12-05,22:43,01 - Clear,05 - Packed snow,10 - No control,01 - Non intersection,07 - Dark,03 - P.D. only,06 - SMV unattended vehicle,Bridlewood - Emerald Meadows
10604,OSSINGTON AVE btwn GROSVENOR AVE & BANK ST,368815.7466,5028273.785,-75.68243195,45.39147749,2016-01-08,17:35,01 - Clear,01 - Dry,10 - No control,01 - Non intersection,05 - Dusk,03 - P.D. only,06 - SMV unattended vehicle,Old Ottawa South
10605,OSSINGTON AVE btwn GROSVENOR AVE & BANK ST,368706.4669,5028207.959,-75.68383599,45.39089519,2016-02-27,10:30,01 - Clear,05 - Packed snow,10 - No control,01 - Non intersection,01 - Daylight,03 - P.D. only,06 - SMV unattended vehicle,Old Ottawa South
10606,OTHELLO AVE @ WESTON DR,373384.2287,5028906.425,-75.62400492,45.39673719,2016-01-09,16:30,01 - Clear,02 - Wet,02 - Stop sign,03 - At intersection,05 - Dusk,03 - P.D. only,02 - Angle,Elmvale - Eastway - Riverview - Riverview Park West
10607,OTHELLO AVE btwn WESTON DR & PLEASANT PARK RD,373444.2414,5028747.896,-75.62326055,45.39530494,2016-08-02,11:15,01 - Clear,01 - Dry,10 - No control,01 - Non intersection,01 - Daylight,03 - P.D. only,06 - SMV unattended vehicle,Elmvale - Eastway - Riverview - Riverview Park West