Record,Location,X,Y,lon,lat,Date,Time,Environment,Road_Surface,Traffic_Control,Collision_Location,Light,Collision_Classification,Impact_type,Neighborhood
10608,OTHELLO AVE btwn WINGATE DR & CHAPMAN BLVD,373272.7989,5029190.103,-75.62538861,45.39930051,2016-05-20,15:37,01 - Clear,01 - Dry,10 - No control,01 - Non intersection,01 - Daylight,02 - Non-fatal injury,03 - Rear end,Elmvale - Eastway - Riverview - Riverview Park West
10609,O'TOOLE RD btwn WILHAVEN DR & INNES RD,388904.9055,5038824.466,-75.42410345,45.48427704,2016-08-08,19:55,01 - Clear,01 - Dry,10 - No control,01 - Non intersection,01 - Daylight,03 - P.D. only,05 - Turning movement,Cumberland - Estates
10610,OTTAWA RIVER PKWY @ ISLAND PARK DR,363299.0993,5029453.677,-75.7527408,45.40257651,2016-11-04,12:55,01 - Clear,01 - Dry,01 - Traffic signal,03 - At intersection,01 - Daylight,02 - Non-fatal injury,02 - Angle,Westboro
10611,OTTAWA RIVER PKWY @ ISLAND PARK DR,363298.7447,5029453.537,-75.75274535,45.40257528,2016-03-31,10:00,02 - Rain,02 - Wet,01 - Traffic signal,02 - Intersection related,01 - Daylight,03 - P.D. only,03 - Rear end,Westboro
10612,OTTAWA RIVER PKWY @ ISLAND PARK DR,363298.6833,5029453.578,-75.75274613,45.40257565,2016-06-27,18:26,01 - Clear,01 - Dry,01 - Traffic signal,02 - Intersection related,01 - Daylight,03 - P.D. only,04 - Sideswipe,Westboro
10613,OTTAWA RIVER PKWY @ ISLAND PARK DR,363299.0993,5029453.677,-75.7527408,45.40257651,2016-03-19,22:26,01 - Clear,01 - Dry,01 - Traffic signal,02 - Intersection related,07 - Dark,03 - P.D. only,03 - Rear end,Westboro
10614,OTTAWA RIVER PKWY @ ISLAND PARK DR,363299.4484,5029454.027,-75.7527363,45.40257963,2016-05-06,16:32,01 - Clear,01 - Dry,01 - Traffic signal,02 - Intersection related,01 - Daylight,03 - P.D. only,03 - Rear end,Westboro
10615,OTTAWA RIVER PKWY @ ISLAND PARK DR,363299.4484,5029453.328,-75.75273638,45.40257334,2016-01-02,16:40,01 - Clear,02 - Wet,01 - Traffic signal,02 - Intersection related,05 - Dusk,03 - P.D. only,03 - Rear end,Westboro
10616,OTTAWA RIVER PKWY @ ISLAND PARK DR,363298.4012,5029452.979,-75.7527498,45.40257029,2016-06-14,17:55,01 - Clear,01 - Dry,01 - Traffic signal,02 - Intersection related,01 - Daylight,03 - P.D. only,03 - Rear end,Westboro
10617,OTTAWA RIVER PKWY @ ISLAND PARK DR,363297.9871,5029454.66,-75.75275489,45.40258545,2016-03-03,8:57,01 - Clear,01 - Dry,01 - Traffic signal,02 - Intersection related,01 - Daylight,03 - P.D. only,03 - Rear end,Westboro
10618,OTTAWA RIVER PKWY @ ISLAND PARK DR,363298.0077,5029454.19,-75.75275468,45.40258122,2016-07-05,16:20,01 - Clear,01 - Dry,01 - Traffic signal,02 - Intersection related,01 - Daylight,03 - P.D. only,03 - Rear end,Westboro
10619,OTTAWA RIVER PKWY @ ISLAND PARK DR,363298.7242,5029453.557,-75.75274561,45.40257546,2016-08-29,10:36,01 - Clear,01 - Dry,01 - Traffic signal,03 - At intersection,01 - Daylight,03 - P.D. only,05 - Turning movement,Westboro
10620,OTTAWA RIVER PKWY @ ISLAND PARK DR,363298.1093,5029453.86,-75.75275343,45.40257824,2016-12-21,15:30,01 - Clear,01 - Dry,01 - Traffic signal,03 - At intersection,01 - Daylight,03 - P.D. only,04 - Sideswipe,Westboro
10621,OTTAWA RIVER PKWY @ ISLAND PARK DR,363298.8003,5029452.87,-75.75274472,45.40256927,2016-09-29,7:45,01 - Clear,00 - Unknown,01 - Traffic signal,02 - Intersection related,01 - Daylight,03 - P.D. only,04 - Sideswipe,Westboro
10622,OTTAWA RIVER PKWY @ ISLAND PARK DR,363298.9542,5029454.489,-75.75274256,45.40258383,2016-10-07,8:13,01 - Clear,01 - Dry,01 - Traffic signal,02 - Intersection related,01 - Daylight,03 - P.D. only,03 - Rear end,Westboro
10623,OTTAWA RIVER PKWY @ ISLAND PARK DR,363298.3609,5029454.232,-75.75275017,45.40258157,2016-06-30,21:00,01 - Clear,01 - Dry,01 - Traffic signal,03 - At intersection,05 - Dusk,03 - P.D. only,05 - Turning movement,Westboro
10624,OTTAWA RIVER PKWY @ PORTAGE BRIDGE,366516.756,5031314.968,-75.71140969,45.41904761,2016-01-04,19:48,03 - Snow,03 - Loose snow,01 - Traffic signal,03 - At intersection,07 - Dark,03 - P.D. only,04 - Sideswipe,LeBreton Flats
10625,OTTAWA RIVER PKWY @ PORTAGE BRIDGE,366515.7332,5031314.714,-75.71142279,45.41904542,2016-07-09,17:39,02 - Rain,02 - Wet,01 - Traffic signal,02 - Intersection related,01 - Daylight,03 - P.D. only,03 - Rear end,LeBreton Flats
10626,OTTAWA RIVER PKWY @ REMIC RAPIDS ENT/TUNNEY'S ,364269.484,5030245.016,-75.74025089,45.40961505,2016-02-03,15:35,01 - Clear,02 - Wet,01 - Traffic signal,02 - Intersection related,01 - Daylight,03 - P.D. only,03 - Rear end,Island Park
10627,OTTAWA RIVER PKWY @ REMIC RAPIDS ENT/TUNNEY'S ,364262.4928,5030245.489,-75.74034014,45.4096199,2016-01-15,18:15,03 - Snow,01 - Dry,01 - Traffic signal,03 - At intersection,07 - Dark,03 - P.D. only,05 - Turning movement,Island Park
10628,OTTAWA RIVER PKWY @ REMIC RAPIDS ENT/TUNNEY'S ,364262.937,5030245.247,-75.74033449,45.40961768,2016-07-19,18:50,01 - Clear,01 - Dry,01 - Traffic signal,03 - At intersection,01 - Daylight,03 - P.D. only,05 - Turning movement,Island Park
10629,OTTAWA RIVER PKWY @ REMIC RAPIDS ENT/TUNNEY'S ,364261.5689,5030240.965,-75.74035248,45.40957927,2016-07-09,20:28,01 - Clear,01 - Dry,01 - Traffic signal,03 - At intersection,05 - Dusk,03 - P.D. only,05 - Turning movement,Island Park
10630,OTTAWA RIVER PKWY @ REMIC RAPIDS ENT/TUNNEY'S ,364262.6567,5030244.623,-75.74033815,45.40961209,2016-12-28,16:20,00 - Unknown,00 - Unknown,01 - Traffic signal,02 - Intersection related,05 - Dusk,03 - P.D. only,03 - Rear end,Island Park
10631,OTTAWA RIVER PKWY @ RIVER ST/SLIDELL ST,365159.2183,5030375.561,-75.72886918,45.41071349,2016-12-29,13:32,03 - Snow,03 - Loose snow,01 - Traffic signal,02 - Intersection related,01 - Daylight,01 - Fatal injury,03 - Rear end,Mechanicsville
10632,OTTAWA RIVER PKWY @ RIVER ST/SLIDELL ST,365153.4615,5030374.982,-75.72894279,45.41070878,2016-07-17,14:55,01 - Clear,01 - Dry,01 - Traffic signal,03 - At intersection,01 - Daylight,02 - Non-fatal injury,02 - Angle,Mechanicsville
10633,OTTAWA RIVER PKWY @ RIVER ST/SLIDELL ST,365156.9216,5030377.46,-75.72889828,45.41073078,2016-10-30,16:00,01 - Clear,01 - Dry,01 - Traffic signal,03 - At intersection,01 - Daylight,03 - P.D. only,02 - Angle,Mechanicsville
10634,OTTAWA RIVER PKWY @ VIMY PLACE PRIV,365975.8995,5030797.436,-75.71838412,45.4144385,2016-01-13,16:09,01 - Clear,02 - Wet,01 - Traffic signal,02 - Intersection related,01 - Daylight,03 - P.D. only,03 - Rear end,LeBreton Flats
10635,OTTAWA RIVER PKWY @ VIMY PLACE PRIV,365975.2308,5030799.9,-75.71839235,45.41446073,2016-06-25,10:56,01 - Clear,01 - Dry,01 - Traffic signal,02 - Intersection related,01 - Daylight,03 - P.D. only,03 - Rear end,LeBreton Flats
10636,OTTAWA RIVER PKWY @ VIMY PLACE PRIV,365973.8208,5030797.267,-75.71841069,45.41443716,2016-09-01,5:36,01 - Clear,01 - Dry,01 - Traffic signal,02 - Intersection related,07 - Dark,03 - P.D. only,04 - Sideswipe,LeBreton Flats
10637,OTTAWA RIVER PKWY @ VIMY PLACE PRIV,365975.193,5030797.857,-75.71839309,45.41444235,2016-12-31,13:50,03 - Snow,03 - Loose snow,01 - Traffic signal,03 - At intersection,01 - Daylight,03 - P.D. only,05 - Turning movement,LeBreton Flats
10638,OTTAWA RIVER PKWY @ WOODROFFE AVE,361426.5927,5027003.108,-75.77693922,45.38068054,2016-05-30,9:29,01 - Clear,01 - Dry,02 - Stop sign,03 - At intersection,01 - Daylight,02 - Non-fatal injury,02 - Angle,Woodroffe - Lincoln Heights
10639,OTTAWA RIVER PKWY btwn ISLAND PARK DR & TURN LANE (1),363323.9659,5029495.771,-75.75241819,45.40295319,2016-08-13,8:05,02 - Rain,02 - Wet,10 - No control,01 - Non intersection,01 - Daylight,03 - P.D. only,04 - Sideswipe,Island Park
10640,OTTAWA RIVER PKWY btwn TRANSITWAY - TIME POINT & VIMY PLACE PRIV,365949.8542,5030779.928,-75.71871903,45.41428325,2016-04-20,16:17,01 - Clear,01 - Dry,10 - No control,01 - Non intersection,01 - Daylight,02 - Non-fatal injury,07 - SMV other,LeBreto
10641,OTTAWA RIVER PKWY btwn TRANSITWAY - TIME POINT & VIMY PLACE PRIV,365723.8294,5030498.504,-75.72164135,45.41177078,2016-03-02,11:05,03 - Snow,06 - Ice,10 - No control,01 - Non intersection,01 - Daylight,03 - P.D. only,07 - SMV other,LeBreton Flats
10642,OTTAWA RIVER PKWY btwn TRANSITWAY - TIME POINT & VIMY PLACE PRIV,365934.3958,5030778.317,-75.71891671,45.4142701,2016-09-26,17:10,01 - Clear,01 - Dry,10 - No control,01 - Non intersection,01 - Daylight,03 - P.D. only,03 - Rear end,LeBreto
10643,OTTAWA RIVER PKWY btwn VIMY PLACE PRIV & BOOTH ST,366260.2027,5031004.208,-75.71472626,45.41627407,2016-07-13,15:00,01 - Clear,01 - Dry,10 - No control,01 - Non intersection,01 - Daylight,02 - Non-fatal injury,03 - Rear end,LeBreton Flats
10644,OTTAWA RIVER PKWY btwn VIMY PLACE PRIV & BOOTH ST,366250.2788,5030996.113,-75.71485406,45.4162021,2016-06-13,15:20,01 - Clear,01 - Dry,10 - No control,01 - Non intersection,01 - Daylight,03 - P.D. only,04 - Sideswipe,LeBreton Flats
10645,OTTAWA RIVER PKWY EB btwn TO BE DETERMINED & TRANSIT,360913.0565,5025419.534,-75.78367592,45.36647297,2016-01-19,18:10,00 - Unknown,00 - Unknown,10 - No control,01 - Non intersection,07 - Dark,03 - P.D. only,02 - Angle,Woodroffe - Lincoln Heights
10646,OTTAWA RIVER PKWY EB btwn TRANSIT & TURN LANE (1),362654.1976,5029010.392,-75.76102999,45.3986415,2016-05-12,18:15,01 - Clear,02 - Wet,10 - No control,01 - Non intersection,01 - Daylight,03 - P.D. only,04 - Sideswipe,Westboro
10647,OTTAWA RIVER PKWY EB btwn TRANSIT & TURN LANE (1),362651.5089,5028997.736,-75.76106582,45.39852784,2016-07-07,6:30,02 - Rain,02 - Wet,10 - No control,01 - Non intersection,01 - Daylight,03 - P.D. only,03 - Rear end,Westboro
10648,OTTAWA RIVER PKWY EB btwn TRANSIT & TURN LANE (2),361277.7481,5026721.151,-75.77887191,45.37815553,2016-05-03,7:54,01 - Clear,01 - Dry,10 - No control,01 - Non intersection,01 - Daylight,03 - P.D. only,03 - Rear end,Woodroffe - Lincoln Heights
10649,OTTAWA RIVER PKWY EB btwn TRANSIT & TURN LANE (2),361392.9926,5026927.179,-75.77737693,45.38000005,2016-04-08,6:57,01 - Clear,02 - Wet,10 - No control,01 - Non intersection,01 - Daylight,03 - P.D. only,04 - Sideswipe,Woodroffe - Lincoln Heights
10650,OTTAWA RIVER PKWY EB btwn TUNNEY'S PASTURE/REMIC RAPIDS ENT & ISLAND P,364183.6045,5030057.334,-75.74137055,45.40793362,2016-02-13,7:54,01 - Clear,06 - Ice,10 - No control,01 - Non intersection,01 - Daylight,02 - Non-fatal injury,07 - SMV other,Tunney's Pasture
10651,OTTAWA RIVER PKWY EB btwn TUNNEY'S PASTURE/REMIC RAPIDS ENT & ISLAND P,363957.0085,5029938.552,-75.74427932,45.40688403,2016-06-02,0:15,01 - Clear,02 - Wet,10 - No control,01 - Non intersection,07 - Dark,02 - Non-fatal injury,07 - SMV other,Island Park
10652,OTTAWA RIVER PKWY EB btwn TUNNEY'S PASTURE/REMIC RAPIDS ENT & ISLAND P,363996.5554,5029943.372,-75.74377358,45.40692406,2016-02-25,18:30,03 - Snow,06 - Ice,10 - No control,01 - Non intersection,07 - Dark,03 - P.D. only,99 - Other,Tunney's Pasture
10653,OTTAWA RIVER PKWY EB btwn TUNNEY'S PASTURE/REMIC RAPIDS ENT & ISLAND P,364141.7118,5030019.457,-75.74191024,45.40759636,2016-09-09,13:48,01 - Clear,01 - Dry,10 - No control,01 - Non intersection,01 - Daylight,03 - P.D. only,03 - Rear end,Tunney's Pasture
10654,OTTAWA RIVER PKWY EB btwn TURN LANE & TRANSIT,361451.7302,5027093.338,-75.77660791,45.38149038,2016-02-23,4:22,01 - Clear,01 - Dry,10 - No control,01 - Non intersection,07 - Dark,03 - P.D. only,07 - SMV other,Woodroffe - Lincoln Heights
10655,OTTAWA RIVER PKWY EB btwn TURN LANE & TRANSIT,362160.7341,5027603.686,-75.767496,45.38602474,2016-07-22,13:51,01 - Clear,01 - Dry,10 - No control,01 - Non intersection,01 - Daylight,03 - P.D. only,03 - Rear end,Woodroffe - Lincoln Heights
10656,OTTAWA RIVER PKWY WB btwn OTTAWA RIVER PKWY WB RAMP/CARLING AVE WB & W,360959.01,5025665.175,-75.78306142,45.36867955,2016-05-31,17:05,01 - Clear,01 - Dry,10 - No control,01 - Non intersection,01 - Daylight,02 - Non-fatal injury,03 - Rear end,Woodroffe - Lincoln Heights
10657,OTTAWA RIVER PKWY WB btwn OTTAWA RIVER PKWY WB RAMP/CARLING AVE WB & W,361388.7397,5026973.298,-75.77742594,45.38041537,2016-01-18,8:35,01 - Clear,03 - Loose snow,10 - No control,01 - Non intersection,01 - Daylight,03 - P.D. only,07 - SMV other,Woodroffe - Lincoln Heights
10658,OTTAWA RIVER PKWY WB btwn RAMP & RAMP,364742.7525,5030441.883,-75.73418127,45.41134604,2016-04-06,19:00,03 - Snow,05 - Packed snow,10 - No control,01 - Non intersection,05 - Dusk,03 - P.D. only,03 - Rear end,Mechanicsville
10659,OTTAWA RIVER PKWY WB btwn RAMP & RIVER ST,365064.1393,5030356.237,-75.73008613,45.41054782,2016-04-27,3:20,01 - Clear,01 - Dry,10 - No control,01 - Non intersection,07 - Dark,03 - P.D. only,07 - SMV other,Mechanicsville
10660,OTTAWA RIVER PKWY WB btwn TRANSIT & TURN LANE,362696.4784,5028621.843,-75.76053559,45.3951419,2016-09-10,19:20,01 - Clear,01 - Dry,10 - No control,04 - At/near private drive,05 - Dusk,02 - Non-fatal injury,02 - Angle,Westboro Beach
10661,OTTAWA RIVER PKWY WB btwn TRANSIT & TURN LANE,362626.1754,5028863.755,-75.76140508,45.39732439,2016-06-26,15:37,01 - Clear,01 - Dry,10 - No control,01 - Non intersection,01 - Daylight,03 - P.D. only,99 - Other,Westboro
10662,OTTAWA RIVER PKWY WB btwn TRANSIT & TURN LANE,362638.7662,5028835.837,-75.76124755,45.39707215,2016-11-16,9:15,02 - Rain,02 - Wet,10 - No control,01 - Non intersection,01 - Daylight,03 - P.D. only,04 - Sideswipe,Westboro
10663,OTTAWA RIVER PKWY WB btwn TRANSIT & TURN LANE,362670.9991,5028762.885,-75.76084444,45.39641308,2016-10-12,17:45,01 - Clear,01 - Dry,10 - No control,01 - Non intersection,01 - Daylight,03 - P.D. only,04 - Sideswipe,Westboro Beach
10664,OTTAWA RIVER PKWY WB btwn TUNNEY'S PASTURE/REMIC RAPIDS ENT & PARKDALE,364169.8078,5030136.673,-75.74153723,45.40864867,2016-05-26,9:00,01 - Clear,01 - Dry,10 - No control,01 - Non intersection,01 - Daylight,02 - Non-fatal injury,03 - Rear end,Island Park
10665,OTTAWA RIVER PKWY WB btwn TUNNEY'S PASTURE/REMIC RAPIDS ENT & PARKDALE,363356.2097,5029593.167,-75.75199478,45.40382684,2016-01-13,16:45,01 - Clear,04 - Slush,10 - No control,01 - Non intersection,05 - Dusk,03 - P.D. only,03 - Rear end,Island Park
10666,OTTAWA RIVER PKWY WB btwn TUNNEY'S PASTURE/REMIC RAPIDS ENT & PARKDALE,364130.6877,5030110.25,-75.74204013,45.40841423,2016-02-17,16:05,03 - Snow,05 - Packed snow,10 - No control,01 - Non intersection,01 - Daylight,03 - P.D. only,03 - Rear end,Island Park
10667,OTTAWA RIVER PKWY WB btwn TUNNEY'S PASTURE/REMIC RAPIDS ENT & PARKDALE,363427.5186,5029730.293,-75.75106765,45.40505471,2016-02-12,17:15,03 - Snow,03 - Loose snow,10 - No control,01 - Non intersection,05 - Dusk,03 - P.D. only,03 - Rear end,Island Park
10668,OTTAWA RIVER PKWY WB btwn TUNNEY'S PASTURE/REMIC RAPIDS ENT & PARKDALE,363959.302,5030000.946,-75.74424254,45.40744525,2016-03-01,23:30,03 - Snow,03 - Loose snow,10 - No control,01 - Non intersection,07 - Dark,03 - P.D. only,07 - SMV other,Island Park
10669,OTTAWA RIVER PKWY WB btwn TUNNEY'S PASTURE/REMIC RAPIDS ENT & PARKDALE,363567.13,5029868.372,-75.74926789,45.40628541,2016-06-13,17:00,01 - Clear,01 - Dry,10 - No control,01 - Non intersection,01 - Daylight,03 - P.D. only,04 - Sideswipe,Island Park
10670,OTTAWA RIVER PKWY WB btwn TUNNEY'S PASTURE/REMIC RAPIDS ENT & PARKDALE,363367.6947,5029615.421,-75.75184544,45.40402612,2016-08-26,15:20,01 - Clear,01 - Dry,10 - No control,01 - Non intersection,01 - Daylight,03 - P.D. only,04 - Sideswipe,Island Park
10671,OTTAWA RIVER PKWY WB btwn TUNNEY'S PASTURE/REMIC RAPIDS ENT & PARKDALE,364033.6638,5030043.282,-75.74328757,45.40781989,2016-11-22,17:15,01 - Clear,01 - Dry,10 - No control,01 - Non intersection,07 - Dark,03 - P.D. only,03 - Rear end,Island Park
10672,OTTAWA RIVER PKWY WB btwn TUNNEY'S PASTURE/REMIC RAPIDS ENT & PARKDALE,363379.8616,5029645.41,-75.75168647,45.40429493,2016-04-11,16:00,01 - Clear,02 - Wet,10 - No control,01 - Non intersection,01 - Daylight,03 - P.D. only,03 - Rear end,Island Park
10673,OTTAWA RIVER PKWY WB btwn TUNNEY'S PASTURE/REMIC RAPIDS ENT & PARKDALE,364259.4759,5030240.544,-75.74037927,45.40957566,2016-12-14,16:15,01 - Clear,99 - Other,10 - No control,01 - Non intersection,05 - Dusk,03 - P.D. only,03 - Rear end,Island Park
10674,OTTAWA RIVER PKWY WB btwn WOODROFFE AVE & TRANSIT,362388.6374,5027965.465,-75.76454367,45.38926128,2016-03-25,7:40,04 - Freezing Rain,04 - Slush,10 - No control,01 - Non intersection,01 - Daylight,02 - Non-fatal injury,07 - SMV other,Woodroffe - Lincoln Heights
10675,OTTAWA RIVER PKWY WB btwn WOODROFFE AVE & TRANSIT,361978.3184,5027367.955,-75.76985259,45.38391858,2016-01-27,23:55,01 - Clear,01 - Dry,10 - No control,01 - Non intersection,07 - Dark,03 - P.D. only,07 - SMV other,Woodroffe - Lincoln Heights
10676,OTTAWA RIVER PKWY WB btwn WOODROFFE AVE & TRANSIT,361410.9972,5027099.087,-75.77712734,45.38154541,2016-06-22,9:09,01 - Clear,01 - Dry,10 - No control,01 - Non intersection,01 - Daylight,03 - P.D. only,04 - Sideswipe,Woodroffe - Lincoln Heights
10677,OTTAWA RIVER PKWY WB RAMP/CARLING AVE WB btwn CARLING AVE & OTTAWA RIV,360891.5295,5025438.48,-75.78394856,45.36664517,2016-07-20,19:55,01 - Clear,01 - Dry,10 - No control,01 - Non intersection,01 - Daylight,03 - P.D. only,02 - Angle,Woodroffe - Lincoln Heights
10678,OTTAWA RIVER PKWY WB RAMP/CARLING AVE WB btwn CARLING AVE & OTTAWA RIV,360891.9979,5025439.273,-75.78394249,45.36665226,2016-06-20,17:50,01 - Clear,01 - Dry,10 - No control,01 - Non intersection,01 - Daylight,03 - P.D. only,03 - Rear end,Woodroffe - Lincoln Heights
10679,OTTAWA ROAD 29 btwn GALETTA SIDE RD & WALTER BRADLEY RD,318988.9241,5027147.713,-76.31881172,45.38412673,2016-10-16,21:24,"07 - Fog, mist, smoke, dust",02 - Wet,10 - No control,01 - Non intersection,07 - Dark,02 - Non-fatal injury,07 - SMV other,Mississipp
10680,OTTAWA ROAD 29 btwn GALETTA SIDE RD & WALTER BRADLEY RD,318958.3291,5026958.248,-76.31920784,45.38242244,2016-03-20,3:09,01 - Clear,01 - Dry,10 - No control,01 - Non intersection,07 - Dark,02 - Non-fatal injury,07 - SMV other,Mississipp
10681,OTTAWA ST btwn COLONEL MURRAY ST & COCKBURN ST,357855.2994,5005409.021,-75.82484629,45.18665328,2016-11-29,0:21,"07 - Fog, mist, smoke, dust",02 - Wet,10 - No control,01 - Non intersection,07 - Dark,02 - Non-fatal injury,05 - Turning movement,Munster Hamlet - Richmond
10682,OWL VALLEY DR @ SHORELINE DR,368381.7949,5015616.758,-75.68959961,45.27763171,2016-02-05,8:22,01 - Clear,01 - Dry,02 - Stop sign,03 - At intersection,01 - Daylight,02 - Non-fatal injury,03 - Rear end,Gloucester
10683,OWL VALLEY DR btwn Continuation of OWL VALLEY DR & Continuation of OWL,368393.2245,5015672.061,-75.68944686,45.27812828,2016-04-16,13:30,01 - Clear,01 - Dry,10 - No control,01 - Non intersection,01 - Daylight,03 - P.D. only,06 - SMV unattended vehicle,Gloucester
10684,OWL VALLEY DR btwn Continuation of OWL VALLEY DR & Continuation of OWL,368498.7346,5015805.383,-75.68808506,45.27931835,2016-11-25,17:50,01 - Clear,04 - Slush,10 - No control,04 - At/near private drive,07 - Dark,03 - P.D. only,06 - SMV unattended vehicle,Gloucester
10685,OWLS CABIN AVE btwn FEATHER MOSS WAY & SPRATT RD,369183.3289,5016674.373,-75.67924726,45.28707503,2016-06-06,9:13,01 - Clear,01 - Dry,10 - No control,01 - Non intersection,01 - Daylight,03 - P.D. only,06 - SMV unattended vehicle,Gloucester
10686,OWLSHEAD RD btwn CADE CRT & COOLBROOK CRES,348421.4638,5003131.978,-75.94508908,45.16680983,2016-09-04,2:15,01 - Clear,01 - Dry,10 - No control,01 - Non intersection,07 - Dark,03 - P.D. only,07 - SMV other,Munster Hamlet - Richmond
10687,OXFORD ST btwn PINEHURST AVE & HINCHEY AVE,365166.8251,5029522.223,-75.72887649,45.4030347,2016-12-13,17:45,03 - Snow,04 - Slush,10 - No control,01 - Non intersection,07 - Dark,03 - P.D. only,06 - SMV unattended vehicle,Islan
10688,PAGE RD btwn MONTPELIER PL & NAVAN RD,381617.8787,5032863.943,-75.51823812,45.43148908,2016-03-24,18:53,03 - Snow,06 - Ice,10 - No control,01 - Non intersection,07 - Dark,03 - P.D. only,07 - SMV other,Chapel Hill South
10689,PALLADIUM DR @ SILVER SEVEN RD,351051.8297,5017888.113,-75.91025805,45.29942368,2016-02-26,8:42,01 - Clear,06 - Ice,01 - Traffic signal,02 - Intersection related,01 - Daylight,02 - Non-fatal injury,03 - Rear end,Katimavik - Hazeldean
10690,PALLADIUM DR @ SILVER SEVEN RD,351051.1485,5017887.676,-75.91026677,45.29941979,2016-06-12,15:37,01 - Clear,01 - Dry,01 - Traffic signal,02 - Intersection related,01 - Daylight,02 - Non-fatal injury,03 - Rear end,Katimavik - Hazeldean
10691,PALLADIUM DR @ SILVER SEVEN RD,351052.5262,5017886.758,-75.91024929,45.29941144,2016-02-26,11:48,01 - Clear,06 - Ice,01 - Traffic signal,02 - Intersection related,01 - Daylight,03 - P.D. only,03 - Rear end,Katimavik - Hazeldean
10692,PALLADIUM DR @ SILVER SEVEN RD,351052.2841,5017887.221,-75.91025234,45.29941562,2016-06-03,11:24,01 - Clear,01 - Dry,01 - Traffic signal,03 - At intersection,01 - Daylight,03 - P.D. only,04 - Sideswipe,Katimavik - Hazeldean
10693,PALLADIUM DR btwn HUNTMAR DR & HWY417 IC142 RAMP25,349596.353,5017272.132,-75.92887106,45.29397521,2016-10-24,10:26,01 - Clear,01 - Dry,10 - No control,01 - Non intersection,01 - Daylight,02 - Non-fatal injury,05 - Turning movement,Stittsville - Basswood
10694,PALLADIUM DR btwn HUNTMAR DR & HWY417 IC142 RAMP25,349549.6296,5017133.056,-75.92947927,45.29272673,2016-01-14,0:05,01 - Clear,01 - Dry,10 - No control,01 - Non intersection,07 - Dark,03 - P.D. only,07 - SMV other,Stittsville - Basswood
10695,PALLADIUM DR btwn HWY417 IC142 RAMP62 & HUNTMAR DR,348971.6272,5017948.973,-75.93677529,45.30010519,2016-11-24,8:09,03 - Snow,03 - Loose snow,10 - No control,04 - At/near private drive,01 - Daylight,03 - P.D. only,03 - Rear end,Stittsville - Basswood
10696,PALLADIUM DR btwn SILVER SEVEN RD & TERRY FOX DR,351175.2081,5017988.654,-75.90867557,45.30032024,2016-02-18,19:28,01 - Clear,01 - Dry,10 - No control,04 - At/near private drive,07 - Dark,03 - P.D. only,02 - Angle,Katimavik - Hazeldean
10697,PALLISTER PRIV btwn DALKOWSKI PRIV & TO BE DETERMINED,362752.0656,5022873.326,-75.76050004,45.34341277,2016-03-21,11:15,01 - Clear,01 - Dry,10 - No control,04 - At/near private drive,01 - Daylight,03 - P.D. only,99 - Other,Centrepointe
10698,PALMADEO DR btwn RODEO DR & ALAMEDA WAY,365106.2326,5015804.383,-75.73132258,45.27960854,2016-02-02,19:20,01 - Clear,02 - Wet,10 - No control,01 - Non intersection,07 - Dark,03 - P.D. only,06 - SMV unattended vehicle,New Barrhaven
10699,PALMERSTON DR btwn MATHESON RD & PEREZ CRES,373384.5482,5032528.723,-75.62349679,45.42932886,2016-02-02,12:22,01 - Clear,01 - Dry,10 - No control,01 - Non intersection,01 - Daylight,03 - P.D. only,07 - SMV other,Industrial Park
10700,PALMERSTON DR btwn PEREZ CRES & HALMONT DR,373538.4919,5032358.856,-75.62155335,45.42778537,2016-07-13,14:45,01 - Clear,01 - Dry,10 - No control,01 - Non intersection,01 - Daylight,03 - P.D. only,04 - Sideswipe,Industrial Park
10701,PALOMINO DR btwn APPALOOSA DR & CHICKASAW CRES N,354440.3206,5017556.683,-75.86708824,45.29621015,2016-02-09,19:05,03 - Snow,02 - Wet,10 - No control,04 - At/near private drive,07 - Dark,03 - P.D. only,05 - Turning movement,Bridlewood - Emerald Meadows
10702,PALOMINO DR btwn CHICKASAW CRES N & CHICKASAW CRES S,354388.3325,5017480.47,-75.86775867,45.29552804,2016-12-15,16:33,01 - Clear,01 - Dry,10 - No control,01 - Non intersection,05 - Dusk,03 - P.D. only,06 - SMV unattended vehicle,Bridlewood - Emerald Meadows
10703,PAMILLA ST @ PRESTON ST,366749.5314,5029120.147,-75.70871148,45.39927866,2016-12-31,22:11,03 - Snow,03 - Loose snow,01 - Traffic signal,02 - Intersection related,07 - Dark,03 - P.D. only,01 - Approaching,Little Italy
10704,PAMILLA ST btwn PRESTON ST & END,366730.8904,5029118.983,-75.7089497,45.39926983,2016-07-05,19:59,01 - Clear,01 - Dry,10 - No control,01 - Non intersection,01 - Daylight,03 - P.D. only,06 - SMV unattended vehicle,Little Italy
10705,PAMILLA ST btwn PRESTON ST & END,366734.6245,5029121.803,-75.70890166,45.39929488,2016-12-16,0:00,01 - Clear,02 - Wet,10 - No control,01 - Non intersection,00 - Unknown,03 - P.D. only,06 - SMV unattended vehicle,Little Italy
10706,PAMILLA ST btwn PRESTON ST & ROCHESTER ST,366901.5397,5029189.216,-75.70676135,45.39988666,2016-06-29,10:30,01 - Clear,01 - Dry,10 - No control,01 - Non intersection,01 - Daylight,03 - P.D. only,06 - SMV unattended vehicle,Little Italy
10707,PAMPERO CRES btwn KONA LANE E & KONA LANE W,349816.3578,5016496.32,-75.92613666,45.28698015,2016-10-20,14:41,01 - Clear,01 - Dry,10 - No control,04 - At/near private drive,01 - Daylight,03 - P.D. only,06 - SMV unattended vehicle,Stittsville