Record,Location,X,Y,lon,lat,Date,Time,Environment,Road_Surface,Traffic_Control,Collision_Location,Light,Collision_Classification,Impact_type,Neighborhood
10708,PANET ST btwn CHRISTINE AVE & EMPEROR AVE,364945.1046,5026717.52,-75.73205033,45.37781764,2016-02-21,6:00,03 - Snow,03 - Loose snow,10 - No control,04 - At/near private drive,07 - Dark,03 - P.D. only,07 - SMV other,Carlington
10709,PANMURE RD @ HWY 417 PANMURE IC163R16,331523.0154,5021652.508,-76.15905445,45.33431211,2016-02-16,11:09,01 - Clear,05 - Packed snow,10 - No control,03 - At intersection,01 - Daylight,03 - P.D. only,07 - SMV other,Carp - Hardwood Plains
10710,PANMURE RD @ UPPER DWYER HILL RD,329349.4225,5019817.306,-76.18687679,45.31787732,2016-12-02,19:28,03 - Snow,02 - Wet,02 - Stop sign,02 - Intersection related,07 - Dark,03 - P.D. only,07 - SMV other,Car
10711,PANMURE RD btwn BREEZY HEIGHTS RD & MARSHWOOD RD,330363.0042,5020677.317,-76.17390456,45.32558002,2016-04-24,0:00,01 - Clear,01 - Dry,10 - No control,01 - Non intersection,07 - Dark,03 - P.D. only,07 - SMV other,Car
10712,PANMURE RD btwn HWY417 IC163 RAMP15 & HWY417 IC163 RAMP16,331134.7631,5021328.89,-76.1640251,45.3314147,2016-11-05,22:13,01 - Clear,02 - Wet,10 - No control,01 - Non intersection,07 - Dark,03 - P.D. only,07 - SMV other,Carp - Hardwood Plains
10713,PANMURE RD btwn MORNINGDOVE DR & DEERWOOD DR,332763.3484,5022723.484,-76.14316943,45.34390097,2016-02-27,9:38,05 - Drifting Snow,06 - Ice,10 - No control,01 - Non intersection,01 - Daylight,02 - Non-fatal injury,07 - SMV other,Carp - Hardwood Plains
10714,PANSY AVE @ SENECA ST,368182.6269,5028343.867,-75.69050794,45.39216565,2016-04-16,12:32,01 - Clear,01 - Dry,02 - Stop sign,03 - At intersection,01 - Daylight,03 - P.D. only,06 - SMV unattended vehicle,Old Ottawa South
10715,PARADISE CRES btwn GARDENWAY DR & GARDENWAY DR,385354.332,5037182.819,-75.46978516,45.46992586,2016-05-31,16:21,01 - Clear,01 - Dry,10 - No control,04 - At/near private drive,01 - Daylight,03 - P.D. only,99 - Other,Fallingbrook
10716,PARENT AVE @ ST. PATRICK ST,367821.3117,5032556.593,-75.69458342,45.43010304,2016-09-23,20:19,01 - Clear,01 - Dry,01 - Traffic signal,03 - At intersection,07 - Dark,02 - Non-fatal injury,02 - Angle,Byward Market
10717,PARENT AVE @ ST. PATRICK ST,367821.6595,5032556.398,-75.694579,45.43010126,2016-06-09,18:49,01 - Clear,01 - Dry,01 - Traffic signal,03 - At intersection,01 - Daylight,03 - P.D. only,03 - Rear end,Byward Market
10718,PARENT AVE @ ST. PATRICK ST,367821.4828,5032555.934,-75.69458131,45.4300971,2016-01-05,14:47,01 - Clear,01 - Dry,01 - Traffic signal,02 - Intersection related,01 - Daylight,03 - P.D. only,04 - Sideswipe,Byward Market
10719,PARENT AVE @ ST. PATRICK ST,367822.5012,5032556.327,-75.69456825,45.43010054,2016-03-30,12:45,01 - Clear,01 - Dry,01 - Traffic signal,03 - At intersection,01 - Daylight,03 - P.D. only,05 - Turning movement,Byward Market
10720,PARENT AVE @ ST. PATRICK ST,367821.9436,5032556.966,-75.69457529,45.43010634,2016-06-21,15:16,01 - Clear,01 - Dry,01 - Traffic signal,02 - Intersection related,01 - Daylight,03 - P.D. only,03 - Rear end,Byward Market
10721,PARENT AVE btwn BOLTON ST & CATHCART ST,367636.8853,5032853.856,-75.69690223,45.43279431,2016-04-25,11:45,01 - Clear,01 - Dry,10 - No control,01 - Non intersection,01 - Daylight,03 - P.D. only,06 - SMV unattended vehicle,Lower Town
10722,PARENT AVE btwn MURRAY ST & CLARENCE ST,367863.8411,5032484.96,-75.69404911,45.42945468,2016-05-28,14:13,01 - Clear,01 - Dry,10 - No control,01 - Non intersection,01 - Daylight,03 - P.D. only,04 - Sideswipe,Byward Market
10723,PARENT AVE btwn MURRAY ST & CLARENCE ST,367887.4394,5032448.48,-75.69375223,45.42912432,2016-06-18,14:00,01 - Clear,01 - Dry,10 - No control,01 - Non intersection,01 - Daylight,03 - P.D. only,06 - SMV unattended vehicle,Byward Market
10724,PARENT AVE btwn MURRAY ST & CLARENCE ST,367873.7983,5032470.506,-75.69392373,45.42932373,2016-01-30,22:50,01 - Clear,01 - Dry,10 - No control,01 - Non intersection,07 - Dark,03 - P.D. only,04 - Sideswipe,Byward Market
10725,PARKDALE AVE @ GLADSTONE AVE,365218.358,5029119.803,-75.72826757,45.39940937,2016-09-30,14:41,01 - Clear,01 - Dry,01 - Traffic signal,02 - Intersection related,01 - Daylight,03 - P.D. only,03 - Rear end,Civi
10726,PARKDALE AVE @ HWY 417 PARKDAL IC122R15/HWY 41,365336.6982,5028843.484,-75.72679004,45.39691289,2016-09-27,6:28,01 - Clear,01 - Dry,01 - Traffic signal,02 - Intersection related,07 - Dark,02 - Non-fatal injury,03 - Rear end,Civic Hospital - Experimental Farm - Central Park
10727,PARKDALE AVE @ HWY 417 PARKDAL IC122R15/HWY 41,365337.0398,5028844.718,-75.72678553,45.39692397,2016-09-13,9:45,01 - Clear,01 - Dry,01 - Traffic signal,02 - Intersection related,01 - Daylight,03 - P.D. only,03 - Rear end,Civic Hospital - Experimental Farm - Central Park
10728,PARKDALE AVE @ HWY 417 PARKDAL IC122R15/HWY 41,365335.4286,5028846.045,-75.72680594,45.39693605,2016-01-01,13:40,01 - Clear,02 - Wet,01 - Traffic signal,03 - At intersection,01 - Daylight,03 - P.D. only,02 - Angle,Civic Hospital - Experimental Farm - Central Park
10729,PARKDALE AVE @ HWY 417 PARKDAL IC122R15/HWY 41,365336.6982,5028844.312,-75.72678994,45.39692034,2016-12-17,16:08,03 - Snow,04 - Slush,01 - Traffic signal,02 - Intersection related,05 - Dusk,03 - P.D. only,03 - Rear end,Civic Hospital - Experimental Farm - Central Park
10730,PARKDALE AVE @ HWY 417 PARKDAL IC122R15/HWY 41,365337.5264,5028843.484,-75.72677946,45.39691282,2016-12-06,11:11,03 - Snow,04 - Slush,01 - Traffic signal,03 - At intersection,01 - Daylight,03 - P.D. only,03 - Rear end,Civic Hospital - Experimental Farm - Central Park
10731,PARKDALE AVE @ KENILWORTH ST,365446.0659,5028595.484,-75.72542375,45.39467198,2016-10-04,15:24,01 - Clear,01 - Dry,02 - Stop sign,03 - At intersection,01 - Daylight,03 - P.D. only,02 - Angle,Civic Hospital - Experimental Farm - Central Park
10732,PARKDALE AVE @ KENILWORTH ST,365445.4803,5028596.648,-75.72543108,45.39468251,2016-02-18,8:17,01 - Clear,01 - Dry,02 - Stop sign,03 - At intersection,01 - Daylight,03 - P.D. only,02 - Angle,Civic Hospital - Experimental Farm - Central Park
10733,PARKDALE AVE @ KENILWORTH ST,365445.6066,5028595.007,-75.72542967,45.39466773,2016-03-26,18:45,01 - Clear,01 - Dry,02 - Stop sign,03 - At intersection,05 - Dusk,03 - P.D. only,02 - Angle,Civic Hospital - Experimental Farm - Central Park
10734,PARKDALE AVE @ RUSKIN ST,365506.0461,5028449.486,-75.72467571,45.39335313,2016-11-18,11:06,01 - Clear,01 - Dry,01 - Traffic signal,02 - Intersection related,01 - Daylight,02 - Non-fatal injury,03 - Rear end,Civic Hospital - Experimental Farm - Central Park
10735,PARKDALE AVE @ RUSKIN ST,365509.2845,5028452.597,-75.72463397,45.39338084,2016-12-08,12:13,01 - Clear,01 - Dry,01 - Traffic signal,02 - Intersection related,01 - Daylight,03 - P.D. only,04 - Sideswipe,Civic Hospital - Experimental Farm - Central Park
10736,PARKDALE AVE @ SCOTT ST,364948.6059,5029726.34,-75.73163886,45.40489009,2016-12-06,18:22,01 - Clear,01 - Dry,01 - Traffic signal,02 - Intersection related,07 - Dark,02 - Non-fatal injury,05 - Turning movement,Islan
10737,PARKDALE AVE @ SCOTT ST,364949.313,5029725.779,-75.7316299,45.40488498,2016-07-23,10:33,01 - Clear,01 - Dry,01 - Traffic signal,03 - At intersection,01 - Daylight,03 - P.D. only,05 - Turning movement,Islan
10738,PARKDALE AVE @ SCOTT ST,364951.3599,5029726.146,-75.73160371,45.4048881,2016-11-14,17:31,01 - Clear,01 - Dry,01 - Traffic signal,02 - Intersection related,07 - Dark,03 - P.D. only,03 - Rear end,Islan
10739,PARKDALE AVE @ SCOTT ST,364949.313,5029726.56,-75.7316298,45.404892,2016-07-06,16:03,01 - Clear,01 - Dry,01 - Traffic signal,02 - Intersection related,01 - Daylight,03 - P.D. only,07 - SMV other,Islan
10740,PARKDALE AVE @ SHERWOOD DR,365381.1989,5028745.429,-75.72623375,45.39602677,2016-10-28,9:49,01 - Clear,02 - Wet,01 - Traffic signal,03 - At intersection,01 - Daylight,03 - P.D. only,01 - Approaching,Civic Hospital - Experimental Farm - Central Park
10741,PARKDALE AVE @ SIMS AVE,365270.4582,5028995.768,-75.72761735,45.39828884,2016-05-17,8:52,01 - Clear,01 - Dry,02 - Stop sign,03 - At intersection,01 - Daylight,02 - Non-fatal injury,05 - Turning movement,Civi
10742,PARKDALE AVE @ TYNDALL ST,365263.9201,5029013.78,-75.72769865,45.39845147,2016-01-21,16:50,01 - Clear,02 - Wet,02 - Stop sign,03 - At intersection,05 - Dusk,03 - P.D. only,99 - Other,Civi
10743,PARKDALE AVE @ TYNDALL ST,365263.9246,5029013.785,-75.72769859,45.39845151,2016-03-31,15:45,02 - Rain,02 - Wet,02 - Stop sign,02 - Intersection related,01 - Daylight,03 - P.D. only,03 - Rear end,Civi
10744,PARKDALE AVE @ TYNDALL ST,365263.042,5029012.902,-75.72770997,45.39844364,2016-04-11,14:45,02 - Rain,04 - Slush,02 - Stop sign,02 - Intersection related,01 - Daylight,03 - P.D. only,03 - Rear end,Civi
10745,PARKDALE AVE @ TYNDALL ST,365265.3569,5029013.147,-75.72768037,45.39844565,2016-10-13,17:55,01 - Clear,01 - Dry,02 - Stop sign,02 - Intersection related,01 - Daylight,03 - P.D. only,03 - Rear end,Civi
10746,PARKDALE AVE @ TYNDALL ST,365263.9279,5029013.561,-75.72769857,45.3984495,2016-07-05,8:51,01 - Clear,01 - Dry,02 - Stop sign,02 - Intersection related,01 - Daylight,03 - P.D. only,04 - Sideswipe,Civi
10747,PARKDALE AVE @ WELLINGTON ST,365149.4811,5029270.336,-75.72912884,45.40076978,2016-09-26,19:26,01 - Clear,01 - Dry,01 - Traffic signal,03 - At intersection,07 - Dark,02 - Non-fatal injury,05 - Turning movement,Islan
10748,PARKDALE AVE @ WELLINGTON ST,365149.9201,5029269.458,-75.72912334,45.40076184,2016-01-13,20:20,01 - Clear,01 - Dry,01 - Traffic signal,03 - At intersection,07 - Dark,03 - P.D. only,05 - Turning movement,Islan
10749,PARKDALE AVE @ WELLINGTON ST,365149.4811,5029269.458,-75.72912895,45.40076188,2016-01-27,15:30,01 - Clear,01 - Dry,01 - Traffic signal,03 - At intersection,01 - Daylight,03 - P.D. only,05 - Turning movement,Islan
10750,PARKDALE AVE @ WELLINGTON ST,365149.4811,5029269.897,-75.7291289,45.40076583,2016-10-21,12:26,02 - Rain,02 - Wet,01 - Traffic signal,02 - Intersection related,01 - Daylight,03 - P.D. only,04 - Sideswipe,Islan
10751,PARKDALE AVE @ WELLINGTON ST,365149.042,5029270.336,-75.72913445,45.40076981,2016-10-28,16:33,01 - Clear,02 - Wet,01 - Traffic signal,03 - At intersection,01 - Daylight,03 - P.D. only,02 - Angle,Islan
10752,PARKDALE AVE @ WELLINGTON ST,365149.4751,5029270.33,-75.72912892,45.40076972,2016-03-24,15:00,04 - Freezing Rain,03 - Loose snow,01 - Traffic signal,03 - At intersection,01 - Daylight,03 - P.D. only,04 - Sideswipe,Islan
10753,PARKDALE AVE @ WELLINGTON ST,365150.828,5029271.232,-75.72911153,45.40077772,2016-05-19,13:08,01 - Clear,01 - Dry,01 - Traffic signal,02 - Intersection related,01 - Daylight,03 - P.D. only,04 - Sideswipe,Islan
10754,PARKDALE AVE @ WELLINGTON ST,365150.3592,5029270.775,-75.72911757,45.40077365,2016-01-20,15:35,01 - Clear,01 - Dry,01 - Traffic signal,02 - Intersection related,01 - Daylight,03 - P.D. only,04 - Sideswipe,Islan
10755,PARKDALE AVE @ WELLINGTON ST,365148.9501,5029272.432,-75.72913537,45.40078868,2016-01-16,8:26,01 - Clear,02 - Wet,01 - Traffic signal,02 - Intersection related,01 - Daylight,03 - P.D. only,07 - SMV other,Islan
10756,PARKDALE AVE @ WELLINGTON ST,365149.7006,5029269.313,-75.72912616,45.40076055,2016-12-16,19:13,01 - Clear,01 - Dry,01 - Traffic signal,03 - At intersection,07 - Dark,03 - P.D. only,99 - Other,Islan
10757,PARKDALE AVE @ WESTMOUNT AVE/HWY 417 PARKDAL I,365301.298,5028925.149,-75.72723213,45.39765076,2016-05-18,13:38,01 - Clear,01 - Dry,01 - Traffic signal,03 - At intersection,01 - Daylight,03 - P.D. only,04 - Sideswipe,Civi
10758,PARKDALE AVE @ WESTMOUNT AVE/HWY 417 PARKDAL I,365302.7438,5028922.159,-75.72721404,45.39762373,2016-12-22,1:49,01 - Clear,04 - Slush,01 - Traffic signal,02 - Intersection related,07 - Dark,03 - P.D. only,07 - SMV other,Civi
10759,PARKDALE AVE btwn BULLMAN ST & OXFORD ST,365030.563,5029546.091,-75.73061402,45.4032612,2016-03-02,13:00,01 - Clear,01 - Dry,10 - No control,01 - Non intersection,01 - Daylight,03 - P.D. only,06 - SMV unattended vehicle,Islan
10760,PARKDALE AVE btwn BULLMAN ST & OXFORD ST,365037.6522,5029526.682,-75.73052584,45.40308595,2016-09-02,10:30,01 - Clear,01 - Dry,10 - No control,01 - Non intersection,01 - Daylight,03 - P.D. only,01 - Approaching,Islan
10761,PARKDALE AVE btwn BURNSIDE AVE & LYNDALE AVE,364825.1955,5030016.36,-75.7331799,45.40751021,2016-03-16,10:00,01 - Clear,01 - Dry,10 - No control,04 - At/near private drive,01 - Daylight,03 - P.D. only,02 - Angle,Island Park
10762,PARKDALE AVE btwn GRANT ST & WELLINGTON ST W,365119.8778,5029336.965,-75.72949879,45.40137184,2016-10-01,10:11,01 - Clear,01 - Dry,10 - No control,01 - Non intersection,01 - Daylight,03 - P.D. only,99 - Other,Islan
10763,PARKDALE AVE btwn GRANT ST & WELLINGTON ST W,365130.5398,5029313.3,-75.72936551,45.40115799,2016-05-25,11:12,01 - Clear,01 - Dry,10 - No control,01 - Non intersection,01 - Daylight,03 - P.D. only,06 - SMV unattended vehicle,Islan
10764,PARKDALE AVE btwn HUTCHISON AVE & RUSKIN ST,365499.1404,5028471.535,-75.72476119,45.39355212,2016-01-28,16:26,01 - Clear,01 - Dry,10 - No control,01 - Non intersection,01 - Daylight,03 - P.D. only,06 - SMV unattended vehicle,Civic Hospital - Experimental Farm - Central Park
10765,PARKDALE AVE btwn HWY417 IC122 RAMP51 & SHERWOOD DR,365340.5184,5028837.015,-75.72674204,45.39685436,2016-02-18,13:36,01 - Clear,01 - Dry,10 - No control,04 - At/near private drive,01 - Daylight,03 - P.D. only,02 - Angle,Civic Hospital - Experimental Farm - Central Park
10766,PARKDALE AVE btwn INGLEWOOD PL & CARLING AVE,365591.4286,5028255.956,-75.72360917,45.39160438,2016-04-12,8:20,01 - Clear,01 - Dry,10 - No control,04 - At/near private drive,01 - Daylight,03 - P.D. only,02 - Angle,Civic Hospital - Experimental Farm - Central Park
10767,PARKDALE AVE btwn LYNDALE AVE & SCOTT ST,364918.5027,5029798.614,-75.73201456,45.40554298,2016-04-14,8:34,01 - Clear,01 - Dry,10 - No control,04 - At/near private drive,01 - Daylight,03 - P.D. only,02 - Angle,Island Park
10768,PARKDALE AVE btwn LYNDALE AVE & SCOTT ST,364928.734,5029773.685,-75.73188691,45.40531779,2016-06-22,18:37,01 - Clear,01 - Dry,10 - No control,04 - At/near private drive,01 - Daylight,03 - P.D. only,02 - Angle,Mechanicsville
10769,PARKDALE AVE btwn LYNDALE AVE & SCOTT ST,364936.1462,5029752.953,-75.73179476,45.40513061,2016-12-06,8:19,01 - Clear,02 - Wet,10 - No control,04 - At/near private drive,01 - Daylight,03 - P.D. only,02 - Angle,Mechanicsville
10770,PARKDALE AVE btwn OXFORD ST & SPENCER ST,365061.0332,5029471.434,-75.73023395,45.40258683,2016-04-04,12:00,01 - Clear,01 - Dry,10 - No control,01 - Non intersection,01 - Daylight,03 - P.D. only,06 - SMV unattended vehicle,Islan
10771,PARKDALE AVE btwn SCOTT ST & BULLMAN ST,364956.1409,5029711.687,-75.7315444,45.40475759,2016-01-04,10:00,01 - Clear,01 - Dry,10 - No control,01 - Non intersection,01 - Daylight,03 - P.D. only,06 - SMV unattended vehicle,Islan
10772,PARKDALE AVE btwn SCOTT ST & BULLMAN ST,364989.4402,5029633.695,-75.73112858,45.40405298,2016-11-15,15:46,01 - Clear,01 - Dry,10 - No control,04 - At/near private drive,01 - Daylight,03 - P.D. only,02 - Angle,Islan
10773,PARKDALE AVE btwn SPENCER ST & ARMSTRONG ST,365066.8423,5029458.363,-75.73016135,45.40246872,2016-02-04,21:30,01 - Clear,01 - Dry,10 - No control,01 - Non intersection,07 - Dark,03 - P.D. only,06 - SMV unattended vehicle,Islan
10774,PARKDALE AVE btwn TO BE DETERMINED & EMMERSON AVE,364706.8626,5030289.13,-75.73465832,45.40997468,2016-06-14,16:36,01 - Clear,01 - Dry,10 - No control,01 - Non intersection,01 - Daylight,03 - P.D. only,03 - Rear end,Tunney's Pasture
10775,PARKDALE AVE btwn TO BE DETERMINED & EMMERSON AVE,364706.5323,5030288.184,-75.73466265,45.40996619,2016-06-01,14:45,01 - Clear,01 - Dry,10 - No control,01 - Non intersection,01 - Daylight,03 - P.D. only,06 - SMV unattended vehicle,Tunney's Pasture
10776,PARKDALE AVE btwn TYNDALL ST & SIMS AVE,365265.5044,5029008.149,-75.7276791,45.39840067,2016-05-11,9:56,01 - Clear,01 - Dry,10 - No control,01 - Non intersection,01 - Daylight,03 - P.D. only,03 - Rear end,Civi
10777,PARKDALE AVE btwn WELLINGTON ST W & GLADSTONE AVE,365159.6895,5029250.356,-75.7290009,45.40058912,2016-03-11,14:19,01 - Clear,01 - Dry,10 - No control,01 - Non intersection,01 - Daylight,03 - P.D. only,03 - Rear end,Islan
10778,PARKDALE AVE btwn WELLINGTON ST W & GLADSTONE AVE,365154.8633,5029260.006,-75.72906136,45.40067636,2016-04-27,18:20,01 - Clear,01 - Dry,10 - No control,01 - Non intersection,01 - Daylight,03 - P.D. only,04 - Sideswipe,Islan
10779,PARKDALE AVE btwn WELLINGTON ST W & GLADSTONE AVE,365151.7299,5029266.272,-75.72910062,45.40073302,2016-06-30,15:20,01 - Clear,01 - Dry,10 - No control,04 - At/near private drive,01 - Daylight,03 - P.D. only,02 - Angle,Islan
10780,PARKDALE AVE EB OFF RAMP/OTTAWA RIVER PKWY btwn OTTAWA RIVER PKWY & PA,364585.1289,5030405.634,-75.73619926,45.41103336,2016-07-30,10:10,01 - Clear,01 - Dry,10 - No control,01 - Non intersection,01 - Daylight,03 - P.D. only,03 - Rear end,Tunney's Pasture
10781,PARKDALE AVE WB OFF RAMP/OTTAWA RIVER PKWY btwn OTTAWA RIVER PKWY & PA,364818.438,5030411.962,-75.73321806,45.41107033,2016-06-06,7:20,01 - Clear,01 - Dry,10 - No control,01 - Non intersection,01 - Daylight,03 - P.D. only,04 - Sideswipe,Mechanicsville
10782,PARKDALE AVE WB OFF RAMP/OTTAWA RIVER PKWY btwn OTTAWA RIVER PKWY & PA,364830.9357,5030402.696,-75.73305953,45.41098589,2016-01-04,11:00,01 - Clear,01 - Dry,10 - No control,01 - Non intersection,01 - Daylight,03 - P.D. only,07 - SMV other,Mechanicsville
10783,PARKDALE AVE WB OFF RAMP/OTTAWA RIVER PKWY btwn OTTAWA RIVER PKWY & PA,364688.3523,5030584.027,-75.73485895,45.41262968,2016-12-09,8:30,01 - Clear,06 - Ice,10 - No control,01 - Non intersection,01 - Daylight,03 - P.D. only,03 - Rear end,Mechanicsville
10784,PARKDALE AVE/SPENCER ST @ OXFORD ST,365059.5809,5029474.961,-75.73025207,45.40261869,2016-10-01,11:15,01 - Clear,01 - Dry,02 - Stop sign,03 - At intersection,01 - Daylight,03 - P.D. only,02 - Angle,Islan
10785,PARKDALE AVE/SPENCER ST @ OXFORD ST,365059.4676,5029474.426,-75.73025358,45.40261389,2016-10-14,16:12,01 - Clear,01 - Dry,02 - Stop sign,03 - At intersection,01 - Daylight,03 - P.D. only,02 - Angle,Islan
10786,PARKGLEN DR @ WOODROFFE AVE,362888.2973,5023125.731,-75.75873215,45.34567262,2016-08-25,15:36,01 - Clear,01 - Dry,02 - Stop sign,03 - At intersection,01 - Daylight,02 - Non-fatal injury,02 - Angle,Crestview - Meadowlands
10787,PARKGLEN DR @ WOODROFFE AVE,362888.4684,5023127.171,-75.7587298,45.34568557,2016-09-20,13:14,01 - Clear,01 - Dry,02 - Stop sign,03 - At intersection,01 - Daylight,03 - P.D. only,04 - Sideswipe,Crestview - Meadowlands
10788,PARKGLEN DR @ WOODROFFE AVE,362889.2899,5023126.59,-75.75871938,45.34568027,2016-02-12,16:04,01 - Clear,01 - Dry,02 - Stop sign,02 - Intersection related,01 - Daylight,03 - P.D. only,05 - Turning movement,Crestview - Meadowlands
10789,PARKIN CIRC btwn STEDMAN ST & MAASS GT,372587.4064,5022806.005,-75.63501828,45.34192557,2016-03-11,9:25,01 - Clear,01 - Dry,10 - No control,04 - At/near private drive,01 - Daylight,03 - P.D. only,06 - SMV unattended vehicle,Blossom Park - Blossom Park West - Sawmill Creek/ Timbermill
10790,PARKMOUNT CRES btwn SPRINGDALE CRES & BANNER RD (2),360889.0853,5021361.488,-75.78444214,45.3299607,2016-08-06,12:24,01 - Clear,01 - Dry,10 - No control,04 - At/near private drive,01 - Daylight,03 - P.D. only,06 - SMV unattended vehicle,Sheahan Estates - Trend Village - Arlington Woods
10791,PARKROSE PRIV btwn Continuation of PARKROSE PRIV & Continuation of PAR,383573.2911,5039618.82,-75.49216871,45.49204589,2016-02-12,18:00,03 - Snow,03 - Loose snow,10 - No control,04 - At/near private drive,07 - Dark,03 - P.D. only,05 - Turning movement,Chatelaine Village
10792,PARKWAY RD @ SALE BARN RD,379606.1212,5014727.023,-75.54668912,45.26852166,2016-11-22,7:22,01 - Clear,03 - Loose snow,02 - Stop sign,03 - At intersection,01 - Daylight,02 - Non-fatal injury,02 - Angle,Osgoode
10793,PARKWAY RD @ SALE BARN RD,379610.3957,5014727.023,-75.54663465,45.2685212,2016-11-22,16:08,01 - Clear,02 - Wet,02 - Stop sign,03 - At intersection,05 - Dusk,02 - Non-fatal injury,02 - Angle,Osgoode
10794,PARKWAY RD @ STAGECOACH RD,376230.5261,5012622.197,-75.59000389,45.24993405,2016-02-09,17:12,03 - Snow,02 - Wet,02 - Stop sign,03 - At intersection,01 - Daylight,03 - P.D. only,02 - Angle,Greely
10795,PARKWAY RD btwn PIG ALLY & MEADOW DR,378506.4286,5014060.617,-75.56080031,45.26264171,2016-02-08,17:21,01 - Clear,01 - Dry,10 - No control,01 - Non intersection,05 - Dusk,03 - P.D. only,07 - SMV other,Greely
10796,PARKWAY RD btwn SALE BARN RD & JOHN QUINN RD,381306.9967,5015765.687,-75.52485665,45.27768406,2016-10-31,12:58,02 - Rain,02 - Wet,10 - No control,01 - Non intersection,01 - Daylight,03 - P.D. only,07 - SMV other,Osgoode
10797,PARKWAY RD btwn YORKS CORNERS RD & BLACKCREEK RD,387894.5824,5019756.376,-75.44023777,45.31284149,2016-11-23,2:26,03 - Snow,05 - Packed snow,10 - No control,01 - Non intersection,07 - Dark,03 - P.D. only,07 - SMV other,Metcalfe
10798,PARKWOOD CRES btwn WESTPARK DR & WESTPARK DR,377320.8133,5033351.688,-75.57307697,45.4363363,2016-02-26,10:00,01 - Clear,05 - Packed snow,10 - No control,04 - At/near private drive,01 - Daylight,03 - P.D. only,06 - SMV unattended vehicle,Blackburn Hamlet
10799,PAR-LA-VILLE CIRC btwn SANTA ANNA LANE & SANTA ANNA LANE,350149.3744,5016699.952,-75.92187301,45.28879108,2016-01-03,0:00,01 - Clear,05 - Packed snow,10 - No control,01 - Non intersection,00 - Unknown,03 - P.D. only,06 - SMV unattended vehicle,Stittsville
10800,PASCAL PL btwn BARSONA PL & END,381511.5654,5037188.665,-75.51892221,45.47041111,2016-11-24,11:16,03 - Snow,03 - Loose snow,10 - No control,01 - Non intersection,01 - Daylight,03 - P.D. only,07 - SMV other,Queenswood Heights
10801,PATRICIA AVE @ RICHMOND RD,363953.4666,5028754.214,-75.74446662,45.39622789,2016-01-31,15:34,01 - Clear,02 - Wet,01 - Traffic signal,02 - Intersection related,01 - Daylight,03 - P.D. only,03 - Rear end,Westboro
10802,PATTERSON AVE btwn BANK ST & ALLAN PL,368162.7943,5029988.3,-75.69054995,45.40696355,2016-01-15,19:52,01 - Clear,03 - Loose snow,10 - No control,01 - Non intersection,07 - Dark,03 - P.D. only,01 - Approaching,The Glebe
10803,PAUL ANKA DR @ UPLANDS DR,369457.9489,5023575.741,-75.67484594,45.34914687,2016-05-12,13:30,01 - Clear,01 - Dry,02 - Stop sign,02 - Intersection related,01 - Daylight,03 - P.D. only,03 - Rear end,Hunt Club East - Western Community
10804,PAUL ANKA DR @ UPLANDS DR,369456.596,5023574.839,-75.67486332,45.34913888,2016-06-11,22:58,"07 - Fog, mist, smoke, dust",01 - Dry,02 - Stop sign,03 - At intersection,07 - Dark,03 - P.D. only,02 - Angle,Hunt Club East - Western Community
10805,PAUL ANKA DR btwn UPLANDS DR & MCCARTHY RD,369555.2746,5023696.553,-75.6735882,45.35022493,2016-04-03,14:30,01 - Clear,01 - Dry,10 - No control,01 - Non intersection,01 - Daylight,03 - P.D. only,06 - SMV unattended vehicle,Hunt Club East - Western Community
10806,PAUL ANKA DR btwn UPLANDS DR & MCCARTHY RD,369551.9592,5023697.301,-75.6736304,45.35023197,2016-08-26,9:22,01 - Clear,01 - Dry,10 - No control,04 - At/near private drive,01 - Daylight,03 - P.D. only,05 - Turning movement,Hunt Club East - Western Community
10807,PAUL ANKA DR btwn UPLANDS DR & SAMPLE RD,369423.769,5023527.897,-75.67528834,45.34871954,2016-12-05,15:25,03 - Snow,04 - Slush,10 - No control,04 - At/near private drive,01 - Daylight,02 - Non-fatal injury,01 - Approaching,Hunt Club East - Western Community
10808,PAUL ANKA DR btwn UPLANDS DR & SAMPLE RD,369415.001,5023489.45,-75.67540525,45.34837441,2016-04-06,18:09,03 - Snow,06 - Ice,10 - No control,01 - Non intersection,05 - Dusk,03 - P.D. only,06 - SMV unattended vehicle,Hunt Club East - Western Community
10809,PAUL ANKA DR btwn UPLANDS DR & SAMPLE RD,369421.6867,5023419.963,-75.67532902,45.34774857,2016-12-12,11:18,03 - Snow,03 - Loose snow,10 - No control,04 - At/near private drive,01 - Daylight,03 - P.D. only,02 - Angle,Hunt Club East - Western Community
10810,PAUL METIVIER DR @ BEATRICE DR,365704.3211,5014605.004,-75.72384703,45.26876501,2016-01-11,7:29,01 - Clear,01 - Dry,02 - Stop sign,03 - At intersection,03 - Dawn,03 - P.D. only,02 - Angle,New Barrhaven