Record,Location,X,Y,lon,lat,Date,Time,Environment,Road_Surface,Traffic_Control,Collision_Location,Light,Collision_Classification,Impact_type,Neighborhood
10811,PAUL METIVIER DR @ BEATRICE DR,365704.9797,5014603.659,-75.7238388,45.26875285,2016-11-28,15:38,01 - Clear,01 - Dry,02 - Stop sign,03 - At intersection,01 - Daylight,03 - P.D. only,02 - Angle,New Barrhaven
10812,PAUL METIVIER DR @ CLEARBROOK DR,366087.0502,5014764.922,-75.71895032,45.2701707,2016-07-03,14:04,01 - Clear,01 - Dry,02 - Stop sign,02 - Intersection related,01 - Daylight,03 - P.D. only,04 - Sideswipe,New Barrhaven
10813,PAUL METIVIER DR btwn CLEARBROOK DR & MOSS GROVE ST,366143.82,5014783.618,-75.7182246,45.27033398,2016-04-21,0:01,01 - Clear,01 - Dry,10 - No control,04 - At/near private drive,07 - Dark,03 - P.D. only,06 - SMV unattended vehicle,New Barrhaven
10814,PAUL METIVIER DR btwn GLENDORE ST & TAPESTRY DR,365854.2856,5014688.218,-75.72192586,45.26950077,2016-07-25,15:30,01 - Clear,01 - Dry,10 - No control,01 - Non intersection,01 - Daylight,03 - P.D. only,07 - SMV other,New Barrhaven
10815,PAUL METIVIER DR btwn HAILEYBURY ST/ LEAMINGTON WAY & TEMAGAMI DR,365376.5512,5014434.48,-75.72804448,45.26725895,2016-10-22,9:08,02 - Rain,02 - Wet,10 - No control,04 - At/near private drive,01 - Daylight,02 - Non-fatal injury,07 - SMV other,New Barrhaven
10816,PAUL METIVIER DR btwn LEAMINGTON WAY & LONGFIELDS DR,365051.8362,5014192.367,-75.73221148,45.26510831,2016-02-25,17:26,04 - Freezing Rain,06 - Ice,10 - No control,01 - Non intersection,07 - Dark,03 - P.D. only,06 - SMV unattended vehicle,New Barrhaven
10817,PAUL METIVIER DR btwn LEAMINGTON WAY & LONGFIELDS DR,365051.8362,5014192.367,-75.73221148,45.26510831,2016-12-31,22:20,03 - Snow,03 - Loose snow,10 - No control,01 - Non intersection,07 - Dark,03 - P.D. only,07 - SMV other,New Barrhaven
10818,PEACOCK CRES btwn FLANDERS ST & FLANDERS ST,361882.3215,5014471.797,-75.7725651,45.267887,2016-05-01,15:23,01 - Clear,01 - Dry,10 - No control,04 - At/near private drive,01 - Daylight,03 - P.D. only,06 - SMV unattended vehicle,Barrhaven West - Old Barrhaven
10819,PERCIFOR WAY btwn LEITA PL W & TRAVIS ST W,381062.2355,5032632.778,-75.52537422,45.42947005,2016-05-21,21:39,01 - Clear,01 - Dry,10 - No control,04 - At/near private drive,07 - Dark,03 - P.D. only,06 - SMV unattended vehicle,Chapel Hill South
10820,PERCY ST @ RENFREW AVE,367624.6491,5029715.252,-75.69745878,45.40455526,2016-05-18,8:00,01 - Clear,01 - Dry,02 - Stop sign,03 - At intersection,01 - Daylight,02 - Non-fatal injury,07 - SMV other,The Glebe
10821,PERCY ST @ SECOND AVE,367841.0541,5029352.344,-75.69474102,45.40127047,2016-07-08,12:17,01 - Clear,01 - Dry,02 - Stop sign,03 - At intersection,01 - Daylight,03 - P.D. only,02 - Angle,The Glebe
10822,PERCY ST btwn FLORENCE ST & GLADSTONE AVE,367296.3963,5030263.61,-75.70158206,45.40951861,2016-09-04,9:42,01 - Clear,01 - Dry,10 - No control,01 - Non intersection,01 - Daylight,03 - P.D. only,06 - SMV unattended vehicle,Centretown
10823,PERKINS ST btwn ALBERT ST & END,366539.3063,5030688.358,-75.71120008,45.41340757,2016-05-25,7:00,01 - Clear,01 - Dry,10 - No control,01 - Non intersection,01 - Daylight,03 - P.D. only,06 - SMV unattended vehicle,Centretown West
10824,PERTH ST btwn GAMBLE DR & SHEA RD,357484.0537,5006930.409,-75.82940948,45.20037102,2016-03-04,11:05,01 - Clear,02 - Wet,10 - No control,04 - At/near private drive,01 - Daylight,03 - P.D. only,02 - Angle,Richmond
10825,PERTH ST btwn HUNTLEY RD & COCKBURN ST,356899.5073,5006396.788,-75.83690516,45.19561278,2016-06-13,4:36,01 - Clear,01 - Dry,10 - No control,01 - Non intersection,07 - Dark,03 - P.D. only,07 - SMV other,Richmond
10826,PERTH ST btwn OAK LEAF PRIV & MCBEAN ST,356677.5006,5006195.473,-75.83975151,45.19381765,2016-01-14,16:00,01 - Clear,02 - Wet,10 - No control,04 - At/near private drive,01 - Daylight,03 - P.D. only,02 - Angle,Richmond
10827,PERTH ST btwn SHEA RD & EAGLESON RD,358004.0363,5007405.79,-75.82274057,45.20460958,2016-12-30,3:45,03 - Snow,04 - Slush,10 - No control,01 - Non intersection,07 - Dark,03 - P.D. only,07 - SMV other,Munster Hamlet - Richmond
10828,PETER MORAND CRES btwn ROGER GUINDON AVE & ROGER GUINDON AVE,372140.3567,5029644.061,-75.6397898,45.40349487,2016-07-18,14:40,01 - Clear,01 - Dry,10 - No control,01 - Non intersection,01 - Daylight,03 - P.D. only,06 - SMV unattended vehicle,Elmvale - Eastway - Riverview - Riverview Park West
10829,PHOENIX CRES btwn PAYETTE DR & LEANNE ST,383227.687,5037335.669,-75.49695432,45.47154312,2016-07-27,13:47,01 - Clear,01 - Dry,10 - No control,01 - Non intersection,01 - Daylight,03 - P.D. only,06 - SMV unattended vehicle,Queenswood Heights
10830,PICASSO DR btwn JESSICA PRIV & BLOHM DR,375015.2515,5026316.829,-75.60354351,45.37327561,2016-07-25,0:00,01 - Clear,01 - Dry,10 - No control,01 - Non intersection,00 - Unknown,03 - P.D. only,06 - SMV unattended vehicle,Hunt Club
10831,PICASSO DR btwn JESSICA PRIV & BLOHM DR,374981.5876,5026307.579,-75.60397457,45.37319576,2016-07-20,17:12,01 - Clear,01 - Dry,10 - No control,01 - Non intersection,01 - Daylight,03 - P.D. only,03 - Rear end,Hunt Club
10832,PICCADILLY AVE btwn BYRON AVE & IONA ST,364361.9651,5028591.993,-75.73926915,45.39473362,2016-12-18,14:17,03 - Snow,05 - Packed snow,10 - No control,01 - Non intersection,01 - Daylight,03 - P.D. only,06 - SMV unattended vehicle,Island Park
10833,PICCADILLY AVE btwn PERTHSHIRE PRIV & BASSETT LANE,364272.7943,5028791,-75.74038396,45.39653183,2016-01-03,0:00,01 - Clear,05 - Packed snow,10 - No control,01 - Non intersection,00 - Unknown,03 - P.D. only,06 - SMV unattended vehicle,Island Park
10834,PICKERING PL @ TREMBLAY RD,371287.9397,5031298.474,-75.65045427,45.41846207,2016-01-21,15:02,01 - Clear,02 - Wet,02 - Stop sign,03 - At intersection,01 - Daylight,03 - P.D. only,02 - Angle,Industrial Park
10835,PICKERING PL @ TREMBLAY RD,371287.9447,5031298.898,-75.65045415,45.41846588,2016-05-01,11:08,02 - Rain,02 - Wet,02 - Stop sign,03 - At intersection,01 - Daylight,03 - P.D. only,02 - Angle,Industrial Park
10836,PICKERING PL @ TREMBLAY RD,371288.8566,5031299.572,-75.6504424,45.41847186,2016-07-12,16:26,01 - Clear,01 - Dry,02 - Stop sign,03 - At intersection,01 - Daylight,03 - P.D. only,02 - Angle,Industrial Park
10837,PICKERING PL @ TREMBLAY RD,371286.5838,5031298.208,-75.65047163,45.4184598,2016-07-12,17:11,01 - Clear,01 - Dry,02 - Stop sign,02 - Intersection related,01 - Daylight,03 - P.D. only,02 - Angle,Industrial Park
10838,PICKFORD DR @ BUJOLD CRT/HEWITT WAY,352762.1624,5018688.275,-75.88837396,45.30650904,2016-03-12,14:20,01 - Clear,01 - Dry,02 - Stop sign,03 - At intersection,01 - Daylight,03 - P.D. only,02 - Angle,Katimavik - Hazeldean
10839,PICKFORD DR btwn HARMON WAY & ALMOND LANE,352888.8279,5018456.67,-75.88678125,45.30441635,2016-11-23,10:28,01 - Clear,03 - Loose snow,10 - No control,04 - At/near private drive,01 - Daylight,03 - P.D. only,06 - SMV unattended vehicle,Katimavik - Hazeldean
10840,PICKFORD DR btwn TANGUAY CRT & IRWIN GT,353249.1232,5018364.738,-75.8821961,45.30356436,2016-07-15,23:12,01 - Clear,01 - Dry,10 - No control,01 - Non intersection,07 - Dark,03 - P.D. only,06 - SMV unattended vehicle,Katimavik - Hazeldean
10841,PICTON AVE @ WINONA AVE,363261.2356,5028416.856,-75.75334731,45.39325053,2016-03-01,11:04,01 - Clear,01 - Dry,10 - No control,02 - Intersection related,01 - Daylight,03 - P.D. only,99 - Other,Westboro
10842,PIERCE RD btwn MALAKOFF RD & MCCORDICK RD,365550.7522,4996937.825,-75.72795613,45.10980714,2016-10-27,11:51,01 - Clear,01 - Dry,10 - No control,01 - Non intersection,01 - Daylight,03 - P.D. only,07 - SMV other,Munster Hamlet - Richmond
10843,PIGEON TER btwn HUNTRIDGE PRIV & OWL DR,370180.6017,5023837.573,-75.66558992,45.35143577,2016-10-11,16:21,01 - Clear,01 - Dry,10 - No control,04 - At/near private drive,01 - Daylight,03 - P.D. only,06 - SMV unattended vehicle,Hunt Club East - Western Community
10844,PIKE ST btwn CASTLEGREEN PRIV & HUNTERSFIELD DR,373170.5675,5025304.355,-75.62723241,45.36434818,2016-10-25,0:00,01 - Clear,01 - Dry,10 - No control,01 - Non intersection,00 - Unknown,03 - P.D. only,06 - SMV unattended vehicle,Greenboro East
10845,PIKE ST btwn CASTLEGREEN PRIV & HUNTERSFIELD DR,373173.9822,5025299.249,-75.62718953,45.36430191,2016-12-06,0:00,03 - Snow,02 - Wet,10 - No control,01 - Non intersection,00 - Unknown,03 - P.D. only,06 - SMV unattended vehicle,Greenboro East
10846,PIKE ST btwn CASTLEGREEN PRIV & HUNTERSFIELD DR,373175.2988,5025297.253,-75.627173,45.36428382,2016-12-07,15:44,01 - Clear,02 - Wet,10 - No control,01 - Non intersection,01 - Daylight,03 - P.D. only,05 - Turning movement,Greenboro East
10847,"PIN ROUGE, VOIE DU WAY btwn GOSSAMER ST & JOSHUA ST",381503.3817,5032361.864,-75.51977942,45.42698433,2016-03-11,0:00,01 - Clear,01 - Dry,10 - No control,01 - Non intersection,07 - Dark,03 - P.D. only,06 - SMV unattended vehicle,Chapel Hill South
10848,PINARD WAY btwn MARCHANT DR & LICHEN AVE,385260.8792,5036664.282,-75.47106503,45.46527134,2016-12-17,16:50,01 - Clear,03 - Loose snow,10 - No control,01 - Non intersection,05 - Dusk,03 - P.D. only,06 - SMV unattended vehicle,Avalon
10849,PINAWA CIR btwn MONDEGO TERR & PINAWA CIR,365447.1766,5011570.379,-75.72749405,45.24148167,2016-10-17,8:51,01 - Clear,01 - Dry,10 - No control,04 - At/near private drive,01 - Daylight,03 - P.D. only,02 - Angle,New Barrhaven
10850,PINE VISTA DR btwn TRAIL SIDE CIRC & SIESTA CRT,387074.1654,5037641.587,-75.44771697,45.4738529,2016-12-29,9:58,03 - Snow,06 - Ice,10 - No control,01 - Non intersection,01 - Daylight,03 - P.D. only,06 - SMV unattended vehicle,Cardinal Creek
10851,PINECREST RD @ BASELINE RD,360782.3634,5022695.059,-75.78565269,45.34196869,2016-11-17,15:56,01 - Clear,01 - Dry,02 - Stop sign,02 - Intersection related,01 - Daylight,03 - P.D. only,03 - Rear end,Iris
10852,PINECREST RD @ LISA AVE,360694.6255,5022916.662,-75.78674711,45.34396966,2016-02-26,10:28,01 - Clear,01 - Dry,02 - Stop sign,03 - At intersection,01 - Daylight,03 - P.D. only,02 - Angle,Iris
10853,PINECREST RD @ QUEENSVIEW DR,360346.0211,5023783.286,-75.79109786,45.35179523,2016-10-28,14:16,01 - Clear,01 - Dry,01 - Traffic signal,03 - At intersection,01 - Daylight,02 - Non-fatal injury,02 - Angle,Whitehaven - Queensway Terrace North
10854,PINECREST RD @ QUEENSVIEW DR,360346.5123,5023780.981,-75.79109185,45.35177445,2016-10-25,19:38,01 - Clear,01 - Dry,01 - Traffic signal,02 - Intersection related,07 - Dark,03 - P.D. only,03 - Rear end,Whitehaven - Queensway Terrace North
10855,PINECREST RD @ QUEENSVIEW DR,360347.036,5023782.787,-75.79108497,45.35179066,2016-10-25,13:11,01 - Clear,01 - Dry,01 - Traffic signal,02 - Intersection related,01 - Daylight,03 - P.D. only,03 - Rear end,Whitehaven - Queensway Terrace North
10856,PINECREST RD @ QUEENSVIEW DR,360346.4602,5023782.408,-75.79109236,45.35178729,2016-12-14,12:37,01 - Clear,02 - Wet,01 - Traffic signal,03 - At intersection,01 - Daylight,03 - P.D. only,02 - Angle,Whitehaven - Queensway Terrace North
10857,PINECREST RD @ RICHMOND RD,360072.8925,5024471.734,-75.79450641,45.35801145,2016-03-15,15:20,02 - Rain,02 - Wet,01 - Traffic signal,03 - At intersection,01 - Daylight,02 - Non-fatal injury,05 - Turning movement,Whitehaven - Queensway Terrace North
10858,PINECREST RD @ RICHMOND RD,360071.5728,5024471.293,-75.7945233,45.35800759,2016-10-20,18:54,02 - Rain,02 - Wet,01 - Traffic signal,03 - At intersection,07 - Dark,02 - Non-fatal injury,05 - Turning movement,Whitehaven - Queensway Terrace North
10859,PINECREST RD @ RICHMOND RD,360072.0119,5024470.854,-75.79451775,45.3580036,2016-01-18,17:47,01 - Clear,04 - Slush,01 - Traffic signal,02 - Intersection related,07 - Dark,02 - Non-fatal injury,03 - Rear end,Whitehaven - Queensway Terrace North
10860,PINECREST RD @ RICHMOND RD,360072.8952,5024470.614,-75.7945065,45.35800137,2016-05-13,18:05,01 - Clear,01 - Dry,01 - Traffic signal,03 - At intersection,01 - Daylight,03 - P.D. only,05 - Turning movement,Whitehaven - Queensway Terrace North
10861,PINECREST RD @ RICHMOND RD,360071.0142,5024472.755,-75.79453027,45.35802078,2016-09-14,18:30,01 - Clear,01 - Dry,01 - Traffic signal,03 - At intersection,01 - Daylight,03 - P.D. only,03 - Rear end,Whitehaven - Queensway Terrace North
10862,PINECREST RD @ RICHMOND RD,360072.451,5024471.293,-75.7945121,45.35800752,2016-10-20,20:54,02 - Rain,02 - Wet,01 - Traffic signal,03 - At intersection,07 - Dark,03 - P.D. only,05 - Turning movement,Whitehaven - Queensway Terrace North
10863,PINECREST RD @ RICHMOND RD,360072.89,5024471.732,-75.79450644,45.35801143,2016-01-15,17:24,03 - Snow,02 - Wet,01 - Traffic signal,02 - Intersection related,05 - Dusk,03 - P.D. only,03 - Rear end,Whitehaven - Queensway Terrace North
10864,PINECREST RD @ RICHMOND RD,360072.0119,5024471.293,-75.7945177,45.35800755,2016-01-26,12:35,01 - Clear,02 - Wet,01 - Traffic signal,03 - At intersection,01 - Daylight,03 - P.D. only,05 - Turning movement,Whitehaven - Queensway Terrace North
10865,PINECREST RD @ RICHMOND RD,360071.9986,5024470.393,-75.79451797,45.35799945,2016-04-06,18:06,03 - Snow,03 - Loose snow,01 - Traffic signal,02 - Intersection related,01 - Daylight,03 - P.D. only,03 - Rear end,Whitehaven - Queensway Terrace North
10866,PINECREST RD @ RICHMOND RD,360072.0119,5024471.732,-75.79451765,45.3580115,2016-06-23,6:45,01 - Clear,01 - Dry,01 - Traffic signal,02 - Intersection related,01 - Daylight,03 - P.D. only,03 - Rear end,Whitehaven - Queensway Terrace North
10867,PINECREST RD @ RICHMOND RD,360071.7836,5024470.182,-75.79452074,45.35799757,2016-03-22,16:43,01 - Clear,01 - Dry,01 - Traffic signal,02 - Intersection related,01 - Daylight,03 - P.D. only,04 - Sideswipe,Whitehaven - Queensway Terrace North
10868,PINECREST RD @ RICHMOND RD,360072.451,5024470.854,-75.79451214,45.35800357,2016-12-08,21:35,03 - Snow,06 - Ice,01 - Traffic signal,03 - At intersection,07 - Dark,03 - P.D. only,05 - Turning movement,Whitehaven - Queensway Terrace North
10869,PINECREST RD @ ST. STEPHEN'S ST,360226.3586,5024077.504,-75.79259195,45.35445206,2016-07-31,12:00,01 - Clear,01 - Dry,02 - Stop sign,03 - At intersection,01 - Daylight,03 - P.D. only,03 - Rear end,Whitehaven - Queensway Terrace North
10870,PINECREST RD btwn FALLIS AVE & HARWOOD AVE,360163.4909,5024235.662,-75.79337656,45.35588013,2016-07-05,3:55,01 - Clear,01 - Dry,10 - No control,01 - Non intersection,07 - Dark,03 - P.D. only,07 - SMV other,Whitehaven - Queensway Terrace North
10871,PINECREST RD btwn HWY417 IC129 RAMP62 & TRANSIT,360382.4638,5023692.149,-75.79064305,45.35097229,2016-01-22,21:15,01 - Clear,02 - Wet,10 - No control,01 - Non intersection,07 - Dark,02 - Non-fatal injury,03 - Rear end,Whitehaven - Queensway Terrace North
10872,PINECREST RD btwn QUEENSVIEW DR & HWY417 IC129 RAMP36,360349.9923,5023776.467,-75.79104795,45.35173355,2016-10-27,8:15,01 - Clear,01 - Dry,10 - No control,04 - At/near private drive,01 - Daylight,03 - P.D. only,03 - Rear end,Whitehaven - Queensway Terrace North
10873,PINECREST RD/HWY 417 PINECRE IC129R63 @ TRANSI,360387.8835,5023677.659,-75.79057551,45.35084148,2016-01-12,12:58,02 - Rain,03 - Loose snow,01 - Traffic signal,02 - Intersection related,01 - Daylight,02 - Non-fatal injury,03 - Rear end,Whitehaven - Queensway Terrace North
10874,PINECREST RD/HWY 417 PINECRE IC129R63 @ TRANSI,360388.6116,5023678.347,-75.79056614,45.35084761,2016-12-10,13:03,01 - Clear,01 - Dry,01 - Traffic signal,02 - Intersection related,01 - Daylight,02 - Non-fatal injury,02 - Angle,Whitehaven - Queensway Terrace North
10875,PINECREST RD/HWY 417 PINECRE IC129R63 @ TRANSI,360388.1345,5023678.161,-75.79057225,45.35084598,2016-02-12,15:25,01 - Clear,01 - Dry,01 - Traffic signal,02 - Intersection related,01 - Daylight,03 - P.D. only,03 - Rear end,Whitehaven - Queensway Terrace North
10876,PINECREST RD/HWY 417 PINECRE IC129R63 @ TRANSI,360389.0386,5023679.25,-75.79056059,45.3508557,2016-01-06,11:28,01 - Clear,01 - Dry,01 - Traffic signal,03 - At intersection,01 - Daylight,03 - P.D. only,02 - Angle,Whitehaven - Queensway Terrace North
10877,PINECREST RD/HWY 417 PINECRE IC129R63 @ TRANSI,360387.8761,5023677.907,-75.79057558,45.35084371,2016-05-30,21:59,01 - Clear,01 - Dry,01 - Traffic signal,02 - Intersection related,07 - Dark,03 - P.D. only,03 - Rear end,Whitehaven - Queensway Terrace North
10878,PINETRAIL CRES btwn WILDBRIAR WAY & WILDBRIAR WAY,362757.2792,5022142.864,-75.76051908,45.33683969,2016-08-16,14:10,02 - Rain,02 - Wet,10 - No control,01 - Non intersection,01 - Daylight,03 - P.D. only,01 - Approaching,Centrepointe
10879,PINEWOOD CRES @ RICHMOND RD,360111.8384,5024539.761,-75.79400174,45.35862048,2016-12-09,6:52,01 - Clear,06 - Ice,02 - Stop sign,02 - Intersection related,03 - Dawn,03 - P.D. only,03 - Rear end,Whitehaven - Queensway Terrace North
10880,PIPER CRES btwn BEACON WAY & BEACON WAY,349135.6426,5022876.306,-75.93424293,45.34443236,2016-05-09,15:48,01 - Clear,01 - Dry,10 - No control,01 - Non intersection,01 - Daylight,03 - P.D. only,06 - SMV unattended vehicle,Morgan's Grant
10881,PLACE D'ORLEANS @ CENTRUM BLVD/PLACE D'ORLEANS,381964.1293,5038137.843,-75.51298608,45.47890114,2016-04-06,18:25,03 - Snow,03 - Loose snow,01 - Traffic signal,02 - Intersection related,01 - Daylight,03 - P.D. only,03 - Rear end,Industrial Park
10882,PLACE D'ORLEANS @ CENTRUM BLVD/PLACE D'ORLEANS,381964.0545,5038138.587,-75.51298692,45.47890784,2016-05-31,11:42,01 - Clear,01 - Dry,01 - Traffic signal,03 - At intersection,01 - Daylight,03 - P.D. only,07 - SMV other,Industrial Park
10883,PLACE D'ORLEANS DR @ OR174 IC102 RAMP51/TRANSI,381391.3101,5038031.301,-75.52032859,45.47800564,2016-06-14,12:55,01 - Clear,01 - Dry,01 - Traffic signal,03 - At intersection,01 - Daylight,02 - Non-fatal injury,07 - SMV other,Industrial Park
10884,PLACE D'ORLEANS DR @ OR174 IC102 RAMP51/TRANSI,381392.7554,5038030.098,-75.5203103,45.47799465,2016-05-24,8:00,01 - Clear,01 - Dry,01 - Traffic signal,02 - Intersection related,01 - Daylight,02 - Non-fatal injury,02 - Angle,Industrial Park
10885,PLACE D'ORLEANS DR @ PLACE D'ORLEANS SC S,381501.2528,5037817.16,-75.51895597,45.47606691,2016-08-22,0:06,01 - Clear,01 - Dry,01 - Traffic signal,02 - Intersection related,07 - Dark,03 - P.D. only,02 - Angle,Industrial Park
10886,PLACE D'ORLEANS DR btwn CENTRUM BLVD & ST. JOSEPH BLVD,381983.5446,5038042.636,-75.51275273,45.4780424,2016-08-30,21:55,01 - Clear,01 - Dry,10 - No control,04 - At/near private drive,07 - Dark,02 - Non-fatal injury,05 - Turning movement,Industrial Park
10887,PLACE D'ORLEANS DR btwn OR174 IC102 RAMP51 & ST. JOSEPH BLVD (2),381475.2726,5037850.699,-75.51928299,45.47637152,2016-08-08,20:02,01 - Clear,01 - Dry,10 - No control,01 - Non intersection,05 - Dusk,02 - Non-fatal injury,07 - SMV other,Industrial Park
10888,PLACE D'ORLEANS DR btwn TURN LANE & CENTRUM BLVD,381919.2957,5038272.257,-75.51353836,45.48011543,2016-08-29,12:11,01 - Clear,01 - Dry,10 - No control,01 - Non intersection,01 - Daylight,03 - P.D. only,04 - Sideswipe,Industrial Park
10889,PLACE D'ORLEANS DR W @ ST. JOSEPH BLVD,381601.6775,5037684.806,-75.51769237,45.47486506,2016-06-16,23:10,01 - Clear,01 - Dry,01 - Traffic signal,03 - At intersection,07 - Dark,03 - P.D. only,07 - SMV other,Industrial Park
10890,PLACE D'ORLEANS DR W @ ST. JOSEPH BLVD,381599.9671,5037680.765,-75.51771488,45.47482889,2016-01-08,10:00,01 - Clear,01 - Dry,01 - Traffic signal,02 - Intersection related,01 - Daylight,03 - P.D. only,03 - Rear end,Orleans Village - Chateauneuf
10891,PLACE D'ORLEANS DR W @ ST. JOSEPH BLVD,381600.964,5037684.324,-75.51770157,45.4748608,2016-11-13,16:00,01 - Clear,01 - Dry,01 - Traffic signal,03 - At intersection,05 - Dusk,03 - P.D. only,02 - Angle,Industrial Park
10892,PLACE D'ORLEANS DR W @ ST. JOSEPH BLVD,381601.903,5037683.716,-75.51768966,45.47485523,2016-12-27,16:52,02 - Rain,02 - Wet,01 - Traffic signal,02 - Intersection related,07 - Dark,03 - P.D. only,05 - Turning movement,Industrial Park
10893,PLACE D'ORLEANS DR W @ ST. JOSEPH BLVD,381601.2444,5037683.91,-75.51769805,45.47485705,2016-11-21,22:05,03 - Snow,03 - Loose snow,01 - Traffic signal,03 - At intersection,07 - Dark,03 - P.D. only,05 - Turning movement,Industrial Park
10894,PLANTE DR @ WAXWING DR,370567.9517,5023693.507,-75.66066612,45.35010329,2016-07-18,11:22,01 - Clear,01 - Dry,03 - Yield sign,02 - Intersection related,01 - Daylight,03 - P.D. only,04 - Sideswipe,Hunt Club East - Western Community
10895,PLANTE DR btwn IMPALA CRES & CONDOR DR,369874.5166,5024408.9,-75.66942068,45.35660488,2016-01-03,13:55,03 - Snow,03 - Loose snow,10 - No control,04 - At/near private drive,01 - Daylight,03 - P.D. only,06 - SMV unattended vehicle,Hunt Club East - Western Community
10896,PLAYFAIR DR btwn DORSET DR & RHODES CRES,371449.2021,5028005.397,-75.64883906,45.38881696,2016-02-20,14:08,01 - Clear,03 - Loose snow,10 - No control,04 - At/near private drive,01 - Daylight,03 - P.D. only,02 - Angle,Playfair Park - Lynda Park - Guildwood Estates
10897,PLEASANT PARK RD @ ALTA VISTA DR,370365.9936,5028467.68,-75.66260953,45.39307866,2016-02-17,17:20,03 - Snow,02 - Wet,01 - Traffic signal,03 - At intersection,05 - Dusk,03 - P.D. only,05 - Turning movement,Alta Vista
10898,PLEASANT PARK RD @ ALTA VISTA DR,370366.6766,5028467.414,-75.66260084,45.3930762,2016-06-22,12:24,01 - Clear,01 - Dry,01 - Traffic signal,03 - At intersection,01 - Daylight,03 - P.D. only,02 - Angle,Alta Vista
10899,PLEASANT PARK RD @ ALTA VISTA DR,370363.2386,5028466.306,-75.6626449,45.39306656,2016-12-19,9:05,01 - Clear,05 - Packed snow,01 - Traffic signal,02 - Intersection related,01 - Daylight,03 - P.D. only,03 - Rear end,Alta Vista
10900,PLEASANT PARK RD @ ST. LAURENT BLVD,373598.5561,5028795.964,-75.62128314,45.39572229,2016-08-28,10:58,02 - Rain,02 - Wet,01 - Traffic signal,02 - Intersection related,01 - Daylight,02 - Non-fatal injury,03 - Rear end,Hawthorn
10901,PLEASANT PARK RD @ ST. LAURENT BLVD,373599.3842,5028794.308,-75.62127279,45.39570731,2016-11-03,9:30,02 - Rain,02 - Wet,01 - Traffic signal,02 - Intersection related,01 - Daylight,02 - Non-fatal injury,03 - Rear end,Urbandale
10902,PLEASANT PARK RD @ ST. LAURENT BLVD,373597.5059,5028794.884,-75.6212967,45.39571268,2016-02-01,9:45,01 - Clear,02 - Wet,01 - Traffic signal,02 - Intersection related,01 - Daylight,03 - P.D. only,03 - Rear end,Urbandale
10903,PLEASANT PARK RD btwn HOLT CRES & CAMROSE ST,372586.06,5028606.15,-75.63423964,45.39411317,2016-01-30,19:54,01 - Clear,01 - Dry,10 - No control,04 - At/near private drive,07 - Dark,03 - P.D. only,06 - SMV unattended vehicle,Elmvale - Eastway - Riverview - Riverview Park West
10904,PLEASANT PARK RD btwn RODNEY CRES & NO NAME,369978.876,5028423.788,-75.66755896,45.39271987,2016-04-21,17:25,01 - Clear,01 - Dry,10 - No control,01 - Non intersection,01 - Daylight,03 - P.D. only,99 - Other,Alta Vista
10905,PLEASANT PARK RD btwn VALLEY DR & CONNERY AVE,373300.1706,5028685.687,-75.62510908,45.39475932,2016-05-14,19:10,01 - Clear,01 - Dry,10 - No control,01 - Non intersection,01 - Daylight,03 - P.D. only,06 - SMV unattended vehicle,Elmvale - Eastway - Riverview - Riverview Park West
10906,PLESSER ST btwn CANTERBURY AVE & GOREN AVE,373136.0953,5028082.151,-75.627288,45.389345,2016-11-21,0:00,01 - Clear,04 - Slush,10 - No control,01 - Non intersection,00 - Unknown,03 - P.D. only,06 - SMV unattended vehicle,Urbandale
10907,PONDHOLLOW WAY btwn SILVERTHORN CRT & GOLFLINKS DR,365818.9931,5013538.632,-75.7225168,45.25915988,2016-07-27,22:24,01 - Clear,01 - Dry,10 - No control,01 - Non intersection,07 - Dark,03 - P.D. only,06 - SMV unattended vehicle,New Barrhaven
10908,POOLE CREEK CRES btwn WOODWIND CRES & FRINGEWOOD DR,350949.438,5015164.932,-75.91181685,45.27492642,2016-12-15,15:13,01 - Clear,01 - Dry,10 - No control,04 - At/near private drive,01 - Daylight,03 - P.D. only,06 - SMV unattended vehicle,Stittsville
10909,POPLAR ST btwn PRESTON ST & ROCHESTER ST,366473.722,5029969.717,-75.71212783,45.40694722,2016-05-11,20:28,01 - Clear,01 - Dry,10 - No control,01 - Non intersection,05 - Dusk,03 - P.D. only,06 - SMV unattended vehicle,Little Italy
10910,POPPLEWELL CRES btwn COBBLE HILL DR & COBBLE HILL DR,361234.1255,5014739.02,-75.78079443,45.27034381,2016-02-06,21:00,01 - Clear,01 - Dry,10 - No control,04 - At/near private drive,07 - Dark,03 - P.D. only,06 - SMV unattended vehicle,Munster Hamlet - Richmond