Record,Location,X,Y,lon,lat,Date,Time,Environment,Road_Surface,Traffic_Control,Collision_Location,Light,Collision_Classification,Impact_type,Neighborhood
10911,PORTAGE BRIDGE NB btwn PROVINCIAL BOUNDARY & WELLINGTON ST,366422.8171,5031490.153,-75.71258797,45.42063216,2016-04-26,7:11,01 - Clear,01 - Dry,10 - No control,07 - Overpass or bridge,01 - Daylight,03 - P.D. only,03 - Rear end,LeBreto
10912,PORTAGE BRIDGE NB btwn PROVINCIAL BOUNDARY & WELLINGTON ST,366422.8171,5031490.153,-75.71258797,45.42063216,2016-11-15,8:09,01 - Clear,01 - Dry,10 - No control,01 - Non intersection,01 - Daylight,03 - P.D. only,04 - Sideswipe,LeBreto
10913,PORTAGE BRIDGE NB btwn PROVINCIAL BOUNDARY & WELLINGTON ST,366422.8171,5031490.153,-75.71258797,45.42063216,2016-08-03,16:00,01 - Clear,01 - Dry,10 - No control,01 - Non intersection,01 - Daylight,03 - P.D. only,03 - Rear end,LeBreto
10914,PORTAGE BRIDGE NB btwn PROVINCIAL BOUNDARY & WELLINGTON ST,366422.8171,5031490.153,-75.71258797,45.42063216,2016-09-01,16:30,02 - Rain,02 - Wet,10 - No control,07 - Overpass or bridge,01 - Daylight,03 - P.D. only,03 - Rear end,LeBreto
10915,PORTAGE BRIDGE SB btwn PROVINCIAL BOUNDARY & WELLINGTON ST,366412.437,5031484.935,-75.71272125,45.42058612,2016-02-29,20:10,03 - Snow,05 - Packed snow,10 - No control,01 - Non intersection,07 - Dark,03 - P.D. only,03 - Rear end,LeBreto
10916,PORTAGE BRIDGE SB btwn PROVINCIAL BOUNDARY & WELLINGTON ST,366412.437,5031484.935,-75.71272125,45.42058612,2016-08-25,12:10,01 - Clear,01 - Dry,10 - No control,01 - Non intersection,01 - Daylight,03 - P.D. only,04 - Sideswipe,LeBreto
10917,PORTAGE BRIDGE SB btwn PROVINCIAL BOUNDARY & WELLINGTON ST,366412.437,5031484.935,-75.71272125,45.42058612,2016-05-10,17:25,01 - Clear,01 - Dry,10 - No control,07 - Overpass or bridge,01 - Daylight,03 - P.D. only,04 - Sideswipe,LeBreto
10918,PORTAGE BRIDGE SB btwn PROVINCIAL BOUNDARY & WELLINGTON ST,366412.437,5031484.935,-75.71272125,45.42058612,2016-04-16,15:20,01 - Clear,01 - Dry,10 - No control,01 - Non intersection,01 - Daylight,03 - P.D. only,04 - Sideswipe,LeBreto
10919,PORTAL ST btwn CAVENDISH RD & MOUNTBATTEN AVE,370282.6954,5028121.44,-75.66371923,45.38997111,2016-02-03,9:12,03 - Snow,03 - Loose snow,10 - No control,04 - At/near private drive,01 - Daylight,03 - P.D. only,06 - SMV unattended vehicle,Alta Vista
10920,PORTOBELLO BLVD @ CELESTE WAY/NESTING WAY,385532.6516,5037116.339,-75.46751591,45.46930715,2016-02-17,9:57,01 - Clear,05 - Packed snow,02 - Stop sign,02 - Intersection related,01 - Daylight,03 - P.D. only,03 - Rear end,Cardinal Creek
10921,PORTOBELLO BLVD @ SUMMER DAYS WALK/STORMWIND AVE,385892.806,5035157.596,-75.46323374,45.45164258,2016-02-06,16:20,01 - Clear,01 - Dry,02 - Stop sign,03 - At intersection,01 - Daylight,03 - P.D. only,02 - Angle,Avalon
10922,PORTOBELLO BLVD @ VALIN ST,385350.3068,5037697.34,-75.46975228,45.47455549,2016-05-17,16:24,01 - Clear,01 - Dry,02 - Stop sign,02 - Intersection related,01 - Daylight,02 - Non-fatal injury,03 - Rear end,Fallingbrook
10923,PORTOBELLO BLVD @ VALIN ST,385350.5465,5037697.35,-75.46974921,45.47455555,2016-09-17,13:29,02 - Rain,02 - Wet,02 - Stop sign,03 - At intersection,01 - Daylight,03 - P.D. only,02 - Angle,Fallingbrook
10924,PORTOBELLO BLVD btwn BRIAN COBURN BLVD & SUMMER DAYS WALK/STORMWIND AVE,385868.3955,5035216.272,-75.46353611,45.45217332,2016-12-15,8:30,01 - Clear,05 - Packed snow,10 - No control,01 - Non intersection,01 - Daylight,03 - P.D. only,04 - Sideswipe,Summerside
10925,PORTOBELLO BLVD btwn CAPREOL ST & AQUAVIEW DR,385729.6133,5036002.008,-75.46518085,45.4592587,2016-03-11,7:50,01 - Clear,01 - Dry,10 - No control,01 - Non intersection,01 - Daylight,03 - P.D. only,99 - Other,Notting Hill
10926,PORTOBELLO BLVD btwn GARDENWAY DR & VALIN ST,385347.3479,5037375.153,-75.46984294,45.4716571,2016-06-08,8:10,01 - Clear,01 - Dry,10 - No control,04 - At/near private drive,01 - Daylight,03 - P.D. only,02 - Angle,Fallingbrook
10927,PORTOBELLO BLVD btwn INNES RD & CHAREST WAY,385659.2121,5036818.128,-75.46594666,45.4666095,2016-02-12,20:31,03 - Snow,03 - Loose snow,10 - No control,04 - At/near private drive,07 - Dark,03 - P.D. only,05 - Turning movement,Avalon
10928,PORTOBELLO BLVD btwn INNES RD & CHAREST WAY,385666.6709,5036750.463,-75.46586243,45.46599986,2016-01-01,2:35,03 - Snow,05 - Packed snow,10 - No control,01 - Non intersection,07 - Dark,03 - P.D. only,07 - SMV other,Notting Hill
10929,PORTOBELLO BLVD btwn SCALA AVE & AQUAVIEW DR,385657.6424,5036331.971,-75.4660467,45.46223572,2016-01-03,2:17,01 - Clear,02 - Wet,10 - No control,01 - Non intersection,07 - Dark,03 - P.D. only,07 - SMV other,Notting Hill
10930,PORTOBELLO BLVD/SPRINGRIDGE DR S @ TRIM RD,385689.2355,5038072.449,-75.46535629,45.47789116,2016-09-01,16:15,01 - Clear,01 - Dry,01 - Traffic signal,02 - Intersection related,01 - Daylight,03 - P.D. only,03 - Rear end,Springridge
10931,PORTOBELLO BLVD/SPRINGRIDGE DR S @ TRIM RD,385688.7107,5038071.02,-75.46536323,45.47787837,2016-05-06,19:45,01 - Clear,01 - Dry,01 - Traffic signal,03 - At intersection,01 - Daylight,03 - P.D. only,05 - Turning movement,Springridge
10932,PORTRUSH AVE btwn HORNCHURCH LANE & LONGFIELDS DR,364207.3605,5015226.777,-75.74284793,45.27448777,2016-10-23,0:00,01 - Clear,01 - Dry,10 - No control,01 - Non intersection,00 - Unknown,03 - P.D. only,06 - SMV unattended vehicle,New Barrhaven
10933,PORTRUSH AVE btwn HORNCHURCH LANE & LONGFIELDS DR,364352.2591,5015310.505,-75.7409913,45.2752289,2016-10-20,17:53,02 - Rain,02 - Wet,10 - No control,01 - Non intersection,07 - Dark,03 - P.D. only,06 - SMV unattended vehicle,New Barrhaven
10934,POTTER DR btwn WATTERSON ST & DOCTOR LEACH DR,368416.4024,5008858.494,-75.6900233,45.21681817,2016-08-15,9:07,01 - Clear,01 - Dry,10 - No control,01 - Non intersection,01 - Daylight,03 - P.D. only,06 - SMV unattended vehicle,Manotick
10935,POULIN AVE @ REGINA ST,360166.1377,5025264.289,-75.79322755,45.36513548,2016-08-16,7:42,01 - Clear,01 - Dry,02 - Stop sign,03 - At intersection,01 - Daylight,03 - P.D. only,02 - Angle,Woodroffe - Lincoln Heights
10936,POULIN AVE @ RICHMOND RD,360325.0208,5024899.855,-75.79124044,45.36184375,2016-09-09,13:24,01 - Clear,01 - Dry,01 - Traffic signal,02 - Intersection related,01 - Daylight,02 - Non-fatal injury,02 - Angle,Woodroffe - Lincoln Heights
10937,POULIN AVE @ RICHMOND RD,360325.4599,5024900.294,-75.79123479,45.36184766,2016-01-27,14:56,01 - Clear,02 - Wet,01 - Traffic signal,02 - Intersection related,01 - Daylight,03 - P.D. only,04 - Sideswipe,Woodroffe - Lincoln Heights
10938,POULIN AVE @ RICHMOND RD,360325.4599,5024901.611,-75.79123464,45.36185951,2016-07-01,0:12,01 - Clear,01 - Dry,01 - Traffic signal,03 - At intersection,07 - Dark,03 - P.D. only,02 - Angle,Woodroffe - Lincoln Heights
10939,POULIN AVE @ RICHMOND RD,360325.0208,5024899.855,-75.79124044,45.36184375,2016-12-01,16:47,01 - Clear,02 - Wet,01 - Traffic signal,03 - At intersection,05 - Dusk,03 - P.D. only,05 - Turning movement,Woodroffe - Lincoln Heights
10940,POWELL AVE @ PERCY ST,367664.749,5029643.721,-75.6969557,45.40390804,2016-10-06,16:56,01 - Clear,01 - Dry,02 - Stop sign,03 - At intersection,01 - Daylight,02 - Non-fatal injury,02 - Angle,The Glebe
10941,POWELL AVE btwn LYON ST S & BANK ST,367966.0723,5029825.018,-75.69308371,45.40551217,2016-12-22,14:26,01 - Clear,02 - Wet,10 - No control,01 - Non intersection,01 - Daylight,02 - Non-fatal injury,02 - Angle,The Glebe
10942,POWER RD btwn RIDEAU RD & END,378369.5574,5018570.656,-75.56187555,45.30323544,2016-02-24,11:47,06 - Strong wind,03 - Loose snow,10 - No control,04 - At/near private drive,01 - Daylight,03 - P.D. only,05 - Turning movement,Greenbelt
10943,PRATT AVE btwn AVONLEA RD & GRENFELL CRES,365214.9694,5019651.464,-75.72946802,45.31421502,2016-08-28,16:00,01 - Clear,02 - Wet,10 - No control,01 - Non intersection,01 - Daylight,03 - P.D. only,07 - SMV other,Merivale Gardens - Grenfell Glen - Pineglen - Country Place
10944,PREM CIRC btwn COBBLE HILL DR & COBBLE HILL DR,361469.4303,5014222.865,-75.7778548,45.26568048,2016-12-09,18:27,03 - Snow,06 - Ice,10 - No control,04 - At/near private drive,07 - Dark,03 - P.D. only,06 - SMV unattended vehicle,Munster Hamlet - Richmond
10945,PREMIER AVE btwn COWLEY AVE & CARLETON AVE,364077.7792,5029247.516,-75.7428197,45.40065601,2016-01-01,10:49,01 - Clear,03 - Loose snow,10 - No control,01 - Non intersection,01 - Daylight,03 - P.D. only,06 - SMV unattended vehicle,Champlain Park
10946,PRESLAND RD @ LOLA ST,371176.8498,5031863.545,-75.65179742,45.42355688,2016-08-23,18:00,01 - Clear,01 - Dry,02 - Stop sign,03 - At intersection,01 - Daylight,02 - Non-fatal injury,02 - Angle,Overbrook
10947,PRESLAND RD @ VANIER PKWY,370434.4867,5031753.689,-75.66129739,45.42263849,2016-09-16,13:17,01 - Clear,01 - Dry,01 - Traffic signal,02 - Intersection related,01 - Daylight,03 - P.D. only,03 - Rear end,Overbrook
10948,PRESLAND RD @ VANIER PKWY,370431.4656,5031750.395,-75.66133643,45.42260914,2016-11-24,17:40,01 - Clear,01 - Dry,01 - Traffic signal,02 - Intersection related,07 - Dark,03 - P.D. only,07 - SMV other,Overbrook
10949,PRESLAND RD btwn RENOUF AVE & WHITTON CRES,370724.7612,5031786.042,-75.65758422,45.4229023,2016-05-27,22:26,01 - Clear,01 - Dry,10 - No control,01 - Non intersection,07 - Dark,03 - P.D. only,06 - SMV unattended vehicle,Overbrook
10950,PRESTON ST @ PRIMROSE AVE,366211.197,5030347.781,-75.71543414,45.41037202,2016-04-07,9:14,02 - Rain,02 - Wet,02 - Stop sign,02 - Intersection related,01 - Daylight,02 - Non-fatal injury,03 - Rear end,Little Italy
10951,PRESTON ST @ PRIMROSE AVE,366210.5837,5030347.532,-75.715442,45.41036983,2016-07-12,16:12,01 - Clear,01 - Dry,02 - Stop sign,03 - At intersection,01 - Daylight,02 - Non-fatal injury,02 - Angle,Little Italy
10952,PRESTON ST @ PRIMROSE AVE,366210.5915,5030347.313,-75.71544193,45.41036786,2016-08-29,11:36,01 - Clear,01 - Dry,02 - Stop sign,03 - At intersection,01 - Daylight,03 - P.D. only,05 - Turning movement,Little Italy
10953,PRESTON ST @ PRINCE OF WALES DR/QUEEN ELIZABET,366901.8834,5028776.548,-75.70680891,45.39617355,2016-03-26,18:13,01 - Clear,01 - Dry,01 - Traffic signal,02 - Intersection related,05 - Dusk,03 - P.D. only,03 - Rear end,The Glebe
10954,PRESTON ST @ SIDNEY ST,366809.6148,5028986.004,-75.70796096,45.39806636,2016-02-18,13:49,03 - Snow,04 - Slush,02 - Stop sign,02 - Intersection related,01 - Daylight,03 - P.D. only,04 - Sideswipe,Little Italy
10955,PRESTON ST @ SOMERSET ST,366307.9241,5030126.892,-75.71422607,45.40837602,2016-06-10,7:50,01 - Clear,01 - Dry,01 - Traffic signal,03 - At intersection,01 - Daylight,02 - Non-fatal injury,07 - SMV other,Little Italy
10956,PRESTON ST @ SOMERSET ST,366307.9259,5030128.023,-75.7142259,45.4083862,2016-06-26,13:58,01 - Clear,01 - Dry,01 - Traffic signal,02 - Intersection related,01 - Daylight,02 - Non-fatal injury,04 - Sideswipe,Little Italy
10957,PRESTON ST @ SOMERSET ST,366307.7483,5030127.453,-75.71422824,45.40838109,2016-02-17,16:42,03 - Snow,04 - Slush,01 - Traffic signal,03 - At intersection,01 - Daylight,03 - P.D. only,02 - Angle,Little Italy
10958,PRESTON ST @ SOMERSET ST,366307.4713,5030128.478,-75.71423165,45.40839033,2016-07-09,20:32,02 - Rain,02 - Wet,01 - Traffic signal,02 - Intersection related,05 - Dusk,03 - P.D. only,03 - Rear end,Little Italy
10959,PRESTON ST @ SOMERSET ST,366307.9259,5030128.023,-75.7142259,45.4083862,2016-04-05,15:07,01 - Clear,01 - Dry,01 - Traffic signal,02 - Intersection related,01 - Daylight,03 - P.D. only,03 - Rear end,Little Italy
10960,PRESTON ST @ SOMERSET ST,366309.4153,5030130.144,-75.71420661,45.40840515,2016-12-07,14:15,01 - Clear,01 - Dry,01 - Traffic signal,02 - Intersection related,01 - Daylight,03 - P.D. only,03 - Rear end,Little Italy
10961,PRESTON ST @ TRANSITWAY,366119.46,5030624.848,-75.71657156,45.41287304,2016-01-05,12:09,01 - Clear,01 - Dry,01 - Traffic signal,02 - Intersection related,01 - Daylight,03 - P.D. only,03 - Rear end,LeBreton Flats
10962,PRESTON ST btwn ABERDEEN ST & BEECH ST,366680.7007,5029276.215,-75.70957099,45.400689,2016-02-18,6:46,05 - Drifting Snow,03 - Loose snow,10 - No control,01 - Non intersection,03 - Dawn,03 - P.D. only,03 - Rear end,Little Italy
10963,PRESTON ST btwn ABERDEEN ST & BEECH ST,366654.5487,5029335.635,-75.70989756,45.40122596,2016-09-08,15:50,01 - Clear,01 - Dry,10 - No control,04 - At/near private drive,01 - Daylight,03 - P.D. only,99 - Other,Little Italy
10964,PRESTON ST btwn BALSAM ST & GLADSTONE AVE,366485.5105,5029719.777,-75.71200852,45.40469728,2016-09-26,0:00,01 - Clear,01 - Dry,10 - No control,01 - Non intersection,00 - Unknown,03 - P.D. only,06 - SMV unattended vehicle,Little Italy
10965,PRESTON ST btwn CARLING AVE & PRINCE OF WALES DR,366839.4827,5028912.372,-75.70758876,45.39740119,2016-07-27,19:25,01 - Clear,01 - Dry,10 - No control,01 - Non intersection,01 - Daylight,03 - P.D. only,04 - Sideswipe,The Glebe
10966,PRESTON ST btwn GEORGE ST W & ABERDEEN ST,366629.0318,5029396.14,-75.71021589,45.40177262,2016-01-28,15:11,03 - Snow,04 - Slush,10 - No control,01 - Non intersection,01 - Daylight,03 - P.D. only,03 - Rear end,Little Italy
10967,PRESTON ST btwn GEORGE ST W & ABERDEEN ST,366629.0269,5029392.317,-75.71021643,45.40173822,2016-05-01,12:11,02 - Rain,02 - Wet,10 - No control,01 - Non intersection,01 - Daylight,03 - P.D. only,04 - Sideswipe,Little Italy
10968,PRESTON ST btwn GEORGE ST W & ABERDEEN ST,366624.629,5029402.729,-75.71027129,45.4018323,2016-12-15,17:06,01 - Clear,04 - Slush,10 - No control,04 - At/near private drive,07 - Dark,03 - P.D. only,02 - Angle,Little Italy
10969,PRESTON ST btwn GLADSTONE AVE & LOUISA ST,366509.5818,5029668.666,-75.71170745,45.40423528,2016-09-29,11:46,01 - Clear,01 - Dry,10 - No control,01 - Non intersection,01 - Daylight,03 - P.D. only,03 - Rear end,Little Italy
10970,PRESTON ST btwn LAUREL ST & WILLOW ST,366420.7832,5029870.745,-75.71281642,45.40606135,2016-03-29,10:35,01 - Clear,01 - Dry,10 - No control,04 - At/near private drive,01 - Daylight,03 - P.D. only,03 - Rear end,Little Italy
10971,PRESTON ST btwn LOUISA ST & ST. ANTHONY ST,366526.0815,5029630.67,-75.71150146,45.40389195,2016-05-14,14:30,02 - Rain,02 - Wet,10 - No control,01 - Non intersection,01 - Daylight,03 - P.D. only,06 - SMV unattended vehicle,Little Italy
10972,PRESTON ST btwn NORMAN ST & PAMILLA ST,366721.7574,5029181.484,-75.7090585,45.39983301,2016-02-25,12:34,03 - Snow,04 - Slush,10 - No control,04 - At/near private drive,01 - Daylight,03 - P.D. only,02 - Angle,Little Italy
10973,PRESTON ST btwn PAMILLA ST & ADELINE ST,366763.4227,5029083.614,-75.70853865,45.39894871,2016-01-02,7:45,01 - Clear,02 - Wet,10 - No control,01 - Non intersection,03 - Dawn,03 - P.D. only,06 - SMV unattended vehicle,Little Italy
10974,PRESTON ST btwn PRIMROSE AVE & ELM ST,366221.3176,5030324.643,-75.71530774,45.41016294,2016-01-12,21:48,03 - Snow,05 - Packed snow,10 - No control,01 - Non intersection,07 - Dark,03 - P.D. only,04 - Sideswipe,Little Italy
10975,PRESTON ST btwn SOMERSET ST W & ECCLES ST,366321.7935,5030093.688,-75.71405304,45.40807604,2016-02-05,10:29,01 - Clear,01 - Dry,10 - No control,01 - Non intersection,01 - Daylight,03 - P.D. only,06 - SMV unattended vehicle,Chinatown
10976,PRESTON ST btwn YOUNG ST & GEORGE ST W,366593.1192,5029478.299,-75.71066428,45.40251504,2016-08-04,10:57,01 - Clear,01 - Dry,10 - No control,04 - At/near private drive,01 - Daylight,02 - Non-fatal injury,03 - Rear end,Little Italy
10977,PRESTON ST btwn YOUNG ST & GEORGE ST W,366615.9957,5029423.324,-75.71037898,45.40201837,2016-06-11,19:42,01 - Clear,01 - Dry,10 - No control,01 - Non intersection,01 - Daylight,03 - P.D. only,04 - Sideswipe,Little Italy
10978,PRESTON ST btwn YOUNG ST & GEORGE ST W,366600.5466,5029458.256,-75.71057193,45.40233404,2016-01-19,8:40,01 - Clear,03 - Loose snow,10 - No control,04 - At/near private drive,01 - Daylight,03 - P.D. only,02 - Angle,Little Italy
10979,PRESTONE DR @ MOUNTAINSIDE CRES S/TURNER CRES ,382933.4241,5038128.833,-75.50059105,45.47871228,2016-05-09,22:51,01 - Clear,01 - Dry,02 - Stop sign,03 - At intersection,07 - Dark,03 - P.D. only,02 - Angle,Queenswood Heights
10980,PRESTONE DR @ RIVER RIDGE CRES W/KENNEDY LANE,382626.9329,5038238.793,-75.50449338,45.47973583,2016-05-24,17:50,01 - Clear,01 - Dry,02 - Stop sign,02 - Intersection related,01 - Daylight,03 - P.D. only,99 - Other,Queenswood Heights
10981,PRESTONE DR @ ST. JOSEPH BLVD,382325.9664,5038273.363,-75.50833709,45.48008034,2016-03-13,14:12,01 - Clear,02 - Wet,01 - Traffic signal,03 - At intersection,01 - Daylight,03 - P.D. only,02 - Angle,Queenswood Heights
10982,PRESTONE DR @ TOMPKINS AVE,382892.4599,5037915.92,-75.50114879,45.47680126,2016-03-06,11:02,01 - Clear,01 - Dry,02 - Stop sign,03 - At intersection,01 - Daylight,03 - P.D. only,02 - Angle,Queenswood Heights
10983,PRESTONE DR btwn LAURIN CRES & MOUNTAINSIDE CRES,382933.4666,5038106.967,-75.50059399,45.47851554,2016-02-16,10:48,05 - Drifting Snow,03 - Loose snow,10 - No control,01 - Non intersection,01 - Daylight,03 - P.D. only,07 - SMV other,Queenswood Heights
10984,PRESTWICK DR @ ROXDALE AVE,383058.5165,5037352.391,-75.49911492,45.47171254,2016-02-24,15:08,03 - Snow,06 - Ice,02 - Stop sign,03 - At intersection,01 - Daylight,03 - P.D. only,02 - Angle,Queenswood Heights
10985,PRESTWICK DR btwn DU GRAND BOIS AVE & INNES RD,383521.9049,5036036.365,-75.49340011,45.45982005,2016-05-27,16:55,01 - Clear,01 - Dry,10 - No control,01 - Non intersection,01 - Daylight,02 - Non-fatal injury,07 - SMV other,Queenswood Heights
10986,PRESTWICK DR btwn ROXDALE AVE & GALLOWAY DR,383069.5139,5037323.186,-75.49897894,45.47144855,2016-10-19,15:15,01 - Clear,01 - Dry,10 - No control,01 - Non intersection,01 - Daylight,03 - P.D. only,06 - SMV unattended vehicle,Queenswood Heights
10987,PRETORIA AVE btwn METCALFE ST & ELGIN ST,368515.7118,5030346.026,-75.6859957,45.41015022,2016-06-26,15:41,01 - Clear,01 - Dry,10 - No control,04 - At/near private drive,01 - Daylight,02 - Non-fatal injury,02 - Angle,The Glebe
10988,PRIMROSE AVE btwn PRESTON ST & ROCHESTER ST,366219.8664,5030351.847,-75.71532289,45.41040784,2016-01-12,2:32,03 - Snow,03 - Loose snow,10 - No control,01 - Non intersection,07 - Dark,03 - P.D. only,06 - SMV unattended vehicle,Little Italy
10989,PRIMROSE AVE btwn ROCHESTER ST & BOOTH ST,366402.2856,5030430.931,-75.7129827,45.41110338,2016-07-14,20:45,01 - Clear,01 - Dry,10 - No control,01 - Non intersection,05 - Dusk,03 - P.D. only,06 - SMV unattended vehicle,Centretown West
10990,PRINCE CHARLES RD btwn LOCKHART AVE & SAVILLE ROW,361822.6896,5026534.952,-75.77193596,45.37643599,2016-02-28,11:00,01 - Clear,02 - Wet,10 - No control,04 - At/near private drive,01 - Daylight,03 - P.D. only,06 - SMV unattended vehicle,Carlingwood - McKellar Park - Laurentien View
10991,PRINCE CHARLES RD btwn SAVILLE ROW & IROQUOIS RD,362259.5022,5026462.673,-75.76636762,45.37574994,2016-03-05,8:00,01 - Clear,01 - Dry,10 - No control,01 - Non intersection,01 - Daylight,03 - P.D. only,03 - Rear end,Carlingwood - McKellar Park - Laurentien View
10992,PRINCE OF WALES DR @ 257 S OF PRESTON ST/SIR J,366776.9071,5028558.227,-75.70843244,45.39422023,2016-03-10,17:47,01 - Clear,01 - Dry,01 - Traffic signal,02 - Intersection related,01 - Daylight,02 - Non-fatal injury,03 - Rear end,Civic Hospital - Experimental Farm - Central Park
10993,PRINCE OF WALES DR @ 257 S OF PRESTON ST/SIR J,366777.5063,5028558.293,-75.70842477,45.39422077,2016-08-15,8:17,01 - Clear,01 - Dry,01 - Traffic signal,02 - Intersection related,01 - Daylight,02 - Non-fatal injury,03 - Rear end,Civic Hospital - Experimental Farm - Central Park
10994,PRINCE OF WALES DR @ FAIRPARK DR,367268.8175,5015413.846,-75.70380954,45.27590569,2016-09-21,18:39,01 - Clear,01 - Dry,02 - Stop sign,02 - Intersection related,01 - Daylight,03 - P.D. only,03 - Rear end,Greenbelt
10995,PRINCE OF WALES DR @ FALAISE RD/KOCHAR DR N,367460.0322,5024904.514,-75.70017207,45.36128424,2016-04-26,10:30,01 - Clear,01 - Dry,01 - Traffic signal,02 - Intersection related,01 - Daylight,03 - P.D. only,03 - Rear end,Carleton Heights - Rideauview
10996,PRINCE OF WALES DR @ FALLOWFIELD RD,367399.4827,5019166.47,-75.7016707,45.30965976,2016-08-03,12:41,01 - Clear,01 - Dry,01 - Traffic signal,03 - At intersection,01 - Daylight,02 - Non-fatal injury,02 - Angle,Greenbelt
10997,PRINCE OF WALES DR @ FALLOWFIELD RD,367399.932,5019165.804,-75.70166506,45.30965373,2016-03-07,12:30,01 - Clear,01 - Dry,01 - Traffic signal,02 - Intersection related,01 - Daylight,03 - P.D. only,03 - Rear end,Greenbelt
10998,PRINCE OF WALES DR @ FALLOWFIELD RD,367400.2455,5019166.738,-75.70166094,45.3096621,2016-09-13,16:30,01 - Clear,01 - Dry,01 - Traffic signal,02 - Intersection related,01 - Daylight,03 - P.D. only,03 - Rear end,Greenbelt
10999,PRINCE OF WALES DR @ FALLOWFIELD RD,367399.4905,5019166.69,-75.70167057,45.30966174,2016-01-17,9:30,01 - Clear,01 - Dry,01 - Traffic signal,02 - Intersection related,01 - Daylight,03 - P.D. only,03 - Rear end,Greenbelt
11000,PRINCE OF WALES DR @ FALLOWFIELD RD,367400.3834,5019167.144,-75.70165913,45.30966574,2016-05-04,15:38,01 - Clear,01 - Dry,01 - Traffic signal,02 - Intersection related,01 - Daylight,03 - P.D. only,03 - Rear end,Greenbelt
11001,PRINCE OF WALES DR @ FALLOWFIELD RD,367398.6391,5019165.132,-75.70168163,45.3096478,2016-08-18,16:25,02 - Rain,02 - Wet,01 - Traffic signal,02 - Intersection related,01 - Daylight,03 - P.D. only,03 - Rear end,Greenbelt
11002,PRINCE OF WALES DR @ FALLOWFIELD RD,367400.3686,5019166.69,-75.70165938,45.30966166,2016-06-29,15:03,01 - Clear,01 - Dry,01 - Traffic signal,02 - Intersection related,01 - Daylight,03 - P.D. only,03 - Rear end,Greenbelt
11003,PRINCE OF WALES DR @ FALLOWFIELD RD,367399.9345,5019166.246,-75.70166497,45.3096577,2016-04-13,16:41,01 - Clear,01 - Dry,01 - Traffic signal,02 - Intersection related,01 - Daylight,03 - P.D. only,03 - Rear end,Greenbelt
11004,PRINCE OF WALES DR @ FALLOWFIELD RD,367398.8818,5019164.4,-75.70167862,45.30964119,2016-09-22,9:00,01 - Clear,01 - Dry,01 - Traffic signal,02 - Intersection related,01 - Daylight,03 - P.D. only,03 - Rear end,Greenbelt
11005,PRINCE OF WALES DR @ FALLOWFIELD RD,367398.8818,5019165.228,-75.70167852,45.30964864,2016-10-17,9:16,01 - Clear,02 - Wet,01 - Traffic signal,02 - Intersection related,01 - Daylight,03 - P.D. only,03 - Rear end,Greenbelt
11006,PRINCE OF WALES DR @ FALLOWFIELD RD,367398.8818,5019167.712,-75.70167821,45.30967099,2016-11-01,11:51,01 - Clear,02 - Wet,01 - Traffic signal,02 - Intersection related,01 - Daylight,03 - P.D. only,03 - Rear end,Greenbelt
11007,PRINCE OF WALES DR @ HARTWELL LOCKS/548 N OF R,367017.2707,5027301.555,-75.70552124,45.3828917,2016-01-14,15:25,01 - Clear,02 - Wet,01 - Traffic signal,02 - Intersection related,01 - Daylight,02 - Non-fatal injury,03 - Rear end,Civic Hospital - Experimental Farm - Central Park
11008,PRINCE OF WALES DR @ MEADOWLANDS DR/HOG'S BACK,367371.2603,5025693.257,-75.70120521,45.3683891,2016-10-16,16:17,01 - Clear,01 - Dry,01 - Traffic signal,03 - At intersection,01 - Daylight,02 - Non-fatal injury,02 - Angle,Carleton Heights - Rideauview
11009,PRINCE OF WALES DR @ MEADOWLANDS DR/HOG'S BACK,367371.2603,5025693.257,-75.70120521,45.3683891,2016-07-12,6:00,01 - Clear,01 - Dry,01 - Traffic signal,03 - At intersection,03 - Dawn,02 - Non-fatal injury,02 - Angle,Carleton Heights - Rideauview
11010,PRINCE OF WALES DR @ MEADOWLANDS DR/HOG'S BACK,367371.5283,5025691.915,-75.70120196,45.368377,2016-07-08,8:55,01 - Clear,01 - Dry,01 - Traffic signal,02 - Intersection related,01 - Daylight,02 - Non-fatal injury,02 - Angle,Carleton Heights - Rideauview
11011,PRINCE OF WALES DR @ MEADOWLANDS DR/HOG'S BACK,367372.503,5025694.275,-75.70118922,45.36839814,2016-02-08,8:50,01 - Clear,01 - Dry,01 - Traffic signal,03 - At intersection,01 - Daylight,03 - P.D. only,05 - Turning movement,Carleton Heights - Rideauview
11012,PRINCE OF WALES DR @ MEADOWLANDS DR/HOG'S BACK,367371.0167,5025692.554,-75.70120841,45.36838279,2016-02-14,15:45,01 - Clear,01 - Dry,01 - Traffic signal,03 - At intersection,01 - Daylight,03 - P.D. only,04 - Sideswipe,Carleton Heights - Rideauview
11013,PRINCE OF WALES DR @ MEADOWLANDS DR/HOG'S BACK,367371.3057,5025693.677,-75.70120458,45.36839287,2016-10-17,8:16,01 - Clear,01 - Dry,01 - Traffic signal,03 - At intersection,01 - Daylight,03 - P.D. only,05 - Turning movement,Carleton Heights - Rideauview