Record,Location,X,Y,lon,lat,Date,Time,Environment,Road_Surface,Traffic_Control,Collision_Location,Light,Collision_Classification,Impact_type,Neighborhood
11014,PRINCE OF WALES DR @ MEADOWLANDS DR/HOG'S BACK,367372.2431,5025693.008,-75.7011927,45.36838677,2016-04-24,14:07,01 - Clear,01 - Dry,01 - Traffic signal,02 - Intersection related,01 - Daylight,03 - P.D. only,03 - Rear end,Carleton Heights - Rideauview
11015,PRINCE OF WALES DR @ MEADOWLANDS DR/HOG'S BACK,367371.2603,5025692.818,-75.70120527,45.36838515,2016-07-05,16:20,01 - Clear,01 - Dry,01 - Traffic signal,02 - Intersection related,01 - Daylight,03 - P.D. only,03 - Rear end,Carleton Heights - Rideauview
11016,PRINCE OF WALES DR @ MEADOWLANDS DR/HOG'S BACK,367370.747,5025693.477,-75.70121174,45.36839112,2016-03-17,17:00,01 - Clear,02 - Wet,01 - Traffic signal,02 - Intersection related,01 - Daylight,03 - P.D. only,03 - Rear end,Carleton Heights - Rideauview
11017,PRINCE OF WALES DR @ MEADOWLANDS DR/HOG'S BACK,367371.1884,5025693.711,-75.70120607,45.36839319,2016-05-30,13:50,01 - Clear,01 - Dry,01 - Traffic signal,02 - Intersection related,01 - Daylight,03 - P.D. only,03 - Rear end,Carleton Heights - Rideauview
11018,PRINCE OF WALES DR @ MEADOWLANDS DR/HOG'S BACK,367373.0908,5025695.04,-75.70118162,45.36840498,2016-03-31,8:25,01 - Clear,02 - Wet,01 - Traffic signal,02 - Intersection related,01 - Daylight,03 - P.D. only,03 - Rear end,Carleton Heights - Rideauview
11019,PRINCE OF WALES DR @ MEADOWLANDS DR/HOG'S BACK,367370.5984,5025694.297,-75.70121353,45.36839851,2016-06-03,19:33,01 - Clear,01 - Dry,01 - Traffic signal,03 - At intersection,01 - Daylight,03 - P.D. only,05 - Turning movement,Carleton Heights - Rideauview
11020,PRINCE OF WALES DR @ MEADOWLANDS DR/HOG'S BACK,367371.6436,5025694.529,-75.70120016,45.36840051,2016-10-13,8:41,01 - Clear,02 - Wet,01 - Traffic signal,02 - Intersection related,01 - Daylight,03 - P.D. only,03 - Rear end,Carleton Heights - Rideauview
11021,PRINCE OF WALES DR @ MEADOWLANDS DR/HOG'S BACK,367372.3184,5025692.501,-75.7011918,45.3683822,2016-12-15,9:29,01 - Clear,04 - Slush,01 - Traffic signal,02 - Intersection related,01 - Daylight,03 - P.D. only,03 - Rear end,Carleton Heights - Rideauview
11022,PRINCE OF WALES DR @ MEADOWLANDS DR/HOG'S BACK,367371.9044,5025693.078,-75.70119702,45.36838743,2016-12-09,7:36,01 - Clear,06 - Ice,01 - Traffic signal,03 - At intersection,03 - Dawn,03 - P.D. only,05 - Turning movement,Carleton Heights - Rideauview
11023,PRINCE OF WALES DR @ MERIVALE RD,367450.809,5017615.802,-75.70121217,45.29570247,2016-01-08,16:59,01 - Clear,01 - Dry,01 - Traffic signal,02 - Intersection related,05 - Dusk,03 - P.D. only,03 - Rear end,Greenbelt
11024,PRINCE OF WALES DR @ MERIVALE RD,367449.7113,5017615.218,-75.70122624,45.29569732,2016-10-21,16:37,02 - Rain,02 - Wet,01 - Traffic signal,02 - Intersection related,01 - Daylight,03 - P.D. only,03 - Rear end,Greenbelt
11025,PRINCE OF WALES DR @ MERIVALE RD,367449.7113,5017618.531,-75.70122582,45.29572713,2016-11-22,17:05,01 - Clear,06 - Ice,01 - Traffic signal,02 - Intersection related,07 - Dark,03 - P.D. only,03 - Rear end,Greenbelt
11026,PRINCE OF WALES DR @ NORMANDY CRES S/KOCHAR DR,367447.1375,5024563.018,-75.70037993,45.35821268,2016-03-17,13:24,02 - Rain,02 - Wet,01 - Traffic signal,02 - Intersection related,01 - Daylight,03 - P.D. only,03 - Rear end,Carleton Heights - Rideauview
11027,PRINCE OF WALES DR @ NORMANDY CRES S/KOCHAR DR,367446.7794,5024562.112,-75.70038462,45.35820456,2016-01-18,16:40,03 - Snow,04 - Slush,01 - Traffic signal,02 - Intersection related,05 - Dusk,03 - P.D. only,03 - Rear end,Carleton Heights - Rideauview
11028,PRINCE OF WALES DR @ RIDEAU HEIGHTS LANE,367478.5588,5022689.312,-75.7002164,45.34135065,2016-01-11,19:26,01 - Clear,01 - Dry,02 - Stop sign,02 - Intersection related,07 - Dark,03 - P.D. only,04 - Sideswipe,Industrial Park
11029,PRINCE OF WALES DR @ SANFORD AVE,366806.3656,5026129.775,-75.70836126,45.37236699,2016-09-29,10:30,01 - Clear,01 - Dry,02 - Stop sign,03 - At intersection,01 - Daylight,03 - P.D. only,03 - Rear end,Civic Hospital - Experimental Farm - Central Park
11030,PRINCE OF WALES DR @ SECOND LINE RD,365843.7234,5006594.478,-75.72305346,45.19667399,2016-05-02,7:49,02 - Rain,02 - Wet,02 - Stop sign,03 - At intersection,01 - Daylight,03 - P.D. only,02 - Angle,Manotick
11031,PRINCE OF WALES DR @ STRANDHERD DR,367173.9582,5014823.925,-75.70509255,45.27060604,2016-01-30,14:11,01 - Clear,01 - Dry,01 - Traffic signal,03 - At intersection,01 - Daylight,02 - Non-fatal injury,05 - Turning movement,Greenbelt
11032,PRINCE OF WALES DR @ STRANDHERD DR,367175.0703,5014823.532,-75.70507843,45.27060241,2016-11-11,16:08,01 - Clear,01 - Dry,01 - Traffic signal,03 - At intersection,01 - Daylight,02 - Non-fatal injury,05 - Turning movement,Greenbelt
11033,PRINCE OF WALES DR @ STRANDHERD DR,367175.0625,5014824.191,-75.70507844,45.27060834,2016-06-23,10:57,01 - Clear,01 - Dry,01 - Traffic signal,02 - Intersection related,01 - Daylight,02 - Non-fatal injury,03 - Rear end,Greenbelt
11034,PRINCE OF WALES DR @ STRANDHERD DR,367175.2898,5014823.961,-75.70507558,45.27060625,2016-09-02,16:46,01 - Clear,01 - Dry,01 - Traffic signal,02 - Intersection related,01 - Daylight,03 - P.D. only,03 - Rear end,Greenbelt
11035,PRINCE OF WALES DR @ STRANDHERD DR,367174.7543,5014824.994,-75.70508227,45.27061559,2016-08-16,10:27,01 - Clear,01 - Dry,01 - Traffic signal,02 - Intersection related,01 - Daylight,03 - P.D. only,03 - Rear end,Greenbelt
11036,PRINCE OF WALES DR @ STRANDHERD DR,367175.2898,5014823.777,-75.7050756,45.27060459,2016-10-12,9:12,01 - Clear,01 - Dry,01 - Traffic signal,02 - Intersection related,01 - Daylight,03 - P.D. only,03 - Rear end,Greenbelt
11037,PRINCE OF WALES DR @ STRANDHERD DR,367175.0678,5014824.413,-75.70507835,45.27061034,2016-02-17,17:04,03 - Snow,06 - Ice,01 - Traffic signal,02 - Intersection related,01 - Daylight,03 - P.D. only,03 - Rear end,Greenbelt
11038,PRINCE OF WALES DR @ STRANDHERD DR,367175.5143,5014824.864,-75.7050726,45.27061436,2016-03-08,13:08,01 - Clear,02 - Wet,01 - Traffic signal,02 - Intersection related,01 - Daylight,03 - P.D. only,03 - Rear end,Greenbelt
11039,PRINCE OF WALES DR @ STRANDHERD DR,367175.9632,5014823.518,-75.70506705,45.2706022,2016-03-09,8:47,01 - Clear,01 - Dry,01 - Traffic signal,02 - Intersection related,01 - Daylight,03 - P.D. only,03 - Rear end,Greenbelt
11040,PRINCE OF WALES DR @ STRANDHERD DR,367175.9716,5014824.646,-75.7050668,45.27061235,2016-07-29,16:00,01 - Clear,01 - Dry,01 - Traffic signal,02 - Intersection related,01 - Daylight,03 - P.D. only,03 - Rear end,Greenbelt
11041,PRINCE OF WALES DR @ STRANDHERD DR,367176.2083,5014824.421,-75.70506381,45.27061031,2016-06-09,14:16,01 - Clear,01 - Dry,01 - Traffic signal,02 - Intersection related,01 - Daylight,03 - P.D. only,04 - Sideswipe,Greenbelt
11042,PRINCE OF WALES DR @ STRANDHERD DR,367173.6335,5014824.605,-75.7050966,45.27061219,2016-11-12,14:27,01 - Clear,01 - Dry,01 - Traffic signal,02 - Intersection related,01 - Daylight,03 - P.D. only,03 - Rear end,Greenbelt
11043,PRINCE OF WALES DR @ STRANDHERD DR,367176.118,5014824.605,-75.70506494,45.27061197,2016-10-09,14:22,01 - Clear,01 - Dry,01 - Traffic signal,03 - At intersection,01 - Daylight,03 - P.D. only,03 - Rear end,Greenbelt
11044,PRINCE OF WALES DR @ STRANDHERD DR,367174.4616,5014825.433,-75.70508594,45.27061957,2016-12-15,8:24,01 - Clear,06 - Ice,01 - Traffic signal,03 - At intersection,01 - Daylight,03 - P.D. only,02 - Angle,Greenbelt
11045,PRINCE OF WALES DR @ STRANDHERD DR,367176.9461,5014825.433,-75.70505428,45.27061935,2016-12-05,7:27,05 - Drifting Snow,05 - Packed snow,01 - Traffic signal,02 - Intersection related,03 - Dawn,03 - P.D. only,03 - Rear end,Greenbelt
11046,PRINCE OF WALES DR @ STRANDHERD DR,367176.9461,5014824.605,-75.70505439,45.2706119,2016-11-29,18:25,01 - Clear,01 - Dry,01 - Traffic signal,02 - Intersection related,07 - Dark,03 - P.D. only,03 - Rear end,Greenbelt
11047,PRINCE OF WALES DR @ WATERBEND LANE,367402.3825,5021573.816,-75.70132944,45.33132042,2016-05-26,8:00,01 - Clear,01 - Dry,02 - Stop sign,02 - Intersection related,01 - Daylight,03 - P.D. only,05 - Turning movement,Industrial Park
11048,PRINCE OF WALES DR @ WATERFORD DR,367364.0274,5021038.364,-75.70188639,45.32650594,2016-01-05,17:15,01 - Clear,01 - Dry,02 - Stop sign,02 - Intersection related,05 - Dusk,02 - Non-fatal injury,03 - Rear end,Industrial Park
11049,PRINCE OF WALES DR @ WEST HUNT CLUB RD,367458.5139,5021891.398,-75.70057319,45.33417296,2016-02-29,4:45,02 - Rain,02 - Wet,01 - Traffic signal,03 - At intersection,07 - Dark,02 - Non-fatal injury,07 - SMV other,Industrial Park
11050,PRINCE OF WALES DR @ WEST HUNT CLUB RD,367458.9298,5021890.845,-75.70056795,45.33416795,2016-02-20,7:14,02 - Rain,04 - Slush,01 - Traffic signal,03 - At intersection,03 - Dawn,02 - Non-fatal injury,02 - Angle,Industrial Park
11051,PRINCE OF WALES DR @ WEST HUNT CLUB RD,367458.7103,5021891.089,-75.70057072,45.33417016,2016-10-16,4:15,01 - Clear,01 - Dry,01 - Traffic signal,02 - Intersection related,07 - Dark,02 - Non-fatal injury,03 - Rear end,Industrial Park
11052,PRINCE OF WALES DR @ WEST HUNT CLUB RD,367457.9114,5021891.237,-75.7005809,45.33417157,2016-04-14,7:03,01 - Clear,01 - Dry,01 - Traffic signal,02 - Intersection related,01 - Daylight,02 - Non-fatal injury,03 - Rear end,Industrial Park
11053,PRINCE OF WALES DR @ WEST HUNT CLUB RD,367458.7103,5021889.433,-75.70057093,45.33415526,2016-11-15,18:42,01 - Clear,01 - Dry,01 - Traffic signal,02 - Intersection related,07 - Dark,02 - Non-fatal injury,03 - Rear end,Industrial Park
11054,PRINCE OF WALES DR @ WEST HUNT CLUB RD,367457.054,5021890.261,-75.70059196,45.33416286,2016-11-16,15:11,01 - Clear,01 - Dry,01 - Traffic signal,02 - Intersection related,01 - Daylight,02 - Non-fatal injury,03 - Rear end,Industrial Park
11055,PRINCE OF WALES DR @ WEST HUNT CLUB RD,367461.1948,5021891.503,-75.70053897,45.33417367,2016-11-05,21:36,01 - Clear,01 - Dry,01 - Traffic signal,02 - Intersection related,07 - Dark,02 - Non-fatal injury,03 - Rear end,Industrial Park
11056,PRINCE OF WALES DR @ WEST HUNT CLUB RD,367458.0517,5021892.162,-75.70057899,45.33417988,2016-02-19,11:53,01 - Clear,01 - Dry,01 - Traffic signal,02 - Intersection related,01 - Daylight,03 - P.D. only,03 - Rear end,Industrial Park
11057,PRINCE OF WALES DR @ WEST HUNT CLUB RD,367459.1009,5021892.285,-75.70056559,45.33418089,2016-06-04,17:01,01 - Clear,01 - Dry,01 - Traffic signal,02 - Intersection related,01 - Daylight,03 - P.D. only,03 - Rear end,Industrial Park
11058,PRINCE OF WALES DR @ WEST HUNT CLUB RD,367458.4848,5021892.18,-75.70057346,45.33418,2016-06-23,14:40,01 - Clear,01 - Dry,01 - Traffic signal,02 - Intersection related,01 - Daylight,03 - P.D. only,03 - Rear end,Industrial Park
11059,PRINCE OF WALES DR @ WEST HUNT CLUB RD,367459.8467,5021891.503,-75.70055617,45.33417379,2016-05-24,18:36,01 - Clear,01 - Dry,01 - Traffic signal,02 - Intersection related,01 - Daylight,03 - P.D. only,03 - Rear end,Industrial Park
11060,PRINCE OF WALES DR @ WEST HUNT CLUB RD,367457.5516,5021892.199,-75.70058536,45.33418026,2016-01-05,11:50,01 - Clear,01 - Dry,01 - Traffic signal,02 - Intersection related,01 - Daylight,03 - P.D. only,03 - Rear end,Industrial Park
11061,PRINCE OF WALES DR @ WEST HUNT CLUB RD,367458.0517,5021891.284,-75.7005791,45.33417198,2016-02-07,11:50,01 - Clear,01 - Dry,01 - Traffic signal,02 - Intersection related,01 - Daylight,03 - P.D. only,03 - Rear end,Industrial Park
11062,PRINCE OF WALES DR @ WEST HUNT CLUB RD,367459.8202,5021892.613,-75.70055637,45.33418378,2016-02-19,12:15,01 - Clear,01 - Dry,01 - Traffic signal,02 - Intersection related,01 - Daylight,03 - P.D. only,03 - Rear end,Industrial Park
11063,PRINCE OF WALES DR @ WEST HUNT CLUB RD,367458.4908,5021891.284,-75.7005735,45.33417194,2016-01-20,18:07,01 - Clear,01 - Dry,01 - Traffic signal,02 - Intersection related,07 - Dark,03 - P.D. only,03 - Rear end,Industrial Park
11064,PRINCE OF WALES DR @ WEST HUNT CLUB RD,367457.5516,5021891.272,-75.70058548,45.33417191,2016-03-02,8:57,03 - Snow,03 - Loose snow,01 - Traffic signal,02 - Intersection related,01 - Daylight,03 - P.D. only,03 - Rear end,Industrial Park
11065,PRINCE OF WALES DR @ WEST HUNT CLUB RD,367459.7446,5021891.488,-75.70055748,45.33417366,2016-02-29,14:41,01 - Clear,02 - Wet,01 - Traffic signal,02 - Intersection related,01 - Daylight,03 - P.D. only,03 - Rear end,Industrial Park
11066,PRINCE OF WALES DR @ WEST HUNT CLUB RD,367458.9766,5021890.704,-75.70056737,45.33416668,2016-03-18,14:07,01 - Clear,01 - Dry,01 - Traffic signal,02 - Intersection related,01 - Daylight,03 - P.D. only,03 - Rear end,Industrial Park
11067,PRINCE OF WALES DR @ WEST HUNT CLUB RD,367458.9766,5021891.77,-75.70056724,45.33417627,2016-03-21,11:39,01 - Clear,01 - Dry,01 - Traffic signal,02 - Intersection related,01 - Daylight,03 - P.D. only,03 - Rear end,Industrial Park
11068,PRINCE OF WALES DR @ WEST HUNT CLUB RD,367458.444,5021891.77,-75.70057403,45.33417632,2016-04-05,7:31,01 - Clear,01 - Dry,01 - Traffic signal,02 - Intersection related,01 - Daylight,03 - P.D. only,03 - Rear end,Industrial Park
11069,PRINCE OF WALES DR @ WEST HUNT CLUB RD,367459.5385,5021891.917,-75.70056005,45.33417754,2016-11-16,19:43,01 - Clear,01 - Dry,01 - Traffic signal,02 - Intersection related,07 - Dark,03 - P.D. only,03 - Rear end,Industrial Park
11070,PRINCE OF WALES DR @ WEST HUNT CLUB RD,367458.483,5021892.412,-75.70057345,45.33418209,2016-07-29,17:22,01 - Clear,01 - Dry,01 - Traffic signal,02 - Intersection related,01 - Daylight,03 - P.D. only,03 - Rear end,Industrial Park
11071,PRINCE OF WALES DR @ WEST HUNT CLUB RD,367458.0384,5021892.623,-75.7005791,45.33418403,2016-03-24,19:30,04 - Freezing Rain,05 - Packed snow,01 - Traffic signal,03 - At intersection,07 - Dark,03 - P.D. only,02 - Angle,Industrial Park
11072,PRINCE OF WALES DR @ WEST HUNT CLUB RD,367458.4848,5021891.729,-75.70057352,45.33417594,2016-06-29,18:00,01 - Clear,01 - Dry,01 - Traffic signal,02 - Intersection related,01 - Daylight,03 - P.D. only,04 - Sideswipe,Industrial Park
11073,PRINCE OF WALES DR @ WEST HUNT CLUB RD,367458.0517,5021890.845,-75.70057916,45.33416803,2016-09-23,15:19,02 - Rain,02 - Wet,01 - Traffic signal,02 - Intersection related,01 - Daylight,03 - P.D. only,04 - Sideswipe,Industrial Park
11074,PRINCE OF WALES DR @ WEST HUNT CLUB RD,367458.0339,5021892.18,-75.70057921,45.33418004,2016-05-28,18:28,01 - Clear,01 - Dry,01 - Traffic signal,02 - Intersection related,01 - Daylight,03 - P.D. only,03 - Rear end,Industrial Park
11075,PRINCE OF WALES DR @ WEST HUNT CLUB RD,367458.0285,5021891.503,-75.70057937,45.33417395,2016-08-17,11:30,01 - Clear,01 - Dry,01 - Traffic signal,02 - Intersection related,01 - Daylight,03 - P.D. only,03 - Rear end,Industrial Park
11076,PRINCE OF WALES DR @ WEST HUNT CLUB RD,367458.4908,5021890.845,-75.70057355,45.33416799,2016-05-31,15:59,01 - Clear,01 - Dry,01 - Traffic signal,02 - Intersection related,01 - Daylight,03 - P.D. only,03 - Rear end,Industrial Park
11077,PRINCE OF WALES DR @ WEST HUNT CLUB RD,367458.7103,5021891.917,-75.70057062,45.33417761,2016-11-11,16:46,01 - Clear,01 - Dry,01 - Traffic signal,02 - Intersection related,05 - Dusk,03 - P.D. only,03 - Rear end,Industrial Park
11078,PRINCE OF WALES DR @ WEST HUNT CLUB RD,367457.8821,5021891.917,-75.70058118,45.33417769,2016-10-15,15:10,02 - Rain,02 - Wet,01 - Traffic signal,02 - Intersection related,01 - Daylight,03 - P.D. only,03 - Rear end,Industrial Park
11079,PRINCE OF WALES DR @ WEST HUNT CLUB RD,367457.054,5021890.261,-75.70059196,45.33416286,2016-10-07,21:24,01 - Clear,01 - Dry,01 - Traffic signal,02 - Intersection related,07 - Dark,03 - P.D. only,03 - Rear end,Industrial Park
11080,PRINCE OF WALES DR @ WEST HUNT CLUB RD,367457.6126,5021891.284,-75.7005847,45.33417202,2016-11-03,22:04,02 - Rain,02 - Wet,01 - Traffic signal,02 - Intersection related,07 - Dark,03 - P.D. only,04 - Sideswipe,Industrial Park
11081,PRINCE OF WALES DR @ WEST HUNT CLUB RD,367458.7103,5021891.089,-75.70057072,45.33417016,2016-02-19,8:00,01 - Clear,01 - Dry,01 - Traffic signal,02 - Intersection related,01 - Daylight,03 - P.D. only,03 - Rear end,Industrial Park
11082,PRINCE OF WALES DR @ WEST HUNT CLUB RD,367456.2258,5021891.917,-75.70060231,45.33417784,2016-12-13,18:35,03 - Snow,02 - Wet,01 - Traffic signal,02 - Intersection related,07 - Dark,03 - P.D. only,03 - Rear end,Industrial Park
11083,PRINCE OF WALES DR @ WEST HUNT CLUB RD,367459.5385,5021891.917,-75.70056005,45.33417754,2016-12-22,8:36,03 - Snow,04 - Slush,01 - Traffic signal,02 - Intersection related,01 - Daylight,03 - P.D. only,03 - Rear end,Industrial Park
11084,PRINCE OF WALES DR @ WEST HUNT CLUB RD,367459.5385,5021890.261,-75.70056026,45.33416264,2016-12-05,7:43,03 - Snow,06 - Ice,01 - Traffic signal,02 - Intersection related,03 - Dawn,03 - P.D. only,03 - Rear end,Industrial Park
11085,PRINCE OF WALES DR @ WINDING WAY N,367411.866,5017053.847,-75.70177958,45.29064954,2016-12-24,21:06,01 - Clear,01 - Dry,02 - Stop sign,02 - Intersection related,07 - Dark,03 - P.D. only,99 - Other,Greenbelt
11086,PRINCE OF WALES DR btwn 187 N OF MEADOWLANDS DR & MEADOWLANDS DR/HOG'S,367333.5627,5025804.764,-75.70167231,45.36939577,2016-10-28,8:03,03 - Snow,02 - Wet,10 - No control,04 - At/near private drive,03 - Dawn,02 - Non-fatal injury,02 - Angle,Carleton Heights - Rideauview
11087,PRINCE OF WALES DR btwn 187 N OF MEADOWLANDS DR & MEADOWLANDS DR/HOG'S,367332.6214,5025805.661,-75.70168421,45.36940393,2016-01-18,16:33,03 - Snow,04 - Slush,10 - No control,04 - At/near private drive,01 - Daylight,02 - Non-fatal injury,02 - Angle,Carleton Heights - Rideauview
11088,PRINCE OF WALES DR btwn 187 N OF MEADOWLANDS DR & MEADOWLANDS DR/HOG'S,367341.8421,5025790.733,-75.7015684,45.36926879,2016-02-12,21:38,01 - Clear,04 - Slush,10 - No control,01 - Non intersection,07 - Dark,03 - P.D. only,04 - Sideswipe,Carleton Heights - Rideauview
11089,PRINCE OF WALES DR btwn 187 N OF MEADOWLANDS DR & MEADOWLANDS DR/HOG'S,367314.7078,5025832.425,-75.70190949,45.36964634,2016-01-04,18:54,01 - Clear,06 - Ice,10 - No control,01 - Non intersection,07 - Dark,03 - P.D. only,04 - Sideswipe,Carleton Heights - Rideauview
11090,PRINCE OF WALES DR btwn 187 N OF MEADOWLANDS DR & MEADOWLANDS DR/HOG'S,367361.981,5025729.502,-75.70131907,45.36871605,2016-10-16,15:08,01 - Clear,01 - Dry,10 - No control,04 - At/near private drive,01 - Daylight,03 - P.D. only,03 - Rear end,Carleton Heights - Rideauview
11091,PRINCE OF WALES DR btwn 187 N OF MEADOWLANDS DR & MEADOWLANDS DR/HOG'S,367357.8402,5025743.166,-75.7013702,45.36883936,2016-12-17,20:50,03 - Snow,03 - Loose snow,10 - No control,01 - Non intersection,07 - Dark,03 - P.D. only,05 - Turning movement,Carleton Heights - Rideauview
11092,PRINCE OF WALES DR btwn BASELINE RD & TURN LANE,366881.706,5026472.717,-75.70735637,45.37544604,2016-02-25,18:09,03 - Snow,06 - Ice,10 - No control,01 - Non intersection,07 - Dark,03 - P.D. only,01 - Approaching,Civic Hospital - Experimental Farm - Central Park
11093,PRINCE OF WALES DR btwn BASELINE RD/HERON RD & GREEN VALLEY CRES,366902.7573,5026538.873,-75.7070793,45.37603943,2016-02-13,8:00,01 - Clear,05 - Packed snow,10 - No control,01 - Non intersection,01 - Daylight,03 - P.D. only,07 - SMV other,Civic Hospital - Experimental Farm - Central Park
11094,PRINCE OF WALES DR btwn BASELINE RD/HERON RD & GREEN VALLEY CRES,366983.082,5026687.121,-75.70603516,45.3773662,2016-01-29,11:24,01 - Clear,03 - Loose snow,10 - No control,01 - Non intersection,01 - Daylight,03 - P.D. only,05 - Turning movement,Civic Hospital - Experimental Farm - Central Park
11095,PRINCE OF WALES DR btwn BLAZER AVE & DEAKIN ST,367348.69,5021174.006,-75.70206489,45.32772779,2016-07-01,6:08,01 - Clear,01 - Dry,10 - No control,04 - At/near private drive,01 - Daylight,02 - Non-fatal injury,02 - Angle,Industrial Park
11096,PRINCE OF WALES DR btwn BLAZER AVE & DEAKIN ST,367349.3985,5021157.419,-75.70205794,45.32757848,2016-12-19,3:40,03 - Snow,04 - Slush,10 - No control,01 - Non intersection,07 - Dark,02 - Non-fatal injury,01 - Approaching,Industrial Park
11097,PRINCE OF WALES DR btwn BLAZER AVE & DEAKIN ST,367379.7183,5021476.917,-75.70163081,45.33045057,2016-09-10,13:41,01 - Clear,01 - Dry,10 - No control,04 - At/near private drive,01 - Daylight,03 - P.D. only,03 - Rear end,Industrial Park
11098,PRINCE OF WALES DR btwn BLAZER AVE & DEAKIN ST,367346.914,5021185.577,-75.70208608,45.32783206,2016-11-20,19:48,03 - Snow,05 - Packed snow,10 - No control,01 - Non intersection,07 - Dark,03 - P.D. only,03 - Rear end,Industrial Park
11099,PRINCE OF WALES DR btwn BLAZER AVE & DEAKIN ST,367346.4635,5021186.011,-75.70209177,45.32783601,2016-12-05,9:56,02 - Rain,03 - Loose snow,10 - No control,04 - At/near private drive,01 - Daylight,03 - P.D. only,02 - Angle,Industrial Park
11100,PRINCE OF WALES DR btwn BORDEN SIDE RD & NORMANDY CRES,367231.778,5024285.348,-75.70316356,45.35573348,2016-01-23,2:44,01 - Clear,01 - Dry,10 - No control,01 - Non intersection,07 - Dark,02 - Non-fatal injury,07 - SMV other,Carleton Heights - Rideauview
11101,PRINCE OF WALES DR btwn BORDEN SIDE RD & NORMANDY CRES,367199.1881,5024237.826,-75.70358547,45.35530878,2016-07-27,16:37,01 - Clear,01 - Dry,10 - No control,01 - Non intersection,01 - Daylight,02 - Non-fatal injury,03 - Rear end,Carleton Heights - Rideauview
11102,PRINCE OF WALES DR btwn BORDEN SIDE RD & NORMANDY CRES,367286.3918,5024356.357,-75.70245759,45.35636754,2016-06-28,15:25,01 - Clear,01 - Dry,10 - No control,04 - At/near private drive,01 - Daylight,03 - P.D. only,05 - Turning movement,Carleton Heights - Rideauview
11103,PRINCE OF WALES DR btwn COLONNADE RD & STEPHANIE AVE,367513.3856,5022824.23,-75.69975495,45.34256151,2016-08-07,10:09,01 - Clear,01 - Dry,10 - No control,01 - Non intersection,01 - Daylight,03 - P.D. only,99 - Other,Industrial Park
11104,PRINCE OF WALES DR btwn COLONNADE RD & STEPHANIE AVE,367489.7406,5022981.792,-75.70003667,45.34398133,2016-01-07,8:30,01 - Clear,02 - Wet,10 - No control,01 - Non intersection,01 - Daylight,03 - P.D. only,03 - Rear end,Industrial Park
11105,PRINCE OF WALES DR btwn COLONNADE RD & STEPHANIE AVE,367513.3772,5022840.969,-75.69975293,45.34271212,2016-04-23,16:02,01 - Clear,01 - Dry,10 - No control,01 - Non intersection,01 - Daylight,03 - P.D. only,03 - Rear end,Industrial Park
11106,PRINCE OF WALES DR btwn COLONNADE RD & STEPHANIE AVE,367410.4748,5023233.764,-75.70101616,45.34625561,2016-08-15,14:10,01 - Clear,01 - Dry,10 - No control,01 - Non intersection,01 - Daylight,03 - P.D. only,03 - Rear end,Industrial Park
11107,PRINCE OF WALES DR btwn CRESTWAY DR & WINDING WAY,367394.4826,5016830.238,-75.70202939,45.28863907,2016-02-17,22:22,01 - Clear,06 - Ice,10 - No control,01 - Non intersection,07 - Dark,02 - Non-fatal injury,01 - Approaching,Greenbelt
11108,PRINCE OF WALES DR btwn CRESTWAY DR & WINDING WAY,367392.8484,5016827.642,-75.70205055,45.28861586,2016-06-15,16:36,01 - Clear,01 - Dry,10 - No control,01 - Non intersection,01 - Daylight,02 - Non-fatal injury,03 - Rear end,Greenbelt
11109,PRINCE OF WALES DR btwn CRESTWAY DR & WINDING WAY,367373.6827,5016606.221,-75.70232278,45.28662524,2016-06-09,11:46,01 - Clear,01 - Dry,10 - No control,01 - Non intersection,01 - Daylight,03 - P.D. only,07 - SMV other,Greenbelt
11110,PRINCE OF WALES DR btwn FAIRPARK DR & WATERBRIDGE DR,367277.8186,5015514.785,-75.70368212,45.27681313,2016-01-29,11:07,03 - Snow,03 - Loose snow,10 - No control,01 - Non intersection,01 - Daylight,02 - Non-fatal injury,01 - Approaching,Greenbelt
11111,PRINCE OF WALES DR btwn FALLOWFIELD RD & AMBERWOOD CRES,367379.7772,5019362.887,-75.70189717,45.31142885,2016-03-24,18:20,04 - Freezing Rain,05 - Packed snow,10 - No control,01 - Non intersection,07 - Dark,02 - Non-fatal injury,01 - Approaching,Greenbelt
11112,PRINCE OF WALES DR btwn FALLOWFIELD RD & AMBERWOOD CRES,367390.7089,5019268.117,-75.70176974,45.31057515,2016-02-25,20:28,03 - Snow,03 - Loose snow,10 - No control,01 - Non intersection,07 - Dark,03 - P.D. only,07 - SMV other,Greenbelt
11113,PRINCE OF WALES DR btwn FALLOWFIELD RD & AMBERWOOD CRES,367459.6514,5020554.479,-75.70072788,45.32214349,2016-02-17,19:56,03 - Snow,03 - Loose snow,10 - No control,01 - Non intersection,07 - Dark,03 - P.D. only,03 - Rear end,Industrial Park
11114,PRINCE OF WALES DR btwn FALLOWFIELD RD & AMBERWOOD CRES,367487.2966,5020434.766,-75.70039044,45.32106386,2016-07-17,21:42,01 - Clear,01 - Dry,10 - No control,01 - Non intersection,07 - Dark,03 - P.D. only,03 - Rear end,Industrial Park