Record,Location,X,Y,lon,lat,Date,Time,Environment,Road_Surface,Traffic_Control,Collision_Location,Light,Collision_Classification,Impact_type,Neighborhood
11115,PRINCE OF WALES DR btwn FALLOWFIELD RD & AMBERWOOD CRES,367390.9449,5019266.538,-75.70176693,45.31056092,2016-09-30,16:10,01 - Clear,01 - Dry,10 - No control,01 - Non intersection,01 - Daylight,03 - P.D. only,03 - Rear end,Greenbelt
11116,PRINCE OF WALES DR btwn FISHER AVE & NE/OT BOUNDARY,367161.3783,5023952.942,-75.70410393,45.35274882,2016-03-15,12:16,01 - Clear,01 - Dry,10 - No control,04 - At/near private drive,01 - Daylight,02 - Non-fatal injury,02 - Angle,Borden Farm - Stewart Farm - Parkwood Hills - Fisher Glen
11117,PRINCE OF WALES DR btwn FISHER AVE & NE/OT BOUNDARY,367159.308,5023962.485,-75.70412915,45.35283487,2016-03-29,16:37,01 - Clear,01 - Dry,10 - No control,04 - At/near private drive,01 - Daylight,03 - P.D. only,05 - Turning movement,Borden Farm - Stewart Farm - Parkwood Hills - Fisher Glen
11118,PRINCE OF WALES DR btwn FOREST HILL AVE & BASELINE RD/HERON RD,366850.3773,5026348.257,-75.70777197,45.37432895,2016-05-26,11:00,01 - Clear,01 - Dry,10 - No control,01 - Non intersection,01 - Daylight,03 - P.D. only,03 - Rear end,Civic Hospital - Experimental Farm - Central Park
11119,PRINCE OF WALES DR btwn GREENBANK RD & BARNSDALE RD,366646.6962,5011512.123,-75.7122236,45.24085312,2016-10-11,19:30,01 - Clear,01 - Dry,10 - No control,04 - At/near private drive,07 - Dark,02 - Non-fatal injury,03 - Rear end,New Barrhaven
11120,PRINCE OF WALES DR btwn GREENBANK RD & BARNSDALE RD,366201.9592,5009749.049,-75.71810552,45.22502788,2016-12-12,17:32,03 - Snow,04 - Slush,10 - No control,01 - Non intersection,07 - Dark,03 - P.D. only,04 - Sideswipe,New Barrhaven
11121,PRINCE OF WALES DR btwn GREENBANK RD & PRINCE OF WALES DR,366316.5552,5009167.094,-75.7167183,45.21978143,2016-09-14,17:37,01 - Clear,01 - Dry,10 - No control,01 - Non intersection,01 - Daylight,03 - P.D. only,03 - Rear end,New Barrhaven
11122,PRINCE OF WALES DR btwn GREENBANK RD & PRINCE OF WALES DR,366364.953,5009024.562,-75.71611974,45.21849469,2016-11-04,16:47,01 - Clear,01 - Dry,10 - No control,01 - Non intersection,05 - Dusk,03 - P.D. only,03 - Rear end,New Barrhaven
11123,PRINCE OF WALES DR btwn HOLBORN AVE & RIDEAU GLEN DR,367452.6912,5017818.57,-75.70116256,45.29752679,2016-01-19,8:33,01 - Clear,01 - Dry,10 - No control,01 - Non intersection,01 - Daylight,02 - Non-fatal injury,05 - Turning movement,Greenbelt
11124,PRINCE OF WALES DR btwn HOLBORN AVE & RIDEAU GLEN DR,367454.4877,5017920.775,-75.70112674,45.29844626,2016-08-19,10:57,01 - Clear,01 - Dry,10 - No control,01 - Non intersection,01 - Daylight,02 - Non-fatal injury,01 - Approaching,Greenbelt
11125,PRINCE OF WALES DR btwn JOCKVALE RD & MAPLEHILL WAY,366730.6976,5012373.6,-75.71104644,45.24859729,2016-10-28,15:45,02 - Rain,02 - Wet,10 - No control,04 - At/near private drive,01 - Daylight,03 - P.D. only,03 - Rear end,New Barrhaven
11126,PRINCE OF WALES DR btwn LODGE RD & STRANDHERD DR,367158.9037,5014793.439,-75.70528822,45.27033307,2016-04-26,15:12,01 - Clear,01 - Dry,10 - No control,01 - Non intersection,01 - Daylight,03 - P.D. only,04 - Sideswipe,Greenbelt
11127,PRINCE OF WALES DR btwn MAPLEHILL WAY & LODGE RD,366920.2584,5013247.354,-75.7085226,45.25644259,2016-12-19,18:58,01 - Clear,02 - Wet,10 - No control,04 - At/near private drive,07 - Dark,02 - Non-fatal injury,05 - Turning movement,New Barrhaven
11128,PRINCE OF WALES DR btwn MAPLEHILL WAY & LODGE RD,366773.6722,5012694.897,-75.71045897,45.25148453,2016-04-26,15:16,01 - Clear,01 - Dry,10 - No control,01 - Non intersection,01 - Daylight,03 - P.D. only,04 - Sideswipe,New Barrhaven
11129,PRINCE OF WALES DR btwn MAPLEHILL WAY & LODGE RD,366914.9641,5013177.116,-75.70859882,45.25581106,2016-12-17,8:31,03 - Snow,03 - Loose snow,10 - No control,01 - Non intersection,01 - Daylight,03 - P.D. only,07 - SMV other,New Barrhaven
11130,PRINCE OF WALES DR btwn MEADOWLANDS DR & NESBITT PL,367383.4167,5025604.935,-75.70106123,45.36759331,2016-01-17,15:56,03 - Snow,02 - Wet,10 - No control,04 - At/near private drive,01 - Daylight,02 - Non-fatal injury,02 - Angle,Carleton Heights - Rideauview
11131,PRINCE OF WALES DR btwn MEADOWLANDS DR & NESBITT PL,367381.4601,5025603.677,-75.70108636,45.36758216,2016-02-25,12:14,03 - Snow,02 - Wet,10 - No control,04 - At/near private drive,01 - Daylight,03 - P.D. only,02 - Angle,Carleton Heights - Rideauview
11132,PRINCE OF WALES DR btwn MEADOWLANDS DR & NESBITT PL,367382.1191,5025608.456,-75.70107734,45.36762511,2016-08-16,15:24,02 - Rain,02 - Wet,10 - No control,04 - At/near private drive,01 - Daylight,03 - P.D. only,02 - Angle,Carleton Heights - Rideauview
11133,PRINCE OF WALES DR btwn MEADOWLANDS DR & NESBITT PL,367374.1874,5025669.606,-75.70117085,45.36817603,2016-04-28,19:13,01 - Clear,01 - Dry,10 - No control,04 - At/near private drive,01 - Daylight,03 - P.D. only,02 - Angle,Carleton Heights - Rideauview
11134,PRINCE OF WALES DR btwn NATIONAL CAPITAL COMM DRWY & HARTWELL LOCKS/54,366922.3608,5027904.283,-75.70665721,45.38832332,2016-06-29,19:47,01 - Clear,01 - Dry,10 - No control,01 - Non intersection,01 - Daylight,03 - P.D. only,03 - Rear end,Civic Hospital - Experimental Farm - Central Park
11135,PRINCE OF WALES DR btwn NATIONAL CAPITAL COMM DRWY & HARTWELL LOCKS/54,366990.834,5027347.581,-75.70585299,45.38330818,2016-06-23,23:26,01 - Clear,01 - Dry,10 - No control,01 - Non intersection,07 - Dark,03 - P.D. only,07 - SMV other,Civic Hospital - Experimental Farm - Central Park
11136,PRINCE OF WALES DR btwn NATIONAL CAPITAL COMM DRWY & HARTWELL LOCKS/54,366993.2239,5027340.061,-75.70582343,45.3832403,2016-08-18,16:56,01 - Clear,01 - Dry,10 - No control,01 - Non intersection,01 - Daylight,03 - P.D. only,03 - Rear end,Civic Hospital - Experimental Farm - Central Park
11137,PRINCE OF WALES DR btwn NAVY PRIV & PRESTON ST,366895.0935,5028767.559,-75.70689676,45.39609327,2016-05-12,7:31,01 - Clear,01 - Dry,10 - No control,04 - At/near private drive,01 - Daylight,02 - Non-fatal injury,05 - Turning movement,The Glebe
11138,PRINCE OF WALES DR btwn NORMANDY CRES & FALAISE RD (1),367477.1242,5024756.619,-75.69997267,45.35995198,2016-12-11,20:42,03 - Snow,02 - Wet,10 - No control,01 - Non intersection,07 - Dark,03 - P.D. only,01 - Approaching,Carleton Heights - Rideauview
11139,PRINCE OF WALES DR btwn RIDEAU GLEN DR & FALLOWFIELD RD,367401.7257,5019155.048,-75.70164354,45.30955679,2016-02-26,17:31,03 - Snow,04 - Slush,10 - No control,01 - Non intersection,07 - Dark,03 - P.D. only,01 - Approaching,Greenbelt
11140,PRINCE OF WALES DR btwn RIDEAU GLEN DR & FALLOWFIELD RD,367456.1267,5018298.066,-75.70105817,45.30184093,2016-09-24,10:50,01 - Clear,01 - Dry,10 - No control,04 - At/near private drive,01 - Daylight,03 - P.D. only,05 - Turning movement,Greenbelt
11141,PRINCE OF WALES DR btwn RIDEAU HEIGHTS LANE & STEPHANIE AVE,367509.2955,5022786.323,-75.69981194,45.34222079,2016-12-29,14:12,03 - Snow,03 - Loose snow,10 - No control,01 - Non intersection,01 - Daylight,03 - P.D. only,01 - Approaching,Industrial Park
11142,PRINCE OF WALES DR btwn RIDEAU SHORE CRT & COLONNADE RD,367389.9978,5023276.617,-75.70127203,45.34664302,2016-03-01,8:02,01 - Clear,02 - Wet,10 - No control,01 - Non intersection,01 - Daylight,03 - P.D. only,04 - Sideswipe,Industrial Park
11143,PRINCE OF WALES DR btwn RIDEAU SHORE CRT & COLONNADE RD,367370.3599,5023320.18,-75.70151709,45.34703674,2016-06-07,16:28,02 - Rain,02 - Wet,10 - No control,01 - Non intersection,01 - Daylight,03 - P.D. only,03 - Rear end,Industrial Park
11144,PRINCE OF WALES DR btwn SECOND LINE RD S & BANKFIELD RD,366418.5483,5008858.372,-75.71545796,45.21699462,2016-09-19,7:50,"07 - Fog, mist, smoke, dust",01 - Dry,10 - No control,01 - Non intersection,01 - Daylight,03 - P.D. only,07 - SMV other,Manotick
11145,PRINCE OF WALES DR btwn SIR JOHN A CARLING BLDG & NAVY PRIV,366822.5705,5028652.698,-75.7078374,45.39506621,2016-05-22,11:31,01 - Clear,01 - Dry,10 - No control,01 - Non intersection,01 - Daylight,02 - Non-fatal injury,03 - Rear end,Civic Hospital - Experimental Farm - Central Park
11146,PRINCE OF WALES DR btwn STRANDHERD DR & BARNSTONE DR,367177.7047,5014829.24,-75.70504414,45.27065354,2016-08-22,22:00,01 - Clear,01 - Dry,10 - No control,01 - Non intersection,07 - Dark,03 - P.D. only,04 - Sideswipe,Greenbelt
11147,PRINCE OF WALES DR btwn STRANDHERD DR & BARNSTONE DR,367231.1761,5014970.563,-75.70434499,45.27192041,2016-07-27,10:00,01 - Clear,01 - Dry,10 - No control,01 - Non intersection,01 - Daylight,03 - P.D. only,03 - Rear end,Greenbelt
11148,PRINCE OF WALES DR btwn STRATTON DR & THIRD LINE RD S,366839.1451,5001534.565,-75.71101418,45.15105752,2016-05-20,5:24,01 - Clear,01 - Dry,10 - No control,01 - Non intersection,03 - Dawn,03 - P.D. only,07 - SMV other,Manotick - North Gower
11149,PRINCE OF WALES DR btwn TURN LANE & BASELINE RD,366856.3948,5026366.449,-75.70769286,45.3744921,2016-12-28,9:26,01 - Clear,02 - Wet,10 - No control,01 - Non intersection,01 - Daylight,03 - P.D. only,04 - Sideswipe,Civic Hospital - Experimental Farm - Central Park
11150,PRINCE OF WALES DR btwn TURN LANE & FISHER AVE,367160.9402,5023921.384,-75.7041135,45.35246491,2016-01-12,8:32,01 - Clear,01 - Dry,10 - No control,01 - Non intersection,01 - Daylight,02 - Non-fatal injury,04 - Sideswipe,Borden Farm - Stewart Farm - Parkwood Hills - Fisher Glen
11151,PRINCE OF WALES DR btwn TURN LANE & FISHER AVE,367163.7503,5023883.42,-75.70408243,45.35212306,2016-08-18,16:24,02 - Rain,02 - Wet,10 - No control,01 - Non intersection,01 - Daylight,03 - P.D. only,03 - Rear end,Borden Farm - Stewart Farm - Parkwood Hills - Fisher Glen
11152,PRINCE OF WALES DR btwn TURN LANE & JAMES CRAIG ST,366374.7263,4999634.375,-75.71715395,45.13399995,2016-04-14,17:00,01 - Clear,01 - Dry,10 - No control,01 - Non intersection,01 - Daylight,03 - P.D. only,07 - SMV other,Manotick - North Gower
11153,PRINCE OF WALES DR btwn TURN LANE & RIDEAU SHORE CRT,367219.1984,5023658.908,-75.70340318,45.35009802,2016-01-14,15:16,01 - Clear,02 - Wet,10 - No control,01 - Non intersection,01 - Daylight,03 - P.D. only,03 - Rear end,Industrial Park
11154,PRINCE OF WALES DR btwn TURN LANE & WEST HUNT CLUB RD,367450.1483,5021809.176,-75.70069032,45.33343389,2016-12-03,21:22,01 - Clear,01 - Dry,10 - No control,04 - At/near private drive,07 - Dark,02 - Non-fatal injury,05 - Turning movement,Industrial Park
11155,PRINCE OF WALES DR btwn TURN LANE & WEST HUNT CLUB RD,367457.1735,5021877.233,-75.70059208,45.33404563,2016-11-07,9:17,01 - Clear,01 - Dry,10 - No control,01 - Non intersection,01 - Daylight,03 - P.D. only,03 - Rear end,Industrial Park
11156,PRINCE OF WALES DR btwn VILLA CRES & MARYLAND AVE,366923.1345,5026022.056,-75.70688416,45.37138742,2016-03-04,12:11,02 - Rain,02 - Wet,10 - No control,04 - At/near private drive,01 - Daylight,03 - P.D. only,04 - Sideswipe,Carleton Heights - Rideauview
11157,PRINCE OF WALES DR btwn WATERBRIDGE DR & CRESTWAY DR,367325.8638,5016049.651,-75.70300244,45.28162154,2016-09-24,15:30,01 - Clear,01 - Dry,10 - No control,01 - Non intersection,01 - Daylight,03 - P.D. only,99 - Other,Greenbelt
11158,PRINCE OF WALES DR btwn WELLSMERE CRT & RIDEAU HEIGHTS LANE,367389.1169,5022407.634,-75.70139321,45.33882415,2016-03-23,12:20,01 - Clear,01 - Dry,10 - No control,01 - Non intersection,01 - Daylight,03 - P.D. only,03 - Rear end,Industrial Park
11159,PRINCE OF WALES DR btwn WELLSMERE CRT & TURN LANE,367435.6721,5022091.926,-75.70083921,45.33597932,2016-01-20,18:00,01 - Clear,01 - Dry,10 - No control,01 - Non intersection,07 - Dark,03 - P.D. only,03 - Rear end,Industrial Park
11160,PRINCE OF WALES DR btwn WELLSMERE CRT & TURN LANE,367415.5745,5022179.671,-75.7010845,45.33677062,2016-05-11,17:09,01 - Clear,01 - Dry,10 - No control,01 - Non intersection,01 - Daylight,03 - P.D. only,03 - Rear end,Industrial Park
11161,PRINCE OF WALES DR btwn WEST HUNT CLUB RD & TURN LANE,367458.2558,5021957.412,-75.70056812,45.33476697,2016-08-08,16:09,01 - Clear,01 - Dry,10 - No control,01 - Non intersection,01 - Daylight,03 - P.D. only,04 - Sideswipe,Industrial Park
11162,PRINCE OF WALES DR btwn WILLIAM MCEWEN DR & CARSONBY RD W,365817.048,5005542.119,-75.72352172,45.18720707,2016-03-29,7:24,01 - Clear,01 - Dry,10 - No control,01 - Non intersection,01 - Daylight,03 - P.D. only,07 - SMV other,Manotick - North Gower
11163,PRINCE OF WALES DR btwn WINDING WAY & MERIVALE RD,367449.8968,5017526.453,-75.70123509,45.2948986,2016-10-26,16:16,01 - Clear,01 - Dry,10 - No control,01 - Non intersection,01 - Daylight,02 - Non-fatal injury,03 - Rear end,Greenbelt
11164,PRINCE OF WALES DR btwn WINDING WAY & MERIVALE RD,367449.4866,5017604.775,-75.70123042,45.29560337,2016-05-11,10:00,01 - Clear,01 - Dry,10 - No control,04 - At/near private drive,01 - Daylight,03 - P.D. only,03 - Rear end,Greenbelt
11165,PRINCE ST @ SUMMERVILLE AVE,365040.4795,5026545.201,-75.73085369,45.37625895,2016-02-05,16:39,01 - Clear,01 - Dry,02 - Stop sign,03 - At intersection,01 - Daylight,02 - Non-fatal injury,02 - Angle,Carlington
11166,PRINCESS AVE @ ROCKCLIFFE PKWY,368225.8339,5034329.92,-75.68918561,45.44602222,2016-07-07,8:30,01 - Clear,01 - Dry,11 - Roundabout,03 - At intersection,01 - Daylight,02 - Non-fatal injury,02 - Angle,Rockcliffe - Manor Park
11167,PRINCESS PATRICIA WAY @ QUEEN ELIZABETH DRWY,368968.6932,5029417.992,-75.68032998,45.40175869,2016-05-18,11:56,01 - Clear,01 - Dry,02 - Stop sign,02 - Intersection related,01 - Daylight,03 - P.D. only,03 - Rear end,The Glebe
11168,PRINCETON AVE btwn HILLCREST AVE & BROADVIEW AVE,362847.6455,5027442.744,-75.75874371,45.38452002,2016-03-08,15:20,01 - Clear,03 - Loose snow,10 - No control,01 - Non intersection,01 - Daylight,03 - P.D. only,04 - Sideswipe,Carlingwood - McKellar Park - Laurentien View
11169,ProposedCANYON WALK DR @ EARL ARMSTRONG RD,369396.1484,5015633.742,-75.67666999,45.27769206,2016-09-16,14:54,01 - Clear,01 - Dry,01 - Traffic signal,02 - Intersection related,01 - Daylight,03 - P.D. only,02 - Angle,Gloucester
11170,ProposedCANYON WALK DR @ EARL ARMSTRONG RD,369396.931,5015630.132,-75.67666049,45.27765951,2016-10-24,19:07,01 - Clear,01 - Dry,01 - Traffic signal,03 - At intersection,07 - Dark,03 - P.D. only,05 - Turning movement,Greenbelt
11171,ProposedCANYON WALK DR @ EARL ARMSTRONG RD,369397.0839,5015631.712,-75.67665833,45.27767371,2016-04-06,17:34,03 - Snow,03 - Loose snow,01 - Traffic signal,02 - Intersection related,01 - Daylight,03 - P.D. only,05 - Turning movement,Gloucester
11172,PROVENCE AVE btwn INNES RD & SCALA AVE,386123.7009,5037047.341,-75.45996969,45.46861781,2016-05-19,7:49,01 - Clear,01 - Dry,10 - No control,04 - At/near private drive,01 - Daylight,02 - Non-fatal injury,02 - Angle,Notting Hill
11173,PROVOST DR btwn HYDE ST & MARCEL ST,369441.437,5025249.204,-75.67483781,45.36420576,2016-06-20,16:28,01 - Clear,01 - Dry,10 - No control,01 - Non intersection,01 - Daylight,03 - P.D. only,06 - SMV unattended vehicle,Hunt Club Woods - Quintarra - Revelstoke - Riverside South P
11174,PUTMAN AVE @ SPRINGFIELD RD,369186.3095,5033909.594,-75.67696348,45.44215248,2016-05-31,16:16,01 - Clear,01 - Dry,02 - Stop sign,03 - At intersection,01 - Daylight,03 - P.D. only,02 - Angle,New Edinburgh
11175,QUEEN ELIZABETH DRWY @ QUEEN ELIZABETH PL,368584.089,5028843.829,-75.68531654,45.3966277,2016-02-12,15:49,01 - Clear,02 - Wet,02 - Stop sign,02 - Intersection related,01 - Daylight,03 - P.D. only,03 - Rear end,The Glebe
11176,QUEEN ELIZABETH DRWY @ TORRINGTON PL,367984.4861,5028613.333,-75.69300373,45.39460813,2016-09-01,11:49,01 - Clear,01 - Dry,02 - Stop sign,02 - Intersection related,01 - Daylight,02 - Non-fatal injury,07 - SMV other,The Glebe
11177,QUEEN ELIZABETH DRWY @ WAVERLEY ST,368874.9801,5031264.633,-75.68128689,45.41838272,2016-06-23,8:39,01 - Clear,01 - Dry,02 - Stop sign,02 - Intersection related,01 - Daylight,03 - P.D. only,03 - Rear end,Golden Triangle
11178,QUEEN ELIZABETH DRWY @ WAVERLEY ST,368874.9801,5031264.185,-75.68128695,45.41837869,2016-09-19,18:40,01 - Clear,01 - Dry,02 - Stop sign,02 - Intersection related,05 - Dusk,03 - P.D. only,05 - Turning movement,Golden Triangle
11179,QUEEN ELIZABETH DRWY btwn BRONSON AVE OVERPASS & LAKEVIEW TER,367709.4771,5028567.661,-75.69652164,45.39422195,2016-04-27,15:00,01 - Clear,01 - Dry,10 - No control,01 - Non intersection,01 - Daylight,03 - P.D. only,03 - Rear end,The Glebe
11180,QUEEN ELIZABETH DRWY btwn LAWRENCE FREIMAN LANE & TURN LANE,368137.5016,5031749.969,-75.69064662,45.42281676,2016-12-15,17:36,01 - Clear,06 - Ice,10 - No control,01 - Non intersection,07 - Dark,03 - P.D. only,03 - Rear end,Downtown
11181,QUEEN ELIZABETH DRWY btwn PRESTON ST & CRESCENT HGTS,367098.8094,5028958.076,-75.70427101,45.3977894,2016-04-06,16:47,03 - Snow,03 - Loose snow,10 - No control,01 - Non intersection,01 - Daylight,03 - P.D. only,03 - Rear end,The Glebe
11182,QUEEN ELIZABETH DRWY btwn QUEEN ELIZABETH DRWY TO WB & QUEEN ELIZABETH,368481.755,5028818.774,-75.6866267,45.39641158,2016-01-26,19:30,03 - Snow,02 - Wet,10 - No control,01 - Non intersection,07 - Dark,02 - Non-fatal injury,07 - SMV other,The Glebe
11183,QUEEN ELIZABETH DRWY btwn QUEEN ELIZABETH PL & FIFTH AVE,368967.268,5029406.756,-75.68034965,45.40165773,2016-10-13,10:45,02 - Rain,03 - Loose snow,10 - No control,01 - Non intersection,01 - Daylight,02 - Non-fatal injury,01 - Approaching,The Glebe
11184,QUEEN ELIZABETH DRWY btwn QUEEN ELIZABETH PL & FIFTH AVE,369006.5739,5029330.235,-75.67985758,45.40096561,2016-07-20,7:14,01 - Clear,01 - Dry,10 - No control,01 - Non intersection,01 - Daylight,02 - Non-fatal injury,01 - Approaching,Old Ottawa East
11185,QUEEN ELIZABETH DRWY btwn QUEEN ELIZABETH PL & FIFTH AVE,368849.0573,5029629.704,-75.68183052,45.40367456,2016-10-16,17:14,01 - Clear,00 - Unknown,10 - No control,01 - Non intersection,05 - Dusk,02 - Non-fatal injury,07 - SMV other,The Glebe
11186,QUEEN ELIZABETH DRWY btwn QUEEN ELIZABETH PL & FIFTH AVE,368644.5204,5028859.295,-75.68454275,45.39676135,2016-07-24,0:23,01 - Clear,01 - Dry,10 - No control,01 - Non intersection,07 - Dark,02 - Non-fatal injury,07 - SMV other,The Glebe
11187,QUEEN ELIZABETH DRWY btwn TO BE DETERMINED & QUEEN ELIZABETH PL,368578.8994,5028841.805,-75.68538308,45.39660997,2016-10-04,23:45,01 - Clear,01 - Dry,10 - No control,01 - Non intersection,07 - Dark,03 - P.D. only,07 - SMV other,The Glebe
11188,QUEEN ELIZABETH DRWY EB btwn BRONSON AVE OVERPASS & TORRINGTON PL (1),367766.1128,5028578.957,-75.69579692,45.3943185,2016-11-02,18:11,01 - Clear,01 - Dry,10 - No control,01 - Non intersection,07 - Dark,03 - P.D. only,03 - Rear end,The Glebe
11189,QUEEN ELIZABETH PL @ WILTON CRES,368549.7531,5028948.475,-75.68574153,45.3975724,2016-11-13,13:38,01 - Clear,01 - Dry,02 - Stop sign,03 - At intersection,01 - Daylight,02 - Non-fatal injury,05 - Turning movement,The Glebe
11190,QUEEN MARY ST @ ISIDORE ST,371673.3033,5032103.657,-75.64542156,45.42567002,2016-07-31,16:24,01 - Clear,01 - Dry,02 - Stop sign,03 - At intersection,01 - Daylight,03 - P.D. only,02 - Angle,Overbrook
11191,QUEEN MARY ST @ NORTH RIVER RD,370078.5572,5031924.491,-75.66582247,45.4242086,2016-12-18,18:47,01 - Clear,03 - Loose snow,02 - Stop sign,03 - At intersection,07 - Dark,02 - Non-fatal injury,07 - SMV other,Overbrook
11192,QUEEN MARY ST @ VANIER PKWY,370363.7105,5031957.171,-75.66217461,45.42447598,2016-09-05,18:35,01 - Clear,01 - Dry,01 - Traffic signal,02 - Intersection related,01 - Daylight,02 - Non-fatal injury,99 - Other,Overbrook
11193,QUEEN MARY ST @ VANIER PKWY,370365.3668,5031956.343,-75.66215356,45.42446837,2016-12-21,7:14,01 - Clear,02 - Wet,01 - Traffic signal,02 - Intersection related,03 - Dawn,03 - P.D. only,03 - Rear end,Overbrook
11194,QUEEN MARY ST @ VERA ST,370522.4938,5031972.918,-75.66014367,45.42460276,2016-01-21,16:43,01 - Clear,01 - Dry,02 - Stop sign,03 - At intersection,05 - Dusk,03 - P.D. only,02 - Angle,Overbrook
11195,QUEEN MARY ST btwn BERNARD ST & ALESTHER ST,372085.9214,5032149.887,-75.64014296,45.42604641,2016-02-28,21:00,04 - Freezing Rain,06 - Ice,10 - No control,01 - Non intersection,07 - Dark,03 - P.D. only,06 - SMV unattended vehicle,Overbrook
11196,QUEEN MARY ST btwn FRANCES ST & ISIDORE ST,371655.3159,5032102.216,-75.64565159,45.42565877,2016-04-19,0:00,02 - Rain,02 - Wet,10 - No control,01 - Non intersection,00 - Unknown,03 - P.D. only,06 - SMV unattended vehicle,Overbrook
11197,QUEEN MARY ST btwn LOLA ST & NAUGHTON ST,371228.1844,5032056.398,-75.6511155,45.42528722,2016-03-26,10:50,01 - Clear,06 - Ice,10 - No control,04 - At/near private drive,01 - Daylight,03 - P.D. only,02 - Angle,Overbrook
11198,QUEEN MARY ST btwn NAUGHTON ST & FRANCES ST,371393.0678,5032074.152,-75.6490063,45.42543128,2016-01-02,16:30,01 - Clear,05 - Packed snow,10 - No control,01 - Non intersection,05 - Dusk,03 - P.D. only,06 - SMV unattended vehicle,Overbrook
11199,QUEEN MARY ST btwn QUILL ST & EDITH AVE,370896.5388,5032018.364,-75.65535824,45.42497642,2016-02-16,23:23,03 - Snow,05 - Packed snow,10 - No control,01 - Non intersection,07 - Dark,03 - P.D. only,06 - SMV unattended vehicle,Overbrook
11200,QUEEN MARY ST btwn VANIER PKWY & VERA ST,370491.1062,5031970.888,-75.66054499,45.42458744,2016-06-27,18:31,01 - Clear,01 - Dry,10 - No control,01 - Non intersection,01 - Daylight,03 - P.D. only,06 - SMV unattended vehicle,Overbrook
11201,QUEEN ST @ LYON ST,367018.3385,5031287.688,-75.70500474,45.41875773,2016-02-19,19:42,03 - Snow,03 - Loose snow,01 - Traffic signal,03 - At intersection,07 - Dark,02 - Non-fatal injury,02 - Angle,Downtown
11202,QUEEN ST @ LYON ST,367018.1682,5031288.384,-75.70500683,45.41876401,2016-07-26,3:26,01 - Clear,01 - Dry,01 - Traffic signal,03 - At intersection,07 - Dark,03 - P.D. only,03 - Rear end,Downtown
11203,QUEEN ST btwn BANK ST & O'CONNOR ST,367427.2621,5031543.243,-75.69974775,45.42102065,2016-10-18,18:00,01 - Clear,01 - Dry,10 - No control,01 - Non intersection,01 - Daylight,03 - P.D. only,04 - Sideswipe,Downtown
11204,QUEEN ST btwn LYON ST N & KENT ST,367162.3434,5031375.826,-75.70315374,45.41953795,2016-03-22,12:35,01 - Clear,01 - Dry,10 - No control,01 - Non intersection,01 - Daylight,03 - P.D. only,03 - Rear end,Downtown
11205,QUEEN ST btwn O'CONNOR ST & METCALFE ST,367523.1101,5031600.082,-75.69851588,45.42152348,2016-06-01,15:48,01 - Clear,01 - Dry,10 - No control,04 - At/near private drive,01 - Daylight,03 - P.D. only,05 - Turning movement,Downtown
11206,QUEEN VICTORIA ST btwn STANLEY AVE & RIVER LANE,368272.9812,5033692.511,-75.68866517,45.44028277,2016-02-22,9:00,01 - Clear,05 - Packed snow,10 - No control,01 - Non intersection,01 - Daylight,03 - P.D. only,06 - SMV unattended vehicle,New Edinburgh
11207,QUEENSBURY DR btwn GRENADIER WAY & WOODROFFE AVE,365665.8676,5016292.253,-75.72413016,45.28395014,2016-09-24,11:44,01 - Clear,01 - Dry,10 - No control,04 - At/near private drive,01 - Daylight,03 - P.D. only,02 - Angle,New Barrhaven
11208,QUEENSDALE AVE @ ALBION RD,372446.6766,5022922.32,-75.63679791,45.34298572,2016-11-18,1:24,"07 - Fog, mist, smoke, dust",02 - Wet,02 - Stop sign,03 - At intersection,07 - Dark,02 - Non-fatal injury,05 - Turning movement,Blossom Park - Blossom Park West - Sawmill Creek/ Timbermill
11209,QUEENSDALE AVE btwn BANK ST & SIXTH ST,373346.0611,5023450.513,-75.6252495,45.34765089,2016-06-09,14:58,01 - Clear,01 - Dry,10 - No control,04 - At/near private drive,01 - Daylight,03 - P.D. only,05 - Turning movement,Blossom Park - Blossom Park West - Sawmill Creek/ Timbermill
11210,QUEENSLINE DR btwn ESQUIMAULT AVE & QUALICUM ST,359709.4436,5022515.484,-75.79936227,45.34043767,2016-01-09,14:12,02 - Rain,02 - Wet,10 - No control,01 - Non intersection,01 - Daylight,03 - P.D. only,99 - Other,Qualicum - Redwood Park
11211,QUEENSTON DR btwn MOORE ST & REGAL CRES,357158.8367,5007032.429,-75.83353801,45.20131326,2016-09-27,2:00,02 - Rain,02 - Wet,10 - No control,01 - Non intersection,07 - Dark,03 - P.D. only,07 - SMV other,Richmond
11212,QUEENSVIEW DR btwn PINECREST RD & END,360477.1068,5023836.702,-75.78941901,45.35226547,2016-11-07,17:19,01 - Clear,01 - Dry,10 - No control,04 - At/near private drive,05 - Dusk,03 - P.D. only,05 - Turning movement,Whitehaven - Queensway Terrace North
11213,QUINN RD btwn GILLIGAN RD & ALBION RD,373373.3507,5019954.638,-75.62538559,45.31619357,2016-10-13,9:00,02 - Rain,02 - Wet,10 - No control,01 - Non intersection,01 - Daylight,03 - P.D. only,06 - SMV unattended vehicle,Greenbelt