Record,Location,X,Y,lon,lat,Date,Time,Environment,Road_Surface,Traffic_Control,Collision_Location,Light,Collision_Classification,Impact_type,Neighborhood
11214,QUINTON ST btwn JUNO AVE & LOUISIANA AVE,372085.2873,5027742.429,-75.64075253,45.38639006,2016-01-01,16:30,03 - Snow,03 - Loose snow,10 - No control,01 - Non intersection,05 - Dusk,03 - P.D. only,06 - SMV unattended vehicle,Playfair Park - Lynda Park - Guildwood Estates
11215,RADCLIFFE GT @ WEYBRIDGE DR,362112.889,5014897.648,-75.76957792,45.27170008,2016-01-02,22:51,01 - Clear,06 - Ice,02 - Stop sign,02 - Intersection related,07 - Dark,02 - Non-fatal injury,03 - Rear end,Barrhaven West - Old Barrhaven
11216,RAFTSMAN LANE btwn VOYAGEUR DR & VOYAGEUR DR,378951.6915,5037834.668,-75.55155881,45.47649983,2016-07-17,0:00,01 - Clear,01 - Dry,10 - No control,01 - Non intersection,00 - Unknown,03 - P.D. only,06 - SMV unattended vehicle,Orleans South West
11217,RAFTSMAN LANE W @ VOYAGEUR DR W,378973.3871,5037930.372,-75.55126689,45.4773586,2016-01-26,15:32,01 - Clear,02 - Wet,02 - Stop sign,03 - At intersection,01 - Daylight,03 - P.D. only,02 - Angle,Orleans South West
11218,RALSTON ST @ RANDALL AVE,370105.72,5027329.804,-75.66608389,45.38286476,2016-01-21,11:24,01 - Clear,02 - Wet,02 - Stop sign,03 - At intersection,01 - Daylight,02 - Non-fatal injury,07 - SMV other,Alta Vista
11219,RAMP btwn HIGHWAY 7 & HWY417 IC145 RAMP56,346075.7487,5014575.068,-75.97397917,45.26992157,2016-08-29,14:15,01 - Clear,01 - Dry,10 - No control,01 - Non intersection,01 - Daylight,03 - P.D. only,04 - Sideswipe,Stittsville - Basswood
11220,RAMSAYVILLE RD @ EIGHTH LINE RD,379533.1414,5021917.867,-75.54653512,45.33322906,2016-12-11,18:21,03 - Snow,03 - Loose snow,02 - Stop sign,02 - Intersection related,07 - Dark,03 - P.D. only,01 - Approaching,Greenbelt
11221,RAMSAYVILLE RD @ LEITRIM RD,378727.4483,5023873.73,-75.55652068,45.35091221,2016-05-14,9:49,01 - Clear,01 - Dry,02 - Stop sign,03 - At intersection,01 - Daylight,02 - Non-fatal injury,02 - Angle,Greenbelt
11222,RAMSAYVILLE RD @ LEITRIM RD,378729.4375,5023871.234,-75.55649567,45.35088954,2016-10-27,18:32,03 - Snow,02 - Wet,02 - Stop sign,02 - Intersection related,07 - Dark,02 - Non-fatal injury,01 - Approaching,Greenbelt
11223,RAMSAYVILLE RD @ LEITRIM RD,378726.7719,5023873.091,-75.55652941,45.35090653,2016-11-24,11:41,03 - Snow,05 - Packed snow,02 - Stop sign,02 - Intersection related,01 - Daylight,02 - Non-fatal injury,03 - Rear end,Greenbelt
11224,RAMSAYVILLE RD @ LEITRIM RD,378726.9959,5023874.177,-75.55652639,45.35091628,2016-03-22,7:31,01 - Clear,06 - Ice,02 - Stop sign,03 - At intersection,01 - Daylight,03 - P.D. only,02 - Angle,Greenbelt
11225,RAMSAYVILLE RD @ LEITRIM RD,378725.1156,5023874.747,-75.5565503,45.35092161,2016-09-13,8:35,01 - Clear,01 - Dry,02 - Stop sign,02 - Intersection related,01 - Daylight,03 - P.D. only,03 - Rear end,Greenbelt
11226,RAMSAYVILLE RD @ LOUISEIZE RD,379561.2333,5021841.347,-75.54618832,45.33253758,2016-08-09,0:44,01 - Clear,01 - Dry,02 - Stop sign,03 - At intersection,07 - Dark,03 - P.D. only,07 - SMV other,Greenbelt
11227,RAMSAYVILLE RD @ LOUISEIZE RD,379564.7681,5021851.178,-75.54614174,45.33262566,2016-02-04,16:07,01 - Clear,01 - Dry,02 - Stop sign,03 - At intersection,01 - Daylight,03 - P.D. only,05 - Turning movement,Greenbelt
11228,RAMSAYVILLE RD @ MITCH OWENS RD,381144.2228,5018036.852,-75.52658155,45.2981365,2016-10-13,10:07,02 - Rain,02 - Wet,02 - Stop sign,02 - Intersection related,01 - Daylight,02 - Non-fatal injury,05 - Turning movement,Metcalfe
11229,RAMSAYVILLE RD @ MITCH OWENS RD,381145.0109,5018038.691,-75.52657122,45.29815296,2016-01-20,7:37,01 - Clear,06 - Ice,02 - Stop sign,02 - Intersection related,03 - Dawn,03 - P.D. only,03 - Rear end,Metcalfe
11230,RAMSAYVILLE RD @ RIDEAU RD,380352.1209,5019957.257,-75.53638698,45.3155009,2016-10-11,16:31,01 - Clear,01 - Dry,02 - Stop sign,02 - Intersection related,01 - Daylight,03 - P.D. only,99 - Other,Greenbelt
11231,RAMSAYVILLE RD @ RIDEAU RD,380351.6818,5019957.696,-75.53639251,45.3155049,2016-12-07,7:30,02 - Rain,02 - Wet,02 - Stop sign,02 - Intersection related,03 - Dawn,03 - P.D. only,02 - Angle,Greenbelt
11232,RAMSAYVILLE RD @ RIDGE RD,376684.205,5028863.766,-75.58186736,45.39602236,2016-05-26,16:12,01 - Clear,01 - Dry,02 - Stop sign,03 - At intersection,01 - Daylight,03 - P.D. only,02 - Angle,Greenbelt
11233,RAMSAYVILLE RD @ RUSSELL RD N,377777.542,5026758.314,-75.56821599,45.37696563,2016-11-20,8:58,02 - Rain,02 - Wet,02 - Stop sign,03 - At intersection,01 - Daylight,03 - P.D. only,05 - Turning movement,Greenbelt
11234,RAMSAYVILLE RD @ WALKLEY EXTENSION RD,376463.6347,5029421.66,-75.58460315,45.40106459,2016-03-02,4:42,03 - Snow,03 - Loose snow,10 - No control,03 - At intersection,07 - Dark,03 - P.D. only,02 - Angle,Greenbelt
11235,RAMSAYVILLE RD btwn GENERATION CRT & RUSSELL RD,377832.5764,5026073.365,-75.56761468,45.3707971,2016-09-22,16:52,02 - Rain,02 - Wet,10 - No control,01 - Non intersection,01 - Daylight,02 - Non-fatal injury,04 - Sideswipe,Greenbelt
11236,RAMSAYVILLE RD btwn LEITRIM RD & EIGHTH LINE RD,378937.9148,5023360.833,-75.55391192,45.34627523,2016-07-14,4:20,01 - Clear,01 - Dry,10 - No control,01 - Non intersection,07 - Dark,03 - P.D. only,07 - SMV other,Greenbelt
11237,RAMSAYVILLE RD btwn LOUISEIZE RD & NINTH LINE RD,380218.1685,5020283.655,-75.53804551,45.31845205,2016-05-20,8:12,01 - Clear,01 - Dry,10 - No control,04 - At/near private drive,01 - Daylight,03 - P.D. only,02 - Angle,Greenbelt
11238,RAMSAYVILLE RD btwn LOUISEIZE RD & NINTH LINE RD,380265.8104,5020164.28,-75.53745611,45.31737286,2016-10-07,14:28,01 - Clear,01 - Dry,10 - No control,01 - Non intersection,01 - Daylight,03 - P.D. only,05 - Turning movement,Greenbelt
11239,RAMSAYVILLE RD btwn LOUISEIZE RD & NINTH LINE RD,379578.16,5021821.73,-75.54597536,45.33235928,2016-11-16,6:58,01 - Clear,01 - Dry,10 - No control,01 - Non intersection,03 - Dawn,03 - P.D. only,03 - Rear end,Greenbelt
11240,RAMSAYVILLE RD btwn LOUISEIZE RD & NINTH LINE RD,379985.9453,5020827.591,-75.54092451,45.323371,2016-12-13,17:01,01 - Clear,03 - Loose snow,10 - No control,01 - Non intersection,07 - Dark,03 - P.D. only,01 - Approaching,Greenbelt
11241,RAMSAYVILLE RD btwn LOUISEIZE RD & NINTH LINE RD,380167.2723,5020400.955,-75.53867675,45.31951292,2016-12-09,18:17,01 - Clear,01 - Dry,10 - No control,01 - Non intersection,07 - Dark,03 - P.D. only,07 - SMV other,Greenbelt
11242,RAMSAYVILLE RD btwn RIDGE RD & RUSSELL RD,377042.4983,5027924.065,-75.57742927,45.38753059,2016-05-10,1:35,01 - Clear,01 - Dry,10 - No control,01 - Non intersection,07 - Dark,03 - P.D. only,07 - SMV other,Greenbelt
11243,RAMSAYVILLE RD btwn RIDGE RD & RUSSELL RD,376723.7154,5028772.103,-75.58137614,45.39519357,2016-12-23,22:30,01 - Clear,02 - Wet,10 - No control,01 - Non intersection,07 - Dark,03 - P.D. only,07 - SMV other,Greenbelt
11244,RAMSAYVILLE RD btwn RUSSELL RD & RUSSELL RD,377902.9173,5026659.88,-75.56662997,45.3760669,2016-03-12,5:00,01 - Clear,01 - Dry,10 - No control,01 - Non intersection,07 - Dark,03 - P.D. only,07 - SMV other,Greenbelt
11245,RAMSAYVILLE RD btwn WALKLEY EXTENSION RD & RIDGE RD,376488.7612,5029363.821,-75.58429064,45.40054162,2016-12-27,2:52,02 - Rain,06 - Ice,10 - No control,01 - Non intersection,07 - Dark,03 - P.D. only,07 - SMV other,Greenbelt
11246,RAMSAYVILLE RD btwn WHYTE SIDE RD & LEITRIM RD,378464.5572,5024521.164,-75.55977884,45.35676513,2016-02-09,6:54,03 - Snow,03 - Loose snow,10 - No control,01 - Non intersection,03 - Dawn,03 - P.D. only,07 - SMV other,Greenbelt
11247,RAMSAYVILLE RD btwn WHYTE SIDE RD & LEITRIM RD,378707.6107,5023922.08,-75.55676659,45.35134933,2016-09-12,17:41,01 - Clear,01 - Dry,10 - No control,01 - Non intersection,01 - Daylight,03 - P.D. only,01 - Approaching,Greenbelt
11248,RAMSEY CRES btwn DUMAURIER AVE & DUMAURIER AVE,360121.4407,5023510.359,-75.79399437,45.34935719,2016-06-08,9:08,01 - Clear,01 - Dry,10 - No control,04 - At/near private drive,01 - Daylight,03 - P.D. only,02 - Angle,Whitehaven - Queensway Terrace North
11249,RAND AVE @ SOUTHMORE DR,369786.4986,5025426.397,-75.67041018,45.36576819,2016-05-16,15:26,01 - Clear,01 - Dry,03 - Yield sign,03 - At intersection,01 - Daylight,03 - P.D. only,02 - Angle,Hunt Club Woods - Quintarra - Revelstoke - Riverside South P
11250,RANGE RD @ SOMERSET ST,369609.4594,5032072.702,-75.67179681,45.42558577,2016-05-08,21:18,01 - Clear,01 - Dry,02 - Stop sign,03 - At intersection,07 - Dark,02 - Non-fatal injury,02 - Angle,Sandy Hill
11251,RANGE RD btwn LAURIER AVE E & OSGOODE ST,369402.96,5032413.797,-75.67439066,45.42867391,2016-10-05,17:20,01 - Clear,01 - Dry,10 - No control,01 - Non intersection,05 - Dusk,03 - P.D. only,03 - Rear end,Sandy Hill
11252,RANGE RD btwn LAURIER AVE E & OSGOODE ST,369394.0184,5032425.542,-75.67450338,45.42878041,2016-12-21,0:00,01 - Clear,01 - Dry,10 - No control,01 - Non intersection,00 - Unknown,03 - P.D. only,06 - SMV unattended vehicle,Sandy Hill
11253,RANGE RD btwn SOMERSET ST E & TEMPLETON ST,369694.6486,5031929.117,-75.67072721,45.42428595,2016-04-21,0:00,01 - Clear,01 - Dry,10 - No control,01 - Non intersection,00 - Unknown,03 - P.D. only,06 - SMV unattended vehicle,Sandy Hill
11254,RANGE RD btwn SOMERSET ST E & TEMPLETON ST,369694.8404,5031933.948,-75.67072412,45.4243294,2016-12-21,0:00,03 - Snow,03 - Loose snow,10 - No control,01 - Non intersection,00 - Unknown,03 - P.D. only,06 - SMV unattended vehicle,Sandy Hill
11255,RANGE RD btwn TEMPLETON ST & MANN AVE,369722.608,5031885.374,-75.67037573,45.42388977,2016-05-29,15:30,01 - Clear,01 - Dry,10 - No control,01 - Non intersection,01 - Daylight,03 - P.D. only,06 - SMV unattended vehicle,Sandy Hill
11256,RASTILA CRES btwn TAPIOLA CRES & TAPIOLA CRES,372102.2608,5025306.388,-75.64086778,45.36446986,2016-05-31,13:57,01 - Clear,01 - Dry,10 - No control,01 - Non intersection,01 - Daylight,03 - P.D. only,06 - SMV unattended vehicle,South Keys - Heron Gate - Greenboro West
11257,RAVEN AVE @ KIRKWOOD AVE,364690.5301,5026773.933,-75.73529367,45.37834704,2016-09-02,10:12,01 - Clear,01 - Dry,02 - Stop sign,03 - At intersection,01 - Daylight,03 - P.D. only,05 - Turning movement,Carlington
11258,RAVEN AVE @ KIRKWOOD AVE,364691.3567,5026773.764,-75.73528314,45.37834545,2016-02-09,19:20,03 - Snow,02 - Wet,02 - Stop sign,03 - At intersection,07 - Dark,03 - P.D. only,02 - Angle,Carlington
11259,RAVEN AVE @ KIRKWOOD AVE,364690.5185,5026773.137,-75.73529392,45.37833988,2016-03-14,12:36,02 - Rain,02 - Wet,02 - Stop sign,03 - At intersection,01 - Daylight,03 - P.D. only,02 - Angle,Carlington
11260,RAYMOND ST/HWY 417 ROCHEST IC121BR16 @ ROCHEST,366737.2692,5029618.663,-75.70880548,45.40376526,2016-04-27,6:45,01 - Clear,01 - Dry,01 - Traffic signal,03 - At intersection,01 - Daylight,03 - P.D. only,02 - Angle,Centretown West
11261,RAYMOND ST/HWY 417 ROCHEST IC121BR16 @ ROCHEST,366737.7542,5029618.736,-75.70879928,45.40376587,2016-12-16,9:21,01 - Clear,01 - Dry,01 - Traffic signal,03 - At intersection,01 - Daylight,03 - P.D. only,02 - Angle,Centretown West
11262,REGINA LANE @ RICHMOND RD,360808.6121,5025608.441,-75.78498771,45.3681811,2016-11-18,9:52,01 - Clear,01 - Dry,10 - No control,03 - At intersection,01 - Daylight,03 - P.D. only,02 - Angle,Woodroffe - Lincoln Heights
11263,REGINA ST btwn DON ST & CROYDON AVE,360360.1182,5025356.701,-75.7907411,45.36595165,2016-02-13,11:45,01 - Clear,06 - Ice,10 - No control,04 - At/near private drive,01 - Daylight,03 - P.D. only,03 - Rear end,Woodroffe - Lincoln Heights
11264,REGINA ST btwn POULIN AVE & DON ST,360258.9105,5025310.913,-75.79203812,45.36554766,2016-05-17,16:00,01 - Clear,01 - Dry,10 - No control,04 - At/near private drive,01 - Daylight,03 - P.D. only,06 - SMV unattended vehicle,Woodroffe - Lincoln Heights
11265,REGIONAL RD 174 @ EAST ST/PETER HARKNESS LANE,390420.1464,5042704.498,-75.4040464,45.51900065,2016-06-23,6:45,01 - Clear,01 - Dry,02 - Stop sign,02 - Intersection related,01 - Daylight,02 - Non-fatal injury,03 - Rear end,Cumberland - Estates
11266,REGIONAL RD 174 @ TRIM RD,384350.9854,5039991.159,-75.48216005,45.49530762,2016-02-21,12:56,01 - Clear,01 - Dry,01 - Traffic signal,02 - Intersection related,01 - Daylight,02 - Non-fatal injury,03 - Rear end,Cumberland - Estates
11267,REGIONAL RD 174 @ TRIM RD,384352.1913,5039989.85,-75.48214484,45.4952957,2016-06-28,10:14,01 - Clear,01 - Dry,01 - Traffic signal,02 - Intersection related,01 - Daylight,02 - Non-fatal injury,03 - Rear end,Chatelaine Village
11268,REGIONAL RD 174 @ TRIM RD,384352.5275,5039991.24,-75.48214031,45.49530817,2016-05-14,20:00,02 - Rain,02 - Wet,01 - Traffic signal,02 - Intersection related,01 - Daylight,02 - Non-fatal injury,03 - Rear end,Cumberland - Estates
11269,REGIONAL RD 174 @ TRIM RD,384352.1727,5039991.159,-75.48214487,45.49530748,2016-02-05,15:15,01 - Clear,01 - Dry,01 - Traffic signal,02 - Intersection related,01 - Daylight,03 - P.D. only,03 - Rear end,Cumberland - Estates
11270,REGIONAL RD 174 @ TRIM RD,384350.9854,5039989.378,-75.48216034,45.49529159,2016-02-08,16:15,01 - Clear,02 - Wet,01 - Traffic signal,02 - Intersection related,01 - Daylight,03 - P.D. only,03 - Rear end,Chatelaine Village
11271,REGIONAL RD 174 @ TRIM RD,384352.0753,5039990.563,-75.48214621,45.49530213,2016-02-22,16:20,01 - Clear,01 - Dry,01 - Traffic signal,02 - Intersection related,01 - Daylight,03 - P.D. only,03 - Rear end,Cumberland - Estates
11272,REGIONAL RD 174 @ TRIM RD,384351.7894,5039989.961,-75.48214996,45.49529675,2016-10-27,7:05,01 - Clear,01 - Dry,01 - Traffic signal,02 - Intersection related,01 - Daylight,03 - P.D. only,03 - Rear end,Chatelaine Village
11273,REGIONAL RD 174 @ TRIM RD,384351.8533,5039989.965,-75.48214914,45.49529678,2016-01-04,14:50,01 - Clear,01 - Dry,01 - Traffic signal,02 - Intersection related,01 - Daylight,03 - P.D. only,03 - Rear end,Chatelaine Village
11274,REGIONAL RD 174 @ TRIM RD,384350.7556,5039991.438,-75.48216295,45.49531015,2016-01-20,15:15,01 - Clear,01 - Dry,01 - Traffic signal,02 - Intersection related,01 - Daylight,03 - P.D. only,03 - Rear end,Chatelaine Village
11275,REGIONAL RD 174 @ TRIM RD,384351.984,5039989.891,-75.48214748,45.49529609,2016-06-21,7:20,01 - Clear,01 - Dry,01 - Traffic signal,02 - Intersection related,01 - Daylight,03 - P.D. only,03 - Rear end,Chatelaine Village
11276,REGIONAL RD 174 @ TRIM RD,384354.7175,5039990.63,-75.4821124,45.49530243,2016-12-09,17:22,01 - Clear,01 - Dry,01 - Traffic signal,02 - Intersection related,07 - Dark,03 - P.D. only,03 - Rear end,Cumberland - Estates
11277,REGIONAL RD 174 EB @ OR174 IC109 RAMP54,376386.252,5034800.076,-75.58480981,45.44946429,2016-11-29,19:35,01 - Clear,01 - Dry,10 - No control,02 - Intersection related,07 - Dark,02 - Non-fatal injury,03 - Rear end,Greenbelt
11278,REGIONAL RD 174 EB btwn REGIONAL RD 174 & TRIM RD,384377.2134,5039980.747,-75.48182621,45.49521095,2016-07-04,15:32,01 - Clear,01 - Dry,10 - No control,01 - Non intersection,01 - Daylight,03 - P.D. only,99 - Other,Cumberland - Estates
11279,REGIONAL RD 174 EB btwn REGIONAL RD 174 & TRIM RD,384391.8184,5039992.227,-75.48163751,45.49531257,2016-04-07,16:01,01 - Clear,01 - Dry,10 - No control,01 - Non intersection,01 - Daylight,03 - P.D. only,99 - Other,Cumberland - Estates
11280,REGIONAL RD 174 EB btwn REGIONAL RD 174 & TRIM RD,384401.8149,5039997.439,-75.48150879,45.49535832,2016-11-01,18:20,02 - Rain,02 - Wet,10 - No control,01 - Non intersection,07 - Dark,03 - P.D. only,03 - Rear end,Cumberland - Estates
11281,REGIONAL ROAD 174 btwn CAMERON ST & WEST ST,389990.3202,5042637.361,-75.40955892,45.51844928,2016-09-06,7:16,01 - Clear,01 - Dry,10 - No control,01 - Non intersection,01 - Daylight,03 - P.D. only,03 - Rear end,Cumberland - Estates
11282,REGIONAL ROAD 174 btwn CANAAN RD & END,395843.8657,5043440.466,-75.33449911,45.5249347,2016-10-29,22:36,01 - Clear,01 - Dry,10 - No control,01 - Non intersection,07 - Dark,03 - P.D. only,07 - SMV other,Clarence-Rockland
11283,REGIONAL ROAD 174 btwn Continuation of REGIONAL ROAD 174 & OR174 IC112,373978.827,5032228.2,-75.61594509,45.42656638,2016-08-12,16:10,02 - Rain,02 - Wet,10 - No control,01 - Non intersection,01 - Daylight,02 - Non-fatal injury,04 - Sideswipe,Industrial Park
11284,REGIONAL ROAD 174 btwn Continuation of REGIONAL ROAD 174 & OR174 IC112,374071.5506,5032294.704,-75.61475094,45.42715557,2016-01-12,7:58,01 - Clear,01 - Dry,10 - No control,01 - Non intersection,01 - Daylight,02 - Non-fatal injury,03 - Rear end,Industrial Park
11285,REGIONAL ROAD 174 btwn Continuation of REGIONAL ROAD 174 & OR174 IC112,374277.0908,5032457.417,-75.61210162,45.42859919,2016-08-18,15:43,01 - Clear,01 - Dry,10 - No control,01 - Non intersection,01 - Daylight,02 - Non-fatal injury,03 - Rear end,Industrial Park
11286,REGIONAL ROAD 174 btwn Continuation of REGIONAL ROAD 174 & OR174 IC112,374440.5675,5032578.829,-75.60999552,45.42967533,2016-10-06,16:13,01 - Clear,01 - Dry,10 - No control,01 - Non intersection,01 - Daylight,02 - Non-fatal injury,03 - Rear end,Industrial Park
11287,REGIONAL ROAD 174 btwn Continuation of REGIONAL ROAD 174 & OR174 IC112,374120.8034,5032335.111,-75.61411591,45.42751425,2016-12-18,11:53,03 - Snow,03 - Loose snow,10 - No control,01 - Non intersection,01 - Daylight,02 - Non-fatal injury,99 - Other,Industrial Park
11288,REGIONAL ROAD 174 btwn Continuation of REGIONAL ROAD 174 & OR174 IC112,374079.0054,5032303.255,-75.61465448,45.42723177,2016-07-06,9:50,01 - Clear,01 - Dry,10 - No control,01 - Non intersection,01 - Daylight,02 - Non-fatal injury,03 - Rear end,Industrial Park
11289,REGIONAL ROAD 174 btwn Continuation of REGIONAL ROAD 174 & OR174 IC112,374384.2639,5032533.342,-75.61072142,45.42927167,2016-10-18,7:56,01 - Clear,02 - Wet,10 - No control,01 - Non intersection,01 - Daylight,03 - P.D. only,03 - Rear end,Pineview
11290,REGIONAL ROAD 174 btwn Continuation of REGIONAL ROAD 174 & OR174 IC112,373979.4184,5032226.032,-75.61593784,45.42654681,2016-01-06,15:55,01 - Clear,01 - Dry,10 - No control,01 - Non intersection,01 - Daylight,03 - P.D. only,04 - Sideswipe,Industrial Park
11291,REGIONAL ROAD 174 btwn Continuation of REGIONAL ROAD 174 & OR174 IC112,374507.7487,5032626.232,-75.60913034,45.43009514,2016-09-12,8:59,01 - Clear,01 - Dry,10 - No control,01 - Non intersection,01 - Daylight,03 - P.D. only,03 - Rear end,Industrial Park
11292,REGIONAL ROAD 174 btwn Continuation of REGIONAL ROAD 174 & OR174 IC112,374121.5024,5032340.148,-75.61410627,45.4275595,2016-09-07,6:58,01 - Clear,01 - Dry,10 - No control,01 - Non intersection,01 - Daylight,03 - P.D. only,03 - Rear end,Industrial Park
11293,REGIONAL ROAD 174 btwn Continuation of REGIONAL ROAD 174 & OR174 IC112,374439.1284,5032577.435,-75.6100141,45.42966293,2016-09-07,8:25,01 - Clear,01 - Dry,10 - No control,01 - Non intersection,01 - Daylight,03 - P.D. only,03 - Rear end,Industrial Park
11294,REGIONAL ROAD 174 btwn Continuation of REGIONAL ROAD 174 & OR174 IC112,374442.2637,5032579.634,-75.60997373,45.4296824,2016-10-03,16:28,01 - Clear,01 - Dry,10 - No control,01 - Non intersection,01 - Daylight,03 - P.D. only,03 - Rear end,Industrial Park
11295,REGIONAL ROAD 174 btwn Continuation of REGIONAL ROAD 174 & OR174 IC112,374122.7999,5032336.938,-75.61409014,45.42753049,2016-10-27,7:17,01 - Clear,01 - Dry,10 - No control,01 - Non intersection,01 - Daylight,03 - P.D. only,03 - Rear end,Industrial Park
11296,REGIONAL ROAD 174 btwn Continuation of REGIONAL ROAD 174 & OR174 IC112,374358.1268,5032514.142,-75.61105812,45.42910152,2016-11-19,20:11,01 - Clear,01 - Dry,10 - No control,01 - Non intersection,07 - Dark,03 - P.D. only,07 - SMV other,Industrial Park
11297,REGIONAL ROAD 174 btwn EAST ST & EAST SHORE RD,390517.1131,5042719.877,-75.40280275,45.5191271,2016-08-09,21:12,01 - Clear,01 - Dry,10 - No control,01 - Non intersection,07 - Dark,03 - P.D. only,04 - Sideswipe,Cumberland - Estates
11298,REGIONAL ROAD 174 btwn FAUBERT ST & EAST ST,390319.8712,5042690.438,-75.40533216,45.51888646,2016-11-18,13:50,01 - Clear,01 - Dry,10 - No control,01 - Non intersection,01 - Daylight,03 - P.D. only,03 - Rear end,Cumberland - Estates
11299,REGIONAL ROAD 174 btwn HIGHWAY 417 & HWY417 IC113 RAMP65,373337.1536,5031735.12,-75.62421285,45.42219306,2016-09-10,14:15,01 - Clear,01 - Dry,10 - No control,01 - Non intersection,01 - Daylight,02 - Non-fatal injury,03 - Rear end,Pineview
11300,REGIONAL ROAD 174 btwn HIGHWAY 417 & HWY417 IC113 RAMP65,373304.1497,5031719.155,-75.62463675,45.42205265,2016-01-09,4:26,03 - Snow,03 - Loose snow,10 - No control,01 - Non intersection,07 - Dark,03 - P.D. only,07 - SMV other,Industrial Park
11301,REGIONAL ROAD 174 btwn HIGHWAY 417 & HWY417 IC113 RAMP65,373592.8413,5031824.19,-75.62093354,45.42296937,2016-03-12,19:31,01 - Clear,01 - Dry,10 - No control,01 - Non intersection,07 - Dark,03 - P.D. only,03 - Rear end,Pineview
11302,REGIONAL ROAD 174 btwn HIGHWAY 417 & HWY417 IC113 RAMP65,373345.6068,5031743.786,-75.62410364,45.4222702,2016-09-06,15:40,01 - Clear,01 - Dry,10 - No control,01 - Non intersection,01 - Daylight,03 - P.D. only,04 - Sideswipe,Pineview
11303,REGIONAL ROAD 174 btwn HIGHWAY 417 & HWY417 IC113 RAMP65,373335.5817,5031738.561,-75.62423245,45.42222417,2016-12-15,6:28,01 - Clear,01 - Dry,10 - No control,01 - Non intersection,07 - Dark,03 - P.D. only,04 - Sideswipe,Pineview
11304,REGIONAL ROAD 174 btwn HIGHWAY 417 & HWY417 IC113 RAMP65,373320.0758,5031727.472,-75.62443211,45.42212592,2016-11-07,16:25,01 - Clear,01 - Dry,10 - No control,01 - Non intersection,05 - Dusk,03 - P.D. only,03 - Rear end,Pineview
11305,REGIONAL ROAD 174 btwn HIGHWAY 417 & HWY417 IC113 RAMP67,373285.3402,5031742.707,-75.6248738,45.4222664,2016-04-06,14:43,03 - Snow,04 - Slush,10 - No control,01 - Non intersection,01 - Daylight,03 - P.D. only,03 - Rear end,Industrial Park
11306,REGIONAL ROAD 174 btwn HWY417 IC113 RAMP67 & Continuation of REGIONAL ,373606.583,5031949.761,-75.62074043,45.42409784,2016-12-14,16:08,01 - Clear,01 - Dry,10 - No control,01 - Non intersection,05 - Dusk,03 - P.D. only,03 - Rear end,Industrial Park
11307,REGIONAL ROAD 174 btwn MCTEER RD & CANAAN RD,395674.1212,5043379.083,-75.33668303,45.52440462,2016-02-02,13:20,01 - Clear,01 - Dry,10 - No control,01 - Non intersection,01 - Daylight,03 - P.D. only,03 - Rear end,Cumberland - Estates
11308,REGIONAL ROAD 174 btwn MCTEER RD & CANAAN RD,395568.4549,5043340.638,-75.33804255,45.52407251,2016-12-14,23:20,03 - Snow,03 - Loose snow,10 - No control,01 - Non intersection,07 - Dark,03 - P.D. only,01 - Approaching,Cumberland - Estates
11309,REGIONAL ROAD 174 btwn MORIN RD & OLD MONTREAL RD,392434.2402,5042752.897,-75.37826189,45.51918584,2016-04-08,19:05,01 - Clear,01 - Dry,10 - No control,01 - Non intersection,07 - Dark,03 - P.D. only,03 - Rear end,Cumberland - Estates
11310,REGIONAL ROAD 174 btwn OLD MONTREAL RD & MCTEER RD,394805.7011,5043082.903,-75.34785216,45.52185268,2016-11-18,6:51,"07 - Fog, mist, smoke, dust",02 - Wet,10 - No control,01 - Non intersection,07 - Dark,03 - P.D. only,99 - Other,Cumberland - Estates
11311,REGIONAL ROAD 174 btwn OLD MONTREAL RD & MCTEER RD,394665.0227,5043046.735,-75.34965922,45.52154544,2016-12-13,4:37,01 - Clear,02 - Wet,10 - No control,01 - Non intersection,07 - Dark,03 - P.D. only,07 - SMV other,Cumberland - Estates
11312,REGIONAL ROAD 174 btwn OLD MONTREAL RD & OLD MONTREAL RD,393417.1421,5042795.102,-75.36567537,45.51944132,2016-02-16,9:01,03 - Snow,03 - Loose snow,10 - No control,01 - Non intersection,01 - Daylight,02 - Non-fatal injury,07 - SMV other,Cumberland - Estates
11313,REGIONAL ROAD 174 btwn OLD MONTREAL RD & OLD MONTREAL RD,394452.1083,5043001.104,-75.35239248,45.52116232,2016-05-10,23:15,01 - Clear,01 - Dry,10 - No control,01 - Non intersection,07 - Dark,02 - Non-fatal injury,04 - Sideswipe,Cumberland - Estates
11314,REGIONAL ROAD 174 btwn OLD MONTREAL RD & OLD MONTREAL RD,394528.8284,5043022.855,-75.35140663,45.52134814,2016-03-27,23:17,01 - Clear,01 - Dry,10 - No control,01 - Non intersection,07 - Dark,02 - Non-fatal injury,07 - SMV other,Cumberland - Estates
11315,REGIONAL ROAD 174 btwn OLD MONTREAL RD & OLD MONTREAL RD,393673.3758,5042841.89,-75.36238767,45.51982964,2016-11-17,21:45,01 - Clear,01 - Dry,10 - No control,01 - Non intersection,07 - Dark,02 - Non-fatal injury,07 - SMV other,Cumberland - Estates
11316,REGIONAL ROAD 174 btwn OLD MONTREAL RD & OLD MONTREAL RD,393552.3475,5042821.269,-75.3639403,45.51965953,2016-01-16,9:45,03 - Snow,03 - Loose snow,10 - No control,01 - Non intersection,01 - Daylight,03 - P.D. only,07 - SMV other,Cumberland - Estates