Record,Location,X,Y,lon,lat,Date,Time,Environment,Road_Surface,Traffic_Control,Collision_Location,Light,Collision_Classification,Impact_type,Neighborhood
11413,REGIONAL ROAD 174 btwn OR174 IC112 RAMP36 & OR174 IC112 RAMP26,374691.971,5032763.566,-75.60675676,45.43131241,2016-03-23,8:09,01 - Clear,02 - Wet,10 - No control,01 - Non intersection,01 - Daylight,03 - P.D. only,03 - Rear end,Pineview
11414,REGIONAL ROAD 174 btwn OR174 IC112 RAMP36 & OR174 IC112 RAMP26,374655.4131,5032736.12,-75.60722782,45.43106912,2016-07-15,16:31,02 - Rain,02 - Wet,10 - No control,01 - Non intersection,01 - Daylight,03 - P.D. only,03 - Rear end,Pineview
11415,REGIONAL ROAD 174 btwn OR174 IC112 RAMP36 & OR174 IC112 RAMP26,374690.2052,5032762.408,-75.60677949,45.43130217,2016-05-17,8:40,01 - Clear,01 - Dry,10 - No control,01 - Non intersection,01 - Daylight,03 - P.D. only,03 - Rear end,Industrial Park
11416,REGIONAL ROAD 174 btwn OR174 IC112 RAMP36 & OR174 IC112 RAMP26,374731.9596,5032794.098,-75.60624142,45.43158313,2016-08-18,7:15,01 - Clear,01 - Dry,10 - No control,01 - Non intersection,01 - Daylight,03 - P.D. only,04 - Sideswipe,Pineview
11417,REGIONAL ROAD 174 btwn OR174 IC112 RAMP36 & OR174 IC112 RAMP26,374694.1499,5032765.151,-75.60672869,45.43132646,2016-05-30,6:20,01 - Clear,01 - Dry,10 - No control,01 - Non intersection,01 - Daylight,03 - P.D. only,04 - Sideswipe,Pineview
11418,REGIONAL ROAD 174 btwn OR174 IC112 RAMP36 & OR174 IC112 RAMP26,374614.8555,5032704.618,-75.60775056,45.43078974,2016-12-02,13:10,01 - Clear,01 - Dry,10 - No control,01 - Non intersection,01 - Daylight,03 - P.D. only,07 - SMV other,Pineview
11419,REGIONAL ROAD 174 btwn OR174 IC112 RAMP51 & OR174 IC112 RAMP15,374873.1074,5032877.275,-75.60442588,45.43231738,2016-09-27,15:51,01 - Clear,01 - Dry,10 - No control,01 - Non intersection,01 - Daylight,02 - Non-fatal injury,07 - SMV other,Greenbelt
11420,REGIONAL ROAD 174 btwn OR174 IC112 RAMP51 & OR174 IC112 RAMP15,375102.495,5033054.422,-75.60146924,45.43388822,2016-01-27,21:40,01 - Clear,01 - Dry,10 - No control,01 - Non intersection,07 - Dark,03 - P.D. only,07 - SMV other,Greenbelt
11421,REGIONAL ROAD 174 btwn OR174 IC112 RAMP51 & OR174 IC112 RAMP15,375109.2323,5033059.553,-75.60138241,45.43393371,2016-09-05,8:41,01 - Clear,01 - Dry,10 - No control,01 - Non intersection,01 - Daylight,03 - P.D. only,04 - Sideswipe,Greenbelt
11422,REGIONAL ROAD 174 btwn OR174 IC112 RAMP51 & OR174 IC112 RAMP15,374869.5727,5032875.185,-75.60447135,45.43229893,2016-06-06,15:19,01 - Clear,01 - Dry,10 - No control,01 - Non intersection,01 - Daylight,03 - P.D. only,04 - Sideswipe,Greenbelt
11423,REGIONAL ROAD 174 btwn OR174 IC112 RAMP51 & OR174 IC112 RAMP15,375102.7727,5033054.727,-75.60146565,45.43389094,2016-07-21,10:34,01 - Clear,01 - Dry,10 - No control,01 - Non intersection,01 - Daylight,03 - P.D. only,04 - Sideswipe,Greenbelt
11424,REGIONAL ROAD 174 btwn OR174 IC112 RAMP51 & OR174 IC112 RAMP15,374946.888,5032932.81,-75.60347512,45.43280965,2016-09-28,18:53,01 - Clear,01 - Dry,10 - No control,01 - Non intersection,05 - Dusk,03 - P.D. only,07 - SMV other,Greenbelt
11425,REGIONAL ROAD 174 btwn OR174 IC112 RAMP51 & OR174 IC112 RAMP15,374965.9942,5032949.753,-75.60322855,45.43296018,2016-12-26,16:39,04 - Freezing Rain,06 - Ice,10 - No control,01 - Non intersection,05 - Dusk,03 - P.D. only,07 - SMV other,Greenbelt
11426,REGIONAL ROAD 174 btwn OR174 IC112 RAMP61 & TRANSIT,375194.6851,5033145.152,-75.60027814,45.43469529,2016-03-24,18:51,03 - Snow,06 - Ice,10 - No control,01 - Non intersection,07 - Dark,02 - Non-fatal injury,04 - Sideswipe,Greenbelt
11427,REGIONAL ROAD 174 btwn OR174 IC112 RAMP61 & TRANSIT,375197.1771,5033147.777,-75.60024592,45.43471865,2016-02-18,8:45,01 - Clear,01 - Dry,10 - No control,01 - Non intersection,01 - Daylight,03 - P.D. only,03 - Rear end,Greenbelt
11428,REGIONAL ROAD 174 btwn OR174 IC112 RAMP61 & TRANSIT,375194.4443,5033141.062,-75.6002818,45.43465851,2016-01-12,8:30,01 - Clear,02 - Wet,10 - No control,01 - Non intersection,01 - Daylight,03 - P.D. only,04 - Sideswipe,Greenbelt
11429,REGIONAL ROAD 174 btwn OR174 IC112 RAMP61 & TRANSIT,375181.5495,5033136.575,-75.60044723,45.43461944,2016-05-28,19:31,01 - Clear,01 - Dry,10 - No control,01 - Non intersection,01 - Daylight,03 - P.D. only,07 - SMV other,Beacon Hill South - Cardinal Heights
11430,REGIONAL ROAD 174 btwn OR174 IC112 RAMP61 & TRANSIT,375432.9496,5033323.751,-75.59720761,45.43627819,2016-03-24,16:50,04 - Freezing Rain,03 - Loose snow,10 - No control,01 - Non intersection,01 - Daylight,03 - P.D. only,04 - Sideswipe,Greenbelt
11431,REGIONAL ROAD 174 btwn QUIGLEY HILL RD & CAMERON ST,388767.9695,5042450.301,-75.42523433,45.51691461,2016-10-17,10:15,01 - Clear,01 - Dry,10 - No control,01 - Non intersection,01 - Daylight,03 - P.D. only,07 - SMV other,Cumberland - Estates
11432,REGIONAL ROAD 174 btwn QUIGLEY HILL RD & CAMERON ST,389837.4539,5042614.361,-75.41151925,45.51826102,2016-07-05,8:57,01 - Clear,01 - Dry,10 - No control,01 - Non intersection,01 - Daylight,03 - P.D. only,07 - SMV other,Cumberland - Estates
11433,REGIONAL ROAD 174 btwn QUIGLEY HILL RD & CAMERON ST,389612.8486,5042580.349,-75.41439956,45.51798237,2016-10-04,7:55,01 - Clear,01 - Dry,10 - No control,01 - Non intersection,01 - Daylight,03 - P.D. only,03 - Rear end,Cumberland - Estates
11434,REGIONAL ROAD 174 btwn QUIGLEY HILL RD & CAMERON ST,389370.5656,5042544.173,-75.41750646,45.51768633,2016-12-08,18:15,03 - Snow,03 - Loose snow,10 - No control,01 - Non intersection,07 - Dark,03 - P.D. only,03 - Rear end,Cumberland - Estates
11435,REGIONAL ROAD 174 btwn QUIGLEY HILL RD & REGIONAL ROAD 174 DIVIDED,386801.8618,5042237.716,-75.45043119,45.515236,2016-10-24,14:39,01 - Clear,01 - Dry,10 - No control,01 - Non intersection,01 - Daylight,01 - Fatal injury,05 - Turning movement,Cumberland - Estates
11436,REGIONAL ROAD 174 btwn QUIGLEY HILL RD & REGIONAL ROAD 174 DIVIDED,386417.3008,5042162.045,-75.45536509,45.51460031,2016-09-12,7:29,01 - Clear,01 - Dry,10 - No control,01 - Non intersection,01 - Daylight,02 - Non-fatal injury,03 - Rear end,Cumberland - Estates
11437,REGIONAL ROAD 174 btwn QUIGLEY HILL RD & REGIONAL ROAD 174 DIVIDED,388267.2902,5042388.523,-75.43165227,45.51641892,2016-10-14,22:09,01 - Clear,01 - Dry,10 - No control,01 - Non intersection,07 - Dark,02 - Non-fatal injury,07 - SMV other,Cumberland - Estates
11438,REGIONAL ROAD 174 btwn QUIGLEY HILL RD & REGIONAL ROAD 174 DIVIDED,385540.8033,5041567.65,-75.46667957,45.5093546,2016-03-31,8:53,03 - Snow,02 - Wet,10 - No control,01 - Non intersection,01 - Daylight,03 - P.D. only,07 - SMV other,Cumberland - Estates
11439,REGIONAL ROAD 174 btwn QUIGLEY HILL RD & REGIONAL ROAD 174 DIVIDED,388222.0191,5042389.289,-75.43223149,45.51643123,2016-05-26,12:46,01 - Clear,01 - Dry,10 - No control,01 - Non intersection,01 - Daylight,03 - P.D. only,04 - Sideswipe,Cumberland - Estates
11440,REGIONAL ROAD 174 btwn QUIGLEY HILL RD & REGIONAL ROAD 174 DIVIDED,386399.163,5042160.196,-75.45559751,45.51458579,2016-11-13,20:20,01 - Clear,01 - Dry,10 - No control,01 - Non intersection,07 - Dark,03 - P.D. only,03 - Rear end,Cumberland - Estates
11441,REGIONAL ROAD 174 btwn QUIGLEY HILL RD & REGIONAL ROAD 174 DIVIDED,384830.3065,5040821.197,-75.47589283,45.50272066,2016-12-07,22:14,01 - Clear,01 - Dry,10 - No control,01 - Non intersection,07 - Dark,03 - P.D. only,07 - SMV other,Cumberland - Estates
11442,REGIONAL ROAD 174 btwn RAMP & TRIM RD,384235.0469,5039883.921,-75.48366059,45.494356,2016-06-11,17:23,01 - Clear,01 - Dry,10 - No control,01 - Non intersection,01 - Daylight,02 - Non-fatal injury,03 - Rear end,Chatelaine Village
11443,REGIONAL ROAD 174 btwn RAMP & TRIM RD,384342.2503,5039957.34,-75.48227728,45.49500434,2016-04-08,18:35,03 - Snow,02 - Wet,10 - No control,01 - Non intersection,01 - Daylight,03 - P.D. only,03 - Rear end,Chatelaine Village
11444,REGIONAL ROAD 174 btwn TRANSIT & OR174 IC105 RAMP51,378534.7879,5036509.322,-75.55708937,45.4646195,2016-05-22,3:03,01 - Clear,01 - Dry,10 - No control,01 - Non intersection,07 - Dark,02 - Non-fatal injury,03 - Rear end,Greenbelt
11445,REGIONAL ROAD 174 btwn TRANSIT & OR174 IC105 RAMP51,377254.5758,5035788.971,-75.57356455,45.45827223,2016-02-06,9:44,03 - Snow,02 - Wet,10 - No control,01 - Non intersection,01 - Daylight,02 - Non-fatal injury,07 - SMV other,Greenbelt
11446,REGIONAL ROAD 174 btwn TRANSIT & OR174 IC105 RAMP51,377177.4781,5035747.877,-75.57455627,45.45791049,2016-05-11,12:55,01 - Clear,01 - Dry,10 - No control,01 - Non intersection,01 - Daylight,02 - Non-fatal injury,03 - Rear end,Greenbelt
11447,REGIONAL ROAD 174 btwn TRANSIT & OR174 IC105 RAMP51,378578.5748,5036532.504,-75.55652603,45.46482345,2016-05-11,12:37,01 - Clear,01 - Dry,10 - No control,01 - Non intersection,01 - Daylight,02 - Non-fatal injury,04 - Sideswipe,Greenbelt
11448,REGIONAL ROAD 174 btwn TRANSIT & OR174 IC105 RAMP51,377094.0851,5035696.826,-75.57562993,45.4574598,2016-12-31,13:32,03 - Snow,03 - Loose snow,10 - No control,01 - Non intersection,01 - Daylight,03 - P.D. only,07 - SMV other,Greenbelt
11449,REGIONAL ROAD 174 btwn TRANSIT & OR174 IC109 RAMP54,375864.4149,5033723.546,-75.59163583,45.43983159,2016-11-09,18:47,01 - Clear,01 - Dry,10 - No control,01 - Non intersection,07 - Dark,02 - Non-fatal injury,03 - Rear end,Greenbelt
11450,REGIONAL ROAD 174 btwn TRANSIT & OR174 IC109 RAMP54,376365.8293,5034752.921,-75.58507773,45.44904211,2016-02-17,17:03,03 - Snow,05 - Packed snow,10 - No control,01 - Non intersection,01 - Daylight,03 - P.D. only,03 - Rear end,Greenbelt
11451,REGIONAL ROAD 174 btwn TRANSIT & OR174 IC109 RAMP54,375662.9516,5033494.861,-75.59424359,45.43779447,2016-01-21,11:32,03 - Snow,03 - Loose snow,10 - No control,01 - Non intersection,01 - Daylight,03 - P.D. only,07 - SMV other,Greenbelt
11452,REGIONAL ROAD 174 btwn TRANSIT & OR174 IC109 RAMP54,376077.185,5034117.454,-75.58885944,45.44335407,2016-04-18,19:15,02 - Rain,02 - Wet,10 - No control,01 - Non intersection,01 - Daylight,03 - P.D. only,07 - SMV other,Greenbelt
11453,REGIONAL ROAD 174 btwn TRANSIT & OR174 IC109 RAMP54,376384.3987,5034794.266,-75.58483434,45.44941221,2016-09-26,16:32,02 - Rain,02 - Wet,10 - No control,01 - Non intersection,01 - Daylight,03 - P.D. only,04 - Sideswipe,Greenbelt
11454,REGIONAL ROAD 174 btwn TRANSIT & OR174 IC109 RAMP56,376042.5453,5034084.588,-75.58930695,45.4430619,2016-06-18,7:41,01 - Clear,01 - Dry,10 - No control,01 - Non intersection,01 - Daylight,02 - Non-fatal injury,07 - SMV other,Greenbelt
11455,REGIONAL ROAD 174 btwn TRANSIT & OR174 IC109 RAMP56,376298.5966,5034636.43,-75.58595407,45.44800088,2016-08-18,7:18,01 - Clear,01 - Dry,10 - No control,01 - Non intersection,01 - Daylight,02 - Non-fatal injury,03 - Rear end,Greenbelt
11456,REGIONAL ROAD 174 btwn TRANSIT & OR174 IC109 RAMP56,376270.093,5034579.54,-75.58632669,45.44749194,2016-12-16,17:51,01 - Clear,06 - Ice,10 - No control,01 - Non intersection,07 - Dark,02 - Non-fatal injury,03 - Rear end,Greenbelt
11457,REGIONAL ROAD 174 btwn TRANSIT & OR174 IC109 RAMP56,376259.5189,5034556.079,-75.58646525,45.44728193,2016-03-18,6:47,01 - Clear,02 - Wet,10 - No control,01 - Non intersection,01 - Daylight,03 - P.D. only,07 - SMV other,Greenbelt
11458,REGIONAL ROAD 174 btwn TRANSIT & OR174 IC109 RAMP56,376293.4494,5034638.772,-75.58601953,45.44802248,2016-02-29,17:17,01 - Clear,01 - Dry,10 - No control,01 - Non intersection,01 - Daylight,03 - P.D. only,03 - Rear end,Greenbelt
11459,REGIONAL ROAD 174 btwn TRANSIT & OR174 IC109 RAMP56,376208.7681,5034442.95,-75.58713039,45.44626925,2016-10-27,7:22,01 - Clear,01 - Dry,10 - No control,01 - Non intersection,01 - Daylight,03 - P.D. only,03 - Rear end,Greenbelt
11460,REGIONAL ROAD 174 btwn TRANSIT & OR174 IC109 RAMP56,376286.358,5034614.379,-75.58611372,45.44780373,2016-12-17,2:23,03 - Snow,03 - Loose snow,10 - No control,01 - Non intersection,07 - Dark,03 - P.D. only,07 - SMV other,Greenbelt
11461,REGIONAL ROAD 174 btwn TRANSIT & OR174 IC109 RAMP56,376187.1763,5034399.892,-75.58741262,45.44588405,2016-11-21,17:42,03 - Snow,02 - Wet,10 - No control,01 - Non intersection,07 - Dark,03 - P.D. only,03 - Rear end,Beacon Hill South - Cardinal Heights
11462,REGIONAL ROAD 174 EB btwn HWY417 IC113 RAMP65 & OR174 BLAIR IC112 RAMP51,374619.3311,5032690.575,-75.60769536,45.43066294,2016-08-02,16:28,01 - Clear,01 - Dry,10 - No control,01 - Non intersection,01 - Daylight,02 - Non-fatal injury,03 - Rear end,Pineview
11463,REGIONAL ROAD 174 EB btwn HWY417 IC113 RAMP65 & OR174 BLAIR IC112 RAMP51,374627.8321,5032694.975,-75.6075861,45.43070168,2016-04-13,15:20,01 - Clear,01 - Dry,10 - No control,01 - Non intersection,01 - Daylight,02 - Non-fatal injury,04 - Sideswipe,Pineview
11464,REGIONAL ROAD 174 EB btwn HWY417 IC113 RAMP65 & OR174 BLAIR IC112 RAMP51,374624.2967,5032689.607,-75.60763204,45.43065373,2016-02-02,16:35,01 - Clear,01 - Dry,10 - No control,01 - Non intersection,01 - Daylight,02 - Non-fatal injury,03 - Rear end,Pineview
11465,REGIONAL ROAD 174 EB btwn HWY417 IC113 RAMP65 & OR174 BLAIR IC112 RAMP51,374705.2614,5032751.172,-75.60658868,45.43119957,2016-04-26,15:52,01 - Clear,01 - Dry,10 - No control,01 - Non intersection,01 - Daylight,03 - P.D. only,03 - Rear end,Pineview
11466,REGIONAL ROAD 174 EB btwn HWY417 IC113 RAMP65 & OR174 BLAIR IC112 RAMP51,374385.5268,5032511.91,-75.61070831,45.42907871,2016-03-03,16:55,01 - Clear,01 - Dry,10 - No control,01 - Non intersection,01 - Daylight,03 - P.D. only,03 - Rear end,Pineview
11467,REGIONAL ROAD 174 EB btwn HWY417 IC113 RAMP65 & OR174 BLAIR IC112 RAMP51,374624.6048,5032692.634,-75.60762768,45.43068094,2016-02-09,9:28,01 - Clear,01 - Dry,10 - No control,01 - Non intersection,01 - Daylight,03 - P.D. only,03 - Rear end,Pineview
11468,REGIONAL ROAD 174 EB btwn HWY417 IC113 RAMP65 & OR174 BLAIR IC112 RAMP51,374770.8177,5032797.574,-75.60574436,45.43161052,2016-02-11,15:50,01 - Clear,06 - Ice,10 - No control,06 - Underpass or tunnel,01 - Daylight,03 - P.D. only,03 - Rear end,Pineview
11469,REGIONAL ROAD 174 EB btwn HWY417 IC113 RAMP65 & OR174 BLAIR IC112 RAMP51,374585.7162,5032665.283,-75.6081285,45.43043873,2016-01-04,15:40,01 - Clear,01 - Dry,10 - No control,01 - Non intersection,01 - Daylight,03 - P.D. only,03 - Rear end,Pineview
11470,REGIONAL ROAD 174 EB btwn HWY417 IC113 RAMP65 & OR174 BLAIR IC112 RAMP51,374783.7422,5032807.087,-75.60557785,45.43169481,2016-04-06,17:36,03 - Snow,05 - Packed snow,10 - No control,01 - Non intersection,01 - Daylight,03 - P.D. only,03 - Rear end,Pineview
11471,REGIONAL ROAD 174 EB btwn HWY417 IC113 RAMP65 & OR174 BLAIR IC112 RAMP51,374659.1807,5032716.489,-75.60718246,45.43089212,2016-04-27,13:39,01 - Clear,01 - Dry,10 - No control,01 - Non intersection,01 - Daylight,03 - P.D. only,04 - Sideswipe,Pineview
11472,REGIONAL ROAD 174 EB btwn HWY417 IC113 RAMP65 & OR174 BLAIR IC112 RAMP51,374784.5633,5032808.148,-75.60556721,45.43170428,2016-03-03,16:07,01 - Clear,01 - Dry,10 - No control,01 - Non intersection,01 - Daylight,03 - P.D. only,03 - Rear end,Pineview
11473,REGIONAL ROAD 174 EB btwn HWY417 IC113 RAMP65 & OR174 BLAIR IC112 RAMP51,374811.7768,5032830.211,-75.60521631,45.43190007,2016-07-21,16:05,01 - Clear,01 - Dry,10 - No control,01 - Non intersection,01 - Daylight,03 - P.D. only,03 - Rear end,Greenbelt
11474,REGIONAL ROAD 174 EB btwn HWY417 IC113 RAMP65 & OR174 BLAIR IC112 RAMP51,374746.3993,5032777.896,-75.6060592,45.43143591,2016-09-20,14:27,01 - Clear,01 - Dry,10 - No control,01 - Non intersection,01 - Daylight,03 - P.D. only,03 - Rear end,Pineview
11475,REGIONAL ROAD 174 EB btwn HWY417 IC113 RAMP65 & OR174 BLAIR IC112 RAMP51,374782.8212,5032805.508,-75.60558985,45.4316807,2016-05-17,14:59,01 - Clear,01 - Dry,10 - No control,01 - Non intersection,01 - Daylight,03 - P.D. only,03 - Rear end,Pineview
11476,REGIONAL ROAD 174 EB btwn HWY417 IC113 RAMP65 & OR174 BLAIR IC112 RAMP51,374701.7768,5032747.484,-75.60663374,45.43116674,2016-08-10,9:32,01 - Clear,01 - Dry,10 - No control,01 - Non intersection,01 - Daylight,03 - P.D. only,03 - Rear end,Pineview
11477,REGIONAL ROAD 174 EB btwn HWY417 IC113 RAMP65 & OR174 BLAIR IC112 RAMP51,374752.3466,5032783.454,-75.60598241,45.43148532,2016-10-21,16:45,02 - Rain,02 - Wet,10 - No control,01 - Non intersection,01 - Daylight,03 - P.D. only,03 - Rear end,Pineview
11478,REGIONAL ROAD 174 EB btwn OR174 IC109 RAMP55 & TRANSIT,376466.3183,5034974.059,-75.58376099,45.45102148,2016-06-14,11:09,01 - Clear,01 - Dry,10 - No control,01 - Non intersection,01 - Daylight,02 - Non-fatal injury,03 - Rear end,Greenbelt
11479,REGIONAL ROAD 174 EB btwn OR174 IC109 RAMP55 & TRANSIT,376470.974,5034983.677,-75.58370007,45.45110754,2016-11-02,18:01,01 - Clear,01 - Dry,10 - No control,01 - Non intersection,07 - Dark,02 - Non-fatal injury,03 - Rear end,Greenbelt
11480,REGIONAL ROAD 174 EB btwn OR174 IC109 RAMP55 & TRANSIT,376504.2745,5035054.547,-75.58326406,45.45174176,2016-05-13,15:48,02 - Rain,02 - Wet,10 - No control,01 - Non intersection,01 - Daylight,02 - Non-fatal injury,03 - Rear end,Greenbelt
11481,REGIONAL ROAD 174 EB btwn OR174 IC109 RAMP55 & TRANSIT,376505.1673,5035057.806,-75.58325217,45.45177099,2016-09-23,16:20,01 - Clear,01 - Dry,10 - No control,01 - Non intersection,01 - Daylight,02 - Non-fatal injury,03 - Rear end,Greenbelt
11482,REGIONAL ROAD 174 EB btwn OR174 IC109 RAMP55 & TRANSIT,376504.4015,5035054.29,-75.58326247,45.45173944,2016-11-29,16:50,02 - Rain,02 - Wet,10 - No control,01 - Non intersection,05 - Dusk,02 - Non-fatal injury,03 - Rear end,Greenbelt
11483,REGIONAL ROAD 174 EB btwn OR174 IC109 RAMP55 & TRANSIT,376495.4844,5035034,-75.58337942,45.4515578,2016-01-19,8:45,01 - Clear,02 - Wet,10 - No control,01 - Non intersection,01 - Daylight,03 - P.D. only,04 - Sideswipe,Greenbelt
11484,REGIONAL ROAD 174 EB btwn OR174 IC109 RAMP55 & TRANSIT,376490.8289,5035022.682,-75.58344058,45.45145644,2016-05-12,17:27,01 - Clear,01 - Dry,10 - No control,01 - Non intersection,01 - Daylight,03 - P.D. only,03 - Rear end,Greenbelt
11485,REGIONAL ROAD 174 EB btwn OR174 IC109 RAMP55 & TRANSIT,376483.5856,5035010.797,-75.58353491,45.45135025,2016-02-09,17:40,03 - Snow,04 - Slush,10 - No control,01 - Non intersection,05 - Dusk,03 - P.D. only,03 - Rear end,Greenbelt
11486,REGIONAL ROAD 174 EB btwn OR174 IC109 RAMP55 & TRANSIT,376480.6262,5035004.876,-75.5835736,45.45129728,2016-08-23,22:32,01 - Clear,01 - Dry,10 - No control,01 - Non intersection,07 - Dark,03 - P.D. only,03 - Rear end,Greenbelt
11487,REGIONAL ROAD 174 EB btwn OR174 IC109 RAMP55 & TRANSIT,376572.0816,5035211.017,-75.58237443,45.45314262,2016-06-14,16:45,01 - Clear,01 - Dry,10 - No control,01 - Non intersection,01 - Daylight,03 - P.D. only,03 - Rear end,Greenbelt
11488,REGIONAL ROAD 174 EB btwn OR174 IC109 RAMP55 & TRANSIT,376502.4252,5035051.431,-75.58328815,45.45171392,2016-10-25,18:30,01 - Clear,01 - Dry,10 - No control,01 - Non intersection,07 - Dark,03 - P.D. only,03 - Rear end,Greenbelt
11489,REGIONAL ROAD 174 EB btwn OR174 IC109 RAMP55 & TRANSIT,376593.2287,5035241.045,-75.58209971,45.45341062,2016-12-10,12:30,01 - Clear,01 - Dry,10 - No control,01 - Non intersection,01 - Daylight,03 - P.D. only,03 - Rear end,Greenbelt
11490,REGIONAL ROAD 174 EB btwn OR174 IC109 RAMP55 & TRANSIT,376477.549,5034996.082,-75.58361422,45.45121847,2016-04-28,19:09,01 - Clear,01 - Dry,10 - No control,01 - Non intersection,01 - Daylight,03 - P.D. only,03 - Rear end,Greenbelt
11491,REGIONAL ROAD 174 EB btwn OR174 IC109 RAMP55 & TRANSIT,376469.4961,5034982.039,-75.58371921,45.45109295,2016-07-11,23:51,01 - Clear,01 - Dry,10 - No control,01 - Non intersection,07 - Dark,03 - P.D. only,07 - SMV other,Greenbelt
11492,REGIONAL ROAD 174 EB btwn OR174 IC109 RAMP55 & TRANSIT,376510.8313,5035071.982,-75.5831777,45.45189796,2016-07-27,15:55,01 - Clear,01 - Dry,10 - No control,01 - Non intersection,01 - Daylight,03 - P.D. only,03 - Rear end,Greenbelt
11493,REGIONAL ROAD 174 EB btwn OR174 IC109 RAMP55 & TRANSIT,376586.8581,5035238.908,-75.58218146,45.45339205,2016-10-21,12:56,02 - Rain,02 - Wet,10 - No control,01 - Non intersection,01 - Daylight,03 - P.D. only,07 - SMV other,Greenbelt
11494,REGIONAL ROAD 174 EB btwn OR174 IC109 RAMP55 & TRANSIT,376502.1294,5035050.949,-75.583292,45.45170961,2016-12-14,6:58,01 - Clear,02 - Wet,10 - No control,01 - Non intersection,03 - Dawn,03 - P.D. only,04 - Sideswipe,Greenbelt
11495,REGIONAL ROAD 174 EB btwn OR174 IC109 RAMP55 & TRANSIT,376464.5316,5034968.923,-75.58378458,45.45097545,2016-12-28,10:27,01 - Clear,01 - Dry,10 - No control,01 - Non intersection,01 - Daylight,03 - P.D. only,07 - SMV other,Greenbelt
11496,REGIONAL ROAD 174 EB btwn OR174 IC109 RAMP55 & TRANSIT,376541.191,5035143.687,-75.58277914,45.45254,2016-12-01,16:15,02 - Rain,02 - Wet,10 - No control,01 - Non intersection,05 - Dusk,03 - P.D. only,07 - SMV other,Greenbelt
11497,REIS RD btwn CARP RD & TANSLEY DR,345289.501,5018234.714,-75.9837001,45.30289826,2016-11-24,9:46,03 - Snow,04 - Slush,10 - No control,04 - At/near private drive,01 - Daylight,03 - P.D. only,07 - SMV other,Stittsville - Basswood
11498,REMINGTON WAY btwn NICKERSON WAY & COLLIER CRES,378092.0867,5014355.928,-75.56603576,45.2653421,2016-03-17,18:10,01 - Clear,01 - Dry,10 - No control,04 - At/near private drive,05 - Dusk,03 - P.D. only,02 - Angle,Greely
11499,REMNOR AVE btwn BADGELEY AVE & BADGELEY AVE,349592.546,5020469.021,-75.92863065,45.32274198,2016-01-04,0:00,01 - Clear,01 - Dry,10 - No control,01 - Non intersection,00 - Unknown,03 - P.D. only,06 - SMV unattended vehicle,Kanata Lakes - Marchwood Lakeside - Morgan's Grant - Kanata
11500,REMNOR AVE btwn BADGELEY AVE & BADGELEY AVE,349705.7681,5020384.547,-75.92719413,45.32197463,2016-12-26,9:07,04 - Freezing Rain,06 - Ice,10 - No control,01 - Non intersection,01 - Daylight,03 - P.D. only,06 - SMV unattended vehicle,Kanata Lakes - Marchwood Lakeside - Morgan's Grant - Kanata
11501,RENAISSANCE DR btwn CASABELLA DR & CASABELLA DR,384452.8831,5036245.833,-75.48146385,45.46159913,2016-12-06,0:00,03 - Snow,03 - Loose snow,10 - No control,01 - Non intersection,07 - Dark,03 - P.D. only,06 - SMV unattended vehicle,Avalon
11502,RENAUD RD @ MER BLEUE RD,383445.6363,5033735.359,-75.49474305,45.43912619,2016-08-14,8:47,01 - Clear,01 - Dry,02 - Stop sign,03 - At intersection,01 - Daylight,03 - P.D. only,07 - SMV other,Chapel Hill South
11503,RENAUD RD @ NAVAN RD,381819.4747,5032737.852,-75.51568175,45.43033244,2016-01-05,18:41,01 - Clear,01 - Dry,01 - Traffic signal,03 - At intersection,07 - Dark,03 - P.D. only,02 - Angle,Chapel Hill South
11504,RENAUD RD @ NAVAN RD,381819.4935,5032735.81,-75.51568183,45.43031407,2016-01-07,16:17,01 - Clear,01 - Dry,01 - Traffic signal,02 - Intersection related,01 - Daylight,03 - P.D. only,03 - Rear end,Chapel Hill South
11505,RENAUD RD @ PAGE RD,381704.3101,5032669.902,-75.51716396,45.42973375,2016-02-19,18:55,03 - Snow,03 - Loose snow,02 - Stop sign,03 - At intersection,07 - Dark,03 - P.D. only,02 - Angle,Chapel Hill South
11506,RENAUD RD @ RENAUD RD N,379765.5175,5032026.668,-75.54203608,45.42415689,2016-03-20,4:38,01 - Clear,01 - Dry,10 - No control,03 - At intersection,07 - Dark,03 - P.D. only,07 - SMV other,Greenbelt
11507,RENAUD RD btwn Continuation of RENAUD RD & PERCIFOR WAY,380308.8684,5031801.198,-75.53512829,45.42206984,2016-12-05,9:52,03 - Snow,03 - Loose snow,10 - No control,01 - Non intersection,01 - Daylight,02 - Non-fatal injury,07 - SMV other,Greenbelt
11508,RENAUD RD btwn Continuation of RENAUD RD & PERCIFOR WAY,380992.9266,5032223.444,-75.52632318,45.42579472,2016-03-24,15:27,04 - Freezing Rain,06 - Ice,10 - No control,01 - Non intersection,01 - Daylight,03 - P.D. only,07 - SMV other,Chapel Hill South
11509,RENAUD RD btwn Continuation of RENAUD RD & PERCIFOR WAY,381030.6302,5032248.159,-75.5258376,45.42601298,2016-09-29,8:04,01 - Clear,01 - Dry,10 - No control,01 - Non intersection,01 - Daylight,03 - P.D. only,07 - SMV other,Chapel Hill South
11510,RENAUD RD btwn Continuation of RENAUD RD & PERCIFOR WAY,380903.0099,5032169.649,-75.52748038,45.4253205,2016-12-12,6:41,03 - Snow,05 - Packed snow,10 - No control,01 - Non intersection,07 - Dark,03 - P.D. only,07 - SMV other,Chapel Hill South
11511,RENAUD RD btwn IDA ST & Continuation of RENAUD RD,379694.9404,5032013.581,-75.54293983,45.4240467,2016-03-31,11:24,02 - Rain,02 - Wet,10 - No control,01 - Non intersection,01 - Daylight,03 - P.D. only,07 - SMV other,Greenbelt
11512,RENAUD RD btwn NAVAN RD & WHITE ST,381919.6174,5032796.914,-75.51439286,45.4308528,2016-06-14,18:59,01 - Clear,01 - Dry,10 - No control,01 - Non intersection,01 - Daylight,03 - P.D. only,03 - Rear end,Chapel Hill South