Record,Location,X,Y,lon,lat,Date,Time,Environment,Road_Surface,Traffic_Control,Collision_Location,Light,Collision_Classification,Impact_type,Neighborhood
11513,RENAUD RD btwn NAVAN RD & WHITE ST,382529.7853,5033179.731,-75.50653551,45.43422953,2016-07-07,6:17,02 - Rain,02 - Wet,10 - No control,01 - Non intersection,01 - Daylight,03 - P.D. only,07 - SMV other,Chapel Hill South
11514,RENAUD RD btwn WHITE ST & MER BLEUE RD,383233.4019,5033606.106,-75.49747603,45.43798713,2016-06-30,7:01,01 - Clear,01 - Dry,10 - No control,04 - At/near private drive,01 - Daylight,03 - P.D. only,05 - Turning movement,Chapel Hill South
11515,RENFREW AVE btwn BRONSON AVE & IMPERIAL AVE,367468.3544,5029620.135,-75.69946723,45.40371343,2016-02-03,14:57,01 - Clear,03 - Loose snow,10 - No control,01 - Non intersection,01 - Daylight,03 - P.D. only,06 - SMV unattended vehicle,The Glebe
11516,RENSHAW AVE btwn DELAMERE DR & HOBIN ST,349058.9019,5013707.82,-75.93604074,45.26193634,2016-11-23,15:41,01 - Clear,01 - Dry,10 - No control,04 - At/near private drive,01 - Daylight,03 - P.D. only,99 - Other,Crossing Bridge
11517,REPIN btwn RIVERSIDE DR & TURN LANE (1),368455.5091,5027247.068,-75.68716463,45.38227222,2016-04-06,20:30,03 - Snow,05 - Packed snow,10 - No control,01 - Non intersection,07 - Dark,03 - P.D. only,99 - Other,Alta Vista
11518,REPIN btwn RIVERSIDE DR & TURN LANE (1),368455.4003,5027246.875,-75.68716604,45.3822705,2016-04-06,21:18,03 - Snow,05 - Packed snow,10 - No control,01 - Non intersection,07 - Dark,03 - P.D. only,04 - Sideswipe,Alta Vista
11519,RESEARCH RD @ UPLANDS DR,370831.5029,5021554.374,-75.65758852,45.33083122,2016-05-15,16:23,01 - Clear,01 - Dry,01 - Traffic signal,02 - Intersection related,01 - Daylight,02 - Non-fatal injury,03 - Rear end,Greenbelt
11520,RESEARCH RD @ UPLANDS DR,370831.5639,5021555.675,-75.65758757,45.33084292,2016-11-21,14:12,03 - Snow,03 - Loose snow,01 - Traffic signal,02 - Intersection related,01 - Daylight,03 - P.D. only,07 - SMV other,Greenbelt
11521,RESEARCH RD @ UPLANDS DR,370831.0698,5021555.281,-75.65759393,45.33083942,2016-11-03,7:30,02 - Rain,02 - Wet,01 - Traffic signal,03 - At intersection,03 - Dawn,03 - P.D. only,02 - Angle,Greenbelt
11522,REVELSTOKE DR @ RIVERSIDE DR,368217.2732,5024423.957,-75.69056884,45.35689221,2016-03-04,17:28,01 - Clear,04 - Slush,01 - Traffic signal,02 - Intersection related,01 - Daylight,03 - P.D. only,03 - Rear end,Hunt Club Woods - Quintarra - Revelstoke - Riverside South P
11523,REVELSTOKE DR @ RIVERSIDE DR,368217.4878,5024423.742,-75.69056613,45.35689025,2016-04-13,16:20,01 - Clear,01 - Dry,01 - Traffic signal,02 - Intersection related,01 - Daylight,03 - P.D. only,03 - Rear end,Hunt Club Woods - Quintarra - Revelstoke - Riverside South P
11524,REVELSTOKE DR @ RIVERSIDE DR,368218.2031,5024422.782,-75.69055712,45.35688155,2016-10-08,21:04,01 - Clear,01 - Dry,01 - Traffic signal,03 - At intersection,07 - Dark,03 - P.D. only,07 - SMV other,Hunt Club Woods - Quintarra - Revelstoke - Riverside South P
11525,REVOL RD btwn VAAN DR & ARCO WAY,364591.3593,5020845.944,-75.73727663,45.32501623,2016-01-22,18:15,01 - Clear,01 - Dry,10 - No control,01 - Non intersection,07 - Dark,03 - P.D. only,06 - SMV unattended vehicle,Merivale Gardens - Grenfell Glen - Pineglen - Country Place
11526,RICHARDSON SIDE RD @ SPRUCE RIDGE RD,343201.3062,5014397.23,-76.01062361,45.26848413,2016-08-14,15:05,01 - Clear,01 - Dry,02 - Stop sign,03 - At intersection,01 - Daylight,03 - P.D. only,02 - Angle,Stittsville - Basswood
11527,RICHARDSON SIDE RD @ TERRY FOX DR,348803.086,5019506.072,-75.93878598,45.31412702,2016-11-17,12:02,01 - Clear,01 - Dry,01 - Traffic signal,03 - At intersection,01 - Daylight,02 - Non-fatal injury,05 - Turning movement,Kanata Lakes - Marchwood Lakeside - Morgan's Grant - Kanata
11528,RICHARDSON SIDE RD @ TERRY FOX DR,348803.086,5019506.072,-75.93878598,45.31412702,2016-02-05,13:57,01 - Clear,01 - Dry,01 - Traffic signal,03 - At intersection,01 - Daylight,03 - P.D. only,05 - Turning movement,Kanata Lakes - Marchwood Lakeside - Morgan's Grant - Kanata
11529,RICHARDSON SIDE RD @ TERRY FOX DR,348803.086,5019506.072,-75.93878598,45.31412702,2016-01-12,11:26,03 - Snow,03 - Loose snow,01 - Traffic signal,03 - At intersection,01 - Daylight,03 - P.D. only,05 - Turning movement,Kanata Lakes - Marchwood Lakeside - Morgan's Grant - Kanata
11530,RICHARDSON SIDE RD @ TERRY FOX DR,348803.086,5019506.072,-75.93878598,45.31412702,2016-08-20,21:38,01 - Clear,01 - Dry,01 - Traffic signal,02 - Intersection related,07 - Dark,03 - P.D. only,03 - Rear end,Kanata Lakes - Marchwood Lakeside - Morgan's Grant - Kanata
11531,RICHARDSON SIDE RD @ TERRY FOX DR,348803.086,5019506.072,-75.93878598,45.31412702,2016-06-30,12:10,01 - Clear,01 - Dry,01 - Traffic signal,03 - At intersection,01 - Daylight,03 - P.D. only,02 - Angle,Kanata Lakes - Marchwood Lakeside - Morgan's Grant - Kanata
11532,RICHARDSON SIDE RD @ TERRY FOX DR,348803.086,5019506.072,-75.93878598,45.31412702,2016-05-16,21:08,01 - Clear,01 - Dry,01 - Traffic signal,03 - At intersection,07 - Dark,03 - P.D. only,05 - Turning movement,Kanata Lakes - Marchwood Lakeside - Morgan's Grant - Kanata
11533,RICHARDSON SIDE RD btwn BEAVERTAIL RD & SPRUCE RIDGE RD,343155.1328,5014354.165,-76.01121534,45.26809913,2016-03-13,14:06,01 - Clear,01 - Dry,10 - No control,01 - Non intersection,01 - Daylight,03 - P.D. only,07 - SMV other,Stittsville - Basswood
11534,RICHARDSON SIDE RD btwn BREWER HUNT WAY & CARLING AVE,351574.7506,5022024.813,-75.90320018,45.33661205,2016-03-03,17:37,01 - Clear,01 - Dry,10 - No control,04 - At/near private drive,05 - Dusk,02 - Non-fatal injury,02 - Angle,South March
11535,RICHARDSON SIDE RD btwn CARP RD & OAK CREEK RD,346662.6133,5017590.706,-75.96624605,45.29702276,2016-01-18,10:08,01 - Clear,03 - Loose snow,10 - No control,01 - Non intersection,01 - Daylight,02 - Non-fatal injury,07 - SMV other,Stittsville - Basswood
11536,RICHARDSON SIDE RD btwn CARP RD & OAK CREEK RD,346325.4977,5017267.703,-75.97057118,45.29413626,2016-10-27,7:36,01 - Clear,01 - Dry,10 - No control,01 - Non intersection,01 - Daylight,03 - P.D. only,07 - SMV other,Stittsville - Basswood
11537,RICHARDSON SIDE RD btwn CARP RD & OAK CREEK RD,346736.9824,5017662.175,-75.96529183,45.29766143,2016-05-13,17:17,01 - Clear,01 - Dry,10 - No control,04 - At/near private drive,01 - Daylight,03 - P.D. only,05 - Turning movement,Stittsville - Basswood
11538,RICHARDSON SIDE RD btwn DAVID MANCHESTER RD & WILLIAM MOONEY RD,344347.8565,5015444.602,-75.9959294,45.27784531,2016-12-15,20:46,01 - Clear,01 - Dry,10 - No control,01 - Non intersection,07 - Dark,03 - P.D. only,07 - SMV other,Carp - Hardwood Plains
11539,RICHARDSON SIDE RD btwn OAK CREEK RD & HUNTMAR DR,347473.9398,5018329.879,-75.95583837,45.30362528,2016-01-10,23:50,04 - Freezing Rain,06 - Ice,10 - No control,04 - At/near private drive,07 - Dark,03 - P.D. only,03 - Rear end,Stittsville - Basswood
11540,RICHARDSON SIDE RD btwn SPRUCE RIDGE RD & WILDMEADOW CIRC,343243.841,5014436.869,-76.01007851,45.2688385,2016-05-19,14:54,01 - Clear,01 - Dry,10 - No control,01 - Non intersection,01 - Daylight,03 - P.D. only,07 - SMV other,Stittsville - Basswood
11541,RICHARDSON SIDE RD btwn WILLIAM MOONEY RD & CARDEVCO RD,345578.5176,5016593.147,-75.98014985,45.28811009,2016-08-04,10:53,01 - Clear,01 - Dry,10 - No control,01 - Non intersection,01 - Daylight,03 - P.D. only,07 - SMV other,Stittsville - Basswood
11542,RICHMOND RD @ 140 E OF POULIN AVE ,360400.5062,5025022.156,-75.79026321,45.36293822,2016-09-04,17:43,01 - Clear,01 - Dry,01 - Traffic signal,02 - Intersection related,01 - Daylight,03 - P.D. only,03 - Rear end,Woodroffe - Lincoln Heights
11543,RICHMOND RD @ BELLFIELD ST/RIDGEVALLEY DR,359492.5889,5023528.511,-75.80201709,45.34956984,2016-08-15,15:03,01 - Clear,01 - Dry,02 - Stop sign,03 - At intersection,01 - Daylight,02 - Non-fatal injury,03 - Rear end,Bayshore
11544,RICHMOND RD @ CAMBRIAN RD N,359113.3574,5009588.741,-75.80838246,45.22416767,2016-05-22,21:58,01 - Clear,01 - Dry,02 - Stop sign,02 - Intersection related,07 - Dark,03 - P.D. only,07 - SMV other,Munster Hamlet - Richmond
11545,RICHMOND RD @ EDGEWORTH AVE/MCEWEN AVE,361075.18,5025883.018,-75.78155366,45.37063037,2016-06-28,10:23,01 - Clear,01 - Dry,01 - Traffic signal,02 - Intersection related,01 - Daylight,03 - P.D. only,03 - Rear end,Woodroffe - Lincoln Heights
11546,RICHMOND RD @ FRASER AVE,362489.0333,5027691.324,-75.76329368,45.38678634,2016-08-31,17:09,01 - Clear,01 - Dry,01 - Traffic signal,02 - Intersection related,01 - Daylight,02 - Non-fatal injury,07 - SMV other,Carlingwood - McKellar Park - Laurentien View
11547,RICHMOND RD @ HOLLY ACRES RD/NANAIMO DR,359058.4443,5022748.496,-75.80764277,45.34258497,2016-06-28,12:53,01 - Clear,01 - Dry,01 - Traffic signal,03 - At intersection,01 - Daylight,02 - Non-fatal injury,05 - Turning movement,Greenbelt
11548,RICHMOND RD @ HOLLY ACRES RD/NANAIMO DR,359058.4521,5022747.837,-75.80764275,45.34257904,2016-12-22,18:06,01 - Clear,02 - Wet,01 - Traffic signal,03 - At intersection,07 - Dark,02 - Non-fatal injury,05 - Turning movement,Greenbelt
11549,RICHMOND RD @ HOLLY ACRES RD/NANAIMO DR,359057.5739,5022749.155,-75.80765381,45.34259097,2016-09-20,13:28,01 - Clear,01 - Dry,01 - Traffic signal,02 - Intersection related,01 - Daylight,03 - P.D. only,04 - Sideswipe,Greenbelt
11550,RICHMOND RD @ HOLLY ACRES RD/NANAIMO DR,359058.1361,5022749.299,-75.80764662,45.34259222,2016-09-13,17:17,01 - Clear,01 - Dry,01 - Traffic signal,02 - Intersection related,01 - Daylight,03 - P.D. only,03 - Rear end,Greenbelt
11551,RICHMOND RD @ HOLLY ACRES RD/NANAIMO DR,359059.4998,5022747.254,-75.80762944,45.34257371,2016-10-27,16:18,02 - Rain,02 - Wet,01 - Traffic signal,02 - Intersection related,01 - Daylight,03 - P.D. only,03 - Rear end,Greenbelt
11552,RICHMOND RD @ HOLLY ACRES RD/NANAIMO DR,359057.0153,5022747.254,-75.80766114,45.34257391,2016-11-16,19:10,01 - Clear,01 - Dry,01 - Traffic signal,02 - Intersection related,07 - Dark,03 - P.D. only,03 - Rear end,Greenbelt
11553,RICHMOND RD @ HOLLY ACRES RD/NANAIMO DR,359057.8434,5022748.082,-75.80765049,45.34258129,2016-10-14,17:55,01 - Clear,01 - Dry,01 - Traffic signal,02 - Intersection related,01 - Daylight,03 - P.D. only,03 - Rear end,Greenbelt
11554,RICHMOND RD @ HOLLY ACRES RD/NANAIMO DR,359058.6079,5022748.984,-75.80764063,45.34258935,2016-09-19,10:50,01 - Clear,01 - Dry,01 - Traffic signal,02 - Intersection related,01 - Daylight,03 - P.D. only,04 - Sideswipe,Greenbelt
11555,RICHMOND RD @ HOLLY ACRES RD/NANAIMO DR,359059.4998,5022748.91,-75.80762926,45.34258861,2016-12-17,0:19,04 - Freezing Rain,06 - Ice,01 - Traffic signal,02 - Intersection related,07 - Dark,03 - P.D. only,03 - Rear end,Greenbelt
11556,RICHMOND RD @ HOLLY ACRES RD/NANAIMO DR,359060.3279,5022749.738,-75.8076186,45.342596,2016-12-19,12:15,01 - Clear,01 - Dry,01 - Traffic signal,02 - Intersection related,01 - Daylight,03 - P.D. only,03 - Rear end,Greenbelt
11557,RICHMOND RD @ HOLLY ACRES RD/NANAIMO DR,359060.3279,5022748.91,-75.80761869,45.34258855,2016-12-07,14:04,01 - Clear,01 - Dry,01 - Traffic signal,03 - At intersection,01 - Daylight,03 - P.D. only,03 - Rear end,Greenbelt
11558,RICHMOND RD @ LYNHAR RD/STAFFORD RD,358137.7994,5021086.029,-75.81956887,45.3276966,2016-06-22,15:29,01 - Clear,01 - Dry,01 - Traffic signal,02 - Intersection related,01 - Daylight,02 - Non-fatal injury,03 - Rear end,Bells Corners East
11559,RICHMOND RD @ LYNHAR RD/STAFFORD RD,358142.7851,5021081.709,-75.81950573,45.32765735,2016-08-11,17:54,01 - Clear,01 - Dry,01 - Traffic signal,02 - Intersection related,01 - Daylight,03 - P.D. only,03 - Rear end,Bells Corners East
11560,RICHMOND RD @ LYNHAR RD/STAFFORD RD,358138.4925,5021085.233,-75.81956011,45.32768938,2016-02-22,9:33,01 - Clear,01 - Dry,01 - Traffic signal,02 - Intersection related,01 - Daylight,03 - P.D. only,02 - Angle,Bells Corners East
11561,RICHMOND RD @ LYNHAR RD/STAFFORD RD,358137.7726,5021086.012,-75.81956921,45.32769645,2016-02-24,12:47,03 - Snow,03 - Loose snow,01 - Traffic signal,03 - At intersection,01 - Daylight,03 - P.D. only,02 - Angle,Bells Corners East
11562,RICHMOND RD @ LYNHAR RD/STAFFORD RD,358137.4876,5021086.484,-75.8195728,45.32770072,2016-04-20,14:26,01 - Clear,01 - Dry,01 - Traffic signal,02 - Intersection related,01 - Daylight,03 - P.D. only,03 - Rear end,Bells Corners East
11563,RICHMOND RD @ LYNHAR RD/STAFFORD RD,358135.7217,5021089.409,-75.81959501,45.32772717,2016-04-07,19:27,01 - Clear,01 - Dry,01 - Traffic signal,02 - Intersection related,01 - Daylight,03 - P.D. only,03 - Rear end,Bells Corners East
11564,RICHMOND RD @ LYNHAR RD/STAFFORD RD,358136.6325,5021086.883,-75.81958366,45.32770437,2016-05-11,14:36,01 - Clear,01 - Dry,01 - Traffic signal,02 - Intersection related,01 - Daylight,03 - P.D. only,03 - Rear end,Bells Corners East
11565,RICHMOND RD @ LYNHAR RD/STAFFORD RD,358144.014,5021084.212,-75.81948979,45.32767978,2016-06-04,18:04,01 - Clear,01 - Dry,01 - Traffic signal,02 - Intersection related,01 - Daylight,03 - P.D. only,04 - Sideswipe,Bells Corners East
11566,RICHMOND RD @ LYNHAR RD/STAFFORD RD,358137.063,5021087.739,-75.81957808,45.32771204,2016-12-29,14:41,01 - Clear,05 - Packed snow,01 - Traffic signal,02 - Intersection related,01 - Daylight,03 - P.D. only,03 - Rear end,Bells Corners East
11567,RICHMOND RD @ LYNHAR RD/STAFFORD RD,358139.5724,5021086.484,-75.8195462,45.32770056,2016-12-28,12:01,01 - Clear,01 - Dry,01 - Traffic signal,02 - Intersection related,01 - Daylight,03 - P.D. only,04 - Sideswipe,Bells Corners East
11568,RICHMOND RD @ NORTHSIDE RD E,358329.1717,5021226.997,-75.81711246,45.32895047,2016-02-02,18:36,01 - Clear,01 - Dry,01 - Traffic signal,02 - Intersection related,07 - Dark,03 - P.D. only,02 - Angle,Bells Corners East
11569,RICHMOND RD @ NORTHSIDE RD E,358328.7223,5021225.674,-75.81711834,45.3289386,2016-03-23,9:55,01 - Clear,01 - Dry,01 - Traffic signal,02 - Intersection related,01 - Daylight,03 - P.D. only,03 - Rear end,Bells Corners East
11570,RICHMOND RD @ NORTHSIDE RD E,358328.4723,5021226.034,-75.81712149,45.32894186,2016-08-17,4:58,02 - Rain,02 - Wet,01 - Traffic signal,03 - At intersection,07 - Dark,03 - P.D. only,07 - SMV other,Bells Corners East
11571,RICHMOND RD @ NORTHSIDE RD E,358328.9357,5021226.204,-75.81711556,45.32894335,2016-10-21,21:36,02 - Rain,02 - Wet,01 - Traffic signal,03 - At intersection,07 - Dark,03 - P.D. only,02 - Angle,Bells Corners East
11572,RICHMOND RD @ ROBERTSON RD,357579.3114,5020750.723,-75.82672875,45.32472171,2016-10-03,17:04,01 - Clear,01 - Dry,01 - Traffic signal,02 - Intersection related,01 - Daylight,02 - Non-fatal injury,03 - Rear end,Bells Corners East
11573,RICHMOND RD @ ROBERTSON RD,357577.6551,5020749.067,-75.82675006,45.32470693,2016-10-29,17:48,02 - Rain,02 - Wet,01 - Traffic signal,02 - Intersection related,07 - Dark,03 - P.D. only,03 - Rear end,Bells Corners East
11574,RICHMOND RD @ ROBERTSON RD,357578.7774,5020748.808,-75.82673577,45.32470451,2016-04-12,17:09,01 - Clear,01 - Dry,01 - Traffic signal,02 - Intersection related,01 - Daylight,03 - P.D. only,07 - SMV other,Bells Corners East
11575,RICHMOND RD @ ROBERTSON RD,357577.6551,5020747.411,-75.82675023,45.32469203,2016-11-24,9:43,03 - Snow,04 - Slush,01 - Traffic signal,02 - Intersection related,01 - Daylight,03 - P.D. only,03 - Rear end,Bells Corners East
11576,RICHMOND RD @ ROBERTSON RD,357578.0994,5020749.762,-75.82674432,45.32471315,2016-11-28,13:55,01 - Clear,01 - Dry,01 - Traffic signal,02 - Intersection related,01 - Daylight,03 - P.D. only,02 - Angle,Bells Corners East
11577,RICHMOND RD @ SEYTON DR,357399.3138,5019314.696,-75.8291772,45.3118137,2016-02-17,16:12,01 - Clear,03 - Loose snow,01 - Traffic signal,02 - Intersection related,01 - Daylight,02 - Non-fatal injury,05 - Turning movement,Bells Corners West
11578,RICHMOND RD @ SEYTON DR,357399.3243,5019313.347,-75.82917721,45.31180156,2016-05-27,15:52,01 - Clear,01 - Dry,01 - Traffic signal,02 - Intersection related,01 - Daylight,03 - P.D. only,03 - Rear end,Bells Corners West
11579,RICHMOND RD @ STEEPLE HILL CRES N,357391.3394,5014373.72,-75.82980271,45.26735464,2016-12-05,8:30,03 - Snow,03 - Loose snow,02 - Stop sign,03 - At intersection,01 - Daylight,03 - P.D. only,02 - Angle,Greenbelt
11580,RICHMOND RD @ STINSON AVE,357873.6585,5020928.319,-75.82295519,45.32629753,2016-08-13,23:44,02 - Rain,02 - Wet,01 - Traffic signal,02 - Intersection related,07 - Dark,03 - P.D. only,07 - SMV other,Bells Corners East
11581,RICHMOND RD @ STONEHAVEN DR,356781.4216,5015890.778,-75.83741583,45.28105076,2016-08-13,12:41,02 - Rain,02 - Wet,01 - Traffic signal,03 - At intersection,01 - Daylight,02 - Non-fatal injury,99 - Other,Bridlewood - Emerald Meadows
11582,RICHMOND RD @ STONEHAVEN DR,356781.8631,5015891.215,-75.83741016,45.28105466,2016-01-05,11:28,01 - Clear,01 - Dry,01 - Traffic signal,02 - Intersection related,01 - Daylight,02 - Non-fatal injury,03 - Rear end,Bridlewood - Emerald Meadows
11583,RICHMOND RD @ STONEHAVEN DR,356780.9752,5015892.547,-75.83742134,45.28106671,2016-02-15,17:40,01 - Clear,01 - Dry,01 - Traffic signal,03 - At intersection,07 - Dark,02 - Non-fatal injury,05 - Turning movement,Bridlewood - Emerald Meadows
11584,RICHMOND RD @ STONEHAVEN DR,356781.4166,5015891.213,-75.83741585,45.28105468,2016-05-02,16:18,01 - Clear,01 - Dry,01 - Traffic signal,03 - At intersection,01 - Daylight,02 - Non-fatal injury,05 - Turning movement,Bridlewood - Emerald Meadows
11585,RICHMOND RD @ STONEHAVEN DR,356780.9825,5015890.778,-75.83742143,45.2810508,2016-02-12,17:44,03 - Snow,03 - Loose snow,01 - Traffic signal,02 - Intersection related,07 - Dark,03 - P.D. only,03 - Rear end,Bridlewood - Emerald Meadows
11586,RICHMOND RD @ STONEHAVEN DR,356781.4216,5015891.217,-75.83741578,45.28105471,2016-01-16,16:40,01 - Clear,01 - Dry,01 - Traffic signal,02 - Intersection related,05 - Dusk,03 - P.D. only,04 - Sideswipe,Bridlewood - Emerald Meadows
11587,RICHMOND RD @ STONEHAVEN DR,356781.6411,5015890.994,-75.83741301,45.28105269,2016-03-04,8:00,01 - Clear,01 - Dry,01 - Traffic signal,02 - Intersection related,01 - Daylight,03 - P.D. only,03 - Rear end,Bridlewood - Emerald Meadows
11588,RICHMOND RD @ STONEHAVEN DR,356780.9825,5015890.778,-75.83742143,45.2810508,2016-09-22,14:43,01 - Clear,01 - Dry,01 - Traffic signal,03 - At intersection,01 - Daylight,03 - P.D. only,02 - Angle,Bridlewood - Emerald Meadows
11589,RICHMOND RD @ STONEHAVEN DR,356781.4138,5015891.892,-75.83741581,45.28106079,2016-06-29,13:37,01 - Clear,01 - Dry,01 - Traffic signal,02 - Intersection related,01 - Daylight,03 - P.D. only,03 - Rear end,Bridlewood - Emerald Meadows
11590,RICHMOND RD @ STONEHAVEN DR,356781.6411,5015891.023,-75.83741301,45.28105295,2016-11-16,6:31,02 - Rain,02 - Wet,01 - Traffic signal,02 - Intersection related,07 - Dark,03 - P.D. only,03 - Rear end,Bridlewood - Emerald Meadows
11591,RICHMOND RD @ WEST HUNT CLUB RD,357145.8693,5018153.128,-75.83253195,45.30138069,2016-02-19,20:30,03 - Snow,06 - Ice,01 - Traffic signal,03 - At intersection,07 - Dark,02 - Non-fatal injury,05 - Turning movement,Greenbelt
11592,RICHMOND RD @ WEST HUNT CLUB RD,357145.4226,5018152.912,-75.83253767,45.30137878,2016-05-10,19:13,01 - Clear,01 - Dry,01 - Traffic signal,02 - Intersection related,01 - Daylight,02 - Non-fatal injury,03 - Rear end,Greenbelt
11593,RICHMOND RD @ WEST HUNT CLUB RD,357145.4278,5018152.243,-75.83253767,45.30137276,2016-06-29,19:44,01 - Clear,01 - Dry,01 - Traffic signal,02 - Intersection related,01 - Daylight,02 - Non-fatal injury,04 - Sideswipe,Greenbelt
11594,RICHMOND RD @ WEST HUNT CLUB RD,357146.7747,5018153.139,-75.8325204,45.30138073,2016-06-02,21:42,02 - Rain,02 - Wet,01 - Traffic signal,02 - Intersection related,07 - Dark,02 - Non-fatal injury,03 - Rear end,Greenbelt
11595,RICHMOND RD @ WEST HUNT CLUB RD,357143.1628,5018152.876,-75.83256648,45.30137863,2016-12-14,13:00,01 - Clear,01 - Dry,01 - Traffic signal,03 - At intersection,01 - Daylight,02 - Non-fatal injury,05 - Turning movement,Greenbelt
11596,RICHMOND RD @ WEST HUNT CLUB RD,357146.3978,5018150.586,-75.83252548,45.30135778,2016-01-06,7:20,01 - Clear,02 - Wet,01 - Traffic signal,03 - At intersection,03 - Dawn,03 - P.D. only,05 - Turning movement,Greenbelt
11597,RICHMOND RD @ WEST HUNT CLUB RD,357145.8718,5018151.34,-75.83253211,45.3013646,2016-05-07,17:15,01 - Clear,01 - Dry,01 - Traffic signal,02 - Intersection related,01 - Daylight,03 - P.D. only,03 - Rear end,Greenbelt
11598,RICHMOND RD @ WEST HUNT CLUB RD,357142.6241,5018150.56,-75.8325736,45.30135783,2016-09-09,20:35,01 - Clear,01 - Dry,01 - Traffic signal,03 - At intersection,07 - Dark,03 - P.D. only,04 - Sideswipe,Greenbelt
11599,RICHMOND RD @ WEST HUNT CLUB RD,357145.8746,5018152.008,-75.832532,45.30137062,2016-07-15,19:42,01 - Clear,01 - Dry,01 - Traffic signal,02 - Intersection related,01 - Daylight,03 - P.D. only,04 - Sideswipe,Greenbelt
11600,RICHMOND RD @ WEST HUNT CLUB RD,357146.4755,5018153.29,-75.8325242,45.30138211,2016-11-30,8:55,"07 - Fog, mist, smoke, dust",02 - Wet,01 - Traffic signal,02 - Intersection related,01 - Daylight,03 - P.D. only,03 - Rear end,Greenbelt
11601,RICHMOND RD @ WEST HUNT CLUB RD,357145.8668,5018152.682,-75.83253203,45.30137668,2016-11-24,10:45,03 - Snow,03 - Loose snow,01 - Traffic signal,02 - Intersection related,01 - Daylight,03 - P.D. only,04 - Sideswipe,Greenbelt
11602,RICHMOND RD @ WINONA AVE,363293.43,5028337.461,-75.75294558,45.39253346,2016-10-21,20:43,02 - Rain,02 - Wet,02 - Stop sign,02 - Intersection related,07 - Dark,03 - P.D. only,99 - Other,Westboro
11603,RICHMOND RD @ WINONA AVE,363295.474,5028339.633,-75.75291922,45.39255283,2016-12-13,12:15,01 - Clear,01 - Dry,02 - Stop sign,02 - Intersection related,01 - Daylight,03 - P.D. only,04 - Sideswipe,Westboro
11604,RICHMOND RD @ WOODROFFE AVE,361583.55,5026654.069,-75.77497534,45.37752721,2016-08-03,18:18,02 - Rain,02 - Wet,01 - Traffic signal,02 - Intersection related,01 - Daylight,02 - Non-fatal injury,04 - Sideswipe,Carlingwood - McKellar Park - Laurentien View
11605,RICHMOND RD @ WOODROFFE AVE,361584.0278,5026654.304,-75.77496922,45.37752929,2016-10-26,18:23,01 - Clear,01 - Dry,01 - Traffic signal,03 - At intersection,07 - Dark,02 - Non-fatal injury,05 - Turning movement,Carlingwood - McKellar Park - Laurentien View
11606,RICHMOND RD @ WOODROFFE AVE,361584.4201,5026654.257,-75.77496421,45.37752883,2016-03-24,8:02,03 - Snow,02 - Wet,01 - Traffic signal,02 - Intersection related,01 - Daylight,02 - Non-fatal injury,07 - SMV other,Carlingwood - McKellar Park - Laurentien View
11607,RICHMOND RD @ WOODROFFE AVE,361584.9111,5026654.973,-75.77495786,45.37753524,2016-04-01,13:03,01 - Clear,01 - Dry,01 - Traffic signal,02 - Intersection related,01 - Daylight,03 - P.D. only,03 - Rear end,Carlingwood - McKellar Park - Laurentien View
11608,RICHMOND RD @ WOODROFFE AVE,361584.9059,5026654.743,-75.77495796,45.37753317,2016-08-27,10:52,01 - Clear,01 - Dry,01 - Traffic signal,02 - Intersection related,01 - Daylight,03 - P.D. only,05 - Turning movement,Carlingwood - McKellar Park - Laurentien View
11609,RICHMOND RD @ WOODROFFE AVE,361584.4288,5026654.479,-75.77496408,45.37753083,2016-01-03,12:28,01 - Clear,02 - Wet,01 - Traffic signal,03 - At intersection,01 - Daylight,03 - P.D. only,03 - Rear end,Carlingwood - McKellar Park - Laurentien View
11610,RICHMOND RD @ WOODROFFE AVE,361584.0205,5026653.857,-75.77496936,45.37752527,2016-02-09,18:56,03 - Snow,03 - Loose snow,01 - Traffic signal,02 - Intersection related,07 - Dark,03 - P.D. only,07 - SMV other,Carlingwood - McKellar Park - Laurentien View
11611,RICHMOND RD @ WOODROFFE AVE,361584.6864,5026653.193,-75.77496094,45.37751924,2016-04-04,18:05,01 - Clear,01 - Dry,01 - Traffic signal,03 - At intersection,01 - Daylight,03 - P.D. only,05 - Turning movement,Carlingwood - McKellar Park - Laurentien View
11612,RICHMOND RD @ WOODROFFE AVE,361584.013,5026654.748,-75.77496936,45.37753328,2016-04-23,21:03,01 - Clear,01 - Dry,01 - Traffic signal,03 - At intersection,07 - Dark,03 - P.D. only,02 - Angle,Carlingwood - McKellar Park - Laurentien View
11613,RICHMOND RD @ WOODROFFE AVE,361584.4609,5026654.298,-75.77496369,45.3775292,2016-05-30,14:52,01 - Clear,01 - Dry,01 - Traffic signal,02 - Intersection related,01 - Daylight,03 - P.D. only,07 - SMV other,Carlingwood - McKellar Park - Laurentien View