Record,Location,X,Y,lon,lat,Date,Time,Environment,Road_Surface,Traffic_Control,Collision_Location,Light,Collision_Classification,Impact_type,Neighborhood
11614,RICHMOND RD @ WOODROFFE AVE,361584.6864,5026654.937,-75.77496074,45.37753493,2016-11-10,6:27,01 - Clear,01 - Dry,01 - Traffic signal,02 - Intersection related,03 - Dawn,03 - P.D. only,03 - Rear end,Carlingwood - McKellar Park - Laurentien View
11615,RICHMOND RD @ WOODROFFE AVE,361584.4669,5026655.621,-75.77496346,45.3775411,2016-11-16,14:50,01 - Clear,01 - Dry,01 - Traffic signal,03 - At intersection,01 - Daylight,03 - P.D. only,05 - Turning movement,Carlingwood - McKellar Park - Laurentien View
11616,RICHMOND RD btwn 140 E OF POULIN AVE & FOREST ST,360436.8625,5025088.413,-75.7897917,45.36353152,2016-09-21,19:40,01 - Clear,01 - Dry,10 - No control,04 - At/near private drive,07 - Dark,02 - Non-fatal injury,03 - Rear end,Woodroffe - Lincoln Heights
11617,RICHMOND RD btwn ASSALY RD & REGINA LANE,360781.8977,5025581.504,-75.78533178,45.36794085,2016-04-07,14:08,01 - Clear,01 - Dry,10 - No control,04 - At/near private drive,01 - Daylight,03 - P.D. only,02 - Angle,Woodroffe - Lincoln Heights
11618,RICHMOND RD btwn ATHLONE AVE & TWEEDSMUIR AVE,363507.9666,5028474.792,-75.7501895,45.39375119,2016-04-28,19:30,01 - Clear,01 - Dry,10 - No control,01 - Non intersection,05 - Dusk,02 - Non-fatal injury,04 - Sideswipe,Westboro
11619,RICHMOND RD btwn BASELINE RD TURN LANE & NORTHSIDE RD,358426.1909,5021365.989,-75.81585979,45.33019372,2016-02-13,10:04,01 - Clear,06 - Ice,10 - No control,06 - Underpass or tunnel,01 - Daylight,02 - Non-fatal injury,07 - SMV other,Bells Corners East
11620,RICHMOND RD btwn BASELINE RD TURN LANE & NORTHSIDE RD,358485.5467,5021489.76,-75.81508918,45.33130288,2016-01-25,17:45,01 - Clear,03 - Loose snow,10 - No control,01 - Non intersection,07 - Dark,03 - P.D. only,07 - SMV other,Greenbelt
11621,RICHMOND RD btwn BAYSHORE DR & MAGWOOD AVE/HWY417 IC130 RAMP62,359385.5071,5023386.553,-75.80339923,45.34830084,2016-06-03,20:00,01 - Clear,01 - Dry,10 - No control,01 - Non intersection,01 - Daylight,03 - P.D. only,04 - Sideswipe,Bayshore
11622,RICHMOND RD btwn BERKLEY AVE & ROOSEVELT AVE,362917.0731,5028071.857,-75.75778313,45.39017493,2016-07-05,12:46,01 - Clear,01 - Dry,10 - No control,01 - Non intersection,01 - Daylight,03 - P.D. only,04 - Sideswipe,Westboro
11623,RICHMOND RD btwn BERKLEY AVE & ROOSEVELT AVE,362973.0755,5028111.712,-75.75706328,45.39052889,2016-05-18,11:52,01 - Clear,01 - Dry,10 - No control,01 - Non intersection,01 - Daylight,03 - P.D. only,06 - SMV unattended vehicle,Westboro
11624,RICHMOND RD btwn CHURCHILL AVE N & WINONA AVE,363239.5052,5028301.727,-75.75363846,45.39221643,2016-06-22,11:30,01 - Clear,01 - Dry,10 - No control,01 - Non intersection,01 - Daylight,03 - P.D. only,06 - SMV unattended vehicle,Westboro
11625,RICHMOND RD btwn CHURCHILL AVE N & WINONA AVE,363291.4831,5028335.702,-75.75297065,45.3925178,2016-02-29,12:27,01 - Clear,01 - Dry,10 - No control,01 - Non intersection,01 - Daylight,03 - P.D. only,06 - SMV unattended vehicle,Westboro
11626,RICHMOND RD btwn CHURCHILL AVE N & WINONA AVE,363243.3756,5028303.006,-75.75358888,45.39222762,2016-07-18,15:05,01 - Clear,01 - Dry,10 - No control,04 - At/near private drive,01 - Daylight,03 - P.D. only,02 - Angle,Westboro
11627,RICHMOND RD btwn CLIFTON RD & KIRKWOOD AVE,363712.827,5028600.621,-75.74755825,45.39486617,2016-12-22,19:58,03 - Snow,04 - Slush,10 - No control,04 - At/near private drive,07 - Dark,03 - P.D. only,04 - Sideswipe,Westboro
11628,RICHMOND RD btwn CROYDON AVE & ASSALY RD,360558.5391,5025294.842,-75.78821531,45.36537929,2016-05-29,1:11,01 - Clear,01 - Dry,10 - No control,04 - At/near private drive,07 - Dark,02 - Non-fatal injury,05 - Turning movement,Woodroffe - Lincoln Heights
11629,RICHMOND RD btwn EDEN AVE & EDGEWOOD AVE,363393.4945,5028401.672,-75.75166008,45.39310286,2016-06-25,11:20,01 - Clear,01 - Dry,10 - No control,01 - Non intersection,01 - Daylight,03 - P.D. only,06 - SMV unattended vehicle,Westboro
11630,RICHMOND RD btwn EDGEWORTH AVE/MCEWEN AVE & REGINA LANE,360866.8283,5025668.818,-75.78423772,45.36871971,2016-04-11,19:29,01 - Clear,01 - Dry,10 - No control,04 - At/near private drive,05 - Dusk,03 - P.D. only,05 - Turning movement,Woodroffe - Lincoln Heights
11631,RICHMOND RD btwn EDGEWORTH AVE/MCEWEN AVE & REGINA LANE,360850.1806,5025651.72,-75.78445217,45.36856719,2016-11-25,19:01,01 - Clear,02 - Wet,10 - No control,01 - Non intersection,07 - Dark,03 - P.D. only,06 - SMV unattended vehicle,Woodroffe - Lincoln Heights
11632,RICHMOND RD btwn FALLOWFIELD RD & RUSHMORE RD,358121.276,5012614.005,-75.82069027,45.25146545,2016-10-13,20:17,01 - Clear,01 - Dry,10 - No control,04 - At/near private drive,07 - Dark,02 - Non-fatal injury,03 - Rear end,Munster Hamlet - Richmond
11633,RICHMOND RD btwn FALLOWFIELD RD & RUSHMORE RD,357806.9358,5013331.072,-75.82461818,45.25794151,2016-11-21,8:07,03 - Snow,03 - Loose snow,10 - No control,01 - Non intersection,01 - Daylight,03 - P.D. only,07 - SMV other,Munster Hamlet - Richmond
11634,RICHMOND RD btwn FOREST ST & WINTHROP PRIV,360492.6847,5025181.836,-75.78906865,45.3643677,2016-10-22,0:00,02 - Rain,02 - Wet,10 - No control,01 - Non intersection,00 - Unknown,03 - P.D. only,06 - SMV unattended vehicle,Woodroffe - Lincoln Heights
11635,RICHMOND RD btwn FRASER AVE & BROADVIEW AVE,362550.9755,5027748.272,-75.76249606,45.38729364,2016-09-12,15:24,01 - Clear,01 - Dry,10 - No control,01 - Non intersection,01 - Daylight,02 - Non-fatal injury,03 - Rear end,Carlingwood - McKellar Park - Laurentien View
11636,RICHMOND RD btwn FRASER AVE & BROADVIEW AVE,362672.8863,5027859.623,-75.76092628,45.3882855,2016-08-20,12:21,01 - Clear,01 - Dry,10 - No control,01 - Non intersection,01 - Daylight,03 - P.D. only,04 - Sideswipe,Carlingwood - McKellar Park - Laurentien View
11637,RICHMOND RD btwn FRASER AVE & BROADVIEW AVE,362526.1308,5027725.084,-75.76281603,45.38708705,2016-12-18,2:27,04 - Freezing Rain,06 - Ice,10 - No control,01 - Non intersection,07 - Dark,03 - P.D. only,07 - SMV other,Carlingwood - McKellar Park - Laurentien View
11638,RICHMOND RD btwn GOLDEN AVE & BERKLEY AVE,362865.9823,5028029.839,-75.7584405,45.3898011,2016-11-03,20:03,02 - Rain,02 - Wet,10 - No control,01 - Non intersection,07 - Dark,03 - P.D. only,05 - Turning movement,Westboro
11639,RICHMOND RD btwn GRENON AVE & MARIELLE CRT,359913.501,5024211.633,-75.7965697,45.35568361,2016-10-11,9:10,01 - Clear,01 - Dry,10 - No control,04 - At/near private drive,01 - Daylight,03 - P.D. only,02 - Angle,Whitehaven - Queensway Terrace North
11640,RICHMOND RD btwn HIGHFIELD CRES & GRENON AVE,359771.1862,5023975.868,-75.79841219,45.35357337,2016-05-04,16:25,01 - Clear,01 - Dry,10 - No control,04 - At/near private drive,01 - Daylight,02 - Non-fatal injury,02 - Angle,Whitehaven - Queensway Terrace North
11641,RICHMOND RD btwn HIGHFIELD CRES & GRENON AVE,359799.4257,5024023.192,-75.79804653,45.35399698,2016-11-26,11:02,01 - Clear,01 - Dry,10 - No control,04 - At/near private drive,01 - Daylight,03 - P.D. only,02 - Angle,Whitehaven - Queensway Terrace North
11642,RICHMOND RD btwn HOPE SIDE RD & KHYMER CRT,357145.5776,5015004.357,-75.83286788,45.27304757,2016-08-29,10:10,01 - Clear,01 - Dry,10 - No control,01 - Non intersection,01 - Daylight,02 - Non-fatal injury,07 - SMV other,Greenbelt
11643,RICHMOND RD btwn HWY417 IC130 RAMP25 & HWY417 IC130 RAMP35,359101.2497,5022838.34,-75.80708674,45.34339008,2016-07-26,1:11,01 - Clear,01 - Dry,10 - No control,01 - Non intersection,07 - Dark,03 - P.D. only,07 - SMV other,Greenbelt
11644,RICHMOND RD btwn HWY417 IC130 RAMP25 & HWY417 IC130 RAMP35,359102.033,5022842.72,-75.80707626,45.34342943,2016-05-18,19:02,01 - Clear,01 - Dry,10 - No control,01 - Non intersection,01 - Daylight,03 - P.D. only,03 - Rear end,Greenbelt
11645,RICHMOND RD btwn JOHN SUTHERLAND DR & HOLLY ACRES RD,358830.7694,5022245.344,-75.81060272,45.33807516,2016-01-21,13:12,01 - Clear,01 - Dry,10 - No control,01 - Non intersection,01 - Daylight,03 - P.D. only,06 - SMV unattended vehicle,Greenbelt
11646,RICHMOND RD btwn JOHN SUTHERLAND DR & HOLLY ACRES RD,359055.8496,5022743.036,-75.80767648,45.34253604,2016-09-06,16:03,01 - Clear,01 - Dry,10 - No control,01 - Non intersection,01 - Daylight,03 - P.D. only,04 - Sideswipe,Greenbelt
11647,RICHMOND RD btwn JOHN SUTHERLAND DR & HOLLY ACRES RD,359021.4045,5022659.055,-75.80812518,45.34178304,2016-12-02,19:42,01 - Clear,01 - Dry,10 - No control,01 - Non intersection,07 - Dark,03 - P.D. only,03 - Rear end,Greenbelt
11648,RICHMOND RD btwn KHYMER CRT & STEEPLE HILL CRES,357320.9153,5014545.112,-75.83068197,45.26890212,2016-09-08,18:56,01 - Clear,01 - Dry,10 - No control,01 - Non intersection,01 - Daylight,02 - Non-fatal injury,07 - SMV other,Greenbelt
11649,RICHMOND RD btwn KIRKWOOD AVE & HILSON AVE,363848.9212,5028687.096,-75.74580984,45.39563279,2016-08-10,8:45,01 - Clear,01 - Dry,10 - No control,01 - Non intersection,01 - Daylight,03 - P.D. only,01 - Approaching,Westboro
11650,RICHMOND RD btwn LEIGHTON TER & ISLAND PARK DR,364111.07,5028853.352,-75.7424419,45.39710658,2016-07-06,21:30,02 - Rain,02 - Wet,10 - No control,01 - Non intersection,07 - Dark,03 - P.D. only,06 - SMV unattended vehicle,Westboro
11651,RICHMOND RD btwn MCRAE AVE & CLIFTON RD,363689.4555,5028586.949,-75.74785836,45.39474512,2016-03-16,19:21,02 - Rain,02 - Wet,10 - No control,01 - Non intersection,07 - Dark,03 - P.D. only,07 - SMV other,Westboro
11652,RICHMOND RD btwn NEW ORCHARD AVE & WOODROFFE AVE,361463.381,5026491.398,-75.77652823,45.37607324,2016-08-31,8:46,01 - Clear,01 - Dry,10 - No control,04 - At/near private drive,01 - Daylight,02 - Non-fatal injury,02 - Angle,Carlingwood West - Glabar Park - McKellar Heights
11653,RICHMOND RD btwn NEW ORCHARD AVE & WOODROFFE AVE,361506.311,5026548.486,-75.77597359,45.37658344,2016-09-30,16:50,01 - Clear,01 - Dry,10 - No control,01 - Non intersection,01 - Daylight,02 - Non-fatal injury,07 - SMV other,Carlingwood West - Glabar Park - McKellar Heights
11654,RICHMOND RD btwn NORTHSIDE RD & NORTHSIDE RD (2),358306.0485,5021202.131,-75.81741012,45.32872849,2016-10-26,14:52,01 - Clear,01 - Dry,10 - No control,01 - Non intersection,01 - Daylight,03 - P.D. only,04 - Sideswipe,Bells Corners East
11655,RICHMOND RD btwn PATRICIA AVE & LEIGHTON TER,364004.6193,5028786.208,-75.74380949,45.39651144,2016-05-09,16:00,01 - Clear,01 - Dry,10 - No control,01 - Non intersection,01 - Daylight,03 - P.D. only,06 - SMV unattended vehicle,Westboro
11656,RICHMOND RD btwn PERTH ST & CAMBRIAN RD,359084.4397,5009401.548,-75.80877108,45.2224855,2016-02-11,8:51,03 - Snow,03 - Loose snow,10 - No control,01 - Non intersection,01 - Daylight,02 - Non-fatal injury,07 - SMV other,Munster Hamlet - Richmond
11657,RICHMOND RD btwn PERTH ST & CAMBRIAN RD,358670.5274,5007869.231,-75.81420699,45.20872912,2016-10-30,9:58,01 - Clear,01 - Dry,10 - No control,01 - Non intersection,01 - Daylight,03 - P.D. only,07 - SMV other,Munster Hamlet - Richmond
11658,RICHMOND RD btwn PIETY HILL WAY & FALLOWFIELD RD,357567.6642,5013927.796,-75.82760325,45.26332893,2016-11-21,14:22,05 - Drifting Snow,06 - Ice,10 - No control,01 - Non intersection,01 - Daylight,02 - Non-fatal injury,07 - SMV other,Munster Hamlet - Richmond
11659,RICHMOND RD btwn REDWOOD AVE & WAVELL AVE,362047.5402,5027284.419,-75.76897841,45.38316128,2016-12-09,8:33,01 - Clear,06 - Ice,10 - No control,01 - Non intersection,01 - Daylight,03 - P.D. only,03 - Rear end,Woodroffe - Lincoln Heights
11660,RICHMOND RD btwn REDWOOD AVE & WAVELL AVE,362047.0745,5027282.016,-75.76898464,45.38313969,2016-12-09,8:31,01 - Clear,06 - Ice,10 - No control,04 - At/near private drive,01 - Daylight,03 - P.D. only,02 - Angle,Woodroffe - Lincoln Heights
11661,RICHMOND RD btwn ROBERTSON RD & 141 S OF ROBERTSON RD/TOWNHALL,357583.2921,5020742.491,-75.82667886,45.32464733,2016-06-07,8:02,01 - Clear,01 - Dry,10 - No control,04 - At/near private drive,01 - Daylight,03 - P.D. only,02 - Angle,Bells Corners East
11662,RICHMOND RD btwn ROBERTSON RD & STINSON AVE,357750.5741,5020854.476,-75.82453312,45.32564239,2016-03-01,6:57,01 - Clear,01 - Dry,10 - No control,04 - At/near private drive,01 - Daylight,03 - P.D. only,02 - Angle,Bells Corners East
11663,RICHMOND RD btwn ROBERTSON RD & STINSON AVE,357839.2286,5020910.097,-75.82339632,45.32613617,2016-12-12,7:30,03 - Snow,03 - Loose snow,10 - No control,04 - At/near private drive,03 - Dawn,03 - P.D. only,02 - Angle,Bells Corners East
11664,RICHMOND RD btwn ROOSEVELT AVE & WINSTON AVE,362994.1412,5028126.524,-75.75679253,45.39066042,2016-12-31,16:20,03 - Snow,03 - Loose snow,10 - No control,01 - Non intersection,05 - Dusk,03 - P.D. only,07 - SMV other,Westboro
11665,RICHMOND RD btwn STAFFORD RD & NORTHSIDE RD,358142.8714,5021089.079,-75.81950384,45.32772366,2016-10-14,12:33,01 - Clear,01 - Dry,10 - No control,01 - Non intersection,01 - Daylight,03 - P.D. only,03 - Rear end,Bells Corners East
11666,RICHMOND RD btwn STEEPLE HILL CRES & CAMBRIAN RD,359116.6881,5009622.182,-75.8083364,45.22446832,2016-07-04,12:28,01 - Clear,01 - Dry,10 - No control,01 - Non intersection,01 - Daylight,02 - Non-fatal injury,07 - SMV other,Munster Hamlet - Richmond
11667,RICHMOND RD btwn STEEPLE HILL CRES & CAMBRIAN RD,359027.8301,5010537.512,-75.80936809,45.2327115,2016-07-11,20:15,01 - Clear,01 - Dry,10 - No control,01 - Non intersection,01 - Daylight,02 - Non-fatal injury,07 - SMV other,Munster Hamlet - Richmond
11668,RICHMOND RD btwn STINSON AVE & STAFFORD RD,358095.1207,5021061.223,-75.82011595,45.32747663,2016-05-15,22:29,01 - Clear,01 - Dry,10 - No control,01 - Non intersection,07 - Dark,02 - Non-fatal injury,03 - Rear end,Bells Corners East
11669,RICHMOND RD btwn STINSON AVE & STAFFORD RD,358027.8186,5021020.745,-75.82097881,45.32711752,2016-05-26,17:43,01 - Clear,01 - Dry,10 - No control,01 - Non intersection,01 - Daylight,03 - P.D. only,03 - Rear end,Bells Corners East
11670,RICHMOND RD btwn STINSON AVE & STAFFORD RD,358034,5021022.495,-75.82089978,45.32713279,2016-08-24,12:32,01 - Clear,01 - Dry,10 - No control,04 - At/near private drive,01 - Daylight,03 - P.D. only,02 - Angle,Bells Corners East
11671,RICHMOND RD btwn STINSON AVE & STAFFORD RD,357957.8227,5020977.608,-75.82187631,45.32673467,2016-11-21,18:21,03 - Snow,02 - Wet,10 - No control,01 - Non intersection,07 - Dark,03 - P.D. only,03 - Rear end,Bells Corners East
11672,RICHMOND RD btwn STONEHAVEN DR & HOPE SIDE RD,356789.9227,5015867.006,-75.83730997,45.28083623,2016-11-15,6:29,"07 - Fog, mist, smoke, dust",01 - Dry,10 - No control,01 - Non intersection,03 - Dawn,03 - P.D. only,07 - SMV other,Bridlewood - Emerald Meadows
11673,RICHMOND RD btwn TURN LANE & HWY416 IC75A RAMP53,358620.4401,5021797.416,-75.81333491,45.33406085,2016-06-17,17:37,01 - Clear,01 - Dry,10 - No control,01 - Non intersection,01 - Daylight,03 - P.D. only,03 - Rear end,Greenbelt
11674,RICHMOND RD btwn TURN LANE & JOHN SUTHERLAND DR,358706.0272,5021975.222,-75.81222366,45.33565419,2016-05-14,16:45,01 - Clear,01 - Dry,10 - No control,01 - Non intersection,01 - Daylight,03 - P.D. only,03 - Rear end,Greenbelt
11675,RICHMOND RD btwn WEST HUNT CLUB RD & STONEHAVEN DR,357129.4431,5018076.769,-75.83274945,45.30069483,2016-02-19,16:28,01 - Clear,06 - Ice,10 - No control,01 - Non intersection,01 - Daylight,02 - Non-fatal injury,07 - SMV other,Greenbelt
11676,RICHMOND RD btwn WEST HUNT CLUB RD & STONEHAVEN DR,357044.2726,5017697.968,-75.83387529,45.29729266,2016-06-08,8:30,01 - Clear,01 - Dry,10 - No control,01 - Non intersection,01 - Daylight,02 - Non-fatal injury,03 - Rear end,Greenbelt
11677,RICHMOND RD btwn WEST HUNT CLUB RD & STONEHAVEN DR,356758.6985,5016383.316,-75.83765388,45.28548439,2016-07-04,21:37,01 - Clear,01 - Dry,10 - No control,01 - Non intersection,07 - Dark,03 - P.D. only,07 - SMV other,Greenbelt
11678,RICHMOND RD btwn WEST HUNT CLUB RD & STONEHAVEN DR,357124.1152,5018059.295,-75.83281922,45.30053799,2016-11-20,17:46,03 - Snow,04 - Slush,10 - No control,01 - Non intersection,07 - Dark,03 - P.D. only,07 - SMV other,Greenbelt
11679,RICHMOND RD btwn WEST HUNT CLUB RD & STONEHAVEN DR,357035.9274,5017655.313,-75.83398618,45.29690947,2016-07-18,0:01,02 - Rain,02 - Wet,10 - No control,01 - Non intersection,07 - Dark,03 - P.D. only,07 - SMV other,Greenbelt
11680,RICHMOND RD btwn WEST HUNT CLUB RD & STONEHAVEN DR,356764.0468,5016376.007,-75.83758647,45.28541822,2016-07-04,21:37,01 - Clear,01 - Dry,10 - No control,01 - Non intersection,07 - Dark,03 - P.D. only,03 - Rear end,Greenbelt
11681,RICHMOND RD btwn WEST HUNT CLUB RD & STONEHAVEN DR,357144.8191,5018139.212,-75.83254681,45.30125555,2016-11-07,20:25,01 - Clear,01 - Dry,10 - No control,01 - Non intersection,07 - Dark,03 - P.D. only,07 - SMV other,Greenbelt
11682,RICHMOND RD btwn WEST HUNT CLUB RD & STONEHAVEN DR,357134.8813,5018105.257,-75.8326771,45.30095076,2016-12-09,17:04,01 - Clear,01 - Dry,10 - No control,01 - Non intersection,07 - Dark,03 - P.D. only,01 - Approaching,Greenbelt
11683,RICHMOND RD btwn WINSTON AVE & CHURCHILL AVE N,363124.9026,5028223.432,-75.75511124,45.3915215,2016-12-02,13:00,01 - Clear,01 - Dry,10 - No control,04 - At/near private drive,01 - Daylight,02 - Non-fatal injury,02 - Angle,Westboro
11684,RICHMOND RD btwn WINSTON AVE & CHURCHILL AVE N,363143.2517,5028236.664,-75.75487535,45.39163903,2016-08-19,15:45,02 - Rain,02 - Wet,10 - No control,04 - At/near private drive,01 - Daylight,03 - P.D. only,02 - Angle,Westboro
11685,RICHMOND RD btwn WINSTON AVE & CHURCHILL AVE N,363085.7413,5028195.997,-75.75561458,45.39127791,2016-02-15,10:35,01 - Clear,01 - Dry,10 - No control,01 - Non intersection,01 - Daylight,03 - P.D. only,06 - SMV unattended vehicle,Westboro
11686,RICHMOND RD btwn WINSTON AVE & CHURCHILL AVE N,363143.9816,5028236.223,-75.75486608,45.391635,2016-01-28,12:16,03 - Snow,02 - Wet,10 - No control,01 - Non intersection,01 - Daylight,03 - P.D. only,99 - Other,Westboro
11687,RICHMOND RD btwn WINSTON AVE & CHURCHILL AVE N,363054.6827,5028172.937,-75.75601393,45.391073,2016-02-18,17:12,02 - Rain,02 - Wet,10 - No control,01 - Non intersection,05 - Dusk,03 - P.D. only,04 - Sideswipe,Westboro
11688,RICHMOND RD btwn WINSTON AVE & CHURCHILL AVE N,363077.1182,5028189.685,-75.75572544,45.39122183,2016-02-26,13:30,01 - Clear,06 - Ice,10 - No control,04 - At/near private drive,01 - Daylight,03 - P.D. only,06 - SMV unattended vehicle,Westboro
11689,RICHMOND RD btwn WINSTON AVE & CHURCHILL AVE N,363209.4743,5028282.199,-75.75402428,45.39204323,2016-12-14,19:16,01 - Clear,01 - Dry,10 - No control,01 - Non intersection,07 - Dark,03 - P.D. only,04 - Sideswipe,Carlingwood - McKellar Park - Laurentien View
11690,RICHMOND RD btwn WINSTON AVE & CHURCHILL AVE N,363098.2499,5028203.285,-75.75545398,45.39134244,2016-11-25,14:45,01 - Clear,02 - Wet,10 - No control,01 - Non intersection,01 - Daylight,03 - P.D. only,04 - Sideswipe,Westboro
11691,RICHMOND RD btwn WOODROFFE AVE & LOCKHART AVE,361627.6078,5026717.894,-75.77440551,45.37809793,2016-05-12,12:46,01 - Clear,01 - Dry,10 - No control,04 - At/near private drive,01 - Daylight,03 - P.D. only,05 - Turning movement,Carlingwood - McKellar Park - Laurentien View
11692,RICHMOND RD btwn WOODROFFE AVE & LOCKHART AVE,361615.577,5026702.55,-75.77456087,45.37796084,2016-06-15,15:48,01 - Clear,01 - Dry,10 - No control,04 - At/near private drive,01 - Daylight,03 - P.D. only,05 - Turning movement,Carlingwood - McKellar Park - Laurentien View
11693,RIDDELL DR btwn MARCH VALLEY RD & SIXTH LINE RD,348205.9981,5027269.494,-75.94571944,45.38402142,2016-02-12,23:21,03 - Snow,03 - Loose snow,10 - No control,01 - Non intersection,07 - Dark,03 - P.D. only,07 - SMV other,Carp - Hardwood Plains
11694,RIDEAU RD btwn ALBION RD & BANK ST,376912.7772,5017816.414,-75.58055899,45.29660014,2016-04-26,19:20,01 - Clear,01 - Dry,10 - No control,04 - At/near private drive,01 - Daylight,03 - P.D. only,05 - Turning movement,Greenbelt
11695,RIDEAU RD btwn BANK ST & DONCASTER RD,377388.2068,5018095.673,-75.57445716,45.29906384,2016-07-12,16:55,01 - Clear,01 - Dry,10 - No control,01 - Non intersection,01 - Daylight,02 - Non-fatal injury,03 - Rear end,Greenbelt
11696,RIDEAU RD btwn BANK ST & DONCASTER RD,378076.4801,5018499.85,-75.5656227,45.30262899,2016-01-18,10:17,03 - Snow,03 - Loose snow,10 - No control,01 - Non intersection,01 - Daylight,02 - Non-fatal injury,01 - Approaching,Greenbelt
11697,RIDEAU RD btwn BANK ST & DONCASTER RD,377304.7525,5018047.139,-75.57552821,45.29863577,2016-12-06,16:54,01 - Clear,02 - Wet,10 - No control,01 - Non intersection,07 - Dark,02 - Non-fatal injury,03 - Rear end,Greenbelt
11698,RIDEAU RD btwn BANK ST & DONCASTER RD,377689.3977,5018271.251,-75.57059149,45.30061243,2016-05-19,21:31,01 - Clear,01 - Dry,10 - No control,04 - At/near private drive,07 - Dark,03 - P.D. only,05 - Turning movement,Greenbelt
11699,RIDEAU RD btwn BOWESVILLE RD & ALBION RD,373489.9059,5015642.098,-75.62449653,45.27737922,2016-04-06,17:42,03 - Snow,04 - Slush,10 - No control,01 - Non intersection,01 - Daylight,03 - P.D. only,03 - Rear end,Greenbelt
11700,RIDEAU RD btwn BOWESVILLE RD & ALBION RD,374781.0769,5016383.776,-75.60793701,45.28392528,2016-11-19,3:33,01 - Clear,01 - Dry,10 - No control,01 - Non intersection,07 - Dark,03 - P.D. only,07 - SMV other,Greenbelt
11701,RIDEAU RD btwn LIMEBANK RD & DOWNEY RD,371704.3278,5014506.166,-75.64740553,45.26733051,2016-07-12,5:21,01 - Clear,01 - Dry,10 - No control,01 - Non intersection,03 - Dawn,03 - P.D. only,07 - SMV other,Greenbelt
11702,RIDEAU RD btwn POWER RD & HAWTHORNE RD,378377.6648,5018673.073,-75.56175698,45.30415609,2016-10-21,6:39,02 - Rain,02 - Wet,10 - No control,01 - Non intersection,07 - Dark,03 - P.D. only,07 - SMV other,Greenbelt
11703,RIDEAU RD btwn POWER RD & HAWTHORNE RD,378561.2209,5018906.134,-75.55938195,45.30623381,2016-12-07,20:00,01 - Clear,01 - Dry,10 - No control,01 - Non intersection,07 - Dark,03 - P.D. only,07 - SMV other,Greenbelt
11704,RIDEAU RD btwn SOMME ST & RAMSAYVILLE RD,379460.5972,5019456.58,-75.54783158,45.31109142,2016-12-06,17:11,01 - Clear,02 - Wet,10 - No control,01 - Non intersection,07 - Dark,03 - P.D. only,03 - Rear end,Greenbelt
11705,RIDEAU RD btwn SPRATT RD & LIMEBANK RD,370599.6788,5013937.038,-75.66155648,45.2623138,2016-06-24,6:13,01 - Clear,01 - Dry,10 - No control,01 - Non intersection,01 - Daylight,02 - Non-fatal injury,04 - Sideswipe,Greenbelt
11706,RIDEAU RIVER DR btwn BRIGHTON AVE & SUNNYSIDE AVE,369468.6334,5028955.353,-75.67400523,45.39755002,2016-09-19,0:00,01 - Clear,01 - Dry,10 - No control,01 - Non intersection,00 - Unknown,03 - P.D. only,06 - SMV unattended vehicle,Old Ottawa South
11707,RIDEAU ST @ WALLER ST,368282.7479,5032273.342,-75.68872334,45.42751272,2016-10-21,21:30,02 - Rain,02 - Wet,01 - Traffic signal,02 - Intersection related,07 - Dark,02 - Non-fatal injury,07 - SMV other,Byward Market - Parliament Hill
11708,RIDEAU ST @ WALLER ST,368280.2634,5032272.514,-75.68875519,45.4275055,2016-10-31,21:22,01 - Clear,01 - Dry,01 - Traffic signal,02 - Intersection related,07 - Dark,02 - Non-fatal injury,03 - Rear end,Byward Market - Parliament Hill
11709,RIDEAU ST @ WALLER ST,368282.8251,5032274.647,-75.68872218,45.42752446,2016-05-26,16:26,01 - Clear,01 - Dry,01 - Traffic signal,03 - At intersection,01 - Daylight,02 - Non-fatal injury,07 - SMV other,Byward Market - Parliament Hill
11710,RIDEAU ST @ WALLER ST,368281.9197,5032274.17,-75.68873381,45.42752025,2016-09-18,16:40,01 - Clear,01 - Dry,01 - Traffic signal,02 - Intersection related,01 - Daylight,02 - Non-fatal injury,07 - SMV other,Byward Market - Parliament Hill
11711,RIDEAU ST @ WALLER ST,368282.9734,5032275.261,-75.68872021,45.42752997,2016-04-08,15:45,03 - Snow,02 - Wet,01 - Traffic signal,02 - Intersection related,01 - Daylight,03 - P.D. only,03 - Rear end,Byward Market - Parliament Hill
11712,RIDEAU ST @ WALLER ST,368281.576,5032273.803,-75.68873825,45.42751697,2016-09-22,11:12,01 - Clear,01 - Dry,01 - Traffic signal,02 - Intersection related,01 - Daylight,03 - P.D. only,04 - Sideswipe,Byward Market - Parliament Hill
11713,RIDEAU ST @ WURTEMBURG ST,369357.1342,5032925.608,-75.67490914,45.43328322,2016-07-30,22:55,01 - Clear,01 - Dry,01 - Traffic signal,02 - Intersection related,07 - Dark,03 - P.D. only,04 - Sideswipe,Sandy Hill
11714,RIDEAU ST @ WURTEMBURG ST,369354.2217,5032926.831,-75.6749462,45.43329449,2016-08-12,15:41,01 - Clear,01 - Dry,01 - Traffic signal,02 - Intersection related,01 - Daylight,03 - P.D. only,03 - Rear end,Lower Town