Record,Location,X,Y,lon,lat,Date,Time,Environment,Road_Surface,Traffic_Control,Collision_Location,Light,Collision_Classification,Impact_type,Neighborhood
11715,RIDEAU ST btwn 88 W OF WILLIAM ST & WILLIAM ST,368041.0258,5032121.313,-75.69183163,45.42616671,2016-07-29,14:00,01 - Clear,01 - Dry,10 - No control,01 - Non intersection,01 - Daylight,03 - P.D. only,04 - Sideswipe,Byward Market - Parliament Hill
11716,RIDEAU ST btwn AUGUSTA ST & COBOURG ST,369118.7851,5032782.164,-75.67797385,45.43201453,2016-06-23,16:28,01 - Clear,01 - Dry,10 - No control,04 - At/near private drive,01 - Daylight,03 - P.D. only,05 - Turning movement,Lower Town
11717,RIDEAU ST btwn AUGUSTA ST & COBOURG ST,369117.0071,5032781.109,-75.67799671,45.4320052,2016-03-02,8:39,03 - Snow,03 - Loose snow,10 - No control,04 - At/near private drive,01 - Daylight,03 - P.D. only,05 - Turning movement,Lower Town
11718,RIDEAU ST btwn CHAPEL ST & AUGUSTA ST,368977.7715,5032696.261,-75.67978709,45.43125456,2016-09-30,13:50,01 - Clear,01 - Dry,10 - No control,04 - At/near private drive,01 - Daylight,03 - P.D. only,06 - SMV unattended vehicle,Lower Town
11719,RIDEAU ST btwn CHARLOTTE ST & WURTEMBURG ST,369339.1072,5032915.916,-75.67514079,45.43319768,2016-10-13,18:35,01 - Clear,01 - Dry,10 - No control,01 - Non intersection,05 - Dusk,03 - P.D. only,04 - Sideswipe,Sandy Hill
11720,RIDEAU ST btwn CHARLOTTE ST & WURTEMBURG ST,369274.9695,5032875.488,-75.67596573,45.43283984,2016-07-28,20:27,01 - Clear,01 - Dry,10 - No control,01 - Non intersection,05 - Dusk,03 - P.D. only,04 - Sideswipe,Lower Town
11721,RIDEAU ST btwn CHARLOTTE ST & WURTEMBURG ST,369336.8304,5032915.237,-75.67516997,45.43319178,2016-12-29,13:16,03 - Snow,03 - Loose snow,10 - No control,04 - At/near private drive,01 - Daylight,03 - P.D. only,07 - SMV other,Sandy Hill
11722,RIDEAU ST btwn COBOURG ST & CHARLOTTE ST,369232.6636,5032849.592,-75.67650976,45.43261073,2016-06-21,0:26,01 - Clear,01 - Dry,10 - No control,01 - Non intersection,07 - Dark,02 - Non-fatal injury,07 - SMV other,Lower Town
11723,RIDEAU ST btwn COBOURG ST & CHARLOTTE ST,369232.3471,5032848.995,-75.67651388,45.43260539,2016-06-12,18:02,01 - Clear,01 - Dry,10 - No control,01 - Non intersection,01 - Daylight,03 - P.D. only,04 - Sideswipe,Lower Town
11724,RIDEAU ST btwn COBOURG ST & CHARLOTTE ST,369239.3907,5032854.104,-75.6764232,45.43265071,2016-10-22,18:00,01 - Clear,01 - Dry,10 - No control,01 - Non intersection,05 - Dusk,03 - P.D. only,04 - Sideswipe,Lowe
11725,RIDEAU ST btwn CUMBERLAND ST & KING EDWARD AVE,368436.2313,5032366.781,-75.68675002,45.4283395,2016-04-14,20:18,01 - Clear,01 - Dry,10 - No control,04 - At/near private drive,07 - Dark,02 - Non-fatal injury,02 - Angle,Lowe
11726,RIDEAU ST btwn CUMBERLAND ST & KING EDWARD AVE,368422.4604,5032357.67,-75.68692717,45.42825878,2016-04-14,8:55,01 - Clear,01 - Dry,10 - No control,04 - At/near private drive,01 - Daylight,03 - P.D. only,05 - Turning movement,Lowe
11727,RIDEAU ST btwn CUMBERLAND ST & KING EDWARD AVE,368490.6906,5032401.265,-75.68604966,45.42864482,2016-07-27,13:58,01 - Clear,01 - Dry,10 - No control,04 - At/near private drive,01 - Daylight,03 - P.D. only,05 - Turning movement,Lowe
11728,RIDEAU ST btwn DALHOUSIE ST & WALLER ST,368217.4752,5032232.136,-75.68956271,45.42714788,2016-12-18,0:00,03 - Snow,03 - Loose snow,10 - No control,01 - Non intersection,00 - Unknown,03 - P.D. only,06 - SMV unattended vehicle,Byward Market - Parliament Hill
11729,RIDEAU ST btwn KING EDWARD AVE & NELSON ST,368587.5303,5032461.029,-75.68480446,45.42917373,2016-09-13,12:47,01 - Clear,01 - Dry,10 - No control,04 - At/near private drive,01 - Daylight,02 - Non-fatal injury,05 - Turning movement,Lowe
11730,RIDEAU ST btwn KING EDWARD AVE & NELSON ST,368625.3082,5032485.286,-75.68431857,45.42938854,2016-12-26,12:33,04 - Freezing Rain,06 - Ice,10 - No control,04 - At/near private drive,01 - Daylight,02 - Non-fatal injury,05 - Turning movement,Lower Town
11731,RIDEAU ST btwn KING EDWARD AVE & NELSON ST,368605.071,5032471.294,-75.68457899,45.42926449,2016-10-28,18:46,01 - Clear,01 - Dry,10 - No control,01 - Non intersection,07 - Dark,03 - P.D. only,05 - Turning movement,Lowe
11732,RIDEAU ST btwn KING EDWARD AVE & NELSON ST,368545.2967,5032434.006,-75.68534764,45.42893444,2016-07-23,11:00,01 - Clear,01 - Dry,10 - No control,01 - Non intersection,01 - Daylight,03 - P.D. only,07 - SMV other,Lowe
11733,RIDEAU ST btwn KING EDWARD AVE & NELSON ST,368559.6291,5032440.833,-75.68516361,45.42899456,2016-09-16,16:21,01 - Clear,01 - Dry,10 - No control,04 - At/near private drive,01 - Daylight,03 - P.D. only,02 - Angle,Lowe
11734,RIDEAU ST btwn NELSON ST & FRIEL ST,368668.8982,5032509.701,-75.68375838,45.42960424,2016-03-04,8:55,01 - Clear,02 - Wet,10 - No control,01 - Non intersection,01 - Daylight,02 - Non-fatal injury,03 - Rear end,Lower Town
11735,RIDEAU ST btwn NELSON ST & FRIEL ST,368680.2993,5032517.587,-75.68361167,45.42967415,2016-08-08,14:17,01 - Clear,01 - Dry,10 - No control,01 - Non intersection,01 - Daylight,03 - P.D. only,04 - Sideswipe,Lower Town
11736,RIDEAU ST btwn RIDEAU PL & MONTREAL RD,369534.2462,5032961.821,-75.67264099,45.43359267,2016-02-17,16:39,05 - Drifting Snow,06 - Ice,10 - No control,01 - Non intersection,01 - Daylight,03 - P.D. only,01 - Approaching,Lowe
11737,RIDEAU ST btwn SUSSEX DR & 88 W OF WILLIAM ST/FREIMAN MALL,368004.9717,5032099.028,-75.69229519,45.42596946,2016-01-21,17:20,01 - Clear,02 - Wet,10 - No control,01 - Non intersection,05 - Dusk,03 - P.D. only,04 - Sideswipe,Byward Market - Parliament Hill
11738,RIDEAU ST btwn WALLER ST & CUMBERLAND ST,368339.3675,5032307.809,-75.68799539,45.4278177,2016-05-04,12:20,01 - Clear,01 - Dry,10 - No control,01 - Non intersection,01 - Daylight,03 - P.D. only,06 - SMV unattended vehicle,Byward Market - Parliament Hill
11739,RIDEAU ST btwn WELLINGTON ST & MACKENZIE AVE,367863.6672,5032005.485,-75.69411273,45.42514055,2016-08-10,22:48,01 - Clear,01 - Dry,10 - No control,01 - Non intersection,07 - Dark,03 - P.D. only,04 - Sideswipe,Byward Market - Parliament Hill
11740,RIDEAU ST btwn WELLINGTON ST & MACKENZIE AVE,367805.9013,5031967.28,-75.69485573,45.424802,2016-09-08,18:04,01 - Clear,01 - Dry,10 - No control,01 - Non intersection,01 - Daylight,03 - P.D. only,04 - Sideswipe,Byward Market - Parliament Hill
11741,RIDEAU ST btwn WURTEMBURG ST & RIDEAU PL,369443.1396,5032970.11,-75.6738042,45.43367568,2016-02-19,0:27,01 - Clear,03 - Loose snow,10 - No control,07 - Overpass or bridge,07 - Dark,03 - P.D. only,07 - SMV other,Lower Town
11742,RIDEAU TER btwn NOEL ST & DURHAM PRIV,368994.417,5034112.997,-75.67938962,45.44400027,2016-06-17,19:40,01 - Clear,01 - Dry,10 - No control,01 - Non intersection,01 - Daylight,03 - P.D. only,04 - Sideswipe,New Edinburgh
11743,RIDEAU VALLEY DR    N btwn RIDEAU NARROWS DR & PHELAN RD E,372486.3749,5005721.144,-75.63863542,45.18820941,2016-02-29,7:40,04 - Freezing Rain,06 - Ice,10 - No control,01 - Non intersection,01 - Daylight,03 - P.D. only,07 - SMV other,Manotick
11744,RIDEAU VALLEY DR    N btwn RIDEAU NARROWS DR & PHELAN RD E,372473.3734,5005803.052,-75.63878974,45.18894766,2016-03-02,17:14,01 - Clear,05 - Packed snow,10 - No control,01 - Non intersection,01 - Daylight,03 - P.D. only,07 - SMV other,Manotick
11745,RIDEAU VALLEY DR    N btwn SUTHERLAND DR & MARINA DR,372312.2135,5003309.005,-75.64117786,45.16652184,2016-01-22,2:20,01 - Clear,02 - Wet,10 - No control,01 - Non intersection,07 - Dark,03 - P.D. only,01 - Approaching,Manotick
11746,RIDEAU VALLEY DR    N btwn SUTHERLAND DR & MARINA DR,372339.6918,5003430.362,-75.64081193,45.16761117,2016-08-21,22:39,01 - Clear,01 - Dry,10 - No control,01 - Non intersection,07 - Dark,03 - P.D. only,04 - Sideswipe,Manotick
11747,RIDEAU VALLEY DR    N btwn SUTHERLAND DR & MARINA DR,372333.7537,5003388.481,-75.64089313,45.1672349,2016-06-28,9:17,01 - Clear,01 - Dry,10 - No control,01 - Non intersection,01 - Daylight,03 - P.D. only,07 - SMV other,Manotick
11748,RIDEAU VALLEY DR btwn BARNSDALE RD & BANKFIELD RD,367529.8422,5010966.944,-75.70104432,45.23586947,2016-04-06,17:37,03 - Snow,03 - Loose snow,10 - No control,01 - Non intersection,01 - Daylight,03 - P.D. only,01 - Approaching,New Barrhaven
11749,RIDEAU VALLEY DR btwn PRINCE OF WALES DR & BARNSDALE RD,366789.9807,5012137.876,-75.71032068,45.24647103,2016-05-27,3:00,01 - Clear,01 - Dry,10 - No control,01 - Non intersection,07 - Dark,03 - P.D. only,07 - SMV other,New Barrhaven
11750,RIDEAUCREST DR btwn COTTINGHAM ST & NEWBOROUGH CRES,365980.9116,5016479.346,-75.72009153,45.28560625,2016-04-20,17:45,01 - Clear,01 - Dry,10 - No control,01 - Non intersection,01 - Daylight,02 - Non-fatal injury,07 - SMV other,Chapman Mills - Rideau Crest - Davidson Heights
11751,RIDGE RD btwn RAMSAYVILLE RD & ANDERSON RD,377741.1045,5028816.314,-75.56837703,45.39548612,2016-10-31,15:44,01 - Clear,01 - Dry,10 - No control,01 - Non intersection,01 - Daylight,02 - Non-fatal injury,07 - SMV other,Greenbelt
11752,RIDGEMONT AVE btwn BANK ST & EDGE HILL PL,370131.3126,5026634.775,-75.66584908,45.37660874,2016-10-11,1:57,01 - Clear,01 - Dry,10 - No control,01 - Non intersection,07 - Dark,03 - P.D. only,04 - Sideswipe,Ledbury - Heron Gate - Ridgemont - Elmwood
11753,RIDGEVALLEY DR btwn KEVIN AVE & FIRWOOD CRES,359409.9575,5023578.578,-75.80306602,45.35002678,2016-01-10,14:49,02 - Rain,02 - Wet,10 - No control,04 - At/near private drive,01 - Daylight,03 - P.D. only,02 - Angle,Bayshore
11754,RIDGEWOOD AVE @ RIVERSIDE DR,368280.2395,5025610.089,-75.68961288,45.36755903,2016-08-20,17:10,01 - Clear,01 - Dry,01 - Traffic signal,03 - At intersection,01 - Daylight,03 - P.D. only,07 - SMV other,Riverside Park
11755,RIDGEWOOD AVE @ RIVERSIDE DR,368280.0461,5025609.313,-75.68961545,45.36755207,2016-05-25,18:13,01 - Clear,01 - Dry,01 - Traffic signal,03 - At intersection,01 - Daylight,03 - P.D. only,04 - Sideswipe,Riverside Park
11756,RIDGEWOOD AVE @ RIVERSIDE DR,368279.8765,5025608.29,-75.68961775,45.36754288,2016-10-01,13:37,01 - Clear,01 - Dry,01 - Traffic signal,02 - Intersection related,01 - Daylight,03 - P.D. only,03 - Rear end,Riverside Park
11757,RIDGEWOOD AVE btwn RIVERSIDE DR & DUPONT ST,368406.9396,5025625.12,-75.68799366,45.36768279,2016-10-06,0:00,01 - Clear,01 - Dry,10 - No control,01 - Non intersection,00 - Unknown,03 - P.D. only,06 - SMV unattended vehicle,Riverside Park
11758,RIFLE RD btwn LOIS AVE & SANDHILL RD,353428.9126,5024420.597,-75.8793087,45.35804362,2016-10-13,22:00,01 - Clear,01 - Dry,10 - No control,01 - Non intersection,07 - Dark,03 - P.D. only,07 - SMV other,Greenbelt
11759,RIOCAN AVE @ STRANDHERD DR,364171.9893,5014944.353,-75.74333247,45.27194951,2016-12-15,20:06,01 - Clear,06 - Ice,01 - Traffic signal,03 - At intersection,07 - Dark,02 - Non-fatal injury,05 - Turning movement,New Barrhaven
11760,RIOCAN AVE @ STRANDHERD DR,364171.2121,5014944.802,-75.74334232,45.27195361,2016-01-07,19:36,01 - Clear,06 - Ice,01 - Traffic signal,02 - Intersection related,07 - Dark,03 - P.D. only,03 - Rear end,New Barrhaven
11761,RIOCAN AVE @ STRANDHERD DR,364172.4361,5014944.118,-75.7433268,45.27194735,2016-07-13,9:57,01 - Clear,01 - Dry,01 - Traffic signal,03 - At intersection,01 - Daylight,03 - P.D. only,02 - Angle,New Barrhaven
11762,RIOCAN AVE btwn MARKETPLACE AVE & END,364315.1974,5014711.76,-75.74153539,45.26984453,2016-01-26,11:23,01 - Clear,02 - Wet,10 - No control,04 - At/near private drive,01 - Daylight,02 - Non-fatal injury,02 - Angle,New Barrhaven
11763,RIOCAN AVE btwn MARKETPLACE AVE & END,364343.3636,5014663.249,-75.74118228,45.26940564,2016-09-20,17:24,01 - Clear,01 - Dry,10 - No control,01 - Non intersection,01 - Daylight,03 - P.D. only,02 - Angle,New Barrhaven
11764,RIOCAN AVE btwn STRANDHERD DR & MARKETPLACE AVE,364200.9728,5014905.022,-75.74296782,45.27159316,2016-05-04,21:15,02 - Rain,02 - Wet,10 - No control,04 - At/near private drive,07 - Dark,03 - P.D. only,05 - Turning movement,New Barrhaven
11765,RIOCAN AVE btwn STRANDHERD DR & MARKETPLACE AVE,364252.5401,5014819.935,-75.74232087,45.27082319,2016-11-11,14:15,01 - Clear,01 - Dry,10 - No control,01 - Non intersection,01 - Daylight,03 - P.D. only,05 - Turning movement,New Barrhaven
11766,RITA AVE @ MERIVALE RD,364612.7824,5024295.897,-75.7365863,45.3560567,2016-06-12,15:45,01 - Clear,01 - Dry,02 - Stop sign,02 - Intersection related,01 - Daylight,03 - P.D. only,03 - Rear end,Cityview - Skyline - Fisher Heights
11767,RITCHIE SIDE RD btwn IVY ACRES RD & UPPER DWYER HILL RD,322571.9791,5026281.409,-76.2730887,45.37624951,2016-11-17,17:35,01 - Clear,01 - Dry,10 - No control,01 - Non intersection,07 - Dark,03 - P.D. only,07 - SMV other,Mississipp
11768,RITCHIE ST btwn AHEARN AVE & RIGA PRIV,359531.7297,5024487.041,-75.80141151,45.35819164,2016-01-24,12:00,01 - Clear,01 - Dry,10 - No control,01 - Non intersection,01 - Daylight,03 - P.D. only,07 - SMV other,Crystal Bay - Lakeview Park - Britannia Village
11769,RITCHIE ST btwn AHEARN AVE & RIGA PRIV,359513.7299,5024508.124,-75.8016389,45.35838275,2016-08-27,7:33,01 - Clear,01 - Dry,10 - No control,01 - Non intersection,01 - Daylight,03 - P.D. only,07 - SMV other,Crystal Bay - Lakeview Park - Britannia Village
11770,RIVER BEND DR @ WESTDALE AVE,357884.6637,5023228.916,-75.82256801,45.34699762,2016-11-28,12:48,01 - Clear,01 - Dry,03 - Yield sign,02 - Intersection related,01 - Daylight,02 - Non-fatal injury,03 - Rear end,Crystal Bay - Lakeview Park - Britannia Village
11771,RIVER MIST RD btwn DUNDONALD DR & WHITE ARCTIC,364714.9791,5011998.489,-75.73676815,45.24539652,2016-03-22,0:00,01 - Clear,01 - Dry,10 - No control,01 - Non intersection,00 - Unknown,03 - P.D. only,06 - SMV unattended vehicle,New Barrhaven
11772,RIVER RD @ RIDEAU RD,368049.1446,5012371.15,-75.69425231,45.24845799,2016-08-24,22:55,01 - Clear,01 - Dry,02 - Stop sign,03 - At intersection,07 - Dark,02 - Non-fatal injury,02 - Angle,Manotick
11773,RIVER RD @ ROYAL PALM CRES N,370225.749,5009687.504,-75.66687981,45.22411184,2016-12-29,21:00,03 - Snow,04 - Slush,10 - No control,02 - Intersection related,07 - Dark,03 - P.D. only,03 - Rear end,Manotick
11774,RIVER RD @ RYEBURN DR,368049.0281,5016305.893,-75.69375274,45.28386248,2016-02-19,8:01,01 - Clear,01 - Dry,02 - Stop sign,03 - At intersection,01 - Daylight,03 - P.D. only,05 - Turning movement,Gloucester
11775,RIVER RD @ TEWSLEY,367968.6819,5015643.711,-75.69486111,45.27791146,2016-05-13,14:21,01 - Clear,01 - Dry,01 - Traffic signal,02 - Intersection related,01 - Daylight,02 - Non-fatal injury,03 - Rear end,Gloucester
11776,RIVER RD @ TEWSLEY,367969.1411,5015642.789,-75.69485537,45.27790313,2016-10-19,8:30,01 - Clear,01 - Dry,01 - Traffic signal,02 - Intersection related,01 - Daylight,03 - P.D. only,03 - Rear end,Gloucester
11777,RIVER RD btwn BALMORAL DR & JARVIS DR,368140.3846,5019946.17,-75.69212326,45.31660894,2016-08-15,11:55,01 - Clear,01 - Dry,10 - No control,04 - At/near private drive,01 - Daylight,02 - Non-fatal injury,02 - Angle,Greenbelt
11778,RIVER RD btwn BALMORAL DR & JARVIS DR,368146.9719,5019967.312,-75.69203655,45.31679858,2016-10-17,10:02,01 - Clear,01 - Dry,10 - No control,04 - At/near private drive,01 - Daylight,03 - P.D. only,07 - SMV other,Greenbelt
11779,RIVER RD btwn BRIDGE ST & ROYAL PALM CRES,369762.2332,5010632.512,-75.67265817,45.23265786,2016-12-31,12:42,03 - Snow,05 - Packed snow,10 - No control,01 - Non intersection,01 - Daylight,02 - Non-fatal injury,01 - Approaching,Manotick
11780,RIVER RD btwn CABIN RD & OSGOODE MAIN ST,372919.0574,5000713.466,-75.63381298,45.143109,2016-04-20,5:00,01 - Clear,01 - Dry,10 - No control,01 - Non intersection,07 - Dark,03 - P.D. only,07 - SMV other,Kars - Osgoode
11781,RIVER RD btwn EARL ARMSTRONG RD & 175 N OF EARL ARMSTRONG/LOBLAWS SC,367584.764,5014713.488,-75.69987162,45.26957579,2016-07-04,10:19,01 - Clear,01 - Dry,10 - No control,01 - Non intersection,01 - Daylight,03 - P.D. only,07 - SMV other,Gloucester
11782,RIVER RD btwn EARL ARMSTRONG RD & NICOLLS ISLAND RD,367677.4226,5013142.504,-75.69888974,45.2554319,2016-08-02,15:21,01 - Clear,01 - Dry,10 - No control,04 - At/near private drive,01 - Daylight,03 - P.D. only,99 - Other,Greenbelt
11783,RIVER RD btwn EARL ARMSTRONG RD & NICOLLS ISLAND RD,367635.0237,5013417.128,-75.69939516,45.25790674,2016-01-01,2:33,03 - Snow,02 - Wet,10 - No control,01 - Non intersection,07 - Dark,03 - P.D. only,07 - SMV other,Greenbelt
11784,RIVER RD btwn EDGEWATER DR & WOODEDEN DR,373378.2263,5005168.541,-75.62736317,45.18315099,2016-12-22,9:13,03 - Snow,03 - Loose snow,10 - No control,01 - Non intersection,01 - Daylight,03 - P.D. only,03 - Rear end,Manotick
11785,RIVER RD btwn FLAG STATION RD & SUMMERSIDE DR,373291.2794,5005507.267,-75.6284229,45.18620726,2016-09-07,9:05,01 - Clear,01 - Dry,10 - No control,01 - Non intersection,01 - Daylight,03 - P.D. only,07 - SMV other,Manotick
11786,RIVER RD btwn HONEY GABLES DR & RYEBURN DR,368026.448,5016067.025,-75.69407098,45.2817152,2016-05-21,20:51,01 - Clear,01 - Dry,10 - No control,01 - Non intersection,07 - Dark,02 - Non-fatal injury,03 - Rear end,Gloucester
11787,RIVER RD btwn KILBY LANE & WATERFRONT CRT,371947.0376,5007834.375,-75.6452135,45.20727563,2016-01-18,9:07,03 - Snow,03 - Loose snow,10 - No control,01 - Non intersection,01 - Daylight,03 - P.D. only,07 - SMV other,Manotick
11788,RIVER RD btwn KILBY LANE & WATERFRONT CRT,371978.6582,5007800.355,-75.6448156,45.20696651,2016-06-30,22:05,01 - Clear,01 - Dry,10 - No control,01 - Non intersection,07 - Dark,03 - P.D. only,07 - SMV other,Manotick
11789,RIVER RD btwn LEWER ST & RIVERSIDE DR,368358.7821,5020458.926,-75.68927219,45.32120289,2016-06-25,10:59,01 - Clear,01 - Dry,10 - No control,01 - Non intersection,01 - Daylight,02 - Non-fatal injury,07 - SMV other,Greenbelt
11790,RIVER RD btwn LORNE BRIDGE RD & ROGER STEVENS DR,373158.8746,5002734.852,-75.63048733,45.16127416,2016-11-10,18:21,01 - Clear,01 - Dry,10 - No control,01 - Non intersection,07 - Dark,03 - P.D. only,07 - SMV other,Kars - Osgoode
11791,RIVER RD btwn LORNE BRIDGE RD & ROGER STEVENS DR,372885.3541,5001803.025,-75.63409307,45.15291606,2016-12-12,17:24,03 - Snow,04 - Slush,10 - No control,01 - Non intersection,07 - Dark,03 - P.D. only,07 - SMV other,Kars - Osgoode
11792,RIVER RD btwn MULLIGAN ST & LEITRIM RD,368017.2883,5017214.56,-75.69404151,45.29204141,2016-10-02,22:50,"07 - Fog, mist, smoke, dust",02 - Wet,10 - No control,01 - Non intersection,07 - Dark,03 - P.D. only,07 - SMV other,Gloucester
11793,RIVER RD btwn OSGOODE MAIN ST & DALMENY RD,373941.0341,4998508.387,-75.6211241,45.1231685,2016-02-04,2:36,01 - Clear,06 - Ice,10 - No control,01 - Non intersection,07 - Dark,02 - Non-fatal injury,07 - SMV other,Kars - Osgoode
11794,RIVER RD btwn OSGOODE MAIN ST & DALMENY RD,373703.0007,4998719.95,-75.62412034,45.12509539,2016-09-15,17:14,01 - Clear,01 - Dry,10 - No control,01 - Non intersection,01 - Daylight,02 - Non-fatal injury,07 - SMV other,Kars - Osgoode
11795,RIVER RD btwn RIDEAU FOREST DR & KILBY LANE,370678.1942,5008960.631,-75.66121525,45.21752934,2016-10-11,15:52,01 - Clear,01 - Dry,10 - No control,01 - Non intersection,01 - Daylight,02 - Non-fatal injury,01 - Approaching,Manotick
11796,RIVER RD btwn RIDEAU RD & KNOTT CRES,368058.8053,5012351.783,-75.69413172,45.24828286,2016-02-17,13:07,05 - Drifting Snow,03 - Loose snow,10 - No control,01 - Non intersection,01 - Daylight,02 - Non-fatal injury,01 - Approaching,Manotick
11797,RIVER RD btwn RYEBURN DR & LEITRIM RD,368036.6982,5016965.213,-75.69382586,45.28979607,2016-05-09,15:31,01 - Clear,01 - Dry,10 - No control,04 - At/near private drive,01 - Daylight,02 - Non-fatal injury,03 - Rear end,Gloucester
11798,RIVER RD btwn SUMMERSIDE DR & EDGEWATER DR,373329.3394,5005356.953,-75.62795928,45.18485106,2016-03-20,4:08,01 - Clear,01 - Dry,10 - No control,04 - At/near private drive,07 - Dark,03 - P.D. only,07 - SMV other,Manotick
11799,RIVER RD btwn TEWSLEY DR & RIVERSEDGE CRES,368000.0502,5015843.041,-75.69443595,45.27970219,2016-06-28,8:18,01 - Clear,01 - Dry,10 - No control,01 - Non intersection,01 - Daylight,03 - P.D. only,03 - Rear end,Gloucester
11800,RIVER RUN AVE btwn RIVER MIST RD & FALLINGWATER CIRC,364300.2919,5012967.426,-75.74193424,45.25415023,2016-08-05,20:30,01 - Clear,01 - Dry,10 - No control,01 - Non intersection,07 - Dark,03 - P.D. only,06 - SMV unattended vehicle,New Barrhaven
11801,RIVERDALE AVE @ SUNNYSIDE AVE,369074.5849,5028786.736,-75.67905975,45.39606915,2016-01-06,13:54,01 - Clear,01 - Dry,01 - Traffic signal,03 - At intersection,01 - Daylight,03 - P.D. only,05 - Turning movement,Old Ottawa South
11802,RIVERDALE AVE btwn ECHO DR & GLENVIEW AVE,369300.443,5029374.167,-75.67609849,45.40133388,2016-12-12,10:13,03 - Snow,05 - Packed snow,10 - No control,01 - Non intersection,01 - Daylight,02 - Non-fatal injury,03 - Rear end,Old Ottawa East
11803,RIVERDALE AVE btwn ECHO DR & GLENVIEW AVE,369204.2999,5029217.999,-75.67734685,45.39993759,2016-04-09,18:15,01 - Clear,01 - Dry,10 - No control,01 - Non intersection,05 - Dusk,03 - P.D. only,06 - SMV unattended vehicle,Old Ottawa East
11804,RIVERDALE AVE btwn SUNNYSIDE AVE & SOUTHERN DR,369072.9286,5028793.322,-75.67908005,45.39612856,2016-12-05,0:00,03 - Snow,03 - Loose snow,10 - No control,01 - Non intersection,00 - Unknown,03 - P.D. only,06 - SMV unattended vehicle,Old Ottawa South
11805,RIVERGATE WAY @ RIVERSIDE DR,368117.8094,5023243.172,-75.69198943,45.34627676,2016-02-09,18:39,01 - Clear,03 - Loose snow,01 - Traffic signal,03 - At intersection,07 - Dark,02 - Non-fatal injury,05 - Turning movement,Hunt Club Woods - Quintarra - Revelstoke - Riverside South P
11806,RIVERSEDGE CRES btwn TRAILGATE ST & TRAILGATE ST,367769.3636,5015747.334,-75.69738819,45.27886173,2016-08-08,19:00,01 - Clear,01 - Dry,10 - No control,01 - Non intersection,01 - Daylight,03 - P.D. only,06 - SMV unattended vehicle,Gloucester
11807,RIVERSIDE DR @ 175 S OF HUNT CLUB  RD/RUNWAY C,368028.276,5021765.628,-75.69332068,45.3329902,2016-04-06,16:16,03 - Snow,03 - Loose snow,01 - Traffic signal,03 - At intersection,01 - Daylight,03 - P.D. only,02 - Angle,Hunt Club Woods - Quintarra - Revelstoke - Riverside South P
11808,RIVERSIDE DR @ 175 S OF HUNT CLUB  RD/RUNWAY C,368029.054,5021769.156,-75.69331031,45.33302187,2016-07-27,8:39,01 - Clear,01 - Dry,01 - Traffic signal,03 - At intersection,01 - Daylight,03 - P.D. only,05 - Turning movement,Hunt Club Woods - Quintarra - Revelstoke - Riverside South P
11809,RIVERSIDE DR @ BROOKFIELD RD/HOG'S BACK RD,368168.7964,5026224.689,-75.69095658,45.37309913,2016-09-24,12:55,01 - Clear,01 - Dry,01 - Traffic signal,02 - Intersection related,01 - Daylight,02 - Non-fatal injury,03 - Rear end,Riverside Park
11810,RIVERSIDE DR @ BROOKFIELD RD/HOG'S BACK RD,368166.2216,5026222.927,-75.69098968,45.37308351,2016-07-19,16:58,01 - Clear,01 - Dry,01 - Traffic signal,02 - Intersection related,01 - Daylight,02 - Non-fatal injury,03 - Rear end,Riverside Park
11811,RIVERSIDE DR @ BROOKFIELD RD/HOG'S BACK RD,368167.2848,5026221.782,-75.69097625,45.37307311,2016-06-17,21:28,01 - Clear,01 - Dry,01 - Traffic signal,03 - At intersection,07 - Dark,02 - Non-fatal injury,05 - Turning movement,Riverside Park
11812,RIVERSIDE DR @ BROOKFIELD RD/HOG'S BACK RD,368167.711,5026222.254,-75.69097075,45.37307732,2016-09-29,16:30,01 - Clear,01 - Dry,01 - Traffic signal,02 - Intersection related,01 - Daylight,02 - Non-fatal injury,03 - Rear end,Riverside Park
11813,RIVERSIDE DR @ BROOKFIELD RD/HOG'S BACK RD,368167.0292,5026222.067,-75.69097948,45.3730757,2016-08-02,17:44,01 - Clear,01 - Dry,01 - Traffic signal,02 - Intersection related,01 - Daylight,03 - P.D. only,03 - Rear end,Riverside Park
11814,RIVERSIDE DR @ BROOKFIELD RD/HOG'S BACK RD,368168.1299,5026223.294,-75.69096527,45.37308664,2016-06-07,17:15,01 - Clear,01 - Dry,01 - Traffic signal,02 - Intersection related,01 - Daylight,03 - P.D. only,04 - Sideswipe,Riverside Park
11815,RIVERSIDE DR @ BROOKFIELD RD/HOG'S BACK RD,368167.711,5026222.107,-75.69097077,45.37307599,2016-10-18,8:56,01 - Clear,01 - Dry,01 - Traffic signal,02 - Intersection related,01 - Daylight,03 - P.D. only,03 - Rear end,Riverside Park
11816,RIVERSIDE DR @ BROOKFIELD RD/HOG'S BACK RD,368165.953,5026222.925,-75.69099311,45.37308351,2016-01-06,21:48,01 - Clear,01 - Dry,01 - Traffic signal,03 - At intersection,07 - Dark,03 - P.D. only,05 - Turning movement,Riverside Park