Record,Location,X,Y,lon,lat,Date,Time,Environment,Road_Surface,Traffic_Control,Collision_Location,Light,Collision_Classification,Impact_type,Neighborhood
11817,RIVERSIDE DR @ BROOKFIELD RD/HOG'S BACK RD,368167.711,5026223.647,-75.69097057,45.37308985,2016-01-02,16:24,01 - Clear,02 - Wet,01 - Traffic signal,02 - Intersection related,01 - Daylight,03 - P.D. only,03 - Rear end,Riverside Park
11818,RIVERSIDE DR @ BROOKFIELD RD/HOG'S BACK RD,368167.4447,5026222.255,-75.69097415,45.37307735,2016-03-30,21:16,01 - Clear,01 - Dry,01 - Traffic signal,03 - At intersection,07 - Dark,03 - P.D. only,05 - Turning movement,Riverside Park
11819,RIVERSIDE DR @ BROOKFIELD RD/HOG'S BACK RD,368166.9121,5026222.788,-75.69098088,45.37308219,2016-03-30,15:30,01 - Clear,01 - Dry,01 - Traffic signal,02 - Intersection related,01 - Daylight,03 - P.D. only,03 - Rear end,Riverside Park
11820,RIVERSIDE DR @ BROOKFIELD RD/HOG'S BACK RD,368167.1931,5026221.916,-75.6909774,45.37307432,2016-09-15,17:58,01 - Clear,01 - Dry,01 - Traffic signal,02 - Intersection related,01 - Daylight,03 - P.D. only,04 - Sideswipe,Riverside Park
11821,RIVERSIDE DR @ BROOKFIELD RD/HOG'S BACK RD,368165.1035,5026223.701,-75.69100385,45.37309057,2016-03-27,20:55,01 - Clear,01 - Dry,01 - Traffic signal,02 - Intersection related,07 - Dark,03 - P.D. only,03 - Rear end,Riverside Park
11822,RIVERSIDE DR @ BROOKFIELD RD/HOG'S BACK RD,368167.5356,5026223.315,-75.69097285,45.37308688,2016-05-20,8:00,01 - Clear,01 - Dry,01 - Traffic signal,02 - Intersection related,01 - Daylight,03 - P.D. only,03 - Rear end,Riverside Park
11823,RIVERSIDE DR @ BROOKFIELD RD/HOG'S BACK RD,368167.9246,5026223.256,-75.69096789,45.37308631,2016-09-09,22:37,01 - Clear,01 - Dry,01 - Traffic signal,03 - At intersection,07 - Dark,03 - P.D. only,05 - Turning movement,Riverside Park
11824,RIVERSIDE DR @ BROOKFIELD RD/HOG'S BACK RD,368167.711,5026222.107,-75.69097077,45.37307599,2016-12-23,12:40,01 - Clear,01 - Dry,01 - Traffic signal,02 - Intersection related,01 - Daylight,03 - P.D. only,04 - Sideswipe,Riverside Park
11825,RIVERSIDE DR @ BROOKFIELD RD/HOG'S BACK RD,368166.0547,5026221.279,-75.69099202,45.37306869,2016-12-05,8:52,01 - Clear,05 - Packed snow,01 - Traffic signal,02 - Intersection related,01 - Daylight,03 - P.D. only,07 - SMV other,Riverside Park
11826,RIVERSIDE DR @ HERON RD,368120.0072,5026646.562,-75.69152533,45.37689944,2016-01-05,13:04,01 - Clear,01 - Dry,01 - Traffic signal,03 - At intersection,01 - Daylight,02 - Non-fatal injury,02 - Angle,Riverside Park
11827,RIVERSIDE DR @ HERON RD,368121.9331,5026646.807,-75.69150071,45.37690147,2016-10-31,12:18,01 - Clear,01 - Dry,01 - Traffic signal,02 - Intersection related,01 - Daylight,02 - Non-fatal injury,03 - Rear end,Riverside Park
11828,RIVERSIDE DR @ HERON RD,368121.1049,5026645.151,-75.6915115,45.37688665,2016-09-30,15:55,01 - Clear,01 - Dry,01 - Traffic signal,02 - Intersection related,01 - Daylight,02 - Non-fatal injury,03 - Rear end,Riverside Park
11829,RIVERSIDE DR @ HERON RD,368121.2895,5026647.499,-75.69150884,45.37690776,2016-01-20,15:51,01 - Clear,01 - Dry,01 - Traffic signal,02 - Intersection related,01 - Daylight,03 - P.D. only,03 - Rear end,Riverside Park
11830,RIVERSIDE DR @ HERON RD,368120.4463,5026647.441,-75.69151961,45.37690731,2016-01-22,19:25,01 - Clear,01 - Dry,01 - Traffic signal,03 - At intersection,07 - Dark,03 - P.D. only,03 - Rear end,Riverside Park
11831,RIVERSIDE DR @ HERON RD,368118.9714,5026649.915,-75.69153812,45.3769297,2016-04-21,16:30,01 - Clear,01 - Dry,01 - Traffic signal,02 - Intersection related,01 - Daylight,03 - P.D. only,03 - Rear end,Riverside Park
11832,RIVERSIDE DR @ HERON RD,368121.7635,5026646.123,-75.69150296,45.37689533,2016-01-18,9:04,01 - Clear,03 - Loose snow,01 - Traffic signal,02 - Intersection related,01 - Daylight,03 - P.D. only,03 - Rear end,Riverside Park
11833,RIVERSIDE DR @ HERON RD,368121.1748,5026647.454,-75.69151031,45.37690736,2016-05-25,12:10,01 - Clear,01 - Dry,01 - Traffic signal,02 - Intersection related,01 - Daylight,03 - P.D. only,02 - Angle,Riverside Park
11834,RIVERSIDE DR @ HERON RD,368121.1049,5026647.665,-75.69151117,45.37690927,2016-03-18,15:26,01 - Clear,01 - Dry,01 - Traffic signal,02 - Intersection related,01 - Daylight,03 - P.D. only,03 - Rear end,Riverside Park
11835,RIVERSIDE DR @ HERON RD,368120.1027,5026649.114,-75.69152378,45.37692239,2016-05-04,22:25,02 - Rain,02 - Wet,01 - Traffic signal,02 - Intersection related,07 - Dark,03 - P.D. only,03 - Rear end,Riverside Park
11836,RIVERSIDE DR @ HERON RD,368120.7506,5026646.834,-75.6915158,45.37690182,2016-07-27,8:25,01 - Clear,01 - Dry,01 - Traffic signal,02 - Intersection related,01 - Daylight,03 - P.D. only,03 - Rear end,Riverside Park
11837,RIVERSIDE DR @ HERON RD,368121.3558,5026647.114,-75.69150804,45.37690429,2016-04-05,20:16,01 - Clear,01 - Dry,01 - Traffic signal,02 - Intersection related,07 - Dark,03 - P.D. only,03 - Rear end,Riverside Park
11838,RIVERSIDE DR @ HERON RD,368121.1676,5026647.584,-75.69151038,45.37690853,2016-08-11,14:00,01 - Clear,01 - Dry,01 - Traffic signal,03 - At intersection,01 - Daylight,03 - P.D. only,05 - Turning movement,Riverside Park
11839,RIVERSIDE DR @ HERON RD,368121.9331,5026645.151,-75.69150092,45.37688657,2016-11-03,22:01,01 - Clear,01 - Dry,01 - Traffic signal,02 - Intersection related,07 - Dark,03 - P.D. only,03 - Rear end,Riverside Park
11840,RIVERSIDE DR @ HERON RD,368122.7612,5026649.291,-75.69148982,45.37692375,2016-12-12,13:56,03 - Snow,04 - Slush,01 - Traffic signal,02 - Intersection related,01 - Daylight,03 - P.D. only,07 - SMV other,Riverside Park
11841,RIVERSIDE DR @ HERON RD,368121.9331,5026646.807,-75.69150071,45.37690147,2016-10-24,15:40,01 - Clear,01 - Dry,01 - Traffic signal,03 - At intersection,01 - Daylight,03 - P.D. only,03 - Rear end,Riverside Park
11842,RIVERSIDE DR @ HERON RD,368121.1049,5026646.807,-75.69151128,45.37690155,2016-12-24,13:14,02 - Rain,02 - Wet,01 - Traffic signal,02 - Intersection related,01 - Daylight,03 - P.D. only,03 - Rear end,Riverside Park
11843,RIVERSIDE DR @ PLEASANT PARK RD,369560.5692,5028414.559,-75.67290207,45.39267564,2016-07-19,10:59,01 - Clear,01 - Dry,01 - Traffic signal,02 - Intersection related,01 - Daylight,02 - Non-fatal injury,03 - Rear end,Alta Vista
11844,RIVERSIDE DR @ PLEASANT PARK RD,369561.7868,5028415.161,-75.67288644,45.39268095,2016-02-14,18:45,01 - Clear,01 - Dry,01 - Traffic signal,02 - Intersection related,07 - Dark,03 - P.D. only,03 - Rear end,Alta Vista
11845,RIVERSIDE DR @ PLEASANT PARK RD,369561.251,5028416.256,-75.67289314,45.39269085,2016-11-20,20:28,03 - Snow,05 - Packed snow,01 - Traffic signal,02 - Intersection related,07 - Dark,03 - P.D. only,07 - SMV other,Alta Vista
11846,RIVERSIDE DR @ PLEASANT PARK RD,369561.251,5028415.428,-75.67289325,45.3926834,2016-08-20,13:08,01 - Clear,01 - Dry,01 - Traffic signal,02 - Intersection related,01 - Daylight,03 - P.D. only,03 - Rear end,Alta Vista
11847,RIVERSIDE DR @ QUESNEL DR,368061.5338,5024100.577,-75.69259781,45.35399658,2016-12-09,9:14,01 - Clear,01 - Dry,02 - Stop sign,02 - Intersection related,01 - Daylight,03 - P.D. only,04 - Sideswipe,Hunt Club Woods - Quintarra - Revelstoke - Riverside South P
11848,RIVERSIDE DR @ RIVERSIDE HOSPITAL,369715.9255,5028627.49,-75.67089011,45.39457714,2016-02-08,7:50,01 - Clear,01 - Dry,01 - Traffic signal,02 - Intersection related,01 - Daylight,03 - P.D. only,07 - SMV other,Alta Vista
11849,RIVERSIDE DR @ RIVERSIDE HOSPITAL,369715.8355,5028626.035,-75.67089145,45.39456406,2016-02-23,10:41,01 - Clear,01 - Dry,01 - Traffic signal,02 - Intersection related,01 - Daylight,03 - P.D. only,03 - Rear end,Alta Vista
11850,RIVERSIDE DR @ SAN REMO PRIV,370386.167,5030400.831,-75.66209482,45.41047054,2016-07-19,12:18,01 - Clear,01 - Dry,01 - Traffic signal,02 - Intersection related,01 - Daylight,02 - Non-fatal injury,03 - Rear end,Industrial Park
11851,RIVERSIDE DR @ SMYTH RD NORTH SIDE RAMP,369938.3942,5029315.503,-75.66795818,45.40074698,2016-12-16,12:39,01 - Clear,01 - Dry,01 - Traffic signal,03 - At intersection,01 - Daylight,02 - Non-fatal injury,05 - Turning movement,Industrial Park
11852,RIVERSIDE DR @ SMYTH RD NORTH SIDE RAMP,369937.9509,5029316.527,-75.6679637,45.40075623,2016-02-14,15:07,01 - Clear,01 - Dry,01 - Traffic signal,02 - Intersection related,01 - Daylight,03 - P.D. only,04 - Sideswipe,Industrial Park
11853,RIVERSIDE DR @ SMYTH RD NORTH SIDE RAMP,369936.542,5029315.853,-75.66798179,45.4007503,2016-10-18,10:20,01 - Clear,01 - Dry,01 - Traffic signal,02 - Intersection related,01 - Daylight,03 - P.D. only,05 - Turning movement,Industrial Park
11854,RIVERSIDE DR @ SMYTH RD NORTH SIDE RAMP,369937.267,5029314.832,-75.66797266,45.40074105,2016-12-05,9:59,03 - Snow,06 - Ice,01 - Traffic signal,02 - Intersection related,01 - Daylight,03 - P.D. only,07 - SMV other,Industrial Park
11855,RIVERSIDE DR @ SMYTH RD SOUTH SIDE RAMP,369787.7933,5028997.654,-75.66992355,45.39790108,2016-07-15,21:06,01 - Clear,02 - Wet,01 - Traffic signal,03 - At intersection,07 - Dark,02 - Non-fatal injury,05 - Turning movement,Alta Vista
11856,RIVERSIDE DR @ SMYTH RD SOUTH SIDE RAMP,369789.2731,5028998.39,-75.66990455,45.39790757,2016-09-14,22:31,01 - Clear,01 - Dry,01 - Traffic signal,03 - At intersection,07 - Dark,02 - Non-fatal injury,05 - Turning movement,Alta Vista
11857,RIVERSIDE DR @ SMYTH RD SOUTH SIDE RAMP,369788.499,5028998.457,-75.66991443,45.39790824,2016-09-02,16:22,01 - Clear,01 - Dry,01 - Traffic signal,03 - At intersection,01 - Daylight,03 - P.D. only,05 - Turning movement,Alta Vista
11858,RIVERSIDE DR @ SMYTH RD SOUTH SIDE RAMP,369789.1183,5028998.649,-75.66990649,45.39790991,2016-04-26,18:54,01 - Clear,01 - Dry,01 - Traffic signal,02 - Intersection related,01 - Daylight,03 - P.D. only,03 - Rear end,Alta Vista
11859,RIVERSIDE DR @ SMYTH RD SOUTH SIDE RAMP,369787.4014,5028998.852,-75.66992839,45.3979119,2016-09-14,16:52,01 - Clear,01 - Dry,01 - Traffic signal,03 - At intersection,01 - Daylight,03 - P.D. only,05 - Turning movement,Alta Vista
11860,RIVERSIDE DR @ SMYTH RD SOUTH SIDE RAMP,369788.4977,5028998.318,-75.66991446,45.39790699,2016-11-24,7:46,03 - Snow,03 - Loose snow,01 - Traffic signal,02 - Intersection related,01 - Daylight,03 - P.D. only,03 - Rear end,Alta Vista
11861,RIVERSIDE DR @ TRANSITWAY - RIVERSIDE H,369770.5277,5028800.817,-75.67016998,45.39613161,2016-02-25,18:31,04 - Freezing Rain,06 - Ice,01 - Traffic signal,02 - Intersection related,07 - Dark,03 - P.D. only,03 - Rear end,Alta Vista
11862,RIVERSIDE DR @ TREMBLAY RD/HWY417 IC117 RAMP52,370802.6085,5031015.642,-75.65669276,45.41596321,2016-05-30,20:15,01 - Clear,01 - Dry,01 - Traffic signal,02 - Intersection related,05 - Dusk,02 - Non-fatal injury,03 - Rear end,Industrial Park
11863,RIVERSIDE DR @ TREMBLAY RD/HWY417 IC117 RAMP52,370803.1758,5031016.567,-75.65668539,45.41597148,2016-01-22,8:16,01 - Clear,01 - Dry,01 - Traffic signal,03 - At intersection,01 - Daylight,02 - Non-fatal injury,05 - Turning movement,Industrial Park
11864,RIVERSIDE DR @ TREMBLAY RD/HWY417 IC117 RAMP52,370802.2976,5031016.127,-75.65669667,45.41596761,2016-09-14,13:58,01 - Clear,01 - Dry,01 - Traffic signal,03 - At intersection,01 - Daylight,02 - Non-fatal injury,05 - Turning movement,Industrial Park
11865,RIVERSIDE DR @ TREMBLAY RD/HWY417 IC117 RAMP52,370801.0343,5031014.797,-75.65671299,45.41595576,2016-01-08,13:54,01 - Clear,01 - Dry,01 - Traffic signal,02 - Intersection related,01 - Daylight,03 - P.D. only,04 - Sideswipe,Industrial Park
11866,RIVERSIDE DR @ TREMBLAY RD/HWY417 IC117 RAMP52,370802.4222,5031016.724,-75.656695,45.41597297,2016-09-06,14:13,01 - Clear,01 - Dry,01 - Traffic signal,02 - Intersection related,01 - Daylight,03 - P.D. only,04 - Sideswipe,Industrial Park
11867,RIVERSIDE DR @ TREMBLAY RD/HWY417 IC117 RAMP52,370801.8586,5031016.127,-75.65670228,45.41596765,2016-01-22,6:53,01 - Clear,01 - Dry,01 - Traffic signal,02 - Intersection related,07 - Dark,03 - P.D. only,03 - Rear end,Industrial Park
11868,RIVERSIDE DR @ TREMBLAY RD/HWY417 IC117 RAMP52,370801.1601,5031016.19,-75.65671119,45.41596828,2016-01-23,9:42,01 - Clear,01 - Dry,01 - Traffic signal,03 - At intersection,01 - Daylight,03 - P.D. only,03 - Rear end,Industrial Park
11869,RIVERSIDE DR @ TREMBLAY RD/HWY417 IC117 RAMP52,370801.8561,5031016.13,-75.65670231,45.41596768,2016-01-23,15:19,01 - Clear,01 - Dry,01 - Traffic signal,02 - Intersection related,01 - Daylight,03 - P.D. only,03 - Rear end,Industrial Park
11870,RIVERSIDE DR @ TREMBLAY RD/HWY417 IC117 RAMP52,370801.7075,5031014.928,-75.65670437,45.41595688,2016-01-08,23:00,01 - Clear,02 - Wet,01 - Traffic signal,02 - Intersection related,07 - Dark,03 - P.D. only,05 - Turning movement,Industrial Park
11871,RIVERSIDE DR @ TREMBLAY RD/HWY417 IC117 RAMP52,370801.4047,5031016.581,-75.65670802,45.41597178,2016-04-06,21:46,03 - Snow,04 - Slush,01 - Traffic signal,02 - Intersection related,07 - Dark,03 - P.D. only,03 - Rear end,Industrial Park
11872,RIVERSIDE DR @ TREMBLAY RD/HWY417 IC117 RAMP52,370801.8561,5031016.13,-75.65670231,45.41596768,2016-02-20,17:07,02 - Rain,02 - Wet,01 - Traffic signal,03 - At intersection,05 - Dusk,03 - P.D. only,07 - SMV other,Industrial Park
11873,RIVERSIDE DR @ TREMBLAY RD/HWY417 IC117 RAMP52,370800.3043,5031015.464,-75.65672222,45.41596183,2016-03-16,15:52,01 - Clear,01 - Dry,01 - Traffic signal,03 - At intersection,01 - Daylight,03 - P.D. only,04 - Sideswipe,Industrial Park
11874,RIVERSIDE DR @ TREMBLAY RD/HWY417 IC117 RAMP52,370803.8233,5031017.965,-75.65667693,45.415984,2016-01-20,13:15,01 - Clear,04 - Slush,01 - Traffic signal,02 - Intersection related,01 - Daylight,03 - P.D. only,03 - Rear end,Industrial Park
11875,RIVERSIDE DR @ TREMBLAY RD/HWY417 IC117 RAMP52,370801.3645,5031015.884,-75.65670862,45.41596551,2016-06-16,22:18,01 - Clear,01 - Dry,01 - Traffic signal,03 - At intersection,07 - Dark,03 - P.D. only,04 - Sideswipe,Industrial Park
11876,RIVERSIDE DR @ TREMBLAY RD/HWY417 IC117 RAMP52,370802.9641,5031017.032,-75.65668803,45.41597569,2016-06-27,17:17,01 - Clear,01 - Dry,01 - Traffic signal,03 - At intersection,01 - Daylight,03 - P.D. only,02 - Angle,Industrial Park
11877,RIVERSIDE DR @ TREMBLAY RD/HWY417 IC117 RAMP52,370803.2004,5031016.581,-75.65668507,45.41597161,2016-04-28,7:00,01 - Clear,01 - Dry,01 - Traffic signal,02 - Intersection related,01 - Daylight,03 - P.D. only,03 - Rear end,Industrial Park
11878,RIVERSIDE DR @ TREMBLAY RD/HWY417 IC117 RAMP52,370800.9804,5031016.567,-75.65671344,45.41597169,2016-06-30,17:33,01 - Clear,01 - Dry,01 - Traffic signal,03 - At intersection,01 - Daylight,03 - P.D. only,02 - Angle,Industrial Park
11879,RIVERSIDE DR @ TREMBLAY RD/HWY417 IC117 RAMP52,370800.3225,5031016.687,-75.65672183,45.41597283,2016-11-15,16:30,01 - Clear,01 - Dry,01 - Traffic signal,02 - Intersection related,05 - Dusk,03 - P.D. only,03 - Rear end,Industrial Park
11880,RIVERSIDE DR @ TREMBLAY RD/HWY417 IC117 RAMP52,370801.7849,5031015.91,-75.65670325,45.4159657,2016-05-19,16:45,01 - Clear,01 - Dry,01 - Traffic signal,03 - At intersection,01 - Daylight,03 - P.D. only,05 - Turning movement,Industrial Park
11881,RIVERSIDE DR @ TREMBLAY RD/HWY417 IC117 RAMP52,370802.0781,5031017.15,-75.65669934,45.41597683,2016-12-18,14:20,01 - Clear,02 - Wet,01 - Traffic signal,02 - Intersection related,01 - Daylight,03 - P.D. only,03 - Rear end,Industrial Park
11882,RIVERSIDE DR @ TREMBLAY RD/HWY417 IC117 RAMP52,370801.2499,5031015.494,-75.65671014,45.41596201,2016-12-26,11:27,04 - Freezing Rain,06 - Ice,01 - Traffic signal,02 - Intersection related,01 - Daylight,03 - P.D. only,03 - Rear end,Industrial Park
11883,RIVERSIDE DR @ TREMBLAY RD/HWY417 IC117 RAMP52,370803.0249,5031015.671,-75.65668744,45.41596344,2016-12-28,17:13,01 - Clear,01 - Dry,01 - Traffic signal,,07 - Dark,03 - P.D. only,04 - Sideswipe,Industrial Park
11884,RIVERSIDE DR @ UPLANDS DR/KIMBERWICK CRES N,368194.716,5022793.914,-75.69106568,45.34222749,2016-10-28,20:54,01 - Clear,01 - Dry,01 - Traffic signal,03 - At intersection,07 - Dark,02 - Non-fatal injury,03 - Rear end,Hunt Club Woods - Quintarra - Revelstoke - Riverside South P
11885,RIVERSIDE DR @ UPLANDS DR/KIMBERWICK CRES N,368194.4913,5022793.5,-75.6910686,45.34222378,2016-04-06,18:32,03 - Snow,03 - Loose snow,01 - Traffic signal,03 - At intersection,01 - Daylight,03 - P.D. only,05 - Turning movement,Hunt Club Woods - Quintarra - Revelstoke - Riverside South P
11886,RIVERSIDE DR @ UPLANDS DR/KIMBERWICK CRES N,368194.9407,5022794.399,-75.69106275,45.34223183,2016-05-11,9:28,01 - Clear,01 - Dry,01 - Traffic signal,02 - Intersection related,01 - Daylight,03 - P.D. only,03 - Rear end,Hunt Club Woods - Quintarra - Revelstoke - Riverside South P
11887,RIVERSIDE DR @ UPLANDS DR/KIMBERWICK CRES N,368194.0342,5022793.955,-75.69107438,45.34222792,2016-08-13,14:17,01 - Clear,01 - Dry,01 - Traffic signal,02 - Intersection related,01 - Daylight,03 - P.D. only,05 - Turning movement,Hunt Club Woods - Quintarra - Revelstoke - Riverside South P
11888,RIVERSIDE DR @ UPLANDS DR/KIMBERWICK CRES N,368194.9415,5022792.824,-75.69106295,45.34221766,2016-06-15,17:30,01 - Clear,01 - Dry,01 - Traffic signal,02 - Intersection related,01 - Daylight,03 - P.D. only,04 - Sideswipe,Hunt Club Woods - Quintarra - Revelstoke - Riverside South P
11889,RIVERSIDE DR @ UPLANDS DR/KIMBERWICK CRES N,368194.4905,5022792.824,-75.6910687,45.3422177,2016-07-02,15:24,01 - Clear,01 - Dry,01 - Traffic signal,02 - Intersection related,01 - Daylight,03 - P.D. only,03 - Rear end,Hunt Club Woods - Quintarra - Revelstoke - Riverside South P
11890,RIVERSIDE DR @ WALKLEY RD,368418.4992,5024853.529,-75.68794545,45.36073916,2016-05-08,21:12,01 - Clear,01 - Dry,01 - Traffic signal,03 - At intersection,07 - Dark,02 - Non-fatal injury,04 - Sideswipe,Riverside Park
11891,RIVERSIDE DR @ WALKLEY RD,368419.3825,5024852.432,-75.68793431,45.36072921,2016-02-24,22:03,04 - Freezing Rain,04 - Slush,01 - Traffic signal,02 - Intersection related,07 - Dark,03 - P.D. only,07 - SMV other,Riverside Park
11892,RIVERSIDE DR @ WALKLEY RD,368418.4994,5024852.856,-75.68794553,45.36073311,2016-03-07,11:30,01 - Clear,01 - Dry,01 - Traffic signal,02 - Intersection related,01 - Daylight,03 - P.D. only,03 - Rear end,Riverside Park
11893,RIVERSIDE DR @ WALKLEY RD,368417.6262,5024853.31,-75.68795662,45.36073727,2016-01-14,12:32,01 - Clear,02 - Wet,01 - Traffic signal,02 - Intersection related,01 - Daylight,03 - P.D. only,03 - Rear end,Riverside Park
11894,RIVERSIDE DR @ WALKLEY RD,368419.4057,5024853.075,-75.68793393,45.360735,2016-07-15,15:39,01 - Clear,01 - Dry,01 - Traffic signal,02 - Intersection related,01 - Daylight,03 - P.D. only,03 - Rear end,Riverside Park
11895,RIVERSIDE DR @ WALKLEY RD,368418.9479,5024853.305,-75.68793975,45.36073711,2016-03-28,13:05,02 - Rain,02 - Wet,01 - Traffic signal,02 - Intersection related,01 - Daylight,03 - P.D. only,03 - Rear end,Riverside Park
11896,RIVERSIDE DR @ WALKLEY RD,368420.3802,5024852.287,-75.6879216,45.36072782,2016-11-21,16:13,03 - Snow,05 - Packed snow,01 - Traffic signal,02 - Intersection related,01 - Daylight,03 - P.D. only,07 - SMV other,Riverside Park
11897,RIVERSIDE DR @ WALKLEY RD,368417.8957,5024853.115,-75.6879532,45.36073549,2016-10-04,7:35,01 - Clear,01 - Dry,01 - Traffic signal,02 - Intersection related,01 - Daylight,03 - P.D. only,03 - Rear end,Riverside Park
11898,RIVERSIDE DR btwn 175 S OF HUNT CLUB  RD & HUNT CLUB RD,368034.203,5021805.953,-75.69323992,45.3333525,2016-07-19,9:55,01 - Clear,01 - Dry,10 - No control,01 - Non intersection,01 - Daylight,03 - P.D. only,04 - Sideswipe,Hunt Club Woods - Quintarra - Revelstoke - Riverside South P
11899,RIVERSIDE DR btwn BAYPORT PRIV & MOONEY'S BAY PL,368329.5786,5025400.603,-75.68901002,45.36566966,2016-07-22,14:36,01 - Clear,01 - Dry,10 - No control,01 - Non intersection,01 - Daylight,03 - P.D. only,03 - Rear end,Riverside Park
11900,RIVERSIDE DR btwn FROBISHER LANE & END,370162.0372,5029556.108,-75.6650699,45.40289101,2016-04-10,22:52,01 - Clear,01 - Dry,10 - No control,01 - Non intersection,07 - Dark,03 - P.D. only,06 - SMV unattended vehicle,Industrial Park
11901,RIVERSIDE DR btwn FROBISHER LANE & END,370045.7928,5029310.475,-75.66658714,45.40069174,2016-04-25,19:38,01 - Clear,01 - Dry,10 - No control,01 - Non intersection,01 - Daylight,03 - P.D. only,01 - Approaching,Industrial Park
11902,RIVERSIDE DR btwn FROBISHER LANE & HINCKS LANE,370267.4294,5030188.442,-75.66363981,45.40857067,2016-04-27,23:21,01 - Clear,01 - Dry,10 - No control,01 - Non intersection,07 - Dark,03 - P.D. only,07 - SMV other,Industrial Park
11903,RIVERSIDE DR btwn FROBISHER LANE & HINCKS LANE,370254.2293,5030060.251,-75.66382545,45.40741849,2016-01-14,14:00,01 - Clear,03 - Loose snow,10 - No control,01 - Non intersection,01 - Daylight,03 - P.D. only,06 - SMV unattended vehicle,Industrial Park
11904,RIVERSIDE DR btwn GARDENVIEW PRIV & WALKLEY RD,368412.5086,5024836.215,-75.68802413,45.36058392,2016-02-17,19:29,01 - Clear,06 - Ice,10 - No control,01 - Non intersection,07 - Dark,03 - P.D. only,03 - Rear end,Riverside Park
11905,RIVERSIDE DR btwn HERON RD & HOG'S BACK RD,368157.2762,5026321.235,-75.69109126,45.37396887,2016-05-12,16:16,01 - Clear,01 - Dry,10 - No control,01 - Non intersection,01 - Daylight,02 - Non-fatal injury,03 - Rear end,Riverside Park
11906,RIVERSIDE DR btwn HERON RD & HOG'S BACK RD,368135.5082,5026532.472,-75.69134206,45.37587149,2016-09-02,19:40,01 - Clear,01 - Dry,10 - No control,01 - Non intersection,07 - Dark,03 - P.D. only,04 - Sideswipe,Riverside Park
11907,RIVERSIDE DR btwn HERON RD & RIVERSIDE DR RAMP 34,368112.7624,5026751.722,-75.69160434,45.3778463,2016-09-15,16:12,01 - Clear,01 - Dry,10 - No control,01 - Non intersection,01 - Daylight,03 - P.D. only,04 - Sideswipe,Riverside Park
11908,RIVERSIDE DR btwn HOG'S BACK RD & RIDGEWOOD AVE,368239.6509,5025807.337,-75.69010566,45.36933749,2016-06-24,21:25,01 - Clear,01 - Dry,10 - No control,01 - Non intersection,07 - Dark,02 - Non-fatal injury,03 - Rear end,Riverside Park
11909,RIVERSIDE DR btwn HOG'S BACK RD & RIDGEWOOD AVE,368171.3338,5026202.385,-75.69092705,45.37289821,2016-05-13,15:33,01 - Clear,01 - Dry,10 - No control,01 - Non intersection,01 - Daylight,03 - P.D. only,03 - Rear end,Riverside Park
11910,RIVERSIDE DR btwn HOG'S BACK RD & RIDGEWOOD AVE,368173.6398,5026170.55,-75.6909017,45.37261156,2016-09-03,7:58,01 - Clear,01 - Dry,10 - No control,01 - Non intersection,01 - Daylight,03 - P.D. only,04 - Sideswipe,Riverside Park
11911,RIVERSIDE DR btwn HOG'S BACK RD & RIDGEWOOD AVE,368177.2786,5026126.09,-75.69086095,45.37221119,2016-01-22,14:41,01 - Clear,01 - Dry,10 - No control,01 - Non intersection,01 - Daylight,03 - P.D. only,04 - Sideswipe,Riverside Park
11912,RIVERSIDE DR btwn HOG'S BACK RD & RIDGEWOOD AVE,368225.8888,5025878.636,-75.69027218,45.36998027,2016-10-04,15:07,01 - Clear,01 - Dry,10 - No control,04 - At/near private drive,01 - Daylight,03 - P.D. only,02 - Angle,Riverside Park
11913,RIVERSIDE DR btwn HUNT CLUB RD & KIMBERWICK CRES,368147.5395,5022525.82,-75.69170194,45.3398195,2016-10-07,17:00,01 - Clear,01 - Dry,10 - No control,01 - Non intersection,05 - Dusk,02 - Non-fatal injury,03 - Rear end,Hunt Club Woods - Quintarra - Revelstoke - Riverside South P
11914,RIVERSIDE DR btwn HUNT CLUB RD & KIMBERWICK CRES,368059.514,5022193.837,-75.69286745,45.33684032,2016-08-18,18:17,01 - Clear,01 - Dry,10 - No control,01 - Non intersection,01 - Daylight,03 - P.D. only,03 - Rear end,Hunt Club Woods - Quintarra - Revelstoke - Riverside South P
11915,RIVERSIDE DR btwn HUNT CLUB RD & TURN LANE,368037.3848,5022002.771,-75.69317418,45.33512315,2016-08-02,16:59,01 - Clear,01 - Dry,10 - No control,01 - Non intersection,01 - Daylight,03 - P.D. only,03 - Rear end,Hunt Club Woods - Quintarra - Revelstoke - Riverside South P
11916,RIVERSIDE DR btwn KIMBERWICK CRES & KIMBERWICK CRES,368182.2936,5022696.192,-75.6912367,45.34134933,2016-12-29,20:52,03 - Snow,03 - Loose snow,10 - No control,01 - Non intersection,07 - Dark,03 - P.D. only,04 - Sideswipe,Hunt Club Woods - Quintarra - Revelstoke - Riverside South P
11917,RIVERSIDE DR btwn KIMBERWICK CRES & MALHOTRA CRT,368198.4896,5022904.266,-75.69100339,45.34322007,2016-01-14,13:47,01 - Clear,01 - Dry,10 - No control,04 - At/near private drive,01 - Daylight,02 - Non-fatal injury,02 - Angle,Hunt Club Woods - Quintarra - Revelstoke - Riverside South P