Record,Location,X,Y,lon,lat,Date,Time,Environment,Road_Surface,Traffic_Control,Collision_Location,Light,Collision_Classification,Impact_type,Neighborhood
11918,RIVERSIDE DR btwn KIMBERWICK CRES & MALHOTRA CRT,368201.4151,5022937.481,-75.69096181,45.34351867,2016-02-10,7:48,01 - Clear,01 - Dry,10 - No control,01 - Non intersection,01 - Daylight,03 - P.D. only,03 - Rear end,Hunt Club Woods - Quintarra - Revelstoke - Riverside South P
11919,RIVERSIDE DR btwn MOONEY'S BAY PL & WALKLEY RD,368357.9521,5025289.231,-75.68866218,45.36466499,2016-10-15,2:20,01 - Clear,01 - Dry,10 - No control,01 - Non intersection,07 - Dark,03 - P.D. only,07 - SMV other,Riverside Park
11920,RIVERSIDE DR btwn MOONEY'S BAY PL & WALKLEY RD,368421.1903,5024866.534,-75.68790942,45.36085593,2016-04-06,9:20,01 - Clear,01 - Dry,10 - No control,01 - Non intersection,01 - Daylight,03 - P.D. only,04 - Sideswipe,Riverside Park
11921,RIVERSIDE DR btwn MOONEY'S BAY PL & WALKLEY RD,368372.5315,5025232.422,-75.6884834,45.36415252,2016-06-01,19:33,01 - Clear,01 - Dry,10 - No control,01 - Non intersection,01 - Daylight,03 - P.D. only,03 - Rear end,Riverside Park
11922,RIVERSIDE DR btwn RAMP & TURN LANE (1),368354.668,5027196.705,-75.68845865,45.38182823,2016-03-01,22:08,03 - Snow,04 - Slush,10 - No control,01 - Non intersection,07 - Dark,02 - Non-fatal injury,07 - SMV other,Riverside Park
11923,RIVERSIDE DR btwn RAMP & TURN LANE (1),368379.8214,5027220.806,-75.68813439,45.3820428,2016-02-05,13:15,01 - Clear,01 - Dry,10 - No control,01 - Non intersection,01 - Daylight,03 - P.D. only,03 - Rear end,Riverside Park
11924,RIVERSIDE DR btwn RAMP & TURN LANE (1),368380.536,5027220.101,-75.68812536,45.38203639,2016-04-20,14:45,01 - Clear,01 - Dry,10 - No control,01 - Non intersection,01 - Daylight,03 - P.D. only,03 - Rear end,Riverside Park
11925,RIVERSIDE DR btwn REVELSTOKE DR & GARDENVIEW PRIV,368226.2805,5024441.556,-75.69045163,45.35704975,2016-06-17,20:12,01 - Clear,01 - Dry,10 - No control,01 - Non intersection,01 - Daylight,03 - P.D. only,04 - Sideswipe,Hunt Club Woods - Quintarra - Revelstoke - Riverside South P
11926,RIVERSIDE DR btwn RIDGEWOOD AVE & BAYPORT PRIV,368298.4874,5025530.279,-75.68939021,45.36683927,2016-08-23,17:02,01 - Clear,01 - Dry,10 - No control,01 - Non intersection,01 - Daylight,03 - P.D. only,04 - Sideswipe,Riverside Park
11927,RIVERSIDE DR btwn RIVERGATE WAY & MALHOTRA CRT,368169.2001,5023060.968,-75.69135703,45.34463269,2016-01-11,11:54,01 - Clear,01 - Dry,10 - No control,04 - At/near private drive,01 - Daylight,03 - P.D. only,03 - Rear end,Hunt Club Woods - Quintarra - Revelstoke - Riverside South P
11928,RIVERSIDE DR btwn RIVERGATE WAY & MALHOTRA CRT,368141.5564,5023148.518,-75.69169854,45.34542294,2016-12-18,15:24,01 - Clear,02 - Wet,10 - No control,01 - Non intersection,01 - Daylight,03 - P.D. only,04 - Sideswipe,Hunt Club Woods - Quintarra - Revelstoke - Riverside South P
11929,RIVERSIDE DR btwn RIVERSIDE DR & RIVER RD,368399.9686,5020499.528,-75.68874167,45.32156449,2016-04-06,17:41,03 - Snow,03 - Loose snow,10 - No control,01 - Non intersection,01 - Daylight,02 - Non-fatal injury,07 - SMV other,Greenbelt
11930,RIVERSIDE DR btwn RIVERSIDE DR RAMP 42A & RIVERSIDE DR SPLIT,368473.0967,5027294.843,-75.68693391,45.38270049,2016-03-24,15:51,03 - Snow,04 - Slush,10 - No control,01 - Non intersection,01 - Daylight,03 - P.D. only,01 - Approaching,Alta Vista
11931,RIVERSIDE DR btwn RIVERSIDE DR RAMP 42A & RIVERSIDE DR SPLIT,368503.3331,5027324.638,-75.686544,45.38296583,2016-01-06,17:27,01 - Clear,02 - Wet,10 - No control,01 - Non intersection,05 - Dusk,03 - P.D. only,04 - Sideswipe,Alta Vista
11932,RIVERSIDE DR btwn TURN LANE & DATA CENTRE RD,368860.5012,5027637.369,-75.68194305,45.38574712,2016-10-04,19:10,01 - Clear,01 - Dry,10 - No control,01 - Non intersection,07 - Dark,03 - P.D. only,03 - Rear end,Alta Vista
11933,RIVERSIDE DR btwn TURN LANE & RAMP (2),368418.5971,5027249.116,-75.68763566,45.38229401,2016-02-01,12:24,01 - Clear,01 - Dry,10 - No control,01 - Non intersection,01 - Daylight,03 - P.D. only,04 - Sideswipe,Alta Vista
11934,RIVERSIDE DR NB btwn BANK ST & RIVERSIDE DR NB RAMP FROM EB TO WB,369337.779,5027933.264,-75.67581012,45.38836568,2016-05-24,20:54,01 - Clear,01 - Dry,10 - No control,01 - Non intersection,07 - Dark,03 - P.D. only,04 - Sideswipe,Alta Vista
11935,RIVERSIDE DR NB btwn BANK ST & RIVERSIDE DR NB RAMP FROM EB TO WB,369356.8823,5027972.078,-75.6755611,45.38871315,2016-03-17,14:18,02 - Rain,02 - Wet,10 - No control,04 - At/near private drive,01 - Daylight,03 - P.D. only,04 - Sideswipe,Alta Vista
11936,RIVERSIDE DR NB btwn BILLINGS BRIDGE SC RAMP NB & BILLINGS BRIDGE SC R,369124.504,5027773.227,-75.67855435,45.38694533,2016-06-07,14:34,01 - Clear,01 - Dry,10 - No control,01 - Non intersection,01 - Daylight,02 - Non-fatal injury,03 - Rear end,Alta Vista
11937,RIVERSIDE DR NB btwn BILLINGS BRIDGE SC RAMP SB & BANK ST,369258.1165,5027843.122,-75.67683913,45.38756194,2016-01-06,14:39,01 - Clear,02 - Wet,10 - No control,04 - At/near private drive,01 - Daylight,03 - P.D. only,04 - Sideswipe,Alta Vista
11938,RIVERSIDE DR NB btwn BILLINGS BRIDGE SC RAMP SB & BILLINGS BRIDGE SC R,369194.7609,5027792.767,-75.67765469,45.38711469,2016-02-02,14:27,01 - Clear,01 - Dry,10 - No control,01 - Non intersection,01 - Daylight,03 - P.D. only,04 - Sideswipe,Alta Vista
11939,RIVERSIDE DR NB btwn DATA CENTRE RD & BILLINGS BRIDGESC RAMP NB,368939.7782,5027705.278,-75.68092195,45.38635089,2016-03-23,11:19,01 - Clear,01 - Dry,10 - No control,01 - Non intersection,01 - Daylight,03 - P.D. only,03 - Rear end,Alta Vista
11940,RIVERSIDE DR NB btwn FROBISHER LANE & HINCKS LANE,370156.9432,5030154.657,-75.66505563,45.40827701,2016-07-17,13:01,01 - Clear,01 - Dry,10 - No control,01 - Non intersection,01 - Daylight,03 - P.D. only,04 - Sideswipe,Industrial Park
11941,RIVERSIDE DR NB btwn FROBISHER LANE & HINCKS LANE,370135.297,5029650.14,-75.66539898,45.40373957,2016-12-26,13:24,04 - Freezing Rain,06 - Ice,10 - No control,01 - Non intersection,01 - Daylight,03 - P.D. only,07 - SMV other,Industrial Park
11942,RIVERSIDE DR NB btwn HINCKS LANE & SAN REMO PRIV,370328.1076,5030379.079,-75.66283938,45.41028027,2016-04-14,10:55,01 - Clear,01 - Dry,10 - No control,01 - Non intersection,01 - Daylight,02 - Non-fatal injury,03 - Rear end,Industrial Park
11943,RIVERSIDE DR NB btwn HINCKS LANE & SAN REMO PRIV,370174.7072,5030236.201,-75.6648179,45.40900905,2016-04-27,0:20,01 - Clear,01 - Dry,10 - No control,01 - Non intersection,07 - Dark,03 - P.D. only,07 - SMV other,Industrial Park
11944,RIVERSIDE DR NB btwn HINCKS LANE & SAN REMO PRIV,370339.5104,5030383.619,-75.66269311,45.41032005,2016-03-21,15:30,01 - Clear,01 - Dry,10 - No control,01 - Non intersection,01 - Daylight,03 - P.D. only,04 - Sideswipe,Industrial Park
11945,RIVERSIDE DR NB btwn HINCKS LANE & SAN REMO PRIV,370181.372,5030254.044,-75.6647304,45.40916897,2016-05-27,12:40,01 - Clear,01 - Dry,10 - No control,01 - Non intersection,01 - Daylight,03 - P.D. only,03 - Rear end,Industrial Park
11946,RIVERSIDE DR NB btwn HINCKS LANE & SAN REMO PRIV,370369.4913,5030392.099,-75.662309,45.41039354,2016-07-17,13:14,01 - Clear,01 - Dry,10 - No control,01 - Non intersection,01 - Daylight,03 - P.D. only,04 - Sideswipe,Industrial Park
11947,RIVERSIDE DR NB btwn HWY417 IC117 RAMP25 & VANIER PKWY,370814.715,5031190.947,-75.65651461,45.41753939,2016-02-18,16:41,01 - Clear,02 - Wet,10 - No control,07 - Overpass or bridge,01 - Daylight,02 - Non-fatal injury,03 - Rear end,Industrial Park
11948,RIVERSIDE DR NB btwn HWY417 IC117 RAMP25 & VANIER PKWY,370816.3164,5031164.651,-75.65649767,45.41730264,2016-01-06,0:22,01 - Clear,01 - Dry,10 - No control,07 - Overpass or bridge,07 - Dark,03 - P.D. only,04 - Sideswipe,Industrial Park
11949,RIVERSIDE DR NB btwn HWY417 IC117 RAMP25 & VANIER PKWY,370820.3419,5031124.814,-75.65645158,45.41694383,2016-06-09,16:45,01 - Clear,01 - Dry,10 - No control,01 - Non intersection,01 - Daylight,03 - P.D. only,04 - Sideswipe,Industrial Park
11950,RIVERSIDE DR NB btwn HWY417 IC117 RAMP25 & VANIER PKWY,370819.7976,5031039.571,-75.65646996,45.4161769,2016-06-23,8:25,01 - Clear,01 - Dry,10 - No control,01 - Non intersection,01 - Daylight,03 - P.D. only,04 - Sideswipe,Industrial Park
11951,RIVERSIDE DR NB btwn INDUSTRIAL AVE & TREMBLAY RD,370731.0413,5030734.595,-75.65764467,45.41344121,2016-01-24,16:43,03 - Snow,02 - Wet,10 - No control,01 - Non intersection,05 - Dusk,02 - Non-fatal injury,03 - Rear end,Industrial Park
11952,RIVERSIDE DR NB btwn INDUSTRIAL AVE & TREMBLAY RD,370715.3604,5030690.69,-75.65785086,45.41304765,2016-10-22,12:16,02 - Rain,02 - Wet,10 - No control,01 - Non intersection,01 - Daylight,02 - Non-fatal injury,03 - Rear end,Industrial Park
11953,RIVERSIDE DR NB btwn INDUSTRIAL AVE & TREMBLAY RD,370695.9567,5030625.76,-75.65810742,45.41246526,2016-01-14,13:50,01 - Clear,04 - Slush,10 - No control,01 - Non intersection,01 - Daylight,02 - Non-fatal injury,03 - Rear end,Industrial Park
11954,RIVERSIDE DR NB btwn INDUSTRIAL AVE & TREMBLAY RD,370808.3416,5030987.804,-75.65662325,45.4157122,2016-01-21,12:13,01 - Clear,02 - Wet,10 - No control,01 - Non intersection,01 - Daylight,02 - Non-fatal injury,03 - Rear end,Industrial Park
11955,RIVERSIDE DR NB btwn INDUSTRIAL AVE & TREMBLAY RD,370731.4804,5030735.912,-75.65763888,45.41345302,2016-05-01,14:52,02 - Rain,02 - Wet,10 - No control,01 - Non intersection,01 - Daylight,02 - Non-fatal injury,04 - Sideswipe,Industrial Park
11956,RIVERSIDE DR NB btwn INDUSTRIAL AVE & TREMBLAY RD,370686.3095,5030598.917,-75.65823425,45.41222465,2016-06-07,15:10,01 - Clear,01 - Dry,10 - No control,01 - Non intersection,01 - Daylight,02 - Non-fatal injury,03 - Rear end,Industrial Park
11957,RIVERSIDE DR NB btwn INDUSTRIAL AVE & TREMBLAY RD,370745.2771,5030783.836,-75.65745622,45.41388292,2016-11-08,12:53,01 - Clear,01 - Dry,10 - No control,01 - Non intersection,01 - Daylight,02 - Non-fatal injury,03 - Rear end,Industrial Park
11958,RIVERSIDE DR NB btwn INDUSTRIAL AVE & TREMBLAY RD,370803.0172,5030982.314,-75.656692,45.4156633,2016-10-17,15:22,01 - Clear,01 - Dry,10 - No control,01 - Non intersection,01 - Daylight,03 - P.D. only,03 - Rear end,Industrial Park
11959,RIVERSIDE DR NB btwn INDUSTRIAL AVE & TREMBLAY RD,370692.622,5030616.703,-75.65815123,45.41238409,2016-02-09,15:27,01 - Clear,01 - Dry,10 - No control,01 - Non intersection,01 - Daylight,03 - P.D. only,03 - Rear end,Industrial Park
11960,RIVERSIDE DR NB btwn INDUSTRIAL AVE & TREMBLAY RD,370699.8257,5030641.482,-75.65805589,45.41260636,2016-05-18,16:46,01 - Clear,01 - Dry,10 - No control,01 - Non intersection,01 - Daylight,03 - P.D. only,03 - Rear end,Industrial Park
11961,RIVERSIDE DR NB btwn INDUSTRIAL AVE & TREMBLAY RD,370688.0117,5030604.628,-75.65821174,45.41227588,2016-02-05,15:50,01 - Clear,01 - Dry,10 - No control,01 - Non intersection,01 - Daylight,03 - P.D. only,04 - Sideswipe,Industrial Park
11962,RIVERSIDE DR NB btwn INDUSTRIAL AVE & TREMBLAY RD,370788.8197,5030922.874,-75.65688134,45.41512983,2016-05-12,7:50,01 - Clear,01 - Dry,10 - No control,01 - Non intersection,01 - Daylight,03 - P.D. only,03 - Rear end,Industrial Park
11963,RIVERSIDE DR NB btwn INDUSTRIAL AVE & TREMBLAY RD,370788.4417,5030917.726,-75.65688686,45.41508354,2016-08-15,13:31,01 - Clear,01 - Dry,10 - No control,01 - Non intersection,01 - Daylight,03 - P.D. only,03 - Rear end,Industrial Park
11964,RIVERSIDE DR NB btwn INDUSTRIAL AVE & TREMBLAY RD,370730.9418,5030738.438,-75.65764542,45.4134758,2016-05-25,15:29,01 - Clear,01 - Dry,10 - No control,01 - Non intersection,01 - Daylight,03 - P.D. only,04 - Sideswipe,Industrial Park
11965,RIVERSIDE DR NB btwn INDUSTRIAL AVE & TREMBLAY RD,370745.3725,5030781.279,-75.65745534,45.41385991,2016-06-07,11:18,01 - Clear,01 - Dry,10 - No control,01 - Non intersection,01 - Daylight,03 - P.D. only,03 - Rear end,Industrial Park
11966,RIVERSIDE DR NB btwn INDUSTRIAL AVE & TREMBLAY RD,370808.8963,5030994.09,-75.65661532,45.41576871,2016-07-28,16:45,01 - Clear,01 - Dry,10 - No control,01 - Non intersection,01 - Daylight,03 - P.D. only,04 - Sideswipe,Industrial Park
11967,RIVERSIDE DR NB btwn INDUSTRIAL AVE & TREMBLAY RD,370728.6109,5030727.957,-75.6576766,45.41338172,2016-11-03,16:30,01 - Clear,01 - Dry,10 - No control,01 - Non intersection,05 - Dusk,03 - P.D. only,03 - Rear end,Industrial Park
11968,RIVERSIDE DR NB btwn NEIL WAY & PLEASANT PARK RD,369522.042,5028365.514,-75.67340051,45.39223792,2016-01-09,0:49,03 - Snow,04 - Slush,10 - No control,01 - Non intersection,07 - Dark,03 - P.D. only,04 - Sideswipe,Alta Vista
11969,RIVERSIDE DR NB btwn NEIL WAY & PLEASANT PARK RD,369532.2953,5028377.733,-75.67326797,45.39234691,2016-04-29,12:45,01 - Clear,01 - Dry,10 - No control,01 - Non intersection,01 - Daylight,03 - P.D. only,04 - Sideswipe,Alta Vista
11970,RIVERSIDE DR NB btwn RIVERSIDE DR SPLIT & DATA CENTRE RD,368824.4945,5027604.634,-75.68240705,45.38545587,2016-08-02,16:34,01 - Clear,01 - Dry,10 - No control,01 - Non intersection,01 - Daylight,03 - P.D. only,04 - Sideswipe,Alta Vista
11971,RIVERSIDE DR NB btwn SAN REMO PRIV & INDUSTRIAL AVE,370474.105,5030402.79,-75.66097122,45.41047992,2016-08-13,15:45,02 - Rain,02 - Wet,10 - No control,01 - Non intersection,01 - Daylight,02 - Non-fatal injury,03 - Rear end,Industrial Park
11972,RIVERSIDE DR NB btwn SAN REMO PRIV & INDUSTRIAL AVE,370566.793,5030434.042,-75.65978303,45.41075241,2016-06-14,19:05,01 - Clear,01 - Dry,10 - No control,01 - Non intersection,01 - Daylight,03 - P.D. only,04 - Sideswipe,Industrial Park
11973,RIVERSIDE DR NB btwn SAN REMO PRIV & INDUSTRIAL AVE,370679.1692,5030576.349,-75.65832848,45.41202226,2016-02-27,15:15,01 - Clear,01 - Dry,10 - No control,01 - Non intersection,01 - Daylight,03 - P.D. only,04 - Sideswipe,Industrial Park
11974,RIVERSIDE DR NB btwn SAN REMO PRIV & INDUSTRIAL AVE,370650.7342,5030516.772,-75.65869968,45.41148889,2016-04-05,8:20,01 - Clear,01 - Dry,10 - No control,01 - Non intersection,01 - Daylight,03 - P.D. only,04 - Sideswipe,Industrial Park
11975,RIVERSIDE DR NB btwn SAN REMO PRIV & INDUSTRIAL AVE,370640.9067,5030500.426,-75.65882741,45.41134274,2016-11-25,9:38,03 - Snow,02 - Wet,10 - No control,01 - Non intersection,01 - Daylight,03 - P.D. only,03 - Rear end,Industrial Park
11976,RIVERSIDE DR NB btwn SMYTH RD NORTH SIDE RAMP & Continuation of RIVERS,370077.0901,5029510.549,-75.66616092,45.40248901,2016-04-29,14:04,01 - Clear,01 - Dry,10 - No control,01 - Non intersection,01 - Daylight,03 - P.D. only,05 - Turning movement,Industrial Park
11977,RIVERSIDE DR NB btwn SMYTH RD NORTH SIDE RAMP & Continuation of RIVERS,369989.2343,5029376.816,-75.66730074,45.40129392,2016-04-29,15:16,01 - Clear,01 - Dry,10 - No control,01 - Non intersection,01 - Daylight,03 - P.D. only,04 - Sideswipe,Industrial Park
11978,RIVERSIDE DR NB btwn TRANSITWAY - RIVERSIDE H & SMYTH RD SOUTH SIDE RA,369783.5287,5028947.801,-75.66998458,45.39745292,2016-11-17,14:06,01 - Clear,01 - Dry,10 - No control,01 - Non intersection,01 - Daylight,03 - P.D. only,03 - Rear end,Alta Vista
11979,RIVERSIDE DR RAMP 34 @ RIVERSIDE DR,368341.624,5027182.77,-75.68862699,45.38170403,2016-10-04,16:10,01 - Clear,01 - Dry,03 - Yield sign,02 - Intersection related,01 - Daylight,02 - Non-fatal injury,03 - Rear end,Riverside Park
11980,RIVERSIDE DR RAMP 34 @ RIVERSIDE DR,368339.9754,5027182.682,-75.68864805,45.38170339,2016-10-24,8:30,01 - Clear,01 - Dry,03 - Yield sign,02 - Intersection related,01 - Daylight,03 - P.D. only,99 - Other,Riverside Park
11981,RIVERSIDE DR RAMP 34 @ RIVERSIDE DR,368338.9167,5027182.294,-75.68866162,45.38169999,2016-04-06,23:01,03 - Snow,03 - Loose snow,03 - Yield sign,02 - Intersection related,07 - Dark,03 - P.D. only,07 - SMV other,Riverside Park
11982,RIVERSIDE DR RAMP 42A @ RIVERSIDE DR,368440.3963,5027266.948,-75.68735503,45.38245247,2016-06-01,17:55,01 - Clear,01 - Dry,03 - Yield sign,02 - Intersection related,01 - Daylight,02 - Non-fatal injury,03 - Rear end,Alta Vista
11983,RIVERSIDE DR RAMP 42A @ RIVERSIDE DR,368442.1962,5027269.176,-75.68733176,45.38247236,2016-08-17,15:11,01 - Clear,01 - Dry,03 - Yield sign,02 - Intersection related,01 - Daylight,02 - Non-fatal injury,07 - SMV other,Alta Vista
11984,RIVERSIDE DR RAMP 42A @ RIVERSIDE DR,368442.982,5027268.294,-75.68732184,45.38246435,2016-04-27,10:30,01 - Clear,01 - Dry,03 - Yield sign,02 - Intersection related,01 - Daylight,03 - P.D. only,04 - Sideswipe,Alta Vista
11985,RIVERSIDE DR RAMP 42A @ RIVERSIDE DR,368442.0668,5027269.089,-75.68733342,45.38247158,2016-12-30,15:34,01 - Clear,02 - Wet,03 - Yield sign,02 - Intersection related,01 - Daylight,03 - P.D. only,03 - Rear end,Alta Vista
11986,RIVERSIDE DR RAMP 42A @ RIVERSIDE DR,368439.0825,5027258.489,-75.68737289,45.38237648,2016-11-19,17:16,01 - Clear,01 - Dry,03 - Yield sign,02 - Intersection related,05 - Dusk,03 - P.D. only,03 - Rear end,Alta Vista
11987,RIVERSIDE DR RAMP 42A @ RIVERSIDE DR RAMP 42B,368480.4768,5027089.969,-75.68686611,45.38085642,2016-06-07,16:30,01 - Clear,01 - Dry,03 - Yield sign,02 - Intersection related,01 - Daylight,03 - P.D. only,03 - Rear end,Riverside Park
11988,RIVERSIDE DR SB btwn BANK ST & BILLINGS BRIDGE NB RAMP,369237.7905,5028000.011,-75.67707819,45.38897545,2016-01-25,10:53,01 - Clear,02 - Wet,10 - No control,01 - Non intersection,01 - Daylight,03 - P.D. only,05 - Turning movement,Alta Vista
11989,RIVERSIDE DR SB btwn BANK ST & BILLINGS BRIDGE NB RAMP,369236.0014,5027996.199,-75.67710153,45.38894132,2016-06-26,9:55,01 - Clear,01 - Dry,10 - No control,01 - Non intersection,01 - Daylight,03 - P.D. only,04 - Sideswipe,Alta Vista
11990,RIVERSIDE DR SB btwn BILLINGS BRIDGE NB RAMP & NEIL WAY,369285.9188,5028067.65,-75.67645478,45.38957961,2016-06-21,11:44,01 - Clear,01 - Dry,10 - No control,01 - Non intersection,01 - Daylight,02 - Non-fatal injury,03 - Rear end,Alta Vista
11991,RIVERSIDE DR SB btwn Continuation of RIVERSIDE DR & HWY417 IC117 RAMP5,370730.4004,5030784.372,-75.65764619,45.41388915,2016-06-23,13:30,01 - Clear,01 - Dry,10 - No control,01 - Non intersection,01 - Daylight,03 - P.D. only,04 - Sideswipe,Industrial Park
11992,RIVERSIDE DR SB btwn FROBISHER LANE & HINCKS LANE,370150.2665,5030195.236,-75.66513553,45.40864274,2016-04-27,3:39,01 - Clear,08 - Loose sand or gravel,10 - No control,01 - Non intersection,07 - Dark,03 - P.D. only,07 - SMV other,Industrial Park
11993,RIVERSIDE DR SB btwn HINCKS LANE & TO BE DETERMINED,370175.8256,5030268.92,-75.66479927,45.40930334,2016-08-12,15:43,01 - Clear,01 - Dry,10 - No control,01 - Non intersection,01 - Daylight,03 - P.D. only,03 - Rear end,Industrial Park
11994,RIVERSIDE DR SB btwn HWY417 IC117 RAMP52 & HWY417 IC117 RAMP35,370807.5359,5031115.389,-75.65661645,45.41686023,2016-06-21,16:58,01 - Clear,01 - Dry,10 - No control,01 - Non intersection,01 - Daylight,03 - P.D. only,03 - Rear end,Industrial Park
11995,RIVERSIDE DR SB btwn HWY417 IC117 RAMP53 & HWY417 IC117 RAMP52,370774.1967,5030924.36,-75.65706796,45.41514458,2016-11-18,17:59,01 - Clear,01 - Dry,10 - No control,01 - Non intersection,07 - Dark,02 - Non-fatal injury,04 - Sideswipe,Industrial Park
11996,RIVERSIDE DR SB btwn RIVERSIDE DR SPLIT & DATA CENTRE RD,368779.9668,5027613.96,-75.68297441,45.38554385,2016-05-22,6:26,01 - Clear,01 - Dry,10 - No control,01 - Non intersection,01 - Daylight,02 - Non-fatal injury,07 - SMV other,Alta Vista
11997,RIVERSIDE DR SB btwn SAN REMO PRIV & TERMINAL AVE,370408.3,5030406.336,-75.66181136,45.410518,2016-09-20,15:15,01 - Clear,01 - Dry,10 - No control,01 - Non intersection,01 - Daylight,03 - P.D. only,03 - Rear end,Industrial Park
11998,RIVERSIDE DR SB btwn SMYTH RD SOUTH SIDE RAMP & SMYTH RD NORTH SIDE RA,369811.04,5029156.188,-75.66960576,45.39932536,2016-08-29,15:39,01 - Clear,01 - Dry,10 - No control,06 - Underpass or tunnel,01 - Daylight,03 - P.D. only,07 - SMV other,Alta Vista
11999,RIVERSIDE DR SB btwn TERMINAL AVE & Continuation of RIVERSIDE DR,370701.184,5030695.517,-75.65803132,45.41309242,2016-01-22,6:40,01 - Clear,01 - Dry,10 - No control,01 - Non intersection,07 - Dark,03 - P.D. only,03 - Rear end,Industrial Park
12000,RIVERSIDE DR SB btwn TERMINAL AVE & Continuation of RIVERSIDE DR,370671.8663,5030612.17,-75.65841698,45.41234526,2016-05-24,15:45,01 - Clear,01 - Dry,10 - No control,01 - Non intersection,01 - Daylight,03 - P.D. only,03 - Rear end,Industrial Park
12001,RIVERTREE ST btwn CROWNRIDGE DR & MEADOWBREEZE DR,355852.1245,5015204.53,-75.84933098,45.27494386,2016-01-18,8:00,01 - Clear,05 - Packed snow,10 - No control,01 - Non intersection,01 - Daylight,03 - P.D. only,06 - SMV unattended vehicle,Bridlewood - Emerald Meadows
12002,ROB ROY AVE btwn CRESTHILL ST & END,360295.0014,5024581.125,-75.79165939,45.3589782,2016-12-13,0:00,03 - Snow,03 - Loose snow,10 - No control,01 - Non intersection,00 - Unknown,03 - P.D. only,06 - SMV unattended vehicle,Whitehaven - Queensway Terrace North
12003,ROBERTSON RD @ HAANEL DR,354987.9793,5019202.06,-75.85993947,45.31097665,2016-12-17,22:12,03 - Snow,03 - Loose snow,02 - Stop sign,02 - Intersection related,07 - Dark,03 - P.D. only,07 - SMV other,Greenbelt
12004,ROBERTSON RD @ VANIER RD,357396.8257,5020644.702,-75.82906771,45.32378142,2016-05-21,12:33,01 - Clear,01 - Dry,01 - Traffic signal,02 - Intersection related,01 - Daylight,02 - Non-fatal injury,03 - Rear end,Bells Corners East
12005,ROBERTSON RD @ VANIER RD,357395.6538,5020645.215,-75.8290826,45.32378612,2016-10-06,7:30,01 - Clear,01 - Dry,01 - Traffic signal,03 - At intersection,01 - Daylight,02 - Non-fatal injury,03 - Rear end,Bells Corners East
12006,ROBERTSON RD @ VANIER RD,357394.5561,5020645.703,-75.82909655,45.32379059,2016-02-17,8:40,01 - Clear,05 - Packed snow,01 - Traffic signal,02 - Intersection related,01 - Daylight,03 - P.D. only,03 - Rear end,Bells Corners East
12007,ROBERTSON RD @ WESTCLIFFE RD,356395.8696,5020052.339,-75.8418969,45.31852555,2016-05-16,16:18,01 - Clear,01 - Dry,01 - Traffic signal,03 - At intersection,01 - Daylight,02 - Non-fatal injury,03 - Rear end,Bells Corners West
12008,ROBERTSON RD btwn FITZGERALD RD & MOODIE DR,357049.3894,5020446.301,-75.83352028,45.32202213,2016-12-20,9:23,01 - Clear,04 - Slush,10 - No control,04 - At/near private drive,01 - Daylight,02 - Non-fatal injury,02 - Angle,Bells Corners West
12009,ROBERTSON RD btwn FITZGERALD RD & MOODIE DR,357015.816,5020426.047,-75.83395064,45.32184238,2016-12-14,7:57,01 - Clear,02 - Wet,10 - No control,04 - At/near private drive,01 - Daylight,02 - Non-fatal injury,05 - Turning movement,Bells Corners West
12010,ROBERTSON RD btwn FITZGERALD RD & MOODIE DR,356954.1559,5020388.444,-75.83474107,45.32150861,2016-05-08,15:10,01 - Clear,01 - Dry,10 - No control,04 - At/near private drive,01 - Daylight,03 - P.D. only,02 - Angle,Bells Corners West
12011,ROBERTSON RD btwn FITZGERALD RD & MOODIE DR,356980.4037,5020405.656,-75.83440447,45.32166153,2016-12-12,9:31,03 - Snow,03 - Loose snow,10 - No control,04 - At/near private drive,01 - Daylight,03 - P.D. only,02 - Angle,Bells Corners West
12012,ROBERTSON RD btwn FITZGERALD RD & MOODIE DR,356815.9203,5020305.984,-75.83651289,45.32077688,2016-11-24,7:55,03 - Snow,06 - Ice,10 - No control,04 - At/near private drive,01 - Daylight,03 - P.D. only,02 - Angle,Bells Corners West
12013,ROBERTSON RD btwn HAANEL DR & MILL HILL RD,355079.4519,5019259.735,-75.85876712,45.31148908,2016-05-24,10:51,01 - Clear,01 - Dry,10 - No control,01 - Non intersection,01 - Daylight,02 - Non-fatal injury,07 - SMV other,Greenbelt
12014,ROBERTSON RD btwn HAANEL DR & MILL HILL RD,356206.6762,5019940.975,-75.84432145,45.31753736,2016-09-02,15:02,01 - Clear,01 - Dry,10 - No control,01 - Non intersection,01 - Daylight,03 - P.D. only,03 - Rear end,Bells Corners West
12015,ROBERTSON RD btwn HAANEL DR & MILL HILL RD,356174.7616,5019922.57,-75.84473039,45.31737408,2016-09-15,23:44,01 - Clear,01 - Dry,10 - No control,01 - Non intersection,07 - Dark,03 - P.D. only,07 - SMV other,Bells Corners West
12016,ROBERTSON RD btwn HAANEL DR & MILL HILL RD,355163.2007,5019306.928,-75.85769431,45.31190773,2016-11-06,1:31,01 - Clear,01 - Dry,10 - No control,01 - Non intersection,07 - Dark,03 - P.D. only,07 - SMV other,Greenbelt
12017,ROBERTSON RD btwn HAZELDEAN RD & HAANEL DR,353897.4045,5018551.925,-75.87391142,45.3052037,2016-06-02,16:16,01 - Clear,01 - Dry,10 - No control,01 - Non intersection,01 - Daylight,02 - Non-fatal injury,07 - SMV other,Greenbelt
12018,ROBERTSON RD btwn HAZELDEAN RD & HAANEL DR,354110.2785,5018673.317,-75.87118495,45.3062811,2016-04-10,6:11,01 - Clear,01 - Dry,10 - No control,01 - Non intersection,03 - Dawn,02 - Non-fatal injury,07 - SMV other,Greenbelt