Record,Location,X,Y,lon,lat,Date,Time,Environment,Road_Surface,Traffic_Control,Collision_Location,Light,Collision_Classification,Impact_type,Neighborhood
12019,ROBERTSON RD btwn HAZELDEAN RD & HAANEL DR,354699.9062,5019030.412,-75.8636304,45.30945266,2016-06-02,11:11,01 - Clear,01 - Dry,10 - No control,01 - Non intersection,01 - Daylight,03 - P.D. only,07 - SMV other,Greenbelt
12020,ROBERTSON RD btwn HAZELDEAN RD & HAANEL DR,353941.712,5018577.855,-75.87334388,45.30543392,2016-04-18,18:13,01 - Clear,01 - Dry,10 - No control,01 - Non intersection,01 - Daylight,03 - P.D. only,07 - SMV other,Greenbelt
12021,ROBERTSON RD btwn HAZELDEAN RD & HAANEL DR,353754.0199,5018468.992,-75.87574794,45.30446746,2016-04-16,9:42,01 - Clear,01 - Dry,10 - No control,01 - Non intersection,01 - Daylight,03 - P.D. only,07 - SMV other,Greenbelt
12022,ROBERTSON RD btwn HAZELDEAN RD & HAANEL DR,354971.4161,5019192.122,-75.8601517,45.31088841,2016-12-12,7:21,03 - Snow,05 - Packed snow,10 - No control,01 - Non intersection,03 - Dawn,03 - P.D. only,07 - SMV other,Greenbelt
12023,ROBERTSON RD btwn MILL HILL RD & WESTCLIFFE RD,356357.4443,5020030.634,-75.84238924,45.31833307,2016-09-01,14:16,01 - Clear,01 - Dry,10 - No control,01 - Non intersection,01 - Daylight,03 - P.D. only,04 - Sideswipe,Bells Corners West
12024,ROBERTSON RD btwn MOODIE DR & VANIER RD,357196.0417,5020529.918,-75.8316409,45.32276359,2016-03-06,14:45,01 - Clear,01 - Dry,10 - No control,04 - At/near private drive,01 - Daylight,02 - Non-fatal injury,03 - Rear end,Bells Corners East
12025,ROBERTSON RD btwn MOODIE DR & VANIER RD,357108.6976,5020479.569,-75.8327603,45.32231706,2016-07-14,8:15,01 - Clear,01 - Dry,10 - No control,01 - Non intersection,01 - Daylight,02 - Non-fatal injury,03 - Rear end,Bells Corners East
12026,ROBERTSON RD btwn MOODIE DR & VANIER RD,357213.3208,5020542.032,-75.83141923,45.32287131,2016-02-24,15:09,03 - Snow,03 - Loose snow,10 - No control,04 - At/near private drive,01 - Daylight,03 - P.D. only,02 - Angle,Bells Corners East
12027,ROBERTSON RD btwn MOODIE DR & VANIER RD,357382.0424,5020639.336,-75.82925684,45.32373424,2016-06-18,12:46,01 - Clear,01 - Dry,10 - No control,01 - Non intersection,01 - Daylight,03 - P.D. only,04 - Sideswipe,Bells Corners East
12028,ROBERTSON RD btwn MOODIE DR & VANIER RD,357180.7072,5020522.525,-75.83183728,45.32269822,2016-06-17,16:56,01 - Clear,01 - Dry,10 - No control,04 - At/near private drive,01 - Daylight,03 - P.D. only,05 - Turning movement,Bells Corners East
12029,ROBERTSON RD btwn MOODIE DR & VANIER RD,357292.2892,5020587.723,-75.83040714,45.32327654,2016-09-26,7:37,01 - Clear,01 - Dry,10 - No control,01 - Non intersection,01 - Daylight,03 - P.D. only,04 - Sideswipe,Bells Corners East
12030,ROBERTSON RD btwn MOODIE DR & VANIER RD,357353.2828,5020620.675,-75.82962566,45.32356848,2016-11-15,10:57,01 - Clear,01 - Dry,10 - No control,04 - At/near private drive,01 - Daylight,03 - P.D. only,01 - Approaching,Bells Corners East
12031,ROBERTSON RD btwn VANIER RD & RICHMOND RD,357435.3874,5020669.234,-75.82857323,45.32399927,2016-03-08,16:06,01 - Clear,01 - Dry,10 - No control,04 - At/near private drive,01 - Daylight,03 - P.D. only,02 - Angle,Bells Corners East
12032,ROBERTSON RD btwn VANIER RD & RICHMOND RD,357554.8231,5020736.748,-75.8270426,45.3245978,2016-02-07,16:30,01 - Clear,01 - Dry,10 - No control,01 - Non intersection,01 - Daylight,03 - P.D. only,04 - Sideswipe,Bells Corners East
12033,ROBERTSON RD btwn VANIER RD & RICHMOND RD,357518.4522,5020714.382,-75.82750891,45.32439928,2016-03-02,12:39,03 - Snow,03 - Loose snow,10 - No control,01 - Non intersection,01 - Daylight,03 - P.D. only,04 - Sideswipe,Bells Corners East
12034,ROBERTSON RD btwn VANIER RD & RICHMOND RD,357556.952,5020736.981,-75.82701542,45.32459973,2016-06-15,23:22,01 - Clear,01 - Dry,10 - No control,01 - Non intersection,07 - Dark,03 - P.D. only,07 - SMV other,Bells Corners East
12035,ROBERTSON RD btwn WESTCLIFFE RD & FITZGERALD RD,356438.2716,5020081.657,-75.84135304,45.31878624,2016-06-02,17:50,01 - Clear,01 - Dry,10 - No control,04 - At/near private drive,01 - Daylight,02 - Non-fatal injury,07 - SMV other,Bells Corners West
12036,ROBERTSON RD btwn WESTCLIFFE RD & FITZGERALD RD,356447.818,5020081.209,-75.84123133,45.3187815,2016-12-20,19:04,01 - Clear,02 - Wet,10 - No control,01 - Non intersection,07 - Dark,03 - P.D. only,07 - SMV other,Bells Corners West
12037,ROBERTSON RD btwn WESTCLIFFE RD & FITZGERALD RD,356568.4213,5020155.112,-75.83968541,45.31943761,2016-12-02,17:44,01 - Clear,01 - Dry,10 - No control,04 - At/near private drive,07 - Dark,03 - P.D. only,02 - Angle,Bells Corners West
12038,ROBINSON AVE btwn LEES AVE & HURDMAN RD,369580.6869,5031222.488,-75.67227626,45.41793853,2016-08-27,3:27,01 - Clear,01 - Dry,10 - No control,01 - Non intersection,07 - Dark,03 - P.D. only,01 - Approaching,Sandy Hill
12039,ROBSON CRT btwn EVANSHEN CRES & END,350555.9638,5019694.828,-75.91641354,45.31571346,2016-05-17,12:55,01 - Clear,01 - Dry,10 - No control,04 - At/near private drive,01 - Daylight,03 - P.D. only,06 - SMV unattended vehicle,Kanata Lakes - Marchwood Lakeside - Morgan's Grant - Kanata
12040,ROCHESTER ST @ SOMERSET ST,366480.6648,5030202.826,-75.71200999,45.40904406,2016-07-22,14:13,01 - Clear,01 - Dry,01 - Traffic signal,03 - At intersection,01 - Daylight,01 - Fatal injury,07 - SMV other,Little Italy
12041,ROCHESTER ST @ SOMERSET ST,366481.4796,5030203.693,-75.71199947,45.40905178,2016-05-18,15:02,01 - Clear,01 - Dry,01 - Traffic signal,02 - Intersection related,01 - Daylight,03 - P.D. only,99 - Other,Centretown West
12042,ROCHESTER ST btwn HWY417 IC121B RAMP51 & ABERDEEN ST,366822.075,5029419.835,-75.70774727,45.40196875,2016-06-10,12:10,01 - Clear,01 - Dry,10 - No control,04 - At/near private drive,01 - Daylight,02 - Non-fatal injury,05 - Turning movement,Little Italy
12043,ROCHESTER ST btwn SOMERSET ST W & ECCLES ST,366494.4862,5030175.82,-75.71183681,45.40879984,2016-01-24,0:49,01 - Clear,01 - Dry,10 - No control,01 - Non intersection,07 - Dark,03 - P.D. only,07 - SMV other,Chinatown
12044,ROCHESTER ST btwn WILLOW ST & BALSAM ST,366606.0016,5029918.029,-75.71044462,45.40647047,2016-01-31,14:10,01 - Clear,01 - Dry,10 - No control,01 - Non intersection,01 - Daylight,03 - P.D. only,04 - Sideswipe,Little Italy
12045,ROCKCLIFFE PKWY btwn ACACIA AVE & HILLSDALE RD,368747.8765,5035558.326,-75.68235298,45.45702735,2016-07-13,8:35,01 - Clear,01 - Dry,10 - No control,01 - Non intersection,01 - Daylight,02 - Non-fatal injury,07 - SMV other,Rockcliffe - Manor Park
12046,ROCKCLIFFE PKWY btwn ACACIA AVE & HILLSDALE RD,368892.3988,5035568.247,-75.68050399,45.45710337,2016-02-24,18:39,03 - Snow,06 - Ice,10 - No control,01 - Non intersection,07 - Dark,03 - P.D. only,01 - Approaching,Rockcliffe - Manor Park
12047,ROCKCLIFFE PKWY btwn Continuation of ROCKCLIFFE PKWY & GL/OT BOUNDARY,372599.7234,5035848.994,-75.63306813,45.45927949,2016-12-12,7:40,01 - Clear,00 - Unknown,10 - No control,01 - Non intersection,03 - Dawn,03 - P.D. only,07 - SMV other,Gloucester
12048,ROCKCLIFFE PKWY btwn GL/OT BOUNDARY & ST. JOSEPH BLVD,377233.8198,5036024.744,-75.57379517,45.46039571,2016-12-04,14:56,01 - Clear,01 - Dry,10 - No control,01 - Non intersection,01 - Daylight,02 - Non-fatal injury,07 - SMV other,Greenbelt
12049,ROCKCLIFFE PKWY btwn GL/OT BOUNDARY & ST. JOSEPH BLVD,377289.9116,5036225.828,-75.57304838,45.46219911,2016-12-13,7:33,03 - Snow,03 - Loose snow,10 - No control,01 - Non intersection,03 - Dawn,02 - Non-fatal injury,01 - Approaching,Greenbelt
12050,ROCKCLIFFE PKWY btwn GL/OT BOUNDARY & ST. JOSEPH BLVD,377083.7416,5035338.483,-75.57581484,45.45423674,2016-07-03,16:59,01 - Clear,01 - Dry,10 - No control,01 - Non intersection,01 - Daylight,03 - P.D. only,07 - SMV other,Greenbelt
12051,ROCKCLIFFE PKWY btwn GL/OT BOUNDARY & ST. JOSEPH BLVD,377280.3866,5037146.579,-75.57303438,45.47048438,2016-11-20,21:40,03 - Snow,02 - Wet,10 - No control,01 - Non intersection,07 - Dark,03 - P.D. only,07 - SMV other,Greenbelt
12052,ROCKCLIFFE PKWY btwn GL/OT BOUNDARY & ST. JOSEPH BLVD,375879.1085,5036501.343,-75.59104662,45.46482298,2016-10-28,17:02,01 - Clear,02 - Wet,10 - No control,01 - Non intersection,01 - Daylight,03 - P.D. only,03 - Rear end,Greenbelt
12053,ROCKCLIFFE PKWY btwn GL/OT BOUNDARY & ST. JOSEPH BLVD,377425.9325,5037102.899,-75.57117967,45.47007626,2016-10-11,7:51,01 - Clear,01 - Dry,10 - No control,01 - Non intersection,01 - Daylight,03 - P.D. only,07 - SMV other,Greenbelt
12054,ROCKCLIFFE PKWY btwn PRINCESS AVE & BUENA VISTA RD,368245.9443,5034497.915,-75.68890689,45.44753195,2016-12-01,10:45,01 - Clear,02 - Wet,10 - No control,01 - Non intersection,01 - Daylight,03 - P.D. only,07 - SMV other,Rockcliffe - Manor Park
12055,ROCKCLIFFE PKWY btwn ROCKCLIFFE PRKY RAMPS & Continuation of ROCKCLIFF,372237.6783,5035734.412,-75.63771266,45.45828358,2016-01-18,10:40,01 - Clear,02 - Wet,10 - No control,01 - Non intersection,01 - Daylight,03 - P.D. only,07 - SMV other,Gloucester
12056,ROCKCLIFFE PKWY/AVIATION PKWY WB ON RAMP @ AVI,371338.9781,5035661.857,-75.64921236,45.45771693,2016-10-17,9:06,01 - Clear,01 - Dry,03 - Yield sign,02 - Intersection related,01 - Daylight,02 - Non-fatal injury,03 - Rear end,Gloucester
12057,ROCKDALE RD @ RUSSELL RD,393759.6417,5026972.254,-75.36415321,45.37704363,2016-09-19,16:42,01 - Clear,01 - Dry,02 - Stop sign,03 - At intersection,01 - Daylight,02 - Non-fatal injury,02 - Angle,Navan - Vars
12058,ROCKDALE RD @ RUSSELL RD,393761.5175,5026972.888,-75.36412915,45.37704909,2016-12-12,16:46,03 - Snow,05 - Packed snow,02 - Stop sign,02 - Intersection related,05 - Dusk,03 - P.D. only,01 - Approaching,Navan - Vars
12059,ROCKDALE RD @ RUSSELL RD,393758.2049,5026973.716,-75.36417129,45.37705696,2016-11-30,10:56,01 - Clear,02 - Wet,02 - Stop sign,02 - Intersection related,01 - Daylight,03 - P.D. only,07 - SMV other,Navan - Vars
12060,ROCKDALE RD btwn COLONIAL RD & END,391402.4301,5032703.497,-75.39323817,45.42890241,2016-11-18,5:55,01 - Clear,08 - Loose sand or gravel,10 - No control,01 - Non intersection,07 - Dark,03 - P.D. only,07 - SMV other,Navan - Vars
12061,ROCKDALE RD btwn DEVINE RD & FRANK KENNY RD,394891.2858,5024088.088,-75.35023297,45.35095068,2016-02-24,22:04,01 - Clear,01 - Dry,10 - No control,01 - Non intersection,07 - Dark,03 - P.D. only,07 - SMV other,Navan - Vars
12062,ROCKDALE RD btwn DEVINE RD & FRANK KENNY RD,394924.7246,5024001.451,-75.3498221,45.35016692,2016-01-12,12:41,03 - Snow,03 - Loose snow,10 - No control,01 - Non intersection,01 - Daylight,03 - P.D. only,07 - SMV other,Navan - Vars
12063,ROCKDALE RD btwn FRANK KENNY RD & HIGHWAY LANE,395191.7181,5023334.059,-75.34653737,45.34412813,2016-08-28,6:43,02 - Rain,02 - Wet,10 - No control,01 - Non intersection,01 - Daylight,03 - P.D. only,07 - SMV other,Navan - Vars
12064,ROCKDALE RD btwn HWY417 IC88 RAMP61 & HIGHWAY LANE,395357.3625,5022912.64,-75.3445012,45.34031532,2016-01-25,15:15,01 - Clear,02 - Wet,10 - No control,04 - At/near private drive,01 - Daylight,03 - P.D. only,02 - Angle,Navan - Vars
12065,ROCKDALE RD btwn HWY417 IC88 RAMP61 & HIGHWAY LANE,395348.2686,5022940.961,-75.34461203,45.3405713,2016-11-17,22:21,01 - Clear,01 - Dry,10 - No control,01 - Non intersection,07 - Dark,03 - P.D. only,07 - SMV other,Navan - Vars
12066,ROCKDALE RD btwn MAGLADRY RD & GOLF COURSE RD,392600.1798,5029780.435,-75.37845487,45.40245475,2016-08-21,22:30,01 - Clear,01 - Dry,10 - No control,01 - Non intersection,07 - Dark,02 - Non-fatal injury,07 - SMV other,Navan - Vars
12067,ROCKDALE RD btwn MAGLADRY RD & GOLF COURSE RD,393199.8936,5028347.744,-75.37105243,45.38948958,2016-01-13,8:30,01 - Clear,05 - Packed snow,10 - No control,01 - Non intersection,01 - Daylight,03 - P.D. only,07 - SMV other,Navan - Vars
12068,ROCKDALE RD N @ HIGHWAY 417,395344.6252,5022678.505,-75.34470654,45.33821049,2016-08-23,23:18,01 - Clear,01 - Dry,02 - Stop sign,03 - At intersection,07 - Dark,02 - Non-fatal injury,07 - SMV other,Navan - Vars
12069,ROCKDALE RD S @ HIGHWAY 417,395262.0273,5022266.472,-75.34583554,45.33451414,2016-01-14,9:20,03 - Snow,03 - Loose snow,02 - Stop sign,03 - At intersection,01 - Daylight,03 - P.D. only,02 - Angle,Navan - Vars
12070,ROCKINGHAM AVE btwn CLEMENTINE BLVD & BANK ST,369694.8501,5027314.458,-75.67133192,45.38276487,2016-05-03,13:43,01 - Clear,01 - Dry,10 - No control,04 - At/near private drive,01 - Daylight,03 - P.D. only,06 - SMV unattended vehicle,Alta Vista
12071,ROCKROSE WAY btwn BUNCHBERRY WAY & CREEKVIEW WAY,374102.034,5019690.246,-75.61612974,45.31374312,2016-09-28,18:46,01 - Clear,01 - Dry,10 - No control,01 - Non intersection,05 - Dusk,02 - Non-fatal injury,07 - SMV other,Greenbelt
12072,ROCKWAY CRES btwn ROCKWAY CRES & END,361451.8067,5022693.786,-75.77711127,45.34190349,2016-10-25,16:24,01 - Clear,01 - Dry,10 - No control,01 - Non intersection,01 - Daylight,03 - P.D. only,06 - SMV unattended vehicle,Briar Green - Leslie Park
12073,ROCKWAY CRES btwn ROCKWAY CRES & END,361459.3967,5022697.361,-75.77701401,45.34193505,2016-12-03,17:52,01 - Clear,01 - Dry,10 - No control,04 - At/near private drive,07 - Dark,03 - P.D. only,02 - Angle,Briar Green - Leslie Park
12074,ROCKY HILL DR @ PRINCE OF WALES DR,366969.4448,5014402.744,-75.70775139,45.26683439,2016-05-25,11:53,01 - Clear,01 - Dry,01 - Traffic signal,03 - At intersection,01 - Daylight,03 - P.D. only,02 - Angle,Chapman Mills - Rideau Crest - Davidson Heights
12075,ROCKY HILL DR @ PRINCE OF WALES DR,366968.242,5014403.63,-75.7077666,45.26684247,2016-06-05,13:06,02 - Rain,02 - Wet,01 - Traffic signal,02 - Intersection related,01 - Daylight,03 - P.D. only,03 - Rear end,Chapman Mills - Rideau Crest - Davidson Heights
12076,ROCKY HILL DR @ PRINCE OF WALES DR,366968.7684,5014403.006,-75.70775997,45.26683681,2016-12-16,13:07,01 - Clear,01 - Dry,01 - Traffic signal,03 - At intersection,01 - Daylight,03 - P.D. only,02 - Angle,Chapman Mills - Rideau Crest - Davidson Heights
12077,ROCKY HILL DR btwn ASHMORE DR & BEARMAN ST,366841.5238,5014463.317,-75.70937381,45.26739072,2016-04-18,10:34,01 - Clear,01 - Dry,10 - No control,04 - At/near private drive,01 - Daylight,03 - P.D. only,06 - SMV unattended vehicle,Chapman Mills - Rideau Crest - Davidson Heights
12078,ROGER GUINDON AVE @ SMYTH RD,371933.1064,5029226.686,-75.64249374,45.39975941,2016-01-15,11:45,01 - Clear,02 - Wet,01 - Traffic signal,03 - At intersection,01 - Daylight,02 - Non-fatal injury,07 - SMV other,Elmvale - Eastway - Riverview - Riverview Park West
12079,ROGER GUINDON AVE @ SMYTH RD,371935.2433,5029226.161,-75.64246652,45.39975448,2016-12-15,9:57,01 - Clear,02 - Wet,01 - Traffic signal,03 - At intersection,01 - Daylight,02 - Non-fatal injury,07 - SMV other,Elmvale - Eastway - Riverview - Riverview Park West
12080,ROGER GUINDON AVE @ SMYTH RD,371933.2514,5029226.381,-75.64249193,45.39975665,2016-10-21,17:37,02 - Rain,02 - Wet,01 - Traffic signal,02 - Intersection related,07 - Dark,03 - P.D. only,04 - Sideswipe,Elmvale - Eastway - Riverview - Riverview Park West
12081,ROGER GUINDON AVE btwn SMYTH RD & PETER MORAND CRES,371928.9411,5029239.826,-75.64254515,45.39987803,2016-11-08,15:54,01 - Clear,01 - Dry,10 - No control,01 - Non intersection,01 - Daylight,02 - Non-fatal injury,07 - SMV other,Elmvale - Eastway - Riverview - Riverview Park West
12082,ROGER STEVENS DR @ SECOND LINE RD,369956.0274,5001500.656,-75.67138356,45.1504717,2016-02-07,11:43,01 - Clear,01 - Dry,02 - Stop sign,03 - At intersection,01 - Daylight,02 - Non-fatal injury,02 - Angle,Kars - Osgoode
12083,ROGER STEVENS DR btwn DWYER HILL RD & MALAKOFF RD,362047.327,4995969.122,-75.77258601,45.10138272,2016-02-26,7:17,01 - Clear,06 - Ice,10 - No control,01 - Non intersection,01 - Daylight,02 - Non-fatal injury,03 - Rear end,Munster Hamlet - Richmond
12084,ROGER STEVENS DR btwn DWYER HILL RD & MALAKOFF RD,354625.0807,4989622.845,-75.86752093,45.04483709,2016-03-06,13:28,01 - Clear,01 - Dry,10 - No control,01 - Non intersection,01 - Daylight,03 - P.D. only,07 - SMV other,Munster Hamlet - Richmond
12085,ROGER STEVENS DR btwn DWYER HILL RD & MALAKOFF RD,361283.4725,4995301.124,-75.78236647,45.09543323,2016-02-19,22:15,01 - Clear,02 - Wet,10 - No control,01 - Non intersection,07 - Dark,03 - P.D. only,02 - Angle,Munster Hamlet - Richmond
12086,ROGER STEVENS DR btwn DWYER HILL RD & MALAKOFF RD,355833.5512,4990648.61,-75.85207738,45.05398153,2016-02-08,18:50,01 - Clear,01 - Dry,10 - No control,01 - Non intersection,07 - Dark,03 - P.D. only,07 - SMV other,Munster Hamlet - Richmond
12087,ROGER STEVENS DR btwn DWYER HILL RD & MALAKOFF RD,357433.7949,4991945.631,-75.83162606,45.06553573,2016-03-29,14:20,01 - Clear,01 - Dry,10 - No control,01 - Non intersection,01 - Daylight,03 - P.D. only,07 - SMV other,Munster Hamlet - Richmond
12088,ROGER STEVENS DR btwn DWYER HILL RD & MALAKOFF RD,362204.4297,4996110.623,-75.77057373,45.10264326,2016-11-16,18:00,"07 - Fog, mist, smoke, dust",01 - Dry,10 - No control,01 - Non intersection,07 - Dark,03 - P.D. only,07 - SMV other,Munster Hamlet - Richmond
12089,ROGER STEVENS DR btwn DWYER HILL RD & MALAKOFF RD,355861.5505,4990645.162,-75.85172227,45.05394849,2016-06-14,5:15,01 - Clear,01 - Dry,10 - No control,01 - Non intersection,03 - Dawn,03 - P.D. only,07 - SMV other,Munster Hamlet - Richmond
12090,ROGER STEVENS DR btwn FIRST LINE RD & ROLLING HILLS PL,371789.5158,5002593.505,-75.64792233,45.16013359,2016-11-29,6:10,04 - Freezing Rain,99 - Other,10 - No control,07 - Overpass or bridge,07 - Dark,03 - P.D. only,07 - SMV other,Kars - Osgoode
12091,ROGER STEVENS DR btwn HWY416 IC49 RAMP24 & SECOND LINE RD S,369925.731,5001461.579,-75.67177391,45.15012288,2016-02-13,9:45,05 - Drifting Snow,06 - Ice,10 - No control,01 - Non intersection,01 - Daylight,03 - P.D. only,07 - SMV other,Kars - Osgoode
12092,ROGER STEVENS DR btwn MALAKOFF RD & MCCORDICK RD,363863.6958,4997578.816,-75.7493184,45.11571787,2016-04-11,7:40,02 - Rain,02 - Wet,10 - No control,04 - At/near private drive,01 - Daylight,03 - P.D. only,05 - Turning movement,Munster Hamlet - Richmond
12093,ROGER STEVENS DR btwn MALAKOFF RD & MCCORDICK RD,363753.4366,4997476.57,-75.75073168,45.11480703,2016-05-18,5:27,01 - Clear,01 - Dry,10 - No control,01 - Non intersection,03 - Dawn,03 - P.D. only,07 - SMV other,Munster Hamlet - Richmond
12094,ROGER STEVENS DR btwn MCCORDICK RD & CRAIGHURST DR,364887.4129,4998471.975,-75.73620119,45.12366847,2016-02-20,7:35,02 - Rain,04 - Slush,10 - No control,01 - Non intersection,01 - Daylight,03 - P.D. only,07 - SMV other,Manotick - North Gower
12095,ROGER STEVENS DR btwn MCKENNA RD & DWYER HILL RD,354315.8381,4989330.154,-75.87147505,45.04222495,2016-11-28,6:03,01 - Clear,01 - Dry,10 - No control,01 - Non intersection,07 - Dark,03 - P.D. only,07 - SMV other,Munster Hamlet - Richmond
12096,ROGER STEVENS DR btwn SECOND LINE RD S & DORACK DR,369999.0343,5001548.922,-75.67083039,45.15090203,2016-10-07,22:20,01 - Clear,01 - Dry,10 - No control,01 - Non intersection,07 - Dark,02 - Non-fatal injury,07 - SMV other,Kars - Osgoode
12097,ROGER STEVENS DR btwn SECOND LINE RD S & DORACK DR,370508.0734,5001844.534,-75.66431849,45.15351477,2016-02-15,12:50,01 - Clear,01 - Dry,10 - No control,01 - Non intersection,01 - Daylight,03 - P.D. only,07 - SMV other,Kars - Osgoode
12098,ROGER STEVENS DR btwn SECOND LINE RD S & DORACK DR,370139.8891,5001631.784,-75.66902842,45.15163461,2016-07-06,8:47,01 - Clear,01 - Dry,10 - No control,01 - Non intersection,01 - Daylight,03 - P.D. only,07 - SMV other,Kars - Osgoode
12099,ROLAND MICHENER DR btwn EARL GREY DR & END,350894.6402,5018913.892,-75.91216683,45.30866425,2016-10-22,18:13,02 - Rain,02 - Wet,10 - No control,04 - At/near private drive,05 - Dusk,03 - P.D. only,02 - Angle,Kanata
12100,ROLAND MICHENER DR btwn EARL GREY DR & TRANSITWAY,350863.4664,5018912.512,-75.91256448,45.30865388,2016-12-29,0:46,01 - Clear,01 - Dry,10 - No control,01 - Non intersection,07 - Dark,03 - P.D. only,04 - Sideswipe,Kanata
12101,ROLLAND AVE btwn SANTA CRUZ PRIV & BLAIR ST,371038.7993,5030305.822,-75.6537707,45.40955423,2016-02-26,1:30,01 - Clear,05 - Packed snow,10 - No control,01 - Non intersection,07 - Dark,03 - P.D. only,06 - SMV unattended vehicle,Elmvale - Eastway - Riverview - Riverview Park West
12102,ROLLING MEADOW CRES btwn ESTERBROOK DR & KNOTRIDGE ST,381866.1867,5032520.769,-75.51511883,45.42837415,2016-12-25,9:00,01 - Clear,04 - Slush,10 - No control,01 - Non intersection,01 - Daylight,03 - P.D. only,06 - SMV unattended vehicle,Chapel Hill South
12103,ROOSEVELT AVE @ RICHMOND RD,362979.3669,5028118.228,-75.75698217,45.390587,2016-04-09,10:57,01 - Clear,01 - Dry,01 - Traffic signal,02 - Intersection related,01 - Daylight,03 - P.D. only,03 - Rear end,Westboro
12104,ROSEBELLA AVE btwn ALBION RD & FIRST (1ST) ST,372390.307,5023066.576,-75.63749742,45.34428912,2016-12-19,15:00,03 - Snow,05 - Packed snow,10 - No control,01 - Non intersection,01 - Daylight,03 - P.D. only,02 - Angle,Blossom Park - Blossom Park West - Sawmill Creek/ Timbermill
12105,ROSEHILL AVE @ HUNTMAR DR,350498.6966,5016460.541,-75.91744203,45.28661416,2016-08-31,12:00,01 - Clear,01 - Dry,11 - Roundabout,03 - At intersection,01 - Daylight,03 - P.D. only,03 - Rear end,Stittsville
12106,ROSEHILL AVE btwn BURNABY DR & ETESIAN ST,350365.8934,5016336.327,-75.9191463,45.28550507,2016-08-22,7:16,01 - Clear,01 - Dry,10 - No control,01 - Non intersection,01 - Daylight,03 - P.D. only,07 - SMV other,Stittsville
12107,ROSEMOUNT AVE @ WELLINGTON ST,365362.317,5029429.349,-75.72639091,45.40218216,2016-06-17,11:28,01 - Clear,01 - Dry,02 - Stop sign,02 - Intersection related,01 - Daylight,03 - P.D. only,04 - Sideswipe,Civi
12108,ROSEMOUNT AVE @ WELLINGTON ST,365363.1452,5029431.739,-75.72638004,45.40220359,2016-12-21,19:30,01 - Clear,02 - Wet,02 - Stop sign,02 - Intersection related,07 - Dark,03 - P.D. only,02 - Angle,Civi
12109,ROSEMOUNT AVE btwn WELLINGTON ST W & GLADSTONE AVE,365375.7089,5029399.981,-75.72622347,45.40191675,2016-02-23,11:17,01 - Clear,01 - Dry,10 - No control,04 - At/near private drive,01 - Daylight,03 - P.D. only,06 - SMV unattended vehicle,Civi
12110,ROSEWOOD AVE btwn GEORGINA DR & EDGEWORTH AVE,361174.5552,5025229.059,-75.7803597,45.3647381,2016-01-06,16:15,01 - Clear,01 - Dry,10 - No control,04 - At/near private drive,01 - Daylight,03 - P.D. only,06 - SMV unattended vehicle,Whitehaven - Queensway Terrace North
12111,ROSINGDALE ST btwn FOXLIGHT CIR & SUMMERGAZE ST,"356,864.55","5,015,648.07",-75.83638176,45.27886068,2016-05-03,0:00,01 - Clear,01 - Dry,10 - No control,01 - Non intersection,00 - Unknown,03 - P.D. only,06 - SMV unattended vehicle,Bridlewood - Emerald Meadows
12112,ROSLYN AVE btwn BEAUCHAMP AVE & HIAWATHA PARK RD,379170.9602,5038493.76,-75.54865483,45.48240651,2016-03-15,2:00,01 - Clear,02 - Wet,10 - No control,04 - At/near private drive,07 - Dark,03 - P.D. only,06 - SMV unattended vehicle,Orleans South West
12113,ROSSLAND AVE btwn PENDER ST & ST. HELEN'S PL,364501.9425,5024048.636,-75.73803072,45.35384132,2016-03-05,19:48,01 - Clear,04 - Slush,10 - No control,01 - Non intersection,07 - Dark,03 - P.D. only,06 - SMV unattended vehicle,Crestview - Meadowlands
12114,ROTARY WAY btwn BANK ST & FAIRWEATHER ST,375628.7945,5021287.845,-75.59643154,45.32796533,2016-12-09,8:43,03 - Snow,06 - Ice,10 - No control,01 - Non intersection,01 - Daylight,03 - P.D. only,03 - Rear end,Greenbelt
12115,ROTARY WAY btwn KINGSVILLE ST & LAGUNA ST,375836.094,5021408.704,-75.59376999,45.32903182,2016-07-31,13:31,01 - Clear,01 - Dry,10 - No control,01 - Non intersection,01 - Daylight,03 - P.D. only,07 - SMV other,Greenbelt
12116,ROTHBURY CRES btwn PROVENDER AVE & DRAYTON PRIV,372928.7041,5034730.855,-75.62901694,45.44918707,2016-02-21,18:00,01 - Clear,01 - Dry,10 - No control,01 - Non intersection,07 - Dark,03 - P.D. only,06 - SMV unattended vehicle,Gloucester
12117,ROTHESAY DR @ BALLANTRAE WAY,353850.8448,5016720.796,-75.87468624,45.28873005,2016-10-12,19:15,01 - Clear,01 - Dry,02 - Stop sign,02 - Intersection related,07 - Dark,03 - P.D. only,05 - Turning movement,Glen Cairn - Kanata South Business Park
12118,ROUGEMOUNT CRES btwn HARROWSMITH WAY & GARDENWAY DR (2),384157.5042,5036359.037,-75.48522204,45.46265125,2016-03-04,15:46,01 - Clear,01 - Dry,10 - No control,04 - At/near private drive,01 - Daylight,03 - P.D. only,06 - SMV unattended vehicle,Fallingbrook