Record,Location,X,Y,lon,lat,Date,Time,Environment,Road_Surface,Traffic_Control,Collision_Location,Light,Collision_Classification,Impact_type,Neighborhood
12119,ROWANWOOD AVE btwn BYRON AVE & KEENAN AVE,362151.7414,5027039.384,-75.76767639,45.38094795,2016-12-30,15:35,03 - Snow,06 - Ice,10 - No control,04 - At/near private drive,01 - Daylight,03 - P.D. only,06 - SMV unattended vehicle,Carlingwood - McKellar Park - Laurentien View
12120,ROWE DR btwn MCGIBBON DR & MCGIBBON DR,351207.8988,5018353.331,-75.90822462,45.30359954,2016-02-25,8:06,02 - Rain,06 - Ice,10 - No control,01 - Non intersection,01 - Daylight,03 - P.D. only,01 - Approaching,Katimavik - Hazeldean
12121,ROYAL FERN WAY btwn EYE BRIGHT CRES & EYE BRIGHT CRES,369690.6433,5015846.715,-75.67288896,45.27958124,2016-01-04,10:30,01 - Clear,05 - Packed snow,10 - No control,01 - Non intersection,01 - Daylight,03 - P.D. only,06 - SMV unattended vehicle,Gloucester
12122,ROYAL ORCHARD DR btwn QUILLIVAN LANE & WILHAVEN DR,392677.8466,5041422.218,-75.37538278,45.50718349,2016-02-20,14:00,01 - Clear,04 - Slush,10 - No control,01 - Non intersection,01 - Daylight,03 - P.D. only,06 - SMV unattended vehicle,Cumberland - Estates
12123,ROYDON PL btwn WOODFIELD DR & WEST HUNT CLUB RD,365480.4308,5022308.876,-75.72575696,45.33810322,2016-01-08,13:52,01 - Clear,01 - Dry,10 - No control,04 - At/near private drive,01 - Daylight,02 - Non-fatal injury,02 - Angle,Industrial Park
12124,ROYDON PL btwn WOODFIELD DR & WEST HUNT CLUB RD,365539.0506,5022347.767,-75.7250043,45.33844808,2016-12-08,13:56,01 - Clear,02 - Wet,10 - No control,04 - At/near private drive,01 - Daylight,02 - Non-fatal injury,05 - Turning movement,Industrial Park
12125,ROYDON PL btwn WOODFIELD DR & WEST HUNT CLUB RD,365541.9018,5022348.717,-75.72496781,45.33845638,2016-01-24,16:04,01 - Clear,01 - Dry,10 - No control,04 - At/near private drive,01 - Daylight,03 - P.D. only,02 - Angle,Industrial Park
12126,ROYDON PL btwn WOODFIELD DR & WEST HUNT CLUB RD,365814.5734,5022392.865,-75.72148355,45.33882996,2016-10-28,13:25,01 - Clear,02 - Wet,10 - No control,04 - At/near private drive,01 - Daylight,03 - P.D. only,05 - Turning movement,Industrial Park
12127,ROYDON PL btwn WOODFIELD DR & WEST HUNT CLUB RD,365893.6096,5022299.964,-75.72048665,45.33798717,2016-08-06,17:00,01 - Clear,01 - Dry,10 - No control,04 - At/near private drive,01 - Daylight,03 - P.D. only,05 - Turning movement,Industrial Park
12128,ROYDON PL btwn WOODFIELD DR & WEST HUNT CLUB RD,365944.9152,5022216.989,-75.71984234,45.33723611,2016-12-19,14:14,01 - Clear,05 - Packed snow,10 - No control,04 - At/near private drive,01 - Daylight,03 - P.D. only,02 - Angle,Industrial Park
12129,ROYDON PL btwn WOODFIELD DR & WEST HUNT CLUB RD,365947.7263,5022209.957,-75.71980735,45.33717259,2016-12-11,16:00,03 - Snow,02 - Wet,10 - No control,04 - At/near private drive,05 - Dusk,03 - P.D. only,02 - Angle,Industrial Park
12130,ROYDON PL btwn WOODFIELD DR & WEST HUNT CLUB RD,365765.3463,5022384.128,-75.72211269,45.33875563,2016-12-12,15:46,03 - Snow,03 - Loose snow,10 - No control,04 - At/near private drive,01 - Daylight,03 - P.D. only,02 - Angle,Industrial Park
12131,RUSKIN ST btwn PARKDALE AVE & MACFARLANE AVE,365652.0005,5028515.032,-75.7228037,45.39393023,2016-09-20,13:41,01 - Clear,01 - Dry,10 - No control,04 - At/near private drive,01 - Daylight,03 - P.D. only,02 - Angle,Civic Hospital - Experimental Farm - Central Park
12132,RUSSELL AVE @ LAURIER AVE,369037.6247,5032215.313,-75.67908496,45.42692168,2016-01-12,17:47,03 - Snow,03 - Loose snow,02 - Stop sign,02 - Intersection related,07 - Dark,03 - P.D. only,01 - Approaching,Sandy Hill
12133,RUSSELL AVE @ LAURIER AVE,369037.521,5032215.969,-75.6790862,45.42692759,2016-06-10,16:50,01 - Clear,01 - Dry,02 - Stop sign,03 - At intersection,01 - Daylight,03 - P.D. only,02 - Angle,Sandy Hill
12134,RUSSELL AVE @ LAURIER AVE,369037.786,5032215.797,-75.67908284,45.42692602,2016-12-10,14:00,01 - Clear,04 - Slush,02 - Stop sign,03 - At intersection,01 - Daylight,03 - P.D. only,02 - Angle,Sandy Hill
12135,RUSSELL AVE @ LAURIER AVE,369036.8825,5032213.51,-75.67909468,45.42690552,2016-12-13,9:21,01 - Clear,03 - Loose snow,02 - Stop sign,03 - At intersection,01 - Daylight,03 - P.D. only,02 - Angle,Sandy Hill
12136,RUSSELL AVE btwn SOMERSET ST E & TEMPLETON ST,369320.531,5031753.977,-75.67553041,45.42274471,2016-02-06,19:45,01 - Clear,01 - Dry,10 - No control,04 - At/near private drive,07 - Dark,03 - P.D. only,06 - SMV unattended vehicle,Sandy Hill
12137,RUSSELL RD @ SAUMURE RD/LANGLADE RD,399948.1234,5029464.485,-75.28467481,45.39865219,2016-05-10,10:51,01 - Clear,01 - Dry,02 - Stop sign,02 - Intersection related,01 - Daylight,03 - P.D. only,03 - Rear end,Navan - Vars
12138,RUSSELL RD @ SAUMURE RD/LANGLADE RD,399947.6742,5029464.26,-75.28468059,45.39865023,2016-05-04,20:56,01 - Clear,01 - Dry,02 - Stop sign,02 - Intersection related,05 - Dusk,03 - P.D. only,07 - SMV other,Navan - Vars
12139,RUSSELL RD @ SOUTHVALE CRES N,373797.3233,5029097.02,-75.61870261,45.39841149,2016-03-24,17:56,03 - Snow,06 - Ice,01 - Traffic signal,02 - Intersection related,01 - Daylight,03 - P.D. only,07 - SMV other,Sheffield Glen
12140,RUSSELL RD @ SOUTHVALE CRES S,374457.5149,5028633.768,-75.61033647,45.39417801,2016-03-29,10:30,01 - Clear,01 - Dry,01 - Traffic signal,03 - At intersection,01 - Daylight,02 - Non-fatal injury,07 - SMV other,Sheffield Glen
12141,RUSSELL RD @ THIRSK ST,372542.6471,5029955.251,-75.63460875,45.406256,2016-02-18,14:04,03 - Snow,02 - Wet,02 - Stop sign,03 - At intersection,01 - Daylight,03 - P.D. only,02 - Angle,Elmvale - Eastway - Riverview - Riverview Park West
12142,RUSSELL RD @ TUPPER AVE,374257.4098,5028748.096,-75.6128758,45.39522655,2016-05-02,7:10,01 - Clear,02 - Wet,01 - Traffic signal,02 - Intersection related,01 - Daylight,02 - Non-fatal injury,03 - Rear end,Hawthorne Meadows
12143,RUSSELL RD btwn ANDERSON RD & FARMERS WAY,381364.2265,5026224.215,-75.52251021,45.37177742,2016-04-06,17:19,03 - Snow,03 - Loose snow,10 - No control,01 - Non intersection,01 - Daylight,02 - Non-fatal injury,01 - Approaching,Greenbelt
12144,RUSSELL RD btwn ANDERSON RD & FARMERS WAY,379976.7585,5026641.35,-75.5401579,45.37568075,2016-05-19,13:39,01 - Clear,01 - Dry,10 - No control,01 - Non intersection,01 - Daylight,03 - P.D. only,05 - Turning movement,Greenbelt
12145,RUSSELL RD btwn ANDERSON RD & FARMERS WAY,379983.9936,5026652.655,-75.54006381,45.37578169,2016-11-21,21:50,03 - Snow,03 - Loose snow,10 - No control,01 - Non intersection,07 - Dark,03 - P.D. only,07 - SMV other,Greenbelt
12146,RUSSELL RD btwn ANDERSON RD & FARMERS WAY,381720.5122,5026254.508,-75.51795749,45.37201096,2016-12-13,6:42,03 - Snow,06 - Ice,10 - No control,01 - Non intersection,07 - Dark,03 - P.D. only,07 - SMV other,Greenbelt
12147,RUSSELL RD btwn BIRCHGROVE RD & CANAAN RD,401090.1022,5030042.348,-75.26997887,45.40369483,2016-02-26,13:41,01 - Clear,01 - Dry,10 - No control,01 - Non intersection,01 - Daylight,03 - P.D. only,07 - SMV other,Navan - Vars
12148,RUSSELL RD btwn BIRCHGROVE RD & CANAAN RD,401142.976,5030069.392,-75.26929833,45.40393085,2016-02-13,16:17,03 - Snow,06 - Ice,10 - No control,01 - Non intersection,01 - Daylight,03 - P.D. only,07 - SMV other,Navan - Vars
12149,RUSSELL RD btwn BIRCHGROVE RD & CANAAN RD,401042.2354,5030032.004,-75.27059221,45.40360835,2016-10-15,20:39,01 - Clear,01 - Dry,10 - No control,04 - At/near private drive,07 - Dark,03 - P.D. only,05 - Turning movement,Navan - Vars
12150,RUSSELL RD btwn BIRCHGROVE RD & CANAAN RD,400445.7555,5029683.024,-75.27827763,45.40055049,2016-10-15,2:02,01 - Clear,01 - Dry,10 - No control,01 - Non intersection,07 - Dark,03 - P.D. only,07 - SMV other,Navan - Vars
12151,RUSSELL RD btwn CARLSBAD LANE & MILTON RD,389650.9844,5025323.143,-75.41688661,45.36271613,2016-04-30,16:18,01 - Clear,01 - Dry,10 - No control,01 - Non intersection,01 - Daylight,03 - P.D. only,04 - Sideswipe,Navan - Vars
12152,RUSSELL RD btwn CARLSBAD LANE & MILTON RD,389545.2115,5025350.219,-75.41823191,45.36297252,2016-06-25,22:30,01 - Clear,01 - Dry,10 - No control,01 - Non intersection,07 - Dark,03 - P.D. only,07 - SMV other,Navan - Vars
12153,RUSSELL RD btwn CLAYTON RD & RUISSELLET RD,398377.9878,5028802.271,-75.3048513,45.3929061,2016-02-26,5:46,01 - Clear,06 - Ice,10 - No control,01 - Non intersection,07 - Dark,03 - P.D. only,07 - SMV other,Navan - Vars
12154,RUSSELL RD btwn CUBA AVE & SMYTH RD,373229.3794,5029391.93,-75.62591515,45.4011207,2016-01-16,10:04,03 - Snow,06 - Ice,10 - No control,01 - Non intersection,01 - Daylight,03 - P.D. only,01 - Approaching,Elmvale - Eastway - Riverview - Riverview Park West
12155,RUSSELL RD btwn CUBA AVE & SMYTH RD,373227.4142,5029397.545,-75.62593947,45.40117141,2016-12-08,22:14,03 - Snow,06 - Ice,10 - No control,01 - Non intersection,07 - Dark,03 - P.D. only,01 - Approaching,Elmvale - Eastway - Riverview - Riverview Park West
12156,RUSSELL RD btwn DUNNING RD & CLAYTON RD,396483.4905,5028079.167,-75.32917643,45.38665112,2016-02-27,18:30,05 - Drifting Snow,06 - Ice,10 - No control,01 - Non intersection,07 - Dark,02 - Non-fatal injury,07 - SMV other,Navan - Vars
12157,RUSSELL RD btwn DUNNING RD & CLAYTON RD,396351.7074,5028010.383,-75.33087175,45.38604953,2016-01-17,9:00,01 - Clear,06 - Ice,10 - No control,01 - Non intersection,01 - Daylight,03 - P.D. only,07 - SMV other,Navan - Vars
12158,RUSSELL RD btwn HAIG DR & CUBA AVE,372747.9914,5029635.924,-75.63202984,45.40336294,2016-01-01,0:00,03 - Snow,03 - Loose snow,10 - No control,01 - Non intersection,00 - Unknown,03 - P.D. only,06 - SMV unattended vehicle,Elmvale - Eastway - Riverview - Riverview Park West
12159,RUSSELL RD btwn HAIG DR & CUBA AVE,372788.7016,5029585.443,-75.63151683,45.40290478,2016-12-17,21:46,03 - Snow,03 - Loose snow,10 - No control,04 - At/near private drive,07 - Dark,03 - P.D. only,06 - SMV unattended vehicle,Elmvale - Eastway - Riverview - Riverview Park West
12160,RUSSELL RD btwn HAIG DR & CUBA AVE,372884.7679,5029540.723,-75.630296,45.40249307,2016-12-07,15:25,01 - Clear,02 - Wet,10 - No control,01 - Non intersection,01 - Daylight,03 - P.D. only,06 - SMV unattended vehicle,Elmvale - Eastway - Riverview - Riverview Park West
12161,RUSSELL RD btwn HERBERT DR & FORCED RD,395114.2556,5027499.234,-75.34676446,45.38161147,2016-03-24,20:20,02 - Rain,03 - Loose snow,10 - No control,04 - At/near private drive,07 - Dark,03 - P.D. only,99 - Other,Navan - Vars
12162,RUSSELL RD btwn HYDRO RD & RUSSELL RD,375126.4261,5028087.173,-75.60187211,45.38919316,2016-12-27,7:23,01 - Clear,02 - Wet,10 - No control,01 - Non intersection,03 - Dawn,03 - P.D. only,07 - SMV other,Industrial Park
12163,RUSSELL RD btwn MILTON RD & SAND RD,389873.5261,5025362.402,-75.41403965,45.36304237,2016-01-21,18:00,01 - Clear,01 - Dry,10 - No control,01 - Non intersection,07 - Dark,03 - P.D. only,07 - SMV other,Navan - Vars
12164,RUSSELL RD btwn MILTON RD & SAND RD,390194.2827,5025512.23,-75.40992005,45.36435138,2016-11-29,22:23,"07 - Fog, mist, smoke, dust",02 - Wet,10 - No control,01 - Non intersection,07 - Dark,03 - P.D. only,07 - SMV other,Navan - Vars
12165,RUSSELL RD btwn RUSSELL RD & CARLSBAD LANE,388000.5422,5025668.832,-75.43789245,45.36602415,2016-09-16,8:03,01 - Clear,01 - Dry,10 - No control,01 - Non intersection,01 - Daylight,02 - Non-fatal injury,03 - Rear end,Navan - Vars
12166,RUSSELL RD btwn RUSSELL RD & CARLSBAD LANE,388097.5839,5025649.692,-75.43665709,45.36584042,2016-09-29,18:08,01 - Clear,01 - Dry,10 - No control,01 - Non intersection,01 - Daylight,03 - P.D. only,07 - SMV other,Navan - Vars
12167,RUSSELL RD btwn RUSSELL RD & CARLSBAD LANE,386927.6894,5025895.856,-75.45154803,45.36819324,2016-12-01,18:38,01 - Clear,01 - Dry,10 - No control,01 - Non intersection,07 - Dark,03 - P.D. only,07 - SMV other,Navan - Vars
12168,RUSSELL RD btwn RUSSELL RD & WALKLEY RD,374707.5558,5028461.126,-75.60716781,45.39259974,2016-04-19,7:44,01 - Clear,01 - Dry,10 - No control,01 - Non intersection,01 - Daylight,03 - P.D. only,03 - Rear end,Industrial Park
12169,RUSSELL RD btwn SAND RD & FRANK KENNY RD,391155.8701,5025939.116,-75.39757281,45.36807426,2016-11-15,18:15,01 - Clear,01 - Dry,10 - No control,01 - Non intersection,07 - Dark,03 - P.D. only,07 - SMV other,Navan - Vars
12170,RUSSELL RD btwn SMYTH RD & ST. LAURENT BLVD,373368.7451,5029419.445,-75.62413134,45.40135463,2016-11-20,15:00,03 - Snow,02 - Wet,10 - No control,01 - Non intersection,01 - Daylight,02 - Non-fatal injury,03 - Rear end,Sheffield Glen
12171,RUSSELL RD btwn SMYTH RD & ST. LAURENT BLVD,373379.6266,5029404.871,-75.62399439,45.40122243,2016-04-06,20:45,03 - Snow,02 - Wet,10 - No control,01 - Non intersection,07 - Dark,03 - P.D. only,04 - Sideswipe,Hawthorn
12172,RUSSELL RD btwn SOUTHVALE CRES & TUPPER AVE,373842.0571,5029067.181,-75.61813548,45.39813861,2016-07-30,20:58,01 - Clear,01 - Dry,10 - No control,01 - Non intersection,05 - Dusk,02 - Non-fatal injury,07 - SMV other,Sheffield Glen
12173,RUSSELL RD btwn SOUTHVALE CRES & WALKLEY RD,374669.914,5028502.176,-75.60764268,45.39297285,2016-08-15,7:04,"07 - Fog, mist, smoke, dust",01 - Dry,10 - No control,01 - Non intersection,01 - Daylight,03 - P.D. only,04 - Sideswipe,Sheffield Glen
12174,RUSSELL RD btwn SPRING ST & WAY ST,385189.3028,5026510.044,-75.47363691,45.37392075,2016-08-08,5:04,01 - Clear,01 - Dry,10 - No control,01 - Non intersection,07 - Dark,03 - P.D. only,07 - SMV other,Greenbelt
12175,RUSSELL RD btwn ST. LAURENT BLVD & SOUTHVALE CRES,373580.9928,5029252.947,-75.62144372,45.39983574,2016-02-21,16:57,01 - Clear,01 - Dry,10 - No control,01 - Non intersection,01 - Daylight,02 - Non-fatal injury,04 - Sideswipe,Sheffield Glen
12176,RUSSELL RD btwn ST. LAURENT BLVD & ST. LAURENT BLVD,373451.3203,5029345.46,-75.62308698,45.40068085,2016-07-25,17:43,01 - Clear,01 - Dry,10 - No control,04 - At/near private drive,01 - Daylight,03 - P.D. only,02 - Angle,Hawthorne Meadows - Sheffield Glen
12177,RUSSELL RD btwn THIRSK ST & HAIG DR,372702.6051,5029700.604,-75.63260064,45.4039493,2016-02-24,8:12,03 - Snow,03 - Loose snow,10 - No control,04 - At/near private drive,01 - Daylight,02 - Non-fatal injury,07 - SMV other,Elmvale - Eastway - Riverview - Riverview Park West
12178,RUSSELL RD btwn THIRSK ST & HAIG DR,372569.9195,5029903.285,-75.63426753,45.40578579,2016-02-17,15:15,03 - Snow,05 - Packed snow,10 - No control,01 - Non intersection,01 - Daylight,03 - P.D. only,06 - SMV unattended vehicle,Elmvale - Eastway - Riverview - Riverview Park West
12179,RUSSELL RD btwn TO BE DETERMINED & LEITRIM RD (2),383353.2123,5026595.964,-75.49706171,45.37490202,2016-06-01,7:53,01 - Clear,01 - Dry,10 - No control,05 - At railway crossing,01 - Daylight,03 - P.D. only,03 - Rear end,Greenbelt
12180,RUSSELL RD btwn TO BE DETERMINED & LEITRIM RD (2),383152.6416,5026488.722,-75.49963915,45.37395959,2016-11-28,6:18,01 - Clear,01 - Dry,10 - No control,01 - Non intersection,03 - Dawn,03 - P.D. only,07 - SMV other,Greenbelt
12181,RUSSELL RD btwn WAY ST & BOUNDARY RD,385636.8165,5026348.168,-75.46795075,45.37241284,2016-05-26,16:07,01 - Clear,01 - Dry,10 - No control,01 - Non intersection,01 - Daylight,02 - Non-fatal injury,01 - Approaching,Greenbelt
12182,RUSSELL RD btwn WAY ST & BOUNDARY RD,386391.1199,5026080.715,-75.45836627,45.36991911,2016-12-12,8:11,03 - Snow,03 - Loose snow,10 - No control,04 - At/near private drive,01 - Daylight,03 - P.D. only,02 - Angle,Greenbelt
12183,RUSSELL RD S @ ST. LAURENT BLVD,373569.0933,5029260.371,-75.62159466,45.3999037,2016-09-13,17:23,01 - Clear,01 - Dry,01 - Traffic signal,03 - At intersection,01 - Daylight,02 - Non-fatal injury,05 - Turning movement,Hawthorne Meadows - Sheffield Glen
12184,RUSSELL RD S @ ST. LAURENT BLVD,373569.0622,5029260.542,-75.62159503,45.39990525,2016-08-16,6:11,01 - Clear,01 - Dry,01 - Traffic signal,02 - Intersection related,03 - Dawn,02 - Non-fatal injury,02 - Angle,Hawthorne Meadows - Sheffield Glen
12185,RUSSELL RD S @ ST. LAURENT BLVD,373569.5824,5029260.228,-75.62158843,45.39990237,2016-04-15,21:20,01 - Clear,01 - Dry,01 - Traffic signal,03 - At intersection,07 - Dark,03 - P.D. only,05 - Turning movement,Hawthorne Meadows - Sheffield Glen
12186,RUSSELL RD S @ ST. LAURENT BLVD,373569.3194,5029260.463,-75.62159176,45.39990451,2016-08-02,18:22,01 - Clear,01 - Dry,01 - Traffic signal,02 - Intersection related,01 - Daylight,03 - P.D. only,03 - Rear end,Hawthorne Meadows - Sheffield Glen
12187,RUSSELL RD S @ ST. LAURENT BLVD,373569.7331,5029260.131,-75.62158652,45.39990148,2016-10-25,11:05,01 - Clear,01 - Dry,01 - Traffic signal,02 - Intersection related,01 - Daylight,03 - P.D. only,03 - Rear end,Hawthorne Meadows - Sheffield Glen
12188,RUSSELL RD S @ ST. LAURENT BLVD,373568.6231,5029260.981,-75.62160058,45.39990924,2016-01-21,8:21,01 - Clear,01 - Dry,01 - Traffic signal,02 - Intersection related,01 - Daylight,03 - P.D. only,03 - Rear end,Hawthorne Meadows - Sheffield Glen
12189,RUSSELL RD S @ ST. LAURENT BLVD,373569.9404,5029260.981,-75.62158375,45.39990911,2016-09-09,14:57,01 - Clear,01 - Dry,01 - Traffic signal,03 - At intersection,01 - Daylight,03 - P.D. only,05 - Turning movement,Hawthorne Meadows - Sheffield Glen
12190,RUSSELL RD S @ ST. LAURENT BLVD,373569.1956,5029261.309,-75.62159322,45.39991213,2016-10-01,18:06,01 - Clear,01 - Dry,01 - Traffic signal,03 - At intersection,05 - Dusk,03 - P.D. only,02 - Angle,Hawthorne Meadows - Sheffield Glen
12191,RUSSLAND RD btwn ROCKDALE RD & DUNNING RD,395587.4628,5022622.426,-75.341619,45.33767458,2016-08-30,19:18,01 - Clear,01 - Dry,10 - No control,01 - Non intersection,05 - Dusk,02 - Non-fatal injury,07 - SMV other,Navan - Vars
12192,RUSSLAND RD btwn ROCKDALE RD & DUNNING RD,395420.8064,5022973.51,-75.34368068,45.34085477,2016-04-11,9:40,04 - Freezing Rain,06 - Ice,10 - No control,01 - Non intersection,01 - Daylight,02 - Non-fatal injury,01 - Approaching,Navan - Vars
12193,RUSSLAND RD btwn ROCKDALE RD & DUNNING RD,395628.3705,5022592.604,-75.34110263,45.33740098,2016-07-28,22:54,01 - Clear,01 - Dry,10 - No control,01 - Non intersection,07 - Dark,02 - Non-fatal injury,07 - SMV other,Navan - Vars
12194,RUSTIC DR btwn DRURY LANE & RIDEOUT CRES,361802.7993,5023802.488,-75.77250511,45.3518511,2016-06-19,15:10,01 - Clear,01 - Dry,10 - No control,04 - At/near private drive,01 - Daylight,03 - P.D. only,06 - SMV unattended vehicle,Iris
12195,RUTGERS PRIV btwn GOTHAM PRIV & END,364780.5142,5026054.291,-75.73423223,45.37186412,2016-08-15,14:45,01 - Clear,01 - Dry,10 - No control,01 - Non intersection,01 - Daylight,03 - P.D. only,07 - SMV other,Civic Hospital - Experimental Farm - Central Park
12196,RYDER ST btwn CONNECTICUT AVE & MICHIGAN AVE,372528.1657,5027405.244,-75.63514379,45.38331352,2016-05-31,18:35,01 - Clear,01 - Dry,10 - No control,01 - Non intersection,01 - Daylight,03 - P.D. only,06 - SMV unattended vehicle,Playfair Park - Lynda Park - Guildwood Estates
12197,SABLE RIDGE DR btwn COURTYARD CRES & CRYSTAL RIDGE PL,372680.9375,5024290.321,-75.63362121,45.35527187,2016-06-06,23:00,01 - Clear,01 - Dry,10 - No control,01 - Non intersection,07 - Dark,03 - P.D. only,06 - SMV unattended vehicle,Blossom Park - Blossom Park West - Sawmill Creek/ Timbermill
12198,SABLEWOOD PL btwn RANCHWOOD WAY & RANCHWOOD WAY,380735.0919,5034521.284,-75.52926315,45.44649698,2016-08-28,0:00,01 - Clear,01 - Dry,10 - No control,01 - Non intersection,00 - Unknown,03 - P.D. only,06 - SMV unattended vehicle,Orleans Village - Chateauneuf
12199,SACKVILLE ST @ TAVISTOCK RD,360765.8476,5024899.272,-75.78561393,45.36180345,2016-06-08,13:39,01 - Clear,01 - Dry,02 - Stop sign,03 - At intersection,01 - Daylight,02 - Non-fatal injury,07 - SMV other,Whitehaven - Queensway Terrace North
12200,SADDLE CRES btwn ESSON ST & TO BE DETERMINED,374669.3784,5025996.486,-75.60800414,45.37042788,2016-05-29,14:47,01 - Clear,01 - Dry,10 - No control,01 - Non intersection,01 - Daylight,02 - Non-fatal injury,07 - SMV other,Hunt Club
12201,SADDLERIDGE DR btwn PRAIRIE ST & DOVEHAVEN ST,381646.0211,5032441.033,-75.5179445,45.42768098,2016-03-07,18:59,01 - Clear,01 - Dry,10 - No control,01 - Non intersection,07 - Dark,03 - P.D. only,06 - SMV unattended vehicle,Chapel Hill South
12202,SALE BARN RD btwn MITCH OWENS RD & DAWN TARA DR,378866.1889,5016450.429,-75.55586022,45.28410643,2016-11-16,21:55,01 - Clear,01 - Dry,10 - No control,01 - Non intersection,07 - Dark,03 - P.D. only,07 - SMV other,Osgoode
12203,SANDALWOOD DR btwn BAYCREST DR & HERON RD,371466.7107,5026916.19,-75.64876259,45.37901502,2016-12-05,0:00,03 - Snow,03 - Loose snow,10 - No control,01 - Non intersection,00 - Unknown,03 - P.D. only,06 - SMV unattended vehicle,Ledbury - Heron Gate - Ridgemont - Elmwood
12204,SANDCASTLE DR btwn BROOKHAVEN CRT & VALLEY STREAM DR,359683.6698,5021857.171,-75.79976413,45.33451618,2016-09-27,0:00,01 - Clear,01 - Dry,10 - No control,01 - Non intersection,00 - Unknown,03 - P.D. only,06 - SMV unattended vehicle,Briar Green - Leslie Park
12205,SANDFORD FLEMING AVE btwn STEAMLINE ST & INDUSTRIAL AVE,370873.0264,5030695.569,-75.65583605,45.41307668,2016-12-20,12:08,01 - Clear,04 - Slush,10 - No control,04 - At/near private drive,01 - Daylight,03 - P.D. only,02 - Angle,Industrial Park
12206,SANIBEL PRIV  btwn OLD RICHMOND RD & OLD RICHMOND RD,357481.2802,5019161.929,-75.82814816,45.31043294,2016-05-11,19:24,01 - Clear,01 - Dry,10 - No control,04 - At/near private drive,01 - Daylight,03 - P.D. only,99 - Other,Greenbelt
12207,SAPINIER ST btwn TOONEY DR & COLORADO LANE,382420.017,5035715.633,-75.5075382,45.45705766,2016-08-31,0:00,01 - Clear,01 - Dry,10 - No control,01 - Non intersection,00 - Unknown,03 - P.D. only,06 - SMV unattended vehicle,Orleans Village - Chateauneuf
12208,SARSFIELD RD @ WILHAVEN DR,392565.6235,5040958.624,-75.37690163,45.50302681,2016-10-26,18:20,01 - Clear,01 - Dry,02 - Stop sign,02 - Intersection related,07 - Dark,03 - P.D. only,07 - SMV other,Cumberland - Estates
12209,SARSFIELD RD btwn REGIMBALD RD & DESSAINT ST,394272.988,5036594.184,-75.35585276,45.46354453,2016-03-02,14:15,03 - Snow,03 - Loose snow,10 - No control,04 - At/near private drive,01 - Daylight,02 - Non-fatal injury,02 - Angle,Cumberland - Estates
12210,SAUBLE DR btwn YOHO DR & STEEPLE CHASE DR,355172.6029,5017446.06,-75.8577635,45.29516263,2016-08-25,21:06,01 - Clear,01 - Dry,10 - No control,01 - Non intersection,07 - Dark,02 - Non-fatal injury,05 - Turning movement,Bridlewood - Emerald Meadows
12211,SAUBLE DR btwn YOHO DR & STEEPLE CHASE DR,355245.4009,5017409.469,-75.85683913,45.29482815,2016-11-07,7:32,01 - Clear,01 - Dry,10 - No control,04 - At/near private drive,01 - Daylight,03 - P.D. only,06 - SMV unattended vehicle,Bridlewood - Emerald Meadows
12212,SAUMURE RD btwn DEVINE RD & INDIAN CREEK RD,401606.1708,5025781.817,-75.26422361,45.3652937,2016-08-24,6:19,01 - Clear,01 - Dry,10 - No control,01 - Non intersection,01 - Daylight,03 - P.D. only,07 - SMV other,Navan - Vars
12213,SAUMURE RD btwn RUSSELL RD & DEVINE RD,400973.3877,5027236.771,-75.27201624,45.3784704,2016-11-06,1:11,01 - Clear,01 - Dry,10 - No control,01 - Non intersection,07 - Dark,03 - P.D. only,07 - SMV other,Navan - Vars
12214,SAUNDERSON DR @ HAMLET RD,372847.4227,5029243.419,-75.63081401,45.39982169,2016-04-25,14:58,01 - Clear,01 - Dry,02 - Stop sign,03 - At intersection,01 - Daylight,03 - P.D. only,02 - Angle,Elmvale - Eastway - Riverview - Riverview Park West
12215,SAUNDERSON DR @ PLEASANT PARK RD,373146.0869,5028668.352,-75.62707922,45.39461841,2016-09-16,11:44,01 - Clear,01 - Dry,02 - Stop sign,03 - At intersection,01 - Daylight,02 - Non-fatal injury,07 - SMV other,Elmvale - Eastway - Riverview - Riverview Park West
12216,SAUNDERSON DR @ PLEASANT PARK RD,373146.0869,5028668.657,-75.62707918,45.39462115,2016-02-06,8:17,01 - Clear,01 - Dry,02 - Stop sign,03 - At intersection,01 - Daylight,03 - P.D. only,02 - Angle,Elmvale - Eastway - Riverview - Riverview Park West
12217,SAUNDERSON DR @ SMYTH RD,372793.1133,5029322.782,-75.6314967,45.40054104,2016-05-12,15:25,01 - Clear,01 - Dry,01 - Traffic signal,03 - At intersection,01 - Daylight,03 - P.D. only,05 - Turning movement,Elmvale - Eastway - Riverview - Riverview Park West
12218,SAVILLE ROW btwn WOODROFFE AVE & LOCKHART AVE,361788.6777,5026189.699,-75.77241003,45.3733322,2016-02-11,16:20,01 - Clear,01 - Dry,10 - No control,04 - At/near private drive,01 - Daylight,03 - P.D. only,02 - Angle,Carlingwood - McKellar Park - Laurentien View