Record,Location,X,Y,lon,lat,Date,Time,Environment,Road_Surface,Traffic_Control,Collision_Location,Light,Collision_Classification,Impact_type,Neighborhood
12219,SCALA AVE btwn LICHEN AVE & ST. BRUNO ST,385076.1041,5036380.712,-75.47347386,45.46274131,2016-02-02,19:00,01 - Clear,01 - Dry,10 - No control,01 - Non intersection,07 - Dark,03 - P.D. only,06 - SMV unattended vehicle,Avalon
12220,SCHROEDER CRES btwn PEPPERGRASS RD & PEPPERGRASS RD,385566.9694,5038315.407,-75.46687997,45.48009121,2016-07-04,16:30,01 - Clear,01 - Dry,10 - No control,04 - At/near private drive,01 - Daylight,03 - P.D. only,02 - Angle,Springridge
12221,SCISSONS RD btwn SAWYER WAY & SAWYER WAY,356581.9799,5016192.579,-75.83992636,45.28378114,2016-06-21,8:18,01 - Clear,01 - Dry,10 - No control,04 - At/near private drive,01 - Daylight,03 - P.D. only,02 - Angle,Bridlewood - Emerald Meadows
12222,SCOTT ST @ WESTERN AVE,364203.7055,5029270.575,-75.74120856,45.40085282,2016-03-19,21:14,01 - Clear,01 - Dry,02 - Stop sign,03 - At intersection,07 - Dark,02 - Non-fatal injury,02 - Angle,Tunney's Pasture
12223,SCOTT ST @ WESTERN AVE,364207.345,5029268.313,-75.74116235,45.40083215,2016-11-07,16:22,01 - Clear,01 - Dry,02 - Stop sign,02 - Intersection related,05 - Dusk,03 - P.D. only,03 - Rear end,Tunney's Pasture
12224,SCOTT ST @ WESTERN AVE,364205.4692,5029268.458,-75.74118629,45.40083362,2016-11-10,16:35,01 - Clear,01 - Dry,02 - Stop sign,03 - At intersection,05 - Dusk,03 - P.D. only,02 - Angle,Tunney's Pasture
12225,SCOTT ST btwn TUNNEY'S PASTURE DRWY & PARKDALE AVE,364832.6839,5029654.055,-75.73312836,45.40424963,2016-03-23,0:00,01 - Clear,01 - Dry,10 - No control,01 - Non intersection,00 - Unknown,03 - P.D. only,06 - SMV unattended vehicle,Islan
12226,SCOUT ST btwn NIKI WAY & WHITESTONE DR,364518.2201,5025311.64,-75.73767039,45.36520427,2016-01-22,0:00,01 - Clear,05 - Packed snow,10 - No control,01 - Non intersection,00 - Unknown,03 - P.D. only,06 - SMV unattended vehicle,Civic Hospital - Experimental Farm - Central Park
12227,SCOUT ST btwn NIKI WAY & WHITESTONE DR,364546.7066,5025328.021,-75.7373048,45.36534923,2016-04-03,0:00,01 - Clear,01 - Dry,10 - No control,01 - Non intersection,00 - Unknown,03 - P.D. only,06 - SMV unattended vehicle,Civic Hospital - Experimental Farm - Central Park
12228,SCRIVENS ST btwn WALTER ST & CARLING AVE,359423.441,5024259.043,-75.80281878,45.35614856,2016-06-10,17:26,01 - Clear,01 - Dry,10 - No control,04 - At/near private drive,01 - Daylight,03 - P.D. only,02 - Angle,Bayshore
12229,SCULLY WAY btwn MULDER AVE & MULDER AVE,386128.9856,5037227.749,-75.45987226,45.47024032,2016-10-17,0:00,01 - Clear,01 - Dry,10 - No control,01 - Non intersection,00 - Unknown,03 - P.D. only,06 - SMV unattended vehicle,Cardinal Creek
12230,SCULLY WAY btwn MULDER AVE & MULDER AVE,386130.6419,5037236.858,-75.45984957,45.47032208,2016-12-18,0:00,01 - Clear,03 - Loose snow,10 - No control,01 - Non intersection,00 - Unknown,03 - P.D. only,06 - SMV unattended vehicle,Cardinal Creek
12231,SECOND AVE @ BRONSON AVE,367519.0998,5029162.141,-75.69887731,45.39958799,2016-02-18,10:29,01 - Clear,01 - Dry,02 - Stop sign,03 - At intersection,01 - Daylight,03 - P.D. only,02 - Angle,The Glebe
12232,SECOND AVE @ BRONSON AVE,367520.5348,5029162.141,-75.69885898,45.39958786,2016-10-14,18:37,01 - Clear,01 - Dry,02 - Stop sign,02 - Intersection related,07 - Dark,03 - P.D. only,03 - Rear end,The Glebe
12233,SECOND AVE btwn BANK ST & O'CONNOR ST,368347.87,5029653.138,-75.68822907,45.40393109,2016-06-29,15:00,01 - Clear,01 - Dry,10 - No control,01 - Non intersection,01 - Daylight,03 - P.D. only,06 - SMV unattended vehicle,The Glebe
12234,SECOND AVE btwn LYON ST S & BANK ST,368288.7945,5029619.316,-75.68898799,45.40363213,2016-06-01,18:15,01 - Clear,01 - Dry,10 - No control,01 - Non intersection,01 - Daylight,03 - P.D. only,06 - SMV unattended vehicle,The Glebe
12235,SECOND AVE btwn O'CONNOR ST & QUEEN ELIZABETH DRWY,368738.5745,5029885.53,-75.68320852,45.4059865,2016-02-23,15:26,01 - Clear,06 - Ice,10 - No control,01 - Non intersection,01 - Daylight,03 - P.D. only,06 - SMV unattended vehicle,The Glebe
12236,SECOND LINE RD @ THOMAS FULLER DR,347280.4463,5024065.513,-75.95781342,45.35524798,2016-11-24,22:25,05 - Drifting Snow,02 - Wet,02 - Stop sign,02 - Intersection related,07 - Dark,03 - P.D. only,07 - SMV other,Carp - Hardwood Plains
12237,SECOND LINE RD btwn LAHEY CRT & MARCH RD,346039.8215,5025396.676,-75.97353601,45.36730021,2016-07-14,20:00,01 - Clear,01 - Dry,10 - No control,01 - Non intersection,01 - Daylight,02 - Non-fatal injury,03 - Rear end,Carp - Hardwood Plains
12238,SECOND LINE RD btwn MALEY LANE & WILD ACRE LANE,346647.4759,5024745.271,-75.96583425,45.36140268,2016-11-14,7:00,01 - Clear,01 - Dry,10 - No control,01 - Non intersection,03 - Dawn,03 - P.D. only,07 - SMV other,Carp - Hardwood Plains
12239,SECOND LINE RD btwn THOMAS A. DOLAN PKWY & MURPHY SIDE RD,342652.47,5028827.428,-76.01651396,45.39836227,2016-11-23,7:44,01 - Clear,01 - Dry,10 - No control,01 - Non intersection,01 - Daylight,03 - P.D. only,99 - Other,Carp - Hardwood Plains
12240,SEELEY'S BAY ST btwn BURRITTS RAPIDS PL & WATERCOLOURS WAY,363900.4306,5012524.853,-75.74708087,45.25020164,2016-11-23,0:00,01 - Clear,06 - Ice,10 - No control,01 - Non intersection,00 - Unknown,03 - P.D. only,06 - SMV unattended vehicle,New Barrhaven
12241,SELENE WAY btwn MONACO PL & MONACO PL,384558.8551,5035051.353,-75.48030271,45.45084021,2016-05-16,0:00,01 - Clear,01 - Dry,10 - No control,01 - Non intersection,07 - Dark,03 - P.D. only,06 - SMV unattended vehicle,Avalon
12242,SENECA ST @ SUNNYSIDE AVE,368224.1543,5028273.255,-75.6899867,45.39152655,2016-11-24,9:00,01 - Clear,03 - Loose snow,02 - Stop sign,02 - Intersection related,01 - Daylight,03 - P.D. only,03 - Rear end,Old Ottawa South
12243,SENECA ST btwn GLEN AVE & GROVE AVE,368317.7281,5028117.412,-75.68881181,45.39011584,2016-06-17,14:00,01 - Clear,01 - Dry,10 - No control,01 - Non intersection,01 - Daylight,03 - P.D. only,06 - SMV unattended vehicle,Old Ottawa South
12244,SERENA WAY btwn WOODROFFE AVE & TACOM CIRC,366333.8259,5015073.315,-75.71576746,45.27292406,2016-01-12,22:00,00 - Unknown,05 - Packed snow,10 - No control,01 - Non intersection,00 - Unknown,03 - P.D. only,06 - SMV unattended vehicle,Chapman Mills - Rideau Crest - Davidson Heights
12245,SERENITY AVE btwn BALLANTYNE DR & VENUS AVE,385775.3672,5037092.728,-75.46441624,45.46906663,2016-08-23,0:00,01 - Clear,01 - Dry,10 - No control,01 - Non intersection,00 - Unknown,03 - P.D. only,06 - SMV unattended vehicle,Cardinal Creek
12246,SEVERN AVE btwn ARKELL ST & CONNAUGHT AVE,360994.7171,5024358.377,-75.78275421,45.35691819,2016-10-17,9:30,01 - Clear,01 - Dry,10 - No control,04 - At/near private drive,01 - Daylight,03 - P.D. only,05 - Turning movement,Whitehaven - Queensway Terrace North
12247,SEYTON DR btwn FORESTER CRES & RICHMOND RD,357319.3793,5019330.137,-75.83019493,45.31195862,2016-02-07,7:31,01 - Clear,02 - Wet,10 - No control,01 - Non intersection,03 - Dawn,03 - P.D. only,07 - SMV other,Bells Corners West
12248,SEYTON DR btwn FORESTVIEW CRES & FORESTVIEW CRES,356947.0665,5019598.629,-75.83491464,45.31440229,2016-01-13,14:10,01 - Clear,03 - Loose snow,10 - No control,01 - Non intersection,01 - Daylight,03 - P.D. only,06 - SMV unattended vehicle,Bells Corners West
12249,SEYTON DR btwn HAMMILL CRT & CYMBELINE DR,356905.151,5019969.761,-75.83541016,45.31774489,2016-02-03,19:00,01 - Clear,04 - Slush,10 - No control,01 - Non intersection,07 - Dark,03 - P.D. only,06 - SMV unattended vehicle,Bells Corners West
12250,SEYTON DR btwn LOVELL LANE & TYRRELL PL,357122.5345,5019765.026,-75.83265929,45.31588649,2016-04-22,2:30,01 - Clear,01 - Dry,10 - No control,01 - Non intersection,07 - Dark,03 - P.D. only,06 - SMV unattended vehicle,Bells Corners West
12251,SEYTON DR btwn TYRRELL PL & WIFFEN PRIV,357150.4771,5019695.57,-75.83231027,45.31525944,2016-02-03,13:47,01 - Clear,06 - Ice,10 - No control,01 - Non intersection,01 - Daylight,03 - P.D. only,06 - SMV unattended vehicle,Bells Corners West
12252,SHACKLEFORD WAY btwn CENTO WAY & ROSEHILL AVE,350104.9867,5016220.682,-75.92248261,45.28448132,2016-05-16,8:31,01 - Clear,01 - Dry,10 - No control,01 - Non intersection,01 - Daylight,03 - P.D. only,06 - SMV unattended vehicle,Stittsville
12253,SHADETREE CRES btwn FOUR SEASONS DR & FOUR SEASONS DR,366519.9645,5024058.737,-75.71227608,45.35375749,2016-12-12,0:00,01 - Clear,01 - Dry,10 - No control,01 - Non intersection,00 - Unknown,03 - P.D. only,06 - SMV unattended vehicle,Borden Farm - Stewart Farm - Parkwood Hills - Fisher Glen
12254,SHADY GROVE ST btwn WOODROFFE AVE & STONELEIGH ST,366521.3925,5014720.396,-75.71342107,45.26973207,2016-02-20,10:54,03 - Snow,04 - Slush,10 - No control,04 - At/near private drive,01 - Daylight,03 - P.D. only,06 - SMV unattended vehicle,Chapman Mills - Rideau Crest - Davidson Heights
12255,SHAKESPEARE ST @ GRANVILLE ST,370779.0117,5033668.299,-75.65663885,45.43983292,2016-12-08,12:36,03 - Snow,04 - Slush,02 - Stop sign,02 - Intersection related,01 - Daylight,03 - P.D. only,02 - Angle,Vanier North
12256,SHANNONDOE CRES E @ STONEMEADOW DR,355759.4072,5016489.206,-75.85038069,45.28651036,2016-02-29,8:56,04 - Freezing Rain,06 - Ice,02 - Stop sign,03 - At intersection,01 - Daylight,03 - P.D. only,02 - Angle,Bridlewood - Emerald Meadows
12257,SHAUGHNESSY CRES btwn KNUDSON DR & WINDEYER CRES (2),350695.7807,5020260.765,-75.91457792,45.32079678,2016-03-02,16:40,01 - Clear,05 - Packed snow,10 - No control,01 - Non intersection,01 - Daylight,03 - P.D. only,06 - SMV unattended vehicle,Kanata Lakes - Marchwood Lakeside - Morgan's Grant - Kanata
12258,SHEA RD btwn FALLOWFIELD RD & AKINS RD,354077.6178,5010943.887,-75.8723685,45.236732,2016-10-03,10:41,01 - Clear,02 - Wet,10 - No control,01 - Non intersection,01 - Daylight,03 - P.D. only,07 - SMV other,Stittsville - Basswood
12259,SHEA RD btwn FERNBANK RD & FLEWELLYN RD,352666.7499,5012550.646,-75.89018252,45.25128748,2016-02-05,19:18,01 - Clear,01 - Dry,10 - No control,01 - Non intersection,07 - Dark,02 - Non-fatal injury,07 - SMV other,Stittsville - Basswood
12260,SHEA RD btwn FERNBANK RD & FLEWELLYN RD,352980.2083,5012190.432,-75.88622423,45.24802477,2016-02-03,8:15,04 - Freezing Rain,04 - Slush,10 - No control,01 - Non intersection,01 - Daylight,03 - P.D. only,01 - Approaching,Stittsville - Basswood
12261,SHEA RD btwn FERNBANK RD & FLEWELLYN RD,352324.1774,5012931.227,-75.89451022,45.25473529,2016-12-10,0:54,01 - Clear,01 - Dry,10 - No control,01 - Non intersection,07 - Dark,03 - P.D. only,07 - SMV other,Stittsville - Basswood
12262,SHEA RD btwn TO BE DETERMINED & FALLOWFIELD RD,353962.8667,5011127.091,-75.87381185,45.23838855,2016-10-27,18:21,03 - Snow,04 - Slush,10 - No control,01 - Non intersection,07 - Dark,03 - P.D. only,07 - SMV other,Stittsville - Basswood
12263,SHEA RD btwn TO BE DETERMINED & FALLOWFIELD RD,353861.0264,5011225.813,-75.87509917,45.23928399,2016-07-26,20:00,01 - Clear,01 - Dry,10 - No control,01 - Non intersection,01 - Daylight,03 - P.D. only,04 - Sideswipe,Stittsville - Basswood
12264,SHEARER CRES btwn STURSBERG WAY & PICKFORD DR,352672.0092,5018812.904,-75.88951152,45.30763663,2016-11-23,7:46,01 - Clear,06 - Ice,10 - No control,04 - At/near private drive,01 - Daylight,03 - P.D. only,02 - Angle,Katimavik - Hazeldean
12265,SHEFFIELD RD @ WALKLEY RD,375258.5633,5028784.125,-75.60008529,45.3954507,2016-11-23,10:01,01 - Clear,01 - Dry,01 - Traffic signal,02 - Intersection related,01 - Daylight,02 - Non-fatal injury,03 - Rear end,Industrial Park
12266,SHEFFIELD RD @ WALKLEY RD,375256.6374,5028784.758,-75.6001098,45.39545659,2016-11-03,11:16,02 - Rain,02 - Wet,01 - Traffic signal,03 - At intersection,01 - Daylight,02 - Non-fatal injury,05 - Turning movement,Industrial Park
12267,SHEFFIELD RD @ WALKLEY RD,375257.5885,5028784.992,-75.60009762,45.3954586,2016-08-04,12:57,01 - Clear,01 - Dry,01 - Traffic signal,03 - At intersection,01 - Daylight,03 - P.D. only,05 - Turning movement,Industrial Park
12268,SHEFFIELD RD @ WALKLEY RD,375256.6077,5028785.215,-75.60011011,45.3954607,2016-06-20,15:39,01 - Clear,01 - Dry,01 - Traffic signal,02 - Intersection related,01 - Daylight,03 - P.D. only,03 - Rear end,Industrial Park
12269,SHEFFIELD RD @ WALKLEY RD,375258.5633,5028784.125,-75.60008529,45.3954507,2016-10-08,16:12,01 - Clear,01 - Dry,01 - Traffic signal,02 - Intersection related,01 - Daylight,03 - P.D. only,03 - Rear end,Industrial Park
12270,SHEFFIELD RD @ WALKLEY RD,375257.7351,5028784.125,-75.60009587,45.39545078,2016-10-28,13:00,02 - Rain,02 - Wet,01 - Traffic signal,02 - Intersection related,01 - Daylight,03 - P.D. only,03 - Rear end,Industrial Park
12271,SHEFFIELD RD @ WALKLEY RD,375256.2342,5028786.415,-75.60011471,45.39547154,2016-01-15,17:26,01 - Clear,05 - Packed snow,01 - Traffic signal,02 - Intersection related,05 - Dusk,03 - P.D. only,03 - Rear end,Industrial Park
12272,SHEFFIELD RD @ WALKLEY RD,375256.0788,5028784.953,-75.6001169,45.3954584,2016-06-23,6:05,01 - Clear,01 - Dry,01 - Traffic signal,02 - Intersection related,01 - Daylight,03 - P.D. only,03 - Rear end,Industrial Park
12273,SHEFFIELD RD @ WALKLEY RD,375257.5096,5028784.313,-75.60009872,45.3954525,2016-06-06,16:05,01 - Clear,01 - Dry,01 - Traffic signal,03 - At intersection,01 - Daylight,03 - P.D. only,03 - Rear end,Industrial Park
12274,SHEFFIELD RD @ WALKLEY RD,375257.6317,5028784.865,-75.60009708,45.39545745,2016-11-07,16:10,01 - Clear,01 - Dry,01 - Traffic signal,03 - At intersection,01 - Daylight,03 - P.D. only,02 - Angle,Industrial Park
12275,SHEFFIELD RD @ WALKLEY RD,375257.7351,5028784.539,-75.60009581,45.39545451,2016-06-30,7:25,01 - Clear,01 - Dry,01 - Traffic signal,03 - At intersection,01 - Daylight,03 - P.D. only,03 - Rear end,Industrial Park
12276,SHEFFIELD RD btwn INNES PARK WAY & BANTREE ST,374447.1285,5030461.028,-75.61021105,45.41061982,2016-12-05,6:08,03 - Snow,05 - Packed snow,10 - No control,01 - Non intersection,07 - Dark,03 - P.D. only,01 - Approaching,Industrial Park
12277,SHEFFIELD RD btwn LEEDS AVE & TO BE DETERMINED,374963.0556,5029328.846,-75.60378165,45.4003815,2016-01-18,12:59,05 - Drifting Snow,06 - Ice,10 - No control,04 - At/near private drive,01 - Daylight,03 - P.D. only,03 - Rear end,Industrial Park
12278,SHEFFIELD RD btwn TO BE DETERMINED & WALKLEY RD,375218.8894,5028856.237,-75.60058166,45.39610352,2016-03-09,15:49,02 - Rain,02 - Wet,10 - No control,01 - Non intersection,01 - Daylight,03 - P.D. only,05 - Turning movement,Industrial Park
12279,SHEFFORD RD btwn CANOTEK RD & MONTREAL RD,376066.807,5035001.463,-75.58886404,45.45130889,2016-05-08,14:54,01 - Clear,01 - Dry,10 - No control,01 - Non intersection,01 - Daylight,03 - P.D. only,05 - Turning movement,Greenbelt
12280,SHEFFORD RD btwn EMARD CRES & LOYOLA AVE,375920.2311,5035372.047,-75.59068417,45.45465811,2016-04-14,6:50,01 - Clear,01 - Dry,10 - No control,01 - Non intersection,01 - Daylight,02 - Non-fatal injury,03 - Rear end,Greenbelt
12281,SHELDRAKE DR btwn MORTON DR & BINSCARTH CRES,353193.0257,5016899.061,-75.88305442,45.29037973,2016-05-27,0:00,01 - Clear,01 - Dry,10 - No control,01 - Non intersection,00 - Unknown,03 - P.D. only,06 - SMV unattended vehicle,Glen Cairn - Kanata South Business Park
12282,SHELLEY AVE btwn DEVON ST & ORCHID DR,372001.9799,5030053.397,-75.64150144,45.40719119,2016-08-11,0:00,01 - Clear,01 - Dry,10 - No control,01 - Non intersection,00 - Unknown,03 - P.D. only,06 - SMV unattended vehicle,Elmvale - Eastway - Riverview - Riverview Park West
12283,SHERBOURNE RD @ FRASER AVE,362852.8299,5026667.918,-75.75876862,45.37754781,2016-08-26,17:28,01 - Clear,01 - Dry,02 - Stop sign,02 - Intersection related,01 - Daylight,03 - P.D. only,02 - Angle,Carlingwood - McKellar Park - Laurentien View
12284,SHERBOURNE RD btwn COURTENAY AVE & COURTENAY AVE,362396.7778,5026620.623,-75.76459663,45.37715989,2016-02-29,10:06,01 - Clear,01 - Dry,10 - No control,04 - At/near private drive,01 - Daylight,02 - Non-fatal injury,02 - Angle,Carlingwood - McKellar Park - Laurentien View
12285,SHERBOURNE RD btwn COURTENAY AVE & WINDERMERE AVE,362464.0116,5026611.55,-75.76373931,45.37707272,2016-07-31,22:56,01 - Clear,01 - Dry,10 - No control,01 - Non intersection,07 - Dark,03 - P.D. only,01 - Approaching,Carlingwood - McKellar Park - Laurentien View
12286,SHERBOURNE RD btwn FRASER AVE & BROMLEY RD,362914.1517,5026604.557,-75.75799318,45.37697261,2016-11-24,21:54,01 - Clear,02 - Wet,10 - No control,01 - Non intersection,07 - Dark,03 - P.D. only,07 - SMV other,Carlingwood - McKellar Park - Laurentien View
12287,SHERBROOKE AVE @ WELLINGTON ST,365420.5293,5029501.144,-75.72563857,45.40282312,2016-05-20,16:40,01 - Clear,01 - Dry,02 - Stop sign,02 - Intersection related,01 - Daylight,03 - P.D. only,03 - Rear end,Civi
12288,SHERWOOD DR btwn HINTON AVE S & HAMILTON AVE S,365250.015,5028689.905,-75.72791593,45.39553851,2016-03-14,14:09,02 - Rain,02 - Wet,10 - No control,04 - At/near private drive,01 - Daylight,03 - P.D. only,99 - Other,Civic Hospital - Experimental Farm - Central Park
12289,SHILLINGTON AVE btwn ADMIRAL AVE & SPROULE ST,365307.6018,5027099.086,-75.72737552,45.38121968,2016-03-08,0:00,00 - Unknown,99 - Other,10 - No control,01 - Non intersection,00 - Unknown,03 - P.D. only,06 - SMV unattended vehicle,Carlington
12290,SHINLEAF CRES btwn COMPASS ST & TOURNESOLS CRT,"382,197.79","5,033,332.03",-75.51075416,45.43563662,2016-06-18,0:00,01 - Clear,01 - Dry,10 - No control,01 - Non intersection,00 - Unknown,03 - P.D. only,06 - SMV unattended vehicle,Chapel Hill South
12291,SHIRLEY'S BROOK DR btwn ARRISDALE CRT & CATTERICK CRES,350226.4235,5024145.891,-75.9202078,45.35578657,2016-05-31,0:00,01 - Clear,01 - Dry,10 - No control,01 - Non intersection,00 - Unknown,03 - P.D. only,06 - SMV unattended vehicle,South March
12292,SHIRLEY'S BROOK DR btwn KINROSS PRIV & MARCONI AVE,350021.832,5024124.721,-75.92282087,45.3556093,2016-12-06,20:56,01 - Clear,03 - Loose snow,10 - No control,01 - Non intersection,07 - Dark,03 - P.D. only,07 - SMV other,South March
12293,SHIRLEY'S BROOK DR btwn MORGAN'S GRANT WAY & INVERARY DR,349684.5349,5023638.388,-75.92716983,45.35125484,2016-09-26,22:01,02 - Rain,02 - Wet,10 - No control,04 - At/near private drive,07 - Dark,03 - P.D. only,03 - Rear end,South March
12294,SHIRLEY'S BROOK DR btwn SANDHILL RD & HELMSDALE DR,350033.5992,5023888.845,-75.92269228,45.35348608,2016-11-09,20:41,"07 - Fog, mist, smoke, dust",01 - Dry,10 - No control,01 - Non intersection,07 - Dark,03 - P.D. only,06 - SMV unattended vehicle,South March
12295,SHORE ST @ ST. LAURENT BLVD,372802.6891,5030719.442,-75.63118176,45.41310663,2016-05-27,16:50,01 - Clear,01 - Dry,02 - Stop sign,03 - At intersection,01 - Daylight,02 - Non-fatal injury,02 - Angle,Industrial Park
12296,SHOREHAM AVE btwn BENTWORTH CRES & BENTWORTH CRES,361488.8391,5021429.454,-75.7767836,45.33052407,2016-03-04,14:29,01 - Clear,01 - Dry,10 - No control,04 - At/near private drive,01 - Daylight,03 - P.D. only,99 - Other,Woodvale - Craig Henry - Manordale - Estates of Arlington Wo
12297,SILVER BARK AVE btwn TO BE DETERMINED & DES EPINETTES AVE,382319.7494,5036275.898,-75.50873171,45.46210958,2016-03-28,21:30,01 - Clear,01 - Dry,10 - No control,01 - Non intersection,07 - Dark,03 - P.D. only,06 - SMV unattended vehicle,Queenswood Heights
12298,SILVER HORSE CRES btwn EQUESTRIAN DR & EQUESTRIAN DR,355086.8646,5016250.987,-75.85897772,45.28441526,2016-05-23,0:00,01 - Clear,01 - Dry,10 - No control,01 - Non intersection,00 - Unknown,03 - P.D. only,06 - SMV unattended vehicle,Bridlewood - Emerald Meadows
12299,SILVER PINES CRES btwn APPLE LEAF WAY & APPLE LEAF WAY,380468.3693,5033562.084,-75.53281987,45.43789575,2016-11-17,8:37,01 - Clear,01 - Dry,10 - No control,01 - Non intersection,01 - Daylight,03 - P.D. only,06 - SMV unattended vehicle,Chapel Hill South
12300,SILVER SEVEN RD btwn 280 N OF PALLADIUM DR/COSTCO SC & PALLADIUM DR,350983.3097,5017963.057,-75.9111247,45.30010255,2016-05-02,17:30,01 - Clear,01 - Dry,10 - No control,04 - At/near private drive,01 - Daylight,03 - P.D. only,02 - Angle,Katimavik - Hazeldean
12301,SILVER SEVEN RD btwn FRANK NIGHBOR PL & 280 N OF PALLADIUM DR/COSTCO S,350824.6203,5018144.528,-75.91313116,45.30174589,2016-09-11,16:12,01 - Clear,01 - Dry,10 - No control,04 - At/near private drive,01 - Daylight,03 - P.D. only,02 - Angle,Katimavik - Hazeldean
12302,SILVER SEVEN RD btwn FRANK NIGHBOR PL & 280 N OF PALLADIUM DR/COSTCO S,350851.6452,5018112.743,-75.91278953,45.30145811,2016-11-18,14:35,01 - Clear,01 - Dry,10 - No control,04 - At/near private drive,01 - Daylight,03 - P.D. only,02 - Angle,Katimavik - Hazeldean
12303,SILVER ST @ SUMMERVILLE AVE,365209.0403,5026652.202,-75.72868862,45.37720721,2016-09-17,11:51,01 - Clear,02 - Wet,02 - Stop sign,03 - At intersection,01 - Daylight,03 - P.D. only,02 - Angle,Carlington
12304,SILVER ST btwn CHRISTINE AVE & EMPEROR AVE,365128.6046,5026862.443,-75.72968985,45.37910585,2016-10-17,23:50,01 - Clear,02 - Wet,10 - No control,01 - Non intersection,07 - Dark,03 - P.D. only,06 - SMV unattended vehicle,Carlington
12305,SILVERLACE PRIV btwn BELLFLOWER PRIV & CORALBELL PRIV,372800.8549,5024957.691,-75.63199904,45.361265,2016-05-11,22:25,01 - Clear,01 - Dry,10 - No control,04 - At/near private drive,07 - Dark,03 - P.D. only,07 - SMV other,Greenboro East
12306,SILVERMOON CRES btwn HARVEST VALLEY AVE & GLASTONBURY WALK,385223.732,5034669.454,-75.47186622,45.44732805,2016-10-10,6:19,01 - Clear,01 - Dry,10 - No control,04 - At/near private drive,07 - Dark,03 - P.D. only,06 - SMV unattended vehicle,Avalon
12307,SILVESTRI CRES btwn MATHESON RD & TREATY CRT,373223.0848,5032632.551,-75.62554561,45.43027886,2016-11-19,13:00,01 - Clear,01 - Dry,10 - No control,01 - Non intersection,01 - Daylight,03 - P.D. only,99 - Other,Carson Grove - Carson Meadows
12308,SIMARD DR @ VISENEAU DR,381285.6334,5035389.343,-75.52209122,45.45424706,2016-03-01,15:39,01 - Clear,01 - Dry,02 - Stop sign,03 - At intersection,01 - Daylight,03 - P.D. only,02 - Angle,Orleans Village - Chateauneuf
12309,SIMS AVE btwn PARKDALE AVE & BEVERLEY AVE,365362.4652,5029036.018,-75.72643732,45.39864304,2016-05-30,7:21,01 - Clear,01 - Dry,10 - No control,01 - Non intersection,01 - Daylight,03 - P.D. only,06 - SMV unattended vehicle,Civi
12310,SIOUX CRES btwn OKANAGAN DR & OKANAGAN DR,359358.304,5021990.583,-75.80390031,45.33574199,2016-04-15,19:50,01 - Clear,01 - Dry,10 - No control,04 - At/near private drive,07 - Dark,03 - P.D. only,99 - Other,Qualicum - Redwood Park
12311,SIXTH LINE RD @ BERRY SIDE RD,348076.7835,5031346.285,-75.94701163,45.42071307,2016-06-21,20:20,01 - Clear,01 - Dry,02 - Stop sign,03 - At intersection,01 - Daylight,03 - P.D. only,05 - Turning movement,Carp - Hardwood Plains
12312,SIXTH LINE RD btwn BERRY SIDE RD & RIDDELL DR,348472.4715,5030956.631,-75.94199032,45.41718232,2016-01-06,7:30,01 - Clear,01 - Dry,10 - No control,01 - Non intersection,03 - Dawn,03 - P.D. only,07 - SMV other,Carp - Hardwood Plains
12313,SIXTH ST btwn ST. BERNARD ST & BELLMANOR CRT,373426.2224,5023953.786,-75.6241568,45.35217131,2016-11-30,15:45,02 - Rain,02 - Wet,10 - No control,01 - Non intersection,01 - Daylight,03 - P.D. only,99 - Other,Blossom Park - Blossom Park West - Sawmill Creek/ Timbermill
12314,SLACK RD @ WOODROFFE AVE,364234.5117,5019973.236,-75.74193306,45.31719397,2016-11-18,9:39,01 - Clear,01 - Dry,01 - Traffic signal,02 - Intersection related,01 - Daylight,02 - Non-fatal injury,03 - Rear end,Greenbelt
12315,SLACK RD @ WOODROFFE AVE,364233.464,5019975.576,-75.74194614,45.31721512,2016-02-25,18:48,01 - Clear,06 - Ice,01 - Traffic signal,02 - Intersection related,07 - Dark,03 - P.D. only,04 - Sideswipe,Greenbelt
12316,SLACK RD @ WOODROFFE AVE,364232.1826,5019974.103,-75.74196266,45.31720197,2016-01-09,17:30,01 - Clear,01 - Dry,01 - Traffic signal,02 - Intersection related,05 - Dusk,03 - P.D. only,03 - Rear end,Greenbelt
12317,SLACK RD @ WOODROFFE AVE,364233.9498,5019974.212,-75.74194011,45.3172028,2016-03-22,12:21,01 - Clear,01 - Dry,01 - Traffic signal,02 - Intersection related,01 - Daylight,03 - P.D. only,04 - Sideswipe,Greenbelt
12318,SLACK RD @ WOODROFFE AVE,364234.7812,5019974.698,-75.74192944,45.3172071,2016-09-26,4:55,01 - Clear,01 - Dry,01 - Traffic signal,03 - At intersection,07 - Dark,03 - P.D. only,05 - Turning movement,Greenbelt
12319,SLACK RD @ WOODROFFE AVE,364232.8553,5019974.892,-75.74195398,45.31720901,2016-12-12,7:39,03 - Snow,03 - Loose snow,01 - Traffic signal,02 - Intersection related,03 - Dawn,03 - P.D. only,03 - Rear end,Greenbelt