Record,Location,X,Y,lon,lat,Date,Time,Environment,Road_Surface,Traffic_Control,Collision_Location,Light,Collision_Classification,Impact_type,Neighborhood
12320,SLACK RD btwn GRENFELL CRES & MERIVALE RD,365839.1963,5020860.919,-75.72135832,45.32504357,2016-05-18,9:09,01 - Clear,01 - Dry,10 - No control,01 - Non intersection,01 - Daylight,03 - P.D. only,01 - Approaching,Merivale Gardens - Grenfell Glen - Pineglen - Country Place
12321,SLACK RD btwn TURN LANE & VAAN DR,364790.4724,5020284.448,-75.73480491,45.31994695,2016-02-19,9:03,01 - Clear,01 - Dry,10 - No control,01 - Non intersection,01 - Daylight,02 - Non-fatal injury,01 - Approaching,Merivale Gardens - Grenfell Glen - Pineglen - Country Place
12322,SLACK RD btwn VAAN DR & GRENFELL CRES,365381.4999,5020606.729,-75.72722745,45.32279605,2016-01-03,10:33,03 - Snow,03 - Loose snow,10 - No control,04 - At/near private drive,01 - Daylight,02 - Non-fatal injury,03 - Rear end,Merivale Gardens - Grenfell Glen - Pineglen - Country Place
12323,SLACK RD btwn VAAN DR & GRENFELL CRES,365618.994,5020739.602,-75.72418196,45.32397109,2016-04-20,16:19,01 - Clear,01 - Dry,10 - No control,04 - At/near private drive,01 - Daylight,03 - P.D. only,04 - Sideswipe,Merivale Gardens - Grenfell Glen - Pineglen - Country Place
12324,SLACK RD btwn VAAN DR & GRENFELL CRES,365032.3116,5020416.924,-75.73170435,45.32111825,2016-10-28,0:16,03 - Snow,03 - Loose snow,10 - No control,01 - Non intersection,07 - Dark,03 - P.D. only,07 - SMV other,Merivale Gardens - Grenfell Glen - Pineglen - Country Place
12325,SLATER ST btwn ALBERT ST & COMMISSIONER ST,366737.7001,5030912.843,-75.70863737,45.41540989,2016-05-20,17:05,01 - Clear,01 - Dry,10 - No control,01 - Non intersection,01 - Daylight,03 - P.D. only,04 - Sideswipe,LeBreton Flats
12326,SLATER ST btwn BANK ST & O'CONNOR ST,367557.6595,5031437.394,-75.69809517,45.42005657,2016-06-10,15:16,01 - Clear,01 - Dry,10 - No control,01 - Non intersection,01 - Daylight,02 - Non-fatal injury,07 - SMV other,Downtown
12327,SLATER ST btwn BANK ST & O'CONNOR ST,367561.2636,5031440.038,-75.69804879,45.42008004,2016-10-26,7:00,01 - Clear,01 - Dry,10 - No control,01 - Non intersection,03 - Dawn,03 - P.D. only,04 - Sideswipe,Downtown
12328,SLATER ST btwn BANK ST & O'CONNOR ST,367465.9651,5031380.507,-75.69927394,45.41955294,2016-06-18,19:48,01 - Clear,01 - Dry,10 - No control,01 - Non intersection,01 - Daylight,03 - P.D. only,04 - Sideswipe,Downtown
12329,SLATER ST btwn BANK ST & O'CONNOR ST,367436.5992,5031361.535,-75.69965155,45.41938486,2016-04-06,18:26,03 - Snow,03 - Loose snow,10 - No control,01 - Non intersection,01 - Daylight,03 - P.D. only,03 - Rear end,Downtown
12330,SLATER ST btwn BANK ST & O'CONNOR ST,367494.9549,5031399.363,-75.69890116,45.41972,2016-09-28,15:46,01 - Clear,01 - Dry,10 - No control,04 - At/near private drive,01 - Daylight,03 - P.D. only,99 - Other,Downtown
12331,SLATER ST btwn BAY ST & LYON ST N,367091.2824,5031144.749,-75.70409086,45.41746512,2016-04-13,10:35,01 - Clear,01 - Dry,10 - No control,01 - Non intersection,01 - Daylight,03 - P.D. only,04 - Sideswipe,Downtown
12332,SLATER ST btwn BAY ST & LYON ST N,367085.4207,5031142.037,-75.70416609,45.41744124,2016-02-29,17:15,01 - Clear,01 - Dry,10 - No control,01 - Non intersection,01 - Daylight,03 - P.D. only,04 - Sideswipe,Downtown
12333,SLATER ST btwn KENT ST & BANK ST,367351.1564,5031307.673,-75.70075004,45.41890787,2016-01-05,12:19,01 - Clear,01 - Dry,10 - No control,01 - Non intersection,01 - Daylight,03 - P.D. only,06 - SMV unattended vehicle,Downtown
12334,SLATER ST btwn KENT ST & BANK ST,367342.6587,5031303.741,-75.70085911,45.41887325,2016-07-27,13:31,01 - Clear,01 - Dry,10 - No control,01 - Non intersection,01 - Daylight,03 - P.D. only,04 - Sideswipe,Downtown
12335,SLATER ST btwn LYON ST N & KENT ST,367130.0338,5031168.736,-75.70359274,45.4176775,2016-12-29,8:40,03 - Snow,03 - Loose snow,10 - No control,01 - Non intersection,01 - Daylight,02 - Non-fatal injury,03 - Rear end,Downtown
12336,SLATER ST btwn LYON ST N & KENT ST,367180.7381,5031201.99,-75.70294073,45.41797219,2016-08-28,0:00,01 - Clear,01 - Dry,10 - No control,01 - Non intersection,00 - Unknown,03 - P.D. only,06 - SMV unattended vehicle,Downtown
12337,SLATER ST btwn LYON ST N & KENT ST,367251.1099,5031246.499,-75.70203601,45.41836639,2016-06-25,1:30,01 - Clear,01 - Dry,10 - No control,01 - Non intersection,07 - Dark,03 - P.D. only,04 - Sideswipe,Downtown
12338,SLATER ST btwn LYON ST N & KENT ST,367112.1137,5031158.79,-75.70382295,45.4175896,2016-02-16,9:23,03 - Snow,03 - Loose snow,10 - No control,01 - Non intersection,01 - Daylight,03 - P.D. only,03 - Rear end,Downtown
12339,SLATER ST btwn METCALFE ST & ELGIN ST,367865.8998,5031630.11,-75.69413226,45.42176285,2016-09-13,16:59,01 - Clear,01 - Dry,10 - No control,01 - Non intersection,01 - Daylight,03 - P.D. only,04 - Sideswipe,Downtown
12340,SLATER ST btwn METCALFE ST & ELGIN ST,367881.2675,5031641.526,-75.69393445,45.42186418,2016-08-25,18:14,01 - Clear,01 - Dry,10 - No control,01 - Non intersection,01 - Daylight,03 - P.D. only,07 - SMV other,Downtown
12341,SLATER ST btwn METCALFE ST & ELGIN ST,367883.902,5031642.404,-75.69390067,45.42187184,2016-10-13,10:33,01 - Clear,01 - Dry,10 - No control,01 - Non intersection,01 - Daylight,03 - P.D. only,07 - SMV other,Downtown
12342,SLATER ST btwn METCALFE ST & ELGIN ST,367807.0634,5031594.105,-75.69488861,45.42144419,2016-11-15,6:40,01 - Clear,01 - Dry,10 - No control,01 - Non intersection,03 - Dawn,03 - P.D. only,05 - Turning movement,Downtown
12343,SLATER ST btwn O'CONNOR ST & METCALFE ST,367679.3084,5031516.841,-75.69653078,45.42076048,2016-01-17,23:15,03 - Snow,04 - Slush,10 - No control,01 - Non intersection,07 - Dark,03 - P.D. only,04 - Sideswipe,Downtown
12344,SLATER ST btwn O'CONNOR ST & METCALFE ST,367595.7312,5031461.773,-75.69760564,45.42027251,2016-10-14,20:50,01 - Clear,01 - Dry,10 - No control,01 - Non intersection,07 - Dark,03 - P.D. only,06 - SMV unattended vehicle,Downtown
12345,SLEAFORD GT @ CLARIDGE DR,365425.6007,5016635.35,-75.72715069,45.28705808,2016-10-26,8:47,01 - Clear,01 - Dry,02 - Stop sign,02 - Intersection related,01 - Daylight,02 - Non-fatal injury,02 - Angle,Chapman Mills - Rideau Crest - Davidson Heights
12346,SMYTH RD @ BOTSFORD ST/DAUPHIN RD,372244.5616,5029260.303,-75.63851131,45.40003194,2016-12-20,18:23,03 - Snow,02 - Wet,01 - Traffic signal,03 - At intersection,07 - Dark,02 - Non-fatal injury,07 - SMV other,Elmvale - Eastway - Riverview - Riverview Park West
12347,SMYTH RD @ BOTSFORD ST/DAUPHIN RD,372243.1003,5029261.552,-75.6385298,45.40004332,2016-01-04,12:00,01 - Clear,01 - Dry,01 - Traffic signal,02 - Intersection related,01 - Daylight,03 - P.D. only,03 - Rear end,Elmvale - Eastway - Riverview - Riverview Park West
12348,SMYTH RD @ GENERAL HOSPITAL E,371517.3864,5029179.545,-75.64780961,45.39937499,2016-10-21,20:18,02 - Rain,02 - Wet,01 - Traffic signal,02 - Intersection related,07 - Dark,03 - P.D. only,04 - Sideswipe,Alta Vista
12349,SMYTH RD @ GENERAL HOSPITAL E,371516.223,5029181.669,-75.64782418,45.39939421,2016-09-10,19:54,01 - Clear,01 - Dry,01 - Traffic signal,03 - At intersection,07 - Dark,03 - P.D. only,05 - Turning movement,Elmvale - Eastway - Riverview - Riverview Park West
12350,SMYTH RD @ GENERAL HOSPITAL E,371516.4843,5029182.024,-75.6478208,45.39939738,2016-12-09,8:57,01 - Clear,06 - Ice,01 - Traffic signal,02 - Intersection related,01 - Daylight,03 - P.D. only,03 - Rear end,Elmvale - Eastway - Riverview - Riverview Park West
12351,SMYTH RD @ RIVERSIDE HOSPITAL,369988.7082,5029118.898,-75.66734155,45.39897331,2016-10-19,12:30,01 - Clear,01 - Dry,01 - Traffic signal,02 - Intersection related,01 - Daylight,02 - Non-fatal injury,03 - Rear end,Alta Vista
12352,SMYTH RD @ RIVERSIDE HOSPITAL,369988.7186,5029119.379,-75.66734135,45.39897764,2016-09-12,15:03,01 - Clear,01 - Dry,01 - Traffic signal,03 - At intersection,01 - Daylight,02 - Non-fatal injury,05 - Turning movement,Alta Vista
12353,SMYTH RD @ RIVERSIDE HOSPITAL,369988.9576,5029120.049,-75.66733821,45.39898365,2016-03-01,14:19,01 - Clear,01 - Dry,01 - Traffic signal,02 - Intersection related,01 - Daylight,03 - P.D. only,03 - Rear end,Alta Vista
12354,SMYTH RD @ RIVERSIDE HOSPITAL,369988.2706,5029120.14,-75.66734697,45.39898453,2016-03-10,14:55,01 - Clear,02 - Wet,01 - Traffic signal,03 - At intersection,01 - Daylight,03 - P.D. only,05 - Turning movement,Alta Vista
12355,SMYTH RD @ RIVERSIDE HOSPITAL,369986.8842,5029120.836,-75.66736459,45.39899092,2016-07-18,14:24,01 - Clear,01 - Dry,01 - Traffic signal,02 - Intersection related,01 - Daylight,03 - P.D. only,03 - Rear end,Alta Vista
12356,SMYTH RD @ RIVERSIDE HOSPITAL,369987.4014,5029121.443,-75.6673579,45.39899634,2016-06-24,16:23,01 - Clear,01 - Dry,01 - Traffic signal,03 - At intersection,01 - Daylight,03 - P.D. only,05 - Turning movement,Alta Vista
12357,SMYTH RD @ RIVERSIDE HOSPITAL,369986.8842,5029120.836,-75.66736459,45.39899092,2016-07-13,11:46,01 - Clear,01 - Dry,01 - Traffic signal,03 - At intersection,01 - Daylight,03 - P.D. only,05 - Turning movement,Alta Vista
12358,SMYTH RD @ SMYTH RD NORTH SIDE RAMP/SMYTH RD S,369918.1924,5029122.015,-75.66824174,45.39900792,2016-09-25,23:15,01 - Clear,01 - Dry,03 - Yield sign,03 - At intersection,07 - Dark,03 - P.D. only,02 - Angle,Alta Vista
12359,SMYTH RD @ SMYTH RD NORTH SIDE RAMP/SMYTH RD S,369916.9477,5029121.711,-75.66825768,45.3990053,2016-10-05,15:40,01 - Clear,01 - Dry,03 - Yield sign,02 - Intersection related,01 - Daylight,03 - P.D. only,03 - Rear end,Alta Vista
12360,SMYTH RD @ SOUTH HAVEN PL/GENERAL HOSPITAL ENTRANCE W,371121.5529,5029134.482,-75.65287115,45.39900714,2016-09-17,15:43,02 - Rain,02 - Wet,01 - Traffic signal,02 - Intersection related,01 - Daylight,02 - Non-fatal injury,03 - Rear end,Alta Vista
12361,SMYTH RD @ SOUTH HAVEN PL/GENERAL HOSPITAL ENTRANCE W,371120.4974,5029136.553,-75.65288435,45.39902587,2016-07-07,11:24,01 - Clear,01 - Dry,01 - Traffic signal,02 - Intersection related,01 - Daylight,02 - Non-fatal injury,03 - Rear end,Alta Vista
12362,SMYTH RD @ SOUTH HAVEN PL/GENERAL HOSPITAL ENTRANCE W,371120.0558,5029136.553,-75.65288999,45.39902591,2016-12-07,14:34,01 - Clear,01 - Dry,01 - Traffic signal,02 - Intersection related,01 - Daylight,02 - Non-fatal injury,04 - Sideswipe,Alta Vista
12363,SMYTH RD @ SOUTH HAVEN PL/GENERAL HOSPITAL ENTRANCE W,371121.7956,5029136.24,-75.65286781,45.39902293,2016-06-10,9:15,01 - Clear,01 - Dry,01 - Traffic signal,02 - Intersection related,01 - Daylight,03 - P.D. only,03 - Rear end,Alta Vista
12364,SMYTH RD @ SOUTH HAVEN PL/GENERAL HOSPITAL ENTRANCE W,371120.7247,5029134.482,-75.65288173,45.39900722,2016-12-09,7:11,03 - Snow,06 - Ice,01 - Traffic signal,02 - Intersection related,03 - Dawn,03 - P.D. only,03 - Rear end,Alta Vista
12365,SMYTH RD btwn BROADMOOR AVE & SOUTH HAVEN PL,371045.8592,5029126.333,-75.65383898,45.39894098,2016-04-25,17:18,01 - Clear,01 - Dry,10 - No control,01 - Non intersection,01 - Daylight,03 - P.D. only,07 - SMV other,Alta Vista
12366,SMYTH RD btwn GENERAL HOSPITAL & LYNDA LANE,371576.9844,5029186.485,-75.6470475,45.39943175,2016-08-16,12:41,01 - Clear,01 - Dry,10 - No control,01 - Non intersection,01 - Daylight,03 - P.D. only,04 - Sideswipe,Alta Vista
12367,SMYTH RD btwn MAIN ST & RAMP,369592.0786,5029233.46,-75.67239213,45.40004092,2016-01-09,14:37,01 - Clear,02 - Wet,10 - No control,01 - Non intersection,01 - Daylight,03 - P.D. only,03 - Rear end,Old Ottawa East
12368,SMYTH RD btwn MAIN ST & RAMP,369787.88,5029158.223,-75.66990128,45.39934582,2016-03-30,9:13,01 - Clear,01 - Dry,10 - No control,01 - Non intersection,01 - Daylight,03 - P.D. only,04 - Sideswipe,Alta Vista
12369,SMYTH RD btwn MAIN ST & RAMP,369724.6768,5029182.241,-75.67070534,45.39956779,2016-11-03,7:43,02 - Rain,02 - Wet,10 - No control,01 - Non intersection,01 - Daylight,03 - P.D. only,03 - Rear end,Old Ottawa East
12370,SMYTH RD btwn RIVERSIDE HOSPITAL & ALTA VISTA DR,370406.5908,5029084.412,-75.66200907,45.39862399,2016-02-25,17:50,04 - Freezing Rain,06 - Ice,10 - No control,01 - Non intersection,07 - Dark,03 - P.D. only,04 - Sideswipe,Alta Vista
12371,SMYTH RD btwn RIVERSIDE HOSPITAL & SMYTH RD SOUTH SIDE RAMP,369920.9332,5029120.552,-75.66820693,45.3989945,2016-08-04,7:17,01 - Clear,01 - Dry,10 - No control,01 - Non intersection,01 - Daylight,02 - Non-fatal injury,04 - Sideswipe,Alta Vista
12372,SMYTH RD btwn RIVERSIDE HOSPITAL & SMYTH RD SOUTH SIDE RAMP,369928.5649,5029121.004,-75.6681094,45.39899786,2016-09-23,9:54,01 - Clear,01 - Dry,10 - No control,01 - Non intersection,01 - Daylight,03 - P.D. only,04 - Sideswipe,Alta Vista
12373,SMYTH RD btwn ROGER GUINDON AVE & BOTSFORD ST,372007.5856,5029234.54,-75.64154144,45.39982293,2016-05-26,7:58,01 - Clear,01 - Dry,10 - No control,04 - At/near private drive,01 - Daylight,03 - P.D. only,02 - Angle,Elmvale - Eastway - Riverview - Riverview Park West
12374,SMYTH RD btwn ROGER GUINDON AVE & BOTSFORD ST,372034.4729,5029239.295,-75.64119739,45.39986313,2016-01-06,8:38,01 - Clear,02 - Wet,10 - No control,01 - Non intersection,01 - Daylight,03 - P.D. only,03 - Rear end,Elmvale - Eastway - Riverview - Riverview Park West
12375,SMYTH RD btwn ROGER GUINDON AVE & BOTSFORD ST,372026.8837,5029238.49,-75.64129443,45.39985661,2016-03-25,7:51,04 - Freezing Rain,06 - Ice,10 - No control,01 - Non intersection,01 - Daylight,03 - P.D. only,04 - Sideswipe,Elmvale - Eastway - Riverview - Riverview Park West
12376,SMYTH RD btwn SAUNDERSON DR & CUBA AVE,372814.1484,5029326.844,-75.63122748,45.40057555,2016-02-25,19:48,03 - Snow,06 - Ice,10 - No control,01 - Non intersection,07 - Dark,03 - P.D. only,03 - Rear end,Elmvale - Eastway - Riverview - Riverview Park West
12377,SMYTH RD btwn SAUNDERSON DR & CUBA AVE,372956.5813,5029341.187,-75.62940635,45.40069075,2016-01-31,12:30,01 - Clear,01 - Dry,10 - No control,01 - Non intersection,01 - Daylight,03 - P.D. only,04 - Sideswipe,Elmvale - Eastway - Riverview - Riverview Park West
12378,SMYTH RD btwn SAUNDERSON DR & CUBA AVE,372960.8203,5029341.942,-75.62935211,45.40069713,2016-04-12,10:57,01 - Clear,01 - Dry,10 - No control,01 - Non intersection,01 - Daylight,03 - P.D. only,04 - Sideswipe,Elmvale - Eastway - Riverview - Riverview Park West
12379,SMYTH RD btwn SOUTH HAVEN PL & HIGHLAND TER,371316.6582,5029158.772,-75.65037606,45.39920718,2016-03-09,19:13,01 - Clear,02 - Wet,10 - No control,01 - Non intersection,07 - Dark,02 - Non-fatal injury,03 - Rear end,Alta Vista
12380,SMYTH RD btwn SOUTH HAVEN PL & HIGHLAND TER,371201.8841,5029144.42,-75.65184385,45.39908894,2016-06-30,13:14,01 - Clear,01 - Dry,10 - No control,04 - At/near private drive,01 - Daylight,02 - Non-fatal injury,05 - Turning movement,Alta Vista
12381,SMYTH RD E/LANCASTER RD @ ST. LAURENT BLVD N/R,373364.5099,5029424.331,-75.62418475,45.40139901,2016-07-30,3:28,01 - Clear,01 - Dry,01 - Traffic signal,03 - At intersection,07 - Dark,02 - Non-fatal injury,07 - SMV other,Sheffield Glen
12382,SMYTH RD E/LANCASTER RD @ ST. LAURENT BLVD N/R,373364.8597,5029424.191,-75.62418031,45.40139771,2016-03-17,12:42,01 - Clear,01 - Dry,01 - Traffic signal,03 - At intersection,01 - Daylight,03 - P.D. only,03 - Rear end,Sheffield Glen
12383,SMYTH RD E/LANCASTER RD @ ST. LAURENT BLVD N/R,373364.1089,5029425.111,-75.62418977,45.40140606,2016-10-03,9:05,01 - Clear,01 - Dry,01 - Traffic signal,02 - Intersection related,01 - Daylight,03 - P.D. only,05 - Turning movement,Sheffield Glen
12384,SMYTH RD E/LANCASTER RD @ ST. LAURENT BLVD N/R,373364.9549,5029423.874,-75.62417913,45.40139485,2016-06-15,12:45,01 - Clear,01 - Dry,01 - Traffic signal,02 - Intersection related,01 - Daylight,03 - P.D. only,03 - Rear end,Sheffield Glen
12385,SMYTH RD E/LANCASTER RD @ ST. LAURENT BLVD N/R,373364.867,5029424.074,-75.62418023,45.40139666,2016-01-04,11:55,01 - Clear,01 - Dry,01 - Traffic signal,02 - Intersection related,01 - Daylight,03 - P.D. only,03 - Rear end,Sheffield Glen
12386,SMYTH RD E/LANCASTER RD @ ST. LAURENT BLVD N/R,373364.9539,5029423.877,-75.62417915,45.40139488,2016-04-11,12:44,01 - Clear,01 - Dry,01 - Traffic signal,02 - Intersection related,01 - Daylight,03 - P.D. only,04 - Sideswipe,Sheffield Glen
12387,SMYTH RD E/LANCASTER RD @ ST. LAURENT BLVD N/R,373364.599,5029425.839,-75.62418341,45.40141257,2016-09-14,16:28,01 - Clear,01 - Dry,01 - Traffic signal,02 - Intersection related,01 - Daylight,03 - P.D. only,03 - Rear end,Sheffield Glen
12388,SMYTH RD E/LANCASTER RD @ ST. LAURENT BLVD N/R,373363.94,5029424.726,-75.62419198,45.40140262,2016-10-03,13:20,01 - Clear,01 - Dry,01 - Traffic signal,02 - Intersection related,01 - Daylight,03 - P.D. only,03 - Rear end,Sheffield Glen
12389,SMYTH RD E/LANCASTER RD @ ST. LAURENT BLVD N/R,373363.536,5029427.017,-75.62419682,45.40142327,2016-07-04,12:30,01 - Clear,01 - Dry,01 - Traffic signal,02 - Intersection related,01 - Daylight,03 - P.D. only,03 - Rear end,Industrial Park
12390,SMYTH RD E/LANCASTER RD @ ST. LAURENT BLVD N/R,373364.833,5029424.752,-75.62418057,45.40140276,2016-04-29,17:26,01 - Clear,01 - Dry,01 - Traffic signal,02 - Intersection related,01 - Daylight,03 - P.D. only,03 - Rear end,Sheffield Glen
12391,SMYTH RD E/LANCASTER RD @ ST. LAURENT BLVD N/R,373366.8563,5029426.801,-75.62415444,45.401421,2016-06-10,18:30,01 - Clear,01 - Dry,01 - Traffic signal,02 - Intersection related,01 - Daylight,03 - P.D. only,03 - Rear end,Sheffield Glen
12392,SMYTH RD/OTHELLO AVE @ RUSSELL RD W,373255.7149,5029373.634,-75.62558133,45.4009535,2016-08-08,16:11,01 - Clear,01 - Dry,01 - Traffic signal,03 - At intersection,01 - Daylight,03 - P.D. only,02 - Angle,Elmvale - Eastway - Riverview - Riverview Park West
12393,SMYTH RD/OTHELLO AVE @ RUSSELL RD W,373255.7316,5029373.458,-75.62558114,45.40095192,2016-10-14,16:10,01 - Clear,01 - Dry,01 - Traffic signal,02 - Intersection related,01 - Daylight,03 - P.D. only,04 - Sideswipe,Elmvale - Eastway - Riverview - Riverview Park West
12394,SNAKE ISLAND RD @ STAGECOACH RD,378062.538,5006580.288,-75.56755701,45.19538256,2016-08-25,17:29,01 - Clear,01 - Dry,02 - Stop sign,02 - Intersection related,01 - Daylight,03 - P.D. only,04 - Sideswipe,Kars - Osgoode
12395,SNAKE ISLAND RD @ STAGECOACH RD,378062.0989,5006580.288,-75.5675626,45.19538261,2016-12-14,19:54,01 - Clear,01 - Dry,02 - Stop sign,03 - At intersection,07 - Dark,03 - P.D. only,05 - Turning movement,Kars - Osgoode
12396,SNAKE ISLAND RD btwn GREY'S CREEK RD & SCRIVENS DR,382003.3692,5009086.077,-75.51701935,45.21750811,2016-03-29,20:17,01 - Clear,01 - Dry,10 - No control,01 - Non intersection,07 - Dark,03 - P.D. only,07 - SMV other,Osgoode
12397,SNAKE ISLAND RD btwn KEARNS WAY & 5TH LINE RD,379844.9208,5007721.559,-75.54470317,45.20546388,2016-10-10,5:04,01 - Clear,01 - Dry,10 - No control,01 - Non intersection,07 - Dark,03 - P.D. only,07 - SMV other,Kars - Osgoode
12398,SNAKE ISLAND RD btwn KEARNS WAY & 5TH LINE RD,378894.2275,5007135.008,-75.55689073,45.20028685,2016-12-14,9:58,01 - Clear,01 - Dry,10 - No control,01 - Non intersection,01 - Daylight,03 - P.D. only,07 - SMV other,Osgoode
12399,SNAKE ISLAND RD btwn MANOTICK STATION RD & STAGECOACH RD,377976.6291,5006529.625,-75.5686577,45.19493563,2016-12-30,12:12,01 - Clear,03 - Loose snow,10 - No control,01 - Non intersection,01 - Daylight,03 - P.D. only,07 - SMV other,Kars - Osgoode
12400,SNAKE ISLAND RD btwn MCGUIRE RD & BLANCHFIELD RD,376664.719,5005227.23,-75.58554033,45.1833519,2016-06-01,2:24,01 - Clear,01 - Dry,10 - No control,01 - Non intersection,07 - Dark,03 - P.D. only,07 - SMV other,Kars - Osgoode
12401,SNAKE ISLAND RD btwn NIXON DR & DOYLE RD,374948.4885,5004024.436,-75.60754531,45.1727021,2016-02-09,19:25,05 - Drifting Snow,06 - Ice,10 - No control,01 - Non intersection,07 - Dark,03 - P.D. only,07 - SMV other,Kars - Osgoode
12402,SOLARIS DR/CONIFER CREEK CIR @ SUMMERGAZE ST,356718.77,5015538.201,-75.83825125,45.27788284,2016-12-21,9:17,01 - Clear,02 - Wet,02 - Stop sign,03 - At intersection,01 - Daylight,03 - P.D. only,02 - Angle,Bridlewood - Emerald Meadows
12403,SOMERSET ST    E btwn HENDERSON AVE & NELSON ST,369086.5385,5031756.728,-75.67851979,45.422791,2016-07-06,13:10,01 - Clear,01 - Dry,10 - No control,01 - Non intersection,01 - Daylight,03 - P.D. only,07 - SMV other,Sandy Hill
12404,SOMERSET ST    E btwn KING EDWARD AVE & HENDERSON AVE,368968.877,5031680.625,-75.68003307,45.42211706,2016-05-20,22:13,01 - Clear,01 - Dry,10 - No control,01 - Non intersection,07 - Dark,03 - P.D. only,06 - SMV unattended vehicle,Sandy Hill
12405,SOMERSET ST    W btwn ARTHUR ST & CAMBRIDGE ST N,366881.6535,5030424.477,-75.70685981,45.41100295,2016-07-25,12:53,01 - Clear,01 - Dry,10 - No control,01 - Non intersection,01 - Daylight,02 - Non-fatal injury,06 - SMV unattended vehicle,Centretown West
12406,SOMERSET ST    W btwn ARTHUR ST & CAMBRIDGE ST N,366844.0199,5030399.746,-75.70734367,45.41078377,2016-07-18,15:35,01 - Clear,01 - Dry,10 - No control,01 - Non intersection,01 - Daylight,03 - P.D. only,06 - SMV unattended vehicle,Centretown West
12407,SOMERSET ST    W btwn ARTHUR ST & CAMBRIDGE ST N,366842.7208,5030398.747,-75.70736039,45.41077489,2016-05-04,13:35,01 - Clear,01 - Dry,10 - No control,01 - Non intersection,01 - Daylight,03 - P.D. only,04 - Sideswipe,Centretown West
12408,SOMERSET ST    W btwn ARTHUR ST & CAMBRIDGE ST N,366873.9786,5030417.653,-75.70695871,45.41094223,2016-02-06,10:35,01 - Clear,01 - Dry,10 - No control,01 - Non intersection,01 - Daylight,03 - P.D. only,04 - Sideswipe,Centretown West
12409,SOMERSET ST    W btwn BANK ST & O'CONNOR ST,367777.5186,5030965.668,-75.69534642,45.41579237,2016-10-07,17:06,01 - Clear,01 - Dry,10 - No control,01 - Non intersection,01 - Daylight,02 - Non-fatal injury,07 - SMV other,Centretown
12410,SOMERSET ST    W btwn BANK ST & O'CONNOR ST,367729.4174,5030936.841,-75.69596463,45.41553733,2016-03-05,1:57,01 - Clear,01 - Dry,10 - No control,01 - Non intersection,07 - Dark,02 - Non-fatal injury,01 - Approaching,Centretown
12411,SOMERSET ST    W btwn BANK ST & O'CONNOR ST,367778.3473,5030966.278,-75.69533576,45.41579779,2016-12-07,20:26,01 - Clear,01 - Dry,10 - No control,01 - Non intersection,07 - Dark,03 - P.D. only,04 - Sideswipe,Centretown
12412,SOMERSET ST    W btwn BAY ST & LYON ST N,367278.9984,5030665.546,-75.70175336,45.41313666,2016-09-24,0:00,01 - Clear,01 - Dry,10 - No control,01 - Non intersection,00 - Unknown,03 - P.D. only,06 - SMV unattended vehicle,Centretown
12413,SOMERSET ST    W btwn BAY ST & LYON ST N,367311.0621,5030683.753,-75.70134144,45.41329762,2016-04-09,22:22,01 - Clear,01 - Dry,10 - No control,04 - At/near private drive,07 - Dark,03 - P.D. only,02 - Angle,Centretown
12414,SOMERSET ST    W btwn BECKINGTON PRIV & BANK ST,367644.7504,5030885.039,-75.6970529,45.41507884,2016-07-14,16:28,01 - Clear,01 - Dry,10 - No control,04 - At/near private drive,01 - Daylight,02 - Non-fatal injury,05 - Turning movement,Centretown
12415,SOMERSET ST    W btwn BECKINGTON PRIV & BANK ST,367606.2287,5030862.217,-75.69754794,45.41487695,2016-10-03,20:43,01 - Clear,01 - Dry,10 - No control,01 - Non intersection,07 - Dark,02 - Non-fatal injury,04 - Sideswipe,Centretown
12416,SOMERSET ST    W btwn BECKINGTON PRIV & BANK ST,367668.1387,5030900.855,-75.69675208,45.41521904,2016-01-24,19:00,03 - Snow,02 - Wet,10 - No control,04 - At/near private drive,07 - Dark,03 - P.D. only,05 - Turning movement,Centretown
12417,SOMERSET ST    W btwn BECKINGTON PRIV & BANK ST,367667.6996,5030900.416,-75.69675775,45.41521513,2016-09-16,16:53,01 - Clear,01 - Dry,10 - No control,04 - At/near private drive,01 - Daylight,03 - P.D. only,02 - Angle,Centretown
12418,SOMERSET ST    W btwn BECKINGTON PRIV & BANK ST,367676.8901,5030906.771,-75.69663953,45.41527149,2016-06-20,16:59,01 - Clear,01 - Dry,10 - No control,01 - Non intersection,01 - Daylight,03 - P.D. only,04 - Sideswipe,Centretown
12419,SOMERSET ST    W btwn BECKINGTON PRIV & BANK ST,367619.7617,5030872.72,-75.69737371,45.41497024,2016-01-11,22:46,01 - Clear,02 - Wet,10 - No control,01 - Non intersection,07 - Dark,03 - P.D. only,06 - SMV unattended vehicle,Centretown
12420,SOMERSET ST    W btwn BECKINGTON PRIV & BANK ST,367632.1492,5030877.545,-75.69721484,45.41501254,2016-12-06,17:04,01 - Clear,02 - Wet,10 - No control,04 - At/near private drive,07 - Dark,03 - P.D. only,02 - Angle,Centretown