Record,Location,X,Y,lon,lat,Date,Time,Environment,Road_Surface,Traffic_Control,Collision_Location,Light,Collision_Classification,Impact_type,Neighborhood
12421,SOMERSET ST    W btwn BELL ST N & ARTHUR ST,366783.834,5030370.002,-75.70811625,45.41052147,2016-02-18,9:30,01 - Clear,01 - Dry,10 - No control,04 - At/near private drive,01 - Daylight,03 - P.D. only,04 - Sideswipe,Chinatown
12422,SOMERSET ST    W btwn BOOTH ST & UPPER LORNE PL,366651.5983,5030302.966,-75.7098139,45.40993,2016-02-20,20:00,02 - Rain,02 - Wet,10 - No control,01 - Non intersection,07 - Dark,03 - P.D. only,06 - SMV unattended vehicle,Centretown West
12423,SOMERSET ST    W btwn BOOTH ST & UPPER LORNE PL,366607.4119,5030268.402,-75.71038268,45.40962291,2016-01-28,11:23,01 - Clear,02 - Wet,10 - No control,01 - Non intersection,01 - Daylight,03 - P.D. only,04 - Sideswipe,Centretown West
12424,SOMERSET ST    W btwn BREEZEHILL AVE N & PRESTON ST,366282.2195,5030116.52,-75.71455571,45.40828496,2016-05-08,13:37,01 - Clear,01 - Dry,10 - No control,01 - Non intersection,01 - Daylight,02 - Non-fatal injury,04 - Sideswipe,Little Italy
12425,SOMERSET ST    W btwn BREEZEHILL AVE N & PRESTON ST,366294.5284,5030121.975,-75.7143978,45.40833296,2016-07-11,18:43,01 - Clear,01 - Dry,10 - No control,04 - At/near private drive,01 - Daylight,02 - Non-fatal injury,05 - Turning movement,Little Italy
12426,SOMERSET ST    W btwn BREEZEHILL AVE N & PRESTON ST,365914.7672,5029955.414,-75.7192695,45.40686755,2016-08-03,9:12,01 - Clear,01 - Dry,10 - No control,01 - Non intersection,01 - Daylight,03 - P.D. only,04 - Sideswipe,Littl
12427,SOMERSET ST    W btwn BRONSON AVE & PERCY ST,366970.5501,5030479.865,-75.70571721,45.41149343,2016-07-16,12:04,01 - Clear,01 - Dry,10 - No control,04 - At/near private drive,01 - Daylight,03 - P.D. only,02 - Angle,Chinatown
12428,SOMERSET ST    W btwn BRONSON AVE & PERCY ST,367095.6873,5030556.265,-75.70410897,45.41216972,2016-01-08,17:55,01 - Clear,02 - Wet,10 - No control,04 - At/near private drive,07 - Dark,03 - P.D. only,02 - Angle,Chinatown
12429,SOMERSET ST    W btwn BRONSON AVE & PERCY ST,367098.3126,5030558.219,-75.70407519,45.41218707,2016-12-18,0:00,03 - Snow,04 - Slush,10 - No control,01 - Non intersection,00 - Unknown,03 - P.D. only,06 - SMV unattended vehicle,Chinatown
12430,SOMERSET ST    W btwn CAMBRIDGE ST N & BRONSON AVE,366942.2738,5030461.14,-75.70608079,45.41132746,2016-10-27,22:00,03 - Snow,02 - Wet,10 - No control,04 - At/near private drive,07 - Dark,02 - Non-fatal injury,07 - SMV other,Centretown West
12431,SOMERSET ST    W btwn CAMBRIDGE ST N & BRONSON AVE,366952.6568,5030466.022,-75.70594753,45.41137046,2016-04-20,0:00,01 - Clear,01 - Dry,10 - No control,01 - Non intersection,00 - Unknown,03 - P.D. only,06 - SMV unattended vehicle,Chinatown
12432,SOMERSET ST    W btwn CAMBRIDGE ST N & BRONSON AVE,366950.2844,5030464.868,-75.70597799,45.41136029,2016-11-29,11:59,02 - Rain,02 - Wet,10 - No control,04 - At/near private drive,01 - Daylight,03 - P.D. only,05 - Turning movement,Chinatown
12433,SOMERSET ST    W btwn ELGIN ST & CARTIER ST,368286.7462,5031273.195,-75.68880114,45.41851338,2016-04-25,17:23,01 - Clear,01 - Dry,10 - No control,04 - At/near private drive,01 - Daylight,03 - P.D. only,06 - SMV unattended vehicle,Golden Triangle
12434,SOMERSET ST    W btwn METCALFE ST & ELGIN ST,368144.2915,5031187.814,-75.69063214,45.41775806,2016-09-20,0:00,01 - Clear,01 - Dry,10 - No control,01 - Non intersection,00 - Unknown,03 - P.D. only,06 - SMV unattended vehicle,Centretown
12435,SOMERSET ST    W btwn METCALFE ST & ELGIN ST,368157.7188,5031194.739,-75.6904597,45.41781916,2016-05-07,14:00,01 - Clear,01 - Dry,10 - No control,04 - At/near private drive,01 - Daylight,03 - P.D. only,06 - SMV unattended vehicle,Centretown
12436,SOMERSET ST    W btwn METCALFE ST & ELGIN ST,368159.3335,5031195.436,-75.69043898,45.41782528,2016-03-07,8:41,01 - Clear,01 - Dry,10 - No control,01 - Non intersection,01 - Daylight,03 - P.D. only,04 - Sideswipe,Centretown
12437,SOMERSET ST    W btwn METCALFE ST & ELGIN ST,368148.6823,5031190.01,-75.69057576,45.41777742,2016-11-12,3:06,01 - Clear,01 - Dry,10 - No control,01 - Non intersection,07 - Dark,03 - P.D. only,04 - Sideswipe,Centretown
12438,SOMERSET ST    W btwn O'CONNOR ST & METCALFE ST,367991.9426,5031093.316,-75.69259067,45.41692158,2016-04-12,16:38,01 - Clear,01 - Dry,10 - No control,04 - At/near private drive,01 - Daylight,02 - Non-fatal injury,07 - SMV other,Centretown
12439,SOMERSET ST    W btwn O'CONNOR ST & METCALFE ST,367984.5005,5031089.119,-75.69268629,45.41688449,2016-02-25,15:34,01 - Clear,02 - Wet,10 - No control,04 - At/near private drive,01 - Daylight,03 - P.D. only,02 - Angle,Centretown
12440,SOMERSET ST    W btwn PRESTON ST & ROCHESTER ST,366377.5196,5030157.539,-75.71333323,45.40864566,2016-08-09,16:21,01 - Clear,01 - Dry,10 - No control,04 - At/near private drive,01 - Daylight,02 - Non-fatal injury,05 - Turning movement,Little Italy
12441,SOMERSET ST    W btwn PRESTON ST & ROCHESTER ST,366468.1967,5030198.438,-75.7121698,45.40900567,2016-01-15,16:55,01 - Clear,01 - Dry,10 - No control,01 - Non intersection,05 - Dusk,03 - P.D. only,06 - SMV unattended vehicle,Little Italy
12442,SOMERSET ST    W btwn PRESTON ST & ROCHESTER ST,366436.1565,5030183.104,-75.712581,45.40887052,2016-12-18,22:30,01 - Clear,02 - Wet,10 - No control,04 - At/near private drive,07 - Dark,03 - P.D. only,06 - SMV unattended vehicle,Chinatown
12443,SOMERSET ST    W btwn RADSTOCK PRIV & KENT ST,367517.8511,5030810.427,-75.69868358,45.41441889,2016-08-15,17:00,01 - Clear,01 - Dry,10 - No control,01 - Non intersection,01 - Daylight,03 - P.D. only,06 - SMV unattended vehicle,Centretown
12444,SOMERSET ST    W btwn SPADINA AVE & BAYSWATER AVE,365724.9434,5029874.277,-75.72170426,45.40615405,2016-05-02,14:35,01 - Clear,01 - Dry,10 - No control,01 - Non intersection,01 - Daylight,03 - P.D. only,06 - SMV unattended vehicle,Centretow
12445,SOMERSET ST    W btwn SPADINA AVE & BAYSWATER AVE,365782.5889,5029901.209,-75.7209646,45.40639135,2016-12-18,12:02,03 - Snow,04 - Slush,10 - No control,01 - Non intersection,01 - Daylight,03 - P.D. only,04 - Sideswipe,Centretow
12446,SOMERSET ST @ EMPRESS AVE,366739.723,5030348.746,-75.70868242,45.41033412,2016-09-29,15:55,01 - Clear,01 - Dry,01 - Traffic signal,03 - At intersection,01 - Daylight,03 - P.D. only,05 - Turning movement,Chinatown
12447,SOMERSET ST @ PERCY ST,367115.4024,5030568.57,-75.70385556,45.41227869,2016-04-30,7:41,01 - Clear,01 - Dry,01 - Traffic signal,03 - At intersection,01 - Daylight,02 - Non-fatal injury,02 - Angle,Chinatown
12448,SOMERSET ST @ PERCY ST,367115.15,5030568.976,-75.70385873,45.41228236,2016-06-07,11:03,01 - Clear,01 - Dry,01 - Traffic signal,03 - At intersection,01 - Daylight,02 - Non-fatal injury,02 - Angle,Chinatown
12449,SOMERSET ST @ PERCY ST,367116.1248,5030568.245,-75.70384637,45.4122757,2016-11-18,14:55,01 - Clear,01 - Dry,01 - Traffic signal,03 - At intersection,01 - Daylight,03 - P.D. only,02 - Angle,Chinatown
12450,SONESTA CIRC btwn Continuation of SONESTA CIRC & Continuation of SONES,350220.3857,5016386.979,-75.92099643,45.28597027,2016-12-13,13:17,01 - Clear,03 - Loose snow,10 - No control,04 - At/near private drive,01 - Daylight,03 - P.D. only,06 - SMV unattended vehicle,Stittsville
12451,SOUTHBRIDGE ST btwn BALLINVILLE CIR & TENNANT WAY,367682.7381,5014411.499,-75.6986614,45.26684976,2016-01-07,17:14,01 - Clear,05 - Packed snow,10 - No control,01 - Non intersection,05 - Dusk,03 - P.D. only,05 - Turning movement,Greenbelt
12452,SOUTHGATE RD btwn CLEARWATER CRES & CLEARWATER CRES,371164.3459,5024691.027,-75.65292184,45.35902247,2016-02-25,16:17,01 - Clear,01 - Dry,10 - No control,01 - Non intersection,01 - Daylight,03 - P.D. only,06 - SMV unattended vehicle,South Keys - Heron Gate - Greenboro West
12453,SOUTHGATE RD btwn JOHNSTON RD & FERNWOOD DR,371025.8733,5024934.499,-75.65465649,45.36122625,2016-09-13,22:39,01 - Clear,01 - Dry,10 - No control,01 - Non intersection,07 - Dark,03 - P.D. only,06 - SMV unattended vehicle,South Keys - Heron Gate - Greenboro West
12454,SOUTHLAND CRES btwn KARSH DR & KARSH DR,373783.4192,5026134.571,-75.6192942,45.37175808,2016-02-16,19:51,03 - Snow,03 - Loose snow,10 - No control,01 - Non intersection,07 - Dark,02 - Non-fatal injury,07 - SMV other,Hunt Club
12455,SOUTHMORE DR    E btwn LINTON RD & THORNDALE DR,369792.7976,5025184.623,-75.67036158,45.36359219,2016-01-23,11:10,01 - Clear,01 - Dry,10 - No control,04 - At/near private drive,01 - Daylight,03 - P.D. only,06 - SMV unattended vehicle,Hunt Club Woods - Quintarra - Revelstoke - Riverside South P
12456,SOUTHMORE DR    E btwn SOUTHMORE DR W & WELLAND ST,369494.0002,5024862.668,-75.6742175,45.36072297,2016-01-11,18:49,01 - Clear,04 - Slush,10 - No control,01 - Non intersection,07 - Dark,03 - P.D. only,06 - SMV unattended vehicle,Hunt Club Woods - Quintarra - Revelstoke - Riverside South P
12457,SOUTHMORE DR @ WALKLEY RD,369710.5046,5025573.87,-75.67136081,45.36710215,2016-09-09,14:50,01 - Clear,01 - Dry,02 - Stop sign,02 - Intersection related,01 - Daylight,02 - Non-fatal injury,07 - SMV other,Riverside Park
12458,SOUTHMORE DR @ WALKLEY RD,369710.7085,5025575.114,-75.67135805,45.36711332,2016-07-29,15:14,01 - Clear,01 - Dry,02 - Stop sign,03 - At intersection,01 - Daylight,02 - Non-fatal injury,05 - Turning movement,Riverside Park
12459,SOUTHPARK DR btwn WOODBURN DR & INNES RD,377824.8326,5032792.243,-75.5667187,45.43125032,2016-12-05,11:58,03 - Snow,05 - Packed snow,10 - No control,01 - Non intersection,01 - Daylight,03 - P.D. only,01 - Approaching,Blackburn Hamlet
12460,SOUTHPARK DR btwn WOODVIEW CRES & WOODBURN DR,377602.3045,5032916.683,-75.5695439,45.43239316,2016-05-21,23:45,01 - Clear,01 - Dry,10 - No control,04 - At/near private drive,07 - Dark,03 - P.D. only,06 - SMV unattended vehicle,Blackburn Hamlet
12461,SOUTHPORT DR btwn Continuation of SOUTHPORT DR & Continuation of SOUTH,372608.3878,5024825.313,-75.63447368,45.36009255,2016-02-21,19:16,01 - Clear,01 - Dry,10 - No control,04 - At/near private drive,07 - Dark,03 - P.D. only,06 - SMV unattended vehicle,Greenboro East
12462,SOUTHVALE CRES btwn ERINBROOK CRES & DELRIDGE LANE,374154.4772,5029176.38,-75.6141301,45.39909025,2016-12-17,10:46,03 - Snow,03 - Loose snow,10 - No control,01 - Non intersection,01 - Daylight,03 - P.D. only,06 - SMV unattended vehicle,Sheffield Glen
12463,SOUTHVALE CRES btwn ERINBROOK CRES & ERINBROOK CRES,374034.4671,5029195.272,-75.61566017,45.39927211,2016-01-06,21:12,01 - Clear,02 - Wet,10 - No control,04 - At/near private drive,07 - Dark,02 - Non-fatal injury,02 - Angle,Sheffield Glen
12464,SOUTHVALE CRES btwn RUSSELL RD & ERINBROOK CRES,373806.0558,5029107.163,-75.61858967,45.3985019,2016-10-31,0:00,01 - Clear,01 - Dry,10 - No control,01 - Non intersection,00 - Unknown,03 - P.D. only,06 - SMV unattended vehicle,Sheffield Glen
12465,SOUTHVALE CRES btwn RUSSELL RD & ERINBROOK CRES,373839.185,5029153.419,-75.61816009,45.39891482,2016-09-03,0:00,01 - Clear,01 - Dry,10 - No control,01 - Non intersection,00 - Unknown,03 - P.D. only,06 - SMV unattended vehicle,Sheffield Glen
12466,SOVEREIGN AVE @ CRAIG HENRY DR,362988.6905,5021886.118,-75.75759692,45.33451035,2016-01-05,8:59,01 - Clear,06 - Ice,02 - Stop sign,03 - At intersection,01 - Daylight,03 - P.D. only,02 - Angle,Woodvale - Craig Henry - Manordale - Estates of Arlington Wo
12467,SPARKMAN AVE btwn MONTMORENCY WAY & MONTMORENCY WAY,384812.702,5034591.374,-75.47713267,45.44667273,2016-08-26,23:00,01 - Clear,01 - Dry,10 - No control,01 - Non intersection,07 - Dark,03 - P.D. only,06 - SMV unattended vehicle,Avalon
12468,SPARTAN AVE btwn EVE ST & LOLA ST,370983.1828,5032519.64,-75.65418378,45.42947849,2016-02-19,15:00,01 - Clear,03 - Loose snow,10 - No control,01 - Non intersection,01 - Daylight,03 - P.D. only,06 - SMV unattended vehicle,Vanier South
12469,SPEEDWAY RD btwn SPRUCE RIDGE RD & END,345734.6851,5011409,-75.97858632,45.24145181,2016-11-06,0:08,02 - Rain,02 - Wet,10 - No control,01 - Non intersection,07 - Dark,03 - P.D. only,07 - SMV other,Munster Hamlet - Richmond
12470,SPENCER ST btwn CARLETON AVE & WESTERN AVE,364259.7495,5029105.272,-75.74051267,45.3993607,2016-11-04,16:58,01 - Clear,01 - Dry,10 - No control,01 - Non intersection,07 - Dark,03 - P.D. only,06 - SMV unattended vehicle,Island Park
12471,SPENCER ST btwn HAMILTON AVE N & PARKDALE AVE,365057.0421,5029464.271,-75.7302858,45.40252272,2016-12-19,0:00,01 - Clear,01 - Dry,10 - No control,01 - Non intersection,00 - Unknown,03 - P.D. only,06 - SMV unattended vehicle,Islan
12472,SPLINTER CRES btwn TORSA CRT & DUMAURIER AVE,359831.7782,5023514.57,-75.79769026,45.34941786,2016-06-20,6:50,01 - Clear,01 - Dry,10 - No control,04 - At/near private drive,01 - Daylight,03 - P.D. only,99 - Other,Whitehaven - Queensway Terrace North
12473,SPRATT RD btwn CANYON WALK DR & OWLS CABIN AVE,369258.2755,5016530.178,-75.67831068,45.28577072,2016-05-30,16:42,01 - Clear,01 - Dry,10 - No control,01 - Non intersection,01 - Daylight,02 - Non-fatal injury,01 - Approaching,Gloucester
12474,SPRATT RD btwn CANYON WALK DR & OWLS CABIN AVE,369177.8545,5016480.784,-75.67934216,45.28533365,2016-02-03,9:05,04 - Freezing Rain,04 - Slush,10 - No control,01 - Non intersection,01 - Daylight,03 - P.D. only,02 - Angle,Gloucester
12475,SPRATT RD btwn HOLLOW TRAIL GT & CANYON WALK DR,369042.4351,5016405.496,-75.68107799,45.28466861,2016-09-25,10:24,01 - Clear,01 - Dry,10 - No control,01 - Non intersection,01 - Daylight,03 - P.D. only,04 - Sideswipe,Gloucester
12476,SPRATT RD btwn LIMEBANK RD & END,370143.8254,5017009.938,-75.66696003,45.29000574,2016-06-14,14:07,01 - Clear,01 - Dry,10 - No control,01 - Non intersection,01 - Daylight,03 - P.D. only,05 - Turning movement,Gloucester
12477,SPRATT RD btwn RIDEAU RD & BLACK CANARY DR,369411.3969,5012281.69,-75.67691162,45.2475293,2016-11-19,10:55,"07 - Fog, mist, smoke, dust",01 - Dry,10 - No control,01 - Non intersection,01 - Daylight,02 - Non-fatal injury,07 - SMV other,Manotick
12478,SPRATT RD btwn RIDEAU RD & BLACK CANARY DR,369481.666,5012097.275,-75.67604054,45.2458635,2016-02-13,15:03,05 - Drifting Snow,06 - Ice,10 - No control,01 - Non intersection,01 - Daylight,03 - P.D. only,07 - SMV other,Manotick
12479,SPRATT RD btwn SHORELINE DR & CANYON WALK DR,368625.9961,5016070.431,-75.68642905,45.28169167,2016-01-27,15:40,01 - Clear,02 - Wet,10 - No control,01 - Non intersection,01 - Daylight,03 - P.D. only,04 - Sideswipe,Gloucester
12480,SPRINGBEAUTY AVE btwn CICELY TERR & CORALROOT AVE,365111.7997,5016717.755,-75.73114061,45.28782655,2016-06-28,0:00,01 - Clear,01 - Dry,10 - No control,01 - Non intersection,00 - Unknown,03 - P.D. only,06 - SMV unattended vehicle,Greenbelt
12481,SPRINGFIELD RD btwn BUENA VISTA RD & PARK RD,369010.4387,5034857.162,-75.67908771,45.45069449,2016-02-23,17:04,01 - Clear,01 - Dry,10 - No control,01 - Non intersection,01 - Daylight,03 - P.D. only,06 - SMV unattended vehicle,Rockcliffe - Manor Park
12482,SPRINGFIELD RD btwn SCHOOLHOUSE PRIV & BEECHWOOD AVE,369232.997,5033670.806,-75.67639801,45.43999966,2016-10-02,11:45,01 - Clear,01 - Dry,10 - No control,04 - At/near private drive,01 - Daylight,03 - P.D. only,99 - Other,Lindenlea
12483,SPRINGHILL RD btwn 9TH LINE RD & YORKS CORNERS RD,388663.5658,5008426.79,-75.43234457,45.21081502,2016-02-22,10:43,01 - Clear,01 - Dry,10 - No control,01 - Non intersection,01 - Daylight,03 - P.D. only,07 - SMV other,Metcalfe
12484,SPRINGHILL RD btwn CAMPBELLCROFT RD & BANK ST,383575.3154,5005320.638,-75.49760296,45.18345446,2016-09-06,16:30,01 - Clear,01 - Dry,10 - No control,01 - Non intersection,01 - Daylight,02 - Non-fatal injury,07 - SMV other,Metcalfe
12485,SPRINGLAND DR btwn HOBSON RD & NORBERRY CRES,368809.9184,5025885.459,-75.68281603,45.36998856,2016-11-10,0:00,01 - Clear,01 - Dry,10 - No control,01 - Non intersection,00 - Unknown,03 - P.D. only,06 - SMV unattended vehicle,Riverside Park
12486,SPRINGLAND DR N @ FLANNERY DR N,368893.9144,5025897.865,-75.68174219,45.37009251,2016-01-17,20:41,03 - Snow,03 - Loose snow,02 - Stop sign,02 - Intersection related,07 - Dark,03 - P.D. only,07 - SMV other,Riverside Park
12487,SPRINGRIDGE DR btwn TRIM RD & PEPPERGRASS RD,385779.5484,5038262.613,-75.46416995,45.4795916,2016-02-20,11:15,02 - Rain,04 - Slush,10 - No control,04 - At/near private drive,01 - Daylight,03 - P.D. only,02 - Angle,Springridge
12488,SPRUCE RIDGE RD btwn RICHARDSON SIDE RD & HAZELDEAN RD,344826.0264,5012533.96,-75.99006951,45.25162699,2016-06-09,21:20,01 - Clear,01 - Dry,10 - No control,01 - Non intersection,07 - Dark,03 - P.D. only,07 - SMV other,Stittsville - Basswood
12489,SPRUCE ST btwn ROCHESTER ST & BOOTH ST,366545.671,5030316.884,-75.7111653,45.41006459,2016-01-04,12:00,01 - Clear,03 - Loose snow,10 - No control,01 - Non intersection,01 - Daylight,03 - P.D. only,06 - SMV unattended vehicle,Centretown West
12490,ST. ANDREW ST @ SUSSEX DR,367577.92,5032598.807,-75.69768829,45.43050476,2016-09-23,14:43,01 - Clear,01 - Dry,02 - Stop sign,02 - Intersection related,01 - Daylight,03 - P.D. only,04 - Sideswipe,Byward Market - Parliament Hill
12491,ST. ANDREW ST btwn CUMBERLAND ST & KING EDWARD AVE,368107.4171,5032936.83,-75.69087845,45.43349844,2016-02-17,13:27,03 - Snow,05 - Packed snow,10 - No control,01 - Non intersection,01 - Daylight,03 - P.D. only,06 - SMV unattended vehicle,Lower Town
12492,ST. ANDREW ST btwn DALHOUSIE ST & CUMBERLAND ST,367950.0237,5032835.837,-75.69290282,45.43260397,2016-08-18,19:26,01 - Clear,01 - Dry,10 - No control,04 - At/near private drive,01 - Daylight,03 - P.D. only,04 - Sideswipe,Lower Town
12493,ST. ANTHONY ST btwn PRESTON ST & END,366509.2337,5029540.239,-75.71172797,45.40307976,2016-02-14,10:45,01 - Clear,05 - Packed snow,10 - No control,01 - Non intersection,01 - Daylight,03 - P.D. only,06 - SMV unattended vehicle,Little Italy
12494,ST. CHARLES ST btwn BEECHWOOD AVE & BARRETTE ST,369462.9454,5033737.931,-75.67345023,45.4405824,2016-02-20,14:21,02 - Rain,04 - Slush,10 - No control,04 - At/near private drive,01 - Daylight,03 - P.D. only,06 - SMV unattended vehicle,Vanier North
12495,ST. CHARLES ST btwn GENEST ST & ALICE ST,369605.0154,5033599.834,-75.6716526,45.4393267,2016-05-29,0:00,01 - Clear,01 - Dry,10 - No control,01 - Non intersection,00 - Unknown,03 - P.D. only,06 - SMV unattended vehicle,Vanier North
12496,ST. CHARLES ST btwn LAVAL ST & GENEST ST,369535.5679,5033665.223,-75.6725316,45.43992148,2016-06-05,7:40,02 - Rain,02 - Wet,10 - No control,01 - Non intersection,01 - Daylight,03 - P.D. only,07 - SMV other,Vanier North
12497,ST. EMMANUEL TER btwn TO BE DETERMINED & BERNICE CRT (2),379769.2004,5037922.542,-75.54109047,45.47720316,2016-10-14,17:00,01 - Clear,01 - Dry,10 - No control,04 - At/near private drive,01 - Daylight,03 - P.D. only,06 - SMV unattended vehicle,Orleans South West
12498,ST. GEORGES ST btwn BONAIR DR & DES EPINETTES AVE,382900.6801,5036422.13,-75.50128108,45.46336054,2016-02-19,17:24,01 - Clear,06 - Ice,10 - No control,01 - Non intersection,05 - Dusk,03 - P.D. only,01 - Approaching,Queenswood Heights
12499,ST. GEORGES ST btwn LOUISBOURG CRES & MARCOUX DR,382745.837,5036604.849,-75.50323187,45.46502178,2016-01-28,12:30,03 - Snow,04 - Slush,10 - No control,01 - Non intersection,01 - Daylight,03 - P.D. only,06 - SMV unattended vehicle,Queenswood Heights
12500,ST. HELEN'S PL @ STARWOOD RD,364236.7721,5024523.015,-75.74135773,45.35813225,2016-04-29,0:45,01 - Clear,01 - Dry,02 - Stop sign,03 - At intersection,07 - Dark,03 - P.D. only,02 - Angle,Crestview - Meadowlands
12501,ST. JEAN ST @ ST. JOSEPH BLVD,380970.1562,5037201.232,-75.52584343,45.47058343,2016-06-02,9:00,01 - Clear,02 - Wet,01 - Traffic signal,03 - At intersection,01 - Daylight,03 - P.D. only,03 - Rear end,Orleans Village - Chateauneuf
12502,ST. JEAN ST @ ST. JOSEPH BLVD,380969.51,5037200.228,-75.52585185,45.47057447,2016-07-12,17:15,01 - Clear,01 - Dry,01 - Traffic signal,02 - Intersection related,01 - Daylight,03 - P.D. only,03 - Rear end,Orleans Village - Chateauneuf
12503,ST. JOSEPH BLVD @ DUFORD DR/PLACE D'ORLEANS DR,381997.36,5037996.399,-75.51258331,45.47762487,2016-03-05,14:22,01 - Clear,01 - Dry,01 - Traffic signal,02 - Intersection related,01 - Daylight,02 - Non-fatal injury,03 - Rear end,Queenswood Heights
12504,ST. JOSEPH BLVD @ DUFORD DR/PLACE D'ORLEANS DR,381995.9755,5037996.095,-75.51260107,45.47762229,2016-09-09,11:59,01 - Clear,01 - Dry,01 - Traffic signal,03 - At intersection,01 - Daylight,03 - P.D. only,07 - SMV other,Queenswood Heights
12505,ST. JOSEPH BLVD @ DUFORD DR/PLACE D'ORLEANS DR,381996.5082,5037998.339,-75.5125939,45.47764242,2016-10-05,7:50,01 - Clear,01 - Dry,01 - Traffic signal,02 - Intersection related,01 - Daylight,03 - P.D. only,03 - Rear end,Queenswood Heights
12506,ST. JOSEPH BLVD @ FOREST VALLEY DR/YOUVILLE DR,379162.949,5036156.936,-75.54911095,45.46138241,2016-08-31,8:11,01 - Clear,01 - Dry,01 - Traffic signal,02 - Intersection related,01 - Daylight,02 - Non-fatal injury,03 - Rear end,Chapel Hill
12507,ST. JOSEPH BLVD @ FOREST VALLEY DR/YOUVILLE DR,379163.6332,5036157.323,-75.54910214,45.46138581,2016-11-18,17:21,01 - Clear,01 - Dry,01 - Traffic signal,03 - At intersection,07 - Dark,02 - Non-fatal injury,05 - Turning movement,Chapel Hill
12508,ST. JOSEPH BLVD @ FOREST VALLEY DR/YOUVILLE DR,379164.5166,5036156.815,-75.54909092,45.46138115,2016-04-12,14:18,01 - Clear,01 - Dry,01 - Traffic signal,02 - Intersection related,01 - Daylight,03 - P.D. only,04 - Sideswipe,Chapel Hill
12509,ST. JOSEPH BLVD @ FOREST VALLEY DR/YOUVILLE DR,379164.8668,5036156.585,-75.54908648,45.46137904,2016-11-16,17:43,01 - Clear,01 - Dry,01 - Traffic signal,02 - Intersection related,07 - Dark,03 - P.D. only,03 - Rear end,Chapel Hill
12510,ST. JOSEPH BLVD @ FOREST VALLEY DR/YOUVILLE DR,379163.9129,5036156.176,-75.54909874,45.46137546,2016-11-24,10:07,03 - Snow,03 - Loose snow,01 - Traffic signal,02 - Intersection related,01 - Daylight,03 - P.D. only,07 - SMV other,Chapel Hill
12511,ST. JOSEPH BLVD @ JEANNE D'ARC BLVD,379861.0088,5036471.847,-75.54013794,45.46414108,2016-07-04,17:03,01 - Clear,01 - Dry,11 - Roundabout,03 - At intersection,01 - Daylight,02 - Non-fatal injury,04 - Sideswipe,Chapel Hill
12512,ST. JOSEPH BLVD @ JEANNE D'ARC BLVD,379860.7425,5036471.322,-75.54014142,45.46413639,2016-01-20,16:23,01 - Clear,01 - Dry,11 - Roundabout,02 - Intersection related,01 - Daylight,03 - P.D. only,03 - Rear end,Chapel Hill
12513,ST. JOSEPH BLVD @ JEANNE D'ARC BLVD,379861.7774,5036472.357,-75.54012803,45.46414559,2016-02-04,12:28,01 - Clear,01 - Dry,11 - Roundabout,03 - At intersection,01 - Daylight,03 - P.D. only,02 - Angle,Chapel Hill
12514,ST. JOSEPH BLVD @ JEANNE D'ARC BLVD,379860.7425,5036472.875,-75.54014118,45.46415036,2016-01-30,19:03,01 - Clear,01 - Dry,11 - Roundabout,03 - At intersection,07 - Dark,03 - P.D. only,02 - Angle,Greenbelt
12515,ST. JOSEPH BLVD @ JEANNE D'ARC BLVD,379860.7425,5036471.351,-75.54014142,45.46413665,2016-01-15,18:01,01 - Clear,01 - Dry,11 - Roundabout,03 - At intersection,07 - Dark,03 - P.D. only,04 - Sideswipe,Chapel Hill
12516,ST. JOSEPH BLVD @ JEANNE D'ARC BLVD,379860.7425,5036470.455,-75.54014155,45.46412859,2016-05-26,8:14,01 - Clear,01 - Dry,11 - Roundabout,03 - At intersection,01 - Daylight,03 - P.D. only,02 - Angle,Chapel Hill
12517,ST. JOSEPH BLVD @ JEANNE D'ARC BLVD,379859.992,5036471.206,-75.54015103,45.46413542,2016-05-26,8:17,01 - Clear,01 - Dry,11 - Roundabout,03 - At intersection,01 - Daylight,03 - P.D. only,03 - Rear end,Chapel Hill
12518,ST. JOSEPH BLVD @ JEANNE D'ARC BLVD,379859.2416,5036470.455,-75.54016074,45.46412875,2016-05-24,10:40,01 - Clear,01 - Dry,11 - Roundabout,03 - At intersection,01 - Daylight,03 - P.D. only,04 - Sideswipe,Chapel Hill
12519,ST. JOSEPH BLVD @ JEANNE D'ARC BLVD,379862.2434,5036472.707,-75.54012202,45.46414869,2016-05-24,17:57,01 - Clear,01 - Dry,11 - Roundabout,03 - At intersection,01 - Daylight,03 - P.D. only,02 - Angle,Chapel Hill
12520,ST. JOSEPH BLVD @ JEANNE D'ARC BLVD,379861.0088,5036471.315,-75.54013802,45.46413629,2016-07-24,16:25,01 - Clear,01 - Dry,11 - Roundabout,03 - At intersection,01 - Daylight,03 - P.D. only,04 - Sideswipe,Chapel Hill
12521,ST. JOSEPH BLVD @ JEANNE D'ARC BLVD,379860.7425,5036470.455,-75.54014155,45.46412859,2016-06-04,17:31,01 - Clear,01 - Dry,11 - Roundabout,03 - At intersection,01 - Daylight,03 - P.D. only,02 - Angle,Chapel Hill