Record,Location,X,Y,lon,lat,Date,Time,Environment,Road_Surface,Traffic_Control,Collision_Location,Light,Collision_Classification,Impact_type,Neighborhood
12522,ST. JOSEPH BLVD @ JEANNE D'ARC BLVD,379860.7425,5036470.892,-75.54014149,45.46413252,2016-05-30,14:45,01 - Clear,01 - Dry,11 - Roundabout,02 - Intersection related,01 - Daylight,03 - P.D. only,03 - Rear end,Chapel Hill
12523,ST. JOSEPH BLVD @ JEANNE D'ARC BLVD,379861.5414,5036470.782,-75.54013129,45.46413144,2016-07-26,7:47,01 - Clear,01 - Dry,11 - Roundabout,03 - At intersection,01 - Daylight,03 - P.D. only,02 - Angle,Chapel Hill
12524,ST. JOSEPH BLVD @ JEANNE D'ARC BLVD,379860.4762,5036471.847,-75.54014475,45.46414114,2016-08-02,13:35,01 - Clear,01 - Dry,11 - Roundabout,03 - At intersection,01 - Daylight,03 - P.D. only,02 - Angle,Chapel Hill
12525,ST. JOSEPH BLVD @ JEANNE D'ARC BLVD,379860.4762,5036471.315,-75.54014483,45.46413635,2016-08-05,15:28,01 - Clear,01 - Dry,11 - Roundabout,03 - At intersection,01 - Daylight,03 - P.D. only,02 - Angle,Chapel Hill
12526,ST. JOSEPH BLVD @ JEANNE D'ARC BLVD,379859.992,5036472.707,-75.5401508,45.46414893,2016-04-18,17:00,01 - Clear,01 - Dry,11 - Roundabout,02 - Intersection related,01 - Daylight,03 - P.D. only,03 - Rear end,Greenbelt
12527,ST. JOSEPH BLVD @ JEANNE D'ARC BLVD,379861.493,5036472.707,-75.54013161,45.46414877,2016-04-21,12:35,01 - Clear,01 - Dry,11 - Roundabout,03 - At intersection,01 - Daylight,03 - P.D. only,02 - Angle,Chapel Hill
12528,ST. JOSEPH BLVD @ JEANNE D'ARC BLVD,379860.4762,5036471.847,-75.54014475,45.46414114,2016-08-09,21:30,01 - Clear,01 - Dry,11 - Roundabout,03 - At intersection,07 - Dark,03 - P.D. only,03 - Rear end,Chapel Hill
12529,ST. JOSEPH BLVD @ JEANNE D'ARC BLVD,379860.2833,5036472.729,-75.54014708,45.46414909,2016-04-03,10:45,01 - Clear,01 - Dry,11 - Roundabout,03 - At intersection,01 - Daylight,03 - P.D. only,04 - Sideswipe,Greenbelt
12530,ST. JOSEPH BLVD @ JEANNE D'ARC BLVD,379859.824,5036471.351,-75.54015316,45.46413675,2016-04-16,15:50,01 - Clear,01 - Dry,11 - Roundabout,03 - At intersection,01 - Daylight,03 - P.D. only,02 - Angle,Chapel Hill
12531,ST. JOSEPH BLVD @ JEANNE D'ARC BLVD,379860.7425,5036471.956,-75.54014132,45.46414209,2016-03-23,15:50,01 - Clear,01 - Dry,11 - Roundabout,03 - At intersection,01 - Daylight,03 - P.D. only,04 - Sideswipe,Chapel Hill
12532,ST. JOSEPH BLVD @ JEANNE D'ARC BLVD,379860.2041,5036471.85,-75.54014822,45.46414119,2016-02-06,14:11,01 - Clear,01 - Dry,11 - Roundabout,02 - Intersection related,01 - Daylight,03 - P.D. only,03 - Rear end,Chapel Hill
12533,ST. JOSEPH BLVD @ JEANNE D'ARC BLVD,379860.2041,5036471.312,-75.54014831,45.46413635,2016-02-06,12:01,01 - Clear,01 - Dry,11 - Roundabout,03 - At intersection,01 - Daylight,03 - P.D. only,02 - Angle,Chapel Hill
12534,ST. JOSEPH BLVD @ JEANNE D'ARC BLVD,379861.5414,5036471.315,-75.54013121,45.46413624,2016-08-16,9:03,01 - Clear,01 - Dry,11 - Roundabout,03 - At intersection,01 - Daylight,03 - P.D. only,04 - Sideswipe,Chapel Hill
12535,ST. JOSEPH BLVD @ JEANNE D'ARC BLVD,379860.4762,5036470.249,-75.54014499,45.46412676,2016-08-26,10:30,01 - Clear,01 - Dry,11 - Roundabout,03 - At intersection,01 - Daylight,03 - P.D. only,02 - Angle,Chapel Hill
12536,ST. JOSEPH BLVD @ JEANNE D'ARC BLVD,379862.0741,5036471.315,-75.5401244,45.46413618,2016-04-20,14:15,01 - Clear,01 - Dry,11 - Roundabout,03 - At intersection,01 - Daylight,03 - P.D. only,04 - Sideswipe,Chapel Hill
12537,ST. JOSEPH BLVD @ JEANNE D'ARC BLVD,379861.0088,5036470.782,-75.5401381,45.4641315,2016-04-21,11:40,01 - Clear,01 - Dry,11 - Roundabout,03 - At intersection,01 - Daylight,03 - P.D. only,04 - Sideswipe,Chapel Hill
12538,ST. JOSEPH BLVD @ JEANNE D'ARC BLVD,379860.4762,5036470.782,-75.54014491,45.46413156,2016-09-11,4:00,02 - Rain,02 - Wet,11 - Roundabout,03 - At intersection,07 - Dark,03 - P.D. only,02 - Angle,Chapel Hill
12539,ST. JOSEPH BLVD @ JEANNE D'ARC BLVD,379861.5414,5036471.847,-75.54013113,45.46414102,2016-05-05,16:46,01 - Clear,01 - Dry,11 - Roundabout,03 - At intersection,01 - Daylight,03 - P.D. only,04 - Sideswipe,Chapel Hill
12540,ST. JOSEPH BLVD @ JEANNE D'ARC BLVD,379859.9436,5036471.847,-75.54015156,45.4641412,2016-06-21,12:40,01 - Clear,01 - Dry,11 - Roundabout,03 - At intersection,01 - Daylight,03 - P.D. only,02 - Angle,Chapel Hill
12541,ST. JOSEPH BLVD @ JEANNE D'ARC BLVD,379861.661,5036471.351,-75.54012967,45.46413655,2016-05-01,13:20,02 - Rain,02 - Wet,11 - Roundabout,03 - At intersection,01 - Daylight,03 - P.D. only,02 - Angle,Chapel Hill
12542,ST. JOSEPH BLVD @ JEANNE D'ARC BLVD,379861.493,5036471.956,-75.54013173,45.46414201,2016-04-30,14:43,01 - Clear,01 - Dry,11 - Roundabout,03 - At intersection,01 - Daylight,03 - P.D. only,04 - Sideswipe,Chapel Hill
12543,ST. JOSEPH BLVD @ JEANNE D'ARC BLVD,379861.8784,5036470.508,-75.54012702,45.46412894,2016-10-18,8:40,01 - Clear,01 - Dry,11 - Roundabout,03 - At intersection,01 - Daylight,03 - P.D. only,02 - Angle,Chapel Hill
12544,ST. JOSEPH BLVD @ JEANNE D'ARC BLVD,379860.0839,5036471.8,-75.54014977,45.46414076,2016-10-07,17:07,01 - Clear,01 - Dry,11 - Roundabout,03 - At intersection,01 - Daylight,03 - P.D. only,02 - Angle,Chapel Hill
12545,ST. JOSEPH BLVD @ JEANNE D'ARC BLVD,379859.9143,5036471.995,-75.54015191,45.46414253,2016-10-25,19:21,01 - Clear,01 - Dry,11 - Roundabout,03 - At intersection,07 - Dark,03 - P.D. only,03 - Rear end,Chapel Hill
12546,ST. JOSEPH BLVD @ JEANNE D'ARC BLVD,379861.0707,5036472.123,-75.5401371,45.46414356,2016-10-27,8:15,01 - Clear,01 - Dry,11 - Roundabout,03 - At intersection,01 - Daylight,03 - P.D. only,02 - Angle,Greenbelt
12547,ST. JOSEPH BLVD @ JEANNE D'ARC BLVD,379861.0707,5036470.508,-75.54013735,45.46412903,2016-10-20,17:02,02 - Rain,02 - Wet,11 - Roundabout,03 - At intersection,01 - Daylight,03 - P.D. only,02 - Angle,Chapel Hill
12548,ST. JOSEPH BLVD @ JEANNE D'ARC BLVD,379860.9903,5036470.597,-75.54013836,45.46412984,2016-02-26,16:48,01 - Clear,01 - Dry,11 - Roundabout,02 - Intersection related,01 - Daylight,03 - P.D. only,03 - Rear end,Chapel Hill
12549,ST. JOSEPH BLVD @ JEANNE D'ARC BLVD,379861.661,5036470.892,-75.54012974,45.46413242,2016-01-29,14:40,01 - Clear,02 - Wet,11 - Roundabout,02 - Intersection related,01 - Daylight,03 - P.D. only,02 - Angle,Chapel Hill
12550,ST. JOSEPH BLVD @ JEANNE D'ARC BLVD,379859.3648,5036472.729,-75.54015882,45.46414919,2016-03-17,15:37,01 - Clear,01 - Dry,11 - Roundabout,03 - At intersection,01 - Daylight,03 - P.D. only,04 - Sideswipe,Greenbelt
12551,ST. JOSEPH BLVD @ JEANNE D'ARC BLVD,379860.2833,5036471.351,-75.54014729,45.4641367,2016-06-14,19:06,01 - Clear,01 - Dry,11 - Roundabout,03 - At intersection,01 - Daylight,03 - P.D. only,02 - Angle,Chapel Hill
12552,ST. JOSEPH BLVD @ JEANNE D'ARC BLVD,379859.3648,5036470.892,-75.5401591,45.46413267,2016-06-14,12:26,01 - Clear,01 - Dry,11 - Roundabout,03 - At intersection,01 - Daylight,03 - P.D. only,04 - Sideswipe,Chapel Hill
12553,ST. JOSEPH BLVD @ JEANNE D'ARC BLVD,379861.2017,5036471.811,-75.54013547,45.46414074,2016-06-27,6:18,02 - Rain,02 - Wet,11 - Roundabout,03 - At intersection,01 - Daylight,03 - P.D. only,02 - Angle,Chapel Hill
12554,ST. JOSEPH BLVD @ JEANNE D'ARC BLVD,379861.661,5036470.892,-75.54012974,45.46413242,2016-06-29,8:17,01 - Clear,01 - Dry,11 - Roundabout,03 - At intersection,01 - Daylight,03 - P.D. only,02 - Angle,Chapel Hill
12555,ST. JOSEPH BLVD @ JEANNE D'ARC BLVD,379860.962,5036470.922,-75.54013868,45.46413276,2016-10-01,14:50,01 - Clear,01 - Dry,11 - Roundabout,03 - At intersection,01 - Daylight,03 - P.D. only,04 - Sideswipe,Chapel Hill
12556,ST. JOSEPH BLVD @ JEANNE D'ARC BLVD,379860.967,5036470.908,-75.54013861,45.46413264,2016-04-14,11:25,01 - Clear,01 - Dry,11 - Roundabout,03 - At intersection,01 - Daylight,03 - P.D. only,02 - Angle,Chapel Hill
12557,ST. JOSEPH BLVD @ JEANNE D'ARC BLVD,379860.523,5036471.361,-75.54014422,45.46413676,2016-09-24,15:38,01 - Clear,01 - Dry,11 - Roundabout,03 - At intersection,01 - Daylight,03 - P.D. only,04 - Sideswipe,Chapel Hill
12558,ST. JOSEPH BLVD @ JEANNE D'ARC BLVD,379860.0839,5036470.483,-75.54014997,45.46412891,2016-09-17,20:44,02 - Rain,02 - Wet,11 - Roundabout,03 - At intersection,07 - Dark,03 - P.D. only,02 - Angle,Chapel Hill
12559,ST. JOSEPH BLVD @ JEANNE D'ARC BLVD,379860.962,5036472.24,-75.54013847,45.46414462,2016-09-26,10:20,01 - Clear,01 - Dry,11 - Roundabout,03 - At intersection,01 - Daylight,03 - P.D. only,04 - Sideswipe,Greenbelt
12560,ST. JOSEPH BLVD @ JEANNE D'ARC BLVD,379859.7916,5036472.33,-75.54015342,45.46414556,2016-11-15,18:50,01 - Clear,01 - Dry,11 - Roundabout,03 - At intersection,07 - Dark,03 - P.D. only,04 - Sideswipe,Greenbelt
12561,ST. JOSEPH BLVD @ JEANNE D'ARC BLVD,379860.523,5036470.922,-75.54014429,45.46413281,2016-11-07,17:25,01 - Clear,02 - Wet,11 - Roundabout,03 - At intersection,07 - Dark,03 - P.D. only,04 - Sideswipe,Chapel Hill
12562,ST. JOSEPH BLVD @ JEANNE D'ARC BLVD,379860.523,5036470.922,-75.54014429,45.46413281,2016-11-09,21:08,01 - Clear,01 - Dry,11 - Roundabout,03 - At intersection,07 - Dark,03 - P.D. only,04 - Sideswipe,Chapel Hill
12563,ST. JOSEPH BLVD @ JEANNE D'ARC BLVD,379860.962,5036471.361,-75.54013861,45.46413671,2016-11-16,7:52,02 - Rain,02 - Wet,11 - Roundabout,03 - At intersection,01 - Daylight,03 - P.D. only,04 - Sideswipe,Chapel Hill
12564,ST. JOSEPH BLVD @ JEANNE D'ARC BLVD,379861.9144,5036471.581,-75.5401264,45.46413859,2016-08-20,18:59,01 - Clear,01 - Dry,11 - Roundabout,03 - At intersection,01 - Daylight,03 - P.D. only,04 - Sideswipe,Chapel Hill
12565,ST. JOSEPH BLVD @ JEANNE D'ARC BLVD,379860.0839,5036470.922,-75.5401499,45.46413286,2016-10-10,16:21,01 - Clear,01 - Dry,11 - Roundabout,03 - At intersection,01 - Daylight,03 - P.D. only,02 - Angle,Chapel Hill
12566,ST. JOSEPH BLVD @ JEANNE D'ARC BLVD,379861.4413,5036470.38,-75.54013263,45.46412784,2016-12-21,16:43,01 - Clear,02 - Wet,11 - Roundabout,03 - At intersection,05 - Dusk,03 - P.D. only,04 - Sideswipe,Chapel Hill
12567,ST. JOSEPH BLVD @ JEANNE D'ARC BLVD,379862.3988,5036471.995,-75.54012014,45.46414226,2016-12-29,10:30,03 - Snow,03 - Loose snow,11 - Roundabout,02 - Intersection related,01 - Daylight,03 - P.D. only,07 - SMV other,Chapel Hill
12568,ST. JOSEPH BLVD @ JEANNE D'ARC BLVD,379863.0865,5036473.108,-75.54011118,45.4641522,2016-11-04,8:10,01 - Clear,01 - Dry,11 - Roundabout,02 - Intersection related,01 - Daylight,03 - P.D. only,03 - Rear end,Chapel Hill
12569,ST. JOSEPH BLVD @ JEANNE D'ARC BLVD,379862.686,5036469.7,-75.54011682,45.46412158,2016-12-07,15:02,01 - Clear,02 - Wet,11 - Roundabout,03 - At intersection,01 - Daylight,03 - P.D. only,04 - Sideswipe,Chapel Hill
12570,ST. JOSEPH BLVD @ OR174 IC101 RAMP25,383346.2599,5038947.793,-75.49518028,45.4860342,2016-09-27,7:40,01 - Clear,01 - Dry,01 - Traffic signal,02 - Intersection related,01 - Daylight,03 - P.D. only,03 - Rear end,Industrial Park
12571,ST. JOSEPH BLVD @ REGIONAL RD 174/TRANSITWAY,376557.6622,5035055.715,-75.58258142,45.45174679,2016-07-17,16:35,01 - Clear,01 - Dry,01 - Traffic signal,03 - At intersection,01 - Daylight,01 - Fatal injury,05 - Turning movement,Greenbelt
12572,ST. JOSEPH BLVD @ REGIONAL RD 174/TRANSITWAY,376556.9607,5035056.056,-75.58259033,45.45174993,2016-08-08,22:14,01 - Clear,01 - Dry,01 - Traffic signal,02 - Intersection related,07 - Dark,02 - Non-fatal injury,02 - Angle,Greenbelt
12573,ST. JOSEPH BLVD @ REGIONAL RD 174/TRANSITWAY,376554.2692,5035058.297,-75.58262441,45.45177037,2016-11-09,17:00,01 - Clear,01 - Dry,01 - Traffic signal,02 - Intersection related,07 - Dark,02 - Non-fatal injury,03 - Rear end,Greenbelt
12574,ST. JOSEPH BLVD @ REGIONAL RD 174/TRANSITWAY,376556.4086,5035056.067,-75.58259739,45.45175009,2016-05-24,16:09,01 - Clear,01 - Dry,01 - Traffic signal,02 - Intersection related,01 - Daylight,03 - P.D. only,03 - Rear end,Greenbelt
12575,ST. JOSEPH BLVD @ REGIONAL RD 174/TRANSITWAY,376558.2547,5035055.551,-75.58257387,45.45174526,2016-09-07,20:44,02 - Rain,02 - Wet,01 - Traffic signal,02 - Intersection related,07 - Dark,03 - P.D. only,03 - Rear end,Greenbelt
12576,ST. JOSEPH BLVD @ REGIONAL RD 174/TRANSITWAY,376555.1178,5035057.034,-75.58261375,45.45175892,2016-11-12,14:22,01 - Clear,01 - Dry,01 - Traffic signal,03 - At intersection,01 - Daylight,03 - P.D. only,02 - Angle,Greenbelt
12577,ST. JOSEPH BLVD @ ST. PIERRE ST,381375.0857,5037514.811,-75.52061659,45.47336047,2016-12-12,16:35,03 - Snow,04 - Slush,02 - Stop sign,03 - At intersection,05 - Dusk,03 - P.D. only,05 - Turning movement,Industrial Park
12578,ST. JOSEPH BLVD @ TENTH LINE RD,382891.4697,5038665.787,-75.50104223,45.483548,2016-03-07,17:53,01 - Clear,02 - Wet,01 - Traffic signal,02 - Intersection related,01 - Daylight,02 - Non-fatal injury,03 - Rear end,Industrial Park
12579,ST. JOSEPH BLVD @ TENTH LINE RD,382890.0049,5038666.719,-75.50106082,45.48355655,2016-03-10,13:25,01 - Clear,02 - Wet,01 - Traffic signal,02 - Intersection related,01 - Daylight,02 - Non-fatal injury,07 - SMV other,Industrial Park
12580,ST. JOSEPH BLVD @ TENTH LINE RD,382890.2683,5038665.114,-75.5010577,45.48354208,2016-08-26,12:28,01 - Clear,01 - Dry,01 - Traffic signal,02 - Intersection related,01 - Daylight,02 - Non-fatal injury,03 - Rear end,Industrial Park
12581,ST. JOSEPH BLVD @ TENTH LINE RD,382890.8038,5038664.796,-75.50105091,45.48353916,2016-09-10,11:03,01 - Clear,01 - Dry,01 - Traffic signal,02 - Intersection related,01 - Daylight,02 - Non-fatal injury,03 - Rear end,Industrial Park
12582,ST. JOSEPH BLVD @ TENTH LINE RD,382890.5843,5038667.55,-75.50105328,45.48356396,2016-02-12,14:55,01 - Clear,02 - Wet,01 - Traffic signal,03 - At intersection,01 - Daylight,03 - P.D. only,03 - Rear end,Industrial Park
12583,ST. JOSEPH BLVD @ TENTH LINE RD,382891.263,5038665.764,-75.50104488,45.48354781,2016-02-25,19:00,03 - Snow,06 - Ice,01 - Traffic signal,02 - Intersection related,07 - Dark,03 - P.D. only,07 - SMV other,Industrial Park
12584,ST. JOSEPH BLVD @ TENTH LINE RD,382890.5843,5038666.672,-75.50105342,45.48355606,2016-10-05,9:17,01 - Clear,01 - Dry,01 - Traffic signal,02 - Intersection related,01 - Daylight,03 - P.D. only,04 - Sideswipe,Industrial Park
12585,ST. JOSEPH BLVD @ TENTH LINE RD,382890.978,5038668.14,-75.50104815,45.48356922,2016-02-05,9:50,01 - Clear,01 - Dry,01 - Traffic signal,02 - Intersection related,01 - Daylight,03 - P.D. only,03 - Rear end,Industrial Park
12586,ST. JOSEPH BLVD @ TENTH LINE RD,382891.9015,5038666.672,-75.50103657,45.48355591,2016-01-31,10:19,01 - Clear,02 - Wet,01 - Traffic signal,02 - Intersection related,01 - Daylight,03 - P.D. only,03 - Rear end,Industrial Park
12587,ST. JOSEPH BLVD @ TENTH LINE RD,382891.3767,5038666.195,-75.50104336,45.48355168,2016-01-20,17:04,01 - Clear,02 - Wet,01 - Traffic signal,03 - At intersection,05 - Dusk,03 - P.D. only,02 - Angle,Industrial Park
12588,ST. JOSEPH BLVD @ TENTH LINE RD,382891.0258,5038667.119,-75.5010477,45.48356003,2016-02-20,15:30,02 - Rain,04 - Slush,01 - Traffic signal,02 - Intersection related,01 - Daylight,03 - P.D. only,03 - Rear end,Industrial Park
12589,ST. JOSEPH BLVD @ TENTH LINE RD,382889.6815,5038666.677,-75.50106496,45.4835562,2016-04-22,15:26,01 - Clear,01 - Dry,01 - Traffic signal,02 - Intersection related,01 - Daylight,03 - P.D. only,03 - Rear end,Industrial Park
12590,ST. JOSEPH BLVD @ TENTH LINE RD,382891.0701,5038665.654,-75.50104736,45.48354685,2016-03-12,15:20,01 - Clear,01 - Dry,01 - Traffic signal,03 - At intersection,01 - Daylight,03 - P.D. only,05 - Turning movement,Industrial Park
12591,ST. JOSEPH BLVD @ TENTH LINE RD,382889.6121,5038665.837,-75.50106598,45.48354866,2016-06-30,12:34,01 - Clear,01 - Dry,01 - Traffic signal,02 - Intersection related,01 - Daylight,03 - P.D. only,03 - Rear end,Industrial Park
12592,ST. JOSEPH BLVD @ TENTH LINE RD,382890.5843,5038667.111,-75.50105335,45.48356001,2016-07-09,11:02,02 - Rain,02 - Wet,01 - Traffic signal,02 - Intersection related,01 - Daylight,03 - P.D. only,03 - Rear end,Industrial Park
12593,ST. JOSEPH BLVD @ TENTH LINE RD,382891.7223,5038665.764,-75.501039,45.48354776,2016-05-07,11:56,01 - Clear,01 - Dry,01 - Traffic signal,02 - Intersection related,01 - Daylight,03 - P.D. only,03 - Rear end,Industrial Park
12594,ST. JOSEPH BLVD @ TENTH LINE RD,382891.4856,5038666.907,-75.50104185,45.48355807,2016-07-11,15:47,01 - Clear,01 - Dry,01 - Traffic signal,02 - Intersection related,01 - Daylight,03 - P.D. only,04 - Sideswipe,Industrial Park
12595,ST. JOSEPH BLVD @ TENTH LINE RD,382891.632,5038665.211,-75.50104025,45.4835428,2016-09-28,17:50,01 - Clear,01 - Dry,01 - Traffic signal,02 - Intersection related,01 - Daylight,03 - P.D. only,03 - Rear end,Industrial Park
12596,ST. JOSEPH BLVD @ TENTH LINE RD,382889.9756,5038665.211,-75.50106143,45.48354298,2016-12-31,21:19,03 - Snow,03 - Loose snow,01 - Traffic signal,03 - At intersection,07 - Dark,03 - P.D. only,02 - Angle,Industrial Park
12597,ST. JOSEPH BLVD btwn BELCOURT BLVD & ST. PIERRE ST,381369.822,5037509.591,-75.52068472,45.47331409,2016-10-07,10:56,01 - Clear,01 - Dry,10 - No control,04 - At/near private drive,01 - Daylight,03 - P.D. only,05 - Turning movement,Industrial Park
12598,ST. JOSEPH BLVD btwn BELCOURT BLVD & ST. PIERRE ST,381278.4462,5037431.06,-75.52186545,45.47261754,2016-12-12,13:56,01 - Clear,03 - Loose snow,10 - No control,01 - Non intersection,01 - Daylight,03 - P.D. only,06 - SMV unattended vehicle,Orleans Village - Chateauneuf
12599,ST. JOSEPH BLVD btwn BOYER RD & ORLEANS BLVD,380602.7522,5036964.441,-75.53057809,45.46849295,2016-12-21,18:55,01 - Clear,02 - Wet,10 - No control,04 - At/near private drive,07 - Dark,02 - Non-fatal injury,07 - SMV other,Industrial Park
12600,ST. JOSEPH BLVD btwn BOYER RD & ORLEANS BLVD,380548.5916,5036927.556,-75.53127632,45.46816697,2016-02-05,9:44,01 - Clear,01 - Dry,10 - No control,04 - At/near private drive,01 - Daylight,03 - P.D. only,05 - Turning movement,Industrial Park
12601,ST. JOSEPH BLVD btwn COUSINEAU ST & DUSSERE ST,380757.3296,5037061.537,-75.52858652,45.46934975,2016-06-23,12:00,01 - Clear,01 - Dry,10 - No control,01 - Non intersection,01 - Daylight,03 - P.D. only,04 - Sideswipe,Industrial Park
12602,ST. JOSEPH BLVD btwn COUSINEAU ST & DUSSERE ST,380781.922,5037077.35,-75.52826961,45.46948935,2016-03-22,13:45,01 - Clear,01 - Dry,10 - No control,04 - At/near private drive,01 - Daylight,03 - P.D. only,02 - Angle,Industrial Park
12603,ST. JOSEPH BLVD btwn COUSINEAU ST & DUSSERE ST,380730.8576,5037044.606,-75.52892763,45.4692003,2016-05-31,17:50,01 - Clear,01 - Dry,10 - No control,01 - Non intersection,01 - Daylight,03 - P.D. only,04 - Sideswipe,Industrial Park
12604,ST. JOSEPH BLVD btwn DUSSERE ST & ST. JEAN ST,380864.8555,5037133.434,-75.52720045,45.46998492,2016-07-25,14:42,01 - Clear,01 - Dry,10 - No control,04 - At/near private drive,01 - Daylight,03 - P.D. only,02 - Angle,Industrial Park
12605,ST. JOSEPH BLVD btwn GREY NUNS DR & BOYER RD,380260.3687,5036736.058,-75.53499118,45.46647522,2016-07-22,12:35,01 - Clear,01 - Dry,10 - No control,04 - At/near private drive,01 - Daylight,02 - Non-fatal injury,03 - Rear end,Chapel Hill
12606,ST. JOSEPH BLVD btwn GREY NUNS DR & BOYER RD,380168.2491,5036676.03,-75.53617827,45.46594508,2016-10-19,16:49,01 - Clear,01 - Dry,10 - No control,01 - Non intersection,01 - Daylight,03 - P.D. only,04 - Sideswipe,Chapel Hill
12607,ST. JOSEPH BLVD btwn GREY NUNS DR & BOYER RD,380322.0981,5036777.685,-75.53419549,45.46684307,2016-09-23,15:00,01 - Clear,01 - Dry,10 - No control,01 - Non intersection,01 - Daylight,03 - P.D. only,03 - Rear end,Industrial Park
12608,ST. JOSEPH BLVD btwn GREY NUNS DR & BOYER RD,380254.618,5036733.312,-75.53506514,45.46645113,2016-12-05,7:30,02 - Rain,03 - Loose snow,10 - No control,04 - At/near private drive,03 - Dawn,03 - P.D. only,04 - Sideswipe,Chapel Hill
12609,ST. JOSEPH BLVD btwn HART RD & R.C.M.P. COMPLEX,377816.998,5035742.003,-75.5663811,45.4577911,2016-04-19,18:28,01 - Clear,01 - Dry,10 - No control,01 - Non intersection,01 - Daylight,03 - P.D. only,99 - Other,Greenbelt
12610,ST. JOSEPH BLVD btwn HART RD & R.C.M.P. COMPLEX,377810.4299,5035736.226,-75.56646593,45.45773981,2016-12-17,1:00,03 - Snow,03 - Loose snow,10 - No control,04 - At/near private drive,07 - Dark,03 - P.D. only,07 - SMV other,Greenbelt
12611,ST. JOSEPH BLVD btwn JEANNE D'ARC BLVD S & NOTRE DAME ST,379880.1234,5036485.04,-75.53989152,45.46425773,2016-03-04,11:35,01 - Clear,04 - Slush,10 - No control,04 - At/near private drive,01 - Daylight,03 - P.D. only,03 - Rear end,Chapel Hill
12612,ST. JOSEPH BLVD btwn JEANNE D'ARC BLVD S & NOTRE DAME ST,379932.6881,5036517.934,-75.5392144,45.46454803,2016-03-17,15:02,01 - Clear,02 - Wet,10 - No control,04 - At/near private drive,01 - Daylight,03 - P.D. only,03 - Rear end,Chapel Hill
12613,ST. JOSEPH BLVD btwn MAISONNEUVE ST & GABRIEL ST,381532.3859,5037631.59,-75.51858681,45.47439389,2016-06-23,11:18,01 - Clear,01 - Dry,10 - No control,04 - At/near private drive,01 - Daylight,03 - P.D. only,02 - Angle,Industrial Park
12614,ST. JOSEPH BLVD btwn MAISONNEUVE ST & GABRIEL ST,381480.9033,5037591.518,-75.51925143,45.47403901,2016-08-23,13:00,01 - Clear,01 - Dry,10 - No control,01 - Non intersection,01 - Daylight,03 - P.D. only,04 - Sideswipe,Industrial Park
12615,ST. JOSEPH BLVD btwn MAISONNEUVE ST & GABRIEL ST,381532.1714,5037633.704,-75.51858922,45.47441293,2016-01-13,13:39,01 - Clear,01 - Dry,10 - No control,01 - Non intersection,01 - Daylight,03 - P.D. only,03 - Rear end,Industrial Park
12616,ST. JOSEPH BLVD btwn MARENGER ST & JEANNE D'ARC BLVD S,379780.2389,5036421.045,-75.5411784,45.46369268,2016-06-28,15:46,01 - Clear,01 - Dry,10 - No control,01 - Non intersection,01 - Daylight,03 - P.D. only,03 - Rear end,Greenbelt
12617,ST. JOSEPH BLVD btwn MONTREAL RD & OR174 IC109 RAMP55,376531.3703,5035043.778,-75.58291925,45.45164209,2016-04-07,13:07,01 - Clear,01 - Dry,10 - No control,01 - Non intersection,01 - Daylight,03 - P.D. only,04 - Sideswipe,Greenbelt
12618,ST. JOSEPH BLVD btwn MONTREAL RD & OR174 IC109 RAMP55,376488.4375,5035023.19,-75.58347108,45.45146126,2016-03-31,10:43,02 - Rain,02 - Wet,10 - No control,01 - Non intersection,01 - Daylight,03 - P.D. only,03 - Rear end,Greenbelt
12619,ST. JOSEPH BLVD btwn NOTRE DAME ST W & MARENGER ST,379681.9609,5036356.077,-75.54244487,45.46311869,2016-06-01,12:25,01 - Clear,01 - Dry,10 - No control,01 - Non intersection,01 - Daylight,02 - Non-fatal injury,04 - Sideswipe,Chapel Hill
12620,ST. JOSEPH BLVD btwn OR174 IC109 RAMP54 & ROCKCLIFFE PKWY,377106.4442,5035228.368,-75.5755408,45.45324365,2016-11-14,18:36,01 - Clear,01 - Dry,10 - No control,01 - Non intersection,07 - Dark,03 - P.D. only,07 - SMV other,Greenbelt
12621,ST. JOSEPH BLVD btwn OR174 IC109 RAMP54 & ROCKCLIFFE PKWY,376590.4367,5035071.82,-75.5821601,45.45188833,2016-11-15,18:22,01 - Clear,01 - Dry,10 - No control,01 - Non intersection,07 - Dark,03 - P.D. only,07 - SMV other,Greenbelt
12622,ST. JOSEPH BLVD btwn OR174 IC109 RAMP54 & ROCKCLIFFE PKWY,376943.6517,5035164.945,-75.57763118,45.45268983,2016-10-01,23:00,01 - Clear,01 - Dry,10 - No control,01 - Non intersection,07 - Dark,03 - P.D. only,07 - SMV other,Greenbelt
12623,ST. JOSEPH BLVD btwn ORLEANS BLVD & COUSINEAU ST,380675.63,5037008.747,-75.52963937,45.46888367,2016-12-03,15:26,01 - Clear,01 - Dry,10 - No control,01 - Non intersection,01 - Daylight,03 - P.D. only,04 - Sideswipe,Industrial Park
12624,ST. JOSEPH BLVD btwn PRESTONE DR & TENTH LINE RD,382623.3038,5038533.271,-75.50449313,45.48238568,2016-06-11,9:47,02 - Rain,02 - Wet,10 - No control,01 - Non intersection,01 - Daylight,02 - Non-fatal injury,07 - SMV other,Industrial Park
12625,ST. JOSEPH BLVD btwn PRESTONE DR & TENTH LINE RD,382867.0524,5038659.128,-75.50135559,45.48349082,2016-02-15,7:17,01 - Clear,01 - Dry,10 - No control,01 - Non intersection,01 - Daylight,03 - P.D. only,04 - Sideswipe,Industrial Park
12626,ST. JOSEPH BLVD btwn R.C.M.P. COMPLEX & YOUVILLE DR,378430.6467,5036026.843,-75.5584932,45.46028949,2016-02-15,18:15,03 - Snow,02 - Wet,10 - No control,04 - At/near private drive,07 - Dark,02 - Non-fatal injury,05 - Turning movement,Greenbelt
12627,ST. JOSEPH BLVD btwn R.C.M.P. COMPLEX & YOUVILLE DR,378431.0762,5036027.42,-75.55848762,45.46029463,2016-02-13,15:40,01 - Clear,01 - Dry,10 - No control,04 - At/near private drive,01 - Daylight,03 - P.D. only,07 - SMV other,Greenbelt
12628,ST. JOSEPH BLVD btwn R.C.M.P. COMPLEX & YOUVILLE DR,378880.4122,5036074.992,-75.55273563,45.46067515,2016-05-13,20:40,01 - Clear,01 - Dry,10 - No control,01 - Non intersection,07 - Dark,03 - P.D. only,07 - SMV other,Greenbelt