Record,Location,X,Y,lon,lat,Date,Time,Environment,Road_Surface,Traffic_Control,Collision_Location,Light,Collision_Classification,Impact_type,Neighborhood
12629,ST. JOSEPH BLVD btwn R.C.M.P. COMPLEX & YOUVILLE DR,378766.0009,5036063.243,-75.55420018,45.46058156,2016-08-16,9:02,01 - Clear,01 - Dry,10 - No control,01 - Non intersection,01 - Daylight,03 - P.D. only,03 - Rear end,Greenbelt
12630,ST. JOSEPH BLVD btwn ROCKCLIFFE PKWY & HART RD,377136.5416,5035247.852,-75.57515318,45.45341583,2016-01-20,7:33,01 - Clear,06 - Ice,10 - No control,01 - Non intersection,03 - Dawn,02 - Non-fatal injury,03 - Rear end,Greenbelt
12631,ST. JOSEPH BLVD btwn ROCKCLIFFE PKWY & HART RD,377345.276,5035412.057,-75.57246057,45.4548716,2016-10-05,10:04,01 - Clear,01 - Dry,10 - No control,01 - Non intersection,01 - Daylight,03 - P.D. only,03 - Rear end,Greenbelt
12632,ST. JOSEPH BLVD btwn ROCKCLIFFE PKWY & HART RD,377277.5123,5035363.007,-75.57333409,45.45443732,2016-01-20,9:29,01 - Clear,01 - Dry,10 - No control,01 - Non intersection,01 - Daylight,03 - P.D. only,03 - Rear end,Greenbelt
12633,ST. JOSEPH BLVD btwn ROCKCLIFFE PKWY & HART RD,377167.6104,5035273.112,-75.57475229,45.45363989,2016-06-30,13:46,01 - Clear,01 - Dry,10 - No control,01 - Non intersection,01 - Daylight,03 - P.D. only,03 - Rear end,Greenbelt
12634,ST. JOSEPH BLVD btwn ST. JEAN ST & BELCOURT BLVD,381099.661,5037284.852,-75.52417443,45.47132164,2016-08-19,22:26,01 - Clear,01 - Dry,10 - No control,04 - At/near private drive,07 - Dark,02 - Non-fatal injury,02 - Angle,Orleans Village - Chateauneuf
12635,ST. JOSEPH BLVD btwn ST. JEAN ST & BELCOURT BLVD,381114.0706,5037295.589,-75.5239885,45.47141667,2016-08-31,9:32,01 - Clear,01 - Dry,10 - No control,01 - Non intersection,01 - Daylight,03 - P.D. only,05 - Turning movement,Orleans Village - Chateauneuf
12636,ST. JOSEPH BLVD btwn ST. JEAN ST & BELCOURT BLVD,381165.2974,5037329.986,-75.52332809,45.47172054,2016-01-01,17:01,01 - Clear,04 - Slush,10 - No control,04 - At/near private drive,05 - Dusk,03 - P.D. only,05 - Turning movement,Orleans Village - Chateauneuf
12637,ST. JOSEPH BLVD btwn ST. JEAN ST & BELCOURT BLVD,381186.7857,5037345.869,-75.52305083,45.4718611,2016-08-02,15:35,01 - Clear,01 - Dry,10 - No control,04 - At/near private drive,01 - Daylight,03 - P.D. only,02 - Angle,Orleans Village - Chateauneuf
12638,ST. JOSEPH BLVD btwn ST. JEAN ST & BELCOURT BLVD,381181.4972,5037340.942,-75.52311923,45.47181735,2016-04-05,19:16,01 - Clear,01 - Dry,10 - No control,01 - Non intersection,01 - Daylight,03 - P.D. only,04 - Sideswipe,Orleans Village - Chateauneuf
12639,ST. JOSEPH BLVD btwn ST. JEAN ST & BELCOURT BLVD,381107.3087,5037292.627,-75.52407542,45.47139076,2016-11-26,19:45,01 - Clear,01 - Dry,10 - No control,04 - At/near private drive,07 - Dark,03 - P.D. only,02 - Angle,Orleans Village - Chateauneuf
12640,ST. JOSEPH BLVD btwn ST. JOSEPH BLVD & PLACE D'ORLEANS DR,381895.1453,5037913.507,-75.51390353,45.47689038,2016-03-16,15:04,01 - Clear,01 - Dry,10 - No control,04 - At/near private drive,01 - Daylight,03 - P.D. only,03 - Rear end,Queenswood Heights
12641,ST. JOSEPH BLVD btwn ST. JOSEPH BLVD & PLACE D'ORLEANS DR,381951.2909,5037958.608,-75.51317842,45.47728996,2016-12-19,16:40,01 - Clear,05 - Packed snow,10 - No control,04 - At/near private drive,05 - Dusk,03 - P.D. only,02 - Angle,Queenswood Heights
12642,ST. JOSEPH BLVD btwn YOUVILLE DR & NOTRE DAME ST W,379201.6193,5036166.644,-75.54861507,45.46146563,2016-07-21,17:21,01 - Clear,01 - Dry,10 - No control,01 - Non intersection,01 - Daylight,03 - P.D. only,04 - Sideswipe,Chapel Hill
12643,ST. JOSEPH BLVD/OLD MONTREAL RD @ TRIM RD,384683.0203,5039284.783,-75.47802737,45.48891441,2016-06-29,20:15,01 - Clear,01 - Dry,11 - Roundabout,03 - At intersection,05 - Dusk,02 - Non-fatal injury,02 - Angle,Cardinal Creek
12644,ST. JOSEPH BLVD/OLD MONTREAL RD @ TRIM RD,384683.5529,5039285.848,-75.47802038,45.48892393,2016-06-17,15:50,01 - Clear,01 - Dry,11 - Roundabout,03 - At intersection,01 - Daylight,02 - Non-fatal injury,02 - Angle,Cardinal Creek
12645,ST. JOSEPH BLVD/OLD MONTREAL RD @ TRIM RD,384679.0556,5039285.582,-75.47807795,45.48892205,2016-03-17,16:35,01 - Clear,02 - Wet,11 - Roundabout,02 - Intersection related,01 - Daylight,02 - Non-fatal injury,03 - Rear end,Cardinal Creek
12646,ST. JOSEPH BLVD/OLD MONTREAL RD @ TRIM RD,384683.5529,5039284.783,-75.47802056,45.48891435,2016-06-24,15:55,01 - Clear,01 - Dry,11 - Roundabout,03 - At intersection,01 - Daylight,03 - P.D. only,04 - Sideswipe,Cardinal Creek
12647,ST. JOSEPH BLVD/OLD MONTREAL RD @ TRIM RD,384683.5529,5039284.783,-75.47802056,45.48891435,2016-07-11,14:55,01 - Clear,01 - Dry,11 - Roundabout,03 - At intersection,01 - Daylight,03 - P.D. only,02 - Angle,Cardinal Creek
12648,ST. JOSEPH BLVD/OLD MONTREAL RD @ TRIM RD,384683.0203,5039286.381,-75.47802711,45.48892879,2016-07-05,14:49,01 - Clear,01 - Dry,11 - Roundabout,03 - At intersection,01 - Daylight,03 - P.D. only,04 - Sideswipe,Cardinal Creek
12649,ST. JOSEPH BLVD/OLD MONTREAL RD @ TRIM RD,384682.4877,5039284.783,-75.47803418,45.48891447,2016-08-02,15:01,01 - Clear,01 - Dry,11 - Roundabout,03 - At intersection,01 - Daylight,03 - P.D. only,02 - Angle,Cardinal Creek
12650,ST. JOSEPH BLVD/OLD MONTREAL RD @ TRIM RD,384682.4877,5039286.381,-75.47803392,45.48892885,2016-08-08,12:38,01 - Clear,01 - Dry,11 - Roundabout,03 - At intersection,01 - Daylight,03 - P.D. only,02 - Angle,Cardinal Creek
12651,ST. JOSEPH BLVD/OLD MONTREAL RD @ TRIM RD,384681.9551,5039285.316,-75.47804091,45.48891933,2016-08-11,10:30,01 - Clear,01 - Dry,11 - Roundabout,03 - At intersection,01 - Daylight,03 - P.D. only,04 - Sideswipe,Cardinal Creek
12652,ST. JOSEPH BLVD/OLD MONTREAL RD @ TRIM RD,384682.4877,5039284.25,-75.47803427,45.48890968,2016-08-12,22:40,01 - Clear,01 - Dry,11 - Roundabout,03 - At intersection,07 - Dark,03 - P.D. only,04 - Sideswipe,Cardinal Creek
12653,ST. JOSEPH BLVD/OLD MONTREAL RD @ TRIM RD,384679.6216,5039284.069,-75.47807096,45.48890838,2016-04-06,19:26,03 - Snow,03 - Loose snow,11 - Roundabout,03 - At intersection,07 - Dark,03 - P.D. only,07 - SMV other,Cardinal Creek
12654,ST. JOSEPH BLVD/OLD MONTREAL RD @ TRIM RD,384681.8906,5039284.069,-75.47804194,45.48890812,2016-04-13,13:26,01 - Clear,01 - Dry,11 - Roundabout,03 - At intersection,01 - Daylight,03 - P.D. only,03 - Rear end,Cardinal Creek
12655,ST. JOSEPH BLVD/OLD MONTREAL RD @ TRIM RD,384682.4877,5039284.783,-75.47803418,45.48891447,2016-08-22,7:33,01 - Clear,01 - Dry,11 - Roundabout,03 - At intersection,01 - Daylight,03 - P.D. only,02 - Angle,Cardinal Creek
12656,ST. JOSEPH BLVD/OLD MONTREAL RD @ TRIM RD,384681.4224,5039286.381,-75.47804755,45.48892897,2016-09-03,13:08,01 - Clear,01 - Dry,11 - Roundabout,03 - At intersection,01 - Daylight,03 - P.D. only,03 - Rear end,Cardinal Creek
12657,ST. JOSEPH BLVD/OLD MONTREAL RD @ TRIM RD,384681.9551,5039285.316,-75.47804091,45.48891933,2016-05-01,12:10,02 - Rain,02 - Wet,11 - Roundabout,02 - Intersection related,01 - Daylight,03 - P.D. only,07 - SMV other,Cardinal Creek
12658,ST. JOSEPH BLVD/OLD MONTREAL RD @ TRIM RD,384681.9551,5039285.316,-75.47804091,45.48891933,2016-09-12,8:48,01 - Clear,01 - Dry,11 - Roundabout,03 - At intersection,01 - Daylight,03 - P.D. only,02 - Angle,Cardinal Creek
12659,ST. JOSEPH BLVD/OLD MONTREAL RD @ TRIM RD,384683.5529,5039285.316,-75.47802047,45.48891915,2016-05-10,12:01,01 - Clear,01 - Dry,11 - Roundabout,03 - At intersection,01 - Daylight,03 - P.D. only,02 - Angle,Cardinal Creek
12660,ST. JOSEPH BLVD/OLD MONTREAL RD @ TRIM RD,384682.4877,5039284.783,-75.47803418,45.48891447,2016-05-23,14:21,01 - Clear,01 - Dry,11 - Roundabout,03 - At intersection,01 - Daylight,03 - P.D. only,02 - Angle,Cardinal Creek
12661,ST. JOSEPH BLVD/OLD MONTREAL RD @ TRIM RD,384682.4877,5039284.783,-75.47803418,45.48891447,2016-06-02,16:55,01 - Clear,01 - Dry,11 - Roundabout,03 - At intersection,01 - Daylight,03 - P.D. only,02 - Angle,Cardinal Creek
12662,ST. JOSEPH BLVD/OLD MONTREAL RD @ TRIM RD,384682.4877,5039284.783,-75.47803418,45.48891447,2016-06-04,13:19,01 - Clear,01 - Dry,11 - Roundabout,03 - At intersection,01 - Daylight,03 - P.D. only,02 - Angle,Cardinal Creek
12663,ST. JOSEPH BLVD/OLD MONTREAL RD @ TRIM RD,384683.0203,5039285.848,-75.4780272,45.48892399,2016-06-16,6:52,01 - Clear,01 - Dry,11 - Roundabout,03 - At intersection,01 - Daylight,03 - P.D. only,02 - Angle,Cardinal Creek
12664,ST. JOSEPH BLVD/OLD MONTREAL RD @ TRIM RD,384682.1413,5039286.175,-75.47803839,45.48892704,2016-02-16,11:49,03 - Snow,03 - Loose snow,11 - Roundabout,03 - At intersection,01 - Daylight,03 - P.D. only,07 - SMV other,Cardinal Creek
12665,ST. JOSEPH BLVD/OLD MONTREAL RD @ TRIM RD,384682.8007,5039286.544,-75.47802989,45.48893028,2016-09-25,12:50,01 - Clear,01 - Dry,11 - Roundabout,03 - At intersection,01 - Daylight,03 - P.D. only,02 - Angle,Cardinal Creek
12666,ST. JOSEPH BLVD/OLD MONTREAL RD @ TRIM RD,384682.1055,5039285.084,-75.47803902,45.48891722,2016-11-14,14:08,01 - Clear,01 - Dry,11 - Roundabout,03 - At intersection,01 - Daylight,03 - P.D. only,04 - Sideswipe,Cardinal Creek
12667,ST. JOSEPH BLVD/OLD MONTREAL RD @ TRIM RD,384678.1766,5039289.43,-75.47808857,45.48895677,2016-10-25,10:44,01 - Clear,01 - Dry,11 - Roundabout,02 - Intersection related,01 - Daylight,03 - P.D. only,02 - Angle,Cardinal Creek
12668,ST. JOVITE RDG btwn FORTUNE DR & FORTUNE DR,380159.1129,5037641.476,-75.53614703,45.47463238,2016-12-15,0:00,01 - Clear,01 - Dry,10 - No control,01 - Non intersection,00 - Unknown,03 - P.D. only,06 - SMV unattended vehicle,Orleans South West
12669,ST. LAURENT BLVD @ 125 N OF QUEEN MARY ST/ZELL,372170.1743,5032287.419,-75.63904759,45.42727575,2016-04-24,21:24,01 - Clear,01 - Dry,01 - Traffic signal,02 - Intersection related,07 - Dark,03 - P.D. only,03 - Rear end,Overbrook
12670,ST. LAURENT BLVD @ 125 N OF QUEEN MARY ST/ZELL,372169.9515,5032286.906,-75.63905051,45.42727115,2016-03-26,19:57,01 - Clear,02 - Wet,01 - Traffic signal,02 - Intersection related,07 - Dark,03 - P.D. only,04 - Sideswipe,Overbrook
12671,ST. LAURENT BLVD @ 125 N OF QUEEN MARY ST/ZELL,372169.5097,5032287.961,-75.63905601,45.42728069,2016-11-08,16:36,01 - Clear,01 - Dry,01 - Traffic signal,02 - Intersection related,05 - Dusk,03 - P.D. only,02 - Angle,Overbrook
12672,ST. LAURENT BLVD @ CONNERY AVE,373626.8229,5028723.897,-75.6209322,45.39507109,2016-03-29,13:01,01 - Clear,01 - Dry,02 - Stop sign,02 - Intersection related,01 - Daylight,03 - P.D. only,03 - Rear end,Urbandale
12673,ST. LAURENT BLVD @ COTE ST,371784.8925,5033224.345,-75.64384326,45.43574278,2016-11-18,17:16,01 - Clear,01 - Dry,01 - Traffic signal,03 - At intersection,07 - Dark,02 - Non-fatal injury,07 - SMV other,Cummings
12674,ST. LAURENT BLVD @ COTE ST,371785.0759,5033226.624,-75.64384061,45.43576326,2016-10-26,19:16,01 - Clear,01 - Dry,01 - Traffic signal,03 - At intersection,07 - Dark,03 - P.D. only,05 - Turning movement,Cummings
12675,ST. LAURENT BLVD @ COTE ST,371786.2317,5033225.76,-75.64382596,45.43575538,2016-12-21,11:35,01 - Clear,04 - Slush,01 - Traffic signal,03 - At intersection,01 - Daylight,03 - P.D. only,03 - Rear end,Cummings
12676,ST. LAURENT BLVD @ COVENTRY RD/OGILVIE RD,372305.0536,5031951.353,-75.63737017,45.42423898,2016-02-29,19:45,01 - Clear,02 - Wet,01 - Traffic signal,02 - Intersection related,07 - Dark,02 - Non-fatal injury,03 - Rear end,Overbrook
12677,ST. LAURENT BLVD @ COVENTRY RD/OGILVIE RD,372306.2903,5031951.348,-75.63735437,45.42423881,2016-08-18,12:43,01 - Clear,01 - Dry,01 - Traffic signal,02 - Intersection related,01 - Daylight,02 - Non-fatal injury,03 - Rear end,Overbrook
12678,ST. LAURENT BLVD @ COVENTRY RD/OGILVIE RD,372305.4922,5031952.938,-75.63736434,45.4242532,2016-07-03,18:00,01 - Clear,01 - Dry,01 - Traffic signal,03 - At intersection,01 - Daylight,02 - Non-fatal injury,02 - Angle,Overbrook
12679,ST. LAURENT BLVD @ COVENTRY RD/OGILVIE RD,372306.8647,5031951.194,-75.63734705,45.42423737,2016-11-01,1:38,01 - Clear,01 - Dry,01 - Traffic signal,,07 - Dark,02 - Non-fatal injury,07 - SMV other,Overbrook
12680,ST. LAURENT BLVD @ COVENTRY RD/OGILVIE RD,372305.939,5031950.916,-75.63735891,45.42423496,2016-01-23,22:35,01 - Clear,01 - Dry,01 - Traffic signal,03 - At intersection,07 - Dark,03 - P.D. only,02 - Angle,Overbrook
12681,ST. LAURENT BLVD @ COVENTRY RD/OGILVIE RD,372305.7211,5031951.882,-75.63736156,45.42424367,2016-01-11,9:53,01 - Clear,02 - Wet,01 - Traffic signal,02 - Intersection related,01 - Daylight,03 - P.D. only,04 - Sideswipe,Overbrook
12682,ST. LAURENT BLVD @ COVENTRY RD/OGILVIE RD,372305.9858,5031950.776,-75.63735833,45.4242337,2016-04-02,16:44,01 - Clear,01 - Dry,01 - Traffic signal,02 - Intersection related,01 - Daylight,03 - P.D. only,03 - Rear end,Overbrook
12683,ST. LAURENT BLVD @ COVENTRY RD/OGILVIE RD,372306.3914,5031951.351,-75.63735307,45.42423883,2016-03-26,11:19,01 - Clear,01 - Dry,01 - Traffic signal,02 - Intersection related,01 - Daylight,03 - P.D. only,03 - Rear end,Overbrook
12684,ST. LAURENT BLVD @ COVENTRY RD/OGILVIE RD,372306.8518,5031952.751,-75.637347,45.42425138,2016-07-27,17:16,01 - Clear,01 - Dry,01 - Traffic signal,02 - Intersection related,01 - Daylight,03 - P.D. only,03 - Rear end,Overbrook
12685,ST. LAURENT BLVD @ COVENTRY RD/OGILVIE RD,372305.495,5031951.35,-75.63736453,45.42423891,2016-04-07,15:39,01 - Clear,01 - Dry,01 - Traffic signal,02 - Intersection related,01 - Daylight,03 - P.D. only,04 - Sideswipe,Overbrook
12686,ST. LAURENT BLVD @ COVENTRY RD/OGILVIE RD,372305.945,5031951.8,-75.63735872,45.42424291,2016-07-04,17:17,01 - Clear,01 - Dry,01 - Traffic signal,02 - Intersection related,01 - Daylight,03 - P.D. only,03 - Rear end,Overbrook
12687,ST. LAURENT BLVD @ COVENTRY RD/OGILVIE RD,372304.917,5031950.851,-75.63737198,45.42423447,2016-10-29,18:55,02 - Rain,02 - Wet,01 - Traffic signal,02 - Intersection related,07 - Dark,03 - P.D. only,03 - Rear end,Overbrook
12688,ST. LAURENT BLVD @ COVENTRY RD/OGILVIE RD,372306.5262,5031950.222,-75.63735151,45.42422866,2016-11-24,9:22,03 - Snow,03 - Loose snow,01 - Traffic signal,02 - Intersection related,01 - Daylight,03 - P.D. only,03 - Rear end,Overbrook
12689,ST. LAURENT BLVD @ COVENTRY RD/OGILVIE RD,372306.6642,5031952.476,-75.63734943,45.42424893,2016-11-20,18:16,03 - Snow,03 - Loose snow,01 - Traffic signal,02 - Intersection related,07 - Dark,03 - P.D. only,04 - Sideswipe,Overbrook
12690,ST. LAURENT BLVD @ JOLIFFE ST,373751.8326,5028417.48,-75.61937857,45.39230179,2016-02-17,10:37,01 - Clear,06 - Ice,01 - Traffic signal,02 - Intersection related,01 - Daylight,02 - Non-fatal injury,03 - Rear end,Hawthorne Meadows
12691,ST. LAURENT BLVD @ MCARTHUR AVE,371922.2963,5032887.421,-75.64213319,45.43269812,2016-03-22,22:23,02 - Rain,02 - Wet,01 - Traffic signal,03 - At intersection,07 - Dark,02 - Non-fatal injury,05 - Turning movement,Cummings
12692,ST. LAURENT BLVD @ MCARTHUR AVE,371921.5731,5032888.608,-75.64214227,45.43270887,2016-02-05,13:47,04 - Freezing Rain,06 - Ice,01 - Traffic signal,02 - Intersection related,01 - Daylight,03 - P.D. only,03 - Rear end,Cummings
12693,ST. LAURENT BLVD @ MCARTHUR AVE,371922.1782,5032888.723,-75.64213452,45.43270984,2016-09-07,22:00,02 - Rain,02 - Wet,01 - Traffic signal,02 - Intersection related,07 - Dark,03 - P.D. only,03 - Rear end,Cummings
12694,ST. LAURENT BLVD @ MCARTHUR AVE,371921.2598,5032886.886,-75.64214651,45.4326934,2016-06-21,17:12,01 - Clear,01 - Dry,01 - Traffic signal,02 - Intersection related,01 - Daylight,03 - P.D. only,04 - Sideswipe,Cummings
12695,ST. LAURENT BLVD @ MCARTHUR AVE,371921.4995,5032886.916,-75.64214344,45.43269365,2016-01-21,13:10,01 - Clear,06 - Ice,01 - Traffic signal,02 - Intersection related,01 - Daylight,03 - P.D. only,03 - Rear end,Cummings
12696,ST. LAURENT BLVD @ MCARTHUR AVE,371922.3924,5032886.453,-75.64213209,45.4326894,2016-02-20,14:43,02 - Rain,02 - Wet,01 - Traffic signal,03 - At intersection,01 - Daylight,03 - P.D. only,02 - Angle,Cummings
12697,ST. LAURENT BLVD @ MCARTHUR AVE,371920.9201,5032886.776,-75.64215086,45.43269245,2016-02-18,8:30,01 - Clear,02 - Wet,01 - Traffic signal,02 - Intersection related,01 - Daylight,03 - P.D. only,03 - Rear end,Cummings
12698,ST. LAURENT BLVD @ MCARTHUR AVE,371922.8413,5032886.902,-75.6421263,45.4326934,2016-05-02,14:21,01 - Clear,01 - Dry,01 - Traffic signal,03 - At intersection,01 - Daylight,03 - P.D. only,05 - Turning movement,Cummings
12699,ST. LAURENT BLVD @ MCARTHUR AVE,371921.3953,5032887.115,-75.64214475,45.43269545,2016-04-16,10:46,01 - Clear,01 - Dry,01 - Traffic signal,02 - Intersection related,01 - Daylight,03 - P.D. only,03 - Rear end,Cummings
12700,ST. LAURENT BLVD @ MCARTHUR AVE,371921.8618,5032887.421,-75.64213874,45.43269816,2016-05-25,13:37,01 - Clear,01 - Dry,01 - Traffic signal,03 - At intersection,01 - Daylight,03 - P.D. only,05 - Turning movement,Cummings
12701,ST. LAURENT BLVD @ MCARTHUR AVE,371922.0081,5032887.291,-75.64213689,45.43269698,2016-05-21,11:06,01 - Clear,01 - Dry,01 - Traffic signal,02 - Intersection related,01 - Daylight,03 - P.D. only,04 - Sideswipe,Cummings
12702,ST. LAURENT BLVD @ MCARTHUR AVE,371920.8908,5032887.989,-75.64215107,45.43270336,2016-10-20,13:30,02 - Rain,02 - Wet,01 - Traffic signal,02 - Intersection related,01 - Daylight,03 - P.D. only,03 - Rear end,Cummings
12703,ST. LAURENT BLVD @ MCARTHUR AVE,371920.0627,5032885.505,-75.642162,45.43268109,2016-11-08,15:24,01 - Clear,01 - Dry,01 - Traffic signal,03 - At intersection,01 - Daylight,03 - P.D. only,03 - Rear end,Cummings
12704,ST. LAURENT BLVD @ MCARTHUR AVE,371921.4995,5032886.916,-75.64214344,45.43269365,2016-12-01,11:00,01 - Clear,01 - Dry,01 - Traffic signal,03 - At intersection,01 - Daylight,03 - P.D. only,05 - Turning movement,Cummings
12705,ST. LAURENT BLVD @ QUEEN MARY ST,372214.7175,5032177.222,-75.6384935,45.42627995,2016-01-25,15:54,01 - Clear,01 - Dry,02 - Stop sign,02 - Intersection related,01 - Daylight,03 - P.D. only,04 - Sideswipe,Overbrook
12706,ST. LAURENT BLVD @ ST. LAURENT BLVD SERVICE,373495.2737,5029148.348,-75.62255307,45.39890302,2016-11-03,13:30,99 - Other,02 - Wet,01 - Traffic signal,02 - Intersection related,01 - Daylight,03 - P.D. only,03 - Rear end,Hawthorn
12707,ST. LAURENT BLVD @ SUSAN ST,373826.962,5028231.326,-75.61844521,45.39061946,2016-01-22,12:26,01 - Clear,01 - Dry,02 - Stop sign,02 - Intersection related,01 - Daylight,03 - P.D. only,03 - Rear end,Hawthorne Meadows
12708,ST. LAURENT BLVD @ TAWNEY RD,373575.0711,5028848.765,-75.6215757,45.39619968,2016-08-30,12:09,01 - Clear,01 - Dry,02 - Stop sign,03 - At intersection,01 - Daylight,02 - Non-fatal injury,02 - Angle,Elmvale - Eastway - Riverview - Riverview Park West
12709,ST. LAURENT BLVD @ TAWNEY RD,373576.4039,5028848.545,-75.62155871,45.39619757,2016-05-06,12:55,01 - Clear,01 - Dry,02 - Stop sign,03 - At intersection,01 - Daylight,02 - Non-fatal injury,07 - SMV other,Hawthorn
12710,ST. LAURENT BLVD @ THURSTON DR,373690.8544,5027497.108,-75.62028574,45.3840267,2016-12-05,8:52,01 - Clear,01 - Dry,02 - Stop sign,02 - Intersection related,01 - Daylight,03 - P.D. only,03 - Rear end,Industrial Park
12711,ST. LAURENT BLVD @ TREMBLAY RD,372596.8116,5031241.356,-75.63374,45.41782254,2016-02-05,19:46,01 - Clear,01 - Dry,01 - Traffic signal,03 - At intersection,07 - Dark,02 - Non-fatal injury,05 - Turning movement,Industrial Park
12712,ST. LAURENT BLVD @ TREMBLAY RD,372595.0397,5031242.475,-75.63376248,45.41783278,2016-05-16,6:44,01 - Clear,01 - Dry,01 - Traffic signal,02 - Intersection related,01 - Daylight,03 - P.D. only,03 - Rear end,Industrial Park
12713,ST. LAURENT BLVD @ TREMBLAY RD,372595.8201,5031243.936,-75.63375231,45.41784585,2016-08-05,10:21,01 - Clear,01 - Dry,01 - Traffic signal,03 - At intersection,01 - Daylight,03 - P.D. only,02 - Angle,Industrial Park
12714,ST. LAURENT BLVD @ TREMBLAY RD,372595.9334,5031241.356,-75.63375122,45.41782263,2016-02-09,12:05,01 - Clear,02 - Wet,01 - Traffic signal,02 - Intersection related,01 - Daylight,03 - P.D. only,03 - Rear end,Industrial Park
12715,ST. LAURENT BLVD @ TREMBLAY RD,372595.9334,5031241.356,-75.63375122,45.41782263,2016-02-04,17:00,01 - Clear,01 - Dry,01 - Traffic signal,02 - Intersection related,05 - Dusk,03 - P.D. only,03 - Rear end,Industrial Park
12716,ST. LAURENT BLVD @ TREMBLAY RD,372595.7241,5031241.884,-75.63375382,45.4178274,2016-01-06,6:35,01 - Clear,01 - Dry,01 - Traffic signal,03 - At intersection,07 - Dark,03 - P.D. only,05 - Turning movement,Industrial Park
12717,ST. LAURENT BLVD @ TREMBLAY RD,372595.8936,5031241.507,-75.6337517,45.41782399,2016-07-07,18:52,01 - Clear,01 - Dry,01 - Traffic signal,02 - Intersection related,01 - Daylight,03 - P.D. only,03 - Rear end,Industrial Park
12718,ST. LAURENT BLVD @ TREMBLAY RD,372596.153,5031242.454,-75.63374826,45.41783249,2016-10-13,8:00,02 - Rain,02 - Wet,01 - Traffic signal,02 - Intersection related,01 - Daylight,03 - P.D. only,04 - Sideswipe,Industrial Park
12719,ST. LAURENT BLVD @ TREMBLAY RD,372595.7139,5031239.506,-75.63375427,45.417806,2016-11-15,17:10,01 - Clear,01 - Dry,01 - Traffic signal,02 - Intersection related,07 - Dark,03 - P.D. only,03 - Rear end,Industrial Park
12720,ST. LAURENT BLVD @ TREMBLAY RD,372595.7139,5031241.162,-75.63375405,45.4178209,2016-12-28,10:25,01 - Clear,01 - Dry,01 - Traffic signal,03 - At intersection,01 - Daylight,03 - P.D. only,02 - Angle,Industrial Park
12721,ST. LAURENT BLVD @ TREMBLAY RD,372595.0553,5031241.356,-75.63376243,45.41782271,2016-12-05,14:30,03 - Snow,04 - Slush,01 - Traffic signal,02 - Intersection related,01 - Daylight,03 - P.D. only,02 - Angle,Industrial Park
12722,ST. LAURENT BLVD @ WALKLEY RD,373901.0938,5028048.097,-75.61752423,45.38896354,2016-08-29,8:37,01 - Clear,01 - Dry,01 - Traffic signal,02 - Intersection related,01 - Daylight,02 - Non-fatal injury,03 - Rear end,Hawthorne Meadows
12723,ST. LAURENT BLVD @ WALKLEY RD,373902.5246,5028045.728,-75.61750629,45.38894208,2016-05-12,14:54,01 - Clear,01 - Dry,01 - Traffic signal,02 - Intersection related,01 - Daylight,03 - P.D. only,04 - Sideswipe,Hawthorne Meadows
12724,ST. LAURENT BLVD @ WALKLEY RD,373902.8332,5028046.9,-75.61750218,45.3889526,2016-01-13,17:02,01 - Clear,04 - Slush,01 - Traffic signal,02 - Intersection related,05 - Dusk,03 - P.D. only,03 - Rear end,Hawthorne Meadows
12725,ST. LAURENT BLVD @ WALKLEY RD,373902.7501,5028046.441,-75.61750331,45.38894848,2016-12-09,18:00,01 - Clear,01 - Dry,01 - Traffic signal,02 - Intersection related,07 - Dark,03 - P.D. only,03 - Rear end,Hawthorne Meadows
12726,ST. LAURENT BLVD @ WALKLEY RD,373902.7501,5028044.785,-75.61750354,45.38893358,2016-12-21,17:22,01 - Clear,02 - Wet,01 - Traffic signal,02 - Intersection related,07 - Dark,03 - P.D. only,03 - Rear end,Urbandale
12727,ST. LAURENT BLVD @ WALKLEY RD,373909.9725,5028046.855,-75.61741103,45.38895149,2016-12-31,17:20,03 - Snow,03 - Loose snow,01 - Traffic signal,03 - At intersection,07 - Dark,03 - P.D. only,03 - Rear end,Hawthorne Meadows
12728,ST. LAURENT BLVD @ WALKLEY RD,373903.5783,5028046.441,-75.61749273,45.38894839,2016-12-31,18:41,03 - Snow,03 - Loose snow,01 - Traffic signal,02 - Intersection related,07 - Dark,03 - P.D. only,04 - Sideswipe,Hawthorne Meadows
12729,ST. LAURENT BLVD btwn BELFAST RD & INDUSTRIAL AVE,372906.4517,5030469.011,-75.62989082,45.41084327,2016-10-04,9:10,01 - Clear,01 - Dry,10 - No control,01 - Non intersection,01 - Daylight,02 - Non-fatal injury,03 - Rear end,Industrial Park
12730,ST. LAURENT BLVD btwn BELFAST RD & INDUSTRIAL AVE,373078.1411,5030056.235,-75.62775479,45.40711258,2016-04-19,14:10,01 - Clear,01 - Dry,10 - No control,01 - Non intersection,01 - Daylight,03 - P.D. only,04 - Sideswipe,Industrial Park
12731,ST. LAURENT BLVD btwn BELFAST RD & INDUSTRIAL AVE,373057.4914,5030099.563,-75.62801256,45.40750444,2016-11-19,20:45,01 - Clear,01 - Dry,10 - No control,01 - Non intersection,07 - Dark,03 - P.D. only,03 - Rear end,Industrial Park
12732,ST. LAURENT BLVD btwn BOURASSA ST & SMYTH RD,373251.916,5029656.234,-75.62559062,45.40349658,2016-03-15,16:21,02 - Rain,02 - Wet,10 - No control,04 - At/near private drive,01 - Daylight,02 - Non-fatal injury,03 - Rear end,Industrial Park
12733,ST. LAURENT BLVD btwn BOURASSA ST & SMYTH RD,373306.9907,5029520.489,-75.62490604,45.40226982,2016-01-27,10:38,01 - Clear,01 - Dry,10 - No control,01 - Non intersection,01 - Daylight,03 - P.D. only,03 - Rear end,Industrial Park