Record,Location,X,Y,lon,lat,Date,Time,Environment,Road_Surface,Traffic_Control,Collision_Location,Light,Collision_Classification,Impact_type,Neighborhood
12734,ST. LAURENT BLVD btwn BOURASSA ST & SMYTH RD,373273.8019,5029600.993,-75.62531876,45.40299741,2016-03-01,11:46,01 - Clear,02 - Wet,10 - No control,01 - Non intersection,01 - Daylight,03 - P.D. only,03 - Rear end,Industrial Park
12735,ST. LAURENT BLVD btwn BOURASSA ST & SMYTH RD,373265.7026,5029621.375,-75.62541937,45.40318159,2016-06-10,13:57,01 - Clear,01 - Dry,10 - No control,01 - Non intersection,01 - Daylight,03 - P.D. only,03 - Rear end,Industrial Park
12736,ST. LAURENT BLVD btwn BOURASSA ST & SMYTH RD,373241.8217,5029676.428,-75.62571675,45.40367926,2016-06-01,9:32,01 - Clear,01 - Dry,10 - No control,01 - Non intersection,01 - Daylight,03 - P.D. only,03 - Rear end,Industrial Park
12737,ST. LAURENT BLVD btwn CONROY RD & THURSTON DR,373610.4102,5027459.278,-75.62131814,45.38369423,2016-04-24,14:04,01 - Clear,01 - Dry,10 - No control,04 - At/near private drive,01 - Daylight,03 - P.D. only,02 - Angle,Industrial Park
12738,ST. LAURENT BLVD btwn COVENTRY RD & LEMIEUX ST,372317.3369,5031924.624,-75.63721688,45.4239973,2016-05-29,3:59,01 - Clear,01 - Dry,10 - No control,01 - Non intersection,07 - Dark,02 - Non-fatal injury,07 - SMV other,Overbrook
12739,ST. LAURENT BLVD btwn COVENTRY RD & LEMIEUX ST,372363.4564,5031812.616,-75.63664297,45.42298505,2016-11-04,12:51,01 - Clear,01 - Dry,10 - No control,01 - Non intersection,01 - Daylight,02 - Non-fatal injury,03 - Rear end,Overbrook
12740,ST. LAURENT BLVD btwn COVENTRY RD & LEMIEUX ST,372384.919,5031757.713,-75.63637627,45.42248898,2016-02-27,15:39,01 - Clear,01 - Dry,10 - No control,01 - Non intersection,01 - Daylight,03 - P.D. only,03 - Rear end,Overbrook
12741,ST. LAURENT BLVD btwn COVENTRY RD & LEMIEUX ST,372388.8229,5031749.633,-75.6363275,45.42241591,2016-06-16,16:38,01 - Clear,01 - Dry,10 - No control,04 - At/near private drive,01 - Daylight,03 - P.D. only,02 - Angle,Overbrook
12742,ST. LAURENT BLVD btwn COVENTRY RD & LEMIEUX ST,372389.0902,5031750.029,-75.63632403,45.42241944,2016-05-27,12:57,01 - Clear,01 - Dry,10 - No control,01 - Non intersection,01 - Daylight,03 - P.D. only,03 - Rear end,Overbrook
12743,ST. LAURENT BLVD btwn COVENTRY RD & LEMIEUX ST,372343.6544,5031858.421,-75.6368897,45.42339909,2016-04-22,17:07,01 - Clear,01 - Dry,10 - No control,01 - Non intersection,01 - Daylight,03 - P.D. only,04 - Sideswipe,Overbrook
12744,ST. LAURENT BLVD btwn COVENTRY RD & LEMIEUX ST,372312.3448,5031937.082,-75.63727896,45.42410987,2016-09-08,10:39,01 - Clear,01 - Dry,10 - No control,01 - Non intersection,01 - Daylight,03 - P.D. only,03 - Rear end,Overbrook
12745,ST. LAURENT BLVD btwn COVENTRY RD & LEMIEUX ST,372311.6999,5031937.927,-75.63728708,45.42411754,2016-06-25,13:15,01 - Clear,01 - Dry,10 - No control,01 - Non intersection,01 - Daylight,03 - P.D. only,07 - SMV other,Overbrook
12746,ST. LAURENT BLVD btwn COVENTRY RD & LEMIEUX ST,372368.3709,5031798.978,-75.63658204,45.42286187,2016-12-08,19:38,01 - Clear,01 - Dry,10 - No control,01 - Non intersection,07 - Dark,03 - P.D. only,05 - Turning movement,Overbrook
12747,ST. LAURENT BLVD btwn COVENTRY RD & LEMIEUX ST,372382.3386,5031765.186,-75.63640821,45.42255647,2016-12-03,14:30,01 - Clear,01 - Dry,10 - No control,04 - At/near private drive,01 - Daylight,03 - P.D. only,05 - Turning movement,Overbrook
12748,ST. LAURENT BLVD btwn CYRVILLE RD & COVENTRY RD,372272.2739,5032035.75,-75.63777744,45.42500151,2016-02-23,11:30,01 - Clear,02 - Wet,10 - No control,01 - Non intersection,01 - Daylight,03 - P.D. only,03 - Rear end,Overbrook
12749,ST. LAURENT BLVD btwn CYRVILLE RD & COVENTRY RD,372301.6346,5031963.035,-75.63741225,45.42434442,2016-08-24,12:30,01 - Clear,01 - Dry,10 - No control,01 - Non intersection,01 - Daylight,03 - P.D. only,04 - Sideswipe,Overbrook
12750,ST. LAURENT BLVD btwn CYRVILLE RD & COVENTRY RD,372283.9468,5032002.257,-75.63763288,45.42469902,2016-12-05,9:29,03 - Snow,03 - Loose snow,10 - No control,01 - Non intersection,01 - Daylight,03 - P.D. only,04 - Sideswipe,Overbrook
12751,ST. LAURENT BLVD btwn DONALD ST & 125 N OF QUEEN MARY ST,372132.0967,5032379.88,-75.63952151,45.42811133,2016-05-01,16:01,02 - Rain,02 - Wet,10 - No control,01 - Non intersection,01 - Daylight,02 - Non-fatal injury,03 - Rear end,Overbrook
12752,ST. LAURENT BLVD btwn DONALD ST & 125 N OF QUEEN MARY ST,372120.094,5032408.323,-75.63967099,45.42836841,2016-05-26,6:45,01 - Clear,01 - Dry,10 - No control,04 - At/near private drive,01 - Daylight,02 - Non-fatal injury,02 - Angle,Overbrook
12753,ST. LAURENT BLVD btwn DONALD ST & 125 N OF QUEEN MARY ST,372111.9324,5032425.794,-75.63977289,45.42852639,2016-11-16,17:07,01 - Clear,01 - Dry,10 - No control,01 - Non intersection,07 - Dark,02 - Non-fatal injury,03 - Rear end,Overbrook
12754,ST. LAURENT BLVD btwn DONALD ST & 125 N OF QUEEN MARY ST,372136.0463,5032381.568,-75.63947081,45.42812614,2016-08-10,16:14,01 - Clear,01 - Dry,10 - No control,01 - Non intersection,01 - Daylight,02 - Non-fatal injury,03 - Rear end,Overbrook
12755,ST. LAURENT BLVD btwn DONALD ST & 125 N OF QUEEN MARY ST,372104.4703,5032447.338,-75.6398653,45.42872095,2016-10-22,19:00,02 - Rain,02 - Wet,10 - No control,04 - At/near private drive,07 - Dark,03 - P.D. only,05 - Turning movement,Overbrook
12756,ST. LAURENT BLVD btwn DONALD ST & 125 N OF QUEEN MARY ST,372098.0311,5032462.585,-75.6399455,45.42885875,2016-07-14,13:22,01 - Clear,01 - Dry,10 - No control,01 - Non intersection,01 - Daylight,03 - P.D. only,04 - Sideswipe,Overbrook
12757,ST. LAURENT BLVD btwn DONALD ST & 125 N OF QUEEN MARY ST,372109.4479,5032437.802,-75.639803,45.42863467,2016-11-15,15:19,01 - Clear,01 - Dry,10 - No control,04 - At/near private drive,01 - Daylight,03 - P.D. only,02 - Angle,Overbrook
12758,ST. LAURENT BLVD btwn DUNBARTON CRT & MONTREAL RD,371504.112,5033913.504,-75.64733822,45.44197035,2016-07-27,12:03,01 - Clear,01 - Dry,10 - No control,01 - Non intersection,01 - Daylight,03 - P.D. only,03 - Rear end,Rockcliffe - Manor Park
12759,ST. LAURENT BLVD btwn FOLEY AVE & WALKLEY RD,373861.6265,5028139.439,-75.61801541,45.38978929,2016-03-19,15:08,01 - Clear,01 - Dry,10 - No control,04 - At/near private drive,01 - Daylight,03 - P.D. only,03 - Rear end,Urbandale
12760,ST. LAURENT BLVD btwn FOLEY AVE & WALKLEY RD,373871.2555,5028116.239,-75.6178957,45.38957959,2016-04-22,8:51,02 - Rain,02 - Wet,10 - No control,04 - At/near private drive,01 - Daylight,03 - P.D. only,05 - Turning movement,Urbandale
12761,ST. LAURENT BLVD btwn FOLEY AVE & WALKLEY RD,373862.5228,5028136.401,-75.61800439,45.38976186,2016-07-17,14:29,01 - Clear,01 - Dry,10 - No control,01 - Non intersection,01 - Daylight,03 - P.D. only,04 - Sideswipe,Urbandale
12762,ST. LAURENT BLVD btwn FOLEY AVE & WALKLEY RD,373871.9981,5028115.766,-75.61788629,45.38957526,2016-03-18,12:37,01 - Clear,01 - Dry,10 - No control,04 - At/near private drive,01 - Daylight,03 - P.D. only,03 - Rear end,Urbandale
12763,ST. LAURENT BLVD btwn FOLEY AVE & WALKLEY RD,373860.8182,5028141.915,-75.61802539,45.38981164,2016-11-09,15:54,01 - Clear,01 - Dry,10 - No control,01 - Non intersection,05 - Dusk,03 - P.D. only,04 - Sideswipe,Urbandale
12764,ST. LAURENT BLVD btwn GUY ST & MUTUAL ST,371873.5175,5033006.816,-75.64274028,45.43377706,2016-09-19,11:54,01 - Clear,01 - Dry,10 - No control,01 - Non intersection,01 - Daylight,03 - P.D. only,03 - Rear end,Cummings
12765,ST. LAURENT BLVD btwn GUY ST & MUTUAL ST,371861.2835,5033040.248,-75.64289207,45.43407904,2016-09-21,13:52,01 - Clear,01 - Dry,10 - No control,01 - Non intersection,01 - Daylight,03 - P.D. only,07 - SMV other,Cummings
12766,ST. LAURENT BLVD btwn HEMLOCK RD & MEADOW PARK PL,371194.5692,5034662.784,-75.65119348,45.44874149,2016-06-20,12:10,01 - Clear,01 - Dry,10 - No control,04 - At/near private drive,01 - Daylight,02 - Non-fatal injury,05 - Turning movement,Cemetery
12767,ST. LAURENT BLVD btwn HEMLOCK RD & MEADOW PARK PL,371168.6447,5034724.041,-75.65151661,45.44929511,2016-01-26,16:12,02 - Rain,04 - Slush,10 - No control,04 - At/near private drive,01 - Daylight,03 - P.D. only,02 - Angle,Cemetery
12768,ST. LAURENT BLVD btwn HEMLOCK RD & MEADOW PARK PL,371203.7471,5034641.438,-75.65107904,45.44854855,2016-04-10,15:53,01 - Clear,01 - Dry,10 - No control,04 - At/near private drive,01 - Daylight,03 - P.D. only,99 - Other,Cemetery
12769,ST. LAURENT BLVD btwn HEMLOCK RD & MEADOW PARK PL,371157.086,5034753.74,-75.65166036,45.44956343,2016-01-15,9:50,01 - Clear,04 - Slush,10 - No control,04 - At/near private drive,01 - Daylight,03 - P.D. only,02 - Angle,Cemetery
12770,ST. LAURENT BLVD btwn HEMLOCK RD & MEADOW PARK PL,371175.3659,5034711.116,-75.65143244,45.44917818,2016-10-11,14:54,01 - Clear,01 - Dry,10 - No control,04 - At/near private drive,01 - Daylight,03 - P.D. only,02 - Angle,Cemetery
12771,ST. LAURENT BLVD btwn HEMLOCK RD & MEADOW PARK PL,371163.1002,5034735.221,-75.65158598,45.44939623,2016-10-19,16:36,01 - Clear,01 - Dry,10 - No control,,01 - Daylight,03 - P.D. only,02 - Angle,Cemetery
12772,ST. LAURENT BLVD btwn HWY417 IC115 RAMP25 & TREMBLAY RD,372581.6259,5031280.669,-75.6339286,45.41817773,2016-03-29,13:18,01 - Clear,01 - Dry,10 - No control,01 - Non intersection,01 - Daylight,03 - P.D. only,03 - Rear end,Industrial Park
12773,ST. LAURENT BLVD btwn HWY417 IC115 RAMP25 & TREMBLAY RD,372582.4762,5031273.145,-75.63391877,45.41810995,2016-06-22,6:23,01 - Clear,01 - Dry,10 - No control,01 - Non intersection,01 - Daylight,03 - P.D. only,04 - Sideswipe,Industrial Park
12774,ST. LAURENT BLVD btwn HWY417 IC115 RAMP35 & HWY417 IC115 RAMP26,372488.0968,5031515.861,-75.63509121,45.42030294,2016-03-17,7:50,01 - Clear,01 - Dry,10 - No control,01 - Non intersection,01 - Daylight,03 - P.D. only,03 - Rear end,Overbrook
12775,ST. LAURENT BLVD btwn HWY417 IC115 RAMP35 & HWY417 IC115 RAMP26,372489.7496,5031511,-75.63507076,45.42025904,2016-03-02,17:43,03 - Snow,02 - Wet,10 - No control,01 - Non intersection,01 - Daylight,03 - P.D. only,03 - Rear end,Overbrook
12776,ST. LAURENT BLVD btwn HWY417 IC115 RAMP36 & TRANSIT,372402.5514,5031717.704,-75.63615647,45.4221273,2016-02-03,19:59,06 - Strong wind,02 - Wet,10 - No control,06 - Underpass or tunnel,07 - Dark,02 - Non-fatal injury,07 - SMV other,Overbrook
12777,ST. LAURENT BLVD btwn HWY417 IC115 RAMP36 & TRANSIT,372402.369,5031717.962,-75.63615877,45.42212964,2016-05-18,15:22,01 - Clear,01 - Dry,10 - No control,01 - Non intersection,01 - Daylight,03 - P.D. only,04 - Sideswipe,Overbrook
12778,ST. LAURENT BLVD btwn HWY417 IC115 RAMP36 & TRANSIT,372415.7413,5031688.32,-75.63599198,45.42186164,2016-10-20,20:37,02 - Rain,02 - Wet,10 - No control,01 - Non intersection,07 - Dark,03 - P.D. only,03 - Rear end,Overbrook
12779,ST. LAURENT BLVD btwn HWY417 IC115 RAMP51 & HWY417 IC115 RAMP25,372534.1167,5031400.103,-75.63451915,45.41925695,2016-11-16,8:54,02 - Rain,02 - Wet,10 - No control,01 - Non intersection,01 - Daylight,02 - Non-fatal injury,03 - Rear end,Industrial Park
12780,ST. LAURENT BLVD btwn INDUSTRIAL AVE & BOURASSA ST,373158.1741,5029873.321,-75.62675786,45.40545899,2016-07-05,6:56,01 - Clear,01 - Dry,10 - No control,04 - At/near private drive,01 - Daylight,02 - Non-fatal injury,02 - Angle,Industrial Park
12781,ST. LAURENT BLVD btwn INDUSTRIAL AVE & BOURASSA ST,373106.7527,5029987.565,-75.62739884,45.40649192,2016-08-17,14:40,01 - Clear,01 - Dry,10 - No control,01 - Non intersection,01 - Daylight,03 - P.D. only,04 - Sideswipe,Industrial Park
12782,ST. LAURENT BLVD btwn INDUSTRIAL AVE & BOURASSA ST,373104.4203,5029995.398,-75.62742754,45.40656263,2016-04-01,11:00,01 - Clear,01 - Dry,10 - No control,01 - Non intersection,01 - Daylight,03 - P.D. only,04 - Sideswipe,Industrial Park
12783,ST. LAURENT BLVD btwn INDUSTRIAL AVE & BOURASSA ST,373203.9815,5029767.224,-75.62618748,45.4044999,2016-07-20,12:16,01 - Clear,01 - Dry,10 - No control,01 - Non intersection,01 - Daylight,03 - P.D. only,05 - Turning movement,Industrial Park
12784,ST. LAURENT BLVD btwn INDUSTRIAL AVE & BOURASSA ST,373140.0555,5029914.435,-75.62698359,45.40583068,2016-10-27,16:00,01 - Clear,02 - Wet,10 - No control,01 - Non intersection,01 - Daylight,03 - P.D. only,03 - Rear end,Industrial Park
12785,ST. LAURENT BLVD btwn INDUSTRIAL AVE & BOURASSA ST,373214.9976,5029739.44,-75.62605062,45.40424884,2016-09-28,8:00,01 - Clear,01 - Dry,10 - No control,01 - Non intersection,01 - Daylight,03 - P.D. only,07 - SMV other,Industrial Park
12786,ST. LAURENT BLVD btwn INDUSTRIAL AVE & BOURASSA ST,373111.7274,5029978.233,-75.62733659,45.40640747,2016-12-06,9:31,01 - Clear,04 - Slush,10 - No control,04 - At/near private drive,01 - Daylight,03 - P.D. only,02 - Angle,Industrial Park
12787,ST. LAURENT BLVD btwn INDUSTRIAL AVE & BOURASSA ST,373158.8439,5029874.754,-75.6267491,45.40547182,2016-11-30,10:30,01 - Clear,02 - Wet,10 - No control,01 - Non intersection,01 - Daylight,03 - P.D. only,03 - Rear end,Industrial Park
12788,ST. LAURENT BLVD btwn MALARTIC AVE & NORANDA AVE,371619.9173,5033633.371,-75.64589611,45.43943879,2016-05-31,17:47,01 - Clear,01 - Dry,10 - No control,01 - Non intersection,01 - Daylight,03 - P.D. only,03 - Rear end,Cummings
12789,ST. LAURENT BLVD btwn MCARTHUR AVE & DONALD ST,371934.8564,5032856.929,-75.64197684,45.43242256,2016-07-23,14:30,01 - Clear,01 - Dry,10 - No control,01 - Non intersection,01 - Daylight,02 - Non-fatal injury,04 - Sideswipe,Cummings
12790,ST. LAURENT BLVD btwn MCARTHUR AVE & DONALD ST,371925.9365,5032876.698,-75.64208813,45.43260129,2016-02-26,17:05,01 - Clear,01 - Dry,10 - No control,01 - Non intersection,01 - Daylight,03 - P.D. only,04 - Sideswipe,Cummings
12791,ST. LAURENT BLVD btwn MCARTHUR AVE & DONALD ST,372049.0649,5032585.341,-75.64055444,45.42996796,2016-02-18,9:00,01 - Clear,06 - Ice,10 - No control,04 - At/near private drive,01 - Daylight,03 - P.D. only,03 - Rear end,Castl
12792,ST. LAURENT BLVD btwn MCARTHUR AVE & DONALD ST,372075.7329,5032520.754,-75.64022249,45.42938428,2016-01-31,13:43,01 - Clear,02 - Wet,10 - No control,01 - Non intersection,01 - Daylight,03 - P.D. only,04 - Sideswipe,Castl
12793,ST. LAURENT BLVD btwn MCARTHUR AVE & DONALD ST,372088.2629,5032484.731,-75.6400673,45.42905895,2016-02-29,13:22,01 - Clear,01 - Dry,10 - No control,01 - Non intersection,01 - Daylight,03 - P.D. only,04 - Sideswipe,Castl
12794,ST. LAURENT BLVD btwn MCARTHUR AVE & DONALD ST,372083.9473,5032495.241,-75.64012101,45.42915393,2016-05-08,8:56,01 - Clear,01 - Dry,10 - No control,01 - Non intersection,01 - Daylight,03 - P.D. only,03 - Rear end,Castl
12795,ST. LAURENT BLVD btwn MCARTHUR AVE & DONALD ST,372083.2007,5032502.473,-75.64012956,45.42921907,2016-06-08,17:20,01 - Clear,01 - Dry,10 - No control,01 - Non intersection,01 - Daylight,03 - P.D. only,03 - Rear end,Castl
12796,ST. LAURENT BLVD btwn MCARTHUR AVE & DONALD ST,371950.0743,5032810.707,-75.64178867,45.43200521,2016-11-08,22:01,01 - Clear,01 - Dry,10 - No control,01 - Non intersection,07 - Dark,03 - P.D. only,07 - SMV other,Castl
12797,ST. LAURENT BLVD btwn MCARTHUR AVE & DONALD ST,372086.9072,5032492.124,-75.64008361,45.4291256,2016-10-01,13:30,01 - Clear,01 - Dry,10 - No control,01 - Non intersection,01 - Daylight,03 - P.D. only,04 - Sideswipe,Castl
12798,ST. LAURENT BLVD btwn MEADOW PARK PL & KAREN WAY,371248.9403,5034529.004,-75.65051653,45.44753263,2016-01-11,13:17,01 - Clear,06 - Ice,10 - No control,01 - Non intersection,01 - Daylight,02 - Non-fatal injury,03 - Rear end,Cemetery
12799,ST. LAURENT BLVD btwn MONTREAL RD & CAMIL ST,371552.7282,5033800.471,-75.64673217,45.44094869,2016-02-12,15:33,01 - Clear,06 - Ice,10 - No control,04 - At/near private drive,01 - Daylight,03 - P.D. only,03 - Rear end,Cummings
12800,ST. LAURENT BLVD btwn NERTA ST & JOLIFFE ST,373747.4482,5028427.239,-75.6194332,45.39239003,2016-04-27,7:54,01 - Clear,01 - Dry,10 - No control,01 - Non intersection,01 - Daylight,02 - Non-fatal injury,03 - Rear end,Hawthorn
12801,ST. LAURENT BLVD btwn NERTA ST & JOLIFFE ST,373683.9751,5028585.891,-75.6202216,45.39382375,2016-11-16,8:55,02 - Rain,02 - Wet,10 - No control,01 - Non intersection,01 - Daylight,03 - P.D. only,04 - Sideswipe,Urbandale
12802,ST. LAURENT BLVD btwn PLEASANT PARK RD & CONNERY AVE,373605.1436,5028776.674,-75.6212017,45.39554808,2016-04-12,21:39,01 - Clear,01 - Dry,10 - No control,04 - At/near private drive,07 - Dark,03 - P.D. only,05 - Turning movement,Urbandale
12803,ST. LAURENT BLVD btwn PLEASANT PARK RD & CONNERY AVE,373602.012,5028784.05,-75.62124067,45.39561475,2016-06-06,12:05,01 - Clear,01 - Dry,10 - No control,01 - Non intersection,01 - Daylight,03 - P.D. only,04 - Sideswipe,Urbandale
12804,ST. LAURENT BLVD btwn PLEASANT PARK RD & CONNERY AVE,373615.9474,5028752.072,-75.62106716,45.39532566,2016-09-17,18:07,02 - Rain,02 - Wet,10 - No control,01 - Non intersection,01 - Daylight,03 - P.D. only,03 - Rear end,Urbandale
12805,ST. LAURENT BLVD btwn SHORE ST & BELFAST RD,372851.2839,5030603.809,-75.63057694,45.41206149,2016-09-19,8:40,01 - Clear,01 - Dry,10 - No control,01 - Non intersection,01 - Daylight,03 - P.D. only,04 - Sideswipe,Industrial Park
12806,ST. LAURENT BLVD btwn THURSTON DR & WALKLEY RD,374030.6308,5027807.267,-75.61590392,45.38678387,2016-11-04,17:33,01 - Clear,01 - Dry,10 - No control,01 - Non intersection,07 - Dark,02 - Non-fatal injury,06 - SMV unattended vehicle,Industrial Park
12807,ST. LAURENT BLVD btwn THURSTON DR & WALKLEY RD,373994.0009,5027900.12,-75.61635862,45.38762294,2016-01-27,8:44,03 - Snow,03 - Loose snow,10 - No control,04 - At/near private drive,01 - Daylight,03 - P.D. only,03 - Rear end,Industrial Park
12808,ST. LAURENT BLVD btwn THURSTON DR & WALKLEY RD,374026.9737,5027803.791,-75.6159511,45.38675296,2016-12-31,16:25,03 - Snow,03 - Loose snow,10 - No control,01 - Non intersection,05 - Dusk,03 - P.D. only,06 - SMV unattended vehicle,Industrial Park
12809,ST. LAURENT BLVD btwn TO BE DETERMINED & DWELLINGHAM PRIV,373490.9259,5029097.575,-75.62261566,45.39844661,2016-02-25,18:00,04 - Freezing Rain,06 - Ice,10 - No control,01 - Non intersection,07 - Dark,03 - P.D. only,01 - Approaching,Hawthorne Meadows
12810,ST. LAURENT BLVD btwn TRANSIT & HWY417 IC115 RAMP35,372475.9676,5031542.421,-75.63524253,45.42054309,2016-04-18,15:59,01 - Clear,01 - Dry,10 - No control,01 - Non intersection,01 - Daylight,03 - P.D. only,04 - Sideswipe,Overbrook
12811,ST. LAURENT BLVD btwn TREMBLAY RD & SHORE ST,372787.3234,5030767.788,-75.63137138,45.41354311,2016-03-18,15:57,01 - Clear,01 - Dry,10 - No control,01 - Non intersection,01 - Daylight,03 - P.D. only,03 - Rear end,Industrial Park
12812,ST. LAURENT BLVD btwn TREMBLAY RD & SHORE ST,372672.9371,5031042.774,-75.63279478,45.41602841,2016-03-02,11:59,03 - Snow,03 - Loose snow,10 - No control,01 - Non intersection,01 - Daylight,03 - P.D. only,03 - Rear end,Industrial Park
12813,ST. LAURENT BLVD/GUY ST @ RIDEAU SS,371859.9505,5033043.659,-75.64290864,45.43410986,2016-03-11,13:46,01 - Clear,01 - Dry,01 - Traffic signal,02 - Intersection related,01 - Daylight,03 - P.D. only,03 - Rear end,Cummings
12814,ST. LOUIS DR btwn BUCKSKIN WAY & ST. ANDRE DR,379612.1167,5038303.95,-75.54304131,45.48065162,2016-02-24,11:28,03 - Snow,03 - Loose snow,10 - No control,01 - Non intersection,01 - Daylight,03 - P.D. only,06 - SMV unattended vehicle,Orleans South West
12815,ST. LOUIS DR btwn ST. ANDRE DR & ORLEANS BLVD,379759.2779,5038373.628,-75.54114853,45.48126274,2016-03-04,9:03,01 - Clear,01 - Dry,10 - No control,01 - Non intersection,01 - Daylight,03 - P.D. only,01 - Approaching,Orleans South West
12816,ST. PATRICK ST @ SUSSEX DR,367666.8231,5032462.335,-75.69656963,45.42926885,2016-03-23,1:23,01 - Clear,02 - Wet,01 - Traffic signal,03 - At intersection,07 - Dark,02 - Non-fatal injury,02 - Angle,Byward Market
12817,ST. PATRICK ST @ SUSSEX DR,367665.8166,5032462.144,-75.69658251,45.42926722,2016-01-22,21:18,01 - Clear,01 - Dry,01 - Traffic signal,03 - At intersection,07 - Dark,03 - P.D. only,02 - Angle,Byward Market
12818,ST. PATRICK ST @ SUSSEX DR,367665.782,5032462.603,-75.6965829,45.42927135,2016-05-24,17:10,01 - Clear,01 - Dry,01 - Traffic signal,02 - Intersection related,01 - Daylight,03 - P.D. only,03 - Rear end,Byward Market
12819,ST. PATRICK ST btwn DALHOUSIE ST & CUMBERLAND ST,368043.4789,5032695.9,-75.6917265,45.43133643,2016-03-14,16:30,01 - Clear,02 - Wet,10 - No control,01 - Non intersection,01 - Daylight,03 - P.D. only,06 - SMV unattended vehicle,Byward Market
12820,ST. PATRICK ST btwn KING EDWARD AVE & MURRAY ST,368280.9448,5032845.46,-75.68867262,45.4326606,2016-06-28,11:04,01 - Clear,01 - Dry,10 - No control,04 - At/near private drive,01 - Daylight,03 - P.D. only,05 - Turning movement,Lower Town
12821,ST. PATRICK ST btwn PARENT AVE & DALHOUSIE ST,367935.3782,5032626.376,-75.69311684,45.43072064,2016-06-21,7:56,01 - Clear,01 - Dry,10 - No control,01 - Non intersection,01 - Daylight,02 - Non-fatal injury,04 - Sideswipe,Byward Market
12822,ST. PATRICK ST btwn SUSSEX DR & PARENT AVE,367684.6075,5032473.338,-75.69634096,45.42936625,2016-03-29,0:00,01 - Clear,02 - Wet,10 - No control,01 - Non intersection,00 - Unknown,03 - P.D. only,06 - SMV unattended vehicle,Byward Market
12823,ST. PATRICK ST btwn SUSSEX DR & PARENT AVE,367752.2145,5032514.124,-75.69547182,45.42972715,2016-08-11,15:19,01 - Clear,01 - Dry,10 - No control,01 - Non intersection,01 - Daylight,03 - P.D. only,03 - Rear end,Byward Market
12824,ST. PATRICK ST btwn VANIER PKWY & VANIER PKWY,369110.8644,5033452.256,-75.67798754,45.43804448,2016-09-17,2:58,01 - Clear,01 - Dry,10 - No control,01 - Non intersection,07 - Dark,02 - Non-fatal injury,07 - SMV other,Lindenlea - New Edinburgh
12825,ST. PATRICK ST EB btwn BEAUSOLEIL DR & COBOURG ST,368763.384,5033234.261,-75.68245685,45.43611492,2016-09-18,15:20,01 - Clear,01 - Dry,10 - No control,01 - Non intersection,01 - Daylight,03 - P.D. only,04 - Sideswipe,Lower Town
12826,ST. PATRICK ST EB btwn COBOURG ST & VANIER PKWY,368953.8542,5033265.965,-75.68001849,45.43638273,2016-07-08,2:30,01 - Clear,01 - Dry,10 - No control,01 - Non intersection,07 - Dark,02 - Non-fatal injury,07 - SMV other,Lower Town
12827,ST. PATRICK ST EB btwn COBOURG ST & VANIER PKWY,369084.4202,5033409.433,-75.6783311,45.43766161,2016-10-12,13:01,01 - Clear,01 - Dry,10 - No control,01 - Non intersection,01 - Daylight,03 - P.D. only,03 - Rear end,Vanier
12828,ST. PATRICK ST EB btwn MURRAY ST & BEAUSOLEIL DR,368415.8757,5033050.955,-75.68692174,45.4344973,2016-05-27,10:57,01 - Clear,01 - Dry,10 - No control,01 - Non intersection,01 - Daylight,03 - P.D. only,04 - Sideswipe,Lower Town
12829,ST. PATRICK ST WB btwn FORSEY ST & ISLAND LODGE RD,368635.6622,5033234.195,-75.68408916,45.436126,2016-03-02,12:27,01 - Clear,02 - Wet,10 - No control,04 - At/near private drive,01 - Daylight,03 - P.D. only,03 - Rear end,Lower Town
12830,ST. PATRICK ST WB btwn FORSEY ST & ISLAND LODGE RD,368640.4894,5033236.171,-75.68402721,45.43614334,2016-02-24,15:30,03 - Snow,02 - Wet,10 - No control,04 - At/near private drive,01 - Daylight,03 - P.D. only,02 - Angle,Lower Town
12831,ST. PATRICK ST WB btwn FORSEY ST & ISLAND LODGE RD,368720.6782,5033246.578,-75.68300104,45.43622965,2016-02-03,18:10,"07 - Fog, mist, smoke, dust",01 - Dry,10 - No control,01 - Non intersection,07 - Dark,03 - P.D. only,03 - Rear end,Lower Town
12832,ST. PATRICK ST WB btwn ISLAND LODGE RD & CRICHTON ST,368830.2293,5033247.394,-75.68160086,45.43622697,2016-04-21,18:33,01 - Clear,01 - Dry,10 - No control,01 - Non intersection,01 - Daylight,02 - Non-fatal injury,07 - SMV other,Lower Town
12833,ST. PATRICK ST WB btwn MURRAY ST & ST. ANDREW ST,368402.929,5033064.31,-75.68708547,45.43461865,2016-05-24,17:00,01 - Clear,01 - Dry,10 - No control,01 - Non intersection,01 - Daylight,03 - P.D. only,04 - Sideswipe,Lower Town
12834,ST. PATRICK ST/ST. ANDREW ST @ BEAUSOLEIL DR,368427.6331,5033069.434,-75.6867691,45.4346625,2016-05-18,14:55,01 - Clear,01 - Dry,01 - Traffic signal,02 - Intersection related,01 - Daylight,02 - Non-fatal injury,03 - Rear end,Lower Town
12835,ST. PATRICK ST/ST. ANDREW ST @ BEAUSOLEIL DR,368427.2646,5033069.333,-75.68677382,45.43466163,2016-08-20,6:45,01 - Clear,01 - Dry,01 - Traffic signal,02 - Intersection related,01 - Daylight,02 - Non-fatal injury,07 - SMV other,Lower Town
12836,ST. PATRICK ST/ST. ANDREW ST @ BEAUSOLEIL DR,368428.2232,5033070.351,-75.68676144,45.4346707,2016-01-14,12:10,03 - Snow,03 - Loose snow,01 - Traffic signal,02 - Intersection related,01 - Daylight,03 - P.D. only,03 - Rear end,Lower Town