Record,Location,X,Y,lon,lat,Date,Time,Environment,Road_Surface,Traffic_Control,Collision_Location,Light,Collision_Classification,Impact_type,Neighborhood
12837,ST. PATRICK ST/ST. ANDREW ST @ BEAUSOLEIL DR,368427.4723,5033069.178,-75.68677118,45.43466021,2016-06-08,12:30,01 - Clear,01 - Dry,01 - Traffic signal,02 - Intersection related,01 - Daylight,03 - P.D. only,03 - Rear end,Lower Town
12838,ST. PATRICK ST/ST. ANDREW ST @ BEAUSOLEIL DR,368427.7733,5033069.774,-75.68676726,45.43466555,2016-07-29,7:24,01 - Clear,01 - Dry,01 - Traffic signal,02 - Intersection related,01 - Daylight,03 - P.D. only,03 - Rear end,Lower Town
12839,STAFFORD RD btwn BEXLEY PL & END,357913.2592,5021237.281,-75.8224169,45.3290746,2016-03-04,10:05,01 - Clear,01 - Dry,10 - No control,01 - Non intersection,01 - Daylight,03 - P.D. only,06 - SMV unattended vehicle,Bells Corners East
12840,STAGECOACH RD @ CEDAR ACRES DR/WELLWOOD ST,376345.1776,5012363.1,-75.58858074,45.24759113,2016-11-29,13:43,01 - Clear,02 - Wet,02 - Stop sign,02 - Intersection related,01 - Daylight,03 - P.D. only,02 - Angle,Kars - Osgoode
12841,STAGECOACH RD @ EMPIRE GROVE ST/STANMORE ST,376436.7498,5012151.999,-75.58744476,45.24568239,2016-12-17,2:26,03 - Snow,03 - Loose snow,02 - Stop sign,03 - At intersection,07 - Dark,02 - Non-fatal injury,02 - Angle,Kars - Osgoode
12842,STAGECOACH RD btwn APPLE ORCHARD RD & WELLWOOD ST,376273.1127,5012529.655,-75.58947472,45.24909706,2016-09-07,16:41,01 - Clear,01 - Dry,10 - No control,01 - Non intersection,01 - Daylight,02 - Non-fatal injury,03 - Rear end,Greely
12843,STAGECOACH RD btwn CABIN RD & SNAKE ISLAND RD,378078.095,5006328.865,-75.56739599,45.19311871,2016-01-07,7:11,01 - Clear,01 - Dry,10 - No control,01 - Non intersection,03 - Dawn,03 - P.D. only,01 - Approaching,Kars - Osgoode
12844,STAGECOACH RD btwn DALMENY RD & FAWN LANE,378773.6702,4997474.783,-75.55985553,45.1133791,2016-02-03,20:21,02 - Rain,02 - Wet,10 - No control,01 - Non intersection,07 - Dark,03 - P.D. only,07 - SMV other,Kars - Osgoode
12845,STAGECOACH RD btwn EMPIRE GROVE ST & LAKESHORE DR,376448.6067,5012125.435,-75.58729757,45.24544217,2016-05-06,0:12,01 - Clear,01 - Dry,10 - No control,01 - Non intersection,07 - Dark,03 - P.D. only,07 - SMV other,Kars - Osgoode
12846,STAGECOACH RD btwn FOREST RD & CABIN RD,378134.032,5003873.61,-75.56704509,45.17102114,2016-05-23,2:51,01 - Clear,01 - Dry,10 - No control,01 - Non intersection,07 - Dark,02 - Non-fatal injury,07 - SMV other,Kars - Osgoode
12847,STAGECOACH RD btwn LAKESHORE DR & OLD PRESCOTT RD,376981.0369,5010911.093,-75.58069226,45.2344615,2016-11-21,1:06,03 - Snow,05 - Packed snow,10 - No control,01 - Non intersection,07 - Dark,03 - P.D. only,03 - Rear end,Osgoode
12848,STAGECOACH RD btwn OLD STAGECOACH RD & BLANCHFIELD RD,377718.9547,5000191.369,-75.57286244,45.13793208,2016-04-29,4:43,01 - Clear,01 - Dry,10 - No control,01 - Non intersection,07 - Dark,03 - P.D. only,07 - SMV other,Kars - Osgoode
12849,STAGECOACH RD btwn OLD STAGECOACH RD & BLANCHFIELD RD,377731.8308,5000226.402,-75.57269363,45.13824597,2016-06-20,12:34,01 - Clear,01 - Dry,10 - No control,04 - At/near private drive,01 - Daylight,03 - P.D. only,05 - Turning movement,Kars - Osgoode
12850,STAGECOACH RD btwn OLD STAGECOACH RD & BLANCHFIELD RD,377826.874,5001260.103,-75.57133434,45.14753721,2016-12-26,16:43,04 - Freezing Rain,06 - Ice,10 - No control,01 - Non intersection,05 - Dusk,03 - P.D. only,07 - SMV other,Kars - Osgoode
12851,STAGECOACH RD btwn SNAKE ISLAND RD & HERBERTS CORNERS RD,377952.1319,5008599.679,-75.56866556,45.21356392,2016-02-14,3:00,06 - Strong wind,01 - Dry,10 - No control,01 - Non intersection,07 - Dark,03 - P.D. only,07 - SMV other,Kars - Osgoode
12852,STAGECOACH RD btwn SNAKE ISLAND RD & HERBERTS CORNERS RD,377997.3141,5007165.663,-75.56830107,45.20065638,2016-09-17,17:01,01 - Clear,01 - Dry,10 - No control,01 - Non intersection,01 - Daylight,03 - P.D. only,07 - SMV other,Osgoode
12853,STAGECOACH RD btwn SNAKE ISLAND RD & HERBERTS CORNERS RD,377945.1931,5008664.9,-75.56874431,45.21415148,2016-10-05,23:20,01 - Clear,01 - Dry,10 - No control,01 - Non intersection,07 - Dark,03 - P.D. only,07 - SMV other,Osgoode
12854,STAGECOACH RD btwn SNAKE ISLAND RD & HERBERTS CORNERS RD,377934.0649,5007465.363,-75.56906206,45.20335956,2016-12-02,22:48,01 - Clear,01 - Dry,10 - No control,01 - Non intersection,07 - Dark,03 - P.D. only,07 - SMV other,Kars - Osgoode
12855,STALWART CRES E @ WHITE ALDER AVE,375560.514,5020782.201,-75.59737475,45.32342264,2016-04-18,16:38,01 - Clear,01 - Dry,02 - Stop sign,03 - At intersection,01 - Daylight,03 - P.D. only,05 - Turning movement,Greenbelt
12856,STALWART CRES E @ WHITE ALDER AVE,375560.514,5020782.201,-75.59737475,45.32342264,2016-07-25,17:34,01 - Clear,01 - Dry,02 - Stop sign,03 - At intersection,01 - Daylight,03 - P.D. only,02 - Angle,Greenbelt
12857,STANLEY AVE @ SUSSEX DR,367833.7522,5033869.856,-75.69425629,45.4419182,2016-08-27,10:13,01 - Clear,01 - Dry,01 - Traffic signal,02 - Intersection related,01 - Daylight,02 - Non-fatal injury,03 - Rear end,New Edinburgh
12858,STANLEY AVE @ SUSSEX DR,367832.3232,5033872.381,-75.69427423,45.44194105,2016-05-04,16:45,01 - Clear,01 - Dry,01 - Traffic signal,03 - At intersection,01 - Daylight,02 - Non-fatal injury,02 - Angle,New Edinburgh
12859,STANLEY AVE @ SUSSEX DR,367832.0959,5033871.512,-75.69427724,45.44193325,2016-11-02,13:49,01 - Clear,01 - Dry,01 - Traffic signal,03 - At intersection,01 - Daylight,03 - P.D. only,07 - SMV other,New Edinburgh
12860,STANLEY AVE btwn QUEEN VICTORIA ST & KEEFER ST,368291.6951,5033672.638,-75.68842855,45.44010226,2016-02-10,11:35,03 - Snow,03 - Loose snow,10 - No control,04 - At/near private drive,01 - Daylight,03 - P.D. only,06 - SMV unattended vehicle,New Edinburgh
12861,STAR TOP RD btwn ALGOMA RD & Continuation of STAR TOP RD,374034.5891,5030951.299,-75.61541202,45.41507196,2016-11-18,15:23,01 - Clear,01 - Dry,10 - No control,01 - Non intersection,01 - Daylight,02 - Non-fatal injury,05 - Turning movement,Industrial Park
12862,STAR TOP RD btwn Continuation of STAR TOP RD & INNES RD,374127.3451,5030715.161,-75.61426026,45.41293813,2016-03-17,16:44,01 - Clear,01 - Dry,10 - No control,01 - Non intersection,01 - Daylight,03 - P.D. only,05 - Turning movement,Industrial Park
12863,STATION RD btwn MARCH RD & END,350871.5363,5022217.733,-75.91215407,45.33839452,2016-01-21,14:27,01 - Clear,05 - Packed snow,10 - No control,04 - At/near private drive,01 - Daylight,03 - P.D. only,02 - Angle,South March
12864,STE. CECILE ST btwn BEECHWOOD AVE & GENEST ST,369740.0617,5033921.033,-75.66988422,45.44220419,2016-10-04,8:10,01 - Clear,01 - Dry,10 - No control,01 - Non intersection,01 - Daylight,02 - Non-fatal injury,05 - Turning movement,Vanier North
12865,STE. THERESE LANE btwn FORTUNE DR & FORTUNE DR,379811.1759,5037473.636,-75.54062219,45.47315975,2016-06-15,11:52,01 - Clear,01 - Dry,10 - No control,04 - At/near private drive,01 - Daylight,03 - P.D. only,06 - SMV unattended vehicle,Orleans South West
12866,STEDMAN ST btwn PARKIN CIRC & PARKIN CIRC,372717.7629,5022901.218,-75.63334202,45.34276965,2016-04-05,9:45,01 - Clear,01 - Dry,10 - No control,01 - Non intersection,01 - Daylight,03 - P.D. only,07 - SMV other,Blossom Park - Blossom Park West - Sawmill Creek/ Timbermill
12867,STEEPLE CHASE DR btwn PINE HILL DR & BON ECHO CRES,355561.549,5017701.314,-75.85277874,45.29743146,2016-05-29,0:00,01 - Clear,01 - Dry,10 - No control,01 - Non intersection,00 - Unknown,03 - P.D. only,06 - SMV unattended vehicle,Bridlewood - Emerald Meadows
12868,STEEPLE HILL CRES btwn FALLOWFIELD RD & RUSHMORE RD,358586.0793,5013952.752,-75.81462422,45.26347636,2016-04-06,17:58,03 - Snow,03 - Loose snow,10 - No control,01 - Non intersection,01 - Daylight,02 - Non-fatal injury,07 - SMV other,Munster Hamlet - Richmond
12869,STEEPLE HILL CRES btwn RICHMOND RD & PIETY HILL WAY,357812.2857,5014228.162,-75.82445429,45.26601329,2016-12-05,16:06,03 - Snow,05 - Packed snow,10 - No control,04 - At/near private drive,05 - Dusk,03 - P.D. only,06 - SMV unattended vehicle,Greenbelt
12870,STEVENAGE DR @ SWANSEA CRES,374414.9619,5026771.373,-75.61114256,45.37742528,2016-02-24,15:21,04 - Freezing Rain,06 - Ice,10 - No control,03 - At intersection,01 - Daylight,03 - P.D. only,02 - Angle,Industrial Park
12871,STEVENAGE DR @ SWANSEA CRES E,374906.9165,5027199.906,-75.60480111,45.38123197,2016-02-24,16:46,03 - Snow,06 - Ice,02 - Stop sign,03 - At intersection,01 - Daylight,03 - P.D. only,02 - Angle,Industrial Park
12872,STEVENAGE DR btwn GLENFIELD DR & OVERTON DR,375287.207,5027374.839,-75.59992078,45.38276777,2016-02-09,8:26,03 - Snow,03 - Loose snow,10 - No control,01 - Non intersection,01 - Daylight,03 - P.D. only,06 - SMV unattended vehicle,Greenbelt
12873,STEVENAGE DR btwn SWANSEA CRES & SWANSEA CRES,374408.7539,5026810.448,-75.61121631,45.37777748,2016-03-02,9:30,03 - Snow,03 - Loose snow,10 - No control,01 - Non intersection,01 - Daylight,03 - P.D. only,02 - Angle,Industrial Park
12874,STEWART ST btwn COBOURG ST & CHARLOTTE ST,369337.3508,5032634.015,-75.67520018,45.4306614,2016-12-05,11:08,01 - Clear,01 - Dry,10 - No control,01 - Non intersection,01 - Daylight,03 - P.D. only,06 - SMV unattended vehicle,Sandy Hill
12875,STEWART ST btwn NELSON ST & FRIEL ST,368848.5926,5032337.38,-75.68148454,45.42803732,2016-03-25,6:24,01 - Clear,01 - Dry,10 - No control,01 - Non intersection,01 - Daylight,03 - P.D. only,07 - SMV other,Sandy Hill
12876,STIKINE DR btwn KEYROCK DR & NORTOBA CRES,349780.6752,5020114.545,-75.9262632,45.31954029,2016-02-24,9:18,03 - Snow,03 - Loose snow,10 - No control,01 - Non intersection,01 - Daylight,03 - P.D. only,04 - Sideswipe,Kanata Lakes - Marchwood Lakeside - Morgan's Grant - Kanata
12877,STIRLING AVE btwn LADOUCEUR ST & ARMSTRONG ST,365295.5113,5029695.916,-75.7272115,45.40458644,2016-04-14,0:00,01 - Clear,01 - Dry,10 - No control,01 - Non intersection,00 - Unknown,03 - P.D. only,06 - SMV unattended vehicle,Hintonburg
12878,STITT ST btwn JONATHAN PACK ST & ABBOTT ST W,349558.9766,5013151.35,-75.92971909,45.25689738,2016-11-25,23:00,01 - Clear,02 - Wet,10 - No control,01 - Non intersection,07 - Dark,03 - P.D. only,06 - SMV unattended vehicle,Crossing Bridge
12879,STITTSVILLE MAIN ST @ ANDREW ALEXANDER CRT,350088.7398,5013542.944,-75.92293395,45.26038718,2016-06-29,14:45,01 - Clear,01 - Dry,02 - Stop sign,02 - Intersection related,01 - Daylight,03 - P.D. only,03 - Rear end,Stittsville
12880,STITTSVILLE MAIN ST @ HAZELDEAN RD,349559.0567,5014878.937,-75.9295624,45.27244282,2016-10-15,18:05,01 - Clear,01 - Dry,01 - Traffic signal,03 - At intersection,01 - Daylight,03 - P.D. only,05 - Turning movement,Stittsville
12881,STITTSVILLE MAIN ST @ HAZELDEAN RD,349558.2485,5014878.256,-75.92957276,45.27243674,2016-01-01,17:33,01 - Clear,01 - Dry,01 - Traffic signal,03 - At intersection,05 - Dusk,03 - P.D. only,02 - Angle,Stittsville
12882,STITTSVILLE MAIN ST @ HAZELDEAN RD,349557.7395,5014879.815,-75.92957911,45.27245081,2016-02-06,10:35,01 - Clear,01 - Dry,01 - Traffic signal,02 - Intersection related,01 - Daylight,03 - P.D. only,03 - Rear end,Stittsville
12883,STITTSVILLE MAIN ST @ HAZELDEAN RD,349558.5137,5014878.924,-75.92956932,45.27244274,2016-04-30,11:07,01 - Clear,01 - Dry,01 - Traffic signal,02 - Intersection related,01 - Daylight,03 - P.D. only,03 - Rear end,Stittsville
12884,STITTSVILLE MAIN ST @ HAZELDEAN RD,349558.4109,5014878.682,-75.92957065,45.27244057,2016-08-07,15:39,01 - Clear,01 - Dry,01 - Traffic signal,03 - At intersection,01 - Daylight,03 - P.D. only,05 - Turning movement,Stittsville
12885,STITTSVILLE MAIN ST @ HAZELDEAN RD,349558.3062,5014878.787,-75.92957198,45.27244152,2016-07-11,13:45,01 - Clear,01 - Dry,01 - Traffic signal,03 - At intersection,01 - Daylight,03 - P.D. only,05 - Turning movement,Stittsville
12886,STITTSVILLE MAIN ST @ HAZELDEAN RD,349558.4109,5014878.682,-75.92957065,45.27244057,2016-07-19,23:55,01 - Clear,01 - Dry,01 - Traffic signal,02 - Intersection related,07 - Dark,03 - P.D. only,04 - Sideswipe,Stittsville
12887,STITTSVILLE MAIN ST @ HAZELDEAN RD,349558.2528,5014878.751,-75.92957266,45.2724412,2016-07-31,11:58,01 - Clear,01 - Dry,01 - Traffic signal,02 - Intersection related,01 - Daylight,03 - P.D. only,03 - Rear end,Stittsville
12888,STITTSVILLE MAIN ST @ HAZELDEAN RD,349558.3981,5014879.131,-75.92957078,45.27244461,2016-12-16,13:20,01 - Clear,01 - Dry,01 - Traffic signal,02 - Intersection related,01 - Daylight,03 - P.D. only,03 - Rear end,Stittsville
12889,STITTSVILLE MAIN ST @ MULKINS ST S/WINTERGREEN,350004.7524,5013641.831,-75.92399506,45.2612824,2016-11-02,11:30,01 - Clear,01 - Dry,01 - Traffic signal,02 - Intersection related,01 - Daylight,03 - P.D. only,03 - Rear end,Stittsville
12890,STITTSVILLE MAIN ST @ MULKINS ST S/WINTERGREEN,350005.736,5013641.485,-75.92398256,45.26127922,2016-06-06,8:58,01 - Clear,01 - Dry,01 - Traffic signal,03 - At intersection,01 - Daylight,03 - P.D. only,04 - Sideswipe,Stittsville
12891,STITTSVILLE MAIN ST @ MULKINS ST S/WINTERGREEN,350006.054,5013640.707,-75.92397858,45.2612722,2016-02-22,12:06,01 - Clear,02 - Wet,01 - Traffic signal,02 - Intersection related,01 - Daylight,03 - P.D. only,03 - Rear end,Stittsville
12892,STITTSVILLE MAIN ST @ PORTER ST,350946.4202,5012293.649,-75.91212202,45.24908985,2016-12-23,22:05,01 - Clear,02 - Wet,02 - Stop sign,02 - Intersection related,07 - Dark,03 - P.D. only,03 - Rear end,Stittsville
12893,STITTSVILLE MAIN ST btwn ABBOTT ST W & ORVILLE ST,350275.8873,5013290.795,-75.92057253,45.25810618,2016-02-27,22:19,01 - Clear,02 - Wet,10 - No control,01 - Non intersection,07 - Dark,03 - P.D. only,07 - SMV other,Stittsville
12894,STITTSVILLE MAIN ST btwn BANDELIER WAY & HAZELDEAN RD,349513.0432,5014922.533,-75.93014487,45.27283804,2016-02-04,13:15,01 - Clear,01 - Dry,10 - No control,04 - At/near private drive,01 - Daylight,03 - P.D. only,02 - Angle,Stittsville
12895,STITTSVILLE MAIN ST btwn BELL ST & LIARD ST,350790.0767,5012721.171,-75.91407408,45.25294708,2016-04-18,12:57,01 - Clear,01 - Dry,10 - No control,04 - At/near private drive,01 - Daylight,03 - P.D. only,99 - Other,Stittsville
12896,STITTSVILLE MAIN ST btwn CARLETON CATHCART ST & BELL ST,350680.0682,5012838.135,-75.91546475,45.25400674,2016-08-10,17:29,01 - Clear,01 - Dry,10 - No control,04 - At/near private drive,01 - Daylight,02 - Non-fatal injury,03 - Rear end,Stittsville
12897,STITTSVILLE MAIN ST btwn CARP RD & RAVENSCROFT CRT,349551.5277,5014235.372,-75.92971635,45.26665228,2016-05-19,12:01,01 - Clear,01 - Dry,10 - No control,01 - Non intersection,01 - Daylight,02 - Non-fatal injury,03 - Rear end,Stittsville
12898,STITTSVILLE MAIN ST btwn ETTA ST & EAST HEALEY AVE,350896.6962,5011663.876,-75.91281383,45.24342618,2016-06-01,4:05,01 - Clear,01 - Dry,10 - No control,01 - Non intersection,07 - Dark,03 - P.D. only,07 - SMV other,Stittsville
12899,STITTSVILLE MAIN ST btwn FERNBANK RD & PORTER ST,350944.0552,5012271.55,-75.91215419,45.24889115,2016-11-21,12:53,03 - Snow,03 - Loose snow,10 - No control,01 - Non intersection,01 - Daylight,03 - P.D. only,04 - Sideswipe,Stittsville
12900,STITTSVILLE MAIN ST btwn HOBIN ST & BEVERLY ST,349750.5383,5013934.105,-75.92720768,45.26392868,2016-01-25,11:03,01 - Clear,01 - Dry,10 - No control,04 - At/near private drive,01 - Daylight,03 - P.D. only,02 - Angle,Stittsville
12901,STITTSVILLE MAIN ST btwn RAVENSCROFT CRT & HOBIN ST,349628.8037,5014082.09,-75.92874548,45.26526807,2016-01-08,17:07,01 - Clear,01 - Dry,10 - No control,04 - At/near private drive,05 - Dusk,03 - P.D. only,02 - Angle,Crossing Bridge
12902,STONECREST RD btwn DUNHAVEN DR & THOMAS A. DOLAN PKWY,339199.7801,5028597.248,-76.06062953,45.39646919,2016-12-13,6:45,01 - Clear,04 - Slush,10 - No control,01 - Non intersection,07 - Dark,03 - P.D. only,07 - SMV other,Car
12903,STONEHAVEN DR @ FURLONG CRES E/PINE HILL DR,355714.1838,5016888.666,-75.85091616,45.29010806,2016-10-05,10:53,01 - Clear,01 - Dry,02 - Stop sign,02 - Intersection related,01 - Daylight,02 - Non-fatal injury,03 - Rear end,Bridlewood - Emerald Meadows
12904,STONEHAVEN DR @ HARNESS LANE/BLUEMEADOW WAY,354571.3075,5016744.423,-75.86549978,45.288892,2016-07-02,2:10,02 - Rain,02 - Wet,01 - Traffic signal,03 - At intersection,07 - Dark,02 - Non-fatal injury,07 - SMV other,Bridlewood - Emerald Meadows
12905,STONEHAVEN DR @ HARNESS LANE/BLUEMEADOW WAY,354571.6479,5016744.764,-75.8654954,45.28889504,2016-06-10,15:58,01 - Clear,01 - Dry,01 - Traffic signal,02 - Intersection related,01 - Daylight,02 - Non-fatal injury,03 - Rear end,Bridlewood - Emerald Meadows
12906,STONEHAVEN DR @ HARNESS LANE/BLUEMEADOW WAY,354572.6504,5016743.578,-75.86548274,45.2888843,2016-03-13,14:12,01 - Clear,01 - Dry,01 - Traffic signal,02 - Intersection related,01 - Daylight,03 - P.D. only,03 - Rear end,Bridlewood - Emerald Meadows
12907,STONEHAVEN DR @ SAWYER WAY/SUMMITVIEW DR,356561.8858,5015861.271,-75.84021705,45.28080145,2016-01-15,23:30,01 - Clear,04 - Slush,02 - Stop sign,02 - Intersection related,07 - Dark,03 - P.D. only,07 - SMV other,Bridlewood - Emerald Meadows
12908,STONEHAVEN DR @ SAWYER WAY/SUMMITVIEW DR,356562.7861,5015860.379,-75.84020567,45.28079336,2016-03-12,14:11,01 - Clear,01 - Dry,02 - Stop sign,02 - Intersection related,01 - Daylight,03 - P.D. only,03 - Rear end,Bridlewood - Emerald Meadows
12909,STONEHAVEN DR btwn BLUEMEADOW WAY & STONEHILL CRT,354648.8184,5016807.976,-75.86450532,45.28945837,2016-01-27,16:27,01 - Clear,01 - Dry,10 - No control,01 - Non intersection,01 - Daylight,03 - P.D. only,03 - Rear end,Bridlewood - Emerald Meadows
12910,STONEHAVEN DR btwn BRIDGESTONE DR & FURLONG CRES,355306.0752,5016986.195,-75.8561087,45.29101509,2016-11-01,10:19,01 - Clear,01 - Dry,10 - No control,04 - At/near private drive,01 - Daylight,03 - P.D. only,05 - Turning movement,Bridlewood - Emerald Meadows
12911,STONEHAVEN DR btwn EAGLESON RD & BLUEMEADOW WAY,354386.2907,5016625.785,-75.86787014,45.28783755,2016-03-14,8:00,01 - Clear,01 - Dry,10 - No control,01 - Non intersection,01 - Daylight,03 - P.D. only,04 - Sideswipe,Bridlewood - Emerald Meadows
12912,STONEHAVEN DR btwn FURLONG CRES & STONEMEADOW DR,355731.0651,5016874.819,-75.85070238,45.28998224,2016-11-09,18:50,01 - Clear,01 - Dry,10 - No control,01 - Non intersection,07 - Dark,03 - P.D. only,07 - SMV other,Bridlewood - Emerald Meadows
12913,STONEHAVEN DR btwn RICHMOND RD & SAWYER WAY/SUMMITVIEW DR,356769.5665,5015883.753,-75.83756767,45.28098843,2016-02-10,17:58,03 - Snow,04 - Slush,10 - No control,04 - At/near private drive,05 - Dusk,03 - P.D. only,02 - Angle,Bridlewood - Emerald Meadows
12914,STONEHAVEN DR btwn RICHMOND RD & SAWYER WAY/SUMMITVIEW DR,356710.7782,5015864.13,-75.83831902,45.2808162,2016-03-04,7:11,01 - Clear,01 - Dry,10 - No control,04 - At/near private drive,01 - Daylight,03 - P.D. only,02 - Angle,Bridlewood - Emerald Meadows
12915,STONEHAVEN DR btwn STONEMEADOW DR & BRIDLE PARK DR,356063.8535,5016453.105,-75.84650366,45.28616338,2016-11-21,5:59,03 - Snow,03 - Loose snow,10 - No control,01 - Non intersection,07 - Dark,03 - P.D. only,07 - SMV other,Bridlewood - Emerald Meadows
12916,STONEHAVEN DR btwn TANDALEE CRES & GRASSY PLAINS DR,356157.3169,5016036.757,-75.84535539,45.28241018,2016-01-07,8:44,01 - Clear,06 - Ice,10 - No control,04 - At/near private drive,01 - Daylight,03 - P.D. only,03 - Rear end,Bridlewood - Emerald Meadows
12917,STONEHAVEN DR btwn TANDALEE CRES & GRASSY PLAINS DR,356195.5281,5015973.955,-75.84487485,45.28184228,2016-12-17,22:19,03 - Snow,04 - Slush,10 - No control,01 - Non intersection,07 - Dark,03 - P.D. only,02 - Angle,Bridlewood - Emerald Meadows
12918,STONEHENGE CRES @ WHITTAKER CRES E,375379.9637,5031470.778,-75.59815032,45.41961154,2016-01-31,21:04,02 - Rain,02 - Wet,02 - Stop sign,03 - At intersection,07 - Dark,02 - Non-fatal injury,02 - Angle,Pineview
12919,STONEHURST AVE btwn CARRUTHERS AVE & LYNDALE AVE,365200.6235,5029943.417,-75.72839319,45.40682159,2016-07-06,19:30,01 - Clear,01 - Dry,10 - No control,04 - At/near private drive,01 - Daylight,03 - P.D. only,06 - SMV unattended vehicle,Mechanicsville
12920,STONEWAY DR @ WINDHURST DR E,366313.6037,5016174.671,-75.71588868,45.28283576,2016-02-05,22:47,01 - Clear,01 - Dry,02 - Stop sign,03 - At intersection,07 - Dark,03 - P.D. only,06 - SMV unattended vehicle,Chapman Mills - Rideau Crest - Davidson Heights
12921,STONEWAY DR @ WINDHURST DR E,366315.36,5016173.354,-75.71586646,45.28282376,2016-01-05,9:43,01 - Clear,02 - Wet,02 - Stop sign,02 - Intersection related,01 - Daylight,03 - P.D. only,03 - Rear end,Chapman Mills - Rideau Crest - Davidson Heights
12922,STONEWAY DR btwn DYLAN WAY & REDPATH DR,366383.4725,5016693.73,-75.71493373,45.2875001,2016-06-10,17:53,01 - Clear,01 - Dry,10 - No control,01 - Non intersection,01 - Daylight,03 - P.D. only,06 - SMV unattended vehicle,Chapman Mills - Rideau Crest - Davidson Heights
12923,STORMONT ST btwn ORTONA AVE & APELDOORN AVE,367224.5932,5024652.786,-75.70320885,45.35904025,2016-03-12,23:30,01 - Clear,01 - Dry,10 - No control,01 - Non intersection,07 - Dark,03 - P.D. only,06 - SMV unattended vehicle,Carleton Heights - Rideauview
12924,STRACHAN ST btwn LENNOX ST & MCBEAN ST,357123.3766,5005759.985,-75.83412289,45.18986605,2016-02-24,11:40,03 - Snow,03 - Loose snow,10 - No control,04 - At/near private drive,01 - Daylight,03 - P.D. only,99 - Other,Richmond
12925,STRANDHERD @ KENNEVALE DR,361491.4949,5014099.923,-75.77758768,45.26457246,2016-04-08,15:40,01 - Clear,01 - Dry,01 - Traffic signal,03 - At intersection,01 - Daylight,02 - Non-fatal injury,05 - Turning movement,Munster Hamlet - Richmond
12926,STRANDHERD @ KENNEVALE DR,361491.6786,5014099.072,-75.77758544,45.26456478,2016-01-30,10:18,01 - Clear,01 - Dry,01 - Traffic signal,02 - Intersection related,01 - Daylight,03 - P.D. only,03 - Rear end,Munster Hamlet - Richmond
12927,STRANDHERD @ KENNEVALE DR,361490.3591,5014100.675,-75.77760207,45.26457931,2016-01-17,15:45,03 - Snow,03 - Loose snow,01 - Traffic signal,03 - At intersection,01 - Daylight,03 - P.D. only,05 - Turning movement,Munster Hamlet - Richmond
12928,STRANDHERD @ KENNEVALE DR,361492.3752,5014100.255,-75.77757643,45.26457537,2016-11-09,18:03,01 - Clear,01 - Dry,01 - Traffic signal,02 - Intersection related,07 - Dark,03 - P.D. only,03 - Rear end,Munster Hamlet - Richmond
12929,STRANDHERD DR @ 210 W OF WOODROFFE AVE,365924.7337,5015319.131,-75.72095048,45.27517158,2016-06-10,1:42,01 - Clear,01 - Dry,01 - Traffic signal,02 - Intersection related,07 - Dark,03 - P.D. only,07 - SMV other,New Barrhaven
12930,STRANDHERD DR @ ANDORA AVE,363229.4581,5014306.16,-75.75541864,45.26628597,2016-12-23,14:08,01 - Clear,02 - Wet,01 - Traffic signal,02 - Intersection related,01 - Daylight,03 - P.D. only,03 - Rear end,New Barrhaven
12931,STRANDHERD DR @ CEDARVIEW RD/TARTAN DR,362292.2829,5013546.761,-75.76744819,45.25953007,2016-05-08,20:00,01 - Clear,01 - Dry,01 - Traffic signal,02 - Intersection related,01 - Daylight,02 - Non-fatal injury,03 - Rear end,New Barrhaven
12932,STRANDHERD DR @ CEDARVIEW RD/TARTAN DR,362292.1837,5013545.689,-75.76744958,45.25952043,2016-08-04,13:20,01 - Clear,01 - Dry,01 - Traffic signal,02 - Intersection related,01 - Daylight,03 - P.D. only,03 - Rear end,New Barrhaven
12933,STRANDHERD DR @ CEDARVIEW RD/TARTAN DR,362290.3655,5013546.144,-75.7674727,45.25952467,2016-08-02,20:57,01 - Clear,01 - Dry,01 - Traffic signal,02 - Intersection related,07 - Dark,03 - P.D. only,03 - Rear end,New Barrhaven
12934,STRANDHERD DR @ CEDARVIEW RD/TARTAN DR,362290.554,5013546.505,-75.76747025,45.2595279,2016-02-06,17:26,01 - Clear,01 - Dry,01 - Traffic signal,03 - At intersection,05 - Dusk,03 - P.D. only,05 - Turning movement,New Barrhaven
12935,STRANDHERD DR @ CEDARVIEW RD/TARTAN DR,362291.2126,5013546.533,-75.76746186,45.2595281,2016-01-15,12:02,01 - Clear,02 - Wet,01 - Traffic signal,02 - Intersection related,01 - Daylight,03 - P.D. only,03 - Rear end,New Barrhaven
12936,STRANDHERD DR @ CEDARVIEW RD/TARTAN DR,362290.8156,5013544.936,-75.7674671,45.25951377,2016-12-02,13:33,01 - Clear,01 - Dry,01 - Traffic signal,02 - Intersection related,01 - Daylight,03 - P.D. only,03 - Rear end,New Barrhaven
12937,STRANDHERD DR @ CLARIDGE DR,364948.6414,5015381.412,-75.73338234,45.27581616,2016-02-10,20:56,01 - Clear,01 - Dry,01 - Traffic signal,02 - Intersection related,07 - Dark,02 - Non-fatal injury,07 - SMV other,New Barrhaven