Record,Location,X,Y,lon,lat,Date,Time,Environment,Road_Surface,Traffic_Control,Collision_Location,Light,Collision_Classification,Impact_type,Neighborhood
12938,STRANDHERD DR @ CLARIDGE DR,364949.3498,5015381.176,-75.73337334,45.27581397,2016-02-25,19:47,01 - Clear,04 - Slush,01 - Traffic signal,03 - At intersection,07 - Dark,03 - P.D. only,05 - Turning movement,New Barrhaven
12939,STRANDHERD DR @ LONGFIELDS DR,364548.69,5015174.632,-75.73850431,45.27398965,2016-06-10,13:11,01 - Clear,01 - Dry,01 - Traffic signal,03 - At intersection,01 - Daylight,02 - Non-fatal injury,02 - Angle,New Barrhaven
12940,STRANDHERD DR @ LONGFIELDS DR,364551.0643,5015176.372,-75.73847384,45.27400511,2016-09-21,15:53,01 - Clear,01 - Dry,01 - Traffic signal,02 - Intersection related,01 - Daylight,02 - Non-fatal injury,03 - Rear end,New Barrhaven
12941,STRANDHERD DR @ LONGFIELDS DR,364548.4724,5015174.319,-75.73850712,45.27398685,2016-01-30,12:59,01 - Clear,02 - Wet,01 - Traffic signal,02 - Intersection related,01 - Daylight,03 - P.D. only,04 - Sideswipe,New Barrhaven
12942,STRANDHERD DR @ LONGFIELDS DR,364547.3096,5015173.7,-75.73852201,45.27398138,2016-01-07,20:11,01 - Clear,02 - Wet,01 - Traffic signal,02 - Intersection related,07 - Dark,03 - P.D. only,03 - Rear end,New Barrhaven
12943,STRANDHERD DR @ LONGFIELDS DR,364550.4283,5015174.122,-75.73848222,45.27398491,2016-04-06,20:10,03 - Snow,03 - Loose snow,01 - Traffic signal,03 - At intersection,07 - Dark,03 - P.D. only,02 - Angle,New Barrhaven
12944,STRANDHERD DR @ LONGFIELDS DR,364547.4278,5015173.372,-75.73852055,45.27397842,2016-04-13,18:06,01 - Clear,01 - Dry,01 - Traffic signal,02 - Intersection related,01 - Daylight,03 - P.D. only,03 - Rear end,New Barrhaven
12945,STRANDHERD DR @ LONGFIELDS DR,364549.4691,5015172.227,-75.73849467,45.27396794,2016-01-18,8:08,01 - Clear,04 - Slush,01 - Traffic signal,02 - Intersection related,01 - Daylight,03 - P.D. only,03 - Rear end,New Barrhaven
12946,STRANDHERD DR @ LONGFIELDS DR,364547.4278,5015174.122,-75.73852046,45.27398517,2016-04-22,10:26,02 - Rain,02 - Wet,01 - Traffic signal,02 - Intersection related,01 - Daylight,03 - P.D. only,03 - Rear end,New Barrhaven
12947,STRANDHERD DR @ LONGFIELDS DR,364548.1779,5015174.122,-75.7385109,45.27398511,2016-04-15,20:30,01 - Clear,01 - Dry,01 - Traffic signal,02 - Intersection related,05 - Dusk,03 - P.D. only,03 - Rear end,New Barrhaven
12948,STRANDHERD DR @ LONGFIELDS DR,364548.417,5015175.106,-75.73850773,45.27399394,2016-07-28,18:31,01 - Clear,01 - Dry,01 - Traffic signal,02 - Intersection related,01 - Daylight,03 - P.D. only,03 - Rear end,New Barrhaven
12949,STRANDHERD DR @ LONGFIELDS DR,364547.9823,5015171.254,-75.73851374,45.27395932,2016-10-20,22:52,02 - Rain,02 - Wet,01 - Traffic signal,02 - Intersection related,07 - Dark,03 - P.D. only,03 - Rear end,New Barrhaven
12950,STRANDHERD DR @ LONGFIELDS DR,364548.1287,5015173.325,-75.73851162,45.27397794,2016-06-29,12:07,01 - Clear,01 - Dry,01 - Traffic signal,02 - Intersection related,01 - Daylight,03 - P.D. only,04 - Sideswipe,New Barrhaven
12951,STRANDHERD DR @ LONGFIELDS DR,364549.6387,5015172.911,-75.73849243,45.27397408,2016-12-17,13:12,03 - Snow,04 - Slush,01 - Traffic signal,02 - Intersection related,01 - Daylight,03 - P.D. only,03 - Rear end,New Barrhaven
12952,STRANDHERD DR @ LONGFIELDS DR,364549.6387,5015174.567,-75.73849223,45.27398899,2016-12-01,17:10,01 - Clear,02 - Wet,01 - Traffic signal,02 - Intersection related,07 - Dark,03 - P.D. only,04 - Sideswipe,New Barrhaven
12953,STRANDHERD DR @ TARTAN DR,362489.6837,5013841.346,-75.76489897,45.2621646,2016-09-19,22:30,01 - Clear,01 - Dry,02 - Stop sign,02 - Intersection related,07 - Dark,02 - Non-fatal injury,03 - Rear end,New Barrhaven
12954,STRANDHERD DR @ TARTAN DR,362490.5119,5013844.659,-75.76488803,45.26219435,2016-10-16,11:45,02 - Rain,02 - Wet,02 - Stop sign,02 - Intersection related,01 - Daylight,03 - P.D. only,03 - Rear end,New Barrhaven
12955,STRANDHERD DR @ TARTAN DR,362492.1682,5013845.487,-75.76486683,45.26220166,2016-10-17,20:18,01 - Clear,02 - Wet,02 - Stop sign,03 - At intersection,07 - Dark,03 - P.D. only,03 - Rear end,New Barrhaven
12956,STRANDHERD DR @ WOODROFFE AVE,366105.4954,5015394.929,-75.71863749,45.27583787,2016-01-28,15:18,03 - Snow,02 - Wet,01 - Traffic signal,02 - Intersection related,01 - Daylight,02 - Non-fatal injury,03 - Rear end,New Barrhaven
12957,STRANDHERD DR @ WOODROFFE AVE,366105.7634,5015395.149,-75.71863404,45.27583982,2016-07-28,0:48,01 - Clear,01 - Dry,01 - Traffic signal,03 - At intersection,07 - Dark,02 - Non-fatal injury,02 - Angle,New Barrhaven
12958,STRANDHERD DR @ WOODROFFE AVE,366105.4881,5015395.815,-75.71863747,45.27584584,2016-03-11,0:00,01 - Clear,02 - Wet,01 - Traffic signal,03 - At intersection,07 - Dark,03 - P.D. only,04 - Sideswipe,Chapman Mills - Rideau Crest - Davidson Heights
12959,STRANDHERD DR @ WOODROFFE AVE,366106.8199,5015396.259,-75.71862044,45.27584972,2016-03-11,15:04,01 - Clear,01 - Dry,01 - Traffic signal,02 - Intersection related,01 - Daylight,03 - P.D. only,03 - Rear end,Chapman Mills - Rideau Crest - Davidson Heights
12960,STRANDHERD DR @ WOODROFFE AVE,366105.4954,5015395.369,-75.71863743,45.27584183,2016-02-17,22:52,03 - Snow,03 - Loose snow,01 - Traffic signal,02 - Intersection related,07 - Dark,03 - P.D. only,03 - Rear end,New Barrhaven
12961,STRANDHERD DR @ WOODROFFE AVE,366106.3735,5015395.808,-75.71862619,45.2758457,2016-02-12,20:00,03 - Snow,04 - Slush,01 - Traffic signal,02 - Intersection related,07 - Dark,03 - P.D. only,03 - Rear end,Chapman Mills - Rideau Crest - Davidson Heights
12962,STRANDHERD DR @ WOODROFFE AVE,366106.3735,5015394.49,-75.71862635,45.27583384,2016-01-24,18:09,03 - Snow,04 - Slush,01 - Traffic signal,02 - Intersection related,07 - Dark,03 - P.D. only,03 - Rear end,New Barrhaven
12963,STRANDHERD DR @ WOODROFFE AVE,366104.4977,5015394.735,-75.71865023,45.27583621,2016-08-11,19:43,01 - Clear,01 - Dry,01 - Traffic signal,02 - Intersection related,05 - Dusk,03 - P.D. only,03 - Rear end,New Barrhaven
12964,STRANDHERD DR @ WOODROFFE AVE,366106.3795,5015394.473,-75.71862628,45.27583369,2016-02-17,10:40,03 - Snow,06 - Ice,01 - Traffic signal,02 - Intersection related,01 - Daylight,03 - P.D. only,03 - Rear end,New Barrhaven
12965,STRANDHERD DR @ WOODROFFE AVE,366105.9295,5015395.373,-75.7186319,45.27584182,2016-04-08,22:06,01 - Clear,01 - Dry,01 - Traffic signal,02 - Intersection related,07 - Dark,03 - P.D. only,03 - Rear end,New Barrhaven
12966,STRANDHERD DR @ WOODROFFE AVE,366105.9543,5015394.949,-75.71863164,45.27583801,2016-02-27,12:10,01 - Clear,01 - Dry,01 - Traffic signal,02 - Intersection related,01 - Daylight,03 - P.D. only,04 - Sideswipe,New Barrhaven
12967,STRANDHERD DR @ WOODROFFE AVE,366106.9822,5015393.907,-75.71861867,45.27582854,2016-09-09,17:35,01 - Clear,01 - Dry,01 - Traffic signal,02 - Intersection related,01 - Daylight,03 - P.D. only,03 - Rear end,Chapman Mills - Rideau Crest - Davidson Heights
12968,STRANDHERD DR @ WOODROFFE AVE,366106.9049,5015395.52,-75.71861945,45.27584306,2016-04-07,17:55,01 - Clear,01 - Dry,01 - Traffic signal,02 - Intersection related,01 - Daylight,03 - P.D. only,99 - Other,Chapman Mills - Rideau Crest - Davidson Heights
12969,STRANDHERD DR @ WOODROFFE AVE,366106.3785,5015395.373,-75.71862618,45.27584179,2016-04-27,17:37,01 - Clear,01 - Dry,01 - Traffic signal,02 - Intersection related,01 - Daylight,03 - P.D. only,03 - Rear end,New Barrhaven
12970,STRANDHERD DR @ WOODROFFE AVE,366106.3813,5015395.604,-75.71862611,45.27584386,2016-07-20,11:58,01 - Clear,01 - Dry,01 - Traffic signal,02 - Intersection related,01 - Daylight,03 - P.D. only,03 - Rear end,Chapman Mills - Rideau Crest - Davidson Heights
12971,STRANDHERD DR @ WOODROFFE AVE,366105.0563,5015394.49,-75.71864314,45.27583396,2016-09-13,17:28,01 - Clear,01 - Dry,01 - Traffic signal,03 - At intersection,01 - Daylight,03 - P.D. only,02 - Angle,New Barrhaven
12972,STRANDHERD DR @ WOODROFFE AVE,366107.0725,5015395.838,-75.71861728,45.27584591,2016-08-24,19:20,01 - Clear,01 - Dry,01 - Traffic signal,02 - Intersection related,01 - Daylight,03 - P.D. only,03 - Rear end,Chapman Mills - Rideau Crest - Davidson Heights
12973,STRANDHERD DR @ WOODROFFE AVE,366105.3258,5015396.391,-75.71863947,45.27585104,2016-11-21,17:40,03 - Snow,03 - Loose snow,01 - Traffic signal,02 - Intersection related,07 - Dark,03 - P.D. only,03 - Rear end,Chapman Mills - Rideau Crest - Davidson Heights
12974,STRANDHERD DR @ WOODROFFE AVE,366106.9822,5015395.563,-75.71861846,45.27584344,2016-11-16,7:06,02 - Rain,02 - Wet,01 - Traffic signal,02 - Intersection related,03 - Dawn,03 - P.D. only,03 - Rear end,Chapman Mills - Rideau Crest - Davidson Heights
12975,STRANDHERD DR @ WOODROFFE AVE,366105.3063,5015396.266,-75.71863973,45.27584991,2016-11-05,16:34,01 - Clear,01 - Dry,01 - Traffic signal,02 - Intersection related,05 - Dusk,03 - P.D. only,03 - Rear end,Chapman Mills - Rideau Crest - Davidson Heights
12976,STRANDHERD DR btwn 215 W OF GREENBANK RD/BARRHAVEN MALL SC & GREENBANK,363809.7196,5014715.677,-75.7479762,45.26992237,2016-06-23,14:34,01 - Clear,01 - Dry,10 - No control,01 - Non intersection,01 - Daylight,03 - P.D. only,04 - Sideswipe,New Barrhaven
12977,STRANDHERD DR btwn ANDORA AVE & JOCKVALE RD,363474.2287,5014526.849,-75.75227366,45.26825136,2016-01-12,15:58,03 - Snow,03 - Loose snow,10 - No control,01 - Non intersection,01 - Daylight,03 - P.D. only,07 - SMV other,Barrhaven West - Old Barrhaven
12978,STRANDHERD DR btwn ANDORA AVE & JOCKVALE RD,363390.9351,5014470.564,-75.75334167,45.26775185,2016-06-24,10:30,01 - Clear,01 - Dry,10 - No control,01 - Non intersection,01 - Daylight,03 - P.D. only,05 - Turning movement,New Barrhaven
12979,STRANDHERD DR btwn ANDORA AVE & JOCKVALE RD,363385.947,5014467.409,-75.75340561,45.26772387,2016-09-17,20:30,02 - Rain,02 - Wet,10 - No control,01 - Non intersection,07 - Dark,03 - P.D. only,07 - SMV other,New Barrhaven
12980,STRANDHERD DR btwn CEDARVIEW RD & MADRID AVE,362370.429,5013562.257,-75.76645076,45.25966311,2016-12-16,15:15,01 - Clear,01 - Dry,10 - No control,01 - Non intersection,01 - Daylight,02 - Non-fatal injury,03 - Rear end,New Barrhaven
12981,STRANDHERD DR btwn CEDARVIEW RD & MADRID AVE,362715.9717,5013737.752,-75.76202785,45.26121386,2016-12-16,21:31,01 - Clear,01 - Dry,10 - No control,01 - Non intersection,07 - Dark,03 - P.D. only,07 - SMV other,New Barrhaven
12982,STRANDHERD DR btwn CEDARVIEW RD & MCKENNA CASEY DR,362193.2034,5013546.936,-75.76871052,45.25953973,2016-11-26,14:39,01 - Clear,01 - Dry,10 - No control,01 - Non intersection,01 - Daylight,02 - Non-fatal injury,03 - Rear end,New Barrhaven
12983,STRANDHERD DR btwn Continuation of STRANDHERD DR & MCKENNA CASEY DR,361892.0424,5013627.104,-75.77253831,45.26028559,2016-02-22,18:14,01 - Clear,01 - Dry,10 - No control,05 - At railway crossing,07 - Dark,02 - Non-fatal injury,03 - Rear end,Munster Hamlet - Richmond
12984,STRANDHERD DR btwn CRESTHAVEN DR & PRINCE OF WALES DR,366975.7504,5014895.382,-75.70760936,45.27126656,2016-08-05,16:15,01 - Clear,01 - Dry,10 - No control,01 - Non intersection,01 - Daylight,03 - P.D. only,04 - Sideswipe,Chapman Mills - Rideau Crest - Davidson Heights
12985,STRANDHERD DR btwn GREENBANK RD & Continuation of STRANDHERD DR,364023.8918,5014839.763,-75.74523221,45.27102089,2016-03-28,12:55,02 - Rain,02 - Wet,10 - No control,01 - Non intersection,01 - Daylight,03 - P.D. only,03 - Rear end,New Barrhaven
12986,STRANDHERD DR btwn GREENBANK RD & Continuation of STRANDHERD DR,363943.6218,5014791.457,-75.74626086,45.27059299,2016-11-20,11:30,03 - Snow,02 - Wet,10 - No control,04 - At/near private drive,01 - Daylight,03 - P.D. only,02 - Angle,New Barrhaven
12987,STRANDHERD DR btwn LONGFIELDS DR & CLARIDGE DR,364556.3354,5015181.08,-75.7384061,45.27404702,2016-04-16,22:15,01 - Clear,01 - Dry,10 - No control,01 - Non intersection,07 - Dark,03 - P.D. only,04 - Sideswipe,New Barrhaven
12988,STRANDHERD DR btwn LONGFIELDS DR & CLARIDGE DR,364590.9493,5015203.208,-75.73796232,45.27424319,2016-07-10,3:30,01 - Clear,01 - Dry,10 - No control,01 - Non intersection,07 - Dark,03 - P.D. only,01 - Approaching,New Barrhaven
12989,STRANDHERD DR btwn MADRID AVE & ANDORA AVE,363063.5806,5014117.369,-75.75755442,45.26460098,2016-11-01,3:00,01 - Clear,01 - Dry,10 - No control,01 - Non intersection,07 - Dark,03 - P.D. only,07 - SMV other,New Barrhaven
12990,STRANDHERD DR btwn MARAVISTA DR & KENNEVALE DR,361450.9713,5014190.28,-75.77809372,45.26538876,2016-03-18,17:20,01 - Clear,01 - Dry,10 - No control,01 - Non intersection,01 - Daylight,02 - Non-fatal injury,03 - Rear end,Munster Hamlet - Richmond
12991,STRANDHERD DR btwn MARAVISTA DR & KENNEVALE DR,361316.6836,5014517.652,-75.77976757,45.26834529,2016-05-11,17:38,01 - Clear,01 - Dry,10 - No control,01 - Non intersection,01 - Daylight,03 - P.D. only,03 - Rear end,Munster Hamlet - Richmond
12992,STRANDHERD DR btwn MCGARRY TER & LONGFIELDS DR,364443.304,5015116.533,-75.73985431,45.27347582,2016-02-17,21:17,03 - Snow,06 - Ice,10 - No control,01 - Non intersection,07 - Dark,03 - P.D. only,99 - Other,New Barrhaven
12993,STRANDHERD DR btwn WOODROFFE AVE & 210 W OF WOODROFFE AVE,366075.6381,5015380.44,-75.71901978,45.2757101,2016-05-31,20:15,01 - Clear,01 - Dry,10 - No control,01 - Non intersection,05 - Dusk,03 - P.D. only,04 - Sideswipe,New Barrhaven
12994,STRASBOURG ST btwn ROCHEFORT CIRC & BLACKBURN BYPS,384041.7471,5034859.456,-75.48694367,45.44917252,2016-09-03,11:35,01 - Clear,01 - Dry,10 - No control,04 - At/near private drive,01 - Daylight,03 - P.D. only,02 - Angle,Avalon
12995,STRASBOURG ST btwn ROCHEFORT CIRC & BLACKBURN BYPS,384026.135,5034898.985,-75.48713687,45.44952993,2016-11-22,12:11,03 - Snow,02 - Wet,10 - No control,01 - Non intersection,01 - Daylight,03 - P.D. only,99 - Other,Avalon
12996,STRATHCONA AVE btwn BANK ST & O'CONNOR ST,368224.5767,5030080.721,-75.68974888,45.40778953,2016-01-09,0:00,02 - Rain,02 - Wet,10 - No control,01 - Non intersection,00 - Unknown,03 - P.D. only,06 - SMV unattended vehicle,The Glebe
12997,SUMMER DAYS WALK btwn ECLIPSE CRES & PORTOBELLO BLVD,385913.0775,5035165.909,-75.46297325,45.45171502,2016-12-18,21:00,03 - Snow,03 - Loose snow,10 - No control,01 - Non intersection,07 - Dark,03 - P.D. only,06 - SMV unattended vehicle,Summerside
12998,SUMMERHILL ST btwn SOUTHBRIDGE ST & VISION ST/WILHELMINA PL,367646.918,5014276.618,-75.69913489,45.26563931,2016-02-01,0:35,02 - Rain,02 - Wet,10 - No control,01 - Non intersection,07 - Dark,03 - P.D. only,07 - SMV other,Greenbelt
12999,SUMMERVILLE AVE btwn HOLLINGTON ST & CHEVRIER ST,365602.4905,5026894.645,-75.7236356,45.37935463,2016-06-07,8:59,01 - Clear,01 - Dry,10 - No control,01 - Non intersection,01 - Daylight,03 - P.D. only,06 - SMV unattended vehicle,Carlington
13000,SUMMERWIND CRES btwn WINDHURST DR & WINDHURST DR,366071.5869,5015957.24,-75.71900021,45.28090047,2016-12-25,15:00,99 - Other,99 - Other,10 - No control,04 - At/near private drive,99 - Other,03 - P.D. only,06 - SMV unattended vehicle,Chapman Mills - Rideau Crest - Davidson Heights
13001,SUMMIT AVE btwn PALMER AVE & FAIRBANKS AVE,370889.641,5028348.055,-75.6559384,45.3919531,2016-10-22,15:09,02 - Rain,02 - Wet,10 - No control,01 - Non intersection,01 - Daylight,03 - P.D. only,06 - SMV unattended vehicle,Alta Vista
13002,SUMMITVIEW DR btwn STONEHAVEN DR & END,356564.9401,5015751.12,-75.84018961,45.27981007,2016-05-26,15:55,01 - Clear,01 - Dry,10 - No control,01 - Non intersection,01 - Daylight,03 - P.D. only,06 - SMV unattended vehicle,Bridlewood - Emerald Meadows
13003,SUMNER ST btwn MELANIE CRES & TURRET CRT,352853.1913,5017179.336,-75.88735945,45.29292503,2016-03-03,0:00,01 - Clear,01 - Dry,10 - No control,01 - Non intersection,00 - Unknown,03 - P.D. only,06 - SMV unattended vehicle,Glen Cairn - Kanata South Business Park
13004,SUNLAND DR btwn LAUZON ST & NORTHLANDS DR,384842.869,5037017.849,-75.47635211,45.46850043,2016-01-03,18:18,01 - Clear,05 - Packed snow,10 - No control,04 - At/near private drive,07 - Dark,03 - P.D. only,05 - Turning movement,Fallingbrook
13005,SUNNING HILLS CRES btwn STIVER RD & BALDWIN ST,337729.2544,5039939.823,-76.07865207,45.4986035,2016-10-29,6:24,02 - Rain,02 - Wet,10 - No control,01 - Non intersection,07 - Dark,03 - P.D. only,07 - SMV other,Constanc
13006,SUNNYCREST DR btwn WILLETH AVE & MARSON ST,365875.7251,5025736.383,-75.72029033,45.36890906,2016-04-25,10:35,01 - Clear,01 - Dry,10 - No control,04 - At/near private drive,01 - Daylight,03 - P.D. only,99 - Other,Cityview - Skyline - Fisher Heights
13007,SUNNYRIDGE CRES btwn BRIDLEGLEN CRES E & BRIDLEGLEN CRES W,356426.5116,5016197.542,-75.8419075,45.28383724,2016-08-03,14:25,01 - Clear,01 - Dry,10 - No control,01 - Non intersection,01 - Daylight,03 - P.D. only,06 - SMV unattended vehicle,Bridlewood - Emerald Meadows
13008,SUNNYSIDE AVE btwn BANK ST & WILLARD ST,368801.1861,5028619.668,-75.68257303,45.39459096,2016-06-08,16:57,01 - Clear,01 - Dry,10 - No control,04 - At/near private drive,01 - Daylight,02 - Non-fatal injury,05 - Turning movement,Old Ottawa South
13009,SUNSHINE CRES btwn SOLSTICE WAY N & SOLSTICE WAY S,386048.3656,5034840.649,-75.4612976,45.44877293,2016-11-29,18:05,02 - Rain,02 - Wet,10 - No control,01 - Non intersection,07 - Dark,03 - P.D. only,06 - SMV unattended vehicle,Summerside
13010,SUNVALE WAY @ BRANCHWOOD ST,366875.8329,5015542.827,-75.70880167,45.27710106,2016-07-21,19:28,01 - Clear,01 - Dry,10 - No control,02 - Intersection related,01 - Daylight,03 - P.D. only,02 - Angle,Chapman Mills - Rideau Crest - Davidson Heights
13011,SUNVALE WAY btwn FAIRPARK DR & VILLANDRY ST,366982.1267,5015363.055,-75.70746954,45.27547409,2016-05-10,12:31,01 - Clear,01 - Dry,10 - No control,04 - At/near private drive,01 - Daylight,03 - P.D. only,99 - Other,Chapman Mills - Rideau Crest - Davidson Heights
13012,SUSSEX DR @ 151 S OF KING EDWARD AVE,367602.9168,5033362.4,-75.69727145,45.43737306,2016-05-05,16:00,01 - Clear,01 - Dry,01 - Traffic signal,03 - At intersection,01 - Daylight,03 - P.D. only,03 - Rear end,Byward Market - Parliament Hill
13013,SUSSEX DR @ 262 N OF KING EDWARD AVE,367769.2091,5033734.678,-75.69509854,45.44070773,2016-08-04,16:52,01 - Clear,01 - Dry,01 - Traffic signal,02 - Intersection related,01 - Daylight,03 - P.D. only,03 - Rear end,Lindenle
13014,SUSSEX DR @ YORK ST,367804.3445,5032236.676,-75.69484116,45.42722607,2016-11-13,2:15,01 - Clear,01 - Dry,01 - Traffic signal,02 - Intersection related,07 - Dark,03 - P.D. only,07 - SMV other,Byward Market
13015,SUSSEX DR @ YORK ST,367805.6461,5032236.025,-75.69482462,45.42722009,2016-10-06,8:44,01 - Clear,01 - Dry,01 - Traffic signal,03 - At intersection,01 - Daylight,03 - P.D. only,04 - Sideswipe,Byward Market
13016,SUSSEX DR btwn BOTELER ST & LADY GREY DR,367453.1569,5032965.475,-75.69923597,45.4338151,2016-03-02,6:42,03 - Snow,03 - Loose snow,10 - No control,01 - Non intersection,01 - Daylight,03 - P.D. only,03 - Rear end,Byward Market - Parliament Hill
13017,SUSSEX DR btwn BRUYERE ST & ST. ANDREW ST,367575.2005,5032603.132,-75.69772249,45.43054392,2016-07-18,15:19,01 - Clear,01 - Dry,10 - No control,04 - At/near private drive,01 - Daylight,02 - Non-fatal injury,05 - Turning movement,Byward Market - Parliament Hill
13018,SUSSEX DR btwn BRUYERE ST & ST. ANDREW ST,367560.7426,5032627.787,-75.6979041,45.43076706,2016-09-19,8:31,01 - Clear,01 - Dry,10 - No control,01 - Non intersection,01 - Daylight,03 - P.D. only,04 - Sideswipe,Byward Market - Parliament Hill
13019,SUSSEX DR btwn GEORGE ST & RIDEAU ST,367877.7779,5032116.862,-75.69391817,45.42614141,2016-10-22,18:17,02 - Rain,02 - Wet,10 - No control,01 - Non intersection,07 - Dark,03 - P.D. only,04 - Sideswipe,Byward Market
13020,SUSSEX DR btwn GEORGE ST & RIDEAU ST,367873.1676,5032124.546,-75.69397609,45.42621096,2016-05-12,21:22,01 - Clear,01 - Dry,10 - No control,01 - Non intersection,07 - Dark,03 - P.D. only,04 - Sideswipe,Byward Market
13021,SUSSEX DR btwn GEORGE ST & RIDEAU ST,367873.4833,5032122.375,-75.69397234,45.4261914,2016-01-24,13:40,01 - Clear,01 - Dry,10 - No control,01 - Non intersection,01 - Daylight,03 - P.D. only,05 - Turning movement,Byward Market
13022,SUSSEX DR/PRINCESS AVE @ RIDEAU GATE,367957.1716,5034163.85,-75.69264107,45.44455231,2016-09-21,22:35,01 - Clear,01 - Dry,11 - Roundabout,03 - At intersection,07 - Dark,03 - P.D. only,04 - Sideswipe,New Edinburgh
13023,SWANS WAY btwn CURLEW PL & SWANS WAY S,373758.5184,5035294.679,-75.61833049,45.45417866,2016-02-23,15:15,01 - Clear,06 - Ice,10 - No control,01 - Non intersection,01 - Daylight,03 - P.D. only,06 - SMV unattended vehicle,Gloucester
13024,SWEET GRASS CIR btwn SWEET GRASS CIR & SWEET GRASS CIR,364972.5044,5012319.273,-75.73344912,45.24826097,2016-06-08,0:00,01 - Clear,01 - Dry,10 - No control,01 - Non intersection,00 - Unknown,03 - P.D. only,06 - SMV unattended vehicle,New Barrhaven
13025,SWEETBAY CIR btwn SWEETBAY CIR & SWEETBAY CIR,349683.2907,5016037.517,-75.9278744,45.2828602,2016-10-06,15:10,01 - Clear,01 - Dry,10 - No control,01 - Non intersection,01 - Daylight,03 - P.D. only,06 - SMV unattended vehicle,Stittsville
13026,SWEETFLAG ST btwn SPRINGBEAUTY AVE & TWAYBLADE AVE,365238.0829,5016894.003,-75.72950942,45.28940158,2016-02-10,0:00,00 - Unknown,00 - Unknown,10 - No control,01 - Non intersection,00 - Unknown,03 - P.D. only,06 - SMV unattended vehicle,Greenbelt
13027,SWEETLAND AVE btwn OSGOODE ST & SOMERSET ST E,369123.3948,5031893.846,-75.67803097,45.42402135,2016-09-01,21:30,01 - Clear,01 - Dry,10 - No control,01 - Non intersection,07 - Dark,03 - P.D. only,03 - Rear end,Sandy Hill
13028,SYCAMORE DR btwn ANWATIN ST & RIDGEFIELD CRES,358029.0816,5019651.295,-75.82110989,45.31479499,2016-04-30,0:00,01 - Clear,01 - Dry,10 - No control,01 - Non intersection,00 - Unknown,03 - P.D. only,06 - SMV unattended vehicle,Bells Corners East
13029,TALLWOOD DR @ AVENSHIRE GT/MERIDIAN PL,362815.1288,5022618.073,-75.75972532,45.34111081,2016-01-26,12:41,01 - Clear,02 - Wet,02 - Stop sign,03 - At intersection,01 - Daylight,03 - P.D. only,02 - Angle,Centrepointe
13030,TANDALEE CRES btwn Continuation of TANDALEE CRES & Continuation of TAN,355974.7052,5016030.649,-75.84768359,45.28236854,2016-01-12,9:45,03 - Snow,03 - Loose snow,10 - No control,04 - At/near private drive,01 - Daylight,03 - P.D. only,06 - SMV unattended vehicle,Bridlewood - Emerald Meadows
13031,TANDALEE CRES btwn Continuation of TANDALEE CRES & STONEHAVEN DR,356082.4527,5016085.582,-75.84630456,45.28285498,2016-09-03,13:35,01 - Clear,01 - Dry,10 - No control,04 - At/near private drive,01 - Daylight,03 - P.D. only,06 - SMV unattended vehicle,Bridlewood - Emerald Meadows
13032,TAPIOLA CRES btwn GREENBORO CRES & GENTLE GATE CRES,371781.9407,5025061.961,-75.64498943,45.36230128,2016-01-12,12:25,03 - Snow,06 - Ice,10 - No control,01 - Non intersection,01 - Daylight,03 - P.D. only,01 - Approaching,South Keys - Heron Gate - Greenboro West
13033,TARQUIN CRES btwn TYBALT CRES & TYBALT CRES,357180.7905,5020060.979,-75.83188503,45.31854517,2016-11-24,18:31,03 - Snow,03 - Loose snow,10 - No control,01 - Non intersection,07 - Dark,03 - P.D. only,06 - SMV unattended vehicle,Bells Corners West
13034,TARRYN TER btwn ROCHELLE DR & PERTH ST,356387.5932,5005975.719,-75.84346367,45.1918615,2016-12-15,13:27,06 - Strong wind,05 - Packed snow,10 - No control,04 - At/near private drive,01 - Daylight,02 - Non-fatal injury,07 - SMV other,Richmond
13035,TARTAN DR btwn CEDARVIEW RD & HOULAHAN ST,362293.2196,5013637.45,-75.76742577,45.26034602,2016-04-29,17:25,01 - Clear,01 - Dry,10 - No control,04 - At/near private drive,01 - Daylight,03 - P.D. only,02 - Angle,New Barrhaven
13036,TARTAN DR btwn HOULAHAN ST & HARTHILL WAY,362476.3804,5013836.426,-75.76506904,45.26212142,2016-07-01,23:11,02 - Rain,02 - Wet,10 - No control,01 - Non intersection,07 - Dark,03 - P.D. only,03 - Rear end,New Barrhaven
13037,TARTAN DR btwn SOHO CRES & BENTBROOK CRES,363242.5572,5014579.2,-75.7552196,45.2687417,2016-12-26,18:50,04 - Freezing Rain,06 - Ice,10 - No control,04 - At/near private drive,07 - Dark,03 - P.D. only,06 - SMV unattended vehicle,Barrhaven West - Old Barrhaven
13038,TAWNEY RD @ WALKLEY RD,374126.3135,5028179.182,-75.61462992,45.39012072,2016-02-26,22:44,01 - Clear,01 - Dry,02 - Stop sign,03 - At intersection,07 - Dark,03 - P.D. only,04 - Sideswipe,Hawthorne Meadows
13039,TAWNEY RD @ WALKLEY RD,374125.4354,5028179.622,-75.61464107,45.39012477,2016-06-18,6:55,01 - Clear,01 - Dry,02 - Stop sign,03 - At intersection,01 - Daylight,03 - P.D. only,07 - SMV other,Hawthorne Meadows