Record,Location,X,Y,lon,lat,Date,Time,Environment,Road_Surface,Traffic_Control,Collision_Location,Light,Collision_Classification,Impact_type,Neighborhood
13040,TEAKDALE AVE btwn CUMORAH DR & TO BE DETERMINED,380922.5599,5035380.336,-75.52673402,45.45420567,2016-05-20,23:27,01 - Clear,01 - Dry,10 - No control,01 - Non intersection,07 - Dark,03 - P.D. only,06 - SMV unattended vehicle,Orleans Village - Chateauneuf
13041,TEAKDALE AVE btwn CUMORAH DR & TO BE DETERMINED,380928.8495,5035366.487,-75.52665576,45.45408038,2016-05-21,4:55,01 - Clear,01 - Dry,10 - No control,01 - Non intersection,07 - Dark,03 - P.D. only,06 - SMV unattended vehicle,Orleans Village - Chateauneuf
13042,TELFORD AVE btwn SIROIS AVE & STRABY AVE,371664.5985,5032720.937,-75.64544898,45.43122486,2016-02-11,12:46,01 - Clear,06 - Ice,10 - No control,01 - Non intersection,01 - Daylight,03 - P.D. only,01 - Approaching,Castle Heights
13043,TEMISKAMING CRES btwn FOXRIDGE WAY & TEMAGAMI DR (1),365275.7492,5014676.793,-75.72929943,45.26944795,2016-12-25,0:00,01 - Clear,01 - Dry,10 - No control,01 - Non intersection,00 - Unknown,03 - P.D. only,06 - SMV unattended vehicle,New Barrhaven
13044,TEMPEST DR btwn RIVERFRONT CRT & END,350431.5903,5016088.331,-75.91833167,45.28326926,2016-07-29,0:00,01 - Clear,01 - Dry,10 - No control,01 - Non intersection,00 - Unknown,03 - P.D. only,06 - SMV unattended vehicle,Stittsville
13045,TEMPLETON ST btwn BLACKBURN AVE & GOULBURN AVE,369516.8771,5031783.275,-75.67301783,45.42299019,2016-04-30,12:22,01 - Clear,01 - Dry,10 - No control,01 - Non intersection,01 - Daylight,03 - P.D. only,06 - SMV unattended vehicle,Sandy Hill
13046,TENTH LINE RD @ CHARLEMAGNE BLVD N/TOMPKINS AV,383182.7508,5037978.473,-75.49742638,45.47733153,2016-10-27,13:21,01 - Clear,01 - Dry,01 - Traffic signal,03 - At intersection,01 - Daylight,02 - Non-fatal injury,05 - Turning movement,Queenswood Heights
13047,TENTH LINE RD @ CHARLEMAGNE BLVD N/TOMPKINS AV,383184.1554,5037977.656,-75.49740855,45.47732402,2016-05-31,14:17,01 - Clear,01 - Dry,01 - Traffic signal,03 - At intersection,01 - Daylight,02 - Non-fatal injury,05 - Turning movement,Queenswood Heights
13048,TENTH LINE RD @ CHARLEMAGNE BLVD N/TOMPKINS AV,383184.7581,5037977.468,-75.49740087,45.47732226,2016-10-14,15:43,01 - Clear,01 - Dry,01 - Traffic signal,02 - Intersection related,01 - Daylight,02 - Non-fatal injury,03 - Rear end,Queenswood Heights
13049,TENTH LINE RD @ CHARLEMAGNE BLVD N/TOMPKINS AV,383187.9951,5037977.882,-75.49735941,45.47732562,2016-12-13,10:45,03 - Snow,03 - Loose snow,01 - Traffic signal,02 - Intersection related,01 - Daylight,02 - Non-fatal injury,03 - Rear end,Queenswood Heights
13050,TENTH LINE RD @ CHARLEMAGNE BLVD N/TOMPKINS AV,383181.7168,5037978.188,-75.49743965,45.47732908,2016-08-03,14:02,01 - Clear,01 - Dry,01 - Traffic signal,02 - Intersection related,01 - Daylight,03 - P.D. only,03 - Rear end,Queenswood Heights
13051,TENTH LINE RD @ CHARLEMAGNE BLVD N/TOMPKINS AV,383183.6697,5037977.133,-75.49741485,45.47731937,2016-10-01,10:35,01 - Clear,01 - Dry,01 - Traffic signal,02 - Intersection related,01 - Daylight,03 - P.D. only,04 - Sideswipe,Queenswood Heights
13052,TENTH LINE RD @ CHARLEMAGNE BLVD N/TOMPKINS AV,383182.859,5037979.221,-75.49742488,45.47733825,2016-08-31,14:48,01 - Clear,01 - Dry,01 - Traffic signal,03 - At intersection,01 - Daylight,03 - P.D. only,03 - Rear end,Queenswood Heights
13053,TENTH LINE RD @ CHARLEMAGNE BLVD N/TOMPKINS AV,383183.2713,5037977.662,-75.49741986,45.47732417,2016-01-28,8:58,01 - Clear,01 - Dry,01 - Traffic signal,02 - Intersection related,01 - Daylight,03 - P.D. only,03 - Rear end,Queenswood Heights
13054,TENTH LINE RD @ CHARLEMAGNE BLVD N/TOMPKINS AV,383183.0137,5037977.401,-75.49742319,45.47732186,2016-04-02,11:43,01 - Clear,01 - Dry,01 - Traffic signal,02 - Intersection related,01 - Daylight,03 - P.D. only,04 - Sideswipe,Queenswood Heights
13055,TENTH LINE RD @ CHARLEMAGNE BLVD N/TOMPKINS AV,383183.3199,5037979.695,-75.49741891,45.47734246,2016-04-03,16:10,01 - Clear,01 - Dry,01 - Traffic signal,02 - Intersection related,01 - Daylight,03 - P.D. only,07 - SMV other,Queenswood Heights
13056,TENTH LINE RD @ CHARLEMAGNE BLVD N/TOMPKINS AV,383184.1917,5037977.793,-75.49740806,45.47732525,2016-01-14,8:32,03 - Snow,03 - Loose snow,01 - Traffic signal,02 - Intersection related,01 - Daylight,03 - P.D. only,03 - Rear end,Queenswood Heights
13057,TENTH LINE RD @ CHARLEMAGNE BLVD N/TOMPKINS AV,383184.1539,5037978.554,-75.49740843,45.4773321,2016-02-12,17:52,03 - Snow,03 - Loose snow,01 - Traffic signal,02 - Intersection related,05 - Dusk,03 - P.D. only,03 - Rear end,Queenswood Heights
13058,TENTH LINE RD @ CHARLEMAGNE BLVD N/TOMPKINS AV,383183.9299,5037977.652,-75.49741144,45.47732401,2016-07-18,8:01,01 - Clear,01 - Dry,01 - Traffic signal,02 - Intersection related,01 - Daylight,03 - P.D. only,03 - Rear end,Queenswood Heights
13059,TENTH LINE RD @ CHARLEMAGNE BLVD N/TOMPKINS AV,383184.2262,5037976.976,-75.49740775,45.4773179,2016-04-30,14:50,01 - Clear,01 - Dry,01 - Traffic signal,03 - At intersection,01 - Daylight,03 - P.D. only,03 - Rear end,Queenswood Heights
13060,TENTH LINE RD @ CHARLEMAGNE BLVD N/TOMPKINS AV,383184.1917,5037977.99,-75.49740803,45.47732702,2016-05-11,7:45,01 - Clear,01 - Dry,01 - Traffic signal,02 - Intersection related,01 - Daylight,03 - P.D. only,03 - Rear end,Queenswood Heights
13061,TENTH LINE RD @ CHARLEMAGNE BLVD N/TOMPKINS AV,383183.6697,5037978.694,-75.4974146,45.47733341,2016-10-21,18:28,02 - Rain,02 - Wet,01 - Traffic signal,03 - At intersection,07 - Dark,03 - P.D. only,05 - Turning movement,Queenswood Heights
13062,TENTH LINE RD @ CHARLEMAGNE BLVD N/TOMPKINS AV,383184.7157,5037978.702,-75.49740122,45.47733337,2016-10-13,13:50,01 - Clear,01 - Dry,01 - Traffic signal,02 - Intersection related,01 - Daylight,03 - P.D. only,03 - Rear end,Queenswood Heights
13063,TENTH LINE RD @ CHARLEMAGNE BLVD N/TOMPKINS AV,383185.5862,5037975.812,-75.49739055,45.47730727,2016-09-29,7:57,01 - Clear,01 - Dry,01 - Traffic signal,02 - Intersection related,01 - Daylight,03 - P.D. only,03 - Rear end,Queenswood Heights
13064,TENTH LINE RD @ CHARLEMAGNE BLVD N/TOMPKINS AV,383183.6944,5037977.986,-75.49741439,45.47732704,2016-11-22,7:10,03 - Snow,03 - Loose snow,01 - Traffic signal,02 - Intersection related,03 - Dawn,03 - P.D. only,04 - Sideswipe,Queenswood Heights
13065,TENTH LINE RD @ CHARLEMAGNE BLVD S/DES EPINETT,383640.9751,5036900.456,-75.49173924,45.46758093,2016-06-26,11:09,01 - Clear,01 - Dry,01 - Traffic signal,02 - Intersection related,01 - Daylight,02 - Non-fatal injury,03 - Rear end,Orléans
13066,TENTH LINE RD @ CHARLEMAGNE BLVD S/DES EPINETT,383640.9751,5036900.456,-75.49173924,45.46758093,2016-01-05,14:06,01 - Clear,01 - Dry,01 - Traffic signal,03 - At intersection,01 - Daylight,02 - Non-fatal injury,02 - Angle,Orléans
13067,TENTH LINE RD @ CHARLEMAGNE BLVD S/DES EPINETT,383640.9751,5036900.456,-75.49173924,45.46758093,2016-03-27,1:38,01 - Clear,01 - Dry,01 - Traffic signal,03 - At intersection,07 - Dark,02 - Non-fatal injury,07 - SMV other,Orléans
13068,TENTH LINE RD @ CHARLEMAGNE BLVD S/DES EPINETT,383640.9751,5036900.456,-75.49173924,45.46758093,2016-10-03,6:40,01 - Clear,02 - Wet,01 - Traffic signal,02 - Intersection related,03 - Dawn,02 - Non-fatal injury,03 - Rear end,Orléans
13069,TENTH LINE RD @ CHARLEMAGNE BLVD S/DES EPINETT,383640.9751,5036900.456,-75.49173924,45.46758093,2016-12-07,15:15,01 - Clear,01 - Dry,01 - Traffic signal,02 - Intersection related,01 - Daylight,02 - Non-fatal injury,03 - Rear end,Orléans
13070,TENTH LINE RD @ CHARLEMAGNE BLVD S/DES EPINETT,383640.9751,5036900.456,-75.49173924,45.46758093,2016-10-21,14:50,02 - Rain,02 - Wet,01 - Traffic signal,02 - Intersection related,01 - Daylight,03 - P.D. only,03 - Rear end,Orléans
13071,TENTH LINE RD @ CHARLEMAGNE BLVD S/DES EPINETT,383640.9751,5036900.456,-75.49173924,45.46758093,2016-08-08,17:01,01 - Clear,01 - Dry,01 - Traffic signal,02 - Intersection related,01 - Daylight,03 - P.D. only,03 - Rear end,Orléans
13072,TENTH LINE RD @ CHARLEMAGNE BLVD S/DES EPINETT,383640.9751,5036900.456,-75.49173924,45.46758093,2016-05-27,15:00,01 - Clear,01 - Dry,01 - Traffic signal,02 - Intersection related,01 - Daylight,03 - P.D. only,03 - Rear end,Orléans
13073,TENTH LINE RD @ CHARLEMAGNE BLVD S/DES EPINETT,383640.9751,5036900.456,-75.49173924,45.46758093,2016-06-20,16:00,01 - Clear,01 - Dry,01 - Traffic signal,02 - Intersection related,01 - Daylight,03 - P.D. only,03 - Rear end,Orléans
13074,TENTH LINE RD @ CHARLEMAGNE BLVD S/DES EPINETT,383640.9751,5036900.456,-75.49173924,45.46758093,2016-01-18,19:31,01 - Clear,01 - Dry,01 - Traffic signal,03 - At intersection,07 - Dark,03 - P.D. only,05 - Turning movement,Orléans
13075,TENTH LINE RD @ CHARLEMAGNE BLVD S/DES EPINETT,383640.9751,5036900.456,-75.49173924,45.46758093,2016-02-17,21:28,03 - Snow,06 - Ice,01 - Traffic signal,03 - At intersection,07 - Dark,03 - P.D. only,02 - Angle,Orléans
13076,TENTH LINE RD @ CHARLEMAGNE BLVD S/DES EPINETT,383640.9751,5036900.456,-75.49173924,45.46758093,2016-05-10,18:34,01 - Clear,01 - Dry,01 - Traffic signal,02 - Intersection related,01 - Daylight,03 - P.D. only,03 - Rear end,Orléans
13077,TENTH LINE RD @ CHARLEMAGNE BLVD S/DES EPINETT,383640.9751,5036900.456,-75.49173924,45.46758093,2016-12-18,22:46,01 - Clear,06 - Ice,01 - Traffic signal,03 - At intersection,07 - Dark,03 - P.D. only,05 - Turning movement,Orléans
13078,TENTH LINE RD @ CHARLEMAGNE BLVD S/DES EPINETT,383640.9751,5036900.456,-75.49173924,45.46758093,2016-12-19,16:59,03 - Snow,02 - Wet,01 - Traffic signal,02 - Intersection related,07 - Dark,03 - P.D. only,03 - Rear end,Orléans
13079,TENTH LINE RD @ LAKEPOINTE DR,384261.7313,5035420.346,-75.48404115,45.45419392,2016-02-16,17:51,03 - Snow,05 - Packed snow,01 - Traffic signal,02 - Intersection related,07 - Dark,03 - P.D. only,03 - Rear end,Avalon
13080,TENTH LINE RD @ LAKEPOINTE DR,384261.8618,5035420.423,-75.48403947,45.4541946,2016-03-23,15:03,01 - Clear,01 - Dry,01 - Traffic signal,03 - At intersection,01 - Daylight,03 - P.D. only,02 - Angle,Avalon
13081,TENTH LINE RD @ LAKEPOINTE DR,384262.126,5035421.658,-75.48403589,45.45420568,2016-12-16,7:51,01 - Clear,06 - Ice,01 - Traffic signal,02 - Intersection related,03 - Dawn,03 - P.D. only,03 - Rear end,Avalon
13082,TENTH LINE RD @ OR174 IC101 RAMP26,382763.4492,5038939.309,-75.50263621,45.48602321,2016-11-29,6:30,04 - Freezing Rain,06 - Ice,10 - No control,02 - Intersection related,07 - Dark,03 - P.D. only,03 - Rear end,Chatelaine Village
13083,TENTH LINE RD @ OR174 IC101 RAMP36,382632.9599,5039210.798,-75.50426223,45.48848038,2016-11-17,7:18,01 - Clear,01 - Dry,01 - Traffic signal,02 - Intersection related,01 - Daylight,03 - P.D. only,03 - Rear end,Chatelaine Village
13084,TENTH LINE RD @ OR174 IC101 RAMP61,382702.1656,5039062.704,-75.5034005,45.48714025,2016-11-20,8:15,02 - Rain,02 - Wet,02 - Stop sign,02 - Intersection related,01 - Daylight,02 - Non-fatal injury,03 - Rear end,Chatelaine Village
13085,TENTH LINE RD @ OR174 IC101 RAMP61,382703.4963,5039059.835,-75.50338393,45.48711429,2016-10-06,14:36,01 - Clear,01 - Dry,02 - Stop sign,02 - Intersection related,01 - Daylight,03 - P.D. only,03 - Rear end,Chatelaine Village
13086,TENTH LINE RD @ OR174 IC101 RAMP61,382702.2126,5039062.519,-75.50339992,45.48713858,2016-12-11,15:18,01 - Clear,01 - Dry,02 - Stop sign,03 - At intersection,01 - Daylight,03 - P.D. only,02 - Angle,Chatelaine Village
13087,TENTH LINE RD @ TENTH LINE RD,383529.0436,5037154.555,-75.49312975,45.46987971,2016-08-30,12:00,01 - Clear,01 - Dry,01 - Traffic signal,02 - Intersection related,01 - Daylight,02 - Non-fatal injury,03 - Rear end,Orléans
13088,TENTH LINE RD @ TENTH LINE RD,383529.7653,5037155.506,-75.49312037,45.46988818,2016-03-02,17:30,01 - Clear,01 - Dry,01 - Traffic signal,03 - At intersection,05 - Dusk,02 - Non-fatal injury,05 - Turning movement,Orléans
13089,TENTH LINE RD @ TENTH LINE RD,383530.7208,5037156.66,-75.49310797,45.46989846,2016-09-02,10:50,01 - Clear,01 - Dry,01 - Traffic signal,02 - Intersection related,01 - Daylight,03 - P.D. only,03 - Rear end,Orléans
13090,TENTH LINE RD @ TENTH LINE RD,383531.5281,5037155.383,-75.49309785,45.46988688,2016-11-20,11:40,03 - Snow,04 - Slush,01 - Traffic signal,02 - Intersection related,01 - Daylight,03 - P.D. only,03 - Rear end,Orléans
13091,TENTH LINE RD @ TENTH LINE RD,383530.9278,5037154.279,-75.4931057,45.46987701,2016-12-01,19:30,01 - Clear,02 - Wet,01 - Traffic signal,03 - At intersection,07 - Dark,03 - P.D. only,03 - Rear end,Orléans
13092,TENTH LINE RD @ TENTH LINE RD,383531.5281,5037154.555,-75.49309798,45.46987943,2016-11-25,9:22,03 - Snow,02 - Wet,01 - Traffic signal,02 - Intersection related,01 - Daylight,03 - P.D. only,03 - Rear end,Orléans
13093,TENTH LINE RD @ VANGUARD DR,384074.1625,5035876.607,-75.48636538,45.45832025,2016-04-21,12:48,01 - Clear,01 - Dry,01 - Traffic signal,03 - At intersection,01 - Daylight,02 - Non-fatal injury,07 - SMV other,Avalon
13094,TENTH LINE RD @ VANGUARD DR,384073.2224,5035874.334,-75.48637777,45.4582999,2016-08-23,14:00,01 - Clear,01 - Dry,01 - Traffic signal,03 - At intersection,01 - Daylight,02 - Non-fatal injury,02 - Angle,Avalon
13095,TENTH LINE RD @ VANGUARD DR,384071.5913,5035875.345,-75.48639846,45.45830918,2016-08-23,13:35,01 - Clear,01 - Dry,01 - Traffic signal,02 - Intersection related,01 - Daylight,02 - Non-fatal injury,02 - Angle,Avalon
13096,TENTH LINE RD @ VANGUARD DR,384072.1046,5035874.344,-75.48639206,45.45830012,2016-03-04,15:34,01 - Clear,01 - Dry,01 - Traffic signal,03 - At intersection,01 - Daylight,03 - P.D. only,05 - Turning movement,Avalon
13097,TENTH LINE RD @ VANGUARD DR,384073.6817,5035874.334,-75.4863719,45.45829985,2016-06-01,17:44,01 - Clear,01 - Dry,01 - Traffic signal,03 - At intersection,01 - Daylight,03 - P.D. only,05 - Turning movement,Avalon
13098,TENTH LINE RD @ VANGUARD DR,384072.5437,5035875.661,-75.48638623,45.45831192,2016-10-20,17:10,02 - Rain,02 - Wet,01 - Traffic signal,03 - At intersection,01 - Daylight,03 - P.D. only,05 - Turning movement,Avalon
13099,TENTH LINE RD @ WALL RD,385152.7816,5033308.256,-75.47299534,45.4350894,2016-11-22,7:40,01 - Clear,04 - Slush,02 - Stop sign,03 - At intersection,01 - Daylight,03 - P.D. only,02 - Angle,Cumberland
13100,TENTH LINE RD btwn 275 N OF DES EPINETTES AVE/FALLINGBROOK SC & DES EP,383629.647,5036923.893,-75.49188033,45.46779308,2016-03-17,6:57,01 - Clear,02 - Wet,10 - No control,01 - Non intersection,01 - Daylight,03 - P.D. only,04 - Sideswipe,Orléans
13101,TENTH LINE RD btwn 275 N OF DES EPINETTES AVE/FALLINGBROOK SC & DES EP,383619.5216,5036948.19,-75.4920059,45.46801282,2016-10-25,17:11,02 - Rain,02 - Wet,10 - No control,01 - Non intersection,05 - Dusk,03 - P.D. only,04 - Sideswipe,Orléans
13102,TENTH LINE RD btwn 275 N OF DES EPINETTES AVE/FALLINGBROOK SC & DES EP,383634.4801,5036917.701,-75.49181952,45.46773682,2016-03-24,11:10,03 - Snow,04 - Slush,10 - No control,01 - Non intersection,01 - Daylight,03 - P.D. only,04 - Sideswipe,Orléans
13103,TENTH LINE RD btwn AMIENS ST & 275 N OF DES EPINETTES AVE/FALLINGBROOK,383430.8633,5037383.985,-75.49434848,45.47195497,2016-02-17,20:46,03 - Snow,06 - Ice,10 - No control,01 - Non intersection,07 - Dark,03 - P.D. only,03 - Rear end,Orléans
13104,TENTH LINE RD btwn AMIENS ST & 275 N OF DES EPINETTES AVE/FALLINGBROOK,383357.8906,5037555.43,-75.49525421,45.47350569,2016-05-04,15:11,01 - Clear,01 - Dry,10 - No control,01 - Non intersection,01 - Daylight,03 - P.D. only,03 - Rear end,Orléans
13105,TENTH LINE RD btwn BLACKBURN BYPS & SOUTHFIELD WAY,384544.5512,5034746.129,-75.48053503,45.44809572,2016-02-25,17:57,03 - Snow,06 - Ice,10 - No control,01 - Non intersection,07 - Dark,03 - P.D. only,07 - SMV other,Avalon
13106,TENTH LINE RD btwn CANOTIA PL & AMIENS ST,383339.9946,5037596.326,-75.49547652,45.47387565,2016-08-16,12:20,01 - Clear,01 - Dry,10 - No control,01 - Non intersection,01 - Daylight,03 - P.D. only,04 - Sideswipe,Orléans
13107,TENTH LINE RD btwn DES EPINETTES AVE & INNES RD,383645.5682,5036889.73,-75.49168223,45.46748391,2016-09-20,10:20,01 - Clear,01 - Dry,10 - No control,04 - At/near private drive,01 - Daylight,02 - Non-fatal injury,02 - Angle,Orléans
13108,TENTH LINE RD btwn DES EPINETTES AVE & INNES RD,383832.9897,5036439.253,-75.4893582,45.46340975,2016-08-29,16:10,01 - Clear,01 - Dry,10 - No control,01 - Non intersection,01 - Daylight,03 - P.D. only,04 - Sideswipe,Queenswood Heights
13109,TENTH LINE RD btwn DES EPINETTES AVE & INNES RD,383683.6811,5036795.825,-75.49120997,45.46663474,2016-03-04,18:13,01 - Clear,01 - Dry,10 - No control,01 - Non intersection,05 - Dusk,03 - P.D. only,03 - Rear end,Orléans
13110,TENTH LINE RD btwn HARVEST VALLEY AVE & SOUTHFIELD WAY,384629.8226,5034544.105,-75.47947786,45.44626835,2016-12-15,2:51,01 - Clear,02 - Wet,10 - No control,01 - Non intersection,07 - Dark,01 - Fatal injury,01 - Approaching,Avalon
13111,TENTH LINE RD btwn LAKEPOINTE DR & BLACKBURN BYPS,384405.1463,5035078.923,-75.48226306,45.45110579,2016-07-02,5:10,01 - Clear,01 - Dry,10 - No control,01 - Non intersection,03 - Dawn,03 - P.D. only,07 - SMV other,Avalon
13112,TENTH LINE RD btwn OLD TENTH LINE RD & TOMPKINS AVE,383177.9088,5037999.391,-75.49748497,45.47752027,2016-02-18,8:51,03 - Snow,06 - Ice,10 - No control,01 - Non intersection,01 - Daylight,02 - Non-fatal injury,03 - Rear end,Queenswood Heights
13113,TENTH LINE RD btwn OLD TENTH LINE RD & TOMPKINS AVE,383177.5633,5037998.738,-75.49748949,45.47751444,2016-01-13,17:07,01 - Clear,01 - Dry,10 - No control,01 - Non intersection,05 - Dusk,03 - P.D. only,04 - Sideswipe,Queenswood Heights
13114,TENTH LINE RD btwn OLD TENTH LINE RD & TOMPKINS AVE,383050.2703,5038340.592,-75.49906296,45.48060441,2016-01-07,16:25,01 - Clear,02 - Wet,10 - No control,01 - Non intersection,01 - Daylight,03 - P.D. only,07 - SMV other,Queenswood Heights
13115,TENTH LINE RD btwn OLD TENTH LINE RD & TOMPKINS AVE,383103.6922,5038212.93,-75.49840007,45.47944983,2016-05-13,16:30,01 - Clear,01 - Dry,10 - No control,01 - Non intersection,01 - Daylight,03 - P.D. only,04 - Sideswipe,Queenswood Heights
13116,TENTH LINE RD btwn OR174 IC101 RAMP61 & OR174 IC101 RAMP26,382751.0269,5038962.497,-75.50279142,45.48623322,2016-11-29,6:30,04 - Freezing Rain,06 - Ice,10 - No control,07 - Overpass or bridge,07 - Dark,03 - P.D. only,03 - Rear end,Chatelaine Village
13117,TENTH LINE RD btwn ST. JOSEPH BLVD & OLD TENTH LINE RD,382934.6961,5038580.739,-75.50050289,45.48277798,2016-10-18,16:32,01 - Clear,01 - Dry,10 - No control,01 - Non intersection,01 - Daylight,02 - Non-fatal injury,03 - Rear end,Queenswood Heights
13118,TENTH LINE RD btwn ST. JOSEPH BLVD & OLD TENTH LINE RD,382954.1404,5038532.396,-75.50026189,45.48234085,2016-03-08,9:06,01 - Clear,02 - Wet,10 - No control,01 - Non intersection,01 - Daylight,03 - P.D. only,03 - Rear end,Queenswood Heights
13119,TENTH LINE RD btwn ST. JOSEPH BLVD & OLD TENTH LINE RD,382987.6746,5038468.336,-75.49984319,45.48176074,2016-06-27,19:00,01 - Clear,01 - Dry,10 - No control,01 - Non intersection,01 - Daylight,03 - P.D. only,04 - Sideswipe,Queenswood Heights
13120,TENTH LINE RD btwn ST. JOSEPH BLVD & OLD TENTH LINE RD,382979.816,5038487.762,-75.49994061,45.4819364,2016-03-10,12:46,01 - Clear,01 - Dry,10 - No control,01 - Non intersection,01 - Daylight,03 - P.D. only,03 - Rear end,Queenswood Heights
13121,TENTH LINE RD btwn ST. JOSEPH BLVD & OLD TENTH LINE RD,382955.7476,5038533.419,-75.50024117,45.48234988,2016-05-04,6:40,01 - Clear,01 - Dry,10 - No control,01 - Non intersection,01 - Daylight,03 - P.D. only,03 - Rear end,Queenswood Heights
13122,TENTH LINE RD btwn ST. JOSEPH BLVD & OLD TENTH LINE RD,383031.7806,5038375.3,-75.4992939,45.48091875,2016-07-21,10:57,01 - Clear,01 - Dry,10 - No control,01 - Non intersection,01 - Daylight,03 - P.D. only,03 - Rear end,Queenswood Heights
13123,TENTH LINE RD btwn ST. JOSEPH BLVD & OLD TENTH LINE RD,382932.6851,5038581.122,-75.50052855,45.48278165,2016-03-21,18:44,01 - Clear,01 - Dry,10 - No control,01 - Non intersection,05 - Dusk,03 - P.D. only,03 - Rear end,Queenswood Heights
13124,TENTH LINE RD btwn ST. JOSEPH BLVD & OLD TENTH LINE RD,383038.1999,5038365.878,-75.4992133,45.48083326,2016-07-18,8:20,01 - Clear,01 - Dry,10 - No control,01 - Non intersection,01 - Daylight,03 - P.D. only,03 - Rear end,Queenswood Heights
13125,TENTH LINE RD btwn ST. JOSEPH BLVD & OLD TENTH LINE RD,382893.7219,5038660.841,-75.50101421,45.48350325,2016-04-07,18:51,03 - Snow,05 - Packed snow,10 - No control,01 - Non intersection,01 - Daylight,03 - P.D. only,99 - Other,Queenswood Heights
13126,TENTH LINE RD btwn ST. JOSEPH BLVD & OLD TENTH LINE RD,382904.1071,5038641.425,-75.50088447,45.4833274,2016-05-22,14:20,01 - Clear,01 - Dry,10 - No control,01 - Non intersection,01 - Daylight,03 - P.D. only,03 - Rear end,Queenswood Heights
13127,TENTH LINE RD btwn ST. JOSEPH BLVD & OLD TENTH LINE RD,382933.868,5038579.082,-75.50051374,45.48276316,2016-09-25,9:28,01 - Clear,01 - Dry,10 - No control,01 - Non intersection,01 - Daylight,03 - P.D. only,03 - Rear end,Queenswood Heights
13128,TENTH LINE RD btwn ST. JOSEPH BLVD & OLD TENTH LINE RD,382922.0657,5038602.271,-75.50066101,45.48297312,2016-12-03,17:23,01 - Clear,01 - Dry,10 - No control,01 - Non intersection,07 - Dark,03 - P.D. only,03 - Rear end,Queenswood Heights
13129,TENTH LINE RD btwn ST. JOSEPH BLVD & OR174 IC101 RAMP26,382785.1313,5038887.737,-75.50236707,45.48555679,2016-05-30,15:13,01 - Clear,01 - Dry,10 - No control,01 - Non intersection,01 - Daylight,03 - P.D. only,03 - Rear end,Industrial Park
13130,TENTH LINE RD btwn ST. JOSEPH BLVD & OR174 IC101 RAMP26,382768.9525,5038923.858,-75.50256827,45.48588358,2016-11-14,6:15,01 - Clear,01 - Dry,10 - No control,01 - Non intersection,03 - Dawn,03 - P.D. only,04 - Sideswipe,Chatelaine Village
13131,TENTH LINE RD btwn ST. JOSEPH BLVD & OR174 IC101 RAMP26,382770.0745,5038921.089,-75.50255436,45.48585854,2016-11-17,6:11,01 - Clear,01 - Dry,10 - No control,07 - Overpass or bridge,07 - Dark,03 - P.D. only,03 - Rear end,Chatelaine Village
13132,TENTH LINE RD btwn ST. JOSEPH BLVD & OR174 IC101 RAMP26,382770.7088,5038921.662,-75.50254616,45.48586363,2016-11-29,6:30,04 - Freezing Rain,06 - Ice,10 - No control,01 - Non intersection,03 - Dawn,03 - P.D. only,04 - Sideswipe,Chatelaine Village
13133,TENTH LINE RD btwn TOMPKINS AVE & CANOTIA PL,383186.9628,5037965.937,-75.49737452,45.47721827,2016-10-26,21:41,01 - Clear,01 - Dry,10 - No control,01 - Non intersection,07 - Dark,02 - Non-fatal injury,04 - Sideswipe,Queenswood Heights
13134,TENTH LINE RD btwn TOMPKINS AVE & CANOTIA PL,383214.7831,5037884.302,-75.49703176,45.47648067,2016-02-16,18:14,03 - Snow,03 - Loose snow,10 - No control,01 - Non intersection,07 - Dark,03 - P.D. only,03 - Rear end,Queenswood Heights
13135,TENTH LINE RD btwn TOMPKINS AVE & CANOTIA PL,383209.0495,5037900.816,-75.49710245,45.47662989,2016-12-20,20:40,01 - Clear,02 - Wet,10 - No control,04 - At/near private drive,07 - Dark,03 - P.D. only,04 - Sideswipe,Queenswood Heights
13136,TENTH LINE RD btwn TOMPKINS AVE & CANOTIA PL,383186.6711,5037969.961,-75.49737761,45.47725451,2016-11-24,15:37,03 - Snow,02 - Wet,10 - No control,01 - Non intersection,01 - Daylight,03 - P.D. only,04 - Sideswipe,Queenswood Heights
13137,TENTH LINE RD btwn VANGUARD DR & LAKEPOINTE DR,384185.4557,5035605.333,-75.48498636,45.45586694,2016-02-02,18:05,01 - Clear,01 - Dry,10 - No control,01 - Non intersection,07 - Dark,03 - P.D. only,04 - Sideswipe,Avalon
13138,TENTH LINE RD btwn VANGUARD DR & LAKEPOINTE DR,384111.7509,5035786.847,-75.48589931,45.4575084,2016-12-19,19:10,01 - Clear,05 - Packed snow,10 - No control,01 - Non intersection,07 - Dark,03 - P.D. only,04 - Sideswipe,Avalon
13139,TENTH LINE RD btwn WALL RD & NAVAN RD,385567.4472,5032297.385,-75.46786208,45.42594674,2016-06-24,1:42,01 - Clear,01 - Dry,10 - No control,01 - Non intersection,07 - Dark,03 - P.D. only,07 - SMV other,Cumberland
13140,TERMINAL AVE @ TRAINYARDS DR,371846.4614,5030816.15,-75.64338421,45.41406903,2016-06-17,16:18,01 - Clear,01 - Dry,01 - Traffic signal,03 - At intersection,01 - Daylight,03 - P.D. only,05 - Turning movement,Industrial Park
13141,TERMINAL AVE @ TRAINYARDS DR,371845.2209,5030816.756,-75.64339997,45.4140746,2016-06-29,12:53,01 - Clear,01 - Dry,01 - Traffic signal,02 - Intersection related,01 - Daylight,03 - P.D. only,02 - Angle,Industrial Park