Record,Location,X,Y,lon,lat,Date,Time,Environment,Road_Surface,Traffic_Control,Collision_Location,Light,Collision_Classification,Impact_type,Neighborhood
13142,TERMINAL AVE btwn RAILMARKET PRIV & TRAINYARDS DR,371438.0697,5030903.477,-75.64858962,45.41489377,2016-03-10,11:30,02 - Rain,02 - Wet,10 - No control,01 - Non intersection,01 - Daylight,02 - Non-fatal injury,07 - SMV other,Industrial Park
13143,TERMINAL AVE btwn RAILMARKET PRIV & TRAINYARDS DR,371637.4665,5030929.797,-75.64603871,45.41511157,2016-12-09,10:54,01 - Clear,06 - Ice,10 - No control,01 - Non intersection,01 - Daylight,02 - Non-fatal injury,03 - Rear end,Industrial Park
13144,TERMINAL AVE btwn RAILMARKET PRIV & TRAINYARDS DR,371566.6501,5030914.095,-75.64694554,45.41497705,2016-08-29,12:30,01 - Clear,01 - Dry,10 - No control,04 - At/near private drive,01 - Daylight,03 - P.D. only,03 - Rear end,Industrial Park
13145,TERMINAL AVE btwn RAILMARKET PRIV & TRAINYARDS DR,371741.4921,5030903.521,-75.64471333,45.41486521,2016-10-22,17:54,02 - Rain,02 - Wet,10 - No control,04 - At/near private drive,07 - Dark,03 - P.D. only,02 - Angle,Industrial Park
13146,TERMINAL AVE btwn RAILMARKET PRIV & TRAINYARDS DR,371638.2045,5030928.12,-75.64602951,45.41509641,2016-01-12,11:51,03 - Snow,03 - Loose snow,10 - No control,04 - At/near private drive,01 - Daylight,03 - P.D. only,02 - Angle,Industrial Park
13147,TERMINAL AVE btwn RAILMARKET PRIV & TRAINYARDS DR,371799.0113,5030838.537,-75.64398734,45.414275,2016-05-29,10:05,01 - Clear,01 - Dry,10 - No control,04 - At/near private drive,01 - Daylight,03 - P.D. only,03 - Rear end,Industrial Park
13148,TERON RD @ BEAVERBROOK RD/PENFIELD DR N,351884.6219,5021213.074,-75.89932397,45.32928714,2016-11-04,12:04,01 - Clear,01 - Dry,01 - Traffic signal,02 - Intersection related,01 - Daylight,03 - P.D. only,07 - SMV other,Beaverbrook
13149,TERON RD @ PARKWAY (THE)/PENFIELD DR S,352293.4036,5020788.267,-75.89415003,45.32543709,2016-01-22,8:48,01 - Clear,02 - Wet,01 - Traffic signal,02 - Intersection related,01 - Daylight,03 - P.D. only,03 - Rear end,Beaverbrook
13150,TERON RD btwn PARKWAY (THE) & SALTER CRES,352306.6806,5020774.224,-75.89398202,45.32530983,2016-01-24,8:38,01 - Clear,01 - Dry,10 - No control,01 - Non intersection,01 - Daylight,02 - Non-fatal injury,03 - Rear end,Beaverbrook
13151,TERRAPIN TERR btwn CAPUCHON WAY & NESTLETON ST,385603.033,5035315.81,-75.46691188,45.4530996,2016-06-02,0:00,01 - Clear,01 - Dry,10 - No control,01 - Non intersection,00 - Unknown,03 - P.D. only,06 - SMV unattended vehicle,Avalon
13152,TERREBONNE DR btwn MARYGROVE CIRC & MAITLAND AVE,364011.5102,5025121.024,-75.74416104,45.36353212,2016-11-16,14:56,02 - Rain,02 - Wet,10 - No control,01 - Non intersection,01 - Daylight,03 - P.D. only,06 - SMV unattended vehicle,Civic Hospital - Experimental Farm - Central Park
13153,TERREBONNE DR btwn MARYGROVE CIRC & MAITLAND AVE,364009.6299,5025107.389,-75.74418668,45.36340959,2016-01-10,10:56,02 - Rain,02 - Wet,10 - No control,04 - At/near private drive,01 - Daylight,03 - P.D. only,06 - SMV unattended vehicle,Civic Hospital - Experimental Farm - Central Park
13154,TERRY FOX DR @ EDGEWATER ST/WALTER BAKER PL,351775.8473,5017612.622,-75.90105294,45.2968967,2016-07-05,16:10,01 - Clear,01 - Dry,01 - Traffic signal,03 - At intersection,01 - Daylight,02 - Non-fatal injury,05 - Turning movement,Katimavik - Hazeldean
13155,TERRY FOX DR @ EDGEWATER ST/WALTER BAKER PL,351776.5105,5017613.231,-75.90104442,45.29690214,2016-11-06,12:28,01 - Clear,01 - Dry,01 - Traffic signal,03 - At intersection,01 - Daylight,02 - Non-fatal injury,05 - Turning movement,Katimavik - Hazeldean
13156,TERRY FOX DR @ EDGEWATER ST/WALTER BAKER PL,351777.4541,5017614.532,-75.90103227,45.29691378,2016-05-26,10:37,01 - Clear,01 - Dry,01 - Traffic signal,03 - At intersection,01 - Daylight,03 - P.D. only,05 - Turning movement,Katimavik - Hazeldean
13157,TERRY FOX DR @ EDGEWATER ST/WALTER BAKER PL,351776.9496,5017613.231,-75.90103883,45.29690211,2016-01-20,11:26,01 - Clear,04 - Slush,01 - Traffic signal,03 - At intersection,01 - Daylight,03 - P.D. only,03 - Rear end,Katimavik - Hazeldean
13158,TERRY FOX DR @ EDGEWATER ST/WALTER BAKER PL,351781.7056,5017609.991,-75.9009785,45.29687263,2016-01-06,10:51,01 - Clear,02 - Wet,01 - Traffic signal,02 - Intersection related,01 - Daylight,03 - P.D. only,03 - Rear end,Katimavik - Hazeldean
13159,TERRY FOX DR @ EDGEWATER ST/WALTER BAKER PL,351777.1058,5017614.948,-75.90103667,45.29691755,2016-03-06,22:31,01 - Clear,99 - Other,01 - Traffic signal,02 - Intersection related,07 - Dark,03 - P.D. only,03 - Rear end,Katimavik - Hazeldean
13160,TERRY FOX DR @ EDGEWATER ST/WALTER BAKER PL,351779.2645,5017613.864,-75.90100925,45.29690765,2016-10-20,16:14,02 - Rain,02 - Wet,01 - Traffic signal,02 - Intersection related,01 - Daylight,03 - P.D. only,03 - Rear end,Katimavik - Hazeldean
13161,TERRY FOX DR @ EDGEWATER ST/WALTER BAKER PL,351779.299,5017612.953,-75.9010089,45.29689945,2016-11-07,12:34,01 - Clear,01 - Dry,01 - Traffic signal,03 - At intersection,01 - Daylight,03 - P.D. only,02 - Angle,Katimavik - Hazeldean
13162,TERRY FOX DR @ EDGEWATER ST/WALTER BAKER PL,351778.4364,5017614.693,-75.90101973,45.29691516,2016-12-17,9:45,03 - Snow,03 - Loose snow,01 - Traffic signal,02 - Intersection related,01 - Daylight,03 - P.D. only,03 - Rear end,Katimavik - Hazeldean
13163,TERRY FOX DR @ EDGEWATER ST/WALTER BAKER PL,351777.9673,5017612.499,-75.90102592,45.29689545,2016-12-31,19:44,03 - Snow,03 - Loose snow,01 - Traffic signal,02 - Intersection related,07 - Dark,03 - P.D. only,03 - Rear end,Katimavik - Hazeldean
13164,TERRY FOX DR @ FERNBANK RD,354301.3845,5015130.099,-75.86910165,45.274385,2016-05-23,18:34,01 - Clear,01 - Dry,01 - Traffic signal,02 - Intersection related,01 - Daylight,02 - Non-fatal injury,07 - SMV other,Stittsville - Basswood
13165,TERRY FOX DR @ FERNBANK RD,354303.6132,5015130.588,-75.8690732,45.27438924,2016-08-07,20:15,01 - Clear,01 - Dry,01 - Traffic signal,02 - Intersection related,05 - Dusk,03 - P.D. only,03 - Rear end,Stittsville - Basswood
13166,TERRY FOX DR @ FERNBANK RD,354303.8554,5015129.815,-75.86907019,45.27438227,2016-07-14,11:00,02 - Rain,02 - Wet,01 - Traffic signal,02 - Intersection related,01 - Daylight,03 - P.D. only,02 - Angle,Stittsville - Basswood
13167,TERRY FOX DR @ FERNBANK RD,354304.3177,5015130.474,-75.86906423,45.27438817,2016-07-28,19:10,01 - Clear,01 - Dry,01 - Traffic signal,03 - At intersection,01 - Daylight,03 - P.D. only,05 - Turning movement,Stittsville - Basswood
13168,TERRY FOX DR @ HALKIRK AVE/WINCHESTER DR,352512.2098,5016868.809,-75.89173632,45.29015406,2016-09-22,19:43,02 - Rain,02 - Wet,01 - Traffic signal,02 - Intersection related,07 - Dark,03 - P.D. only,03 - Rear end,Glen Cairn - Kanata South Business Park
13169,TERRY FOX DR @ HALKIRK AVE/WINCHESTER DR,352511.9412,5016869.671,-75.89173966,45.29016184,2016-02-20,12:05,01 - Clear,02 - Wet,01 - Traffic signal,02 - Intersection related,01 - Daylight,03 - P.D. only,04 - Sideswipe,Glen Cairn - Kanata South Business Park
13170,TERRY FOX DR @ PALLADIUM DR/KATIMAVIK RD,351267.519,5018183.113,-75.90748036,45.30206394,2016-08-10,17:05,01 - Clear,01 - Dry,01 - Traffic signal,02 - Intersection related,01 - Daylight,02 - Non-fatal injury,03 - Rear end,Katimavik - Hazeldean
13171,TERRY FOX DR @ PALLADIUM DR/KATIMAVIK RD,351269.9843,5018181.509,-75.90744908,45.30204934,2016-03-22,14:39,01 - Clear,01 - Dry,01 - Traffic signal,02 - Intersection related,01 - Daylight,02 - Non-fatal injury,03 - Rear end,Katimavik - Hazeldean
13172,TERRY FOX DR @ PALLADIUM DR/KATIMAVIK RD,351269.1825,5018182.043,-75.90745925,45.3020542,2016-09-12,18:57,01 - Clear,01 - Dry,01 - Traffic signal,02 - Intersection related,01 - Daylight,02 - Non-fatal injury,03 - Rear end,Katimavik - Hazeldean
13173,TERRY FOX DR @ PALLADIUM DR/KATIMAVIK RD,351269.234,5018180.686,-75.90745872,45.30204198,2016-06-08,6:40,01 - Clear,01 - Dry,01 - Traffic signal,02 - Intersection related,01 - Daylight,02 - Non-fatal injury,03 - Rear end,Katimavik - Hazeldean
13174,TERRY FOX DR @ PALLADIUM DR/KATIMAVIK RD,351270.8544,5018181.775,-75.90743796,45.30205168,2016-08-05,13:53,01 - Clear,01 - Dry,01 - Traffic signal,03 - At intersection,01 - Daylight,03 - P.D. only,03 - Rear end,Katimavik - Hazeldean
13175,TERRY FOX DR @ PALLADIUM DR/KATIMAVIK RD,351269.718,5018183.846,-75.90745225,45.30207039,2016-08-31,14:53,01 - Clear,01 - Dry,01 - Traffic signal,02 - Intersection related,01 - Daylight,03 - P.D. only,03 - Rear end,Katimavik - Hazeldean
13176,TERRY FOX DR @ PALLADIUM DR/KATIMAVIK RD,351269.718,5018180.972,-75.90745252,45.30204452,2016-08-18,18:46,01 - Clear,01 - Dry,01 - Traffic signal,02 - Intersection related,01 - Daylight,03 - P.D. only,03 - Rear end,Katimavik - Hazeldean
13177,TERRY FOX DR @ PALLADIUM DR/KATIMAVIK RD,351269.1825,5018180.437,-75.9074594,45.30203975,2016-09-01,10:15,01 - Clear,01 - Dry,01 - Traffic signal,02 - Intersection related,01 - Daylight,03 - P.D. only,03 - Rear end,Katimavik - Hazeldean
13178,TERRY FOX DR @ PALLADIUM DR/KATIMAVIK RD,351267.7596,5018182.421,-75.90747736,45.30205769,2016-04-30,17:58,01 - Clear,01 - Dry,01 - Traffic signal,02 - Intersection related,01 - Daylight,03 - P.D. only,03 - Rear end,Katimavik - Hazeldean
13179,TERRY FOX DR @ PALLADIUM DR/KATIMAVIK RD,351270.1086,5018182.556,-75.90744739,45.30205875,2016-03-23,16:55,01 - Clear,01 - Dry,01 - Traffic signal,02 - Intersection related,01 - Daylight,03 - P.D. only,03 - Rear end,Katimavik - Hazeldean
13180,TERRY FOX DR @ PALLADIUM DR/KATIMAVIK RD,351269.4925,5018181.099,-75.90745539,45.30204568,2016-05-27,9:50,01 - Clear,01 - Dry,01 - Traffic signal,02 - Intersection related,01 - Daylight,03 - P.D. only,03 - Rear end,Katimavik - Hazeldean
13181,TERRY FOX DR @ PALLADIUM DR/KATIMAVIK RD,351269.4985,5018181.117,-75.90745531,45.30204584,2016-08-22,14:40,01 - Clear,01 - Dry,01 - Traffic signal,02 - Intersection related,01 - Daylight,03 - P.D. only,03 - Rear end,Katimavik - Hazeldean
13182,TERRY FOX DR @ PALLADIUM DR/KATIMAVIK RD,351269.9435,5018180.648,-75.90744968,45.30204159,2016-06-21,18:31,01 - Clear,01 - Dry,01 - Traffic signal,02 - Intersection related,01 - Daylight,03 - P.D. only,03 - Rear end,Katimavik - Hazeldean
13183,TERRY FOX DR @ PALLADIUM DR/KATIMAVIK RD,351269.718,5018182.189,-75.90745241,45.30205548,2016-11-15,18:26,01 - Clear,01 - Dry,01 - Traffic signal,02 - Intersection related,07 - Dark,03 - P.D. only,03 - Rear end,Katimavik - Hazeldean
13184,TERRY FOX DR @ PALLADIUM DR/KATIMAVIK RD,351269.718,5018181.361,-75.90745249,45.30204803,2016-10-13,15:11,01 - Clear,01 - Dry,01 - Traffic signal,02 - Intersection related,01 - Daylight,03 - P.D. only,03 - Rear end,Katimavik - Hazeldean
13185,TERRY FOX DR @ PALLADIUM DR/KATIMAVIK RD,351270.5462,5018179.705,-75.90744208,45.30203307,2016-11-03,19:13,01 - Clear,01 - Dry,01 - Traffic signal,02 - Intersection related,07 - Dark,03 - P.D. only,03 - Rear end,Katimavik - Hazeldean
13186,TERRY FOX DR @ PALLADIUM DR/KATIMAVIK RD,351268.0617,5018183.017,-75.90747345,45.30206304,2016-12-10,13:42,01 - Clear,01 - Dry,01 - Traffic signal,02 - Intersection related,01 - Daylight,03 - P.D. only,04 - Sideswipe,Katimavik - Hazeldean
13187,TERRY FOX DR @ PALLADIUM DR/KATIMAVIK RD,351271.3743,5018182.189,-75.90743129,45.30205537,2016-12-16,16:55,01 - Clear,02 - Wet,01 - Traffic signal,02 - Intersection related,05 - Dusk,03 - P.D. only,03 - Rear end,Katimavik - Hazeldean
13188,TERRY FOX DR @ PALLADIUM DR/KATIMAVIK RD,351269.718,5018181.361,-75.90745249,45.30204803,2016-11-21,17:31,03 - Snow,04 - Slush,01 - Traffic signal,02 - Intersection related,07 - Dark,03 - P.D. only,03 - Rear end,Katimavik - Hazeldean
13189,TERRY FOX DR @ TRANS CANADA TRAIL,353252.911,5015999.007,-75.88237891,45.28227669,2016-08-17,12:10,01 - Clear,01 - Dry,01 - Traffic signal,02 - Intersection related,01 - Daylight,03 - P.D. only,03 - Rear end,Glen Cairn - Kanata South Business Park
13190,TERRY FOX DR @ WESTPHALIAN AVE,353455.2261,5015759.789,-75.87982363,45.28011017,2016-05-07,20:28,01 - Clear,01 - Dry,01 - Traffic signal,03 - At intersection,05 - Dusk,02 - Non-fatal injury,07 - SMV other,Glen Cairn - Kanata South Business Park
13191,TERRY FOX DR @ WESTPHALIAN AVE,353455.2261,5015759.789,-75.87982363,45.28011017,2016-06-03,17:54,01 - Clear,01 - Dry,01 - Traffic signal,02 - Intersection related,01 - Daylight,02 - Non-fatal injury,03 - Rear end,Glen Cairn - Kanata South Business Park
13192,TERRY FOX DR @ WESTPHALIAN AVE,353455.2261,5015759.789,-75.87982363,45.28011017,2016-02-25,7:50,01 - Clear,02 - Wet,01 - Traffic signal,02 - Intersection related,01 - Daylight,03 - P.D. only,03 - Rear end,Glen Cairn - Kanata South Business Park
13193,TERRY FOX DR @ WESTPHALIAN AVE,353455.2261,5015759.789,-75.87982363,45.28011017,2016-03-14,12:18,02 - Rain,02 - Wet,01 - Traffic signal,02 - Intersection related,01 - Daylight,03 - P.D. only,03 - Rear end,Glen Cairn - Kanata South Business Park
13194,TERRY FOX DR @ WESTPHALIAN AVE,353455.2261,5015759.789,-75.87982363,45.28011017,2016-02-23,15:38,01 - Clear,01 - Dry,01 - Traffic signal,02 - Intersection related,01 - Daylight,03 - P.D. only,04 - Sideswipe,Glen Cairn - Kanata South Business Park
13195,TERRY FOX DR @ WESTPHALIAN AVE,353455.2261,5015759.789,-75.87982363,45.28011017,2016-04-08,15:58,03 - Snow,02 - Wet,01 - Traffic signal,02 - Intersection related,01 - Daylight,03 - P.D. only,99 - Other,Glen Cairn - Kanata South Business Park
13196,TERRY FOX DR @ WESTPHALIAN AVE,353455.2261,5015759.789,-75.87982363,45.28011017,2016-07-04,12:45,01 - Clear,01 - Dry,01 - Traffic signal,02 - Intersection related,01 - Daylight,03 - P.D. only,03 - Rear end,Glen Cairn - Kanata South Business Park
13197,TERRY FOX DR @ WESTPHALIAN AVE,353455.2261,5015759.789,-75.87982363,45.28011017,2016-04-22,10:40,02 - Rain,02 - Wet,01 - Traffic signal,02 - Intersection related,01 - Daylight,03 - P.D. only,03 - Rear end,Glen Cairn - Kanata South Business Park
13198,TERRY FOX DR @ WESTPHALIAN AVE,353455.2261,5015759.789,-75.87982363,45.28011017,2016-11-28,17:24,01 - Clear,01 - Dry,01 - Traffic signal,02 - Intersection related,07 - Dark,03 - P.D. only,03 - Rear end,Glen Cairn - Kanata South Business Park
13199,TERRY FOX DR @ WESTPHALIAN AVE,353455.2261,5015759.789,-75.87982363,45.28011017,2016-11-28,19:10,01 - Clear,01 - Dry,01 - Traffic signal,02 - Intersection related,07 - Dark,03 - P.D. only,03 - Rear end,Glen Cairn - Kanata South Business Park
13200,TERRY FOX DR btwn 135 S OF HAZELDEAN RD/SOBEY'S SC & HALKIRK AVE,352479.4622,5016910.343,-75.89214979,45.29053002,2016-09-22,20:00,02 - Rain,02 - Wet,10 - No control,01 - Non intersection,07 - Dark,02 - Non-fatal injury,03 - Rear end,Glen Cairn - Kanata South Business Park
13201,TERRY FOX DR btwn CASTLEFRANK RD & TRANS CANADA TRAIL,353006.5933,5016289.527,-75.88549027,45.2849078,2016-05-14,15:45,02 - Rain,02 - Wet,10 - No control,01 - Non intersection,01 - Daylight,03 - P.D. only,07 - SMV other,Glen Cairn - Kanata South Business Park
13202,TERRY FOX DR btwn CASTLEFRANK RD & TRANS CANADA TRAIL,353042.1908,5016247.081,-75.88504065,45.28452342,2016-07-03,15:18,01 - Clear,01 - Dry,10 - No control,01 - Non intersection,01 - Daylight,03 - P.D. only,04 - Sideswipe,Glen Cairn - Kanata South Business Park
13203,TERRY FOX DR btwn CASTLEFRANK RD & TRANS CANADA TRAIL,353071.0276,5016215.781,-75.88467612,45.28423979,2016-09-17,15:00,02 - Rain,02 - Wet,10 - No control,01 - Non intersection,01 - Daylight,03 - P.D. only,03 - Rear end,Glen Cairn - Kanata South Business Park
13204,TERRY FOX DR btwn Continuation of TERRY FOX DR & CAMPEAU DR,350289.429,5019038.271,-75.91987311,45.3098229,2016-01-12,16:38,03 - Snow,03 - Loose snow,10 - No control,04 - At/near private drive,05 - Dusk,02 - Non-fatal injury,02 - Angle,Kanata Lakes - Marchwood Lakeside - Morgan's Grant - Kanata
13205,TERRY FOX DR btwn Continuation of TERRY FOX DR & CAMPEAU DR,350287.4408,5019038.213,-75.91989847,45.30982251,2016-07-22,15:38,01 - Clear,01 - Dry,10 - No control,04 - At/near private drive,01 - Daylight,02 - Non-fatal injury,02 - Angle,Kanata Lakes - Marchwood Lakeside - Morgan's Grant - Kanata
13206,TERRY FOX DR btwn Continuation of TERRY FOX DR & CAMPEAU DR,350289.1585,5019037.826,-75.9198766,45.30981892,2016-07-27,17:01,01 - Clear,01 - Dry,10 - No control,04 - At/near private drive,01 - Daylight,02 - Non-fatal injury,02 - Angle,Kanata Lakes - Marchwood Lakeside - Morgan's Grant - Kanata
13207,TERRY FOX DR btwn Continuation of TERRY FOX DR & CAMPEAU DR,350157.2472,5019035.263,-75.92155902,45.30980439,2016-12-12,16:40,02 - Rain,04 - Slush,10 - No control,04 - At/near private drive,05 - Dusk,03 - P.D. only,05 - Turning movement,Kanata Lakes - Marchwood Lakeside - Morgan's Grant - Kanata
13208,TERRY FOX DR btwn COPE DR & TRANS CANADA TRAIL,353587.9617,5015610.774,-75.87814649,45.2787601,2016-09-10,22:52,02 - Rain,02 - Wet,10 - No control,01 - Non intersection,07 - Dark,03 - P.D. only,07 - SMV other,Glen Cairn - Kanata South Business Park
13209,TERRY FOX DR btwn DIDSBURY RD & HWY417 IC140 RAMP36,350686.6648,5018853.093,-75.91482457,45.30813078,2016-08-14,3:58,01 - Clear,02 - Wet,10 - No control,01 - Non intersection,07 - Dark,03 - P.D. only,07 - SMV other,Kanata Lakes - Marchwood Lakeside - Morgan's Grant - Kanata
13210,TERRY FOX DR btwn FLAMBOROUGH WAY/INNOVATION DR & STATEWOOD DR,349075.7679,5022668.386,-75.93502555,45.34256523,2016-09-16,20:20,01 - Clear,08 - Loose sand or gravel,10 - No control,01 - Non intersection,07 - Dark,02 - Non-fatal injury,07 - SMV other,Morgan's Grant
13211,TERRY FOX DR btwn FLAMBOROUGH WAY/INNOVATION DR & STATEWOOD DR,349075.7679,5022668.386,-75.93502555,45.34256523,2016-05-17,21:28,01 - Clear,01 - Dry,10 - No control,01 - Non intersection,07 - Dark,03 - P.D. only,07 - SMV other,Morgan's Grant
13212,TERRY FOX DR btwn HALKIRK AVE & CASTLEFRANK RD,352962.084,5016337.483,-75.88605296,45.28534237,2016-06-09,17:37,01 - Clear,01 - Dry,10 - No control,01 - Non intersection,01 - Daylight,02 - Non-fatal injury,03 - Rear end,Glen Cairn - Kanata South Business Park
13213,TERRY FOX DR btwn HALKIRK AVE & CASTLEFRANK RD,352958.4621,5016348.558,-75.88609806,45.28544227,2016-04-29,22:40,01 - Clear,01 - Dry,10 - No control,01 - Non intersection,07 - Dark,03 - P.D. only,07 - SMV other,Glen Cairn - Kanata South Business Park
13214,TERRY FOX DR btwn HALKIRK AVE & CASTLEFRANK RD,352929.7316,5016374.198,-75.88646179,45.28567496,2016-11-19,16:40,01 - Clear,01 - Dry,10 - No control,01 - Non intersection,05 - Dusk,03 - P.D. only,03 - Rear end,Glen Cairn - Kanata South Business Park
13215,TERRY FOX DR btwn HAZELDEAN RD & 135 S OF HAZELDEAN RD/SOBEY'S SC,352220.0124,5017229.148,-75.89542677,45.29341627,2016-05-01,9:38,02 - Rain,02 - Wet,10 - No control,01 - Non intersection,01 - Daylight,03 - P.D. only,04 - Sideswipe,Glen Cairn - Kanata South Business Park
13216,TERRY FOX DR btwn HAZELDEAN RD & 135 S OF HAZELDEAN RD/SOBEY'S SC,352211.7175,5017237.66,-75.8955317,45.29349342,2016-06-16,12:25,01 - Clear,01 - Dry,10 - No control,01 - Non intersection,01 - Daylight,03 - P.D. only,04 - Sideswipe,Glen Cairn - Kanata South Business Park
13217,TERRY FOX DR btwn HAZELDEAN RD & 135 S OF HAZELDEAN RD/SOBEY'S SC,352224.2019,5017222.906,-75.89537395,45.29335982,2016-07-22,10:39,01 - Clear,01 - Dry,10 - No control,01 - Non intersection,01 - Daylight,03 - P.D. only,04 - Sideswipe,Glen Cairn - Kanata South Business Park
13218,TERRY FOX DR btwn HUNTSVILLE DR & OLD SECOND LINE RD,347868.3739,5020968.188,-75.95057956,45.32734154,2016-02-22,6:55,01 - Clear,01 - Dry,10 - No control,01 - Non intersection,03 - Dawn,02 - Non-fatal injury,01 - Approaching,Kanata Lakes - Marchwood Lakeside - Morgan's Grant - Kanata
13219,TERRY FOX DR btwn HUNTSVILLE DR & OLD SECOND LINE RD,347868.3739,5020968.188,-75.95057956,45.32734154,2016-09-30,17:29,01 - Clear,01 - Dry,10 - No control,01 - Non intersection,01 - Daylight,03 - P.D. only,07 - SMV other,Kanata Lakes - Marchwood Lakeside - Morgan's Grant - Kanata
13220,TERRY FOX DR btwn HUNTSVILLE DR & OLD SECOND LINE RD,347868.3739,5020968.188,-75.95057956,45.32734154,2016-01-29,8:27,03 - Snow,02 - Wet,10 - No control,01 - Non intersection,01 - Daylight,03 - P.D. only,07 - SMV other,Kanata Lakes - Marchwood Lakeside - Morgan's Grant - Kanata
13221,TERRY FOX DR btwn HUNTSVILLE DR & OLD SECOND LINE RD,347868.3739,5020968.188,-75.95057956,45.32734154,2016-09-30,7:40,01 - Clear,01 - Dry,10 - No control,05 - At railway crossing,01 - Daylight,03 - P.D. only,03 - Rear end,Kanata Lakes - Marchwood Lakeside - Morgan's Grant - Kanata
13222,TERRY FOX DR btwn HUNTSVILLE DR & OLD SECOND LINE RD,347868.3739,5020968.188,-75.95057956,45.32734154,2016-11-22,17:11,01 - Clear,01 - Dry,10 - No control,01 - Non intersection,07 - Dark,03 - P.D. only,07 - SMV other,Kanata Lakes - Marchwood Lakeside - Morgan's Grant - Kanata
13223,TERRY FOX DR btwn HUNTSVILLE DR & RICHARDSON SIDE RD,347868.3739,5020968.188,-75.95057956,45.32734154,2016-06-28,12:50,01 - Clear,01 - Dry,10 - No control,01 - Non intersection,01 - Daylight,03 - P.D. only,03 - Rear end,Kanata Lakes - Marchwood Lakeside - Morgan's Grant - Kanata
13224,TERRY FOX DR btwn HWY417 IC140 RAMP16 & HWY417 IC140 RAMP35,350944.0221,5018555.254,-75.91157049,45.30543389,2016-01-22,19:05,01 - Clear,01 - Dry,10 - No control,01 - Non intersection,07 - Dark,03 - P.D. only,03 - Rear end,Katimavik - Hazeldean
13225,TERRY FOX DR btwn HWY417 IC140 RAMP25 & PALLADIUM DR,351220.4456,5018242.729,-75.90807499,45.30260349,2016-02-27,11:01,01 - Clear,01 - Dry,10 - No control,01 - Non intersection,01 - Daylight,03 - P.D. only,03 - Rear end,Katimavik - Hazeldean
13226,TERRY FOX DR btwn HWY417 IC140 RAMP36 & HWY417 IC140 RAMP61,350757.4484,5018771.196,-75.91392954,45.30738922,2016-07-29,17:05,01 - Clear,01 - Dry,10 - No control,01 - Non intersection,01 - Daylight,03 - P.D. only,03 - Rear end,Kanata Lakes - Marchwood Lakeside - Morgan's Grant - Kanata
13227,TERRY FOX DR btwn HWY417 IC140 RAMP53 & HWY417 IC140 RAMP25,351111.2011,5018368.2,-75.90945621,45.30373972,2016-03-08,17:23,01 - Clear,01 - Dry,10 - No control,01 - Non intersection,01 - Daylight,02 - Non-fatal injury,03 - Rear end,Katimavik - Hazeldean
13228,TERRY FOX DR btwn INNOVATION DR & MARCH RD,349718.5055,5023265.016,-75.92677022,45.34789298,2016-05-20,15:14,01 - Clear,01 - Dry,10 - No control,01 - Non intersection,01 - Daylight,02 - Non-fatal injury,03 - Rear end,Morgan's Grant
13229,TERRY FOX DR btwn LEGGET DR & HELMSDALE DR,350284.4083,5023483.675,-75.91952868,45.34982405,2016-04-16,3:37,01 - Clear,01 - Dry,10 - No control,01 - Non intersection,07 - Dark,03 - P.D. only,07 - SMV other,South March
13230,TERRY FOX DR btwn OLD SECOND LINE RD & STATEWOOD DR,348868.5065,5022476.459,-75.93768725,45.34085127,2016-12-08,19:44,03 - Snow,06 - Ice,10 - No control,01 - Non intersection,07 - Dark,03 - P.D. only,03 - Rear end,South March
13231,TERRY FOX DR btwn PALLADIUM DR & MAPLE GROVE RD,351518.3175,5017903.225,-75.90430891,45.2995288,2016-06-07,15:47,02 - Rain,02 - Wet,10 - No control,01 - Non intersection,01 - Daylight,03 - P.D. only,03 - Rear end,Katimavik - Hazeldean
13232,TERRY FOX DR N @ FLAMBOROUGH WAY/INNOVATION DR,349386.9187,5022953.992,-75.93102961,45.34511547,2016-10-20,11:30,02 - Rain,02 - Wet,01 - Traffic signal,02 - Intersection related,01 - Daylight,03 - P.D. only,04 - Sideswipe,Morgan's Grant
13233,TERRY FOX DR N @ FLAMBOROUGH WAY/INNOVATION DR,349386.24,5022954.525,-75.93103822,45.34512031,2016-02-19,6:43,01 - Clear,06 - Ice,01 - Traffic signal,03 - At intersection,03 - Dawn,03 - P.D. only,02 - Angle,Morgan's Grant
13234,TERRY FOX DR N @ FLAMBOROUGH WAY/INNOVATION DR,349387.4333,5022956.064,-75.93102286,45.34513409,2016-07-26,19:34,01 - Clear,01 - Dry,01 - Traffic signal,03 - At intersection,01 - Daylight,03 - P.D. only,03 - Rear end,Morgan's Grant
13235,TERRY FOX DR N @ FLAMBOROUGH WAY/INNOVATION DR,349383.56,5022952.33,-75.93107262,45.34510073,2016-07-24,11:52,01 - Clear,01 - Dry,01 - Traffic signal,02 - Intersection related,01 - Daylight,03 - P.D. only,03 - Rear end,South March
13236,TERRY FOX DR N @ FLAMBOROUGH WAY/INNOVATION DR,349388.6445,5022959.091,-75.93100713,45.34516125,2016-09-08,17:36,01 - Clear,01 - Dry,01 - Traffic signal,02 - Intersection related,01 - Daylight,03 - P.D. only,03 - Rear end,Morgan's Grant