Record,Location,X,Y,lon,lat,Date,Time,Environment,Road_Surface,Traffic_Control,Collision_Location,Light,Collision_Classification,Impact_type,Neighborhood
13237,TERRY FOX DR S @ DIDSBURY RD/CENTRUM KANATA SC,350624.8073,5018915.388,-75.91560762,45.30869537,2016-09-04,18:36,01 - Clear,01 - Dry,01 - Traffic signal,02 - Intersection related,01 - Daylight,02 - Non-fatal injury,07 - SMV other,Kanata
13238,TERRY FOX DR S @ DIDSBURY RD/CENTRUM KANATA SC,350622.2937,5018917.472,-75.91563948,45.30871428,2016-05-13,14:57,01 - Clear,01 - Dry,01 - Traffic signal,02 - Intersection related,01 - Daylight,03 - P.D. only,03 - Rear end,Kanata
13239,TERRY FOX DR S @ DIDSBURY RD/CENTRUM KANATA SC,350623.5758,5018918.139,-75.91562307,45.3087202,2016-02-27,19:00,01 - Clear,01 - Dry,01 - Traffic signal,02 - Intersection related,07 - Dark,03 - P.D. only,04 - Sideswipe,Kanata
13240,TERRY FOX DR S @ DIDSBURY RD/CENTRUM KANATA SC,350623.2268,5018915.404,-75.91562777,45.30869561,2016-02-13,20:55,01 - Clear,06 - Ice,01 - Traffic signal,03 - At intersection,07 - Dark,03 - P.D. only,03 - Rear end,Kanata
13241,TERRY FOX DR S @ DIDSBURY RD/CENTRUM KANATA SC,350620.416,5018917.111,-75.91566346,45.30871116,2016-04-08,16:27,03 - Snow,02 - Wet,01 - Traffic signal,03 - At intersection,01 - Daylight,03 - P.D. only,05 - Turning movement,Kanata
13242,TERRY FOX DR S @ DIDSBURY RD/CENTRUM KANATA SC,350623.1197,5018916.082,-75.91562907,45.30870172,2016-07-10,17:05,01 - Clear,01 - Dry,01 - Traffic signal,02 - Intersection related,01 - Daylight,03 - P.D. only,04 - Sideswipe,Kanata
13243,TERRY FOX DR S @ DIDSBURY RD/CENTRUM KANATA SC,350625.3436,5018919.583,-75.91560039,45.30873308,2016-11-13,15:15,01 - Clear,01 - Dry,01 - Traffic signal,02 - Intersection related,01 - Daylight,03 - P.D. only,03 - Rear end,Kanata
13244,TERRY FOX DR S @ DIDSBURY RD/CENTRUM KANATA SC,350627.2707,5018915.729,-75.91557617,45.30869827,2016-12-15,12:59,05 - Drifting Snow,05 - Packed snow,01 - Traffic signal,02 - Intersection related,01 - Daylight,03 - P.D. only,03 - Rear end,Kanata
13245,TERRY FOX DR S @ DIDSBURY RD/CENTRUM KANATA SC,350623.7856,5018916.41,-75.91562055,45.30870463,2016-12-09,7:45,01 - Clear,04 - Slush,01 - Traffic signal,03 - At intersection,03 - Dawn,03 - P.D. only,05 - Turning movement,Kanata
13246,TERRY FOX DR S @ DIDSBURY RD/CENTRUM KANATA SC,350625.3436,5018919.583,-75.91560039,45.30873308,2016-11-30,14:10,01 - Clear,02 - Wet,01 - Traffic signal,02 - Intersection related,01 - Daylight,03 - P.D. only,04 - Sideswipe,Kanata
13247,TERRY FOX DR S @ DIDSBURY RD/CENTRUM KANATA SC,350619.5622,5018915.729,-75.91567447,45.30869878,2016-12-21,16:17,01 - Clear,04 - Slush,01 - Traffic signal,02 - Intersection related,05 - Dusk,03 - P.D. only,03 - Rear end,Kanata
13248,TEWSLEY DR btwn RIVERSEDGE CRES & RIVERSEDGE CRES,367689.2621,5015495.803,-75.69844094,45.27660565,2016-02-24,22:22,04 - Freezing Rain,06 - Ice,10 - No control,01 - Non intersection,07 - Dark,03 - P.D. only,06 - SMV unattended vehicle,Gloucester
13249,THAD JOHNSON PRIV @ ALERT RD,371425.5612,5021220.903,-75.65005541,45.3277746,2016-12-17,11:42,01 - Clear,03 - Loose snow,02 - Stop sign,03 - At intersection,01 - Daylight,03 - P.D. only,02 - Angle,Greenbelt
13250,THARE CRES btwn MANCIL DR & KNOLL TER,363909.8582,5017154.69,-75.74640965,45.2918602,2016-11-09,16:03,01 - Clear,01 - Dry,10 - No control,01 - Non intersection,01 - Daylight,03 - P.D. only,04 - Sideswipe,New Barrhaven
13251,THIRD AVE btwn BANK ST & O'CONNOR ST,368432.0955,5029607.756,-75.68715912,45.40351511,2016-02-05,21:30,01 - Clear,01 - Dry,10 - No control,04 - At/near private drive,07 - Dark,03 - P.D. only,06 - SMV unattended vehicle,The Glebe
13252,THIRD AVE btwn BANK ST & O'CONNOR ST,368421.8919,5029603.813,-75.68728996,45.40348056,2016-02-19,9:00,01 - Clear,05 - Packed snow,10 - No control,01 - Non intersection,01 - Daylight,03 - P.D. only,01 - Approaching,The Glebe
13253,THIRD AVE btwn BANK ST & O'CONNOR ST,368432.0955,5029607.166,-75.6871592,45.4035098,2016-01-04,13:09,01 - Clear,01 - Dry,10 - No control,01 - Non intersection,01 - Daylight,03 - P.D. only,06 - SMV unattended vehicle,The Glebe
13254,THIRD AVE btwn BANK ST & O'CONNOR ST,368356.2394,5029563.011,-75.68813378,45.4031194,2016-02-20,16:30,03 - Snow,04 - Slush,10 - No control,01 - Non intersection,01 - Daylight,03 - P.D. only,06 - SMV unattended vehicle,The Glebe
13255,THIRD AVE btwn LYON ST S & BANK ST,368207.8414,5029476.261,-75.69004038,45.40235231,2016-09-18,11:58,01 - Clear,01 - Dry,10 - No control,01 - Non intersection,01 - Daylight,03 - P.D. only,04 - Sideswipe,The Glebe
13256,THIRD LINE RD    S btwn LOCKHEAD RD E & LOCKHEAD RD W,369570.3501,4998898.049,-75.67662501,45.12708873,2016-10-25,22:10,01 - Clear,01 - Dry,10 - No control,01 - Non intersection,07 - Dark,03 - P.D. only,07 - SMV other,Kars - Osgoode
13257,THOMAS A. DOLAN PKWY btwn CARP RD & STONECREST RD,336562.0628,5026094.852,-76.09447986,45.37407628,2016-09-11,7:50,01 - Clear,01 - Dry,10 - No control,01 - Non intersection,01 - Daylight,03 - P.D. only,07 - SMV other,Carp - Hardwood Plains
13258,THOMAS A. DOLAN PKWY btwn CONSTANCE CREEK DR & GREENLAND RD,344162.9456,5033042.8,-75.9968848,45.43620982,2016-09-18,12:06,01 - Clear,01 - Dry,10 - No control,01 - Non intersection,01 - Daylight,03 - P.D. only,07 - SMV other,Car
13259,THOMAS A. DOLAN PKWY btwn DIAMONDVIEW RD & CARP RD,336301.4718,5025817.027,-76.09782458,45.37158806,2016-11-20,17:43,03 - Snow,03 - Loose snow,10 - No control,01 - Non intersection,07 - Dark,03 - P.D. only,07 - SMV other,Carp - Hardwood Plains
13260,THOMAS A. DOLAN PKWY btwn GREENLAND RD & KERSCOTT HEIGHTS WAY,344616.0387,5033436.927,-75.99106196,45.43973059,2016-04-24,20:14,01 - Clear,01 - Dry,10 - No control,01 - Non intersection,05 - Dusk,03 - P.D. only,07 - SMV other,Carp - Hardwood Plains
13261,THOMAS A. DOLAN PKWY btwn PORCUPINE TR & CONSTANCE CREEK DR,342492.4622,5031609.256,-76.01834493,45.42340251,2016-11-28,21:43,01 - Clear,02 - Wet,10 - No control,,07 - Dark,03 - P.D. only,07 - SMV other,Dunrobin
13262,THOMAS A. DOLAN PKWY btwn TORWOOD DR & STONERIDGE RD,346133.0919,5034851.31,-75.97155262,45.45236936,2016-08-19,21:18,01 - Clear,01 - Dry,10 - No control,01 - Non intersection,07 - Dark,03 - P.D. only,07 - SMV other,Car
13263,THOMAS A. DOLAN PKWY btwn TORWOOD DR & STONERIDGE RD,345928.5519,5034636.182,-75.97418556,45.45044567,2016-11-11,22:07,01 - Clear,01 - Dry,10 - No control,01 - Non intersection,07 - Dark,03 - P.D. only,07 - SMV other,Carp - Hardwood Plains
13264,THOMAS A. DOLAN PKWY btwn WOODKILTON RD & DUNROBIN RD,342295.6577,5031441.953,-76.02087246,45.42190765,2016-06-14,6:42,01 - Clear,01 - Dry,10 - No control,01 - Non intersection,01 - Daylight,03 - P.D. only,07 - SMV other,Dunrobin
13265,THOMAS SPRATT PL btwn THURSTON DR & END,373824.8915,5027212.3,-75.61861415,45.38145093,2016-03-04,0:00,01 - Clear,01 - Dry,10 - No control,01 - Non intersection,00 - Unknown,03 - P.D. only,06 - SMV unattended vehicle,Industrial Park
13266,THORNBURY CRES btwn HEMMINGWOOD WAY E & REDDING WAY,362270.4609,5023189.157,-75.76660837,45.34629422,2016-10-19,7:30,01 - Clear,01 - Dry,10 - No control,01 - Non intersection,01 - Daylight,03 - P.D. only,06 - SMV unattended vehicle,Centrepointe
13267,THORNBURY CRES btwn REDDING WAY & REDDING WAY,362108.1763,5023279.573,-75.76866867,45.34712106,2016-01-14,12:32,03 - Snow,04 - Slush,10 - No control,04 - At/near private drive,01 - Daylight,03 - P.D. only,99 - Other,Centrepointe
13268,THORNDALE DR btwn WALKLEY RD & PROVOST DR,369473.1776,5025414.548,-75.67441104,45.36569055,2016-08-24,14:53,01 - Clear,01 - Dry,10 - No control,01 - Non intersection,01 - Daylight,03 - P.D. only,06 - SMV unattended vehicle,Hunt Club Woods - Quintarra - Revelstoke - Riverside South P
13269,THORSON AVE btwn STANTON RD & SOUTHWOOD DR,361169.0924,5023029.913,-75.78068017,45.34495073,2016-11-23,1:40,01 - Clear,05 - Packed snow,10 - No control,01 - Non intersection,07 - Dark,03 - P.D. only,06 - SMV unattended vehicle,Iris
13270,THURLOW ST btwn GLENMORE ST & PRINCESS LOUISE DR,383420.5573,5038124.551,-75.49436175,45.47861907,2016-12-09,9:33,03 - Snow,06 - Ice,10 - No control,04 - At/near private drive,01 - Daylight,03 - P.D. only,06 - SMV unattended vehicle,Fallingbrook
13271,THURSTON DR btwn CONROY RD & THOMAS SPRATT PL,373293.1375,5026831.187,-75.62545624,45.37807403,2016-02-11,16:23,01 - Clear,01 - Dry,10 - No control,01 - Non intersection,01 - Daylight,03 - P.D. only,05 - Turning movement,Industrial Park
13272,THURSTON DR btwn CONROY RD & THOMAS SPRATT PL,373559.2954,5026977.548,-75.62203787,45.37936485,2016-02-09,8:41,03 - Snow,03 - Loose snow,10 - No control,01 - Non intersection,01 - Daylight,03 - P.D. only,03 - Rear end,Industrial Park
13273,THURSTON DR btwn CONROY RD & THOMAS SPRATT PL,373254.0266,5026813.558,-75.62595801,45.37791923,2016-03-02,17:07,01 - Clear,03 - Loose snow,10 - No control,04 - At/near private drive,01 - Daylight,03 - P.D. only,02 - Angle,Industrial Park
13274,THURSTON DR btwn CONROY RD & THOMAS SPRATT PL,373518.8347,5026957.347,-75.62255725,45.37918706,2016-04-15,14:03,01 - Clear,01 - Dry,10 - No control,01 - Non intersection,01 - Daylight,03 - P.D. only,06 - SMV unattended vehicle,Industrial Park
13275,THURSTON DR btwn CONROY RD & THOMAS SPRATT PL,373706.5111,5027063.379,-75.62014637,45.38012266,2016-04-23,9:01,01 - Clear,01 - Dry,10 - No control,04 - At/near private drive,01 - Daylight,03 - P.D. only,05 - Turning movement,Industrial Park
13276,THURSTON DR btwn ST. LAURENT BLVD & THOMAS SPRATT PL,373719.0857,5027422.608,-75.61993568,45.3833536,2016-04-13,10:57,01 - Clear,01 - Dry,10 - No control,04 - At/near private drive,01 - Daylight,03 - P.D. only,02 - Angle,Industrial Park
13277,TILLBURY AVE @ WINDERMERE AVE,362614.5171,5026745.472,-75.76180212,45.37826533,2016-11-24,11:30,03 - Snow,05 - Packed snow,02 - Stop sign,03 - At intersection,01 - Daylight,03 - P.D. only,03 - Rear end,Carlingwood - McKellar Park - Laurentien View
13278,TILLBURY AVE btwn EDISON AVE & CHURCHILL AVE N,363739.5584,5027089.121,-75.74739737,45.3812637,2016-05-17,6:37,01 - Clear,01 - Dry,10 - No control,01 - Non intersection,01 - Daylight,03 - P.D. only,06 - SMV unattended vehicle,Westboro
13279,TILLSONBURG ST btwn GUELPH PRIV & WALLACEBURG CRT,349095.1086,5019473.742,-75.9350646,45.31381775,2016-10-12,0:00,01 - Clear,01 - Dry,10 - No control,01 - Non intersection,00 - Unknown,03 - P.D. only,06 - SMV unattended vehicle,Kanata Lakes - Marchwood Lakeside - Morgan's Grant - Kanata
13280,TIMBERLINE PRIV @ CRESTHAVEN DR,366725.0763,5015489.945,-75.71072958,45.27663852,2016-11-22,8:43,01 - Clear,04 - Slush,02 - Stop sign,03 - At intersection,01 - Daylight,03 - P.D. only,02 - Angle,Chapman Mills - Rideau Crest - Davidson Heights
13281,TIMBERTRAIL TER btwn RUSTIC HILLS CRES & VALIN ST,386786.3744,5037612.418,-75.45140205,45.47362432,2016-12-28,9:15,01 - Clear,02 - Wet,10 - No control,04 - At/near private drive,01 - Daylight,03 - P.D. only,06 - SMV unattended vehicle,Cardinal Creek
13282,TIMM DR btwn EAGLESON RD & HAANEL DR,353710.3205,5019609.136,-75.87619262,45.31472975,2016-07-05,21:45,01 - Clear,01 - Dry,10 - No control,01 - Non intersection,07 - Dark,03 - P.D. only,07 - SMV other,Greenbelt
13283,TIMM DR btwn HAANEL DR & MOODIE DR,355238.9515,5020069.009,-75.85665069,45.31875962,2016-02-23,2:32,01 - Clear,01 - Dry,10 - No control,01 - Non intersection,07 - Dark,03 - P.D. only,07 - SMV other,Greenbelt
13284,TIMM DR btwn HAANEL DR & MOODIE DR,356785.6297,5021071.093,-75.83681891,45.32766366,2016-01-18,5:29,03 - Snow,03 - Loose snow,10 - No control,01 - Non intersection,07 - Dark,03 - P.D. only,07 - SMV other,Greenbelt
13285,TIMM DR btwn HAANEL DR & MOODIE DR,356804.8825,5021080.577,-75.83657232,45.32774757,2016-12-17,13:26,03 - Snow,04 - Slush,10 - No control,01 - Non intersection,01 - Daylight,03 - P.D. only,07 - SMV other,Greenbelt
13286,TIMMINS RD btwn KINBURN SIDE RD & END,324066.2336,5021583.555,-76.25419342,45.33393599,2016-12-09,20:30,01 - Clear,01 - Dry,10 - No control,01 - Non intersection,07 - Dark,03 - P.D. only,07 - SMV other,Mississipp
13287,TOMPKINS AVE btwn HAYES ST & MCEACHERN CRES,382500.4777,5037744.52,-75.50618884,45.47530288,2016-10-26,8:54,01 - Clear,01 - Dry,10 - No control,04 - At/near private drive,01 - Daylight,03 - P.D. only,06 - SMV unattended vehicle,Queenswood Heights
13288,TOMPKINS AVE btwn LEFEBVRE WAY & TENTH LINE RD,383091.9344,5037939.55,-75.49859402,45.47699152,2016-06-21,6:30,01 - Clear,01 - Dry,10 - No control,01 - Non intersection,01 - Daylight,03 - P.D. only,07 - SMV other,Queenswood Heights
13289,TOPLEY CRES btwn KARSH DR & KEYS WAY (2),373812.5908,5026381.841,-75.61888727,45.37398003,2016-02-16,16:00,03 - Snow,03 - Loose snow,10 - No control,04 - At/near private drive,01 - Daylight,03 - P.D. only,02 - Angle,Hunt Club
13290,TORSA CRT btwn DUMAURIER AVE & END,359744.6009,5023571.274,-75.79879642,45.34993492,2016-05-23,9:10,01 - Clear,01 - Dry,10 - No control,01 - Non intersection,01 - Daylight,03 - P.D. only,05 - Turning movement,Whitehaven - Queensway Terrace North
13291,TORWOOD DR btwn FARM LANE & VANCES SIDE RD,342257.8635,5037554.64,-76.02088993,45.47691286,2016-10-17,8:18,01 - Clear,01 - Dry,10 - No control,01 - Non intersection,01 - Daylight,03 - P.D. only,07 - SMV other,Torwoo
13292,TORWOOD DR btwn KERSCOTT HEIGHTS WAY & THOMAS A. DOLAN PKWY,345142.6481,5034510.147,-75.98424299,45.4493574,2016-10-05,7:48,01 - Clear,01 - Dry,10 - No control,01 - Non intersection,01 - Daylight,03 - P.D. only,07 - SMV other,Car
13293,TORWOOD DR btwn VANCES SIDE RD & KERSCOTT HEIGHTS WAY,343362.5895,5036403.112,-76.00685067,45.4664911,2016-02-20,22:38,02 - Rain,06 - Ice,10 - No control,01 - Non intersection,07 - Dark,03 - P.D. only,07 - SMV other,Baskin'
13294,TOTTERIDGE AVE @ FAIRLOP WAY,364690.2521,5016226.373,-75.73657336,45.28344116,2016-02-02,8:20,01 - Clear,01 - Dry,03 - Yield sign,03 - At intersection,01 - Daylight,03 - P.D. only,02 - Angle,New Barrhaven
13295,TOULON ST btwn JAMISON AVE & JAMISON AVE,381948.9407,5037685.784,-75.51325132,45.47483558,2016-12-16,0:00,03 - Snow,03 - Loose snow,10 - No control,01 - Non intersection,00 - Unknown,03 - P.D. only,06 - SMV unattended vehicle,Queenswood Heights
13296,TRACY AVE btwn ASH ST & END,357250.1755,5020801.368,-75.83092167,45.32520209,2016-09-21,23:01,01 - Clear,01 - Dry,10 - No control,01 - Non intersection,07 - Dark,03 - P.D. only,06 - SMV unattended vehicle,Bells Corners East
13297,TRADEWINDS DR btwn PENDERBROOK AVE & HEATHWOOD GT,367408.7783,5016503.953,-75.70188834,45.28570192,2016-05-03,11:57,01 - Clear,01 - Dry,10 - No control,01 - Non intersection,01 - Daylight,03 - P.D. only,07 - SMV other,Greenbelt
13298,TRAIL SIDE CIRC btwn PINE VISTA DR & PINE VISTA DR,387434.6898,5037649.06,-75.44310541,45.47387757,2016-02-06,2:00,03 - Snow,02 - Wet,10 - No control,01 - Non intersection,07 - Dark,03 - P.D. only,06 - SMV unattended vehicle,Cardinal Creek
13299,TRAINYARDS DR @ RAILMARKET,371756.5353,5030716.14,-75.6445466,45.41317779,2016-03-28,21:00,01 - Clear,02 - Wet,01 - Traffic signal,03 - At intersection,07 - Dark,02 - Non-fatal injury,02 - Angle,Industrial Park
13300,TRAINYARDS DR @ RAILMARKET,371755.2033,5030717.042,-75.6445635,45.41318604,2016-11-16,9:43,02 - Rain,02 - Wet,01 - Traffic signal,03 - At intersection,01 - Daylight,02 - Non-fatal injury,02 - Angle,Industrial Park
13301,TRAINYARDS DR @ RAILMARKET,371755.6372,5030717.262,-75.64455792,45.41318798,2016-05-16,15:30,01 - Clear,01 - Dry,01 - Traffic signal,02 - Intersection related,01 - Daylight,03 - P.D. only,04 - Sideswipe,Industrial Park
13302,TRAINYARDS DR @ RAILMARKET,371756.6901,5030715.192,-75.64454475,45.41316925,2016-12-09,7:25,01 - Clear,01 - Dry,01 - Traffic signal,02 - Intersection related,03 - Dawn,03 - P.D. only,03 - Rear end,Industrial Park
13303,TRAMONTANA PL btwn HUNTMAR DR & ROSEHILL AVE,350478.9045,5016531.776,-75.91768776,45.28725644,2016-01-23,12:11,01 - Clear,05 - Packed snow,10 - No control,01 - Non intersection,01 - Daylight,03 - P.D. only,06 - SMV unattended vehicle,Stittsville
13304,TRANSITWAY - LINCOLN FIEL @ OTTAWA RIVER PKWY ,360925.4427,5025500.812,-75.78350858,45.36720331,2016-07-11,16:46,01 - Clear,01 - Dry,01 - Traffic signal,02 - Intersection related,01 - Daylight,03 - P.D. only,03 - Rear end,Woodroffe - Lincoln Heights
13305,TREATY CRT btwn SILVESTRI CRES & END,373291.3815,5032558.444,-75.62468318,45.4296054,2016-07-12,19:05,01 - Clear,01 - Dry,10 - No control,04 - At/near private drive,01 - Daylight,03 - P.D. only,06 - SMV unattended vehicle,Carson Grove - Carson Meadows
13306,TREMBLAY RD btwn AVENUE K & AVENUE L,371457.4841,5031309.565,-75.64828666,45.41854573,2016-04-14,13:12,01 - Clear,01 - Dry,10 - No control,04 - At/near private drive,01 - Daylight,03 - P.D. only,03 - Rear end,Industrial Park
13307,TREMBLAY RD btwn RIVERSIDE DR & TRAIN STATION,370892.0379,5031042.949,-75.6555466,45.41620047,2016-09-15,16:00,01 - Clear,01 - Dry,10 - No control,01 - Non intersection,01 - Daylight,03 - P.D. only,03 - Rear end,Industrial Park
13308,TREMBLAY RD btwn RIVERSIDE DR & TRAIN STATION,370853.669,5031017.272,-75.65604022,45.41597306,2016-08-12,16:15,02 - Rain,02 - Wet,10 - No control,01 - Non intersection,01 - Daylight,03 - P.D. only,07 - SMV other,Industrial Park
13309,TRENHOLM LANE btwn COMO CRES & VARENNES BLVD,385042.9705,5037790.302,-75.47366733,45.47542725,2016-02-06,11:00,01 - Clear,01 - Dry,10 - No control,04 - At/near private drive,01 - Daylight,03 - P.D. only,99 - Other,Fallingbrook
13310,TRENTON AVE btwn HOLLINGTON ST & VALE ST,365448.0889,5026708.546,-75.72562977,45.37769353,2016-03-17,0:00,02 - Rain,02 - Wet,10 - No control,04 - At/near private drive,00 - Unknown,03 - P.D. only,06 - SMV unattended vehicle,Carlington
13311,TRIM RD @ DAIRY DR/TAYLOR CREEK DR,384535.1252,5039595.56,-75.47986866,45.49172739,2016-03-24,14:21,03 - Snow,04 - Slush,11 - Roundabout,02 - Intersection related,01 - Daylight,02 - Non-fatal injury,03 - Rear end,Industrial Park
13312,TRIM RD @ DAIRY DR/TAYLOR CREEK DR,384534.5155,5039596.194,-75.47987636,45.49173316,2016-06-26,11:00,01 - Clear,01 - Dry,11 - Roundabout,03 - At intersection,01 - Daylight,03 - P.D. only,03 - Rear end,Industrial Park
13313,TRIM RD @ DAIRY DR/TAYLOR CREEK DR,384536.122,5039594.052,-75.47985616,45.49171371,2016-10-03,16:43,01 - Clear,01 - Dry,11 - Roundabout,02 - Intersection related,01 - Daylight,03 - P.D. only,03 - Rear end,Industrial Park
13314,TRIM RD @ DAIRY DR/TAYLOR CREEK DR,384534.3776,5039595.167,-75.47987829,45.49172394,2016-04-17,16:33,01 - Clear,01 - Dry,11 - Roundabout,03 - At intersection,01 - Daylight,03 - P.D. only,02 - Angle,Industrial Park
13315,TRIM RD @ SPRINGRIDGE DR N,385392.7714,5038357.809,-75.46910088,45.48049283,2016-09-03,12:23,01 - Clear,01 - Dry,02 - Stop sign,02 - Intersection related,01 - Daylight,02 - Non-fatal injury,03 - Rear end,Cardinal Creek
13316,TRIM RD @ VALIN ST,386438.2395,5037556.787,-75.45586316,45.47316459,2016-06-16,0:06,01 - Clear,01 - Dry,01 - Traffic signal,03 - At intersection,07 - Dark,02 - Non-fatal injury,07 - SMV other,Cardinal Creek
13317,TRIM RD @ VALIN ST,386437.7885,5037555.434,-75.45586915,45.47315247,2016-06-05,14:00,02 - Rain,02 - Wet,01 - Traffic signal,02 - Intersection related,01 - Daylight,03 - P.D. only,99 - Other,Cardinal Creek
13318,TRIM RD @ VALIN ST,386437.1858,5037556.147,-75.45587674,45.47315896,2016-12-20,6:35,01 - Clear,06 - Ice,01 - Traffic signal,02 - Intersection related,07 - Dark,03 - P.D. only,03 - Rear end,Cardinal Creek
13319,TRIM RD @ WALL RD,387627.9585,5034668.285,-75.44113609,45.44703677,2016-12-18,14:35,01 - Clear,02 - Wet,02 - Stop sign,03 - At intersection,01 - Daylight,03 - P.D. only,04 - Sideswipe,Navan - Vars
13320,TRIM RD @ WATTERS RD,384963.9935,5038718.235,-75.47452585,45.48378496,2016-10-15,8:48,01 - Clear,01 - Dry,01 - Traffic signal,03 - At intersection,01 - Daylight,02 - Non-fatal injury,02 - Angle,Cardinal Creek
13321,TRIM RD @ WATTERS RD,384964.4326,5038717.795,-75.47452031,45.48378095,2016-11-08,17:43,01 - Clear,01 - Dry,01 - Traffic signal,03 - At intersection,07 - Dark,02 - Non-fatal injury,02 - Angle,Cardinal Creek
13322,TRIM RD @ WATTERS RD,384963.5544,5038717.795,-75.47453154,45.48378105,2016-01-04,17:40,01 - Clear,01 - Dry,01 - Traffic signal,03 - At intersection,07 - Dark,03 - P.D. only,05 - Turning movement,Cardinal Creek
13323,TRIM RD @ WATTERS RD,384964.8766,5038718.698,-75.47451448,45.48378902,2016-04-28,9:08,01 - Clear,01 - Dry,01 - Traffic signal,03 - At intersection,01 - Daylight,03 - P.D. only,02 - Angle,Cardinal Creek
13324,TRIM RD @ WATTERS RD,384965.324,5038718.696,-75.47450876,45.48378895,2016-03-11,17:47,01 - Clear,01 - Dry,01 - Traffic signal,03 - At intersection,01 - Daylight,03 - P.D. only,02 - Angle,Cardinal Creek
13325,TRIM RD @ WATTERS RD,384960.7961,5038712.895,-75.47456762,45.48373728,2016-12-24,9:30,03 - Snow,04 - Slush,01 - Traffic signal,02 - Intersection related,01 - Daylight,03 - P.D. only,03 - Rear end,Cardinal Creek
13326,TRIM RD btwn BRIARGATE PRIV & INNES RD,386508.1041,5037413.321,-75.45499361,45.47186566,2016-01-16,11:01,03 - Snow,04 - Slush,10 - No control,01 - Non intersection,01 - Daylight,03 - P.D. only,07 - SMV other,Cardinal Creek
13327,TRIM RD btwn BRIARGATE PRIV & INNES RD,386519.859,5037385.492,-75.45484793,45.47161391,2016-12-21,7:07,01 - Clear,02 - Wet,10 - No control,04 - At/near private drive,03 - Dawn,03 - P.D. only,05 - Turning movement,Cardinal Creek
13328,TRIM RD btwn HENN DR & SMITH RD,388623.8062,5032205.621,-75.42882682,45.42476156,2016-09-22,21:00,02 - Rain,02 - Wet,10 - No control,01 - Non intersection,07 - Dark,03 - P.D. only,03 - Rear end,Navan
13329,TRIM RD btwn NAVAN RD & HENN DR,388593.1791,5032290.374,-75.42920371,45.42552775,2016-11-15,15:21,01 - Clear,01 - Dry,10 - No control,01 - Non intersection,01 - Daylight,02 - Non-fatal injury,05 - Turning movement,Navan
13330,TRIM RD btwn NORTH SERVICE RD & END,384177.8045,5040413.552,-75.48430719,45.49912762,2016-05-11,18:58,01 - Clear,01 - Dry,10 - No control,04 - At/near private drive,01 - Daylight,02 - Non-fatal injury,99 - Other,Cumberland - Estates
13331,TRIM RD btwn NORTH SERVICE RD & REGIONAL ROAD 174,384275.1781,5040173.764,-75.48310027,45.49695916,2016-02-13,14:33,01 - Clear,05 - Packed snow,10 - No control,01 - Non intersection,01 - Daylight,03 - P.D. only,07 - SMV other,Chatelaine Village
13332,TRIM RD btwn PERRAULT RD & END,389957.7343,5028812.218,-75.41236997,45.39407015,2016-08-15,3:20,01 - Clear,01 - Dry,10 - No control,01 - Non intersection,07 - Dark,03 - P.D. only,07 - SMV other,Navan - Vars
13333,TRIM RD btwn PINNACLE ST & WALL RD (2),387593.1759,5034754.413,-75.44156618,45.44781578,2016-11-22,21:50,01 - Clear,01 - Dry,10 - No control,01 - Non intersection,07 - Dark,03 - P.D. only,07 - SMV other,Avalon
13334,TRIM RD btwn SPRINGRIDGE DR & PORTOBELLO BLVD,385628.7102,5038143.735,-75.4661186,45.47853953,2016-04-06,21:00,03 - Snow,04 - Slush,10 - No control,01 - Non intersection,07 - Dark,03 - P.D. only,07 - SMV other,Springridge
13335,TRIM RD btwn TAYLOR CREEK DR & ST. JOSEPH BLVD,384654.3597,5039363.198,-75.47838122,45.48962319,2016-10-24,15:35,01 - Clear,01 - Dry,10 - No control,01 - Non intersection,01 - Daylight,03 - P.D. only,03 - Rear end,Cumberland - Estates
13336,TRIM RD btwn WALL RD & NAVAN RD,388090.1906,5033570.991,-75.43541369,45.43710952,2016-07-26,21:35,01 - Clear,01 - Dry,10 - No control,01 - Non intersection,07 - Dark,02 - Non-fatal injury,01 - Approaching,Navan - Vars
13337,TRIM RD btwn WALL RD & NAVAN RD,387666.2867,5034575.891,-75.44066175,45.44620096,2016-07-26,0:09,01 - Clear,01 - Dry,10 - No control,01 - Non intersection,07 - Dark,02 - Non-fatal injury,07 - SMV other,Navan - Vars
13338,TRIM RD btwn WALL RD & NAVAN RD,387703.2104,5034487.529,-75.4402047,45.44540159,2016-11-29,7:11,02 - Rain,06 - Ice,10 - No control,01 - Non intersection,03 - Dawn,03 - P.D. only,01 - Approaching,Navan - Vars
13339,TRIM RD btwn WATTERS RD & SPRINGRIDGE DR,384999.1197,5038681.791,-75.47408254,45.48345304,2016-02-03,7:31,04 - Freezing Rain,06 - Ice,10 - No control,01 - Non intersection,01 - Daylight,03 - P.D. only,07 - SMV other,Cardinal Creek
13340,TUPPER AVE btwn JOLIFFE ST & RUSSELL RD,374250.1103,5028739.021,-75.6129703,45.39514562,2016-11-24,21:59,02 - Rain,03 - Loose snow,10 - No control,01 - Non intersection,07 - Dark,03 - P.D. only,06 - SMV unattended vehicle,Hawthorne Meadows