Record,Location,X,Y,lon,lat,Date,Time,Environment,Road_Surface,Traffic_Control,Collision_Location,Light,Collision_Classification,Impact_type,Neighborhood
13341,TUPPER AVE btwn JOLIFFE ST & RUSSELL RD,374246.7977,5028733.224,-75.61301342,45.39509379,2016-11-29,0:00,04 - Freezing Rain,02 - Wet,10 - No control,01 - Non intersection,00 - Unknown,03 - P.D. only,06 - SMV unattended vehicle,Hawthorne Meadows
13342,TURN LANE btwn Continuation of TURN LANE & WELLINGTON ST (3),366509.7715,5031345.554,-75.71149509,45.41932343,2016-02-25,15:43,01 - Clear,02 - Wet,10 - No control,01 - Non intersection,01 - Daylight,03 - P.D. only,03 - Rear end,LeBreton Flats
13343,TURNSTONE CRT btwn KINGLET WAY & KINGLET WAY,382015.3518,5038986.223,-75.51219759,45.48652845,2016-07-03,21:30,01 - Clear,01 - Dry,10 - No control,01 - Non intersection,07 - Dark,03 - P.D. only,06 - SMV unattended vehicle,Chatelaine Village
13344,TWEEDSMUIR AVE @ SCOTT ST,363397.2208,5028776.826,-75.75156793,45.39647812,2016-10-03,8:03,01 - Clear,01 - Dry,01 - Traffic signal,02 - Intersection related,01 - Daylight,02 - Non-fatal injury,03 - Rear end,Westboro
13345,TWEEDSMUIR AVE @ SCOTT ST,363396.9108,5028775.431,-75.75157206,45.39646559,2016-06-09,12:15,01 - Clear,01 - Dry,01 - Traffic signal,03 - At intersection,01 - Daylight,03 - P.D. only,02 - Angle,Westboro
13346,TWEEDSMUIR AVE btwn CURRELL AVE & END,364007.9454,5027314.155,-75.74394364,45.38326588,2016-08-25,9:26,01 - Clear,01 - Dry,10 - No control,01 - Non intersection,01 - Daylight,03 - P.D. only,06 - SMV unattended vehicle,Westboro
13347,TWIN FALLS PL btwn CANYON WALK DR & CANYON WALK DR,368531.9062,5016721.36,-75.68754466,45.28755718,2016-08-05,18:02,01 - Clear,01 - Dry,10 - No control,01 - Non intersection,01 - Daylight,03 - P.D. only,06 - SMV unattended vehicle,Gloucester
13348,TWYFORD ST btwn MCCARTHY RD & CAHILL DR W,369849.2167,5023498.715,-75.6698633,45.34841764,2016-09-19,8:22,01 - Clear,01 - Dry,10 - No control,04 - At/near private drive,01 - Daylight,03 - P.D. only,06 - SMV unattended vehicle,Hunt Club East - Western Community
13349,ULLSWATER DR @ CARLING AVE,356488.6521,5023809.705,-75.8403211,45.35232787,2016-10-07,14:50,01 - Clear,01 - Dry,02 - Stop sign,02 - Intersection related,01 - Daylight,03 - P.D. only,03 - Rear end,Crystal Bay - Lakeview Park - Britannia Village
13350,ULLSWATER DR btwn ROCHE PL & CRYSTAL BEACH DR,356868.3945,5023531.814,-75.8355042,45.3497993,2016-06-20,18:02,01 - Clear,01 - Dry,10 - No control,01 - Non intersection,01 - Daylight,03 - P.D. only,07 - SMV other,Crystal Bay - Lakeview Park - Britannia Village
13351,UNIVERSITY RD btwn CAMPUS AVE & BRONSON AVE,367856.9646,5028050.877,-75.69470416,45.38955881,2016-01-13,20:15,01 - Clear,02 - Wet,10 - No control,01 - Non intersection,07 - Dark,03 - P.D. only,05 - Turning movement,Carleton University
13352,UPCOUNTRY DR btwn BAYWOOD DR & HARTSMERE DR,351078.7069,5011903.818,-75.91047314,45.24557332,2016-07-30,15:49,01 - Clear,01 - Dry,10 - No control,04 - At/near private drive,01 - Daylight,03 - P.D. only,06 - SMV unattended vehicle,Stittsville
13353,UPLANDS DR @ AIRPORT PKWY RAMP 35,371123.1387,5021373.97,-75.65389249,45.32918049,2016-10-30,2:07,01 - Clear,02 - Wet,01 - Traffic signal,03 - At intersection,07 - Dark,02 - Non-fatal injury,02 - Angle,Greenbelt
13354,UPLANDS DR @ AIRPORT PKWY RAMP 35,371124.3936,5021373.307,-75.65387657,45.32917441,2016-01-15,13:05,01 - Clear,02 - Wet,01 - Traffic signal,02 - Intersection related,01 - Daylight,03 - P.D. only,03 - Rear end,Greenbelt
13355,UPLANDS DR btwn HUNT CLUB RD & UPLANDS DR,370164.7806,5023098.592,-75.66588949,45.3447881,2016-04-22,21:08,01 - Clear,01 - Dry,10 - No control,04 - At/near private drive,07 - Dark,03 - P.D. only,02 - Angle,Hunt Club East - Western Community
13356,UPLANDS DR btwn LILLICO DR & CAHILL DR W,370051.9836,5023269.822,-75.66730613,45.34633928,2016-03-01,7:28,01 - Clear,02 - Wet,10 - No control,01 - Non intersection,01 - Daylight,03 - P.D. only,05 - Turning movement,Hunt Club East - Western Community
13357,UPLANDS DR btwn RATAN CRT & ROYALTON PRIV,369144.9428,5023559.904,-75.67884212,45.34903316,2016-12-24,5:45,01 - Clear,02 - Wet,10 - No control,01 - Non intersection,07 - Dark,03 - P.D. only,06 - SMV unattended vehicle,Hunt Club East - Western Community
13358,UPLANDS DR btwn ROYALTON PRIV & PAUL ANKA DR,369361.6539,5023615.924,-75.67606947,45.3495173,2016-09-22,11:53,01 - Clear,01 - Dry,10 - No control,01 - Non intersection,01 - Daylight,03 - P.D. only,06 - SMV unattended vehicle,Hunt Club East - Western Community
13359,UPMINSTER WAY @ GOSPEL OAK DR,364894.3782,5016337.748,-75.73395809,45.28442589,2016-02-22,8:45,01 - Clear,01 - Dry,02 - Stop sign,02 - Intersection related,01 - Daylight,03 - P.D. only,06 - SMV unattended vehicle,New Barrhaven
13360,UPMINSTER WAY btwn FAIRLOP WAY & TOTTERIDGE AVE,364654.6507,5016203.629,-75.73702988,45.28323954,2016-12-04,0:00,01 - Clear,01 - Dry,10 - No control,01 - Non intersection,00 - Unknown,03 - P.D. only,06 - SMV unattended vehicle,New Barrhaven
13361,UPPER DWYER HILL RD @ MCARTON RD,340118.6111,5007541.887,-76.05039418,45.2069574,2016-05-07,11:40,01 - Clear,01 - Dry,02 - Stop sign,03 - At intersection,01 - Daylight,02 - Non-fatal injury,07 - SMV other,Munster Hamlet - Richmond
13362,UPPER DWYER HILL RD @ MCARTON RD,340116.3898,5007541.218,-76.0504225,45.20695149,2016-11-25,10:15,01 - Clear,02 - Wet,02 - Stop sign,03 - At intersection,01 - Daylight,03 - P.D. only,02 - Angle,Munster Hamlet - Richmond
13363,UPPER DWYER HILL RD @ VAUGHAN SIDE RD,331998.7756,5016530.745,-76.15326571,45.28820529,2016-09-08,8:48,01 - Clear,01 - Dry,02 - Stop sign,03 - At intersection,01 - Daylight,02 - Non-fatal injury,05 - Turning movement,Carp - Hardwood Plains
13364,UPPER DWYER HILL RD btwn CARROLL SIDE RD & MARCH RD,333378.3339,5015047.513,-76.13576465,45.27480354,2016-08-20,21:22,01 - Clear,01 - Dry,10 - No control,01 - Non intersection,07 - Dark,03 - P.D. only,07 - SMV other,Carp - Hardwood Plains
13365,UPPER DWYER HILL RD btwn CARROLL SIDE RD & MARCH RD,333875.1639,5014511.137,-76.12946401,45.26995654,2016-07-03,7:19,01 - Clear,01 - Dry,10 - No control,01 - Non intersection,01 - Daylight,03 - P.D. only,07 - SMV other,Carp - Hardwood Plains
13366,UPPER DWYER HILL RD btwn CARROLL SIDE RD & MARCH RD,334001.813,5014379.111,-76.12785778,45.26876324,2016-12-15,22:41,01 - Clear,02 - Wet,10 - No control,01 - Non intersection,07 - Dark,03 - P.D. only,07 - SMV other,Carp - Hardwood Plains
13367,UPPER DWYER HILL RD btwn GALETTA SIDE RD & RITCHIE SIDE RD,322918.3403,5026641.619,-76.2686532,45.37948201,2016-06-19,21:42,01 - Clear,01 - Dry,10 - No control,01 - Non intersection,07 - Dark,03 - P.D. only,07 - SMV other,Mississipp
13368,UPPER DWYER HILL RD btwn GRAINGER PARK RD & PANMURE RD,329311.3273,5019856.881,-76.18736072,45.31823477,2016-11-30,12:27,01 - Clear,02 - Wet,10 - No control,01 - Non intersection,01 - Daylight,03 - P.D. only,07 - SMV other,Car
13369,UPPER DWYER HILL RD btwn HAMILTON SIDE RD & MCARTON RD,338758.6478,5009104.145,-76.06759948,45.22108242,2016-01-01,6:00,01 - Clear,03 - Loose snow,10 - No control,01 - Non intersection,07 - Dark,03 - P.D. only,07 - SMV other,Stittsville - Basswood
13370,UPPER DWYER HILL RD btwn HAMILTON SIDE RD & MCARTON RD,340057.5674,5007611.478,-76.05116631,45.20758668,2016-03-17,6:55,01 - Clear,06 - Ice,10 - No control,01 - Non intersection,01 - Daylight,03 - P.D. only,07 - SMV other,Stittsville - Basswood
13371,UPPER DWYER HILL RD btwn HAMILTON SIDE RD & MCARTON RD,339535.8848,5008201.597,-76.05776605,45.21292285,2016-11-28,6:54,01 - Clear,02 - Wet,10 - No control,04 - At/near private drive,03 - Dawn,03 - P.D. only,07 - SMV other,Stittsville - Basswood
13372,UPPER DWYER HILL RD btwn MANTIL SIDE RD & VAUGHAN SIDE RD,330580.7628,5018262.655,-76.17125242,45.30384352,2016-11-12,3:07,01 - Clear,01 - Dry,10 - No control,01 - Non intersection,07 - Dark,03 - P.D. only,07 - SMV other,Carp - Hardwood Plains
13373,UPPER DWYER HILL RD btwn MANTIL SIDE RD & VAUGHAN SIDE RD,330293.9632,5018622.961,-76.174891,45.30709624,2016-10-08,21:40,01 - Clear,01 - Dry,10 - No control,01 - Non intersection,07 - Dark,03 - P.D. only,07 - SMV other,Carp - Hardwood Plains
13374,UPPER DWYER HILL RD btwn MARCH RD & OLD ALMONTE RD,336001.4416,5012176.975,-76.10251379,45.24886123,2016-04-11,6:23,03 - Snow,04 - Slush,10 - No control,01 - Non intersection,01 - Daylight,02 - Non-fatal injury,07 - SMV other,Carp - Hardwood Plains
13375,UPPER DWYER HILL RD btwn MARCH RD & OLD ALMONTE RD,335452.4102,5012785.283,-76.10947042,45.25435928,2016-12-11,1:08,01 - Clear,01 - Dry,10 - No control,01 - Non intersection,07 - Dark,02 - Non-fatal injury,07 - SMV other,Carp - Hardwood Plains
13376,UPPER DWYER HILL RD btwn MARCH RD & OLD ALMONTE RD,336196.1572,5011960.296,-76.10004698,45.24690275,2016-01-21,22:25,01 - Clear,01 - Dry,10 - No control,01 - Non intersection,07 - Dark,03 - P.D. only,07 - SMV other,Carp - Hardwood Plains
13377,UPPER DWYER HILL RD btwn MARCH RD & OLD ALMONTE RD,334094.8558,5014276.619,-76.12667814,45.26783708,2016-02-13,12:45,03 - Snow,03 - Loose snow,10 - No control,01 - Non intersection,01 - Daylight,03 - P.D. only,03 - Rear end,Carp - Hardwood Plains
13378,UPPER DWYER HILL RD btwn MARCH RD & OLD ALMONTE RD,336643.0873,5011437.356,-76.09438721,45.24217694,2016-01-31,20:00,01 - Clear,02 - Wet,10 - No control,01 - Non intersection,07 - Dark,03 - P.D. only,07 - SMV other,Carp - Hardwood Plains
13379,UPPER DWYER HILL RD btwn MARCH RD & OLD ALMONTE RD,334562.5783,5013784.227,-76.1207473,45.2633866,2016-03-18,12:26,01 - Clear,01 - Dry,10 - No control,01 - Non intersection,01 - Daylight,03 - P.D. only,07 - SMV other,Carp - Hardwood Plains
13380,UPPER DWYER HILL RD btwn MARCH RD & OLD ALMONTE RD,334121.1785,5014251.763,-76.12634416,45.26761232,2016-06-18,8:05,01 - Clear,01 - Dry,10 - No control,01 - Non intersection,01 - Daylight,03 - P.D. only,07 - SMV other,Carp - Hardwood Plains
13381,UPPER DWYER HILL RD btwn MARCH RD & OLD ALMONTE RD,335509.9549,5012708.388,-76.10874203,45.25366483,2016-11-09,17:24,01 - Clear,01 - Dry,10 - No control,01 - Non intersection,07 - Dark,03 - P.D. only,07 - SMV other,Carp - Hardwood Plains
13382,UPPER DWYER HILL RD btwn MARCH RD & OLD ALMONTE RD,336742.1012,5011330.014,-76.09313291,45.24120653,2016-12-26,16:34,04 - Freezing Rain,06 - Ice,10 - No control,01 - Non intersection,05 - Dusk,03 - P.D. only,07 - SMV other,Carp - Hardwood Plains
13383,UPPER DWYER HILL RD btwn MARCH RD & OLD ALMONTE RD,334129.475,5014243.881,-76.12623891,45.26754104,2016-12-24,10:31,01 - Clear,01 - Dry,10 - No control,01 - Non intersection,01 - Daylight,03 - P.D. only,07 - SMV other,Carp - Hardwood Plains
13384,UPPER DWYER HILL RD btwn OLD ALMONTE RD & HAMILTON SIDE RD,336955.0331,5011081.88,-76.09043677,45.23896397,2016-12-13,10:02,01 - Clear,02 - Wet,10 - No control,01 - Non intersection,01 - Daylight,03 - P.D. only,07 - SMV other,Carp - Hardwood Plains
13385,UPPER DWYER HILL RD btwn VAUGHAN SIDE RD & CARROLL SIDE RD,333178.7748,5015261.923,-76.13829575,45.27674102,2016-02-20,8:11,02 - Rain,04 - Slush,10 - No control,01 - Non intersection,01 - Daylight,02 - Non-fatal injury,07 - SMV other,Carp - Hardwood Plains
13386,VACHON AVE btwn ALICE ST & DAGMAR AVE,369815.5596,5033716.582,-75.66894626,45.4403576,2016-09-05,0:00,01 - Clear,01 - Dry,10 - No control,01 - Non intersection,00 - Unknown,03 - P.D. only,06 - SMV unattended vehicle,Vanier North
13387,VALEMONT ST btwn CRESTHAVEN DR & CAMBERLEY ST,366828.8096,5015377.116,-75.70942167,45.27561415,2016-04-06,10:43,01 - Clear,01 - Dry,10 - No control,01 - Non intersection,01 - Daylight,03 - P.D. only,06 - SMV unattended vehicle,Chapman Mills - Rideau Crest - Davidson Heights
13388,VALENCEVILLE CRES btwn CHARDONNAY DR & CHARDONNAY DR,385210.3373,5036176.004,-75.47179112,45.4608841,2016-02-02,17:38,02 - Rain,02 - Wet,10 - No control,01 - Non intersection,07 - Dark,03 - P.D. only,06 - SMV unattended vehicle,Avalon
13389,VALEWOOD CRES btwn PAXTON LANE & WESTPARK DR,377374.0756,5033772.041,-75.57233432,45.44011284,2016-03-07,8:58,01 - Clear,01 - Dry,10 - No control,01 - Non intersection,01 - Daylight,03 - P.D. only,06 - SMV unattended vehicle,Blackburn Hamlet
13390,VALEWOOD CRES btwn VALECREST CRT & WESTPARK DR,377297.6578,5033648.478,-75.57332918,45.43900903,2016-06-05,1:32,01 - Clear,01 - Dry,10 - No control,01 - Non intersection,07 - Dark,03 - P.D. only,07 - SMV other,Blackburn Hamlet
13391,VALIN ST @ JERSEY ST,385545.3033,5037628.625,-75.46726995,45.47391474,2016-02-18,8:45,01 - Clear,06 - Ice,02 - Stop sign,03 - At intersection,01 - Daylight,03 - P.D. only,02 - Angle,Cardinal Creek
13392,VALIN ST @ WINSOME TER,385862.9746,5037437.043,-75.46323922,45.47215427,2016-01-18,7:46,01 - Clear,03 - Loose snow,02 - Stop sign,02 - Intersection related,03 - Dawn,03 - P.D. only,03 - Rear end,Cardinal Creek
13393,VALIN ST btwn GLANDRIEL CRES & TIMBERTRAIL TER,386820.6546,5037750.891,-75.45094057,45.47486613,2016-02-19,10:56,03 - Snow,03 - Loose snow,10 - No control,01 - Non intersection,01 - Daylight,03 - P.D. only,06 - SMV unattended vehicle,Cardinal Creek
13394,VALIN ST btwn NORTHLANDS DR & VARENNES BLVD,385103.1616,5037663.776,-75.47291827,45.47428197,2016-08-09,18:15,01 - Clear,01 - Dry,10 - No control,04 - At/near private drive,01 - Daylight,03 - P.D. only,06 - SMV unattended vehicle,Fallingbrook
13395,VALLEY DR btwn GOREN AVE & DAKOTA AVE,373699.371,5028208.016,-75.62007775,45.39042229,2016-05-15,2:57,01 - Clear,01 - Dry,10 - No control,04 - At/near private drive,07 - Dark,03 - P.D. only,07 - SMV other,Urbandale
13396,VALLEY STREAM DR btwn SHADOW CRT & SANDCASTLE DR,359396.3273,5021710.899,-75.80344607,45.33322243,2016-07-12,0:00,01 - Clear,01 - Dry,10 - No control,01 - Non intersection,00 - Unknown,03 - P.D. only,06 - SMV unattended vehicle,Briar Green - Leslie Park
13397,VANCES SIDE RD btwn GREENLAND RD & TORWOOD DR,343133.4618,5036246.659,-76.00979291,45.46509593,2016-06-10,21:15,01 - Clear,01 - Dry,10 - No control,01 - Non intersection,07 - Dark,03 - P.D. only,07 - SMV other,Car
13398,VANCES SIDE RD btwn GREENLAND RD & TORWOOD DR,342483.5337,5035690.856,-76.01814648,45.46013008,2016-06-09,22:12,01 - Clear,01 - Dry,10 - No control,01 - Non intersection,07 - Dark,03 - P.D. only,07 - SMV other,Car
13399,VANGUARD DR btwn VANTAGE DR & TENTH LINE RD,384008.5946,5035852.757,-75.48720747,45.4581131,2016-11-04,13:55,01 - Clear,01 - Dry,10 - No control,04 - At/near private drive,01 - Daylight,02 - Non-fatal injury,05 - Turning movement,Avalon
13400,VANIER PKWY NB btwn BEECHWOOD AVE/ ST. PATRICK ST/CRICHTON ST & DESCHA,369222.7657,5033454.275,-75.67655712,45.43805235,2016-01-30,15:18,01 - Clear,01 - Dry,10 - No control,01 - Non intersection,01 - Daylight,02 - Non-fatal injury,03 - Rear end,Lindenlea - New Edinburgh
13401,VANIER PKWY NB btwn BEECHWOOD AVE/ ST. PATRICK ST/CRICHTON ST & DESCHA,369197.9433,5033458.748,-75.67687378,45.43809488,2016-11-07,12:40,01 - Clear,01 - Dry,10 - No control,01 - Non intersection,01 - Daylight,02 - Non-fatal injury,03 - Rear end,Lindenlea - New Edinburgh
13402,VANIER PKWY NB btwn BEECHWOOD AVE/ ST. PATRICK ST/CRICHTON ST & DESCHA,369161.7515,5033467.672,-75.67733516,45.43817851,2016-08-26,9:48,01 - Clear,01 - Dry,10 - No control,01 - Non intersection,01 - Daylight,03 - P.D. only,03 - Rear end,Lindenlea - New Edinburgh
13403,VANIER PKWY NB btwn BEECHWOOD AVE/ ST. PATRICK ST/CRICHTON ST & DESCHA,369675.3548,5033355.305,-75.67078584,45.43712001,2016-06-24,14:14,01 - Clear,01 - Dry,10 - No control,01 - Non intersection,01 - Daylight,03 - P.D. only,04 - Sideswipe,Vanier North
13404,VANIER PKWY NB btwn BEECHWOOD AVE/ ST. PATRICK ST/CRICHTON ST & DESCHA,369197.5362,5033458.425,-75.67687902,45.43809201,2016-05-11,16:24,01 - Clear,01 - Dry,10 - No control,01 - Non intersection,01 - Daylight,03 - P.D. only,04 - Sideswipe,Lindenlea - New Edinburgh
13405,VANIER PKWY NB btwn BEECHWOOD AVE/ ST. PATRICK ST/CRICHTON ST & DESCHA,369308.7724,5033433.669,-75.67546061,45.43785901,2016-11-12,14:31,01 - Clear,01 - Dry,10 - No control,01 - Non intersection,01 - Daylight,03 - P.D. only,03 - Rear end,Lindenlea - New Edinburgh
13406,VANIER PKWY NB btwn BEECHWOOD AVE/ ST. PATRICK ST/CRICHTON ST & DESCHA,369317.0378,5033432.23,-75.67535516,45.4378453,2016-10-15,13:24,01 - Clear,01 - Dry,10 - No control,01 - Non intersection,01 - Daylight,03 - P.D. only,03 - Rear end,Lindenlea - New Edinburgh
13407,VANIER PKWY NB btwn COVENTRY RD & HWY417 IC117 RAMP62,370691.6487,5031598.684,-75.65803236,45.42121965,2016-02-26,14:44,01 - Clear,01 - Dry,10 - No control,01 - Non intersection,01 - Daylight,03 - P.D. only,04 - Sideswipe,Overbrook
13408,VANIER PKWY NB btwn DESCHAMPS AVE & MONTREAL RD,370068.3916,5033066.501,-75.665801,45.43448489,2016-07-26,12:40,01 - Clear,01 - Dry,10 - No control,01 - Non intersection,01 - Daylight,03 - P.D. only,04 - Sideswipe,Vanier
13409,VANIER PKWY NB btwn DONALD ST & QUEEN MARY ST,370335.8291,5032108.847,-75.66251068,45.42584331,2016-02-12,17:30,03 - Snow,03 - Loose snow,10 - No control,01 - Non intersection,05 - Dusk,03 - P.D. only,07 - SMV other,Overbrook
13410,VANIER PKWY NB btwn MCARTHUR AVE & VANIER PKWY,370242.9339,5032574.728,-75.66363577,45.43004381,2016-02-04,19:06,01 - Clear,01 - Dry,10 - No control,01 - Non intersection,07 - Dark,03 - P.D. only,03 - Rear end,Vanier South
13411,VANIER PKWY NB btwn MCARTHUR AVE & VANIER PKWY,370230.3406,5032641.629,-75.6637878,45.43064694,2016-10-26,21:17,01 - Clear,01 - Dry,10 - No control,01 - Non intersection,07 - Dark,03 - P.D. only,04 - Sideswipe,Vanier South
13412,VANIER PKWY NB btwn MONTREAL RD & MCARTHUR AVE,370213.0933,5032722.685,-75.66399744,45.43137786,2016-04-17,16:18,01 - Clear,01 - Dry,10 - No control,01 - Non intersection,01 - Daylight,02 - Non-fatal injury,03 - Rear end,Vanier South
13413,VANIER PKWY NB btwn MONTREAL RD & MCARTHUR AVE,370213.4361,5032717.809,-75.6639937,45.43133395,2016-11-27,10:44,01 - Clear,01 - Dry,10 - No control,01 - Non intersection,01 - Daylight,03 - P.D. only,04 - Sideswipe,Vanier South
13414,VANIER PKWY NB btwn PRESLAND RD & COVENTRY RD,370500.9453,5031714.288,-75.6604535,45.42227774,2016-12-08,18:55,03 - Snow,06 - Ice,10 - No control,01 - Non intersection,07 - Dark,03 - P.D. only,03 - Rear end,Overbrook
13415,VANIER PKWY NB btwn QUEEN MARY ST & PRESLAND RD,370378.6788,5031882.038,-75.66199336,45.42379856,2016-07-12,7:06,01 - Clear,01 - Dry,10 - No control,01 - Non intersection,01 - Daylight,03 - P.D. only,04 - Sideswipe,Overbrook
13416,VANIER PKWY NB btwn RIVERSIDE DR & HWY417 IC117 RAMP26,370804.5512,5031318.661,-75.65662735,45.41868947,2016-07-31,4:32,01 - Clear,01 - Dry,10 - No control,07 - Overpass or bridge,07 - Dark,02 - Non-fatal injury,03 - Rear end,Overbrook
13417,VANIER PKWY NB btwn RIVERSIDE DR & HWY417 IC117 RAMP26,370803.1894,5031341.126,-75.65664174,45.41889173,2016-01-05,18:00,01 - Clear,03 - Loose snow,10 - No control,01 - Non intersection,07 - Dark,03 - P.D. only,03 - Rear end,Overbrook
13418,VANIER PKWY NB btwn RIVERSIDE DR & HWY417 IC117 RAMP26,370809.0715,5031260.351,-75.65657741,45.4181644,2016-12-26,17:36,04 - Freezing Rain,06 - Ice,10 - No control,07 - Overpass or bridge,07 - Dark,03 - P.D. only,07 - SMV other,Overbrook
13419,VANIER PKWY NB btwn VANIER PKWY & DONALD ST,370308.8591,5032287.49,-75.66283154,45.42745319,2016-08-18,10:35,01 - Clear,01 - Dry,10 - No control,01 - Non intersection,01 - Daylight,03 - P.D. only,04 - Sideswipe,Vanier South
13420,VANIER PKWY SB btwn COVENTRY RD & HWY417 IC117 RAMP36,370699.3838,5031561.737,-75.65793847,45.42088648,2016-05-29,12:30,01 - Clear,01 - Dry,10 - No control,01 - Non intersection,01 - Daylight,03 - P.D. only,03 - Rear end,Overbrook
13421,VANIER PKWY SB btwn COVENTRY RD & HWY417 IC117 RAMP36,370763.2907,5031474.309,-75.65713367,45.42009382,2016-08-10,16:00,01 - Clear,01 - Dry,10 - No control,01 - Non intersection,01 - Daylight,03 - P.D. only,03 - Rear end,Overbrook
13422,VANIER PKWY SB btwn COVENTRY RD & HWY417 IC117 RAMP36,370713.4304,5031546.703,-75.65776102,45.42074989,2016-07-14,13:03,02 - Rain,02 - Wet,10 - No control,01 - Non intersection,01 - Daylight,03 - P.D. only,04 - Sideswipe,Overbrook
13423,VANIER PKWY SB btwn COVENTRY RD & HWY417 IC117 RAMP36,370694.6487,5031566.833,-75.65799829,45.42093278,2016-06-30,19:26,01 - Clear,01 - Dry,10 - No control,01 - Non intersection,01 - Daylight,03 - P.D. only,04 - Sideswipe,Overbrook
13424,VANIER PKWY SB btwn DESCHAMPS AVE & MONTREAL RD,370032.0951,5033081.618,-75.66626286,45.43462429,2016-09-20,13:39,01 - Clear,01 - Dry,10 - No control,01 - Non intersection,01 - Daylight,03 - P.D. only,04 - Sideswipe,Kingsview Park
13425,VANIER PKWY SB btwn DESCHAMPS AVE & MONTREAL RD,370043.2916,5033067.348,-75.66612166,45.43449485,2016-10-25,13:01,01 - Clear,01 - Dry,10 - No control,01 - Non intersection,01 - Daylight,03 - P.D. only,04 - Sideswipe,Kingsview Park
13426,VANIER PKWY SB btwn DONALD ST & QUEEN MARY ST,370307.5998,5032204.512,-75.66285867,45.42670671,2016-03-18,11:43,01 - Clear,01 - Dry,10 - No control,01 - Non intersection,01 - Daylight,03 - P.D. only,03 - Rear end,Overbrook
13427,VANIER PKWY SB btwn DONALD ST & QUEEN MARY ST,370349.4405,5031970.099,-75.66235523,45.42459363,2016-09-12,17:40,01 - Clear,01 - Dry,10 - No control,01 - Non intersection,01 - Daylight,03 - P.D. only,04 - Sideswipe,Overbrook
13428,VANIER PKWY SB btwn MCARTHUR AVE & VANIER PKWY,370213.478,5032660.924,-75.66400072,45.43082212,2016-10-12,11:05,01 - Clear,01 - Dry,10 - No control,01 - Non intersection,01 - Daylight,03 - P.D. only,04 - Sideswipe,Vanier South
13429,VANIER PKWY SB btwn MONTREAL RD & MCARTHUR AVE,370187.3634,5032788.669,-75.66431748,45.43197396,2016-06-14,13:03,01 - Clear,01 - Dry,10 - No control,01 - Non intersection,01 - Daylight,02 - Non-fatal injury,03 - Rear end,Vanier South
13430,VANIER PKWY SB btwn MONTREAL RD & MCARTHUR AVE,370112.5962,5032973.898,-75.66524836,45.43364756,2016-04-10,12:53,01 - Clear,01 - Dry,10 - No control,01 - Non intersection,01 - Daylight,03 - P.D. only,04 - Sideswipe,Vanier South
13431,VANIER PKWY SB btwn MONTREAL RD & MCARTHUR AVE,370195.4807,5032755.749,-75.66421812,45.431677,2016-05-28,12:40,01 - Clear,01 - Dry,10 - No control,01 - Non intersection,01 - Daylight,03 - P.D. only,04 - Sideswipe,Vanier South
13432,VANIER PKWY SB btwn MONTREAL RD & MCARTHUR AVE,370203.5568,5032711.003,-75.66412085,45.43127364,2016-11-15,9:24,01 - Clear,01 - Dry,10 - No control,01 - Non intersection,01 - Daylight,03 - P.D. only,99 - Other,Vanier South
13433,VANIER PKWY SB btwn MONTREAL RD & MCARTHUR AVE,370061.0742,5033046.931,-75.66589711,45.43430949,2016-12-14,13:53,01 - Clear,06 - Ice,10 - No control,01 - Non intersection,01 - Daylight,03 - P.D. only,99 - Other,Vanier South
13434,VANIER PKWY SB btwn PRESLAND RD & COVENTRY RD,370639.9414,5031609.947,-75.6586915,45.42132585,2016-02-17,14:05,03 - Snow,03 - Loose snow,10 - No control,01 - Non intersection,01 - Daylight,03 - P.D. only,07 - SMV other,Overbrook
13435,VANIER PKWY SB btwn PRESLAND RD & COVENTRY RD,370439.6032,5031745.48,-75.66123311,45.42256415,2016-01-13,8:46,01 - Clear,05 - Packed snow,10 - No control,01 - Non intersection,01 - Daylight,03 - P.D. only,04 - Sideswipe,Overbrook
13436,VANIER PKWY SB btwn QUEEN MARY ST & PRESLAND RD,370353.7216,5031932.946,-75.66230547,45.42425895,2016-02-24,19:00,04 - Freezing Rain,04 - Slush,10 - No control,01 - Non intersection,07 - Dark,03 - P.D. only,04 - Sideswipe,Overbrook
13437,VANIER PKWY SB btwn VANIER PKWY & DONALD ST,370286.1239,5032336.579,-75.66311552,45.427897,2016-04-06,18:38,03 - Snow,05 - Packed snow,10 - No control,01 - Non intersection,01 - Daylight,03 - P.D. only,07 - SMV other,Vanier South
13438,VANIER PKWY/CRICHTON ST @ BEECHWOOD AVE/ST. PA,369124.1792,5033486.983,-75.67781283,45.43835572,2016-07-05,1:34,01 - Clear,01 - Dry,01 - Traffic signal,03 - At intersection,07 - Dark,02 - Non-fatal injury,05 - Turning movement,Vanier North
13439,VANIER PKWY/CRICHTON ST @ BEECHWOOD AVE/ST. PA,369127.7912,5033487.151,-75.67776665,45.4383569,2016-09-23,8:48,01 - Clear,01 - Dry,01 - Traffic signal,02 - Intersection related,01 - Daylight,02 - Non-fatal injury,99 - Other,Vanier North
13440,VANIER PKWY/CRICHTON ST @ BEECHWOOD AVE/ST. PA,369127.7389,5033487.073,-75.67776732,45.4383562,2016-01-19,17:28,01 - Clear,02 - Wet,01 - Traffic signal,02 - Intersection related,05 - Dusk,03 - P.D. only,03 - Rear end,Vanier North