Record,Location,X,Y,lon,lat,Date,Time,Environment,Road_Surface,Traffic_Control,Collision_Location,Light,Collision_Classification,Impact_type,Neighborhood
13441,VANIER PKWY/CRICHTON ST @ BEECHWOOD AVE/ST. PA,369131.3968,5033489.803,-75.67772022,45.43838043,2016-02-17,8:00,03 - Snow,02 - Wet,01 - Traffic signal,02 - Intersection related,01 - Daylight,03 - P.D. only,03 - Rear end,Vanier North
13442,VANIER PKWY/CRICHTON ST @ BEECHWOOD AVE/ST. PA,369126.9879,5033486.936,-75.67777694,45.43835504,2016-03-05,18:27,01 - Clear,01 - Dry,01 - Traffic signal,02 - Intersection related,07 - Dark,03 - P.D. only,03 - Rear end,Vanier North
13443,VANIER PKWY/CRICHTON ST @ BEECHWOOD AVE/ST. PA,369126.7367,5033487.722,-75.67778005,45.43836213,2016-08-30,21:33,01 - Clear,01 - Dry,01 - Traffic signal,03 - At intersection,07 - Dark,03 - P.D. only,04 - Sideswipe,Vanier North
13444,VANIER PKWY/CRICHTON ST @ BEECHWOOD AVE/ST. PA,369127.6539,5033487.146,-75.6777684,45.43835686,2016-09-02,9:05,01 - Clear,01 - Dry,01 - Traffic signal,02 - Intersection related,01 - Daylight,03 - P.D. only,04 - Sideswipe,Vanier North
13445,VANIER PKWY/CRICHTON ST @ BEECHWOOD AVE/ST. PA,369127.7663,5033487.402,-75.67776693,45.43835916,2016-02-12,4:57,01 - Clear,06 - Ice,01 - Traffic signal,02 - Intersection related,07 - Dark,03 - P.D. only,07 - SMV other,Vanier North
13446,VANIER PKWY/CRICHTON ST @ BEECHWOOD AVE/ST. PA,369127.8188,5033487.353,-75.67776627,45.43835871,2016-06-14,9:46,01 - Clear,01 - Dry,01 - Traffic signal,02 - Intersection related,01 - Daylight,03 - P.D. only,03 - Rear end,Vanier North
13447,VANIER PKWY/CRICHTON ST @ BEECHWOOD AVE/ST. PA,369127.4639,5033487.099,-75.67777084,45.43835646,2016-01-24,15:56,03 - Snow,02 - Wet,01 - Traffic signal,02 - Intersection related,01 - Daylight,03 - P.D. only,03 - Rear end,Vanier North
13448,VANIER PKWY/CRICHTON ST @ BEECHWOOD AVE/ST. PA,369127.6539,5033487.146,-75.6777684,45.43835686,2016-02-14,6:29,01 - Clear,01 - Dry,01 - Traffic signal,02 - Intersection related,03 - Dawn,03 - P.D. only,03 - Rear end,Vanier North
13449,VANIER PKWY/CRICHTON ST @ BEECHWOOD AVE/ST. PA,369127.8234,5033486.928,-75.67776626,45.43835489,2016-05-28,16:55,01 - Clear,01 - Dry,01 - Traffic signal,02 - Intersection related,01 - Daylight,03 - P.D. only,03 - Rear end,Vanier North
13450,VANIER PKWY/CRICHTON ST @ BEECHWOOD AVE/ST. PA,369127.9176,5033486.948,-75.67776506,45.43835506,2016-02-04,19:20,01 - Clear,01 - Dry,01 - Traffic signal,02 - Intersection related,07 - Dark,03 - P.D. only,03 - Rear end,Vanier North
13451,VANIER PKWY/CRICHTON ST @ BEECHWOOD AVE/ST. PA,369127.7474,5033487.272,-75.67776719,45.43835799,2016-02-17,16:41,01 - Clear,01 - Dry,01 - Traffic signal,02 - Intersection related,01 - Daylight,03 - P.D. only,03 - Rear end,Vanier North
13452,VANIER PKWY/CRICHTON ST @ BEECHWOOD AVE/ST. PA,369128.2349,5033486.792,-75.67776102,45.43835362,2016-04-25,16:02,01 - Clear,01 - Dry,01 - Traffic signal,03 - At intersection,01 - Daylight,03 - P.D. only,04 - Sideswipe,Vanier North
13453,VANIER PKWY/CRICHTON ST @ BEECHWOOD AVE/ST. PA,369127.77,5033487.684,-75.67776685,45.43836169,2016-08-23,11:01,01 - Clear,01 - Dry,01 - Traffic signal,02 - Intersection related,01 - Daylight,03 - P.D. only,03 - Rear end,Vanier North
13454,VANIER PKWY/CRICHTON ST @ BEECHWOOD AVE/ST. PA,369128.6355,5033487.289,-75.67775584,45.43835806,2016-08-23,15:30,01 - Clear,01 - Dry,01 - Traffic signal,02 - Intersection related,01 - Daylight,03 - P.D. only,03 - Rear end,Vanier North
13455,VANIER PKWY/CRICHTON ST @ BEECHWOOD AVE/ST. PA,369127.8708,5033486.986,-75.67776565,45.4383554,2016-09-11,17:00,01 - Clear,01 - Dry,01 - Traffic signal,02 - Intersection related,01 - Daylight,03 - P.D. only,03 - Rear end,Vanier North
13456,VANIER PKWY/CRICHTON ST @ BEECHWOOD AVE/ST. PA,369127.7502,5033487.242,-75.67776716,45.43835772,2016-06-25,12:48,01 - Clear,01 - Dry,01 - Traffic signal,02 - Intersection related,01 - Daylight,03 - P.D. only,03 - Rear end,Vanier North
13457,VANIER PKWY/CRICHTON ST @ BEECHWOOD AVE/ST. PA,369127.8495,5033487.116,-75.6777659,45.43835658,2016-07-14,11:50,01 - Clear,01 - Dry,01 - Traffic signal,02 - Intersection related,01 - Daylight,03 - P.D. only,04 - Sideswipe,Vanier North
13458,VANIER PKWY/CRICHTON ST @ BEECHWOOD AVE/ST. PA,369128.2489,5033486.195,-75.67776092,45.43834825,2016-03-18,11:10,01 - Clear,01 - Dry,01 - Traffic signal,02 - Intersection related,01 - Daylight,03 - P.D. only,05 - Turning movement,Vanier North
13459,VANIER PKWY/CRICHTON ST @ BEECHWOOD AVE/ST. PA,369127.7023,5033487.164,-75.67776778,45.43835702,2016-06-05,2:30,01 - Clear,01 - Dry,01 - Traffic signal,03 - At intersection,07 - Dark,03 - P.D. only,05 - Turning movement,Vanier North
13460,VANIER PKWY/CRICHTON ST @ BEECHWOOD AVE/ST. PA,369127.2092,5033487.942,-75.67777398,45.43836407,2016-09-21,19:25,01 - Clear,01 - Dry,01 - Traffic signal,02 - Intersection related,07 - Dark,03 - P.D. only,04 - Sideswipe,Vanier North
13461,VANIER PKWY/CRICHTON ST @ BEECHWOOD AVE/ST. PA,369128.2487,5033487.25,-75.67776079,45.43835774,2016-09-22,14:47,01 - Clear,01 - Dry,01 - Traffic signal,02 - Intersection related,01 - Daylight,03 - P.D. only,04 - Sideswipe,Vanier North
13462,VANIER PKWY/CRICHTON ST @ BEECHWOOD AVE/ST. PA,369128.1783,5033486.962,-75.67776172,45.43835516,2016-11-16,14:17,01 - Clear,01 - Dry,01 - Traffic signal,02 - Intersection related,01 - Daylight,03 - P.D. only,05 - Turning movement,Vanier North
13463,VANIER PKWY/CRICHTON ST @ BEECHWOOD AVE/ST. PA,369128.1783,5033486.962,-75.67776172,45.43835516,2016-12-03,18:30,01 - Clear,01 - Dry,01 - Traffic signal,02 - Intersection related,07 - Dark,03 - P.D. only,03 - Rear end,Vanier North
13464,VANIER PKWY/CRICHTON ST @ BEECHWOOD AVE/ST. PA,369127.3236,5033486.897,-75.67777265,45.43835465,2016-02-21,4:18,02 - Rain,02 - Wet,01 - Traffic signal,02 - Intersection related,07 - Dark,03 - P.D. only,07 - SMV other,Vanier North
13465,VARENNES BLVD @ WATTERS RD,384835.7505,5038434.235,-75.47621239,45.48124452,2016-02-18,7:50,01 - Clear,06 - Ice,02 - Stop sign,02 - Intersection related,01 - Daylight,02 - Non-fatal injury,03 - Rear end,Fallingbrook
13466,VARENNES BLVD @ WINTERPORT WAY,385130.2883,5037807.974,-75.4725478,45.47557621,2016-01-06,9:15,01 - Clear,06 - Ice,02 - Stop sign,02 - Intersection related,01 - Daylight,03 - P.D. only,03 - Rear end,Cardinal Creek
13467,VAUGHAN SIDE RD btwn SHANNA RD & WILLIAM HODGINS LANE,336973.4344,5021093.362,-76.08955327,45.32905191,2016-05-20,10:45,01 - Clear,01 - Dry,10 - No control,01 - Non intersection,01 - Daylight,03 - P.D. only,07 - SMV other,Carp - Hardwood Plains
13468,VAUGHAN SIDE RD btwn UPPER DWYER HILL RD & PETER ROBINSON RD,332188.2541,5016697.4,-76.15084105,45.2896976,2016-12-09,17:35,01 - Clear,02 - Wet,10 - No control,01 - Non intersection,07 - Dark,03 - P.D. only,07 - SMV other,Carp - Hardwood Plains
13469,VAUGHAN ST btwn MACKAY ST & BERTRAND ST,369094.3453,5033732.965,-75.67816199,45.44057171,2016-08-05,10:30,01 - Clear,01 - Dry,10 - No control,01 - Non intersection,01 - Daylight,03 - P.D. only,06 - SMV unattended vehicle,New Edinburgh
13470,VERA ST btwn PRINCE ALBERT ST & QUEEN MARY ST,370524.0662,5031959.146,-75.66012542,45.4244787,2016-06-05,0:00,01 - Clear,01 - Dry,10 - No control,01 - Non intersection,00 - Unknown,03 - P.D. only,06 - SMV unattended vehicle,Overbrook
13471,VERCHERE ST btwn WESTPORT CRES & END,381517.4057,5036487.967,-75.51895691,45.46410617,2016-06-01,10:38,01 - Clear,01 - Dry,10 - No control,04 - At/near private drive,01 - Daylight,03 - P.D. only,99 - Other,Orleans Village - Chateauneuf
13472,VERMONT AVE btwn AVONMORE CRES & AVONMORE CRES,366729.4976,5016591.993,-75.71053572,45.28655428,2016-12-23,7:51,03 - Snow,06 - Ice,10 - No control,01 - Non intersection,03 - Dawn,03 - P.D. only,06 - SMV unattended vehicle,Chapman Mills - Rideau Crest - Davidson Heights
13473,VERSILIA DR @ CRESTHAVEN DR,367006.8652,5016339.948,-75.70703183,45.2842619,2016-05-14,16:20,01 - Clear,01 - Dry,02 - Stop sign,03 - At intersection,01 - Daylight,03 - P.D. only,05 - Turning movement,Chapman Mills - Rideau Crest - Davidson Heights
13474,VICTOR ST btwn DENHAM WAY & GREER ST,350352.0556,5015159.388,-75.91943071,45.27491549,2016-07-26,13:38,01 - Clear,01 - Dry,10 - No control,04 - At/near private drive,01 - Daylight,03 - P.D. only,06 - SMV unattended vehicle,Stittsville
13475,VICTOR ST btwn DENHAM WAY & GREER ST,350251.548,5015278.952,-75.92070068,45.27599787,2016-12-18,18:26,03 - Snow,04 - Slush,10 - No control,01 - Non intersection,07 - Dark,03 - P.D. only,06 - SMV unattended vehicle,Stittsville
13476,VICTORIA ST btwn 9TH LINE RD & YORKS CORNERS RD,388387.2472,5012998.907,-75.43509372,45.25198458,2016-08-11,9:02,01 - Clear,01 - Dry,10 - No control,04 - At/near private drive,01 - Daylight,02 - Non-fatal injury,05 - Turning movement,Metcalfe
13477,VICTORIA ST btwn 9TH LINE RD & YORKS CORNERS RD,387174.7389,5012239.983,-75.45066427,45.24529927,2016-09-08,22:02,01 - Clear,01 - Dry,10 - No control,01 - Non intersection,07 - Dark,03 - P.D. only,07 - SMV other,Metcalfe
13478,VICTORIA ST btwn BOWEN ST & 8TH LINE RD,385363.7392,5011114.29,-75.47391238,45.23538057,2016-11-23,13:29,01 - Clear,01 - Dry,10 - No control,01 - Non intersection,01 - Daylight,03 - P.D. only,06 - SMV unattended vehicle,Metcalfe
13479,VICTORIA ST btwn CARTWRIGHT RD & BOUNDARY RD,390741.3553,5013623.594,-75.40499965,45.25732145,2016-11-06,16:52,01 - Clear,01 - Dry,10 - No control,01 - Non intersection,07 - Dark,03 - P.D. only,01 - Approaching,Metcalfe
13480,VICTORIA ST btwn YORKS CORNERS RD & CARTWRIGHT RD,390200.8151,5014163.269,-75.4117928,45.26224282,2016-05-22,6:36,01 - Clear,01 - Dry,10 - No control,01 - Non intersection,01 - Daylight,02 - Non-fatal injury,07 - SMV other,Metcalfe
13481,VIEILLE-CASERNE PRIV btwn TOMPKINS AVE & TOMPKINS AVE,5019473.742,5037585.1,-29.82207809,34.19165679,2016-12-18,9:00,03 - Snow,03 - Loose snow,10 - No control,04 - At/near private drive,01 - Daylight,03 - P.D. only,99 - Other,
13482,VIENNA TER btwn MONTMORENCY WAY & MONTMORENCY WAY,384719.0583,5034608.249,-75.47832686,45.44683527,2016-04-14,20:30,01 - Clear,01 - Dry,10 - No control,01 - Non intersection,07 - Dark,03 - P.D. only,06 - SMV unattended vehicle,Avalon
13483,VIEWMOUNT DR @ MERIVALE RD,365193.4776,5022948.276,-75.72933991,45.34388122,2016-11-07,17:26,01 - Clear,01 - Dry,01 - Traffic signal,03 - At intersection,07 - Dark,02 - Non-fatal injury,05 - Turning movement,Tanglewood
13484,VIEWMOUNT DR @ MERIVALE RD,365192.8689,5022946.425,-75.7293479,45.34386462,2016-10-22,15:45,02 - Rain,02 - Wet,01 - Traffic signal,02 - Intersection related,01 - Daylight,02 - Non-fatal injury,03 - Rear end,Tanglewood
13485,VIEWMOUNT DR @ MERIVALE RD,365193.0304,5022947.829,-75.72934567,45.34387723,2016-07-10,9:39,01 - Clear,01 - Dry,01 - Traffic signal,03 - At intersection,01 - Daylight,02 - Non-fatal injury,07 - SMV other,Tanglewood
13486,VIEWMOUNT DR @ MERIVALE RD,365193.4776,5022947.837,-75.72933997,45.34387727,2016-12-03,19:08,01 - Clear,01 - Dry,01 - Traffic signal,03 - At intersection,07 - Dark,02 - Non-fatal injury,05 - Turning movement,Tanglewood
13487,VIEWMOUNT DR @ MERIVALE RD,365193.4724,5022949.394,-75.72933984,45.34389128,2016-05-06,22:40,01 - Clear,01 - Dry,01 - Traffic signal,03 - At intersection,07 - Dark,03 - P.D. only,07 - SMV other,Tanglewood
13488,VIEWMOUNT DR @ MERIVALE RD,365194.8207,5022948.046,-75.7293228,45.34387903,2016-05-05,14:32,01 - Clear,01 - Dry,01 - Traffic signal,02 - Intersection related,01 - Daylight,03 - P.D. only,03 - Rear end,Tanglewood
13489,VIEWMOUNT DR @ MERIVALE RD,365191.9363,5022950.298,-75.72935933,45.34389954,2016-03-06,16:50,01 - Clear,01 - Dry,01 - Traffic signal,03 - At intersection,01 - Daylight,03 - P.D. only,02 - Angle,Tanglewood
13490,VIEWMOUNT DR @ MERIVALE RD,365193.4776,5022949.154,-75.7293398,45.34388912,2016-01-23,19:14,01 - Clear,02 - Wet,01 - Traffic signal,02 - Intersection related,07 - Dark,03 - P.D. only,03 - Rear end,Tanglewood
13491,VIEWMOUNT DR @ MERIVALE RD,365192.8102,5022948.052,-75.72934845,45.34387926,2016-01-09,17:05,01 - Clear,01 - Dry,01 - Traffic signal,03 - At intersection,05 - Dusk,03 - P.D. only,05 - Turning movement,Tanglewood
13492,VIEWMOUNT DR @ MERIVALE RD,365193.9216,5022948.271,-75.72933425,45.34388113,2016-05-04,12:45,01 - Clear,01 - Dry,01 - Traffic signal,02 - Intersection related,01 - Daylight,03 - P.D. only,03 - Rear end,Tanglewood
13493,VIEWMOUNT DR @ MERIVALE RD,365193.4724,5022949.394,-75.72933984,45.34389128,2016-05-10,7:58,01 - Clear,01 - Dry,01 - Traffic signal,03 - At intersection,01 - Daylight,03 - P.D. only,03 - Rear end,Tanglewood
13494,VIEWMOUNT DR @ MERIVALE RD,365192.8689,5022946.425,-75.7293479,45.34386462,2016-11-20,6:43,02 - Rain,02 - Wet,01 - Traffic signal,02 - Intersection related,03 - Dawn,03 - P.D. only,03 - Rear end,Tanglewood
13495,VIEWMOUNT DR @ MERIVALE RD,365194.3789,5022949.859,-75.72932822,45.34389538,2016-07-20,19:30,01 - Clear,01 - Dry,01 - Traffic signal,03 - At intersection,01 - Daylight,03 - P.D. only,05 - Turning movement,Borden Farm - Stewart Farm - Parkwood Hills - Fisher Glen
13496,VIEWMOUNT DR @ MERIVALE RD,365192.8689,5022948.081,-75.7293477,45.34387952,2016-10-18,13:36,01 - Clear,01 - Dry,01 - Traffic signal,02 - Intersection related,01 - Daylight,03 - P.D. only,03 - Rear end,Tanglewood
13497,VIEWMOUNT DR @ MERIVALE RD,365193.9166,5022948.715,-75.72933426,45.34388513,2016-11-13,14:20,01 - Clear,01 - Dry,01 - Traffic signal,02 - Intersection related,01 - Daylight,03 - P.D. only,02 - Angle,Tanglewood
13498,VIEWMOUNT DR @ MERIVALE RD,365192.0408,5022949.738,-75.72935807,45.3438945,2016-09-28,18:45,01 - Clear,01 - Dry,01 - Traffic signal,02 - Intersection related,01 - Daylight,03 - P.D. only,03 - Rear end,Tanglewood
13499,VIEWMOUNT DR @ MERIVALE RD,365194.5253,5022948.909,-75.72932647,45.34388682,2016-12-31,19:21,03 - Snow,05 - Packed snow,01 - Traffic signal,02 - Intersection related,07 - Dark,03 - P.D. only,05 - Turning movement,Tanglewood
13500,VIEWMOUNT DR btwn GLENMANOR DR & MERIVALE RD,365144.201,5022920.948,-75.72997199,45.34363957,2016-03-08,8:25,01 - Clear,01 - Dry,10 - No control,04 - At/near private drive,01 - Daylight,03 - P.D. only,02 - Angle,Crestview - Meadowlands
13501,VIEWMOUNT DR btwn GLENMANOR DR & MERIVALE RD,365185.1351,5022943.446,-75.72944695,45.34383848,2016-11-23,11:38,01 - Clear,01 - Dry,10 - No control,04 - At/near private drive,01 - Daylight,03 - P.D. only,02 - Angle,Tanglewood
13502,VIEWMOUNT DR btwn GLENRIDGE RD & GLENMANOR DR,365072.1893,5022885.968,-75.73089508,45.34333101,2016-03-27,14:30,01 - Clear,01 - Dry,10 - No control,04 - At/near private drive,01 - Daylight,03 - P.D. only,02 - Angle,Crestview - Meadowlands
13503,VIEWMOUNT DR btwn GRANT CARMAN DR & OVERLAKE DR,365443.9182,5023083.306,-75.72612786,45.34507459,2016-05-05,12:27,01 - Clear,01 - Dry,10 - No control,01 - Non intersection,01 - Daylight,02 - Non-fatal injury,03 - Rear end,Borden Farm - Stewart Farm - Parkwood Hills - Fisher Glen
13504,VIEWMOUNT DR btwn GRANT CARMAN DR & OVERLAKE DR,365533.7531,5023086.219,-75.72498124,45.34509303,2016-05-08,14:00,01 - Clear,01 - Dry,10 - No control,01 - Non intersection,01 - Daylight,03 - P.D. only,04 - Sideswipe,Borden Farm - Stewart Farm - Parkwood Hills - Fisher Glen
13505,VIEWMOUNT DR btwn MERIVALE RD & GRANT CARMAN DR,365237.6049,5022973.962,-75.72877373,45.34410854,2016-10-29,16:14,01 - Clear,02 - Wet,10 - No control,04 - At/near private drive,01 - Daylight,02 - Non-fatal injury,02 - Angle,Borden Farm - Stewart Farm - Parkwood Hills - Fisher Glen
13506,VIEWMOUNT DR btwn MERIVALE RD & GRANT CARMAN DR,365275.5851,5022996.135,-75.72828641,45.34430477,2016-10-08,14:32,02 - Rain,02 - Wet,10 - No control,01 - Non intersection,01 - Daylight,03 - P.D. only,04 - Sideswipe,Borden Farm - Stewart Farm - Parkwood Hills - Fisher Glen
13507,VIMY PLACE PRIV btwn BOOTH ST & END,366099.2829,5031037.977,-75.71677793,45.41659203,2016-03-03,19:54,01 - Clear,01 - Dry,10 - No control,01 - Non intersection,07 - Dark,03 - P.D. only,03 - Rear end,LeBreton Flats
13508,VINEYARD DR btwn SAUTERNE PK & SAUTERNE PK,379238.6257,5037075.376,-75.5480043,45.46963778,2016-12-25,15:00,01 - Clear,04 - Slush,10 - No control,01 - Non intersection,01 - Daylight,03 - P.D. only,06 - SMV unattended vehicle,Greenbelt
13509,VISENEAU DR btwn BARRINGTON ST & BROMONT WAY,381688.751,5035482.376,-75.51692336,45.45503986,2016-05-29,6:37,01 - Clear,01 - Dry,10 - No control,04 - At/near private drive,01 - Daylight,02 - Non-fatal injury,03 - Rear end,Orleans Village - Chateauneuf
13510,VISENEAU DR btwn BARRINGTON ST & BROMONT WAY,381671.9773,5035490.295,-75.51713656,45.45511295,2016-07-03,1:17,01 - Clear,01 - Dry,10 - No control,04 - At/near private drive,07 - Dark,02 - Non-fatal injury,06 - SMV unattended vehicle,Orleans Village - Chateauneuf
13511,VISENEAU DR btwn VIGNEAULT ST & SIMARD DR,381271.3101,5035372.451,-75.52227695,45.45409665,2016-01-15,8:40,01 - Clear,04 - Slush,10 - No control,01 - Non intersection,01 - Daylight,03 - P.D. only,04 - Sideswipe,Orleans Village - Chateauneuf
13512,VISTAPARK DR btwn LAKERIDGE DR & BRANTHAVEN ST,384949.0129,5034915.275,-75.47533761,45.44957127,2016-06-12,3:22,01 - Clear,01 - Dry,10 - No control,01 - Non intersection,07 - Dark,03 - P.D. only,07 - SMV other,Avalon
13513,WALDEN DR btwn BURGER GT & SLADE CRES,350405.9382,5021108.136,-75.91819676,45.32844053,2016-09-11,17:57,01 - Clear,01 - Dry,10 - No control,04 - At/near private drive,01 - Daylight,02 - Non-fatal injury,03 - Rear end,Kanata Lakes - Marchwood Lakeside - Morgan's Grant - Kanata
13514,WALDEN DR btwn CHARLESWORTH CRT & IRONSIDE CRT,349994.169,5021038.299,-75.92345588,45.32783875,2016-02-24,16:08,03 - Snow,03 - Loose snow,10 - No control,04 - At/near private drive,01 - Daylight,03 - P.D. only,06 - SMV unattended vehicle,Kanata Lakes - Marchwood Lakeside - Morgan's Grant - Kanata
13515,WALGREEN RD N @ WESTBROOK RD N,347507.3494,5015218.781,-75.9556802,45.27562847,2016-09-08,8:15,01 - Clear,01 - Dry,02 - Stop sign,02 - Intersection related,01 - Daylight,02 - Non-fatal injury,05 - Turning movement,Stittsville - Basswood
13516,WALKLEY EXTENSION RD btwn HWY417 IC110 RAMP55 & HWY417 IC110 RAMP58,375527.4287,5028929.873,-75.59663081,45.39673496,2016-08-30,17:57,01 - Clear,01 - Dry,10 - No control,01 - Non intersection,01 - Daylight,03 - P.D. only,04 - Sideswipe,Greenbelt
13517,WALKLEY EXTENSION RD btwn HWY417 IC110 RAMP55 & HWY417 IC110 RAMP58,375529.871,5028934.616,-75.59659894,45.39677739,2016-06-27,8:23,01 - Clear,02 - Wet,10 - No control,01 - Non intersection,01 - Daylight,03 - P.D. only,04 - Sideswipe,Greenbelt
13518,WALKLEY EXTENSION RD btwn HWY417 IC110 RAMP56 & HWY417 IC110 RAMP64,375871.1427,5029113.016,-75.59221487,45.39834798,2016-11-10,13:20,01 - Clear,01 - Dry,10 - No control,01 - Non intersection,01 - Daylight,03 - P.D. only,04 - Sideswipe,Greenbelt
13519,WALKLEY EXTENSION RD btwn HWY417 IC110 RAMP57 & HWY417 IC110 RAMP65,375713.6561,5029029.799,-75.59423814,45.39761521,2016-02-25,8:28,04 - Freezing Rain,06 - Ice,10 - No control,07 - Overpass or bridge,01 - Daylight,03 - P.D. only,03 - Rear end,Greenbelt
13520,WALKLEY EXTENSION RD btwn HWY417 IC110 RAMP64 & HWY417 IC110 RAMP66,375996.2445,5029178.472,-75.59060771,45.39892421,2016-01-09,3:17,03 - Snow,06 - Ice,10 - No control,01 - Non intersection,07 - Dark,02 - Non-fatal injury,07 - SMV other,Greenbelt
13521,WALKLEY EXTENSION RD btwn HWY417 IC110 RAMP64 & HWY417 IC110 RAMP66,376081.6539,5029219.342,-75.58951101,45.39928324,2016-09-07,7:30,01 - Clear,01 - Dry,10 - No control,01 - Non intersection,01 - Daylight,02 - Non-fatal injury,05 - Turning movement,Greenbelt
13522,WALKLEY EXTENSION RD btwn HWY417 IC110 RAMP65 & HWY417 IC110 RAMP56,375819.7218,5029084.037,-75.59287576,45.39809246,2016-05-01,13:56,02 - Rain,02 - Wet,10 - No control,01 - Non intersection,01 - Daylight,03 - P.D. only,07 - SMV other,Greenbelt
13523,WALKLEY EXTENSION RD btwn WALKLEY RD & HWY417 IC110 RAMP55,375479.1895,5028906.157,-75.59725027,45.39652645,2016-03-31,8:45,02 - Rain,02 - Wet,10 - No control,01 - Non intersection,01 - Daylight,03 - P.D. only,04 - Sideswipe,Greenbelt
13524,WALKLEY RD @ AIRPORT PKWY SB RAMP,369833.7927,5025658.55,-75.66977595,45.36785264,2016-11-21,22:17,03 - Snow,04 - Slush,03 - Yield sign,02 - Intersection related,07 - Dark,03 - P.D. only,07 - SMV other,Riverside Park
13525,WALKLEY RD @ DON REID DR/RYDER ST,372600.5885,5027283.462,-75.63423582,45.38221077,2016-09-19,15:35,01 - Clear,01 - Dry,01 - Traffic signal,02 - Intersection related,01 - Daylight,02 - Non-fatal injury,02 - Angle,Playfair Park - Lynda Park - Guildwood Estates
13526,WALKLEY RD @ DON REID DR/RYDER ST,372601.6318,5027284.871,-75.6342223,45.38222335,2016-06-19,7:07,01 - Clear,01 - Dry,01 - Traffic signal,03 - At intersection,01 - Daylight,02 - Non-fatal injury,02 - Angle,Playfair Park - Lynda Park - Guildwood Estates
13527,WALKLEY RD @ DON REID DR/RYDER ST,372601.7781,5027284.786,-75.63422045,45.38222257,2016-04-10,13:12,01 - Clear,01 - Dry,01 - Traffic signal,03 - At intersection,01 - Daylight,02 - Non-fatal injury,02 - Angle,Playfair Park - Lynda Park - Guildwood Estates
13528,WALKLEY RD @ DON REID DR/RYDER ST,372601.3363,5027284.544,-75.63422612,45.38222044,2016-07-15,11:05,01 - Clear,01 - Dry,01 - Traffic signal,02 - Intersection related,01 - Daylight,02 - Non-fatal injury,02 - Angle,Playfair Park - Lynda Park - Guildwood Estates
13529,WALKLEY RD @ DON REID DR/RYDER ST,372603.3832,5027285.786,-75.63419982,45.38223141,2016-12-12,15:21,03 - Snow,03 - Loose snow,01 - Traffic signal,03 - At intersection,01 - Daylight,02 - Non-fatal injury,02 - Angle,Playfair Park - Lynda Park - Guildwood Estates
13530,WALKLEY RD @ GLENHAVEN PRIV,370213.7439,5025872.969,-75.66489761,45.36974656,2016-05-19,14:55,01 - Clear,01 - Dry,01 - Traffic signal,03 - At intersection,01 - Daylight,02 - Non-fatal injury,07 - SMV other,Ledbury - Heron Gate - Ridgemont - Elmwood
13531,WALKLEY RD @ GLENHAVEN PRIV,370214.0058,5025874.339,-75.66489408,45.36975886,2016-02-19,6:50,01 - Clear,03 - Loose snow,01 - Traffic signal,02 - Intersection related,03 - Dawn,03 - P.D. only,03 - Rear end,Ledbury - Heron Gate - Ridgemont - Elmwood
13532,WALKLEY RD @ HEATHERINGTON RD,371766.8117,5026794.077,-75.64494772,45.37788767,2016-03-24,15:48,03 - Snow,04 - Slush,01 - Traffic signal,03 - At intersection,01 - Daylight,02 - Non-fatal injury,03 - Rear end,Ledbury - Heron Gate - Ridgemont - Elmwood
13533,WALKLEY RD @ HEATHERINGTON RD,371767.553,5026793.284,-75.64493836,45.37788047,2016-12-08,23:57,01 - Clear,06 - Ice,01 - Traffic signal,02 - Intersection related,07 - Dark,02 - Non-fatal injury,07 - SMV other,Ledbury - Heron Gate - Ridgemont - Elmwood
13534,WALKLEY RD @ HEATHERINGTON RD,371766.0662,5026793.429,-75.64495732,45.37788191,2016-01-20,11:53,01 - Clear,01 - Dry,01 - Traffic signal,02 - Intersection related,01 - Daylight,03 - P.D. only,05 - Turning movement,Ledbury - Heron Gate - Ridgemont - Elmwood
13535,WALKLEY RD @ HEATHERINGTON RD,371767.2348,5026794.422,-75.64494227,45.37789074,2016-01-20,18:03,01 - Clear,02 - Wet,01 - Traffic signal,03 - At intersection,07 - Dark,03 - P.D. only,05 - Turning movement,Ledbury - Heron Gate - Ridgemont - Elmwood
13536,WALKLEY RD @ HEATHERINGTON RD,371766.2271,5026795.43,-75.644955,45.3778999,2016-12-10,22:08,01 - Clear,01 - Dry,01 - Traffic signal,02 - Intersection related,07 - Dark,03 - P.D. only,02 - Angle,Ledbury - Heron Gate - Ridgemont - Elmwood
13537,WALKLEY RD @ SPRINGLAND DR/OTTERSON DR,368721.5838,5024982.211,-75.68406049,45.36186944,2016-02-17,19:00,01 - Clear,06 - Ice,01 - Traffic signal,03 - At intersection,07 - Dark,03 - P.D. only,02 - Angle,Riverside Park
13538,WALKLEY RD @ SPRINGLAND DR/OTTERSON DR,368720.6467,5024982.244,-75.68407245,45.36186982,2016-10-04,18:04,01 - Clear,01 - Dry,01 - Traffic signal,02 - Intersection related,01 - Daylight,03 - P.D. only,03 - Rear end,Riverside Park
13539,WALKLEY RD @ SPRINGLAND DR/OTTERSON DR,368722.3446,5024984.965,-75.68405042,45.36189415,2016-01-20,9:01,01 - Clear,01 - Dry,01 - Traffic signal,03 - At intersection,01 - Daylight,03 - P.D. only,05 - Turning movement,Riverside Park
13540,WALKLEY RD btwn 152 E OF HEATHERINGTON RD & HOLLY LANE,372129.9632,5027004.64,-75.6402827,45.37974743,2016-01-21,11:50,01 - Clear,03 - Loose snow,10 - No control,01 - Non intersection,01 - Daylight,02 - Non-fatal injury,03 - Rear end,Ledbury - Heron Gate - Ridgemont - Elmwood