Record,Location,X,Y,lon,lat,Date,Time,Environment,Road_Surface,Traffic_Control,Collision_Location,Light,Collision_Classification,Impact_type,Neighborhood
13541,WALKLEY RD btwn 152 E OF HEATHERINGTON RD & HOLLY LANE,372021.6283,5026940.275,-75.64167461,45.3791787,2016-06-21,20:09,01 - Clear,01 - Dry,10 - No control,04 - At/near private drive,01 - Daylight,03 - P.D. only,02 - Angle,Ledbury - Heron Gate - Ridgemont - Elmwood
13542,WALKLEY RD btwn 152 E OF HEATHERINGTON RD & HOLLY LANE,372113.8372,5026995.85,-75.64048979,45.37966989,2016-01-09,17:48,02 - Rain,06 - Ice,10 - No control,01 - Non intersection,07 - Dark,03 - P.D. only,03 - Rear end,Ledbury - Heron Gate - Ridgemont - Elmwood
13543,WALKLEY RD btwn 152 E OF HEATHERINGTON RD & HOLLY LANE,371926.6835,5026883.271,-75.64289453,45.37867491,2016-08-18,11:35,01 - Clear,01 - Dry,10 - No control,04 - At/near private drive,01 - Daylight,03 - P.D. only,02 - Angle,Ledbury - Heron Gate - Ridgemont - Elmwood
13544,WALKLEY RD btwn BANFF AVE & AYERS AVE,370512.7302,5026048.799,-75.66105763,45.37130065,2016-03-01,12:09,01 - Clear,01 - Dry,10 - No control,01 - Non intersection,01 - Daylight,03 - P.D. only,04 - Sideswipe,Ledbury - Heron Gate - Ridgemont - Elmwood
13545,WALKLEY RD btwn BANK ST & BANFF AVE,370342.9921,5025949.33,-75.66323761,45.37042156,2016-02-09,10:19,01 - Clear,01 - Dry,10 - No control,04 - At/near private drive,01 - Daylight,03 - P.D. only,04 - Sideswipe,Ledbury - Heron Gate - Ridgemont - Elmwood
13546,WALKLEY RD btwn BANK ST & BANFF AVE,370342.0815,5025949.733,-75.66324918,45.37042527,2016-11-14,16:56,01 - Clear,01 - Dry,10 - No control,04 - At/near private drive,07 - Dark,03 - P.D. only,05 - Turning movement,Ledbury - Heron Gate - Ridgemont - Elmwood
13547,WALKLEY RD btwn BANTON ST & MELFORT ST,374333.7636,5028301.954,-75.61196359,45.3912048,2016-12-17,13:48,03 - Snow,05 - Packed snow,10 - No control,01 - Non intersection,01 - Daylight,03 - P.D. only,07 - SMV other,Hawthorne Meadows
13548,WALKLEY RD btwn BAYCREST DR & HEATHERINGTON RD,371757.1846,5026787.565,-75.64507151,45.37783,2016-07-12,15:17,01 - Clear,01 - Dry,10 - No control,04 - At/near private drive,01 - Daylight,02 - Non-fatal injury,02 - Angle,Ledbury - Heron Gate - Ridgemont - Elmwood
13549,WALKLEY RD btwn BAYCREST DR & HEATHERINGTON RD,371743.2341,5026779.818,-75.64525066,45.37776163,2016-02-12,12:27,01 - Clear,01 - Dry,10 - No control,01 - Non intersection,01 - Daylight,03 - P.D. only,03 - Rear end,Ledbury - Heron Gate - Ridgemont - Elmwood
13550,WALKLEY RD btwn COLLISTON CRES & CEDARWOOD DR,371051.5124,5026364.853,-75.65413745,45.37409367,2016-11-18,14:15,01 - Clear,01 - Dry,10 - No control,01 - Non intersection,01 - Daylight,02 - Non-fatal injury,99 - Other,Ledbury - Heron Gate - Ridgemont - Elmwood
13551,WALKLEY RD btwn COLLISTON CRES & CEDARWOOD DR,371120.5482,5026409.875,-75.65325009,45.37449223,2016-07-23,20:30,01 - Clear,01 - Dry,10 - No control,01 - Non intersection,05 - Dusk,02 - Non-fatal injury,04 - Sideswipe,Ledbury - Heron Gate - Ridgemont - Elmwood
13552,WALKLEY RD btwn COLLISTON CRES & CEDARWOOD DR,371077.5499,5026383.298,-75.65380258,45.37425717,2016-05-07,0:05,01 - Clear,01 - Dry,10 - No control,04 - At/near private drive,07 - Dark,03 - P.D. only,07 - SMV other,Ledbury - Heron Gate - Ridgemont - Elmwood
13553,WALKLEY RD btwn CONROY RD & HARDING RD,373057.9956,5027556.539,-75.62835798,45.38462339,2016-03-05,19:03,01 - Clear,02 - Wet,10 - No control,04 - At/near private drive,07 - Dark,03 - P.D. only,03 - Rear end,Elmvale - Eastway - Riverview - Riverview Park West
13554,WALKLEY RD btwn CONROY RD & HARDING RD,372959.8911,5027497.918,-75.62961871,45.38410549,2016-01-18,15:12,01 - Clear,02 - Wet,10 - No control,01 - Non intersection,01 - Daylight,03 - P.D. only,04 - Sideswipe,Elmvale - Eastway - Riverview - Riverview Park West
13555,WALKLEY RD btwn CONROY RD & HARDING RD,373027.4619,5027540.34,-75.62875008,45.38448061,2016-04-06,14:54,03 - Snow,03 - Loose snow,10 - No control,04 - At/near private drive,01 - Daylight,03 - P.D. only,05 - Turning movement,Elmvale - Eastway - Riverview - Riverview Park West
13556,WALKLEY RD btwn CONROY RD & HARDING RD,373051.6995,5027551.528,-75.62843906,45.38457891,2016-07-16,9:04,01 - Clear,01 - Dry,10 - No control,04 - At/near private drive,01 - Daylight,03 - P.D. only,05 - Turning movement,Elmvale - Eastway - Riverview - Riverview Park West
13557,WALKLEY RD btwn HALIFAX DR & ST. LAURENT BLVD,373712.8918,5027940.158,-75.6199425,45.3880109,2016-10-05,17:15,01 - Clear,01 - Dry,10 - No control,04 - At/near private drive,01 - Daylight,02 - Non-fatal injury,02 - Angle,Urbandale
13558,WALKLEY RD btwn HALIFAX DR & ST. LAURENT BLVD,373891.1592,5028041.401,-75.61765202,45.38890427,2016-07-31,14:32,01 - Clear,01 - Dry,10 - No control,01 - Non intersection,01 - Daylight,03 - P.D. only,04 - Sideswipe,Urbandale
13559,WALKLEY RD btwn HALIFAX DR & ST. LAURENT BLVD,373845.5367,5028014.242,-75.61823839,45.38866441,2016-04-27,11:43,01 - Clear,01 - Dry,10 - No control,04 - At/near private drive,01 - Daylight,03 - P.D. only,05 - Turning movement,Urbandale
13560,WALKLEY RD btwn HALIFAX DR & ST. LAURENT BLVD,373712.4591,5027938.159,-75.61994831,45.38799295,2016-05-26,14:17,01 - Clear,01 - Dry,10 - No control,04 - At/near private drive,01 - Daylight,03 - P.D. only,05 - Turning movement,Urbandale
13561,WALKLEY RD btwn HALIFAX DR & ST. LAURENT BLVD,373689.2857,5027925.63,-75.62024596,45.3878825,2016-12-08,22:33,03 - Snow,03 - Loose snow,10 - No control,04 - At/near private drive,07 - Dark,03 - P.D. only,02 - Angle,Urbandale
13562,WALKLEY RD btwn HAMPSTEAD PL & JASPER AVE,370773.1427,5026201.213,-75.65771299,45.37264755,2016-05-19,11:41,01 - Clear,01 - Dry,10 - No control,01 - Non intersection,01 - Daylight,03 - P.D. only,04 - Sideswipe,Ledbury - Heron Gate - Ridgemont - Elmwood
13563,WALKLEY RD btwn HARDING RD & HALIFAX DR,373226.1368,5027653.897,-75.6261976,45.38548297,2016-02-08,18:46,01 - Clear,01 - Dry,10 - No control,04 - At/near private drive,07 - Dark,02 - Non-fatal injury,02 - Angle,Urbandale
13564,WALKLEY RD btwn HARDING RD & HALIFAX DR,373219.1241,5027647.045,-75.6262881,45.385422,2016-11-14,16:40,01 - Clear,01 - Dry,10 - No control,01 - Non intersection,05 - Dusk,02 - Non-fatal injury,03 - Rear end,Urbandale
13565,WALKLEY RD btwn HARDING RD & HALIFAX DR,373605.8464,5027876.887,-75.62131819,45.38745214,2016-06-07,7:20,01 - Clear,01 - Dry,10 - No control,01 - Non intersection,01 - Daylight,03 - P.D. only,03 - Rear end,Urbandale
13566,WALKLEY RD btwn HARDING RD & HALIFAX DR,373628.8302,5027890.02,-75.62102288,45.38756804,2016-09-27,20:30,01 - Clear,01 - Dry,10 - No control,04 - At/near private drive,07 - Dark,03 - P.D. only,02 - Angle,Urbandale
13567,WALKLEY RD btwn HERON RD & TURN LANE,372299.6751,5027101.636,-75.63810269,45.38060383,2016-07-26,14:00,01 - Clear,01 - Dry,10 - No control,01 - Non intersection,01 - Daylight,03 - P.D. only,04 - Sideswipe,Ledbury - Heron Gate - Ridgemont - Elmwood
13568,WALKLEY RD btwn HERON RD RAMP TO WB WALKLEY RD & HERON RD,372242.1477,5027068.526,-75.63884169,45.38031146,2016-10-06,17:24,01 - Clear,01 - Dry,10 - No control,01 - Non intersection,01 - Daylight,03 - P.D. only,04 - Sideswipe,Ledbury - Heron Gate - Ridgemont - Elmwood
13569,WALKLEY RD btwn HOLLY LANE & TURN LANE,372204.9308,5027048.706,-75.63931956,45.38013671,2016-01-12,16:22,01 - Clear,03 - Loose snow,10 - No control,04 - At/near private drive,05 - Dusk,02 - Non-fatal injury,07 - SMV other,Ledbury - Heron Gate - Ridgemont - Elmwood
13570,WALKLEY RD btwn HOLLY LANE & TURN LANE,372191.1418,5027040.672,-75.6394967,45.38006575,2016-06-07,17:23,01 - Clear,01 - Dry,10 - No control,04 - At/near private drive,01 - Daylight,03 - P.D. only,02 - Angle,Ledbury - Heron Gate - Ridgemont - Elmwood
13571,WALKLEY RD btwn LANCASTER RD & SHEFFIELD RD,375254.8605,5028783.174,-75.60013272,45.39544252,2016-07-27,21:15,01 - Clear,01 - Dry,10 - No control,01 - Non intersection,07 - Dark,02 - Non-fatal injury,03 - Rear end,Industrial Park
13572,WALKLEY RD btwn LANCASTER RD & SHEFFIELD RD,375211.3583,5028760.108,-75.60069156,45.39523936,2016-11-17,16:46,01 - Clear,01 - Dry,10 - No control,01 - Non intersection,05 - Dusk,02 - Non-fatal injury,03 - Rear end,Industrial Park
13573,WALKLEY RD btwn LANCASTER RD & SHEFFIELD RD,374937.6319,5028617.995,-75.60420742,45.39398817,2016-02-25,8:11,04 - Freezing Rain,02 - Wet,10 - No control,01 - Non intersection,01 - Daylight,03 - P.D. only,06 - SMV unattended vehicle,Industrial Park
13574,WALKLEY RD btwn LANCASTER RD & SHEFFIELD RD,375248.3736,5028779.618,-75.60021607,45.39541117,2016-08-24,13:24,01 - Clear,01 - Dry,10 - No control,01 - Non intersection,01 - Daylight,03 - P.D. only,04 - Sideswipe,Industrial Park
13575,WALKLEY RD btwn MELFORT ST & RUSSELL RD,374587.6027,5028448.743,-75.60870136,45.39250029,2016-05-16,7:49,01 - Clear,01 - Dry,10 - No control,01 - Non intersection,01 - Daylight,03 - P.D. only,04 - Sideswipe,Hawthorne Meadows
13576,WALKLEY RD btwn MELFORT ST & RUSSELL RD,374513.3157,5028402.445,-75.60965655,45.39209112,2016-09-30,21:50,01 - Clear,01 - Dry,10 - No control,04 - At/near private drive,07 - Dark,03 - P.D. only,05 - Turning movement,Hawthorne Meadows
13577,WALKLEY RD btwn MELFORT ST & RUSSELL RD,374635.4464,5028477.807,-75.60808629,45.39275702,2016-09-20,15:42,01 - Clear,01 - Dry,10 - No control,04 - At/near private drive,01 - Daylight,03 - P.D. only,02 - Angle,Hawthorne Meadows
13578,WALKLEY RD btwn MELFORT ST & RUSSELL RD,374461.4726,5028375.609,-75.61032238,45.39185482,2016-11-30,16:22,01 - Clear,01 - Dry,10 - No control,04 - At/near private drive,05 - Dusk,03 - P.D. only,04 - Sideswipe,Hawthorne Meadows
13579,WALKLEY RD btwn MELFORT ST & RUSSELL RD,374525.0144,5028413.972,-75.60950553,45.39219367,2016-12-08,14:59,01 - Clear,02 - Wet,10 - No control,04 - At/near private drive,01 - Daylight,03 - P.D. only,02 - Angle,Hawthorne Meadows
13580,WALKLEY RD btwn RIVERSIDE DR & RIVER GARDEN PRIV,368433.3743,5024848.202,-75.68775628,45.36068988,2016-02-17,18:10,04 - Freezing Rain,06 - Ice,10 - No control,01 - Non intersection,05 - Dusk,03 - P.D. only,04 - Sideswipe,Riverside Park
13581,WALKLEY RD btwn RIVERSIDE DR & RIVER GARDEN PRIV,368439.4057,5024845.802,-75.68767961,45.36066774,2016-07-19,15:25,01 - Clear,01 - Dry,10 - No control,01 - Non intersection,01 - Daylight,03 - P.D. only,07 - SMV other,Riverside Park
13582,WALKLEY RD btwn RUSSELL RD & LANCASTER RD,374768.162,5028540.424,-75.60638262,45.39330717,2016-04-30,15:08,01 - Clear,01 - Dry,10 - No control,01 - Non intersection,01 - Daylight,02 - Non-fatal injury,03 - Rear end,Sheffield Glen
13583,WALKLEY RD btwn RUSSELL RD & LANCASTER RD,374768.048,5028541.473,-75.60638392,45.39331662,2016-09-09,16:48,01 - Clear,01 - Dry,10 - No control,01 - Non intersection,01 - Daylight,03 - P.D. only,05 - Turning movement,Sheffield Glen
13584,WALKLEY RD btwn RUSSELL RD & LANCASTER RD,374903.1035,5028601.865,-75.60465066,45.39384649,2016-04-18,7:34,01 - Clear,01 - Dry,10 - No control,01 - Non intersection,01 - Daylight,03 - P.D. only,03 - Rear end,Industrial Park
13585,WALKLEY RD btwn SHEFFIELD RD & WALKLEY EXTENSION RD,375347.7461,5028833.276,-75.59893934,45.39588396,2016-02-25,7:41,04 - Freezing Rain,06 - Ice,10 - No control,01 - Non intersection,01 - Daylight,03 - P.D. only,03 - Rear end,Industrial Park
13586,WALKLEY RD btwn SOUTHMORE DR E & AIRPORT PKWY,369809.764,5025633.558,-75.67008596,45.36763,2016-01-23,19:42,01 - Clear,01 - Dry,10 - No control,01 - Non intersection,07 - Dark,02 - Non-fatal injury,05 - Turning movement,Riverside Park
13587,WALKLEY RD btwn SPRINGLAND DR & MCCARTHY RD,369156.5707,5025252.08,-75.67847344,45.36425785,2016-03-18,21:14,01 - Clear,06 - Ice,10 - No control,01 - Non intersection,07 - Dark,03 - P.D. only,07 - SMV other,Riverside Park
13588,WALKLEY RD btwn SPRINGLAND DR & MCCARTHY RD,369234.8105,5025292.655,-75.67746951,45.36461574,2016-11-20,19:40,03 - Snow,05 - Packed snow,10 - No control,01 - Non intersection,07 - Dark,03 - P.D. only,07 - SMV other,Riverside Park
13589,WALKLEY RD btwn SPRINGLAND DR & MCCARTHY RD,369160.8035,5025254.61,-75.67841909,45.36428023,2016-03-19,21:50,01 - Clear,06 - Ice,10 - No control,01 - Non intersection,07 - Dark,03 - P.D. only,07 - SMV other,Riverside Park
13590,WALKLEY RD btwn SPRINGLAND DR & MCCARTHY RD,368898.7618,5025073.843,-75.68178721,45.36267774,2016-03-21,8:37,01 - Clear,06 - Ice,10 - No control,01 - Non intersection,01 - Daylight,03 - P.D. only,03 - Rear end,Hunt Club Woods - Quintarra - Revelstoke - Riverside South P
13591,WALKLEY RD btwn SPRINGLAND DR & MCCARTHY RD,368824.6455,5025034.089,-75.68273835,45.36232682,2016-05-30,8:15,01 - Clear,01 - Dry,10 - No control,01 - Non intersection,01 - Daylight,03 - P.D. only,03 - Rear end,Hunt Club Woods - Quintarra - Revelstoke - Riverside South P
13592,WALKLEY RD btwn ST. LAURENT BLVD & MARTHA AVE,373920.0341,5028056.956,-75.61728113,45.38904138,2016-05-03,9:26,01 - Clear,01 - Dry,10 - No control,01 - Non intersection,01 - Daylight,03 - P.D. only,04 - Sideswipe,Hawthorne Meadows
13593,WALKLEY RD btwn THORNDALE DR & AVONCOURT WAY,369506.5488,5025460.304,-75.67397909,45.36609917,2016-09-20,8:00,01 - Clear,01 - Dry,10 - No control,01 - Non intersection,01 - Daylight,02 - Non-fatal injury,03 - Rear end,Riverside Park
13594,WALKLEY RD btwn TRANSIT & GLENHAVEN PRIV,370098.2026,5025803.371,-75.6663817,45.36913111,2016-10-05,15:10,01 - Clear,01 - Dry,10 - No control,01 - Non intersection,01 - Daylight,03 - P.D. only,99 - Other,Riverside Park
13595,WALKLEY RD btwn TURN LANE & RYDER ST,372430.8836,5027186.886,-75.63641581,45.38135823,2016-05-02,16:49,01 - Clear,01 - Dry,10 - No control,01 - Non intersection,01 - Daylight,03 - P.D. only,03 - Rear end,Playfair Park - Lynda Park - Guildwood Estates
13596,WALKLEY RD btwn TURN LANE & RYDER ST,372516.8653,5027232.607,-75.63531176,45.3817613,2016-04-19,16:41,01 - Clear,01 - Dry,10 - No control,01 - Non intersection,01 - Daylight,03 - P.D. only,03 - Rear end,South Keys - Heron Gate - Greenboro West
13597,WALL RD btwn MONIQUE AVE & TENTH LINE RD,384176.1726,5032757.947,-75.48556431,45.43024974,2016-01-13,16:45,01 - Clear,02 - Wet,10 - No control,04 - At/near private drive,05 - Dusk,03 - P.D. only,06 - SMV unattended vehicle,Cumberland
13598,WALLER ST btwn BESSERER ST & DALY AVE,368319.1151,5032181.523,-75.68827047,45.42668326,2016-06-16,15:46,01 - Clear,01 - Dry,10 - No control,01 - Non intersection,01 - Daylight,02 - Non-fatal injury,04 - Sideswipe,Byward Market - Parliament Hill
13599,WALLER ST btwn BESSERER ST & DALY AVE,368323.2255,5032161.358,-75.68822055,45.42650145,2016-07-08,14:10,01 - Clear,01 - Dry,10 - No control,01 - Non intersection,01 - Daylight,03 - P.D. only,04 - Sideswipe,Byward Market - Parliament Hill
13600,WALLER ST btwn DALY AVE & STEWART ST,368354.2189,5032094.925,-75.68783309,45.4259009,2016-10-20,13:21,01 - Clear,01 - Dry,10 - No control,01 - Non intersection,01 - Daylight,03 - P.D. only,04 - Sideswipe,Byward Market - Parliament Hill
13601,WALLER ST btwn DALY AVE & STEWART ST,368368.6909,5032053.672,-75.68765349,45.4255284,2016-12-09,14:50,01 - Clear,02 - Wet,10 - No control,01 - Non intersection,01 - Daylight,03 - P.D. only,04 - Sideswipe,Sandy Hill
13602,WALLER ST btwn NICHOLAS ST & STEWART ST,368372.7237,5032001.809,-75.68760865,45.42506139,2016-11-25,16:25,01 - Clear,01 - Dry,10 - No control,01 - Non intersection,05 - Dusk,03 - P.D. only,04 - Sideswipe,Sandy Hill
13603,WALLER ST btwn RIDEAU ST & BESSERER ST,368308.077,5032211.506,-75.68840765,45.42695404,2016-02-20,22:00,01 - Clear,01 - Dry,10 - No control,01 - Non intersection,07 - Dark,03 - P.D. only,06 - SMV unattended vehicle,Byward Market - Parliament Hill
13604,WALLFORD WAY btwn BEAVERTON AVE & PARTHIA AVE,365535.7288,5025080.794,-75.724711,45.36303973,2016-03-08,0:00,01 - Clear,01 - Dry,10 - No control,01 - Non intersection,00 - Unknown,03 - P.D. only,06 - SMV unattended vehicle,Cityview - Skyline - Fisher Heights
13605,WALTER BAKER PL btwn RON MASLIN WAY & END,351730.1582,5017453.284,-75.90165053,45.29546599,2016-07-02,13:10,01 - Clear,01 - Dry,10 - No control,01 - Non intersection,01 - Daylight,03 - P.D. only,06 - SMV unattended vehicle,Katimavik - Hazeldean
13606,WARMSTONE DR btwn CENTO WAY & ROSEHILL AVE,350163.4043,5016274.002,-75.92173311,45.28495734,2016-12-26,19:00,04 - Freezing Rain,06 - Ice,10 - No control,01 - Non intersection,07 - Dark,03 - P.D. only,06 - SMV unattended vehicle,Stittsville
13607,WATERBRIDGE DR btwn CRESTWAY DR & OLDFIELD ST,366554.4923,5016115.194,-75.71282577,45.28227947,2016-12-26,0:00,04 - Freezing Rain,06 - Ice,10 - No control,01 - Non intersection,00 - Unknown,03 - P.D. only,06 - SMV unattended vehicle,Chapman Mills - Rideau Crest - Davidson Heights
13608,WATERCOLOURS WAY btwn FRESHWATER WAY & SEELEY'S BAY ST,363942.3626,5012626.088,-75.74653467,45.25110903,2016-05-20,20:36,01 - Clear,01 - Dry,10 - No control,04 - At/near private drive,05 - Dusk,03 - P.D. only,06 - SMV unattended vehicle,New Barrhaven
13609,WATTERS RD btwn MONTCREST DR & TRIM RD,384918.3798,5038682.046,-75.47511516,45.4834646,2016-11-30,19:41,01 - Clear,01 - Dry,10 - No control,04 - At/near private drive,07 - Dark,02 - Non-fatal injury,07 - SMV other,Cardinal Creek
13610,WATTERS RD btwn MONTCREST DR & TRIM RD,384955.8705,5038713.185,-75.47463057,45.48374045,2016-10-20,19:00,02 - Rain,02 - Wet,10 - No control,04 - At/near private drive,07 - Dark,03 - P.D. only,05 - Turning movement,Cardinal Creek
13611,WAVELL AVE btwn CROSSFIELD AVE & KEENAN AVE,362301.9559,5027081.989,-75.7657535,45.381319,2016-05-27,12:25,01 - Clear,01 - Dry,10 - No control,04 - At/near private drive,01 - Daylight,03 - P.D. only,06 - SMV unattended vehicle,Carlingwood - McKellar Park - Laurentien View
13612,WAVERLEY ST @ O'CONNOR ST,368008.7029,5030765.954,-75.69241853,45.41397457,2016-06-16,16:00,01 - Clear,01 - Dry,02 - Stop sign,03 - At intersection,01 - Daylight,02 - Non-fatal injury,07 - SMV other,Centretown
13613,WAVERLEY ST @ O'CONNOR ST,368008.5976,5030765.272,-75.69241996,45.41396844,2016-10-25,17:23,01 - Clear,01 - Dry,02 - Stop sign,03 - At intersection,01 - Daylight,02 - Non-fatal injury,05 - Turning movement,Centretown
13614,WAVERLEY ST @ O'CONNOR ST,368009.2694,5030765.944,-75.69241129,45.41397443,2016-11-08,15:26,01 - Clear,01 - Dry,02 - Stop sign,02 - Intersection related,01 - Daylight,02 - Non-fatal injury,05 - Turning movement,Centretown
13615,WAVERLEY ST @ O'CONNOR ST,368008.8904,5030766.235,-75.6924161,45.41397708,2016-06-01,16:10,01 - Clear,01 - Dry,02 - Stop sign,03 - At intersection,01 - Daylight,03 - P.D. only,02 - Angle,Centretown
13616,WAVERLEY ST @ O'CONNOR ST,368009.2437,5030766.373,-75.69241157,45.41397829,2016-09-20,16:38,01 - Clear,01 - Dry,02 - Stop sign,02 - Intersection related,01 - Daylight,03 - P.D. only,03 - Rear end,Centretown
13617,WAVERLEY ST btwn ELGIN ST & CARTIER ST,368396.3069,5031002.549,-75.6874363,45.41606825,2016-05-20,4:00,01 - Clear,01 - Dry,10 - No control,01 - Non intersection,07 - Dark,03 - P.D. only,06 - SMV unattended vehicle,Golden Triangle
13618,WAYMARK CRES btwn BRIDGESTONE DR & BRIDGESTONE DR,355344.6374,5016055.024,-75.85571198,45.28263346,2016-04-04,0:00,01 - Clear,01 - Dry,10 - No control,01 - Non intersection,00 - Unknown,03 - P.D. only,06 - SMV unattended vehicle,Bridlewood - Emerald Meadows
13619,WEATHERWOOD CRES btwn AMBERWOOD CRES & AMBERWOOD CRES,366419.6107,5020385.127,-75.71401421,45.32071175,2016-06-13,7:00,01 - Clear,01 - Dry,10 - No control,01 - Non intersection,01 - Daylight,03 - P.D. only,06 - SMV unattended vehicle,Merivale Gardens - Grenfell Glen - Pineglen - Country Place
13620,WEDGEWOOD CRES btwn EASTPARK DR & WEDGEWOOD CRT (1),378578.3979,5033413.391,-75.55699611,45.4367599,2016-11-04,15:28,01 - Clear,01 - Dry,10 - No control,04 - At/near private drive,01 - Daylight,03 - P.D. only,06 - SMV unattended vehicle,Blackburn Hamlet
13621,WELKIN CRES btwn SEYMOUR AVE & SEYMOUR AVE,365717.8034,5024197.273,-75.72249593,45.35507416,2016-04-30,0:00,01 - Clear,01 - Dry,10 - No control,01 - Non intersection,00 - Unknown,03 - P.D. only,06 - SMV unattended vehicle,Borden Farm - Stewart Farm - Parkwood Hills - Fisher Glen
13622,WELLFLEET CRES btwn PERRIN AVE & HOPKINTON ST,362276.0697,5015080.239,-75.76747731,45.27332973,2016-07-16,14:18,01 - Clear,01 - Dry,10 - No control,04 - At/near private drive,01 - Daylight,03 - P.D. only,06 - SMV unattended vehicle,Barrhaven West - Old Barrhaven
13623,WELLINGTON ST    W btwn CAROLINE AVE & HARMER AVE N,364761.9874,5029093.534,-75.73409952,45.39921224,2016-09-13,17:23,01 - Clear,01 - Dry,10 - No control,01 - Non intersection,01 - Daylight,03 - P.D. only,04 - Sideswipe,Island Park
13624,WELLINGTON ST    W btwn CLARENDON AVE & GRANGE AVE,364542.4614,5029027.289,-75.73691132,45.39863495,2016-10-24,20:31,01 - Clear,01 - Dry,10 - No control,01 - Non intersection,07 - Dark,03 - P.D. only,06 - SMV unattended vehicle,Island Park
13625,WELLINGTON ST    W btwn CLARENDON AVE & GRANGE AVE,364584.1954,5029040.516,-75.7363767,45.3987504,2016-03-14,10:40,02 - Rain,02 - Wet,10 - No control,01 - Non intersection,01 - Daylight,03 - P.D. only,06 - SMV unattended vehicle,Island Park
13626,WELLINGTON ST    W btwn FAIRMONT AVE & IRVING AVE,365610.1562,5029781.534,-75.72318194,45.40532955,2016-01-11,9:47,02 - Rain,02 - Wet,10 - No control,01 - Non intersection,01 - Daylight,03 - P.D. only,06 - SMV unattended vehicle,Mechanicsville
13627,WELLINGTON ST    W btwn FAIRMONT AVE & IRVING AVE,365557.335,5029703.522,-75.72386625,45.4046322,2016-07-22,11:14,01 - Clear,01 - Dry,10 - No control,01 - Non intersection,01 - Daylight,03 - P.D. only,04 - Sideswipe,Mechanicsville
13628,WELLINGTON ST    W btwn GRANGE AVE & WARREN AVE,364603.2277,5029045.899,-75.73613297,45.39879721,2016-02-18,16:57,01 - Clear,05 - Packed snow,10 - No control,01 - Non intersection,05 - Dusk,03 - P.D. only,06 - SMV unattended vehicle,Island Park
13629,WELLINGTON ST    W btwn HAMILTON AVE N & PARKDALE AVE,365142.8949,5029268.58,-75.72921318,45.40075454,2016-01-22,18:54,01 - Clear,04 - Slush,10 - No control,04 - At/near private drive,07 - Dark,03 - P.D. only,02 - Angle,Islan
13630,WELLINGTON ST    W btwn HAMPTON AVE & ROSS AVE,364503.6071,5029016.266,-75.7374089,45.39853908,2016-07-07,16:00,01 - Clear,01 - Dry,10 - No control,01 - Non intersection,01 - Daylight,03 - P.D. only,06 - SMV unattended vehicle,Island Park
13631,WELLINGTON ST    W btwn HAMPTON AVE & ROSS AVE,364457.9903,5029002.657,-75.73799315,45.39842052,2016-02-13,13:00,01 - Clear,01 - Dry,10 - No control,01 - Non intersection,01 - Daylight,03 - P.D. only,99 - Other,Island Park
13632,WELLINGTON ST    W btwn HARMER AVE N & HURON AVE N,364838.9859,5029121.002,-75.73311276,45.3994528,2016-07-18,15:30,01 - Clear,01 - Dry,10 - No control,01 - Non intersection,01 - Daylight,03 - P.D. only,06 - SMV unattended vehicle,Island Park
13633,WELLINGTON ST    W btwn HINTON AVE N & HAMILTON AVE N,365057.3658,5029221.976,-75.73031127,45.40034258,2016-06-14,13:30,02 - Rain,02 - Wet,10 - No control,01 - Non intersection,01 - Daylight,03 - P.D. only,06 - SMV unattended vehicle,Islan
13634,WELLINGTON ST    W btwn HOLLAND AVE & HINTON AVE N,364934.0196,5029156.282,-75.73189469,45.39976208,2016-07-21,0:00,01 - Clear,01 - Dry,10 - No control,01 - Non intersection,00 - Unknown,03 - P.D. only,06 - SMV unattended vehicle,Islan
13635,WELLINGTON ST    W btwn HOLLAND AVE & HINTON AVE N,364934.6397,5029155.35,-75.73188688,45.39975364,2016-03-11,11:04,01 - Clear,02 - Wet,10 - No control,01 - Non intersection,01 - Daylight,03 - P.D. only,03 - Rear end,Islan
13636,WELLINGTON ST    W btwn HURON AVE N & HOLLAND AVE,364859.2314,5029126.468,-75.73285352,45.39950024,2016-06-10,8:32,01 - Clear,01 - Dry,10 - No control,01 - Non intersection,01 - Daylight,03 - P.D. only,03 - Rear end,Island Park
13637,WELLINGTON ST    W btwn IRVING AVE & GARLAND ST,365647.4201,5029837.02,-75.7226991,45.40582556,2016-01-09,10:30,04 - Freezing Rain,04 - Slush,10 - No control,01 - Non intersection,01 - Daylight,03 - P.D. only,03 - Rear end,Mechanicsville
13638,WELLINGTON ST    W btwn ISLAND PARK DR & PICCADILLY AVE,364175.7035,5028893.313,-75.74161162,45.39746066,2016-03-22,20:05,03 - Snow,02 - Wet,10 - No control,01 - Non intersection,07 - Dark,03 - P.D. only,04 - Sideswipe,Island Park
13639,WELLINGTON ST    W btwn ISLAND PARK DR & PICCADILLY AVE,364185.6011,5028899.846,-75.74148443,45.39751861,2016-10-28,14:25,02 - Rain,02 - Wet,10 - No control,04 - At/near private drive,01 - Daylight,03 - P.D. only,02 - Angle,Island Park