Record,Location,X,Y,lon,lat,Date,Time,Environment,Road_Surface,Traffic_Control,Collision_Location,Light,Collision_Classification,Impact_type,Neighborhood
13640,WELLINGTON ST    W btwn JULIAN AVE & CAROLINE AVE,364745.3625,5029088.831,-75.73431243,45.39917135,2016-07-20,11:03,01 - Clear,01 - Dry,10 - No control,01 - Non intersection,01 - Daylight,03 - P.D. only,04 - Sideswipe,Island Park
13641,WELLINGTON ST    W btwn MERTON ST & FAIRMONT AVE,365550.5221,5029685.882,-75.72395544,45.40447407,2016-10-24,15:30,01 - Clear,01 - Dry,10 - No control,01 - Non intersection,01 - Daylight,02 - Non-fatal injury,07 - SMV other,Mechanicsville
13642,WELLINGTON ST    W btwn MERTON ST & FAIRMONT AVE,365494.6073,5029603.648,-75.72467977,45.403739,2016-07-21,8:20,01 - Clear,01 - Dry,10 - No control,01 - Non intersection,01 - Daylight,03 - P.D. only,04 - Sideswipe,Hintonburg
13643,WELLINGTON ST    W btwn SHERBROOKE AVE & PINHEY ST,365427.123,5029512.496,-75.72555295,45.40292469,2016-07-18,19:13,01 - Clear,01 - Dry,10 - No control,01 - Non intersection,01 - Daylight,03 - P.D. only,04 - Sideswipe,Civi
13644,WELLINGTON ST    W btwn SHERBROOKE AVE & PINHEY ST,365449.279,5029539.334,-75.72526666,45.40316425,2016-01-02,21:30,03 - Snow,05 - Packed snow,10 - No control,01 - Non intersection,07 - Dark,03 - P.D. only,06 - SMV unattended vehicle,Civi
13645,WELLINGTON ST    W btwn SHERBROOKE AVE & PINHEY ST,365448.3936,5029541.155,-75.72527774,45.40318071,2016-01-03,0:02,01 - Clear,02 - Wet,10 - No control,01 - Non intersection,07 - Dark,03 - P.D. only,06 - SMV unattended vehicle,Hintonburg
13646,WELLINGTON ST    W btwn SMIRLE AVE & JULIAN AVE,364683.7116,5029069.671,-75.73510215,45.39900423,2016-03-19,14:35,01 - Clear,01 - Dry,10 - No control,01 - Non intersection,01 - Daylight,03 - P.D. only,04 - Sideswipe,Island Park
13647,WELLINGTON ST @ HAMILTON AVE,365079.0959,5029232.931,-75.73003239,45.40043928,2016-09-23,8:46,02 - Rain,02 - Wet,02 - Stop sign,03 - At intersection,01 - Daylight,03 - P.D. only,02 - Angle,Islan
13648,WELLINGTON ST @ LETT ST,366355.6598,5031111.035,-75.71349339,45.41722687,2016-04-06,17:37,03 - Snow,04 - Slush,01 - Traffic signal,03 - At intersection,01 - Daylight,03 - P.D. only,02 - Angle,LeBreton Flats
13649,WELLINGTON ST @ LETT ST,366355.2249,5031111.581,-75.71349887,45.41723182,2016-09-19,15:51,01 - Clear,01 - Dry,01 - Traffic signal,02 - Intersection related,01 - Daylight,03 - P.D. only,03 - Rear end,LeBreton Flats
13650,WELLINGTON ST @ LETT ST,366354.8109,5031110.9,-75.71350425,45.41722573,2016-08-10,7:41,01 - Clear,01 - Dry,01 - Traffic signal,02 - Intersection related,01 - Daylight,03 - P.D. only,03 - Rear end,LeBreton Flats
13651,WELLINGTON ST @ LETT ST,366354.4959,5031110.844,-75.71350828,45.41722526,2016-04-04,12:24,01 - Clear,01 - Dry,01 - Traffic signal,02 - Intersection related,01 - Daylight,03 - P.D. only,03 - Rear end,LeBreton Flats
13652,WELLINGTON ST btwn BANK ST & O'CONNOR ST,367280.5705,5031642.114,-75.70160945,45.42192338,2016-03-10,8:01,01 - Clear,02 - Wet,10 - No control,01 - Non intersection,01 - Daylight,02 - Non-fatal injury,01 - Approaching,Downtown
13653,WELLINGTON ST btwn BANK ST & O'CONNOR ST,367327.5708,5031673.307,-75.70100497,45.42219984,2016-10-21,11:16,02 - Rain,02 - Wet,10 - No control,01 - Non intersection,01 - Daylight,02 - Non-fatal injury,07 - SMV other,Downtown
13654,WELLINGTON ST btwn BANK ST & O'CONNOR ST,367371.3019,5031696.611,-75.70044326,45.42240561,2016-03-03,16:52,01 - Clear,01 - Dry,10 - No control,01 - Non intersection,01 - Daylight,02 - Non-fatal injury,03 - Rear end,Downtown
13655,WELLINGTON ST btwn BAY ST & LYON ST N,366844.7748,5031370.227,-75.70721185,45.4195158,2016-10-28,17:40,01 - Clear,01 - Dry,10 - No control,01 - Non intersection,01 - Daylight,03 - P.D. only,04 - Sideswipe,Downtown
13656,WELLINGTON ST btwn BAY ST & LYON ST N,366819.5386,5031353.689,-75.70753636,45.41936924,2016-12-07,16:40,01 - Clear,02 - Wet,10 - No control,04 - At/near private drive,05 - Dusk,03 - P.D. only,02 - Angle,Downtown
13657,WELLINGTON ST btwn COMMISSIONER ST & TO BE DETERMINED,366624.4501,5031124.371,-75.71005766,45.41732317,2016-06-13,11:45,01 - Clear,01 - Dry,10 - No control,01 - Non intersection,01 - Daylight,03 - P.D. only,06 - SMV unattended vehicle,LeBreton Flats
13658,WELLINGTON ST btwn Continuation of WELLINGTON ST & BAY ST,366788.9455,5031342.871,-75.70792859,45.41927461,2016-12-16,11:15,01 - Clear,01 - Dry,10 - No control,01 - Non intersection,01 - Daylight,03 - P.D. only,04 - Sideswipe,Downtown
13659,WELLINGTON ST btwn ELGIN ST & ELGIN ST,367682.2819,5031890.077,-75.69644515,45.42411847,2016-09-02,16:50,01 - Clear,01 - Dry,10 - No control,01 - Non intersection,01 - Daylight,03 - P.D. only,04 - Sideswipe,Downtown
13660,WELLINGTON ST btwn KENT ST & BANK ST,367140.1978,5031553.392,-75.70341422,45.42113761,2016-08-09,17:24,01 - Clear,01 - Dry,10 - No control,01 - Non intersection,01 - Daylight,02 - Non-fatal injury,04 - Sideswipe,Downtown
13661,WELLINGTON ST btwn METCALFE ST & ELGIN ST,367645.5632,5031865.859,-75.69691741,45.42390387,2016-06-08,11:20,01 - Clear,01 - Dry,10 - No control,01 - Non intersection,01 - Daylight,03 - P.D. only,04 - Sideswipe,Downtown
13662,WELLINGTON ST btwn METCALFE ST & ELGIN ST,367626.7236,5031855.843,-75.69715941,45.42381544,2016-09-29,0:00,01 - Clear,01 - Dry,10 - No control,01 - Non intersection,00 - Unknown,03 - P.D. only,06 - SMV unattended vehicle,Downtown
13663,WELLINGTON ST btwn O'CONNOR ST & METCALFE ST,367540.3551,5031802.228,-75.6982698,45.42334078,2016-04-25,17:30,01 - Clear,01 - Dry,10 - No control,01 - Non intersection,01 - Daylight,03 - P.D. only,03 - Rear end,Downtown
13664,WELLINGTON ST btwn OTTAWA RIVER PKWY & TO BE DETERMINED,366275.3462,5031015.025,-75.71453145,45.41637006,2016-06-13,15:00,01 - Clear,01 - Dry,10 - No control,01 - Non intersection,01 - Daylight,03 - P.D. only,04 - Sideswipe,LeBreton Flats
13665,WELLINGTON ST btwn TO BE DETERMINED & BAY ST,366697.0997,5031279.931,-75.70910995,45.41871643,2016-12-30,0:30,03 - Snow,04 - Slush,10 - No control,01 - Non intersection,07 - Dark,03 - P.D. only,07 - SMV other,Downtown
13666,WENDLER TER btwn LEGRAND CRES & LEGRAND CRES,382820.5549,5035741.791,-75.50241349,45.4572484,2016-04-18,18:00,01 - Clear,01 - Dry,10 - No control,01 - Non intersection,01 - Daylight,03 - P.D. only,06 - SMV unattended vehicle,Queenswood Heights
13667,WESLOCK WAY btwn WALDEN DR & ZOKOL CRES,350645.0528,5021232.356,-75.91513499,45.32954271,2016-02-16,17:15,03 - Snow,03 - Loose snow,10 - No control,01 - Non intersection,05 - Dusk,03 - P.D. only,06 - SMV unattended vehicle,Kanata Lakes - Marchwood Lakeside - Morgan's Grant - Kanata
13668,WESSEX RD btwn AMHERST CRES & GLACIER ST,363403.5398,5015048.432,-75.75311286,45.27295047,2016-07-14,16:30,01 - Clear,01 - Dry,10 - No control,01 - Non intersection,01 - Daylight,03 - P.D. only,06 - SMV unattended vehicle,Barrhaven West - Old Barrhaven
13669,WEST HUNT CLUB RD @ 354 E OF WOODROFFE AVE/REC,363983.1604,5021423.779,-75.74496531,45.33026709,2016-11-21,19:18,03 - Snow,03 - Loose snow,01 - Traffic signal,02 - Intersection related,07 - Dark,03 - P.D. only,07 - SMV other,Tanglewood
13670,WEST HUNT CLUB RD @ 545 E OF ROYDON PL/SUNDERLAND ST,366353.0587,5022407.628,-75.71461155,45.33891576,2016-09-11,9:51,01 - Clear,01 - Dry,01 - Traffic signal,03 - At intersection,01 - Daylight,02 - Non-fatal injury,05 - Turning movement,Industrial Park
13671,WEST HUNT CLUB RD @ 545 E OF ROYDON PL/SUNDERLAND ST,366352.3499,5022407.41,-75.71462062,45.33891386,2016-05-12,20:53,01 - Clear,01 - Dry,01 - Traffic signal,02 - Intersection related,05 - Dusk,03 - P.D. only,03 - Rear end,Industrial Park
13672,WEST HUNT CLUB RD @ 545 E OF ROYDON PL/SUNDERLAND ST,366353.5949,5022407.956,-75.71460467,45.33891867,2016-08-22,13:23,01 - Clear,01 - Dry,01 - Traffic signal,02 - Intersection related,01 - Daylight,03 - P.D. only,04 - Sideswipe,Industrial Park
13673,WEST HUNT CLUB RD @ ANTARES DR/LASER ST,367107.7192,5022081.464,-75.70502443,45.33591438,2016-07-31,18:27,01 - Clear,01 - Dry,01 - Traffic signal,03 - At intersection,01 - Daylight,02 - Non-fatal injury,05 - Turning movement,Industrial Park
13674,WEST HUNT CLUB RD @ ANTARES DR/LASER ST,367108.3699,5022082.16,-75.70501604,45.33592058,2016-01-06,16:29,01 - Clear,01 - Dry,01 - Traffic signal,02 - Intersection related,01 - Daylight,02 - Non-fatal injury,03 - Rear end,Industrial Park
13675,WEST HUNT CLUB RD @ ANTARES DR/LASER ST,367107.1162,5022081.858,-75.70503207,45.33591798,2016-10-19,12:03,01 - Clear,01 - Dry,01 - Traffic signal,02 - Intersection related,01 - Daylight,03 - P.D. only,04 - Sideswipe,Industrial Park
13676,WEST HUNT CLUB RD @ ANTARES DR/LASER ST,367106.055,5022079.431,-75.70504592,45.33589623,2016-10-21,17:32,02 - Rain,02 - Wet,01 - Traffic signal,02 - Intersection related,01 - Daylight,03 - P.D. only,03 - Rear end,Industrial Park
13677,WEST HUNT CLUB RD @ ANTARES DR/LASER ST,367107.7675,5022081.586,-75.7050238,45.33591547,2016-01-04,17:11,01 - Clear,01 - Dry,01 - Traffic signal,02 - Intersection related,05 - Dusk,03 - P.D. only,03 - Rear end,Industrial Park
13678,WEST HUNT CLUB RD @ ANTARES DR/LASER ST,367106.2104,5022081.877,-75.70504363,45.33591823,2016-01-12,15:20,03 - Snow,02 - Wet,01 - Traffic signal,02 - Intersection related,01 - Daylight,03 - P.D. only,03 - Rear end,Industrial Park
13679,WEST HUNT CLUB RD @ ANTARES DR/LASER ST,367108.5395,5022079.431,-75.70501422,45.33589601,2016-10-20,18:38,02 - Rain,02 - Wet,01 - Traffic signal,02 - Intersection related,07 - Dark,03 - P.D. only,03 - Rear end,Industrial Park
13680,WEST HUNT CLUB RD @ ANTARES DR/LASER ST,367108.063,5022080.989,-75.7050201,45.33591008,2016-09-28,15:47,01 - Clear,01 - Dry,01 - Traffic signal,02 - Intersection related,01 - Daylight,03 - P.D. only,03 - Rear end,Industrial Park
13681,WEST HUNT CLUB RD @ ANTARES DR/LASER ST,367107.7113,5022083.572,-75.70502426,45.33593335,2016-11-29,17:37,01 - Clear,02 - Wet,01 - Traffic signal,03 - At intersection,07 - Dark,03 - P.D. only,03 - Rear end,Industrial Park
13682,WEST HUNT CLUB RD @ ANTARES DR/LASER ST,367108.5395,5022082.744,-75.7050138,45.33592582,2016-11-30,18:35,02 - Rain,02 - Wet,01 - Traffic signal,02 - Intersection related,07 - Dark,03 - P.D. only,04 - Sideswipe,Industrial Park
13683,WEST HUNT CLUB RD @ ANTARES DR/LASER ST,367107.7113,5022081.088,-75.70502458,45.335911,2016-11-10,11:00,01 - Clear,01 - Dry,01 - Traffic signal,02 - Intersection related,01 - Daylight,03 - P.D. only,04 - Sideswipe,Industrial Park
13684,WEST HUNT CLUB RD @ CLEOPATRA DR/LANCELOT DR,365235.3218,5021732.564,-75.72895449,45.33293879,2016-06-16,18:18,01 - Clear,01 - Dry,01 - Traffic signal,03 - At intersection,01 - Daylight,02 - Non-fatal injury,05 - Turning movement,Tanglewood
13685,WEST HUNT CLUB RD @ CLEOPATRA DR/LANCELOT DR,365235.5984,5021733.642,-75.72895083,45.33294847,2016-04-28,11:23,01 - Clear,01 - Dry,01 - Traffic signal,02 - Intersection related,01 - Daylight,02 - Non-fatal injury,03 - Rear end,Tanglewood
13686,WEST HUNT CLUB RD @ CLEOPATRA DR/LANCELOT DR,365234.6096,5021731.649,-75.72896368,45.33293062,2016-08-07,15:07,01 - Clear,01 - Dry,01 - Traffic signal,02 - Intersection related,01 - Daylight,02 - Non-fatal injury,03 - Rear end,Tanglewood
13687,WEST HUNT CLUB RD @ CLEOPATRA DR/LANCELOT DR,365241.1466,5021733.73,-75.72888004,45.33294878,2016-09-17,15:33,02 - Rain,02 - Wet,01 - Traffic signal,02 - Intersection related,01 - Daylight,03 - P.D. only,03 - Rear end,Tanglewood
13688,WEST HUNT CLUB RD @ CLEOPATRA DR/LANCELOT DR,365236.4325,5021731.66,-75.72894043,45.33293056,2016-02-11,22:28,03 - Snow,06 - Ice,01 - Traffic signal,02 - Intersection related,07 - Dark,03 - P.D. only,03 - Rear end,Tanglewood
13689,WEST HUNT CLUB RD @ CLEOPATRA DR/LANCELOT DR,365236.5282,5021731.252,-75.72893926,45.33292688,2016-10-22,16:32,02 - Rain,02 - Wet,01 - Traffic signal,02 - Intersection related,01 - Daylight,03 - P.D. only,03 - Rear end,Tanglewood
13690,WEST HUNT CLUB RD @ CLEOPATRA DR/LANCELOT DR,365235.694,5021732.154,-75.72894979,45.33293507,2016-01-19,7:10,01 - Clear,02 - Wet,01 - Traffic signal,02 - Intersection related,03 - Dawn,03 - P.D. only,03 - Rear end,Tanglewood
13691,WEST HUNT CLUB RD @ CLEOPATRA DR/LANCELOT DR,365234.1991,5021732.119,-75.72896886,45.33293488,2016-01-05,7:38,03 - Snow,05 - Packed snow,01 - Traffic signal,03 - At intersection,03 - Dawn,03 - P.D. only,02 - Angle,Tanglewood
13692,WEST HUNT CLUB RD @ ROYDON PL/SUNDERLAND ST,365973.317,5022168.709,-75.71948596,45.33679922,2016-10-21,21:03,02 - Rain,02 - Wet,01 - Traffic signal,03 - At intersection,07 - Dark,01 - Fatal injury,99 - Other,Industrial Park
13693,WEST HUNT CLUB RD @ ROYDON PL/SUNDERLAND ST,365974.0229,5022171.728,-75.71947658,45.33682632,2016-05-19,19:24,01 - Clear,01 - Dry,01 - Traffic signal,03 - At intersection,01 - Daylight,02 - Non-fatal injury,02 - Angle,Industrial Park
13694,WEST HUNT CLUB RD @ ROYDON PL/SUNDERLAND ST,365972.4226,5022169.25,-75.71949731,45.33680416,2016-07-20,16:41,01 - Clear,01 - Dry,01 - Traffic signal,02 - Intersection related,01 - Daylight,02 - Non-fatal injury,05 - Turning movement,Industrial Park
13695,WEST HUNT CLUB RD @ ROYDON PL/SUNDERLAND ST,365971.9048,5022168.408,-75.71950402,45.33679663,2016-12-12,21:55,03 - Snow,03 - Loose snow,01 - Traffic signal,03 - At intersection,07 - Dark,02 - Non-fatal injury,05 - Turning movement,Industrial Park
13696,WEST HUNT CLUB RD @ ROYDON PL/SUNDERLAND ST,365973.0665,5022171.728,-75.71948879,45.3368264,2016-05-12,16:40,01 - Clear,01 - Dry,01 - Traffic signal,03 - At intersection,01 - Daylight,03 - P.D. only,02 - Angle,Industrial Park
13697,WEST HUNT CLUB RD @ ROYDON PL/SUNDERLAND ST,365974.8795,5022170.271,-75.71946584,45.33681313,2016-03-20,21:50,01 - Clear,01 - Dry,01 - Traffic signal,03 - At intersection,07 - Dark,03 - P.D. only,07 - SMV other,Industrial Park
13698,WEST HUNT CLUB RD @ ROYDON PL/SUNDERLAND ST,365974.9792,5022169.816,-75.71946462,45.33680903,2016-05-10,11:40,01 - Clear,01 - Dry,01 - Traffic signal,03 - At intersection,01 - Daylight,03 - P.D. only,05 - Turning movement,Industrial Park
13699,WEST HUNT CLUB RD @ ROYDON PL/SUNDERLAND ST,365973.0665,5022171.25,-75.71948884,45.3368221,2016-05-27,11:40,01 - Clear,01 - Dry,01 - Traffic signal,02 - Intersection related,01 - Daylight,03 - P.D. only,04 - Sideswipe,Industrial Park
13700,WEST HUNT CLUB RD @ ROYDON PL/SUNDERLAND ST,365973.3837,5022170.211,-75.71948493,45.33681272,2016-07-14,17:49,01 - Clear,01 - Dry,01 - Traffic signal,03 - At intersection,01 - Daylight,03 - P.D. only,05 - Turning movement,Industrial Park
13701,WEST HUNT CLUB RD @ ROYDON PL/SUNDERLAND ST,365973.3975,5022170.396,-75.71948473,45.33681439,2016-07-28,14:38,01 - Clear,01 - Dry,01 - Traffic signal,03 - At intersection,01 - Daylight,03 - P.D. only,05 - Turning movement,Industrial Park
13702,WEST HUNT CLUB RD @ ROYDON PL/SUNDERLAND ST,365974.8274,5022169.714,-75.71946657,45.33680813,2016-04-11,14:49,01 - Clear,02 - Wet,01 - Traffic signal,03 - At intersection,01 - Daylight,03 - P.D. only,02 - Angle,Industrial Park
13703,WEST HUNT CLUB RD @ ROYDON PL/SUNDERLAND ST,365974,5022170.108,-75.71947708,45.33681174,2016-04-19,16:51,01 - Clear,01 - Dry,01 - Traffic signal,03 - At intersection,01 - Daylight,03 - P.D. only,02 - Angle,Industrial Park
13704,WEST HUNT CLUB RD @ ROYDON PL/SUNDERLAND ST,365973.317,5022169.49,-75.71948587,45.33680624,2016-07-28,15:22,01 - Clear,01 - Dry,01 - Traffic signal,02 - Intersection related,01 - Daylight,03 - P.D. only,04 - Sideswipe,Industrial Park
13705,WEST HUNT CLUB RD @ ROYDON PL/SUNDERLAND ST,365974.5358,5022169.076,-75.71947037,45.33680241,2016-10-27,16:48,03 - Snow,02 - Wet,01 - Traffic signal,02 - Intersection related,01 - Daylight,03 - P.D. only,03 - Rear end,Industrial Park
13706,WEST HUNT CLUB RD @ ROYDON PL/SUNDERLAND ST,365974.3377,5022170.04,-75.71947278,45.3368111,2016-09-10,17:38,01 - Clear,01 - Dry,01 - Traffic signal,03 - At intersection,01 - Daylight,03 - P.D. only,02 - Angle,Industrial Park
13707,WEST HUNT CLUB RD @ ROYDON PL/SUNDERLAND ST,365975.5034,5022172.006,-75.71945766,45.33682869,2016-12-23,11:52,01 - Clear,02 - Wet,01 - Traffic signal,02 - Intersection related,01 - Daylight,03 - P.D. only,03 - Rear end,Industrial Park
13708,WEST HUNT CLUB RD @ WOODROFFE AVE,363670.4715,5021245.83,-75.74897529,45.32869222,2016-02-28,19:53,04 - Freezing Rain,02 - Wet,01 - Traffic signal,03 - At intersection,07 - Dark,02 - Non-fatal injury,05 - Turning movement,Woodvale - Craig Henry - Manordale - Estates of Arlington Wo
13709,WEST HUNT CLUB RD @ WOODROFFE AVE,363669.8597,5021246.354,-75.74898303,45.32869698,2016-01-28,7:27,01 - Clear,01 - Dry,01 - Traffic signal,02 - Intersection related,03 - Dawn,02 - Non-fatal injury,03 - Rear end,Woodvale - Craig Henry - Manordale - Estates of Arlington Wo
13710,WEST HUNT CLUB RD @ WOODROFFE AVE,363669.9405,5021247.615,-75.74898185,45.32870832,2016-05-11,16:31,01 - Clear,01 - Dry,01 - Traffic signal,03 - At intersection,01 - Daylight,02 - Non-fatal injury,02 - Angle,Woodvale - Craig Henry - Manordale - Estates of Arlington Wo
13711,WEST HUNT CLUB RD @ WOODROFFE AVE,363672.3473,5021245.247,-75.74895143,45.32868681,2016-09-06,14:59,01 - Clear,01 - Dry,01 - Traffic signal,02 - Intersection related,01 - Daylight,02 - Non-fatal injury,03 - Rear end,Merivale Gardens - Grenfell Glen - Pineglen - Country Place
13712,WEST HUNT CLUB RD @ WOODROFFE AVE,363670.691,5021244.419,-75.74897266,45.3286795,2016-10-12,9:34,01 - Clear,01 - Dry,01 - Traffic signal,02 - Intersection related,01 - Daylight,02 - Non-fatal injury,03 - Rear end,Woodvale - Craig Henry - Manordale - Estates of Arlington Wo
13713,WEST HUNT CLUB RD @ WOODROFFE AVE,363672.128,5021247.677,-75.74895394,45.3287087,2016-11-01,21:02,01 - Clear,01 - Dry,01 - Traffic signal,02 - Intersection related,07 - Dark,02 - Non-fatal injury,03 - Rear end,Merivale Gardens - Grenfell Glen - Pineglen - Country Place
13714,WEST HUNT CLUB RD @ WOODROFFE AVE,363671.7887,5021246.269,-75.74895843,45.32869606,2016-02-25,18:50,04 - Freezing Rain,06 - Ice,01 - Traffic signal,02 - Intersection related,07 - Dark,03 - P.D. only,04 - Sideswipe,Merivale Gardens - Grenfell Glen - Pineglen - Country Place
13715,WEST HUNT CLUB RD @ WOODROFFE AVE,363670.691,5021246.075,-75.74897246,45.3286944,2016-09-17,13:58,02 - Rain,02 - Wet,01 - Traffic signal,02 - Intersection related,01 - Daylight,03 - P.D. only,03 - Rear end,Merivale Gardens - Grenfell Glen - Pineglen - Country Place
13716,WEST HUNT CLUB RD @ WOODROFFE AVE,363669.1891,5021245.674,-75.74899167,45.32869092,2016-01-16,10:47,03 - Snow,04 - Slush,01 - Traffic signal,02 - Intersection related,01 - Daylight,03 - P.D. only,03 - Rear end,Woodvale - Craig Henry - Manordale - Estates of Arlington Wo
13717,WEST HUNT CLUB RD @ WOODROFFE AVE,363670.0324,5021246.269,-75.74898084,45.3286962,2016-01-22,8:31,01 - Clear,01 - Dry,01 - Traffic signal,02 - Intersection related,01 - Daylight,03 - P.D. only,04 - Sideswipe,Woodvale - Craig Henry - Manordale - Estates of Arlington Wo
13718,WEST HUNT CLUB RD @ WOODROFFE AVE,363670.7382,5021246.375,-75.74897182,45.3286971,2016-01-17,20:15,03 - Snow,03 - Loose snow,01 - Traffic signal,02 - Intersection related,07 - Dark,03 - P.D. only,03 - Rear end,Merivale Gardens - Grenfell Glen - Pineglen - Country Place
13719,WEST HUNT CLUB RD @ WOODROFFE AVE,363670.0324,5021247.587,-75.74898068,45.32870806,2016-01-27,8:56,01 - Clear,06 - Ice,01 - Traffic signal,02 - Intersection related,01 - Daylight,03 - P.D. only,07 - SMV other,Woodvale - Craig Henry - Manordale - Estates of Arlington Wo
13720,WEST HUNT CLUB RD @ WOODROFFE AVE,363671.3569,5021246.711,-75.74896389,45.32870007,2016-02-19,10:40,03 - Snow,02 - Wet,01 - Traffic signal,03 - At intersection,01 - Daylight,03 - P.D. only,02 - Angle,Merivale Gardens - Grenfell Glen - Pineglen - Country Place
13721,WEST HUNT CLUB RD @ WOODROFFE AVE,363670.7221,5021245.565,-75.74897212,45.32868981,2016-01-19,15:40,01 - Clear,03 - Loose snow,01 - Traffic signal,02 - Intersection related,01 - Daylight,03 - P.D. only,03 - Rear end,Merivale Gardens - Grenfell Glen - Pineglen - Country Place
13722,WEST HUNT CLUB RD @ WOODROFFE AVE,363670.691,5021246.114,-75.74897245,45.32869475,2016-01-13,14:45,01 - Clear,02 - Wet,01 - Traffic signal,02 - Intersection related,01 - Daylight,03 - P.D. only,03 - Rear end,Merivale Gardens - Grenfell Glen - Pineglen - Country Place
13723,WEST HUNT CLUB RD @ WOODROFFE AVE,363670.1555,5021246.221,-75.74897927,45.32869576,2016-09-17,19:27,02 - Rain,02 - Wet,01 - Traffic signal,02 - Intersection related,07 - Dark,03 - P.D. only,03 - Rear end,Woodvale - Craig Henry - Manordale - Estates of Arlington Wo
13724,WEST HUNT CLUB RD @ WOODROFFE AVE,363671.762,5021245.15,-75.74895891,45.32868599,2016-09-02,12:42,01 - Clear,01 - Dry,01 - Traffic signal,02 - Intersection related,01 - Daylight,03 - P.D. only,03 - Rear end,Woodvale - Craig Henry - Manordale - Estates of Arlington Wo
13725,WEST HUNT CLUB RD @ WOODROFFE AVE,363670.4593,5021245.794,-75.74897545,45.32869189,2016-09-09,8:09,01 - Clear,01 - Dry,01 - Traffic signal,02 - Intersection related,01 - Daylight,03 - P.D. only,05 - Turning movement,Woodvale - Craig Henry - Manordale - Estates of Arlington Wo
13726,WEST HUNT CLUB RD @ WOODROFFE AVE,363671.8133,5021245.367,-75.74895823,45.32868794,2016-04-14,14:18,01 - Clear,01 - Dry,01 - Traffic signal,02 - Intersection related,01 - Daylight,03 - P.D. only,03 - Rear end,Merivale Gardens - Grenfell Glen - Pineglen - Country Place
13727,WEST HUNT CLUB RD @ WOODROFFE AVE,363670.915,5021246.265,-75.74896958,45.32869609,2016-03-24,15:20,03 - Snow,03 - Loose snow,01 - Traffic signal,02 - Intersection related,01 - Daylight,03 - P.D. only,03 - Rear end,Merivale Gardens - Grenfell Glen - Pineglen - Country Place
13728,WEST HUNT CLUB RD @ WOODROFFE AVE,363670.6623,5021246.507,-75.74897277,45.32869829,2016-03-26,13:41,01 - Clear,02 - Wet,01 - Traffic signal,02 - Intersection related,01 - Daylight,03 - P.D. only,03 - Rear end,Woodvale - Craig Henry - Manordale - Estates of Arlington Wo
13729,WEST HUNT CLUB RD @ WOODROFFE AVE,363670.0176,5021246.713,-75.74898097,45.3287002,2016-04-08,12:54,01 - Clear,02 - Wet,01 - Traffic signal,02 - Intersection related,01 - Daylight,03 - P.D. only,03 - Rear end,Woodvale - Craig Henry - Manordale - Estates of Arlington Wo
13730,WEST HUNT CLUB RD @ WOODROFFE AVE,363670.6548,5021246.49,-75.74897287,45.32869814,2016-02-28,21:19,01 - Clear,02 - Wet,01 - Traffic signal,03 - At intersection,07 - Dark,03 - P.D. only,02 - Angle,Woodvale - Craig Henry - Manordale - Estates of Arlington Wo
13731,WEST HUNT CLUB RD @ WOODROFFE AVE,363670.9155,5021246.265,-75.74896957,45.32869609,2016-04-27,9:39,01 - Clear,01 - Dry,01 - Traffic signal,02 - Intersection related,01 - Daylight,03 - P.D. only,03 - Rear end,Merivale Gardens - Grenfell Glen - Pineglen - Country Place
13732,WEST HUNT CLUB RD @ WOODROFFE AVE,363670.1967,5021247.025,-75.74897865,45.32870299,2016-09-05,13:46,01 - Clear,01 - Dry,01 - Traffic signal,02 - Intersection related,01 - Daylight,03 - P.D. only,03 - Rear end,Woodvale - Craig Henry - Manordale - Estates of Arlington Wo
13733,WEST HUNT CLUB RD @ WOODROFFE AVE,363670.0324,5021246.269,-75.74898084,45.3286962,2016-09-23,13:25,01 - Clear,01 - Dry,01 - Traffic signal,03 - At intersection,01 - Daylight,03 - P.D. only,99 - Other,Woodvale - Craig Henry - Manordale - Estates of Arlington Wo
13734,WEST HUNT CLUB RD @ WOODROFFE AVE,363671.5192,5021245.247,-75.74896199,45.32868688,2016-09-22,21:40,02 - Rain,02 - Wet,01 - Traffic signal,02 - Intersection related,07 - Dark,03 - P.D. only,03 - Rear end,Woodvale - Craig Henry - Manordale - Estates of Arlington Wo
13735,WEST HUNT CLUB RD @ WOODROFFE AVE,363670.9183,5021245.58,-75.74896962,45.32868993,2016-07-08,19:50,01 - Clear,01 - Dry,01 - Traffic signal,03 - At intersection,01 - Daylight,03 - P.D. only,01 - Approaching,Merivale Gardens - Grenfell Glen - Pineglen - Country Place
13736,WEST HUNT CLUB RD @ WOODROFFE AVE,363670.4715,5021247.587,-75.74897508,45.32870803,2016-11-01,17:15,01 - Clear,01 - Dry,01 - Traffic signal,03 - At intersection,05 - Dusk,03 - P.D. only,05 - Turning movement,Woodvale - Craig Henry - Manordale - Estates of Arlington Wo