Record,Location,X,Y,lon,lat,Date,Time,Environment,Road_Surface,Traffic_Control,Collision_Location,Light,Collision_Classification,Impact_type,Neighborhood
13737,WEST HUNT CLUB RD @ WOODROFFE AVE,363668.2339,5021244.902,-75.74900394,45.32868406,2016-11-13,12:20,01 - Clear,01 - Dry,01 - Traffic signal,02 - Intersection related,01 - Daylight,03 - P.D. only,03 - Rear end,Woodvale - Craig Henry - Manordale - Estates of Arlington Wo
13738,WEST HUNT CLUB RD @ WOODROFFE AVE,363670.0324,5021246.269,-75.74898084,45.3286962,2016-12-15,8:50,01 - Clear,02 - Wet,01 - Traffic signal,03 - At intersection,01 - Daylight,03 - P.D. only,05 - Turning movement,Woodvale - Craig Henry - Manordale - Estates of Arlington Wo
13739,WEST HUNT CLUB RD @ WOODROFFE AVE,363669.8628,5021245.247,-75.74898312,45.32868702,2016-12-08,22:28,03 - Snow,06 - Ice,01 - Traffic signal,02 - Intersection related,07 - Dark,03 - P.D. only,03 - Rear end,Woodvale - Craig Henry - Manordale - Estates of Arlington Wo
13740,WEST HUNT CLUB RD @ WOODROFFE AVE,363670.4715,5021246.269,-75.74897524,45.32869617,2016-11-24,9:15,03 - Snow,04 - Slush,01 - Traffic signal,02 - Intersection related,01 - Daylight,03 - P.D. only,04 - Sideswipe,Woodvale - Craig Henry - Manordale - Estates of Arlington Wo
13741,WEST HUNT CLUB RD @ WOODROFFE AVE,363670.6476,5021246.466,-75.74897297,45.32869793,2016-11-29,7:54,04 - Freezing Rain,06 - Ice,01 - Traffic signal,02 - Intersection related,01 - Daylight,03 - P.D. only,04 - Sideswipe,Woodvale - Craig Henry - Manordale - Estates of Arlington Wo
13742,WEST HUNT CLUB RD @ WOODROFFE AVE,363670.0324,5021246.269,-75.74898084,45.3286962,2016-11-26,2:18,01 - Clear,02 - Wet,01 - Traffic signal,03 - At intersection,07 - Dark,03 - P.D. only,02 - Angle,Woodvale - Craig Henry - Manordale - Estates of Arlington Wo
13743,WEST HUNT CLUB RD btwn HWY416 IC72 RAMP63 & CEDARVIEW RD,359675.8364,5019531.479,-75.8001218,45.31359012,2016-06-06,16:45,01 - Clear,01 - Dry,10 - No control,01 - Non intersection,01 - Daylight,03 - P.D. only,03 - Rear end,Greenbelt
13744,WEST HUNT CLUB RD btwn MOODIE DR & HWY416 IC72 RAMP53,358083.2211,5018603.218,-75.82053213,45.30536018,2016-10-14,16:26,01 - Clear,01 - Dry,10 - No control,01 - Non intersection,01 - Daylight,02 - Non-fatal injury,03 - Rear end,Greenbelt
13745,WEST HUNT CLUB RD btwn MOODIE DR & HWY416 IC72 RAMP53,358338.4619,5018751.419,-75.81726152,45.3066743,2016-03-06,14:35,01 - Clear,01 - Dry,10 - No control,01 - Non intersection,01 - Daylight,03 - P.D. only,03 - Rear end,Greenbelt
13746,WEST HUNT CLUB RD btwn MOODIE DR & HWY416 IC72 RAMP53,358252.7793,5018702.185,-75.8183594,45.30623782,2016-03-02,16:08,06 - Strong wind,02 - Wet,10 - No control,01 - Non intersection,01 - Daylight,03 - P.D. only,03 - Rear end,Greenbelt
13747,WEST HUNT CLUB RD btwn MOODIE DR & HWY416 IC72 RAMP53,358124.3367,5018624.691,-75.82000555,45.30555028,2016-08-23,8:07,01 - Clear,01 - Dry,10 - No control,01 - Non intersection,01 - Daylight,03 - P.D. only,07 - SMV other,Greenbelt
13748,WEST HUNT CLUB RD btwn MOODIE DR & HWY416 IC72 RAMP53,359185.6603,5019251.954,-75.80640365,45.31111307,2016-04-18,6:26,01 - Clear,01 - Dry,10 - No control,01 - Non intersection,01 - Daylight,03 - P.D. only,04 - Sideswipe,Greenbelt
13749,WEST HUNT CLUB RD btwn MOODIE DR & HWY416 IC72 RAMP53,359189.2245,5019253.454,-75.80635804,45.31112629,2016-07-07,14:38,01 - Clear,01 - Dry,10 - No control,01 - Non intersection,01 - Daylight,03 - P.D. only,04 - Sideswipe,Greenbelt
13750,WEST HUNT CLUB RD btwn MOODIE DR & HWY416 IC72 RAMP53,357975.4146,5018532.751,-75.82191434,45.30473428,2016-12-30,9:00,01 - Clear,01 - Dry,10 - No control,04 - At/near private drive,01 - Daylight,03 - P.D. only,04 - Sideswipe,Greenbelt
13751,WEST HUNT CLUB RD btwn MOODIE DR & HWY416 IC72 RAMP53,358848.7261,5019053.397,-75.81072202,45.30935245,2016-11-15,7:51,01 - Clear,01 - Dry,10 - No control,01 - Non intersection,01 - Daylight,03 - P.D. only,01 - Approaching,Greenbelt
13752,WEST HUNT CLUB RD btwn MOODIE DR & HWY416 IC72 RAMP53,358338.8827,5018749.867,-75.81725632,45.30666031,2016-12-23,0:08,01 - Clear,02 - Wet,10 - No control,01 - Non intersection,07 - Dark,03 - P.D. only,07 - SMV other,Greenbelt
13753,WEST HUNT CLUB RD btwn MOODIE DR & RICHMOND RD,357865.4871,5018471.173,-75.82332262,45.30418851,2016-06-19,11:41,01 - Clear,01 - Dry,10 - No control,01 - Non intersection,01 - Daylight,03 - P.D. only,07 - SMV other,Greenbelt
13754,WEST HUNT CLUB RD btwn MOODIE DR & RICHMOND RD,357727.9416,5018409.429,-75.82508303,45.30364331,2016-11-21,9:49,03 - Snow,03 - Loose snow,10 - No control,01 - Non intersection,01 - Daylight,03 - P.D. only,07 - SMV other,Greenbelt
13755,WEST HUNT CLUB RD btwn PRINCE OF WALES DR & HUNT CLUB RD,367620.438,5021884.548,-75.69850836,45.33409685,2016-01-04,17:25,01 - Clear,01 - Dry,10 - No control,01 - Non intersection,05 - Dusk,02 - Non-fatal injury,03 - Rear end,Industrial Park
13756,WEST HUNT CLUB RD btwn PRINCE OF WALES DR & HUNT CLUB RD,367632.3656,5021884.259,-75.69835623,45.33409318,2016-01-30,10:05,01 - Clear,01 - Dry,10 - No control,01 - Non intersection,01 - Daylight,03 - P.D. only,07 - SMV other,Industrial Park
13757,WEST HUNT CLUB RD btwn PRINCE OF WALES DR & TURN LANE,367568.5186,5021887.219,-75.69917036,45.33412553,2016-04-20,16:40,01 - Clear,01 - Dry,10 - No control,01 - Non intersection,01 - Daylight,03 - P.D. only,03 - Rear end,Industrial Park
13758,WEST HUNT CLUB RD btwn PRINCE OF WALES DR & TURN LANE,367573.9376,5021886.049,-75.69910138,45.33411452,2016-07-16,1:59,02 - Rain,02 - Wet,10 - No control,01 - Non intersection,07 - Dark,03 - P.D. only,03 - Rear end,Industrial Park
13759,WEST HUNT CLUB RD btwn TURN LANE & PRINCE OF WALES DR (2),367406.3991,5021892.856,-75.70123784,45.33419073,2016-04-12,7:53,01 - Clear,01 - Dry,10 - No control,01 - Non intersection,01 - Daylight,03 - P.D. only,04 - Sideswipe,Industrial Park
13760,WEST HUNT CLUB RD EB btwn 210 W OF MERIVALE RD & MERIVALE RD,365531.2462,5021875.539,-75.72516183,45.33419971,2016-02-04,16:26,01 - Clear,01 - Dry,10 - No control,01 - Non intersection,01 - Daylight,03 - P.D. only,04 - Sideswipe,Merivale Gardens - Grenfell Glen - Pineglen - Country Place
13761,WEST HUNT CLUB RD EB btwn 210 W OF MERIVALE RD & MERIVALE RD,365447.8214,5021821.532,-75.72623272,45.33372098,2016-09-28,10:01,01 - Clear,01 - Dry,10 - No control,01 - Non intersection,01 - Daylight,03 - P.D. only,04 - Sideswipe,Merivale Gardens - Grenfell Glen - Pineglen - Country Place
13762,WEST HUNT CLUB RD EB btwn 210 W OF MERIVALE RD & MERIVALE RD,365610.0016,5021929.03,-75.72415055,45.3346742,2016-02-22,10:45,01 - Clear,01 - Dry,10 - No control,01 - Non intersection,01 - Daylight,03 - P.D. only,04 - Sideswipe,Merivale Gardens - Grenfell Glen - Pineglen - Country Place
13763,WEST HUNT CLUB RD EB btwn 354 E OF WOODROFFE AVE/REC PATH & CLEOPATRA ,364934.1993,5021688.161,-75.73280131,45.33256513,2016-04-22,21:23,01 - Clear,01 - Dry,10 - No control,01 - Non intersection,07 - Dark,02 - Non-fatal injury,07 - SMV other,Merivale Gardens - Grenfell Glen - Pineglen - Country Place
13764,WEST HUNT CLUB RD EB btwn 545 E OF ROYDON PL/SUNDERLAND ST & ANTARES D,367012.1194,5022236.503,-75.70622456,45.33731788,2016-07-16,12:55,01 - Clear,01 - Dry,10 - No control,07 - Overpass or bridge,01 - Daylight,03 - P.D. only,04 - Sideswipe,Industrial Park
13765,WEST HUNT CLUB RD EB btwn CEDARVIEW RD & GREENBANK RD,361477.4816,5020486.233,-75.77703645,45.32203789,2016-10-28,10:24,02 - Rain,02 - Wet,10 - No control,01 - Non intersection,01 - Daylight,03 - P.D. only,07 - SMV other,Greenbelt
13766,WEST HUNT CLUB RD EB btwn GREENBANK RD & KNOXDALE RD,361827.4618,5020575.915,-75.77256223,45.32281651,2016-09-23,8:35,02 - Rain,02 - Wet,10 - No control,01 - Non intersection,01 - Daylight,03 - P.D. only,04 - Sideswipe,Woodvale - Craig Henry - Manordale - Estates of Arlington Wo
13767,WEST HUNT CLUB RD EB btwn KNOXDALE RD & WOODROFFE AVE,363471.1051,5021098.663,-75.75153588,45.32738471,2016-11-07,14:15,01 - Clear,01 - Dry,10 - No control,01 - Non intersection,01 - Daylight,02 - Non-fatal injury,07 - SMV other,Woodvale - Craig Henry - Manordale - Estates of Arlington Wo
13768,WEST HUNT CLUB RD EB btwn KNOXDALE RD & WOODROFFE AVE,363656.7065,5021236.056,-75.74915204,45.32860543,2016-02-26,11:58,01 - Clear,01 - Dry,10 - No control,01 - Non intersection,01 - Daylight,03 - P.D. only,04 - Sideswipe,Woodvale - Craig Henry - Manordale - Estates of Arlington Wo
13769,WEST HUNT CLUB RD EB btwn MERIVALE RD & SUNDERLAND ST,365817.5251,5022056.439,-75.72148738,45.33580259,2016-10-07,17:32,01 - Clear,01 - Dry,10 - No control,01 - Non intersection,01 - Daylight,02 - Non-fatal injury,04 - Sideswipe,Industrial Park
13770,WEST HUNT CLUB RD EB btwn MERIVALE RD & SUNDERLAND ST,365652.7879,5021955.207,-75.72360149,45.33490603,2016-06-07,11:49,01 - Clear,01 - Dry,10 - No control,01 - Non intersection,01 - Daylight,02 - Non-fatal injury,03 - Rear end,Industrial Park
13771,WEST HUNT CLUB RD EB btwn MERIVALE RD & SUNDERLAND ST,365725.5028,5022000.161,-75.7226683,45.33530421,2016-04-29,8:16,01 - Clear,01 - Dry,10 - No control,01 - Non intersection,01 - Daylight,03 - P.D. only,03 - Rear end,Industrial Park
13772,WEST HUNT CLUB RD EB btwn MERIVALE RD & SUNDERLAND ST,365806.3349,5022050.986,-75.72163081,45.3357545,2016-07-27,16:42,01 - Clear,01 - Dry,10 - No control,01 - Non intersection,01 - Daylight,03 - P.D. only,04 - Sideswipe,Industrial Park
13773,WEST HUNT CLUB RD EB btwn ROYDON PL/SUNDERLAND ST & 545 E OF ROYDON PL,366082.2036,5022224.705,-75.71808987,45.33729356,2016-02-13,8:08,01 - Clear,06 - Ice,10 - No control,01 - Non intersection,01 - Daylight,02 - Non-fatal injury,07 - SMV other,Industrial Park
13774,WEST HUNT CLUB RD EB btwn ROYDON PL/SUNDERLAND ST & 545 E OF ROYDON PL,366063.7303,5022213.462,-75.71832694,45.33719401,2016-07-14,17:47,01 - Clear,01 - Dry,10 - No control,01 - Non intersection,01 - Daylight,03 - P.D. only,03 - Rear end,Industrial Park
13775,WEST HUNT CLUB RD EB btwn WOODROFFE AVE & 354 E OF WOODROFFE AVE/REC P,363937.0171,5021399.378,-75.74555686,45.33005142,2016-07-09,10:02,02 - Rain,02 - Wet,10 - No control,01 - Non intersection,01 - Daylight,03 - P.D. only,07 - SMV other,Tanglewood
13776,WEST HUNT CLUB RD EB btwn WOODROFFE AVE & 354 E OF WOODROFFE AVE/REC P,363790.7738,5021338,-75.74742971,45.32951146,2016-11-21,20:38,03 - Snow,03 - Loose snow,10 - No control,01 - Non intersection,07 - Dark,03 - P.D. only,03 - Rear end,Tanglewood
13777,WEST HUNT CLUB RD WB btwn 210 W OF MERIVALE RD & MERIVALE RD,365604.0382,5021937.393,-75.7242256,45.33474996,2016-03-07,16:27,01 - Clear,01 - Dry,10 - No control,01 - Non intersection,01 - Daylight,03 - P.D. only,07 - SMV other,Tanglewood
13778,WEST HUNT CLUB RD WB btwn 210 W OF MERIVALE RD & MERIVALE RD,365559.9455,5021909.502,-75.72479153,45.33450282,2016-02-17,10:46,01 - Clear,02 - Wet,10 - No control,04 - At/near private drive,01 - Daylight,03 - P.D. only,03 - Rear end,Tanglewood
13779,WEST HUNT CLUB RD WB btwn 545 E OF ROYDON PL/SUNDERLAND ST & ANTARES D,366703.5401,5022540.997,-75.71012331,45.34008496,2016-01-29,8:40,03 - Snow,03 - Loose snow,10 - No control,01 - Non intersection,01 - Daylight,03 - P.D. only,04 - Sideswipe,Industrial Park
13780,WEST HUNT CLUB RD WB btwn 545 E OF ROYDON PL/SUNDERLAND ST & ANTARES D,366398.1368,5022434.931,-75.71403303,45.33915747,2016-01-11,15:50,01 - Clear,01 - Dry,10 - No control,04 - At/near private drive,01 - Daylight,03 - P.D. only,03 - Rear end,Industrial Park
13781,WEST HUNT CLUB RD WB btwn 545 E OF ROYDON PL/SUNDERLAND ST & ANTARES D,367059.5701,5022171.864,-75.70562732,45.33673206,2016-09-15,16:40,01 - Clear,01 - Dry,10 - No control,01 - Non intersection,01 - Daylight,03 - P.D. only,03 - Rear end,Industrial Park
13782,WEST HUNT CLUB RD WB btwn 545 E OF ROYDON PL/SUNDERLAND ST & ANTARES D,366966.9477,5022342.219,-75.70678758,45.33827309,2016-12-17,7:23,03 - Snow,03 - Loose snow,10 - No control,01 - Non intersection,03 - Dawn,03 - P.D. only,07 - SMV other,Industrial Park
13783,WEST HUNT CLUB RD WB btwn CEDARVIEW RD & GREENBANK RD,359896.3032,5019663.317,-75.79729555,45.31475914,2016-02-24,22:15,02 - Rain,04 - Slush,10 - No control,01 - Non intersection,07 - Dark,03 - P.D. only,07 - SMV other,Greenbelt
13784,WEST HUNT CLUB RD WB btwn CEDARVIEW RD & GREENBANK RD,359890.5348,5019657.292,-75.79736979,45.31470538,2016-01-05,17:15,01 - Clear,06 - Ice,10 - No control,01 - Non intersection,05 - Dusk,03 - P.D. only,03 - Rear end,Greenbelt
13785,WEST HUNT CLUB RD WB btwn CEDARVIEW RD & GREENBANK RD,361051.258,5020256.401,-75.78249893,45.32000414,2016-12-29,19:29,03 - Snow,03 - Loose snow,10 - No control,01 - Non intersection,07 - Dark,03 - P.D. only,07 - SMV other,Greenbelt
13786,WEST HUNT CLUB RD WB btwn KNOXDALE RD & WOODROFFE AVE,363230.9193,5021009.92,-75.75461012,45.32660624,2016-05-12,7:10,01 - Clear,01 - Dry,10 - No control,01 - Non intersection,01 - Daylight,02 - Non-fatal injury,07 - SMV other,Woodvale - Craig Henry - Manordale - Estates of Arlington Wo
13787,WEST HUNT CLUB RD WB btwn KNOXDALE RD & WOODROFFE AVE,363140.9171,5020987.089,-75.75576086,45.3264083,2016-03-01,17:23,03 - Snow,03 - Loose snow,10 - No control,01 - Non intersection,05 - Dusk,03 - P.D. only,07 - SMV other,Woodvale - Craig Henry - Manordale - Estates of Arlington Wo
13788,WEST HUNT CLUB RD WB btwn KNOXDALE RD & WOODROFFE AVE,363504.9391,5021136.939,-75.75109976,45.32772629,2016-12-08,20:59,03 - Snow,06 - Ice,10 - No control,01 - Non intersection,07 - Dark,03 - P.D. only,99 - Other,Woodvale - Craig Henry - Manordale - Estates of Arlington Wo
13789,WEST HUNT CLUB RD WB btwn LANCELOT DR & 210 W OF MERIVALE RD,365376.6566,5021797.57,-75.72714352,45.33351152,2016-05-22,14:58,01 - Clear,01 - Dry,10 - No control,01 - Non intersection,01 - Daylight,03 - P.D. only,03 - Rear end,Merivale Gardens - Grenfell Glen - Pineglen - Country Place
13790,WEST HUNT CLUB RD WB btwn ROYDON PL/SUNDERLAND ST & 545 E OF ROYDON PL,366015.2053,5022197.602,-75.71894798,45.33705554,2016-06-29,16:10,01 - Clear,01 - Dry,10 - No control,04 - At/near private drive,01 - Daylight,03 - P.D. only,05 - Turning movement,Industrial Park
13791,WEST RIDGE DR @ FERNBANK RD,350380.5932,5011669.127,-75.9193872,45.24350704,2016-02-17,21:39,03 - Snow,05 - Packed snow,02 - Stop sign,03 - At intersection,07 - Dark,03 - P.D. only,02 - Angle,Stittsville
13792,WEST RIDGE DR btwn BALLYBOY ST & PARLOR PL,349251.6723,5012998.524,-75.93364798,45.25554167,2016-02-20,3:30,03 - Snow,05 - Packed snow,10 - No control,04 - At/near private drive,07 - Dark,03 - P.D. only,02 - Angle,Crossing Bridge
13793,WEST RIDGE DR btwn BARRACKS WAY & DALEWOOD CRES,350729.0687,5011541.314,-75.9149603,45.24233428,2016-02-10,8:12,01 - Clear,01 - Dry,10 - No control,01 - Non intersection,01 - Daylight,03 - P.D. only,06 - SMV unattended vehicle,Stittsville
13794,WEST RIDGE DR btwn DELAMERE DR & WHALINGS CIRC,348679.1628,5013680.419,-75.94088167,45.26171356,2016-06-10,23:34,01 - Clear,01 - Dry,10 - No control,01 - Non intersection,07 - Dark,02 - Non-fatal injury,04 - Sideswipe,Crossing Bridge
13795,WEST RIDGE DR btwn FRANKLIN CATHCART CRES & FRANKLIN CATHCART CRES,349863.2492,5012410.645,-75.92590966,45.25021281,2016-08-25,17:15,01 - Clear,01 - Dry,10 - No control,04 - At/near private drive,01 - Daylight,03 - P.D. only,04 - Sideswipe,Stittsville
13796,WEST RIVER DR btwn WEST AVE & NORTH DR,368732.5828,5010270.921,-75.68581664,45.22949851,2016-05-02,21:46,01 - Clear,01 - Dry,10 - No control,01 - Non intersection,07 - Dark,02 - Non-fatal injury,07 - SMV other,Manotick
13797,WEST RIVER DR btwn WEST AVE & NORTH DR,368450.3973,5010392.547,-75.68939436,45.23061846,2016-12-09,21:30,01 - Clear,01 - Dry,10 - No control,01 - Non intersection,07 - Dark,03 - P.D. only,06 - SMV unattended vehicle,Manotick
13798,WESTBROOK RD btwn CARP RD & WALGREEN RD,347510.8815,5015223.166,-75.95563481,45.27566771,2016-12-11,20:00,03 - Snow,03 - Loose snow,10 - No control,01 - Non intersection,07 - Dark,03 - P.D. only,07 - SMV other,Stittsville - Basswood
13799,WESTCLIFFE RD btwn ROBERTSON RD & TERRACE DR,356412.8408,5020023.597,-75.84168344,45.31826568,2016-10-11,12:20,01 - Clear,01 - Dry,10 - No control,04 - At/near private drive,01 - Daylight,03 - P.D. only,02 - Angle,Bells Corners West
13800,WESTDALE AVE btwn CORKSTOWN RD & RIVER BEND DR,357864.9823,5023256.052,-75.82281624,45.34724328,2016-06-28,12:50,01 - Clear,01 - Dry,10 - No control,01 - Non intersection,01 - Daylight,03 - P.D. only,06 - SMV unattended vehicle,Crystal Bay - Lakeview Park - Britannia Village
13801,WESTERN AVE btwn GARRISON ST & WELLINGTON ST W,364333.8874,5028976.843,-75.73958128,45.39819882,2016-03-20,18:00,01 - Clear,01 - Dry,10 - No control,01 - Non intersection,01 - Daylight,03 - P.D. only,06 - SMV unattended vehicle,Island Park
13802,WESTERN AVE btwn SPENCER ST & GARRISON ST,364299.2755,5029059.226,-75.7400134,45.39894302,2016-01-06,14:31,01 - Clear,05 - Packed snow,10 - No control,01 - Non intersection,01 - Daylight,03 - P.D. only,99 - Other,Island Park
13803,WESTPHALIAN AVE btwn ANDALUSIAN CRES/LOSINO CRES & TERRY FOX DR,353297.2447,5015619.706,-75.88185089,45.27886058,2016-04-13,17:56,01 - Clear,01 - Dry,10 - No control,04 - At/near private drive,01 - Daylight,03 - P.D. only,02 - Angle,Glen Cairn - Kanata South Business Park
13804,WHEATLAND AVE btwn Continuation of WHEATLAND AVE & Continuation of WHE,355491.7303,5015339.438,-75.8539102,45.27618387,2016-05-03,16:30,01 - Clear,01 - Dry,10 - No control,01 - Non intersection,01 - Daylight,03 - P.D. only,04 - Sideswipe,Bridlewood - Emerald Meadows
13805,WHELAN DR btwn VANESSA TER & VANESSA TER,362740.4986,5015376.305,-75.76152418,45.27595563,2016-12-19,0:00,01 - Clear,05 - Packed snow,10 - No control,01 - Non intersection,00 - Unknown,03 - P.D. only,06 - SMV unattended vehicle,Barrhaven West - Old Barrhaven
13806,WHIMBREL WAY btwn DAMSELFLY WAY & WHIMBREL WAY,365064.2288,5011761.081,-75.73234838,45.2432305,2016-11-18,13:00,02 - Rain,02 - Wet,10 - No control,01 - Non intersection,01 - Daylight,03 - P.D. only,06 - SMV unattended vehicle,New Barrhaven
13807,WHITBY AVE btwn WINSTON AVE & CHURCHILL AVE N,363142.1122,5028428.953,-75.75486716,45.39336931,2016-01-09,11:30,03 - Snow,03 - Loose snow,10 - No control,01 - Non intersection,01 - Daylight,03 - P.D. only,06 - SMV unattended vehicle,Westboro
13808,WHITE ALDER AVE btwn FLAT SEDGE CRES & STALWART CRES W,375460.834,5020729.409,-75.59865365,45.32295768,2016-07-09,18:00,02 - Rain,02 - Wet,10 - No control,01 - Non intersection,01 - Daylight,03 - P.D. only,06 - SMV unattended vehicle,Greenbelt
13809,WHITE ALDER AVE btwn WIDGEON WAY & FLAT SEDGE CRES,375232.2992,5020595.499,-75.60158751,45.32177578,2016-12-05,8:24,03 - Snow,06 - Ice,10 - No control,01 - Non intersection,01 - Daylight,03 - P.D. only,02 - Angle,Greenbelt
13810,WHITECHAPEL CRES btwn BERRIGAN DR & LONGFIELDS DR,364222.1042,5015765.7,-75.74259552,45.27933576,2016-03-05,8:40,01 - Clear,01 - Dry,10 - No control,01 - Non intersection,01 - Daylight,03 - P.D. only,06 - SMV unattended vehicle,New Barrhaven
13811,WHITEGATE CRES btwn MOUNTSHANNON DR & MOUNTSHANNON DR,364815.7532,5016829.093,-75.73490083,45.28885371,2016-08-03,15:10,01 - Clear,01 - Dry,10 - No control,04 - At/near private drive,01 - Daylight,03 - P.D. only,06 - SMV unattended vehicle,New Barrhaven
13812,WHYTE SIDE RD btwn HAWTHORNE RD & RAMSAYVILLE RD,376377.5772,5024670.806,-75.58639099,45.35832769,2016-10-23,21:58,01 - Clear,01 - Dry,10 - No control,01 - Non intersection,07 - Dark,03 - P.D. only,03 - Rear end,Greenbelt
13813,WIGGINS PRIV btwn CHAPEL CRES & GOULBURN CRES (1),369634.9585,5031483.579,-75.67154853,45.4202827,2016-06-08,20:52,01 - Clear,01 - Dry,10 - No control,01 - Non intersection,05 - Dusk,03 - P.D. only,06 - SMV unattended vehicle,Sandy Hill
13814,WILBERT COX DR @ WILBERT COX DR,344804.549,5016457.46,-75.99002706,45.2869336,2016-04-30,23:48,01 - Clear,01 - Dry,03 - Yield sign,03 - At intersection,07 - Dark,02 - Non-fatal injury,07 - SMV other,Carp - Hardwood Plains
13815,WILBROD ST btwn FRIEL ST & CHAPEL ST,368961.2474,5032314.977,-75.68004793,45.42782543,2016-05-04,11:29,01 - Clear,01 - Dry,10 - No control,04 - At/near private drive,01 - Daylight,02 - Non-fatal injury,05 - Turning movement,Sandy Hill
13816,WILHAVEN DR btwn BECKETT'S CREEK RD & CANAAN RD,396320.3791,5041612.442,-75.32874157,45.50842644,2016-12-09,5:49,01 - Clear,02 - Wet,10 - No control,01 - Non intersection,07 - Dark,03 - P.D. only,07 - SMV other,Cumberland - Estates
13817,WILHAVEN DR btwn DUNNING RD & SARSFIELD RD,392185.4449,5040876.007,-75.38178039,45.50233125,2016-03-10,7:10,01 - Clear,02 - Wet,10 - No control,01 - Non intersection,01 - Daylight,03 - P.D. only,01 - Approaching,Cumberland - Estates
13818,WILHAVEN DR btwn EMMETT RD & BECKETT'S CREEK RD,394177.3516,5041293.595,-75.35622011,45.5058358,2016-11-08,7:07,01 - Clear,01 - Dry,10 - No control,01 - Non intersection,03 - Dawn,03 - P.D. only,07 - SMV other,Cumberland - Estates
13819,WILHAVEN DR btwn ROYAL ORCHARD DR & LOUGH DR,392961.4981,5040978.997,-75.37183312,45.50316018,2016-01-09,21:20,02 - Rain,06 - Ice,10 - No control,01 - Non intersection,07 - Dark,03 - P.D. only,99 - Other,Cumberland - Estates
13820,WILLIAM MCEWEN DR btwn CENTURY RD W & CEDARVIEW RD,365170.4304,5006770.764,-75.73160081,45.1983182,2016-05-02,10:51,01 - Clear,01 - Dry,10 - No control,04 - At/near private drive,01 - Daylight,03 - P.D. only,05 - Turning movement,Manotick - North Gower
13821,WILLIAM ST btwn YORK ST & GEORGE ST,367991.2944,5032331.78,-75.69244009,45.42806492,2016-06-21,2:00,01 - Clear,01 - Dry,10 - No control,01 - Non intersection,07 - Dark,03 - P.D. only,06 - SMV unattended vehicle,Byward Market
13822,WILLOW AVE btwn JUNIPER ST & FIR ST,381558.6811,5039003.921,-75.51803606,45.48673805,2016-06-29,15:34,01 - Clear,01 - Dry,10 - No control,01 - Non intersection,01 - Daylight,03 - P.D. only,06 - SMV unattended vehicle,Chatelaine Village
13823,WILLOW GARDENS CRES btwn ELM CRES & HEARN CRES (1),350165.9282,5012572.445,-75.92203907,45.2516493,2016-02-21,13:26,03 - Snow,03 - Loose snow,10 - No control,04 - At/near private drive,01 - Daylight,03 - P.D. only,06 - SMV unattended vehicle,Stittsville
13824,WILLOW GARDENS CRES btwn HEARN CRES & HEARN CRES,350279.8013,5012692.46,-75.92057742,45.25272189,2016-12-30,18:15,01 - Clear,03 - Loose snow,10 - No control,01 - Non intersection,07 - Dark,03 - P.D. only,06 - SMV unattended vehicle,Stittsville
13825,WILLOW GLEN DR @ BLUEMEADOW WAY N/HAWLEY CRES ,354428.5467,5017075.688,-75.86728648,45.29188289,2016-01-06,18:43,01 - Clear,01 - Dry,02 - Stop sign,03 - At intersection,07 - Dark,03 - P.D. only,02 - Angle,Bridlewood - Emerald Meadows
13826,WILLOW ST btwn LEBRETON ST N & RON KOLBUS PRIV,366864.5372,5030034.537,-75.70712755,45.4074959,2016-07-01,9:06,02 - Rain,02 - Wet,10 - No control,01 - Non intersection,01 - Daylight,03 - P.D. only,06 - SMV unattended vehicle,Centretown West
13827,WILLOW ST btwn PRESTON ST & ROCHESTER ST,366568.2935,5029922.152,-75.71092577,45.4065109,2016-12-31,0:00,03 - Snow,03 - Loose snow,10 - No control,01 - Non intersection,00 - Unknown,03 - P.D. only,06 - SMV unattended vehicle,Little Italy
13828,WILLOWDUSK ST btwn MEADOWBREEZE DR & SUMMITVIEW DR,"356,535.81","5,015,509.05",-75.84058611,45.27763402,2016-12-17,15:30,01 - Clear,01 - Dry,10 - No control,01 - Non intersection,01 - Daylight,03 - P.D. only,06 - SMV unattended vehicle,Bridlewood - Emerald Meadows
13829,WILLOWMERE WAY btwn CREEKVIEW WAY/MANORWOOD CRES & HAZELNUT CRES,374095.9285,5019509.538,-75.61623287,45.31211777,2016-10-14,16:00,01 - Clear,01 - Dry,10 - No control,01 - Non intersection,01 - Daylight,03 - P.D. only,06 - SMV unattended vehicle,Greenbelt
13830,WILLOWMERE WAY btwn CREEKVIEW WAY/MANORWOOD CRES & HAZELNUT CRES,374095.9285,5019509.538,-75.61623287,45.31211777,2016-09-29,0:00,01 - Clear,01 - Dry,10 - No control,01 - Non intersection,00 - Unknown,03 - P.D. only,06 - SMV unattended vehicle,Greenbelt
13831,WINDHURST DR btwn STONEWAY DR & STONEPOINTE AVE,366412.0876,5016133.834,-75.7146385,45.28245969,2016-02-14,10:41,01 - Clear,01 - Dry,10 - No control,01 - Non intersection,01 - Daylight,03 - P.D. only,07 - SMV other,Chapman Mills - Rideau Crest - Davidson Heights
13832,WINDHURST DR btwn WINDCHIME CRES & STONEPOINTE AVE,366382.2312,5016022.758,-75.71503282,45.28146285,2016-05-31,2:53,01 - Clear,01 - Dry,10 - No control,01 - Non intersection,07 - Dark,03 - P.D. only,06 - SMV unattended vehicle,Chapman Mills - Rideau Crest - Davidson Heights