Record,Location,X,Y,lon,lat,Date,Time,Environment,Road_Surface,Traffic_Control,Collision_Location,Light,Collision_Classification,Impact_type,Neighborhood
13833,WOLFGANG DR btwn MERKEL DR & FIELDGATE DR,363476.8876,5016811.104,-75.75196975,45.2888049,2016-02-07,0:00,01 - Clear,01 - Dry,10 - No control,01 - Non intersection,00 - Unknown,03 - P.D. only,06 - SMV unattended vehicle,New Barrhaven
13834,WOOD ACRES GROVE btwn ALASKEN DR E & ALASKEN DR W,375549.1242,5019868.239,-75.59765057,45.31520032,2016-12-26,0:00,01 - Clear,02 - Wet,10 - No control,01 - Non intersection,00 - Unknown,03 - P.D. only,06 - SMV unattended vehicle,Greenbelt
13835,WOODCLIFFE PRIV @ JEANNE D'ARC BLVD,380106.665,5036223.345,-75.53703506,45.46187881,2016-09-22,21:34,02 - Rain,02 - Wet,02 - Stop sign,03 - At intersection,07 - Dark,02 - Non-fatal injury,02 - Angle,Chapel Hill
13836,WOODCLIFFE PRIV @ JEANNE D'ARC BLVD,380106.0525,5036226.508,-75.5370424,45.46190734,2016-06-15,18:36,01 - Clear,01 - Dry,02 - Stop sign,03 - At intersection,01 - Daylight,03 - P.D. only,02 - Angle,Chapel Hill
13837,WOODCLIFFE PRIV @ JEANNE D'ARC BLVD,380106.1218,5036224.257,-75.53704186,45.46188708,2016-12-28,17:18,01 - Clear,03 - Loose snow,02 - Stop sign,03 - At intersection,07 - Dark,03 - P.D. only,02 - Angle,Chapel Hill
13838,WOODFIELD DR btwn DOWNSVIEW CRES & MERIVALE RD,365438.3829,5022290.772,-75.72629563,45.33794396,2016-07-27,19:37,01 - Clear,01 - Dry,10 - No control,04 - At/near private drive,01 - Daylight,03 - P.D. only,05 - Turning movement,Tanglewood
13839,WOODFIELD DR btwn LANSFIELD WAY & SHEHYN LANE,364031.1165,5021868.436,-75.74430035,45.33426403,2016-02-05,12:16,01 - Clear,01 - Dry,10 - No control,01 - Non intersection,01 - Daylight,03 - P.D. only,07 - SMV other,Tanglewood
13840,WOODFIELD DR btwn STRATHEARN CRT & DALEHURST DR,363720.4845,5021905.155,-75.74825883,45.33462058,2016-03-02,8:50,03 - Snow,03 - Loose snow,10 - No control,01 - Non intersection,01 - Daylight,03 - P.D. only,03 - Rear end,Tanglewood
13841,WOODGATE WAY btwn SHANDON AVE & END,364768.4816,5017637.574,-75.73540566,45.29613243,2016-05-26,17:00,01 - Clear,01 - Dry,10 - No control,01 - Non intersection,01 - Daylight,03 - P.D. only,06 - SMV unattended vehicle,New Barrhaven
13842,WOODGATE WAY btwn SHANDON AVE & SEDONA ST,364900.1184,5017676.29,-75.73372276,45.29646954,2016-07-13,14:37,01 - Clear,01 - Dry,10 - No control,04 - At/near private drive,01 - Daylight,03 - P.D. only,06 - SMV unattended vehicle,New Barrhaven
13843,WOODKILTON RD btwn KILMAURS SIDE RD & KINBURN SIDE RD,336126.1792,5035879.272,-76.09942278,45.46213948,2016-12-07,19:45,01 - Clear,01 - Dry,10 - No control,01 - Non intersection,07 - Dark,03 - P.D. only,07 - SMV other,Woodlawn
13844,WOODKILTON RD btwn KINBURN SIDE RD & VANCES SIDE RD,338461.4091,5033394.149,-76.06973238,45.43966908,2016-06-27,13:30,01 - Clear,01 - Dry,10 - No control,01 - Non intersection,01 - Daylight,02 - Non-fatal injury,07 - SMV other,Car
13845,WOODKILTON RD btwn RIVERWOOD DR & GALETTA SIDE RD,332654.8534,5039564.657,-76.14360174,45.4954487,2016-09-14,6:28,01 - Clear,01 - Dry,10 - No control,01 - Non intersection,03 - Dawn,03 - P.D. only,07 - SMV other,Dirleton
13846,WOODKILTON RD btwn VANCES SIDE RD & THOMAS A. DOLAN PKWY,340574.5118,5031226.036,-76.04288058,45.42005491,2016-01-21,17:28,03 - Snow,03 - Loose snow,10 - No control,01 - Non intersection,05 - Dusk,03 - P.D. only,01 - Approaching,Car
13847,WOODRIDGE CRES @ 220 W OF BAYSHORE DR/BAYSHORE,359041.4625,5023376.97,-75.80779053,45.34824131,2016-12-29,16:05,03 - Snow,04 - Slush,01 - Traffic signal,02 - Intersection related,05 - Dusk,03 - P.D. only,02 - Angle,Bayshore
13848,WOODRIDGE CRES btwn BAYSHORE DR & BAYSHORE PS,358995.5317,5023830.659,-75.80832692,45.35232716,2016-06-10,11:00,01 - Clear,01 - Dry,10 - No control,01 - Non intersection,01 - Daylight,03 - P.D. only,06 - SMV unattended vehicle,Bayshore
13849,WOODRIDGE CRES btwn BAYSHORE DR & BAYSHORE PS,358867.613,5023718.545,-75.80997163,45.35132823,2016-08-13,5:00,02 - Rain,02 - Wet,10 - No control,01 - Non intersection,07 - Dark,03 - P.D. only,06 - SMV unattended vehicle,Bayshore
13850,WOODRIDGE CRES btwn BAYSHORE DR & BAYSHORE PS,359024.722,5023846.228,-75.80795269,45.35246499,2016-06-20,21:00,01 - Clear,01 - Dry,10 - No control,01 - Non intersection,05 - Dusk,03 - P.D. only,06 - SMV unattended vehicle,Bayshore
13851,WOODRIDGE CRES btwn BAYSHORE PS & TRANSITWAY LINK,358690.9329,5023179.469,-75.81228506,45.34649121,2016-05-07,16:00,01 - Clear,01 - Dry,10 - No control,01 - Non intersection,01 - Daylight,02 - Non-fatal injury,07 - SMV other,Bayshore
13852,WOODRIDGE CRES btwn BAYSHORE PS & TRANSITWAY LINK,358624.6944,5023393.906,-75.81310694,45.34842581,2016-07-15,14:39,01 - Clear,01 - Dry,10 - No control,01 - Non intersection,01 - Daylight,03 - P.D. only,04 - Sideswipe,Bayshore
13853,WOODRIDGE CRES btwn BAYSHORE PS & TRANSITWAY LINK,358701.6514,5023175.163,-75.81214875,45.34645164,2016-06-05,14:15,01 - Clear,02 - Wet,10 - No control,01 - Non intersection,01 - Daylight,03 - P.D. only,04 - Sideswipe,Bayshore
13854,WOODROFFE AVE @ ALGONQUIN COLLEGE/TRANSITWAY S,362823.9152,5023270.961,-75.75953663,45.34698472,2016-08-03,10:52,01 - Clear,01 - Dry,01 - Traffic signal,02 - Intersection related,01 - Daylight,03 - P.D. only,03 - Rear end,Crestview - Meadowlands
13855,WOODROFFE AVE @ ALGONQUIN COLLEGE/TRANSITWAY S,362823.6879,5023270.092,-75.75953963,45.34697692,2016-09-20,13:38,01 - Clear,01 - Dry,01 - Traffic signal,02 - Intersection related,01 - Daylight,03 - P.D. only,07 - SMV other,Crestview - Meadowlands
13856,WOODROFFE AVE @ CLARIDGE DR/STONEWAY DR N,365576.4801,5016707.662,-75.72521861,45.28769571,2016-01-21,8:11,01 - Clear,02 - Wet,01 - Traffic signal,02 - Intersection related,01 - Daylight,03 - P.D. only,03 - Rear end,Chapman Mills - Rideau Crest - Davidson Heights
13857,WOODROFFE AVE @ CLARIDGE DR/STONEWAY DR N,365577.362,5016708.249,-75.7252073,45.28770091,2016-05-01,13:43,02 - Rain,02 - Wet,01 - Traffic signal,02 - Intersection related,01 - Daylight,03 - P.D. only,03 - Rear end,Chapman Mills - Rideau Crest - Davidson Heights
13858,WOODROFFE AVE @ DEERFOX DR/STONEWAY DR,365885.2997,5015939.628,-75.72137667,45.28075821,2016-04-08,8:28,01 - Clear,01 - Dry,01 - Traffic signal,03 - At intersection,01 - Daylight,03 - P.D. only,02 - Angle,Chapman Mills - Rideau Crest - Davidson Heights
13859,WOODROFFE AVE @ FIRESTATION,362494.9602,5023913.208,-75.76365926,45.35279075,2016-03-18,17:45,01 - Clear,01 - Dry,01 - Traffic signal,02 - Intersection related,01 - Daylight,03 - P.D. only,03 - Rear end,Iris
13860,WOODROFFE AVE @ FIRESTATION,362496.2524,5023912.865,-75.7636428,45.35278756,2016-03-29,15:00,01 - Clear,01 - Dry,01 - Traffic signal,02 - Intersection related,01 - Daylight,03 - P.D. only,03 - Rear end,Iris
13861,WOODROFFE AVE @ GEORGINA DR/LENESTER AVE,361909.2038,5025370.893,-75.77096602,45.36595484,2016-10-25,13:38,01 - Clear,01 - Dry,01 - Traffic signal,03 - At intersection,01 - Daylight,02 - Non-fatal injury,03 - Rear end,Whitehaven - Queensway Terrace North
13862,WOODROFFE AVE @ GEORGINA DR/LENESTER AVE,361908.979,5025371.233,-75.77096885,45.36595792,2016-03-31,15:51,02 - Rain,02 - Wet,01 - Traffic signal,03 - At intersection,01 - Daylight,02 - Non-fatal injury,05 - Turning movement,Whitehaven - Queensway Terrace North
13863,WOODROFFE AVE @ GEORGINA DR/LENESTER AVE,361909.4611,5025369.392,-75.77096291,45.36594132,2016-06-03,13:55,01 - Clear,01 - Dry,01 - Traffic signal,03 - At intersection,01 - Daylight,02 - Non-fatal injury,05 - Turning movement,Whitehaven - Queensway Terrace North
13864,WOODROFFE AVE @ GEORGINA DR/LENESTER AVE,361909.2038,5025370.015,-75.77096612,45.36594694,2016-11-03,8:07,02 - Rain,02 - Wet,01 - Traffic signal,03 - At intersection,01 - Daylight,03 - P.D. only,05 - Turning movement,Whitehaven - Queensway Terrace North
13865,WOODROFFE AVE @ GEORGINA DR/LENESTER AVE,361909.8193,5025371.02,-75.77095815,45.36595594,2016-10-27,11:49,01 - Clear,01 - Dry,01 - Traffic signal,03 - At intersection,01 - Daylight,03 - P.D. only,05 - Turning movement,Whitehaven - Queensway Terrace North
13866,WOODROFFE AVE @ GEORGINA DR/LENESTER AVE,361911.1875,5025370.894,-75.7709407,45.36595469,2016-01-15,15:17,01 - Clear,02 - Wet,01 - Traffic signal,02 - Intersection related,01 - Daylight,03 - P.D. only,03 - Rear end,Whitehaven - Queensway Terrace North
13867,WOODROFFE AVE @ GEORGINA DR/LENESTER AVE,361910.4855,5025370.253,-75.77094974,45.36594898,2016-02-09,20:13,01 - Clear,02 - Wet,01 - Traffic signal,03 - At intersection,07 - Dark,03 - P.D. only,05 - Turning movement,Whitehaven - Queensway Terrace North
13868,WOODROFFE AVE @ GEORGINA DR/LENESTER AVE,361909.4671,5025370.739,-75.77096268,45.36595344,2016-07-14,11:19,02 - Rain,02 - Wet,01 - Traffic signal,02 - Intersection related,01 - Daylight,03 - P.D. only,03 - Rear end,Whitehaven - Queensway Terrace North
13869,WOODROFFE AVE @ HWY 417 WOODROFF IC127R26/HWY4,362082.0283,5024938.859,-75.76881008,45.36205334,2016-10-27,16:50,03 - Snow,02 - Wet,01 - Traffic signal,02 - Intersection related,01 - Daylight,02 - Non-fatal injury,04 - Sideswipe,Whitehaven - Queensway Terrace North
13870,WOODROFFE AVE @ HWY 417 WOODROFF IC127R26/HWY4,362082.9142,5024939.518,-75.76879869,45.36205919,2016-08-10,12:20,01 - Clear,01 - Dry,01 - Traffic signal,02 - Intersection related,01 - Daylight,02 - Non-fatal injury,03 - Rear end,Carlingwood West - Glabar Park - McKellar Heights
13871,WOODROFFE AVE @ HWY 417 WOODROFF IC127R26/HWY4,362082.9064,5024939.298,-75.76879882,45.36205721,2016-02-18,9:58,01 - Clear,02 - Wet,01 - Traffic signal,02 - Intersection related,01 - Daylight,03 - P.D. only,03 - Rear end,Carlingwood West - Glabar Park - McKellar Heights
13872,WOODROFFE AVE @ HWY 417 WOODROFF IC127R26/HWY4,362082.4649,5024939.296,-75.76880445,45.36205723,2016-02-24,11:16,03 - Snow,02 - Wet,01 - Traffic signal,02 - Intersection related,01 - Daylight,03 - P.D. only,03 - Rear end,Whitehaven - Queensway Terrace North
13873,WOODROFFE AVE @ HWY 417 WOODROFF IC127R26/HWY4,362082.4206,5024939.784,-75.76880496,45.36206163,2016-03-23,14:06,01 - Clear,01 - Dry,01 - Traffic signal,02 - Intersection related,01 - Daylight,03 - P.D. only,03 - Rear end,Whitehaven - Queensway Terrace North
13874,WOODROFFE AVE @ HWY 417 WOODROFF IC127R26/HWY4,362082.3759,5024939.125,-75.76880561,45.3620557,2016-06-28,18:30,01 - Clear,02 - Wet,01 - Traffic signal,02 - Intersection related,01 - Daylight,03 - P.D. only,03 - Rear end,Whitehaven - Queensway Terrace North
13875,WOODROFFE AVE @ HWY 417 WOODROFF IC127R26/HWY4,362083.3098,5024941.11,-75.76879346,45.36207349,2016-09-01,12:51,01 - Clear,01 - Dry,01 - Traffic signal,02 - Intersection related,01 - Daylight,03 - P.D. only,03 - Rear end,Carlingwood West - Glabar Park - McKellar Heights
13876,WOODROFFE AVE @ HWY 417 WOODROFF IC127R26/HWY4,362082.5886,5024938.9,-75.76880292,45.36205366,2016-07-13,15:51,02 - Rain,02 - Wet,01 - Traffic signal,02 - Intersection related,01 - Daylight,03 - P.D. only,03 - Rear end,Carlingwood West - Glabar Park - McKellar Heights
13877,WOODROFFE AVE @ HWY 417 WOODROFF IC127R26/HWY4,362083.5151,5024939.932,-75.76879097,45.36206287,2016-12-14,20:43,01 - Clear,05 - Packed snow,01 - Traffic signal,02 - Intersection related,07 - Dark,03 - P.D. only,03 - Rear end,Carlingwood West - Glabar Park - McKellar Heights
13878,WOODROFFE AVE @ HWY 417 WOODROFF IC127R26/HWY4,362083.6291,5024940.073,-75.7687895,45.36206413,2016-11-30,16:50,01 - Clear,01 - Dry,01 - Traffic signal,02 - Intersection related,05 - Dusk,03 - P.D. only,03 - Rear end,Carlingwood West - Glabar Park - McKellar Heights
13879,WOODROFFE AVE @ KNOXDALE RD/MEDHURST DR,363421.6816,5021825.484,-75.75208024,45.33392873,2016-09-08,12:07,02 - Rain,02 - Wet,01 - Traffic signal,02 - Intersection related,01 - Daylight,02 - Non-fatal injury,03 - Rear end,Woodvale - Craig Henry - Manordale - Estates of Arlington Wo
13880,WOODROFFE AVE @ KNOXDALE RD/MEDHURST DR,363419.6414,5021826.628,-75.75210613,45.33393919,2016-05-08,11:58,01 - Clear,01 - Dry,01 - Traffic signal,02 - Intersection related,01 - Daylight,02 - Non-fatal injury,04 - Sideswipe,Woodvale - Craig Henry - Manordale - Estates of Arlington Wo
13881,WOODROFFE AVE @ KNOXDALE RD/MEDHURST DR,363419.5923,5021826.603,-75.75210676,45.33393897,2016-07-27,13:46,01 - Clear,01 - Dry,01 - Traffic signal,02 - Intersection related,01 - Daylight,02 - Non-fatal injury,99 - Other,Woodvale - Craig Henry - Manordale - Estates of Arlington Wo
13882,WOODROFFE AVE @ KNOXDALE RD/MEDHURST DR,363420.5181,5021826.901,-75.75209492,45.33394158,2016-08-26,16:05,01 - Clear,01 - Dry,01 - Traffic signal,02 - Intersection related,01 - Daylight,03 - P.D. only,03 - Rear end,Woodvale - Craig Henry - Manordale - Estates of Arlington Wo
13883,WOODROFFE AVE @ KNOXDALE RD/MEDHURST DR,363420.0564,5021826.637,-75.75210084,45.33393924,2016-10-17,17:30,02 - Rain,02 - Wet,01 - Traffic signal,02 - Intersection related,01 - Daylight,03 - P.D. only,03 - Rear end,Woodvale - Craig Henry - Manordale - Estates of Arlington Wo
13884,WOODROFFE AVE @ KNOXDALE RD/MEDHURST DR,363419.7769,5021826.514,-75.75210442,45.33393816,2016-02-11,18:30,01 - Clear,02 - Wet,01 - Traffic signal,03 - At intersection,07 - Dark,03 - P.D. only,05 - Turning movement,Woodvale - Craig Henry - Manordale - Estates of Arlington Wo
13885,WOODROFFE AVE @ KNOXDALE RD/MEDHURST DR,363420.3485,5021826.707,-75.7520971,45.33393985,2016-02-09,18:20,01 - Clear,01 - Dry,01 - Traffic signal,02 - Intersection related,07 - Dark,03 - P.D. only,03 - Rear end,Woodvale - Craig Henry - Manordale - Estates of Arlington Wo
13886,WOODROFFE AVE @ KNOXDALE RD/MEDHURST DR,363419.2561,5021825.993,-75.75211112,45.33393351,2016-02-14,23:33,01 - Clear,01 - Dry,01 - Traffic signal,03 - At intersection,07 - Dark,03 - P.D. only,05 - Turning movement,Woodvale - Craig Henry - Manordale - Estates of Arlington Wo
13887,WOODROFFE AVE @ KNOXDALE RD/MEDHURST DR,363419.7385,5021826.532,-75.75210491,45.33393832,2016-10-19,18:51,01 - Clear,01 - Dry,01 - Traffic signal,02 - Intersection related,05 - Dusk,03 - P.D. only,04 - Sideswipe,Woodvale - Craig Henry - Manordale - Estates of Arlington Wo
13888,WOODROFFE AVE @ KNOXDALE RD/MEDHURST DR,363419.7769,5021826.514,-75.75210442,45.33393816,2016-09-15,17:32,01 - Clear,01 - Dry,01 - Traffic signal,03 - At intersection,01 - Daylight,03 - P.D. only,05 - Turning movement,Woodvale - Craig Henry - Manordale - Estates of Arlington Wo
13889,WOODROFFE AVE @ KNOXDALE RD/MEDHURST DR,363418.8617,5021824.417,-75.75211634,45.33391937,2016-10-03,16:51,01 - Clear,01 - Dry,01 - Traffic signal,02 - Intersection related,01 - Daylight,03 - P.D. only,03 - Rear end,Woodvale - Craig Henry - Manordale - Estates of Arlington Wo
13890,WOODROFFE AVE @ KNOXDALE RD/MEDHURST DR,363420.5181,5021826.073,-75.75209501,45.33393413,2016-12-11,17:00,03 - Snow,06 - Ice,01 - Traffic signal,02 - Intersection related,07 - Dark,03 - P.D. only,03 - Rear end,Woodvale - Craig Henry - Manordale - Estates of Arlington Wo
13891,WOODROFFE AVE @ KNOXDALE RD/MEDHURST DR,363419.7385,5021826.532,-75.75210491,45.33393832,2016-12-08,18:31,03 - Snow,02 - Wet,01 - Traffic signal,03 - At intersection,07 - Dark,03 - P.D. only,05 - Turning movement,Woodvale - Craig Henry - Manordale - Estates of Arlington Wo
13892,WOODROFFE AVE @ PRINCE OF WALES DR,366802.3039,5014048.033,-75.7099254,45.26365747,2016-03-19,15:29,01 - Clear,01 - Dry,02 - Stop sign,02 - Intersection related,01 - Daylight,03 - P.D. only,05 - Turning movement,New Barrhaven
13893,WOODROFFE AVE @ QUEENSBURY DR/RIDEAUCREST DR,365727.921,5016328.227,-75.72333481,45.28426846,2016-01-18,20:00,05 - Drifting Snow,01 - Dry,01 - Traffic signal,03 - At intersection,07 - Dark,02 - Non-fatal injury,05 - Turning movement,Chapman Mills - Rideau Crest - Davidson Heights
13894,WOODROFFE AVE @ QUEENSBURY DR/RIDEAUCREST DR,365728.0921,5016327.665,-75.72333269,45.28426339,2016-06-24,22:38,01 - Clear,01 - Dry,01 - Traffic signal,03 - At intersection,07 - Dark,02 - Non-fatal injury,07 - SMV other,Chapman Mills - Rideau Crest - Davidson Heights
13895,WOODROFFE AVE @ QUEENSBURY DR/RIDEAUCREST DR,365727.3806,5016329.108,-75.72334159,45.28427643,2016-07-26,20:30,01 - Clear,01 - Dry,01 - Traffic signal,02 - Intersection related,05 - Dusk,02 - Non-fatal injury,03 - Rear end,Chapman Mills - Rideau Crest - Davidson Heights
13896,WOODROFFE AVE @ QUEENSBURY DR/RIDEAUCREST DR,365727.4864,5016328.63,-75.7233403,45.28427212,2016-02-25,22:18,01 - Clear,06 - Ice,01 - Traffic signal,03 - At intersection,07 - Dark,03 - P.D. only,07 - SMV other,Chapman Mills - Rideau Crest - Davidson Heights
13897,WOODROFFE AVE @ QUEENSBURY DR/RIDEAUCREST DR,365727.6743,5016328.274,-75.72333794,45.2842689,2016-09-24,9:22,01 - Clear,01 - Dry,01 - Traffic signal,03 - At intersection,01 - Daylight,03 - P.D. only,05 - Turning movement,Chapman Mills - Rideau Crest - Davidson Heights
13898,WOODROFFE AVE @ QUEENSBURY DR/RIDEAUCREST DR,365726.9186,5016327.499,-75.72334767,45.284262,2016-01-12,17:47,03 - Snow,03 - Loose snow,01 - Traffic signal,03 - At intersection,07 - Dark,03 - P.D. only,02 - Angle,Chapman Mills - Rideau Crest - Davidson Heights
13899,WOODROFFE AVE @ QUEENSBURY DR/RIDEAUCREST DR,365728.033,5016328.357,-75.72333336,45.28426962,2016-08-21,21:15,01 - Clear,01 - Dry,01 - Traffic signal,02 - Intersection related,07 - Dark,03 - P.D. only,99 - Other,Chapman Mills - Rideau Crest - Davidson Heights
13900,WOODROFFE AVE @ SPORTSPLEX N,363764.2953,5021067.835,-75.74779966,45.32708275,2016-10-17,8:15,01 - Clear,01 - Dry,01 - Traffic signal,03 - At intersection,01 - Daylight,02 - Non-fatal injury,05 - Turning movement,Merivale Gardens - Grenfell Glen - Pineglen - Country Place
13901,WOODROFFE AVE @ SPORTSPLEX N,363763.9494,5021067.163,-75.74780415,45.32707674,2016-05-05,18:00,01 - Clear,01 - Dry,01 - Traffic signal,02 - Intersection related,01 - Daylight,02 - Non-fatal injury,03 - Rear end,Merivale Gardens - Grenfell Glen - Pineglen - Country Place
13902,WOODROFFE AVE @ SPORTSPLEX N,363764.156,5021067.425,-75.74780148,45.32707908,2016-09-17,12:50,02 - Rain,02 - Wet,01 - Traffic signal,03 - At intersection,01 - Daylight,03 - P.D. only,03 - Rear end,Merivale Gardens - Grenfell Glen - Pineglen - Country Place
13903,WOODROFFE AVE @ SPORTSPLEX N,363763.556,5021066.906,-75.7478092,45.32707446,2016-05-01,15:40,02 - Rain,02 - Wet,01 - Traffic signal,02 - Intersection related,01 - Daylight,03 - P.D. only,03 - Rear end,Merivale Gardens - Grenfell Glen - Pineglen - Country Place
13904,WOODROFFE AVE @ SPORTSPLEX S,363835.3807,5020897.264,-75.74691325,45.32554199,2016-10-22,15:24,02 - Rain,02 - Wet,01 - Traffic signal,02 - Intersection related,01 - Daylight,03 - P.D. only,03 - Rear end,Merivale Gardens - Grenfell Glen - Pineglen - Country Place
13905,WOODROFFE AVE @ SPORTSPLEX S,363832.1328,5020900.138,-75.74695433,45.32556813,2016-06-21,12:23,01 - Clear,01 - Dry,01 - Traffic signal,03 - At intersection,01 - Daylight,03 - P.D. only,05 - Turning movement,Merivale Gardens - Grenfell Glen - Pineglen - Country Place
13906,WOODROFFE AVE @ SPORTSPLEX S,363831.451,5020899.904,-75.74696306,45.32556608,2016-04-14,8:07,01 - Clear,01 - Dry,01 - Traffic signal,02 - Intersection related,01 - Daylight,03 - P.D. only,03 - Rear end,Merivale Gardens - Grenfell Glen - Pineglen - Country Place
13907,WOODROFFE AVE @ SPORTSPLEX S,363832.3523,5020898.79,-75.74695169,45.32555598,2016-05-31,17:52,01 - Clear,01 - Dry,01 - Traffic signal,03 - At intersection,01 - Daylight,03 - P.D. only,02 - Angle,Merivale Gardens - Grenfell Glen - Pineglen - Country Place
13908,WOODROFFE AVE @ SPORTSPLEX S,363830.7551,5020898.76,-75.74697207,45.32555584,2016-09-07,14:06,01 - Clear,01 - Dry,01 - Traffic signal,02 - Intersection related,01 - Daylight,03 - P.D. only,03 - Rear end,Merivale Gardens - Grenfell Glen - Pineglen - Country Place
13909,WOODROFFE AVE @ TECUMSEH ST,362369.0354,5024229.778,-75.76522939,45.35564957,2016-03-11,8:52,01 - Clear,01 - Dry,02 - Stop sign,02 - Intersection related,01 - Daylight,03 - P.D. only,03 - Rear end,Iris
13910,WOODROFFE AVE @ WOODROFFE AVE 1,362565.2483,5023724.732,-75.76278429,45.35108907,2016-02-23,11:39,01 - Clear,01 - Dry,02 - Stop sign,02 - Intersection related,01 - Daylight,02 - Non-fatal injury,03 - Rear end,Centrepointe
13911,WOODROFFE AVE btwn 260 N OF FALLOWFIELD RD/TRANSITWAY & FALLOWFIELD RD,365067.1387,5017950.845,-75.73156007,45.29892567,2016-01-09,5:34,03 - Snow,03 - Loose snow,10 - No control,01 - Non intersection,07 - Dark,03 - P.D. only,07 - SMV other,New Barrhaven
13912,WOODROFFE AVE btwn ANTHONY AVE & SAVILLE ROW,361712.7518,5026346.381,-75.77336126,45.37474818,2016-05-17,16:12,01 - Clear,01 - Dry,10 - No control,04 - At/near private drive,01 - Daylight,03 - P.D. only,07 - SMV other,Carlingwood - McKellar Park - Laurentien View
13913,WOODROFFE AVE btwn BASELINE RD & WOODROFFE AVE,362550.5684,5023765.236,-75.76296689,45.35145473,2016-11-07,9:22,01 - Clear,01 - Dry,10 - No control,01 - Non intersection,01 - Daylight,03 - P.D. only,04 - Sideswipe,Crestview - Meadowlands
13914,WOODROFFE AVE btwn CARLING AVE & FOX CRES,361770.1191,5025719.739,-75.77270115,45.36910505,2016-05-07,8:45,01 - Clear,01 - Dry,10 - No control,04 - At/near private drive,01 - Daylight,03 - P.D. only,02 - Angle,Carlingwood West - Glabar Park - McKellar Heights
13915,WOODROFFE AVE btwn CARLING AVE & FOX CRES,361776.4719,5025702.344,-75.77262207,45.36894802,2016-03-07,7:50,02 - Rain,02 - Wet,10 - No control,01 - Non intersection,01 - Daylight,03 - P.D. only,03 - Rear end,Carlingwood West - Glabar Park - McKellar Heights
13916,WOODROFFE AVE btwn CARLING AVE & FOX CRES,361773.1538,5025711.074,-75.77266342,45.36902684,2016-09-06,12:49,01 - Clear,01 - Dry,10 - No control,04 - At/near private drive,01 - Daylight,03 - P.D. only,02 - Angle,Carlingwood West - Glabar Park - McKellar Heights
13917,WOODROFFE AVE btwn CARLING AVE & FOX CRES,361802.4662,5025636.901,-75.77229779,45.36835705,2016-12-09,21:22,01 - Clear,06 - Ice,10 - No control,01 - Non intersection,07 - Dark,03 - P.D. only,03 - Rear end,Carlingwood West - Glabar Park - McKellar Heights
13918,WOODROFFE AVE btwn CARLINGWOOD SC & CARLING AVE,361921.133,5025858.016,-75.77075743,45.37033696,2016-12-02,17:37,01 - Clear,01 - Dry,10 - No control,04 - At/near private drive,07 - Dark,03 - P.D. only,02 - Angle,Carlingwood West - Glabar Park - McKellar Heights
13919,WOODROFFE AVE btwn DAVID DR & TURN LANE,363016.9169,5022821.403,-75.75712678,45.34292364,2016-06-30,12:44,01 - Clear,01 - Dry,10 - No control,04 - At/near private drive,01 - Daylight,03 - P.D. only,04 - Sideswipe,Crestview - Meadowlands
13920,WOODROFFE AVE btwn EARL MULLIGAN DR & LONGFIELDS DR,365380.5484,5017201.728,-75.72765579,45.2921582,2016-03-10,20:10,02 - Rain,02 - Wet,10 - No control,01 - Non intersection,07 - Dark,03 - P.D. only,07 - SMV other,Greenbelt
13921,WOODROFFE AVE btwn EARL MULLIGAN DR & LONGFIELDS DR,365412.3063,5017129.218,-75.72725981,45.29150302,2016-04-02,11:40,02 - Rain,02 - Wet,10 - No control,01 - Non intersection,01 - Daylight,03 - P.D. only,07 - SMV other,Greenbelt
13922,WOODROFFE AVE btwn FALLOWFIELD RD & EARL MULLIGAN DR,365089.4341,5017894.847,-75.73128262,45.29841989,2016-06-06,6:20,01 - Clear,01 - Dry,10 - No control,01 - Non intersection,01 - Daylight,02 - Non-fatal injury,04 - Sideswipe,Greenbelt
13923,WOODROFFE AVE btwn FALLOWFIELD RD & EARL MULLIGAN DR,365099.2005,5017872.015,-75.73116089,45.29821361,2016-11-22,8:54,01 - Clear,01 - Dry,10 - No control,01 - Non intersection,01 - Daylight,03 - P.D. only,04 - Sideswipe,Greenbelt
13924,WOODROFFE AVE btwn FIELD ST & ADIRONDACK DR,362426.4514,5024082.394,-75.76451382,45.35431871,2016-04-25,9:11,01 - Clear,01 - Dry,10 - No control,01 - Non intersection,01 - Daylight,03 - P.D. only,04 - Sideswipe,Iris
13925,WOODROFFE AVE btwn FIELD ST & ADIRONDACK DR,362446.6748,5024034.726,-75.76426129,45.35388813,2016-03-24,22:00,04 - Freezing Rain,06 - Ice,10 - No control,01 - Non intersection,07 - Dark,03 - P.D. only,07 - SMV other,Iris
13926,WOODROFFE AVE btwn FIELD ST & ADIRONDACK DR,362421.3,5024097.037,-75.76457785,45.35445089,2016-06-14,15:39,01 - Clear,01 - Dry,10 - No control,01 - Non intersection,01 - Daylight,03 - P.D. only,03 - Rear end,Iris
13927,WOODROFFE AVE btwn FIRESTATION & BASELINE RD,362529.9175,5023820.505,-75.76322397,45.35195374,2016-07-19,16:11,01 - Clear,01 - Dry,10 - No control,01 - Non intersection,01 - Daylight,03 - P.D. only,03 - Rear end,Iris