Record,Location,X,Y,lon,lat,Date,Time,Environment,Road_Surface,Traffic_Control,Collision_Location,Light,Collision_Classification,Impact_type,Neighborhood
13928,WOODROFFE AVE btwn FIRESTATION & BASELINE RD,362528.0993,5023825.505,-75.76324659,45.35199888,2016-06-25,11:50,01 - Clear,01 - Dry,10 - No control,01 - Non intersection,01 - Daylight,03 - P.D. only,03 - Rear end,Iris
13929,WOODROFFE AVE btwn FIRESTATION & BASELINE RD,362538.096,5023799.904,-75.763122,45.3517677,2016-12-19,8:51,01 - Clear,02 - Wet,10 - No control,01 - Non intersection,01 - Daylight,03 - P.D. only,04 - Sideswipe,Iris
13930,WOODROFFE AVE btwn FOX CRES & GEORGINA DR,361831.6378,5025555.435,-75.77193482,45.36762165,2016-01-02,13:46,01 - Clear,02 - Wet,10 - No control,01 - Non intersection,01 - Daylight,03 - P.D. only,03 - Rear end,Carlingwood West - Glabar Park - McKellar Heights
13931,WOODROFFE AVE btwn FOX CRES & GEORGINA DR,361906.174,5025378.423,-75.77100383,45.36602285,2016-05-04,14:00,01 - Clear,01 - Dry,10 - No control,01 - Non intersection,01 - Daylight,03 - P.D. only,04 - Sideswipe,Whitehaven - Queensway Terrace North
13932,WOODROFFE AVE btwn FOX CRES & GEORGINA DR,361842.1142,5025533.366,-75.77180364,45.36742223,2016-12-16,9:24,01 - Clear,01 - Dry,10 - No control,01 - Non intersection,01 - Daylight,03 - P.D. only,03 - Rear end,Carlingwood West - Glabar Park - McKellar Heights
13933,WOODROFFE AVE btwn GEORGINA DR & HWY417 IC127 RAMP36,361941.9588,5025289.07,-75.77055738,45.36521594,2016-06-26,2:02,01 - Clear,01 - Dry,10 - No control,01 - Non intersection,07 - Dark,02 - Non-fatal injury,03 - Rear end,Whitehaven - Queensway Terrace North
13934,WOODROFFE AVE btwn GEORGINA DR & HWY417 IC127 RAMP36,361999.0204,5025147.855,-75.76984537,45.36394064,2016-09-08,8:49,01 - Clear,01 - Dry,10 - No control,01 - Non intersection,01 - Daylight,03 - P.D. only,04 - Sideswipe,Whitehaven - Queensway Terrace North
13935,WOODROFFE AVE btwn GEORGINA DR & HWY417 IC127 RAMP36,362008.013,5025126.772,-75.76973303,45.36375021,2016-09-12,14:54,01 - Clear,01 - Dry,10 - No control,01 - Non intersection,01 - Daylight,03 - P.D. only,04 - Sideswipe,Whitehaven - Queensway Terrace North
13936,WOODROFFE AVE btwn GEORGINA DR & HWY417 IC127 RAMP36,362006.0646,5025128.264,-75.76975773,45.36376379,2016-01-21,8:57,01 - Clear,01 - Dry,10 - No control,04 - At/near private drive,01 - Daylight,03 - P.D. only,02 - Angle,Whitehaven - Queensway Terrace North
13937,WOODROFFE AVE btwn GRENFELL CRES & 260 N OF FALLOWFIELD RD/TRANSITWAY ,364876.6088,5018420.667,-75.73393228,45.30316942,2016-03-24,9:40,05 - Drifting Snow,03 - Loose snow,10 - No control,05 - At railway crossing,01 - Daylight,02 - Non-fatal injury,03 - Rear end,Greenbelt
13938,WOODROFFE AVE btwn GRENFELL CRES & 260 N OF FALLOWFIELD RD/TRANSITWAY ,364587.5806,5019139.277,-75.73753082,45.30966009,2016-12-10,23:10,01 - Clear,01 - Dry,10 - No control,01 - Non intersection,07 - Dark,02 - Non-fatal injury,07 - SMV other,Merivale Gardens - Grenfell Glen - Pineglen - Country Place
13939,WOODROFFE AVE btwn GRENFELL CRES & 260 N OF FALLOWFIELD RD/TRANSITWAY ,364618.2282,5019058.162,-75.7371498,45.30892761,2016-08-12,6:20,01 - Clear,01 - Dry,10 - No control,01 - Non intersection,03 - Dawn,03 - P.D. only,07 - SMV other,Merivale Gardens - Grenfell Glen - Pineglen - Country Place
13940,WOODROFFE AVE btwn GRENFELL CRES & 260 N OF FALLOWFIELD RD/TRANSITWAY ,364587.4593,5019133.424,-75.73753307,45.30960743,2016-04-11,6:10,03 - Snow,03 - Loose snow,10 - No control,01 - Non intersection,01 - Daylight,03 - P.D. only,07 - SMV other,Merivale Gardens - Grenfell Glen - Pineglen - Country Place
13941,WOODROFFE AVE btwn GRENFELL CRES & 260 N OF FALLOWFIELD RD/TRANSITWAY ,364786.1647,5018647.767,-75.735058,45.30522058,2016-06-20,16:07,01 - Clear,01 - Dry,10 - No control,04 - At/near private drive,01 - Daylight,03 - P.D. only,03 - Rear end,Merivale Gardens - Grenfell Glen - Pineglen - Country Place
13942,WOODROFFE AVE btwn GRENFELL CRES & 260 N OF FALLOWFIELD RD/TRANSITWAY ,364661.7555,5018948.008,-75.73660806,45.30793274,2016-10-30,1:13,01 - Clear,01 - Dry,10 - No control,01 - Non intersection,07 - Dark,03 - P.D. only,07 - SMV other,Merivale Gardens - Grenfell Glen - Pineglen - Country Place
13943,WOODROFFE AVE btwn HWY417 IC127 RAMP26 & HWY417 IC127 RAMP63,362088.5866,5024926.074,-75.76872785,45.36193776,2016-06-17,8:04,01 - Clear,01 - Dry,10 - No control,01 - Non intersection,01 - Daylight,03 - P.D. only,03 - Rear end,Whitehaven - Queensway Terrace North
13944,WOODROFFE AVE btwn HWY417 IC127 RAMP26 & HWY417 IC127 RAMP63,362086.9518,5024931.212,-75.76874812,45.36198413,2016-04-08,12:43,01 - Clear,01 - Dry,10 - No control,01 - Non intersection,01 - Daylight,03 - P.D. only,04 - Sideswipe,Whitehaven - Queensway Terrace North
13945,WOODROFFE AVE btwn HWY417 IC127 RAMP53 & IRIS ST,362212.8985,5024608.499,-75.76717807,45.35907008,2016-01-05,13:48,01 - Clear,01 - Dry,10 - No control,01 - Non intersection,01 - Daylight,03 - P.D. only,04 - Sideswipe,Iris
13946,WOODROFFE AVE btwn HWY417 IC127 RAMP53 & IRIS ST,362208.7787,5024621.265,-75.76722916,45.35918528,2016-04-05,10:50,01 - Clear,01 - Dry,10 - No control,01 - Non intersection,01 - Daylight,03 - P.D. only,04 - Sideswipe,Iris
13947,WOODROFFE AVE btwn HWY417 IC127 RAMP53 & IRIS ST,362208.7297,5024620.555,-75.76722987,45.3591789,2016-05-30,9:33,01 - Clear,01 - Dry,10 - No control,01 - Non intersection,01 - Daylight,03 - P.D. only,02 - Angle,Iris
13948,WOODROFFE AVE btwn HWY417 IC127 RAMP53 & IRIS ST,362263.6445,5024484.998,-75.76654475,45.35795467,2016-08-18,18:44,01 - Clear,01 - Dry,10 - No control,01 - Non intersection,01 - Daylight,03 - P.D. only,03 - Rear end,Iris
13949,WOODROFFE AVE btwn HWY417 IC127 RAMP53 & IRIS ST,362243.7973,5024534.833,-75.76679226,45.35840471,2016-11-24,17:23,03 - Snow,02 - Wet,10 - No control,01 - Non intersection,07 - Dark,03 - P.D. only,03 - Rear end,Iris
13950,WOODROFFE AVE btwn HWY417 IC127 RAMP62 & HWY417 IC127 RAMP26,362067.1813,5024977.27,-75.76899513,45.36240017,2016-05-12,13:47,01 - Clear,01 - Dry,10 - No control,01 - Non intersection,01 - Daylight,03 - P.D. only,03 - Rear end,Whitehaven - Queensway Terrace North
13951,WOODROFFE AVE btwn HWY417 IC127 RAMP63 & HWY417 IC127 RAMP35,362121.0707,5024845.825,-75.76832254,45.36121303,2016-04-28,7:34,01 - Clear,01 - Dry,10 - No control,01 - Non intersection,01 - Daylight,03 - P.D. only,03 - Rear end,Carlingwood West - Glabar Park - McKellar Heights
13952,WOODROFFE AVE btwn IRIS ST & MIRAMICHI ST,362327.8596,5024326.136,-75.76574368,45.35651997,2016-05-16,16:20,01 - Clear,01 - Dry,10 - No control,01 - Non intersection,01 - Daylight,02 - Non-fatal injury,03 - Rear end,Iris
13953,WOODROFFE AVE btwn KNOXDALE RD/MEDHURST DR & NORICE ST,363240.302,5022284.683,-75.75433993,45.3380757,2016-05-09,8:25,01 - Clear,01 - Dry,10 - No control,01 - Non intersection,01 - Daylight,02 - Non-fatal injury,03 - Rear end,Tanglewood
13954,WOODROFFE AVE btwn KNOXDALE RD/MEDHURST DR & NORICE ST,363205.6582,5022369.945,-75.75477186,45.33884577,2016-03-22,17:27,01 - Clear,01 - Dry,10 - No control,01 - Non intersection,01 - Daylight,02 - Non-fatal injury,03 - Rear end,Tanglewood
13955,WOODROFFE AVE btwn KNOXDALE RD/MEDHURST DR & NORICE ST,363251.2358,5022260.013,-75.75420335,45.33785281,2016-09-01,14:12,01 - Clear,01 - Dry,10 - No control,01 - Non intersection,01 - Daylight,03 - P.D. only,03 - Rear end,Tanglewood
13956,WOODROFFE AVE btwn KNOXDALE RD/MEDHURST DR & NORICE ST,363202.3503,5022376.297,-75.75481332,45.3389032,2016-05-15,11:50,01 - Clear,01 - Dry,10 - No control,01 - Non intersection,01 - Daylight,03 - P.D. only,04 - Sideswipe,Tanglewood
13957,WOODROFFE AVE btwn KNOXDALE RD/MEDHURST DR & NORICE ST,363382.14,5021926.354,-75.75257275,45.33483965,2016-02-25,22:33,03 - Snow,06 - Ice,10 - No control,01 - Non intersection,07 - Dark,03 - P.D. only,03 - Rear end,Woodvale - Craig Henry - Manordale - Estates of Arlington Wo
13958,WOODROFFE AVE btwn KNOXDALE RD/MEDHURST DR & NORICE ST,363230.2948,5022306.809,-75.75446499,45.33827562,2016-09-22,9:43,01 - Clear,01 - Dry,10 - No control,01 - Non intersection,01 - Daylight,03 - P.D. only,03 - Rear end,Centrepointe
13959,WOODROFFE AVE btwn MAJESTIC DR & TO BE DETERMINED,363581.3386,5021451.012,-75.75008792,45.3305459,2016-02-27,7:57,01 - Clear,01 - Dry,10 - No control,01 - Non intersection,01 - Daylight,02 - Non-fatal injury,07 - SMV other,Woodvale - Craig Henry - Manordale - Estates of Arlington Wo
13960,WOODROFFE AVE btwn MAJESTIC DR & TO BE DETERMINED,363549.4278,5021521.218,-75.75048666,45.33118028,2016-10-06,7:42,01 - Clear,01 - Dry,10 - No control,04 - At/near private drive,01 - Daylight,03 - P.D. only,05 - Turning movement,Woodvale - Craig Henry - Manordale - Estates of Arlington Wo
13961,WOODROFFE AVE btwn MIRAMICHI ST & TECUMSEH ST,362350.8528,5024270.03,-75.76545676,45.35601325,2016-05-14,16:13,01 - Clear,01 - Dry,10 - No control,01 - Non intersection,01 - Daylight,03 - P.D. only,03 - Rear end,Iris
13962,WOODROFFE AVE btwn NAVAHO DR & Continuation of WOODROFFE AVE,362720.7315,5023471.725,-75.76082977,45.34879971,2016-09-12,7:45,01 - Clear,01 - Dry,10 - No control,01 - Non intersection,01 - Daylight,03 - P.D. only,04 - Sideswipe,Crestview - Meadowlands
13963,WOODROFFE AVE btwn NAVAHO DR & Continuation of WOODROFFE AVE,362793.6111,5023338.344,-75.75991541,45.34759354,2016-11-24,9:51,03 - Snow,03 - Loose snow,10 - No control,01 - Non intersection,01 - Daylight,03 - P.D. only,03 - Rear end,Crestview - Meadowlands
13964,WOODROFFE AVE btwn PARKGLEN DR & DAVID DR,362978.2747,5022913.429,-75.75760901,45.34375489,2016-10-06,7:00,01 - Clear,01 - Dry,10 - No control,01 - Non intersection,03 - Dawn,03 - P.D. only,04 - Sideswipe,Crestview - Meadowlands
13965,WOODROFFE AVE btwn PARKGLEN DR & DAVID DR,362925.3853,5023035.774,-75.75826948,45.34486013,2016-12-11,16:31,03 - Snow,03 - Loose snow,10 - No control,01 - Non intersection,05 - Dusk,03 - P.D. only,04 - Sideswipe,Crestview - Meadowlands
13966,WOODROFFE AVE btwn QUEENSBURY DR & DEERFOX DR,365876.2996,5015962.465,-75.72148857,45.28096448,2016-02-17,19:32,03 - Snow,06 - Ice,10 - No control,01 - Non intersection,07 - Dark,03 - P.D. only,07 - SMV other,Chapman Mills - Rideau Crest - Davidson Heights
13967,WOODROFFE AVE btwn QUEENSBURY DR & DEERFOX DR,365754.2248,5016260.521,-75.72300785,45.28365696,2016-07-30,2:10,01 - Clear,01 - Dry,10 - No control,01 - Non intersection,07 - Dark,03 - P.D. only,06 - SMV unattended vehicle,Chapman Mills - Rideau Crest - Davidson Heights
13968,WOODROFFE AVE btwn SAVILLE ROW & FLOWER AVE,361792.078,5026159.598,-75.77237009,45.37306108,2016-06-08,13:32,01 - Clear,01 - Dry,10 - No control,01 - Non intersection,01 - Daylight,03 - P.D. only,03 - Rear end,Carlingwood - McKellar Park - Laurentien View
13969,WOODROFFE AVE btwn SAVILLE ROW & FLOWER AVE,361788.8186,5026167.173,-75.77241083,45.3731295,2016-09-01,16:58,01 - Clear,01 - Dry,10 - No control,04 - At/near private drive,01 - Daylight,03 - P.D. only,02 - Angle,Carlingwood West - Glabar Park - McKellar Heights
13970,WOODROFFE AVE btwn SERENA WAY & PAUL METIVIER DR,366324.2195,5014859.033,-75.71591643,45.2709968,2016-08-08,13:49,01 - Clear,01 - Dry,10 - No control,01 - Non intersection,01 - Daylight,03 - P.D. only,04 - Sideswipe,New Barrhaven
13971,WOODROFFE AVE btwn SPORTSPLEX S/TRANSIT & VAAN DR,363845.3128,5020871.285,-75.74678966,45.3253074,2016-03-08,18:34,02 - Rain,02 - Wet,10 - No control,01 - Non intersection,07 - Dark,03 - P.D. only,03 - Rear end,Merivale Gardens - Grenfell Glen - Pineglen - Country Place
13972,WOODROFFE AVE btwn TECUMSEH ST & DOMALATCHY PL,362381.7606,5024200.404,-75.76507041,45.35538422,2016-03-21,8:38,01 - Clear,01 - Dry,10 - No control,01 - Non intersection,01 - Daylight,02 - Non-fatal injury,03 - Rear end,Iris
13973,WOODROFFE AVE btwn TECUMSEH ST & DOMALATCHY PL,362371.4948,5024222.321,-75.76519888,45.35558227,2016-06-18,10:35,01 - Clear,01 - Dry,10 - No control,01 - Non intersection,01 - Daylight,03 - P.D. only,04 - Sideswipe,Iris
13974,WOODROFFE AVE btwn TECUMSEH ST & DOMALATCHY PL,362393.757,5024165.183,-75.76492142,45.35506632,2016-12-14,14:38,01 - Clear,02 - Wet,10 - No control,01 - Non intersection,01 - Daylight,03 - P.D. only,03 - Rear end,Iris
13975,WOODROFFE AVE btwn TRANSIT & SPORTSPLEX S/TRANSIT,363798.1212,5020975.1,-75.74737923,45.32624549,2016-01-17,20:20,03 - Snow,03 - Loose snow,10 - No control,01 - Non intersection,07 - Dark,03 - P.D. only,99 - Other,Merivale Gardens - Grenfell Glen - Pineglen - Country Place
13976,WOODROFFE AVE btwn TURN LANE & GRENFELL CRES,364266.7939,5019908.926,-75.74152907,45.31661258,2016-07-15,19:32,01 - Clear,01 - Dry,10 - No control,01 - Non intersection,01 - Daylight,03 - P.D. only,99 - Other,Merivale Gardens - Grenfell Glen - Pineglen - Country Place
13977,WOODROFFE AVE btwn TURN LANE & KNOXDALE RD,363412.4118,5021844.932,-75.7521962,45.3341045,2016-02-25,21:10,02 - Rain,06 - Ice,10 - No control,01 - Non intersection,07 - Dark,03 - P.D. only,04 - Sideswipe,Woodvale - Craig Henry - Manordale - Estates of Arlington Wo
13978,WOODROFFE AVE btwn TURN LANE & KNOXDALE RD,363412.4861,5021845.782,-75.75219515,45.33411214,2016-04-20,16:47,01 - Clear,01 - Dry,10 - No control,04 - At/near private drive,01 - Daylight,03 - P.D. only,02 - Angle,Woodvale - Craig Henry - Manordale - Estates of Arlington Wo
13979,WOODROFFE AVE btwn TURN LANE & MAJESTIC DR,363495.3953,5021641.472,-75.75116167,45.33226684,2016-10-20,19:46,02 - Rain,02 - Wet,10 - No control,01 - Non intersection,07 - Dark,03 - P.D. only,03 - Rear end,Woodvale - Craig Henry - Manordale - Estates of Arlington Wo
13980,WOODROFFE AVE btwn TURN LANE & NORICE ST,363132.5594,5022544.187,-75.75568395,45.34041967,2016-03-28,14:20,02 - Rain,02 - Wet,10 - No control,01 - Non intersection,01 - Daylight,03 - P.D. only,03 - Rear end,Crestview - Meadowlands
13981,WOODROFFE AVE btwn TURN LANE & NORICE ST,363171.0292,5022454.93,-75.75520365,45.33961334,2016-09-30,10:10,01 - Clear,01 - Dry,10 - No control,01 - Non intersection,01 - Daylight,03 - P.D. only,03 - Rear end,Crestview - Meadowlands
13982,WOODROFFE AVE btwn TURN LANE & NORICE ST,363175.2523,5022441.837,-75.75515131,45.33949518,2016-12-14,12:29,01 - Clear,02 - Wet,10 - No control,04 - At/near private drive,01 - Daylight,03 - P.D. only,05 - Turning movement,Crestview - Meadowlands
13983,WOODROFFE AVE btwn TURN LANE & TALLWOOD DR,363053.8356,5022735.983,-75.75666578,45.34215197,2016-12-20,17:00,03 - Snow,03 - Loose snow,10 - No control,04 - At/near private drive,07 - Dark,03 - P.D. only,05 - Turning movement,Crestview - Meadowlands
13984,WOODROFFE AVE btwn VAAN DR & PINELAND AVE,363994.0342,5020529.164,-75.74493356,45.32221649,2016-02-24,9:20,03 - Snow,05 - Packed snow,10 - No control,01 - Non intersection,01 - Daylight,03 - P.D. only,07 - SMV other,Greenbelt
13985,WOODROFFE AVE btwn WHITEWATER ST & BREN-MAUR RD,366463.4022,5014518.877,-75.71418505,45.2679239,2016-01-21,8:45,"07 - Fog, mist, smoke, dust",03 - Loose snow,10 - No control,01 - Non intersection,01 - Daylight,03 - P.D. only,06 - SMV unattended vehicle,New Barrhaven
13986,WOODROFFE AVE btwn WOODROFFE AVE & NAVAHO DR,362614.1965,5023613.71,-75.76217263,45.35008607,2016-08-10,8:40,01 - Clear,01 - Dry,10 - No control,01 - Non intersection,01 - Daylight,02 - Non-fatal injury,03 - Rear end,Centrepointe
13987,WOODROFFE AVE NB btwn TO BE DETERMINED & WEST HUNT CLUB RD,363663.7012,5021287.301,-75.74905672,45.32906594,2016-06-13,9:09,01 - Clear,01 - Dry,10 - No control,01 - Non intersection,01 - Daylight,02 - Non-fatal injury,04 - Sideswipe,Tanglewood
13988,WOODROFFE AVE NB btwn WEST HUNT CLUB RD & SPORTSPLEX N,363692.2819,5021223.307,-75.74869975,45.32848773,2016-07-06,15:50,01 - Clear,01 - Dry,10 - No control,01 - Non intersection,01 - Daylight,03 - P.D. only,03 - Rear end,Merivale Gardens - Grenfell Glen - Pineglen - Country Place
13989,WOODROFFE AVE SB btwn TO BE DETERMINED & WEST HUNT CLUB RD,363627.79,5021340.813,-75.74950845,45.32955045,2016-03-09,16:36,01 - Clear,02 - Wet,10 - No control,01 - Non intersection,01 - Daylight,03 - P.D. only,04 - Sideswipe,Woodvale - Craig Henry - Manordale - Estates of Arlington Wo
13990,WOODROFFE AVE/HWY 417 WOODROFF IC127R25 @ HWY ,362180.1342,5024694.013,-75.76758631,45.35984221,2016-02-11,18:02,01 - Clear,01 - Dry,01 - Traffic signal,02 - Intersection related,05 - Dusk,03 - P.D. only,03 - Rear end,Iris
13991,WOODROFFE AVE/HWY 417 WOODROFF IC127R25 @ HWY ,362179.7861,5024694.825,-75.76759066,45.35984954,2016-02-26,15:55,01 - Clear,01 - Dry,01 - Traffic signal,02 - Intersection related,01 - Daylight,03 - P.D. only,03 - Rear end,Iris
13992,WOODROFFE AVE/HWY 417 WOODROFF IC127R25 @ HWY ,362180.9341,5024694.044,-75.7675761,45.35984242,2016-09-24,12:55,01 - Clear,01 - Dry,01 - Traffic signal,02 - Intersection related,01 - Daylight,03 - P.D. only,03 - Rear end,Iris
13993,WOODROFFE AVE/HWY 417 WOODROFF IC127R25 @ HWY ,362180.7322,5024695.365,-75.76757852,45.35985432,2016-10-12,22:49,01 - Clear,01 - Dry,01 - Traffic signal,02 - Intersection related,07 - Dark,03 - P.D. only,03 - Rear end,Iris
13994,WOODROFFE AVE/HWY 417 WOODROFF IC127R25 @ HWY ,362177.7042,5024694.742,-75.76761724,45.35984897,2016-10-14,11:59,01 - Clear,01 - Dry,01 - Traffic signal,02 - Intersection related,01 - Daylight,03 - P.D. only,03 - Rear end,Iris
13995,WOODSIDE DR btwn TARA DR & NAVAHO DR,363522.991,5025089.47,-75.75040023,45.36328929,2016-03-13,14:50,01 - Clear,01 - Dry,10 - No control,04 - At/near private drive,01 - Daylight,03 - P.D. only,07 - SMV other,Braemar Park - Bel Air Heights - Copeland Park
13996,WOODTHRUSH GR @ UPLANDS DR,368820.0375,5023384.841,-75.68301074,45.34748772,2016-06-09,3:03,01 - Clear,01 - Dry,03 - Yield sign,02 - Intersection related,07 - Dark,03 - P.D. only,03 - Rear end,Hunt Club Woods - Quintarra - Revelstoke - Riverside South P
13997,WOODWARD DR btwn COURTWOOD CRES & CLYDE AVE,363617.2903,5026203.832,-75.74906394,45.37330827,2016-12-31,20:28,05 - Drifting Snow,05 - Packed snow,10 - No control,01 - Non intersection,07 - Dark,02 - Non-fatal injury,01 - Approaching,Carlington
13998,WOODWARD DR btwn COURTWOOD CRES & CLYDE AVE,363706.4356,5026347.938,-75.7479087,45.37459743,2016-10-12,14:49,01 - Clear,01 - Dry,10 - No control,01 - Non intersection,01 - Daylight,03 - P.D. only,07 - SMV other,Carlington
13999,WOODWARD DR btwn COURTWOOD CRES & CLYDE AVE,363691.9311,5026330.813,-75.74809592,45.37444456,2016-12-20,11:14,01 - Clear,02 - Wet,10 - No control,01 - Non intersection,01 - Daylight,03 - P.D. only,99 - Other,Carlington
14000,WOODWARD DR btwn COURTWOOD CRES & COURTWOOD CRES,363424.2877,5026001.611,-75.75155184,45.37150488,2016-02-04,23:23,01 - Clear,06 - Ice,10 - No control,01 - Non intersection,07 - Dark,03 - P.D. only,07 - SMV other,Carlington
14001,WOODWARD DR btwn COURTWOOD CRES & COURTWOOD CRES,363436.7219,5026018.324,-75.75139112,45.37165423,2016-01-12,8:45,01 - Clear,06 - Ice,10 - No control,04 - At/near private drive,01 - Daylight,03 - P.D. only,03 - Rear end,Carlington
14002,WOODWIND CRES btwn POOLE CREEK CRES & DOWDALL CRES,351203.1872,5015254.257,-75.90857459,45.2757135,2016-04-23,2:10,01 - Clear,01 - Dry,10 - No control,01 - Non intersection,07 - Dark,03 - P.D. only,06 - SMV unattended vehicle,Stittsville
14003,WYNDALE CRES btwn FEATHERSTON DR & HADDINGTON CRES (1),371533.9778,5027338.769,-75.64784666,45.38281082,2016-02-22,15:59,01 - Clear,01 - Dry,10 - No control,01 - Non intersection,01 - Daylight,02 - Non-fatal injury,07 - SMV other,Playfair Park - Lynda Park - Guildwood Estates
14004,YELLOWTHROAT CRES btwn SWALLOWTAIL CRES & SWALLOWTAIL CRES,385726.4611,5036508.812,-75.46513773,45.46381879,2016-08-10,16:58,01 - Clear,01 - Dry,10 - No control,01 - Non intersection,01 - Daylight,03 - P.D. only,06 - SMV unattended vehicle,Notting Hill
14005,YELLOWTHROAT CRES btwn SWALLOWTAIL CRES & SWALLOWTAIL CRES,385883.2023,5036587.565,-75.46312071,45.46450916,2016-08-26,0:00,01 - Clear,01 - Dry,10 - No control,01 - Non intersection,00 - Unknown,03 - P.D. only,06 - SMV unattended vehicle,Notting Hill
14006,YOHO DR btwn KOKANEE GT & SAUBLE DR,355038.6448,5017506.034,-75.85946525,45.29571188,2016-07-27,0:00,01 - Clear,01 - Dry,10 - No control,01 - Non intersection,00 - Unknown,03 - P.D. only,06 - SMV unattended vehicle,Bridlewood - Emerald Meadows
14007,YORK ST btwn WILLIAM ST & DALHOUSIE ST,368011.6025,5032368.457,-75.69217588,45.42839309,2016-01-09,19:10,02 - Rain,02 - Wet,10 - No control,01 - Non intersection,07 - Dark,03 - P.D. only,02 - Angle,Byward Market
14008,YORK ST btwn WILLIAM ST & DALHOUSIE ST,368072.287,5032405.079,-75.69139572,45.42871711,2016-01-16,1:38,01 - Clear,02 - Wet,10 - No control,01 - Non intersection,07 - Dark,03 - P.D. only,06 - SMV unattended vehicle,Byward Market
14009,YORK ST btwn WILLIAM ST & DALHOUSIE ST,368080.3152,5032410.589,-75.69129243,45.42876596,2016-07-01,1:41,01 - Clear,01 - Dry,10 - No control,01 - Non intersection,07 - Dark,03 - P.D. only,04 - Sideswipe,Byward Market
14010,YORK ST btwn WILLIAM ST & WILLIAM ST,367984.8383,5032351.808,-75.69252002,45.42824571,2016-08-10,22:23,01 - Clear,01 - Dry,10 - No control,01 - Non intersection,07 - Dark,03 - P.D. only,06 - SMV unattended vehicle,Byward Market
14011,YORK ST EB btwn BY WARD MARKET SQ & SUSSEX DR,367937.9694,5032322.046,-75.69312274,45.42798215,2016-07-27,20:30,01 - Clear,01 - Dry,10 - No control,01 - Non intersection,05 - Dusk,03 - P.D. only,06 - SMV unattended vehicle,Byward Market
14012,YORK ST EB btwn BY WARD MARKET SQ & SUSSEX DR,367927.6454,5032313.472,-75.69325576,45.42790594,2016-10-04,10:32,01 - Clear,01 - Dry,10 - No control,01 - Non intersection,01 - Daylight,03 - P.D. only,06 - SMV unattended vehicle,Byward Market
14013,YORK ST EB btwn BY WARD MARKET SQ & SUSSEX DR,367822.5346,5032247.311,-75.69460737,45.42732012,2016-05-02,10:00,01 - Clear,01 - Dry,10 - No control,01 - Non intersection,01 - Daylight,03 - P.D. only,05 - Turning movement,Byward Market
14014,YORK ST EB btwn BY WARD MARKET SQ & SUSSEX DR,367877.7385,5032284.172,-75.69389724,45.42764681,2016-03-03,9:17,01 - Clear,01 - Dry,10 - No control,01 - Non intersection,01 - Daylight,03 - P.D. only,99 - Other,Byward Market
14015,YORK ST EB btwn BY WARD MARKET SQ & SUSSEX DR,367873.2543,5032279.088,-75.69395519,45.42760147,2016-05-29,22:00,01 - Clear,01 - Dry,10 - No control,01 - Non intersection,07 - Dark,03 - P.D. only,04 - Sideswipe,Byward Market
14016,YORK ST EB btwn BY WARD MARKET SQ & SUSSEX DR,367813.4543,5032240.817,-75.69472423,45.42726251,2016-12-14,9:08,01 - Clear,02 - Wet,10 - No control,01 - Non intersection,01 - Daylight,03 - P.D. only,06 - SMV unattended vehicle,Byward Market
14017,YORK ST EB btwn TO BE DETERMINED & CUMBERLAND ST,368252.0439,5032514.496,-75.68908461,45.42968532,2016-02-27,2:03,01 - Clear,01 - Dry,10 - No control,01 - Non intersection,07 - Dark,03 - P.D. only,02 - Angle,Byward Market
14018,YORK ST WB btwn BYWARD MARKE SQ & SUSSEX DR,367887.669,5032316.919,-75.69376615,45.42794056,2016-07-29,3:16,01 - Clear,01 - Dry,10 - No control,01 - Non intersection,07 - Dark,03 - P.D. only,06 - SMV unattended vehicle,Byward Market
14019,YORK ST WB btwn BYWARD MARKE SQ & SUSSEX DR,367870.3061,5032306.441,-75.69398936,45.42784785,2016-11-14,2:39,01 - Clear,01 - Dry,10 - No control,01 - Non intersection,07 - Dark,03 - P.D. only,02 - Angle,Byward Market
14020,YORK ST WB btwn BYWARD MARKE SQ & SUSSEX DR,367889.9697,5032318.813,-75.69373651,45.42795739,2016-12-01,0:00,02 - Rain,02 - Wet,10 - No control,01 - Non intersection,00 - Unknown,03 - P.D. only,06 - SMV unattended vehicle,Byward Market
14021,YORK ST WB btwn CUMBERLAND ST & KING EDWARD AVE,368344.1339,5032594.474,-75.6878975,45.43039658,2016-12-31,0:00,03 - Snow,05 - Packed snow,10 - No control,01 - Non intersection,00 - Unknown,03 - P.D. only,06 - SMV unattended vehicle,Byward Market
14022,YOUVILLE DR btwn ST. JOSEPH BLVD & JEANNE D'ARC BLVD S,379654.7543,5036680.865,-75.54274327,45.4660438,2016-11-29,17:18,01 - Clear,01 - Dry,10 - No control,04 - At/near private drive,05 - Dusk,02 - Non-fatal injury,05 - Turning movement,Greenbelt
14023,ZEPHYR AVE btwn DON ST & MARIE ST,359953.0628,5025047.845,-75.79597149,45.36320472,2016-06-19,2:30,01 - Clear,01 - Dry,10 - No control,01 - Non intersection,07 - Dark,03 - P.D. only,06 - SMV unattended vehicle,Woodroffe - Lincoln Heights